{
                    "app": "Crmeb",
                    "timestamp":"2025-11-05 09:22:29.141",
                    "level": "ERROR",
                    "thread": "task-executor-2",
                    "class": "c.z.s.service.impl.OrderTaskServiceImpl",
                    "message": "OrderTaskServiceImpl.autoCancel | 订单不存在，orderNo: PT629175896604985826248" }
                    
{
                    "app": "Crmeb",
                    "timestamp":"2025-11-05 09:22:29.442",
                    "level": "ERROR",
                    "thread": "task-executor-8",
                    "class": "c.z.s.service.impl.LogisticsServiceImpl",
                    "message": "Error description:Invalid AppKey" }
                    
{
                    "app": "Crmeb",
                    "timestamp":"2025-11-05 09:22:29.443",
                    "level": "ERROR",
                    "thread": "task-executor-8",
                    "class": "c.z.s.service.impl.LogisticsServiceImpl",
                    "message": "全球快递查询 参数名错误 或 其他错误" }
                    
{
                    "app": "Crmeb",
                    "timestamp":"2025-11-05 09:22:29.444",
                    "level": "ERROR",
                    "thread": "task-executor-8",
                    "class": "c.z.s.service.impl.LogisticsServiceImpl",
                    "message": "Invalid AppKey" }
                    
{
                    "app": "Crmeb",
                    "timestamp":"2025-11-05 09:22:29.546",
                    "level": "ERROR",
                    "thread": "task-executor-8",
                    "class": "c.z.s.service.impl.LogisticsServiceImpl",
                    "message": "Error description:Invalid AppKey" }
                    
{
                    "app": "Crmeb",
                    "timestamp":"2025-11-05 09:22:29.546",
                    "level": "ERROR",
                    "thread": "task-executor-8",
                    "class": "c.z.s.service.impl.LogisticsServiceImpl",
                    "message": "全球快递查询 参数名错误 或 其他错误" }
                    
{
                    "app": "Crmeb",
                    "timestamp":"2025-11-05 09:22:29.547",
                    "level": "ERROR",
                    "thread": "task-executor-8",
                    "class": "c.z.s.service.impl.LogisticsServiceImpl",
                    "message": "Invalid AppKey" }
                    
{
                    "app": "Crmeb",
                    "timestamp":"2025-11-05 09:22:29.641",
                    "level": "ERROR",
                    "thread": "task-executor-8",
                    "class": "c.z.s.service.impl.LogisticsServiceImpl",
                    "message": "Error description:Invalid AppKey" }
                    
{
                    "app": "Crmeb",
                    "timestamp":"2025-11-05 09:22:29.641",
                    "level": "ERROR",
                    "thread": "task-executor-8",
                    "class": "c.z.s.service.impl.LogisticsServiceImpl",
                    "message": "全球快递查询 参数名错误 或 其他错误" }
                    
{
                    "app": "Crmeb",
                    "timestamp":"2025-11-05 09:22:29.642",
                    "level": "ERROR",
                    "thread": "task-executor-8",
                    "class": "c.z.s.service.impl.LogisticsServiceImpl",
                    "message": "Invalid AppKey" }
                    
{
                    "app": "Crmeb",
                    "timestamp":"2025-11-05 09:22:29.726",
                    "level": "ERROR",
                    "thread": "task-executor-8",
                    "class": "c.z.s.service.impl.LogisticsServiceImpl",
                    "message": "Error description:Invalid AppKey" }
                    
{
                    "app": "Crmeb",
                    "timestamp":"2025-11-05 09:22:29.726",
                    "level": "ERROR",
                    "thread": "task-executor-8",
                    "class": "c.z.s.service.impl.LogisticsServiceImpl",
                    "message": "全球快递查询 参数名错误 或 其他错误" }
                    
{
                    "app": "Crmeb",
                    "timestamp":"2025-11-05 09:22:29.726",
                    "level": "ERROR",
                    "thread": "task-executor-8",
                    "class": "c.z.s.service.impl.LogisticsServiceImpl",
                    "message": "Invalid AppKey" }
                    
{
                    "app": "Crmeb",
                    "timestamp":"2025-11-05 09:22:29.802",
                    "level": "ERROR",
                    "thread": "task-executor-8",
                    "class": "c.z.s.service.impl.LogisticsServiceImpl",
                    "message": "Error description:Invalid AppKey" }
                    
{
                    "app": "Crmeb",
                    "timestamp":"2025-11-05 09:22:29.802",
                    "level": "ERROR",
                    "thread": "task-executor-8",
                    "class": "c.z.s.service.impl.LogisticsServiceImpl",
                    "message": "全球快递查询 参数名错误 或 其他错误" }
                    
{
                    "app": "Crmeb",
                    "timestamp":"2025-11-05 09:22:29.802",
                    "level": "ERROR",
                    "thread": "task-executor-8",
                    "class": "c.z.s.service.impl.LogisticsServiceImpl",
                    "message": "Invalid AppKey" }
                    
{
                    "app": "Crmeb",
                    "timestamp":"2025-11-05 09:22:29.902",
                    "level": "ERROR",
                    "thread": "task-executor-8",
                    "class": "c.z.s.service.impl.LogisticsServiceImpl",
                    "message": "Error description:Invalid AppKey" }
                    
{
                    "app": "Crmeb",
                    "timestamp":"2025-11-05 09:22:29.902",
                    "level": "ERROR",
                    "thread": "task-executor-8",
                    "class": "c.z.s.service.impl.LogisticsServiceImpl",
                    "message": "全球快递查询 参数名错误 或 其他错误" }
                    
{
                    "app": "Crmeb",
                    "timestamp":"2025-11-05 09:22:29.903",
                    "level": "ERROR",
                    "thread": "task-executor-8",
                    "class": "c.z.s.service.impl.LogisticsServiceImpl",
                    "message": "Invalid AppKey" }
                    
{
                    "app": "Crmeb",
                    "timestamp":"2025-11-05 09:22:29.986",
                    "level": "ERROR",
                    "thread": "task-executor-8",
                    "class": "c.z.s.service.impl.LogisticsServiceImpl",
                    "message": "Error description:Invalid AppKey" }
                    
{
                    "app": "Crmeb",
                    "timestamp":"2025-11-05 09:22:29.986",
                    "level": "ERROR",
                    "thread": "task-executor-8",
                    "class": "c.z.s.service.impl.LogisticsServiceImpl",
                    "message": "全球快递查询 参数名错误 或 其他错误" }
                    
{
                    "app": "Crmeb",
                    "timestamp":"2025-11-05 09:22:29.987",
                    "level": "ERROR",
                    "thread": "task-executor-8",
                    "class": "c.z.s.service.impl.LogisticsServiceImpl",
                    "message": "Invalid AppKey" }
                    
{
                    "app": "Crmeb",
                    "timestamp":"2025-11-05 09:23:00.035",
                    "level": "ERROR",
                    "thread": "task-executor-11",
                    "class": "c.z.s.service.impl.OrderTaskServiceImpl",
                    "message": "OrderTaskServiceImpl.autoCancel | 订单不存在，orderNo: PT629175896604985826248" }
                    
{
                    "app": "Crmeb",
                    "timestamp":"2025-11-05 09:24:00.024",
                    "level": "ERROR",
                    "thread": "task-executor-16",
                    "class": "c.z.s.service.impl.OrderTaskServiceImpl",
                    "message": "OrderTaskServiceImpl.autoCancel | 订单不存在，orderNo: PT629175896604985826248" }
                    
{
                    "app": "Crmeb",
                    "timestamp":"2025-11-05 09:25:00.025",
                    "level": "ERROR",
                    "thread": "task-executor-3",
                    "class": "c.z.s.service.impl.OrderTaskServiceImpl",
                    "message": "OrderTaskServiceImpl.autoCancel | 订单不存在，orderNo: PT629175896604985826248" }
                    
{
                    "app": "Crmeb",
                    "timestamp":"2025-11-05 09:26:00.024",
                    "level": "ERROR",
                    "thread": "task-executor-7",
                    "class": "c.z.s.service.impl.OrderTaskServiceImpl",
                    "message": "OrderTaskServiceImpl.autoCancel | 订单不存在，orderNo: PT629175896604985826248" }
                    
{
                    "app": "Crmeb",
                    "timestamp":"2025-11-05 09:27:00.021",
                    "level": "ERROR",
                    "thread": "task-executor-11",
                    "class": "c.z.s.service.impl.OrderTaskServiceImpl",
                    "message": "OrderTaskServiceImpl.autoCancel | 订单不存在，orderNo: PT629175896604985826248" }
                    
{
                    "app": "Crmeb",
                    "timestamp":"2025-11-05 09:28:00.029",
                    "level": "ERROR",
                    "thread": "task-executor-16",
                    "class": "c.z.s.service.impl.OrderTaskServiceImpl",
                    "message": "OrderTaskServiceImpl.autoCancel | 订单不存在，orderNo: PT629175896604985826248" }
                    
{
                    "app": "Crmeb",
                    "timestamp":"2025-11-05 09:29:00.019",
                    "level": "ERROR",
                    "thread": "task-executor-3",
                    "class": "c.z.s.service.impl.OrderTaskServiceImpl",
                    "message": "OrderTaskServiceImpl.autoCancel | 订单不存在，orderNo: PT629175896604985826248" }
                    
{
                    "app": "Crmeb",
                    "timestamp":"2025-11-05 09:30:00.017",
                    "level": "ERROR",
                    "thread": "task-executor-7",
                    "class": "c.z.s.service.impl.OrderTaskServiceImpl",
                    "message": "OrderTaskServiceImpl.autoCancel | 订单不存在，orderNo: PT629175896604985826248" }
                    
{
                    "app": "Crmeb",
                    "timestamp":"2025-11-05 09:31:00.021",
                    "level": "ERROR",
                    "thread": "task-executor-11",
                    "class": "c.z.s.service.impl.OrderTaskServiceImpl",
                    "message": "OrderTaskServiceImpl.autoCancel | 订单不存在，orderNo: PT629175896604985826248" }
                    
{
                    "app": "Crmeb",
                    "timestamp":"2025-11-05 09:32:00.024",
                    "level": "ERROR",
                    "thread": "task-executor-16",
                    "class": "c.z.s.service.impl.OrderTaskServiceImpl",
                    "message": "OrderTaskServiceImpl.autoCancel | 订单不存在，orderNo: PT629175896604985826248" }
                    
{
                    "app": "Crmeb",
                    "timestamp":"2025-11-05 09:33:00.023",
                    "level": "ERROR",
                    "thread": "task-executor-20",
                    "class": "c.z.s.service.impl.OrderTaskServiceImpl",
                    "message": "OrderTaskServiceImpl.autoCancel | 订单不存在，orderNo: PT629175896604985826248" }
                    
{
                    "app": "Crmeb",
                    "timestamp":"2025-11-05 09:34:00.022",
                    "level": "ERROR",
                    "thread": "task-executor-7",
                    "class": "c.z.s.service.impl.OrderTaskServiceImpl",
                    "message": "OrderTaskServiceImpl.autoCancel | 订单不存在，orderNo: PT629175896604985826248" }
                    
{
                    "app": "Crmeb",
                    "timestamp":"2025-11-05 09:35:00.021",
                    "level": "ERROR",
                    "thread": "task-executor-11",
                    "class": "c.z.s.service.impl.OrderTaskServiceImpl",
                    "message": "OrderTaskServiceImpl.autoCancel | 订单不存在，orderNo: PT629175896604985826248" }
                    
{
                    "app": "Crmeb",
                    "timestamp":"2025-11-05 09:36:00.021",
                    "level": "ERROR",
                    "thread": "task-executor-16",
                    "class": "c.z.s.service.impl.OrderTaskServiceImpl",
                    "message": "OrderTaskServiceImpl.autoCancel | 订单不存在，orderNo: PT629175896604985826248" }
                    
{
                    "app": "Crmeb",
                    "timestamp":"2025-11-05 09:37:00.039",
                    "level": "ERROR",
                    "thread": "task-executor-20",
                    "class": "c.z.s.service.impl.OrderTaskServiceImpl",
                    "message": "OrderTaskServiceImpl.autoCancel | 订单不存在，orderNo: PT629175896604985826248" }
                    
{
                    "app": "Crmeb",
                    "timestamp":"2025-11-05 09:38:00.025",
                    "level": "ERROR",
                    "thread": "task-executor-7",
                    "class": "c.z.s.service.impl.OrderTaskServiceImpl",
                    "message": "OrderTaskServiceImpl.autoCancel | 订单不存在，orderNo: PT629175896604985826248" }
                    
{
                    "app": "Crmeb",
                    "timestamp":"2025-11-05 09:40:01.170",
                    "level": "ERROR",
                    "thread": "task-executor-2",
                    "class": "c.z.s.service.impl.OrderTaskServiceImpl",
                    "message": "OrderTaskServiceImpl.autoCancel | 订单不存在，orderNo: PT629175896604985826248" }
                    
{
                    "app": "Crmeb",
                    "timestamp":"2025-11-05 09:41:00.027",
                    "level": "ERROR",
                    "thread": "task-executor-7",
                    "class": "c.z.s.service.impl.OrderTaskServiceImpl",
                    "message": "OrderTaskServiceImpl.autoCancel | 订单不存在，orderNo: PT629175896604985826248" }
                    
{
                    "app": "Crmeb",
                    "timestamp":"2025-11-05 09:42:00.037",
                    "level": "ERROR",
                    "thread": "task-executor-12",
                    "class": "c.z.s.service.impl.OrderTaskServiceImpl",
                    "message": "OrderTaskServiceImpl.autoCancel | 订单不存在，orderNo: PT629175896604985826248" }
                    
{
                    "app": "Crmeb",
                    "timestamp":"2025-11-05 09:43:00.030",
                    "level": "ERROR",
                    "thread": "task-executor-17",
                    "class": "c.z.s.service.impl.OrderTaskServiceImpl",
                    "message": "OrderTaskServiceImpl.autoCancel | 订单不存在，orderNo: PT629175896604985826248" }
                    
{
                    "app": "Crmeb",
                    "timestamp":"2025-11-05 09:44:00.017",
                    "level": "ERROR",
                    "thread": "task-executor-4",
                    "class": "c.z.s.service.impl.OrderTaskServiceImpl",
                    "message": "OrderTaskServiceImpl.autoCancel | 订单不存在，orderNo: PT629175896604985826248" }
                    
{
                    "app": "Crmeb",
                    "timestamp":"2025-11-05 09:45:00.033",
                    "level": "ERROR",
                    "thread": "task-executor-8",
                    "class": "c.z.s.service.impl.OrderTaskServiceImpl",
                    "message": "OrderTaskServiceImpl.autoCancel | 订单不存在，orderNo: PT629175896604985826248" }
                    
{
                    "app": "Crmeb",
                    "timestamp":"2025-11-05 09:46:00.040",
                    "level": "ERROR",
                    "thread": "task-executor-13",
                    "class": "c.z.s.service.impl.OrderTaskServiceImpl",
                    "message": "OrderTaskServiceImpl.autoCancel | 订单不存在，orderNo: PT629175896604985826248" }
                    
{
                    "app": "Crmeb",
                    "timestamp":"2025-11-05 09:47:00.040",
                    "level": "ERROR",
                    "thread": "task-executor-18",
                    "class": "c.z.s.service.impl.OrderTaskServiceImpl",
                    "message": "OrderTaskServiceImpl.autoCancel | 订单不存在，orderNo: PT629175896604985826248" }
                    
{
                    "app": "Crmeb",
                    "timestamp":"2025-11-05 09:48:00.021",
                    "level": "ERROR",
                    "thread": "task-executor-3",
                    "class": "c.z.s.service.impl.OrderTaskServiceImpl",
                    "message": "OrderTaskServiceImpl.autoCancel | 订单不存在，orderNo: PT629175896604985826248" }
                    
{
                    "app": "Crmeb",
                    "timestamp":"2025-11-05 09:49:00.016",
                    "level": "ERROR",
                    "thread": "task-executor-7",
                    "class": "c.z.s.service.impl.OrderTaskServiceImpl",
                    "message": "OrderTaskServiceImpl.autoCancel | 订单不存在，orderNo: PT629175896604985826248" }
                    
{
                    "app": "Crmeb",
                    "timestamp":"2025-11-05 09:50:00.028",
                    "level": "ERROR",
                    "thread": "task-executor-14",
                    "class": "c.z.s.service.impl.OrderTaskServiceImpl",
                    "message": "OrderTaskServiceImpl.autoCancel | 订单不存在，orderNo: PT629175896604985826248" }
                    
{
                    "app": "Crmeb",
                    "timestamp":"2025-11-05 09:51:00.022",
                    "level": "ERROR",
                    "thread": "task-executor-17",
                    "class": "c.z.s.service.impl.OrderTaskServiceImpl",
                    "message": "OrderTaskServiceImpl.autoCancel | 订单不存在，orderNo: PT629175896604985826248" }
                    
{
                    "app": "Crmeb",
                    "timestamp":"2025-11-05 09:52:00.027",
                    "level": "ERROR",
                    "thread": "task-executor-3",
                    "class": "c.z.s.service.impl.OrderTaskServiceImpl",
                    "message": "OrderTaskServiceImpl.autoCancel | 订单不存在，orderNo: PT629175896604985826248" }
                    
{
                    "app": "Crmeb",
                    "timestamp":"2025-11-05 09:53:00.025",
                    "level": "ERROR",
                    "thread": "task-executor-7",
                    "class": "c.z.s.service.impl.OrderTaskServiceImpl",
                    "message": "OrderTaskServiceImpl.autoCancel | 订单不存在，orderNo: PT629175896604985826248" }
                    
{
                    "app": "Crmeb",
                    "timestamp":"2025-11-05 09:54:00.023",
                    "level": "ERROR",
                    "thread": "task-executor-14",
                    "class": "c.z.s.service.impl.OrderTaskServiceImpl",
                    "message": "OrderTaskServiceImpl.autoCancel | 订单不存在，orderNo: PT629175896604985826248" }
                    
{
                    "app": "Crmeb",
                    "timestamp":"2025-11-05 09:55:00.020",
                    "level": "ERROR",
                    "thread": "task-executor-17",
                    "class": "c.z.s.service.impl.OrderTaskServiceImpl",
                    "message": "OrderTaskServiceImpl.autoCancel | 订单不存在，orderNo: PT629175896604985826248" }
                    
{
                    "app": "Crmeb",
                    "timestamp":"2025-11-05 09:56:00.024",
                    "level": "ERROR",
                    "thread": "task-executor-3",
                    "class": "c.z.s.service.impl.OrderTaskServiceImpl",
                    "message": "OrderTaskServiceImpl.autoCancel | 订单不存在，orderNo: PT629175896604985826248" }
                    
{
                    "app": "Crmeb",
                    "timestamp":"2025-11-05 09:57:00.025",
                    "level": "ERROR",
                    "thread": "task-executor-7",
                    "class": "c.z.s.service.impl.OrderTaskServiceImpl",
                    "message": "OrderTaskServiceImpl.autoCancel | 订单不存在，orderNo: PT629175896604985826248" }
                    
{
                    "app": "Crmeb",
                    "timestamp":"2025-11-05 09:58:00.016",
                    "level": "ERROR",
                    "thread": "task-executor-14",
                    "class": "c.z.s.service.impl.OrderTaskServiceImpl",
                    "message": "OrderTaskServiceImpl.autoCancel | 订单不存在，orderNo: PT629175896604985826248" }
                    
{
                    "app": "Crmeb",
                    "timestamp":"2025-11-05 09:59:00.021",
                    "level": "ERROR",
                    "thread": "task-executor-17",
                    "class": "c.z.s.service.impl.OrderTaskServiceImpl",
                    "message": "OrderTaskServiceImpl.autoCancel | 订单不存在，orderNo: PT629175896604985826248" }
                    
{
                    "app": "Crmeb",
                    "timestamp":"2025-11-05 10:03:41.949",
                    "level": "ERROR",
                    "thread": "task-executor-2",
                    "class": "c.z.s.service.impl.OrderTaskServiceImpl",
                    "message": "OrderTaskServiceImpl.autoCancel | 订单不存在，orderNo: PT629175896604985826248" }
                    
{
                    "app": "Crmeb",
                    "timestamp":"2025-11-05 10:04:00.025",
                    "level": "ERROR",
                    "thread": "task-executor-7",
                    "class": "c.z.s.service.impl.OrderTaskServiceImpl",
                    "message": "OrderTaskServiceImpl.autoCancel | 订单不存在，orderNo: PT629175896604985826248" }
                    
{
                    "app": "Crmeb",
                    "timestamp":"2025-11-05 10:05:00.029",
                    "level": "ERROR",
                    "thread": "task-executor-12",
                    "class": "c.z.s.service.impl.OrderTaskServiceImpl",
                    "message": "OrderTaskServiceImpl.autoCancel | 订单不存在，orderNo: PT629175896604985826248" }
                    
{
                    "app": "Crmeb",
                    "timestamp":"2025-11-05 10:06:00.025",
                    "level": "ERROR",
                    "thread": "task-executor-17",
                    "class": "c.z.s.service.impl.OrderTaskServiceImpl",
                    "message": "OrderTaskServiceImpl.autoCancel | 订单不存在，orderNo: PT629175896604985826248" }
                    
{
                    "app": "Crmeb",
                    "timestamp":"2025-11-05 10:07:00.031",
                    "level": "ERROR",
                    "thread": "task-executor-1",
                    "class": "c.z.s.service.impl.OrderTaskServiceImpl",
                    "message": "OrderTaskServiceImpl.autoCancel | 订单不存在，orderNo: PT629175896604985826248" }
                    
{
                    "app": "Crmeb",
                    "timestamp":"2025-11-05 10:08:00.013",
                    "level": "ERROR",
                    "thread": "task-executor-8",
                    "class": "c.z.s.service.impl.OrderTaskServiceImpl",
                    "message": "OrderTaskServiceImpl.autoCancel | 订单不存在，orderNo: PT629175896604985826248" }
                    
{
                    "app": "Crmeb",
                    "timestamp":"2025-11-05 10:09:00.023",
                    "level": "ERROR",
                    "thread": "task-executor-13",
                    "class": "c.z.s.service.impl.OrderTaskServiceImpl",
                    "message": "OrderTaskServiceImpl.autoCancel | 订单不存在，orderNo: PT629175896604985826248" }
                    
{
                    "app": "Crmeb",
                    "timestamp":"2025-11-05 10:10:00.016",
                    "level": "ERROR",
                    "thread": "task-executor-18",
                    "class": "c.z.s.service.impl.OrderTaskServiceImpl",
                    "message": "OrderTaskServiceImpl.autoCancel | 订单不存在，orderNo: PT629175896604985826248" }
                    
{
                    "app": "Crmeb",
                    "timestamp":"2025-11-05 10:11:00.028",
                    "level": "ERROR",
                    "thread": "task-executor-4",
                    "class": "c.z.s.service.impl.OrderTaskServiceImpl",
                    "message": "OrderTaskServiceImpl.autoCancel | 订单不存在，orderNo: PT629175896604985826248" }
                    
{
                    "app": "Crmeb",
                    "timestamp":"2025-11-05 10:12:10.022",
                    "level": "ERROR",
                    "thread": "task-executor-8",
                    "class": "c.z.admin.task.order.OrderAutoCancelTask",
                    "message": "OrderAutoCancelTask.task | msg : java.net.SocketTimeoutException: Read timed out; nested exception is redis.clients.jedis.exceptions.JedisConnectionException: java.net.SocketTimeoutException: Read timed out" }
                    
{
                    "app": "Crmeb",
                    "timestamp":"2025-11-05 10:12:10.029",
                    "level": "ERROR",
                    "thread": "task-executor-9",
                    "class": "c.zbkj.admin.task.order.OrderCancelTask",
                    "message": "OrderCancelTask.task | msg : java.net.SocketTimeoutException: Read timed out; nested exception is redis.clients.jedis.exceptions.JedisConnectionException: java.net.SocketTimeoutException: Read timed out" }
                    
{
                    "app": "Crmeb",
                    "timestamp":"2025-11-05 10:12:10.037",
                    "level": "ERROR",
                    "thread": "task-executor-10",
                    "class": "c.z.admin.task.order.OrderPaySuccessTask",
                    "message": "OrderPaySuccessTask.task | msg : java.net.SocketTimeoutException: Read timed out; nested exception is redis.clients.jedis.exceptions.JedisConnectionException: java.net.SocketTimeoutException: Read timed out" }
                    
{
                    "app": "Crmeb",
                    "timestamp":"2025-11-05 10:12:10.041",
                    "level": "ERROR",
                    "thread": "task-executor-11",
                    "class": "c.zbkj.admin.task.order.OrderRefundTask",
                    "message": "OrderRefundTask.task | msg : java.net.SocketTimeoutException: Read timed out; nested exception is redis.clients.jedis.exceptions.JedisConnectionException: java.net.SocketTimeoutException: Read timed out" }
                    
{
                    "app": "Crmeb",
                    "timestamp":"2025-11-05 10:12:14.506",
                    "level": "ERROR",
                    "thread": "http-nio-20008-exec-24",
                    "class": "o.a.c.c.C.[.[.[/].[dispatcherServlet]",
                    "message": "Servlet.service() for servlet [dispatcherServlet] in context with path [] threw exception" }
                    
org.springframework.data.redis.RedisConnectionFailureException: java.net.SocketTimeoutException: Read timed out; nested exception is redis.clients.jedis.exceptions.JedisConnectionException: java.net.SocketTimeoutException: Read timed out
	at org.springframework.data.redis.connection.jedis.JedisExceptionConverter.convert(JedisExceptionConverter.java:65)
	at org.springframework.data.redis.connection.jedis.JedisExceptionConverter.convert(JedisExceptionConverter.java:42)
	at org.springframework.data.redis.PassThroughExceptionTranslationStrategy.translate(PassThroughExceptionTranslationStrategy.java:44)
	at org.springframework.data.redis.FallbackExceptionTranslationStrategy.translate(FallbackExceptionTranslationStrategy.java:42)
	at org.springframework.data.redis.connection.jedis.JedisConnection.convertJedisAccessException(JedisConnection.java:135)
	at org.springframework.data.redis.connection.jedis.JedisStringCommands.convertJedisAccessException(JedisStringCommands.java:751)
	at org.springframework.data.redis.connection.jedis.JedisStringCommands.get(JedisStringCommands.java:67)
	at org.springframework.data.redis.connection.DefaultedRedisConnection.get(DefaultedRedisConnection.java:260)
	at org.springframework.data.redis.core.DefaultValueOperations$1.inRedis(DefaultValueOperations.java:57)
	at org.springframework.data.redis.core.AbstractOperations$ValueDeserializingRedisCallback.doInRedis(AbstractOperations.java:60)
	at org.springframework.data.redis.core.RedisTemplate.execute(RedisTemplate.java:228)
	at org.springframework.data.redis.core.RedisTemplate.execute(RedisTemplate.java:188)
	at org.springframework.data.redis.core.AbstractOperations.execute(AbstractOperations.java:96)
	at org.springframework.data.redis.core.DefaultValueOperations.get(DefaultValueOperations.java:53)
	at com.zbkj.common.utils.RedisUtil.get(RedisUtil.java:149)
	at com.zbkj.admin.filter.TokenComponent.getLoginUser(TokenComponent.java:61)
	at com.zbkj.admin.filter.JwtAuthenticationTokenFilter.doFilterInternal(JwtAuthenticationTokenFilter.java:28)
	at org.springframework.web.filter.OncePerRequestFilter.doFilter(OncePerRequestFilter.java:119)
	at org.springframework.security.web.FilterChainProxy$VirtualFilterChain.doFilter(FilterChainProxy.java:334)
	at org.springframework.web.filter.OncePerRequestFilter.doFilter(OncePerRequestFilter.java:113)
	at org.springframework.security.web.FilterChainProxy$VirtualFilterChain.doFilter(FilterChainProxy.java:334)
	at org.springframework.web.filter.CorsFilter.doFilterInternal(CorsFilter.java:92)
	at org.springframework.web.filter.OncePerRequestFilter.doFilter(OncePerRequestFilter.java:119)
	at org.springframework.security.web.FilterChainProxy$VirtualFilterChain.doFilter(FilterChainProxy.java:334)
	at org.springframework.security.web.authentication.logout.LogoutFilter.doFilter(LogoutFilter.java:116)
	at org.springframework.security.web.FilterChainProxy$VirtualFilterChain.doFilter(FilterChainProxy.java:334)
	at org.springframework.security.web.header.HeaderWriterFilter.doHeadersAfter(HeaderWriterFilter.java:92)
	at org.springframework.security.web.header.HeaderWriterFilter.doFilterInternal(HeaderWriterFilter.java:77)
	at org.springframework.web.filter.OncePerRequestFilter.doFilter(OncePerRequestFilter.java:119)
	at org.springframework.security.web.FilterChainProxy$VirtualFilterChain.doFilter(FilterChainProxy.java:334)
	at org.springframework.security.web.context.SecurityContextPersistenceFilter.doFilter(SecurityContextPersistenceFilter.java:105)
	at org.springframework.security.web.FilterChainProxy$VirtualFilterChain.doFilter(FilterChainProxy.java:334)
	at org.springframework.security.web.context.request.async.WebAsyncManagerIntegrationFilter.doFilterInternal(WebAsyncManagerIntegrationFilter.java:56)
	at org.springframework.web.filter.OncePerRequestFilter.doFilter(OncePerRequestFilter.java:119)
	at org.springframework.security.web.FilterChainProxy$VirtualFilterChain.doFilter(FilterChainProxy.java:334)
	at org.springframework.security.web.FilterChainProxy.doFilterInternal(FilterChainProxy.java:215)
	at org.springframework.security.web.FilterChainProxy.doFilter(FilterChainProxy.java:178)
	at org.springframework.web.filter.DelegatingFilterProxy.invokeDelegate(DelegatingFilterProxy.java:358)
	at org.springframework.web.filter.DelegatingFilterProxy.doFilter(DelegatingFilterProxy.java:271)
	at org.apache.catalina.core.ApplicationFilterChain.internalDoFilter(ApplicationFilterChain.java:193)
	at org.apache.catalina.core.ApplicationFilterChain.doFilter(ApplicationFilterChain.java:166)
	at org.springframework.web.filter.RequestContextFilter.doFilterInternal(RequestContextFilter.java:100)
	at org.springframework.web.filter.OncePerRequestFilter.doFilter(OncePerRequestFilter.java:119)
	at org.apache.catalina.core.ApplicationFilterChain.internalDoFilter(ApplicationFilterChain.java:193)
	at org.apache.catalina.core.ApplicationFilterChain.doFilter(ApplicationFilterChain.java:166)
	at org.springframework.web.filter.FormContentFilter.doFilterInternal(FormContentFilter.java:93)
	at org.springframework.web.filter.OncePerRequestFilter.doFilter(OncePerRequestFilter.java:119)
	at org.apache.catalina.core.ApplicationFilterChain.internalDoFilter(ApplicationFilterChain.java:193)
	at org.apache.catalina.core.ApplicationFilterChain.doFilter(ApplicationFilterChain.java:166)
	at org.springframework.boot.actuate.metrics.web.servlet.WebMvcMetricsFilter.doFilterInternal(WebMvcMetricsFilter.java:109)
	at org.springframework.web.filter.OncePerRequestFilter.doFilter(OncePerRequestFilter.java:119)
	at org.apache.catalina.core.ApplicationFilterChain.internalDoFilter(ApplicationFilterChain.java:193)
	at org.apache.catalina.core.ApplicationFilterChain.doFilter(ApplicationFilterChain.java:166)
	at org.springframework.web.filter.CharacterEncodingFilter.doFilterInternal(CharacterEncodingFilter.java:201)
	at org.springframework.web.filter.OncePerRequestFilter.doFilter(OncePerRequestFilter.java:119)
	at org.apache.catalina.core.ApplicationFilterChain.internalDoFilter(ApplicationFilterChain.java:193)
	at org.apache.catalina.core.ApplicationFilterChain.doFilter(ApplicationFilterChain.java:166)
	at org.apache.catalina.core.StandardWrapperValve.invoke(StandardWrapperValve.java:202)
	at org.apache.catalina.core.StandardContextValve.invoke(StandardContextValve.java:96)
	at org.apache.catalina.authenticator.AuthenticatorBase.invoke(AuthenticatorBase.java:541)
	at org.apache.catalina.core.StandardHostValve.invoke(StandardHostValve.java:139)
	at org.apache.catalina.valves.ErrorReportValve.invoke(ErrorReportValve.java:92)
	at org.apache.catalina.core.StandardEngineValve.invoke(StandardEngineValve.java:74)
	at org.apache.catalina.connector.CoyoteAdapter.service(CoyoteAdapter.java:343)
	at org.apache.coyote.http11.Http11Processor.service(Http11Processor.java:373)
	at org.apache.coyote.AbstractProcessorLight.process(AbstractProcessorLight.java:65)
	at org.apache.coyote.AbstractProtocol$ConnectionHandler.process(AbstractProtocol.java:868)
	at org.apache.tomcat.util.net.NioEndpoint$SocketProcessor.doRun(NioEndpoint.java:1594)
	at org.apache.tomcat.util.net.SocketProcessorBase.run(SocketProcessorBase.java:49)
	at java.util.concurrent.ThreadPoolExecutor.runWorker(ThreadPoolExecutor.java:1149)
	at java.util.concurrent.ThreadPoolExecutor$Worker.run(ThreadPoolExecutor.java:624)
	at org.apache.tomcat.util.threads.TaskThread$WrappingRunnable.run(TaskThread.java:61)
	at java.lang.Thread.run(Thread.java:750)
Caused by: redis.clients.jedis.exceptions.JedisConnectionException: java.net.SocketTimeoutException: Read timed out
	at redis.clients.jedis.util.RedisInputStream.ensureFill(RedisInputStream.java:205)
	at redis.clients.jedis.util.RedisInputStream.readByte(RedisInputStream.java:43)
	at redis.clients.jedis.Protocol.process(Protocol.java:155)
	at redis.clients.jedis.Protocol.read(Protocol.java:220)
	at redis.clients.jedis.Connection.readProtocolWithCheckingBroken(Connection.java:318)
	at redis.clients.jedis.Connection.getBinaryBulkReply(Connection.java:255)
	at redis.clients.jedis.BinaryJedis.get(BinaryJedis.java:247)
	at org.springframework.data.redis.connection.jedis.JedisStringCommands.get(JedisStringCommands.java:65)
	... 66 common frames omitted
Caused by: java.net.SocketTimeoutException: Read timed out
	at java.net.SocketInputStream.socketRead0(Native Method)
	at java.net.SocketInputStream.socketRead(SocketInputStream.java:116)
	at java.net.SocketInputStream.read(SocketInputStream.java:171)
	at java.net.SocketInputStream.read(SocketInputStream.java:141)
	at java.net.SocketInputStream.read(SocketInputStream.java:127)
	at redis.clients.jedis.util.RedisInputStream.ensureFill(RedisInputStream.java:199)
	... 73 common frames omitted
{
                    "app": "Crmeb",
                    "timestamp":"2025-11-05 10:12:24.774",
                    "level": "ERROR",
                    "thread": "http-nio-20008-exec-16",
                    "class": "o.a.c.c.C.[.[.[/].[dispatcherServlet]",
                    "message": "Servlet.service() for servlet [dispatcherServlet] in context with path [] threw exception" }
                    
org.springframework.data.redis.RedisConnectionFailureException: Cannot get Jedis connection; nested exception is redis.clients.jedis.exceptions.JedisConnectionException: Could not get a resource from the pool
	at org.springframework.data.redis.connection.jedis.JedisConnectionFactory.fetchJedisConnector(JedisConnectionFactory.java:281)
	at org.springframework.data.redis.connection.jedis.JedisConnectionFactory.getConnection(JedisConnectionFactory.java:475)
	at org.springframework.data.redis.core.RedisConnectionUtils.doGetConnection(RedisConnectionUtils.java:134)
	at org.springframework.data.redis.core.RedisConnectionUtils.getConnection(RedisConnectionUtils.java:97)
	at org.springframework.data.redis.core.RedisConnectionUtils.getConnection(RedisConnectionUtils.java:84)
	at org.springframework.data.redis.core.RedisTemplate.execute(RedisTemplate.java:215)
	at org.springframework.data.redis.core.RedisTemplate.execute(RedisTemplate.java:188)
	at org.springframework.data.redis.core.AbstractOperations.execute(AbstractOperations.java:96)
	at org.springframework.data.redis.core.DefaultValueOperations.get(DefaultValueOperations.java:53)
	at com.zbkj.common.utils.RedisUtil.get(RedisUtil.java:149)
	at com.zbkj.admin.filter.TokenComponent.getLoginUser(TokenComponent.java:61)
	at com.zbkj.admin.filter.JwtAuthenticationTokenFilter.doFilterInternal(JwtAuthenticationTokenFilter.java:28)
	at org.springframework.web.filter.OncePerRequestFilter.doFilter(OncePerRequestFilter.java:119)
	at org.springframework.security.web.FilterChainProxy$VirtualFilterChain.doFilter(FilterChainProxy.java:334)
	at org.springframework.web.filter.OncePerRequestFilter.doFilter(OncePerRequestFilter.java:113)
	at org.springframework.security.web.FilterChainProxy$VirtualFilterChain.doFilter(FilterChainProxy.java:334)
	at org.springframework.web.filter.CorsFilter.doFilterInternal(CorsFilter.java:92)
	at org.springframework.web.filter.OncePerRequestFilter.doFilter(OncePerRequestFilter.java:119)
	at org.springframework.security.web.FilterChainProxy$VirtualFilterChain.doFilter(FilterChainProxy.java:334)
	at org.springframework.security.web.authentication.logout.LogoutFilter.doFilter(LogoutFilter.java:116)
	at org.springframework.security.web.FilterChainProxy$VirtualFilterChain.doFilter(FilterChainProxy.java:334)
	at org.springframework.security.web.header.HeaderWriterFilter.doHeadersAfter(HeaderWriterFilter.java:92)
	at org.springframework.security.web.header.HeaderWriterFilter.doFilterInternal(HeaderWriterFilter.java:77)
	at org.springframework.web.filter.OncePerRequestFilter.doFilter(OncePerRequestFilter.java:119)
	at org.springframework.security.web.FilterChainProxy$VirtualFilterChain.doFilter(FilterChainProxy.java:334)
	at org.springframework.security.web.context.SecurityContextPersistenceFilter.doFilter(SecurityContextPersistenceFilter.java:105)
	at org.springframework.security.web.FilterChainProxy$VirtualFilterChain.doFilter(FilterChainProxy.java:334)
	at org.springframework.security.web.context.request.async.WebAsyncManagerIntegrationFilter.doFilterInternal(WebAsyncManagerIntegrationFilter.java:56)
	at org.springframework.web.filter.OncePerRequestFilter.doFilter(OncePerRequestFilter.java:119)
	at org.springframework.security.web.FilterChainProxy$VirtualFilterChain.doFilter(FilterChainProxy.java:334)
	at org.springframework.security.web.FilterChainProxy.doFilterInternal(FilterChainProxy.java:215)
	at org.springframework.security.web.FilterChainProxy.doFilter(FilterChainProxy.java:178)
	at org.springframework.web.filter.DelegatingFilterProxy.invokeDelegate(DelegatingFilterProxy.java:358)
	at org.springframework.web.filter.DelegatingFilterProxy.doFilter(DelegatingFilterProxy.java:271)
	at org.apache.catalina.core.ApplicationFilterChain.internalDoFilter(ApplicationFilterChain.java:193)
	at org.apache.catalina.core.ApplicationFilterChain.doFilter(ApplicationFilterChain.java:166)
	at org.springframework.web.filter.RequestContextFilter.doFilterInternal(RequestContextFilter.java:100)
	at org.springframework.web.filter.OncePerRequestFilter.doFilter(OncePerRequestFilter.java:119)
	at org.apache.catalina.core.ApplicationFilterChain.internalDoFilter(ApplicationFilterChain.java:193)
	at org.apache.catalina.core.ApplicationFilterChain.doFilter(ApplicationFilterChain.java:166)
	at org.springframework.web.filter.FormContentFilter.doFilterInternal(FormContentFilter.java:93)
	at org.springframework.web.filter.OncePerRequestFilter.doFilter(OncePerRequestFilter.java:119)
	at org.apache.catalina.core.ApplicationFilterChain.internalDoFilter(ApplicationFilterChain.java:193)
	at org.apache.catalina.core.ApplicationFilterChain.doFilter(ApplicationFilterChain.java:166)
	at org.springframework.boot.actuate.metrics.web.servlet.WebMvcMetricsFilter.doFilterInternal(WebMvcMetricsFilter.java:109)
	at org.springframework.web.filter.OncePerRequestFilter.doFilter(OncePerRequestFilter.java:119)
	at org.apache.catalina.core.ApplicationFilterChain.internalDoFilter(ApplicationFilterChain.java:193)
	at org.apache.catalina.core.ApplicationFilterChain.doFilter(ApplicationFilterChain.java:166)
	at org.springframework.web.filter.CharacterEncodingFilter.doFilterInternal(CharacterEncodingFilter.java:201)
	at org.springframework.web.filter.OncePerRequestFilter.doFilter(OncePerRequestFilter.java:119)
	at org.apache.catalina.core.ApplicationFilterChain.internalDoFilter(ApplicationFilterChain.java:193)
	at org.apache.catalina.core.ApplicationFilterChain.doFilter(ApplicationFilterChain.java:166)
	at org.apache.catalina.core.StandardWrapperValve.invoke(StandardWrapperValve.java:202)
	at org.apache.catalina.core.StandardContextValve.invoke(StandardContextValve.java:96)
	at org.apache.catalina.authenticator.AuthenticatorBase.invoke(AuthenticatorBase.java:541)
	at org.apache.catalina.core.StandardHostValve.invoke(StandardHostValve.java:139)
	at org.apache.catalina.valves.ErrorReportValve.invoke(ErrorReportValve.java:92)
	at org.apache.catalina.core.StandardEngineValve.invoke(StandardEngineValve.java:74)
	at org.apache.catalina.connector.CoyoteAdapter.service(CoyoteAdapter.java:343)
	at org.apache.coyote.http11.Http11Processor.service(Http11Processor.java:373)
	at org.apache.coyote.AbstractProcessorLight.process(AbstractProcessorLight.java:65)
	at org.apache.coyote.AbstractProtocol$ConnectionHandler.process(AbstractProtocol.java:868)
	at org.apache.tomcat.util.net.NioEndpoint$SocketProcessor.doRun(NioEndpoint.java:1594)
	at org.apache.tomcat.util.net.SocketProcessorBase.run(SocketProcessorBase.java:49)
	at java.util.concurrent.ThreadPoolExecutor.runWorker(ThreadPoolExecutor.java:1149)
	at java.util.concurrent.ThreadPoolExecutor$Worker.run(ThreadPoolExecutor.java:624)
	at org.apache.tomcat.util.threads.TaskThread$WrappingRunnable.run(TaskThread.java:61)
	at java.lang.Thread.run(Thread.java:750)
Caused by: redis.clients.jedis.exceptions.JedisConnectionException: Could not get a resource from the pool
	at redis.clients.jedis.util.Pool.getResource(Pool.java:59)
	at redis.clients.jedis.JedisPool.getResource(JedisPool.java:234)
	at redis.clients.jedis.JedisPool.getResource(JedisPool.java:15)
	at org.springframework.data.redis.connection.jedis.JedisConnectionFactory.fetchJedisConnector(JedisConnectionFactory.java:271)
	... 67 common frames omitted
Caused by: redis.clients.jedis.exceptions.JedisConnectionException: java.net.SocketTimeoutException: Read timed out
	at redis.clients.jedis.util.RedisInputStream.ensureFill(RedisInputStream.java:205)
	at redis.clients.jedis.util.RedisInputStream.readByte(RedisInputStream.java:43)
	at redis.clients.jedis.Protocol.process(Protocol.java:155)
	at redis.clients.jedis.Protocol.read(Protocol.java:220)
	at redis.clients.jedis.Connection.readProtocolWithCheckingBroken(Connection.java:318)
	at redis.clients.jedis.Connection.getStatusCodeReply(Connection.java:236)
	at redis.clients.jedis.BinaryJedis.select(BinaryJedis.java:560)
	at redis.clients.jedis.JedisFactory.makeObject(JedisFactory.java:122)
	at org.apache.commons.pool2.impl.GenericObjectPool.create(GenericObjectPool.java:889)
	at org.apache.commons.pool2.impl.GenericObjectPool.borrowObject(GenericObjectPool.java:424)
	at org.apache.commons.pool2.impl.GenericObjectPool.borrowObject(GenericObjectPool.java:349)
	at redis.clients.jedis.util.Pool.getResource(Pool.java:50)
	... 70 common frames omitted
Caused by: java.net.SocketTimeoutException: Read timed out
	at java.net.SocketInputStream.socketRead0(Native Method)
	at java.net.SocketInputStream.socketRead(SocketInputStream.java:116)
	at java.net.SocketInputStream.read(SocketInputStream.java:171)
	at java.net.SocketInputStream.read(SocketInputStream.java:141)
	at java.net.SocketInputStream.read(SocketInputStream.java:127)
	at redis.clients.jedis.util.RedisInputStream.ensureFill(RedisInputStream.java:199)
	... 81 common frames omitted
{
                    "app": "Crmeb",
                    "timestamp":"2025-11-05 10:13:10.030",
                    "level": "ERROR",
                    "thread": "task-executor-13",
                    "class": "c.z.admin.task.order.OrderAutoCancelTask",
                    "message": "OrderAutoCancelTask.task | msg : Cannot get Jedis connection; nested exception is redis.clients.jedis.exceptions.JedisConnectionException: Could not get a resource from the pool" }
                    
{
                    "app": "Crmeb",
                    "timestamp":"2025-11-05 10:13:10.035",
                    "level": "ERROR",
                    "thread": "task-executor-14",
                    "class": "c.zbkj.admin.task.order.OrderCancelTask",
                    "message": "OrderCancelTask.task | msg : Cannot get Jedis connection; nested exception is redis.clients.jedis.exceptions.JedisConnectionException: Could not get a resource from the pool" }
                    
{
                    "app": "Crmeb",
                    "timestamp":"2025-11-05 10:13:10.041",
                    "level": "ERROR",
                    "thread": "task-executor-15",
                    "class": "c.z.admin.task.order.OrderPaySuccessTask",
                    "message": "OrderPaySuccessTask.task | msg : Cannot get Jedis connection; nested exception is redis.clients.jedis.exceptions.JedisConnectionException: Could not get a resource from the pool" }
                    
{
                    "app": "Crmeb",
                    "timestamp":"2025-11-05 10:13:10.047",
                    "level": "ERROR",
                    "thread": "task-executor-16",
                    "class": "c.zbkj.admin.task.order.OrderRefundTask",
                    "message": "OrderRefundTask.task | msg : Cannot get Jedis connection; nested exception is redis.clients.jedis.exceptions.JedisConnectionException: Could not get a resource from the pool" }
                    
{
                    "app": "Crmeb",
                    "timestamp":"2025-11-05 10:14:10.031",
                    "level": "ERROR",
                    "thread": "task-executor-18",
                    "class": "c.z.admin.task.order.OrderAutoCancelTask",
                    "message": "OrderAutoCancelTask.task | msg : Cannot get Jedis connection; nested exception is redis.clients.jedis.exceptions.JedisConnectionException: Could not get a resource from the pool" }
                    
{
                    "app": "Crmeb",
                    "timestamp":"2025-11-05 10:14:10.049",
                    "level": "ERROR",
                    "thread": "task-executor-3",
                    "class": "c.zbkj.admin.task.order.OrderRefundTask",
                    "message": "OrderRefundTask.task | msg : Cannot get Jedis connection; nested exception is redis.clients.jedis.exceptions.JedisConnectionException: Could not get a resource from the pool" }
                    
{
                    "app": "Crmeb",
                    "timestamp":"2025-11-05 10:14:10.056",
                    "level": "ERROR",
                    "thread": "task-executor-20",
                    "class": "c.z.admin.task.order.OrderPaySuccessTask",
                    "message": "OrderPaySuccessTask.task | msg : Cannot get Jedis connection; nested exception is redis.clients.jedis.exceptions.JedisConnectionException: Could not get a resource from the pool" }
                    
{
                    "app": "Crmeb",
                    "timestamp":"2025-11-05 10:14:10.061",
                    "level": "ERROR",
                    "thread": "task-executor-19",
                    "class": "c.zbkj.admin.task.order.OrderCancelTask",
                    "message": "OrderCancelTask.task | msg : Cannot get Jedis connection; nested exception is redis.clients.jedis.exceptions.JedisConnectionException: Could not get a resource from the pool" }
                    
{
                    "app": "Crmeb",
                    "timestamp":"2025-11-05 10:15:10.022",
                    "level": "ERROR",
                    "thread": "task-executor-4",
                    "class": "c.z.admin.task.order.OrderAutoCancelTask",
                    "message": "OrderAutoCancelTask.task | msg : Cannot get Jedis connection; nested exception is redis.clients.jedis.exceptions.JedisConnectionException: Could not get a resource from the pool" }
                    
{
                    "app": "Crmeb",
                    "timestamp":"2025-11-05 10:15:10.028",
                    "level": "ERROR",
                    "thread": "task-executor-5",
                    "class": "c.zbkj.admin.task.order.OrderCancelTask",
                    "message": "OrderCancelTask.task | msg : Cannot get Jedis connection; nested exception is redis.clients.jedis.exceptions.JedisConnectionException: Could not get a resource from the pool" }
                    
{
                    "app": "Crmeb",
                    "timestamp":"2025-11-05 10:15:10.033",
                    "level": "ERROR",
                    "thread": "task-executor-2",
                    "class": "c.z.admin.task.order.OrderPaySuccessTask",
                    "message": "OrderPaySuccessTask.task | msg : Cannot get Jedis connection; nested exception is redis.clients.jedis.exceptions.JedisConnectionException: Could not get a resource from the pool" }
                    
{
                    "app": "Crmeb",
                    "timestamp":"2025-11-05 10:15:10.040",
                    "level": "ERROR",
                    "thread": "task-executor-6",
                    "class": "c.zbkj.admin.task.order.OrderRefundTask",
                    "message": "OrderRefundTask.task | msg : Cannot get Jedis connection; nested exception is redis.clients.jedis.exceptions.JedisConnectionException: Could not get a resource from the pool" }
                    
{
                    "app": "Crmeb",
                    "timestamp":"2025-11-05 10:16:10.023",
                    "level": "ERROR",
                    "thread": "task-executor-8",
                    "class": "c.z.admin.task.order.OrderAutoCancelTask",
                    "message": "OrderAutoCancelTask.task | msg : Cannot get Jedis connection; nested exception is redis.clients.jedis.exceptions.JedisConnectionException: Could not get a resource from the pool" }
                    
{
                    "app": "Crmeb",
                    "timestamp":"2025-11-05 10:16:10.030",
                    "level": "ERROR",
                    "thread": "task-executor-9",
                    "class": "c.zbkj.admin.task.order.OrderCancelTask",
                    "message": "OrderCancelTask.task | msg : Cannot get Jedis connection; nested exception is redis.clients.jedis.exceptions.JedisConnectionException: Could not get a resource from the pool" }
                    
{
                    "app": "Crmeb",
                    "timestamp":"2025-11-05 10:16:10.036",
                    "level": "ERROR",
                    "thread": "task-executor-10",
                    "class": "c.z.admin.task.order.OrderPaySuccessTask",
                    "message": "OrderPaySuccessTask.task | msg : Cannot get Jedis connection; nested exception is redis.clients.jedis.exceptions.JedisConnectionException: Could not get a resource from the pool" }
                    
{
                    "app": "Crmeb",
                    "timestamp":"2025-11-05 10:16:10.039",
                    "level": "ERROR",
                    "thread": "task-executor-11",
                    "class": "c.zbkj.admin.task.order.OrderRefundTask",
                    "message": "OrderRefundTask.task | msg : Cannot get Jedis connection; nested exception is redis.clients.jedis.exceptions.JedisConnectionException: Could not get a resource from the pool" }
                    
{
                    "app": "Crmeb",
                    "timestamp":"2025-11-05 10:17:10.025",
                    "level": "ERROR",
                    "thread": "task-executor-13",
                    "class": "c.z.admin.task.order.OrderAutoCancelTask",
                    "message": "OrderAutoCancelTask.task | msg : Cannot get Jedis connection; nested exception is redis.clients.jedis.exceptions.JedisConnectionException: Could not get a resource from the pool" }
                    
{
                    "app": "Crmeb",
                    "timestamp":"2025-11-05 10:17:10.034",
                    "level": "ERROR",
                    "thread": "task-executor-14",
                    "class": "c.zbkj.admin.task.order.OrderCancelTask",
                    "message": "OrderCancelTask.task | msg : Cannot get Jedis connection; nested exception is redis.clients.jedis.exceptions.JedisConnectionException: Could not get a resource from the pool" }
                    
{
                    "app": "Crmeb",
                    "timestamp":"2025-11-05 10:17:10.039",
                    "level": "ERROR",
                    "thread": "task-executor-15",
                    "class": "c.z.admin.task.order.OrderPaySuccessTask",
                    "message": "OrderPaySuccessTask.task | msg : Cannot get Jedis connection; nested exception is redis.clients.jedis.exceptions.JedisConnectionException: Could not get a resource from the pool" }
                    
{
                    "app": "Crmeb",
                    "timestamp":"2025-11-05 10:17:10.044",
                    "level": "ERROR",
                    "thread": "task-executor-16",
                    "class": "c.zbkj.admin.task.order.OrderRefundTask",
                    "message": "OrderRefundTask.task | msg : Cannot get Jedis connection; nested exception is redis.clients.jedis.exceptions.JedisConnectionException: Could not get a resource from the pool" }
                    
{
                    "app": "Crmeb",
                    "timestamp":"2025-11-05 10:18:10.017",
                    "level": "ERROR",
                    "thread": "task-executor-18",
                    "class": "c.z.admin.task.order.OrderAutoCancelTask",
                    "message": "OrderAutoCancelTask.task | msg : Cannot get Jedis connection; nested exception is redis.clients.jedis.exceptions.JedisConnectionException: Could not get a resource from the pool" }
                    
{
                    "app": "Crmeb",
                    "timestamp":"2025-11-05 10:18:10.025",
                    "level": "ERROR",
                    "thread": "task-executor-3",
                    "class": "c.zbkj.admin.task.order.OrderCancelTask",
                    "message": "OrderCancelTask.task | msg : Cannot get Jedis connection; nested exception is redis.clients.jedis.exceptions.JedisConnectionException: Could not get a resource from the pool" }
                    
{
                    "app": "Crmeb",
                    "timestamp":"2025-11-05 10:18:10.031",
                    "level": "ERROR",
                    "thread": "task-executor-20",
                    "class": "c.z.admin.task.order.OrderPaySuccessTask",
                    "message": "OrderPaySuccessTask.task | msg : Cannot get Jedis connection; nested exception is redis.clients.jedis.exceptions.JedisConnectionException: Could not get a resource from the pool" }
                    
{
                    "app": "Crmeb",
                    "timestamp":"2025-11-05 10:18:10.035",
                    "level": "ERROR",
                    "thread": "task-executor-19",
                    "class": "c.zbkj.admin.task.order.OrderRefundTask",
                    "message": "OrderRefundTask.task | msg : Cannot get Jedis connection; nested exception is redis.clients.jedis.exceptions.JedisConnectionException: Could not get a resource from the pool" }
                    
{
                    "app": "Crmeb",
                    "timestamp":"2025-11-05 10:19:10.047",
                    "level": "ERROR",
                    "thread": "task-executor-4",
                    "class": "c.z.admin.task.order.OrderAutoCancelTask",
                    "message": "OrderAutoCancelTask.task | msg : Cannot get Jedis connection; nested exception is redis.clients.jedis.exceptions.JedisConnectionException: Could not get a resource from the pool" }
                    
{
                    "app": "Crmeb",
                    "timestamp":"2025-11-05 10:19:10.052",
                    "level": "ERROR",
                    "thread": "task-executor-2",
                    "class": "c.z.admin.task.order.OrderPaySuccessTask",
                    "message": "OrderPaySuccessTask.task | msg : Cannot get Jedis connection; nested exception is redis.clients.jedis.exceptions.JedisConnectionException: Could not get a resource from the pool" }
                    
{
                    "app": "Crmeb",
                    "timestamp":"2025-11-05 10:19:10.062",
                    "level": "ERROR",
                    "thread": "task-executor-5",
                    "class": "c.zbkj.admin.task.order.OrderCancelTask",
                    "message": "OrderCancelTask.task | msg : Cannot get Jedis connection; nested exception is redis.clients.jedis.exceptions.JedisConnectionException: Could not get a resource from the pool" }
                    
{
                    "app": "Crmeb",
                    "timestamp":"2025-11-05 10:19:10.066",
                    "level": "ERROR",
                    "thread": "task-executor-6",
                    "class": "c.zbkj.admin.task.order.OrderRefundTask",
                    "message": "OrderRefundTask.task | msg : Cannot get Jedis connection; nested exception is redis.clients.jedis.exceptions.JedisConnectionException: Could not get a resource from the pool" }
                    
{
                    "app": "Crmeb",
                    "timestamp":"2025-11-05 10:20:10.019",
                    "level": "ERROR",
                    "thread": "task-executor-8",
                    "class": "c.z.admin.task.order.OrderAutoCancelTask",
                    "message": "OrderAutoCancelTask.task | msg : Cannot get Jedis connection; nested exception is redis.clients.jedis.exceptions.JedisConnectionException: Could not get a resource from the pool" }
                    
{
                    "app": "Crmeb",
                    "timestamp":"2025-11-05 10:20:10.028",
                    "level": "ERROR",
                    "thread": "task-executor-9",
                    "class": "c.zbkj.admin.task.order.OrderCancelTask",
                    "message": "OrderCancelTask.task | msg : Cannot get Jedis connection; nested exception is redis.clients.jedis.exceptions.JedisConnectionException: Could not get a resource from the pool" }
                    
{
                    "app": "Crmeb",
                    "timestamp":"2025-11-05 10:20:10.033",
                    "level": "ERROR",
                    "thread": "task-executor-10",
                    "class": "c.z.admin.task.order.OrderPaySuccessTask",
                    "message": "OrderPaySuccessTask.task | msg : Cannot get Jedis connection; nested exception is redis.clients.jedis.exceptions.JedisConnectionException: Could not get a resource from the pool" }
                    
{
                    "app": "Crmeb",
                    "timestamp":"2025-11-05 10:20:10.039",
                    "level": "ERROR",
                    "thread": "task-executor-11",
                    "class": "c.zbkj.admin.task.order.OrderRefundTask",
                    "message": "OrderRefundTask.task | msg : Cannot get Jedis connection; nested exception is redis.clients.jedis.exceptions.JedisConnectionException: Could not get a resource from the pool" }
                    
{
                    "app": "Crmeb",
                    "timestamp":"2025-11-05 10:21:10.027",
                    "level": "ERROR",
                    "thread": "task-executor-13",
                    "class": "c.z.admin.task.order.OrderAutoCancelTask",
                    "message": "OrderAutoCancelTask.task | msg : Cannot get Jedis connection; nested exception is redis.clients.jedis.exceptions.JedisConnectionException: Could not get a resource from the pool" }
                    
{
                    "app": "Crmeb",
                    "timestamp":"2025-11-05 10:21:10.031",
                    "level": "ERROR",
                    "thread": "task-executor-14",
                    "class": "c.zbkj.admin.task.order.OrderCancelTask",
                    "message": "OrderCancelTask.task | msg : Cannot get Jedis connection; nested exception is redis.clients.jedis.exceptions.JedisConnectionException: Could not get a resource from the pool" }
                    
{
                    "app": "Crmeb",
                    "timestamp":"2025-11-05 10:21:10.044",
                    "level": "ERROR",
                    "thread": "task-executor-15",
                    "class": "c.z.admin.task.order.OrderPaySuccessTask",
                    "message": "OrderPaySuccessTask.task | msg : Cannot get Jedis connection; nested exception is redis.clients.jedis.exceptions.JedisConnectionException: Could not get a resource from the pool" }
                    
{
                    "app": "Crmeb",
                    "timestamp":"2025-11-05 10:21:10.049",
                    "level": "ERROR",
                    "thread": "task-executor-16",
                    "class": "c.zbkj.admin.task.order.OrderRefundTask",
                    "message": "OrderRefundTask.task | msg : Cannot get Jedis connection; nested exception is redis.clients.jedis.exceptions.JedisConnectionException: Could not get a resource from the pool" }
                    
{
                    "app": "Crmeb",
                    "timestamp":"2025-11-05 10:22:10.020",
                    "level": "ERROR",
                    "thread": "task-executor-18",
                    "class": "c.z.admin.task.order.OrderAutoCancelTask",
                    "message": "OrderAutoCancelTask.task | msg : Cannot get Jedis connection; nested exception is redis.clients.jedis.exceptions.JedisConnectionException: Could not get a resource from the pool" }
                    
{
                    "app": "Crmeb",
                    "timestamp":"2025-11-05 10:22:10.023",
                    "level": "ERROR",
                    "thread": "task-executor-3",
                    "class": "c.zbkj.admin.task.order.OrderCancelTask",
                    "message": "OrderCancelTask.task | msg : Cannot get Jedis connection; nested exception is redis.clients.jedis.exceptions.JedisConnectionException: Could not get a resource from the pool" }
                    
{
                    "app": "Crmeb",
                    "timestamp":"2025-11-05 10:22:10.027",
                    "level": "ERROR",
                    "thread": "task-executor-20",
                    "class": "c.z.admin.task.order.OrderPaySuccessTask",
                    "message": "OrderPaySuccessTask.task | msg : Cannot get Jedis connection; nested exception is redis.clients.jedis.exceptions.JedisConnectionException: Could not get a resource from the pool" }
                    
{
                    "app": "Crmeb",
                    "timestamp":"2025-11-05 10:22:10.034",
                    "level": "ERROR",
                    "thread": "task-executor-19",
                    "class": "c.zbkj.admin.task.order.OrderRefundTask",
                    "message": "OrderRefundTask.task | msg : Cannot get Jedis connection; nested exception is redis.clients.jedis.exceptions.JedisConnectionException: Could not get a resource from the pool" }
                    
{
                    "app": "Crmeb",
                    "timestamp":"2025-11-05 10:22:57.987",
                    "level": "ERROR",
                    "thread": "http-nio-20008-exec-21",
                    "class": "o.a.c.c.C.[.[.[/].[dispatcherServlet]",
                    "message": "Servlet.service() for servlet [dispatcherServlet] in context with path [] threw exception" }
                    
org.springframework.data.redis.RedisConnectionFailureException: Cannot get Jedis connection; nested exception is redis.clients.jedis.exceptions.JedisConnectionException: Could not get a resource from the pool
	at org.springframework.data.redis.connection.jedis.JedisConnectionFactory.fetchJedisConnector(JedisConnectionFactory.java:281)
	at org.springframework.data.redis.connection.jedis.JedisConnectionFactory.getConnection(JedisConnectionFactory.java:475)
	at org.springframework.data.redis.core.RedisConnectionUtils.doGetConnection(RedisConnectionUtils.java:134)
	at org.springframework.data.redis.core.RedisConnectionUtils.getConnection(RedisConnectionUtils.java:97)
	at org.springframework.data.redis.core.RedisConnectionUtils.getConnection(RedisConnectionUtils.java:84)
	at org.springframework.data.redis.core.RedisTemplate.execute(RedisTemplate.java:215)
	at org.springframework.data.redis.core.RedisTemplate.execute(RedisTemplate.java:188)
	at org.springframework.data.redis.core.AbstractOperations.execute(AbstractOperations.java:96)
	at org.springframework.data.redis.core.DefaultValueOperations.get(DefaultValueOperations.java:53)
	at com.zbkj.common.utils.RedisUtil.get(RedisUtil.java:149)
	at com.zbkj.admin.filter.TokenComponent.getLoginUser(TokenComponent.java:61)
	at com.zbkj.admin.filter.JwtAuthenticationTokenFilter.doFilterInternal(JwtAuthenticationTokenFilter.java:28)
	at org.springframework.web.filter.OncePerRequestFilter.doFilter(OncePerRequestFilter.java:119)
	at org.springframework.security.web.FilterChainProxy$VirtualFilterChain.doFilter(FilterChainProxy.java:334)
	at org.springframework.web.filter.OncePerRequestFilter.doFilter(OncePerRequestFilter.java:113)
	at org.springframework.security.web.FilterChainProxy$VirtualFilterChain.doFilter(FilterChainProxy.java:334)
	at org.springframework.web.filter.CorsFilter.doFilterInternal(CorsFilter.java:92)
	at org.springframework.web.filter.OncePerRequestFilter.doFilter(OncePerRequestFilter.java:119)
	at org.springframework.security.web.FilterChainProxy$VirtualFilterChain.doFilter(FilterChainProxy.java:334)
	at org.springframework.security.web.authentication.logout.LogoutFilter.doFilter(LogoutFilter.java:116)
	at org.springframework.security.web.FilterChainProxy$VirtualFilterChain.doFilter(FilterChainProxy.java:334)
	at org.springframework.security.web.header.HeaderWriterFilter.doHeadersAfter(HeaderWriterFilter.java:92)
	at org.springframework.security.web.header.HeaderWriterFilter.doFilterInternal(HeaderWriterFilter.java:77)
	at org.springframework.web.filter.OncePerRequestFilter.doFilter(OncePerRequestFilter.java:119)
	at org.springframework.security.web.FilterChainProxy$VirtualFilterChain.doFilter(FilterChainProxy.java:334)
	at org.springframework.security.web.context.SecurityContextPersistenceFilter.doFilter(SecurityContextPersistenceFilter.java:105)
	at org.springframework.security.web.FilterChainProxy$VirtualFilterChain.doFilter(FilterChainProxy.java:334)
	at org.springframework.security.web.context.request.async.WebAsyncManagerIntegrationFilter.doFilterInternal(WebAsyncManagerIntegrationFilter.java:56)
	at org.springframework.web.filter.OncePerRequestFilter.doFilter(OncePerRequestFilter.java:119)
	at org.springframework.security.web.FilterChainProxy$VirtualFilterChain.doFilter(FilterChainProxy.java:334)
	at org.springframework.security.web.FilterChainProxy.doFilterInternal(FilterChainProxy.java:215)
	at org.springframework.security.web.FilterChainProxy.doFilter(FilterChainProxy.java:178)
	at org.springframework.web.filter.DelegatingFilterProxy.invokeDelegate(DelegatingFilterProxy.java:358)
	at org.springframework.web.filter.DelegatingFilterProxy.doFilter(DelegatingFilterProxy.java:271)
	at org.apache.catalina.core.ApplicationFilterChain.internalDoFilter(ApplicationFilterChain.java:193)
	at org.apache.catalina.core.ApplicationFilterChain.doFilter(ApplicationFilterChain.java:166)
	at org.springframework.web.filter.RequestContextFilter.doFilterInternal(RequestContextFilter.java:100)
	at org.springframework.web.filter.OncePerRequestFilter.doFilter(OncePerRequestFilter.java:119)
	at org.apache.catalina.core.ApplicationFilterChain.internalDoFilter(ApplicationFilterChain.java:193)
	at org.apache.catalina.core.ApplicationFilterChain.doFilter(ApplicationFilterChain.java:166)
	at org.springframework.web.filter.FormContentFilter.doFilterInternal(FormContentFilter.java:93)
	at org.springframework.web.filter.OncePerRequestFilter.doFilter(OncePerRequestFilter.java:119)
	at org.apache.catalina.core.ApplicationFilterChain.internalDoFilter(ApplicationFilterChain.java:193)
	at org.apache.catalina.core.ApplicationFilterChain.doFilter(ApplicationFilterChain.java:166)
	at org.springframework.boot.actuate.metrics.web.servlet.WebMvcMetricsFilter.doFilterInternal(WebMvcMetricsFilter.java:109)
	at org.springframework.web.filter.OncePerRequestFilter.doFilter(OncePerRequestFilter.java:119)
	at org.apache.catalina.core.ApplicationFilterChain.internalDoFilter(ApplicationFilterChain.java:193)
	at org.apache.catalina.core.ApplicationFilterChain.doFilter(ApplicationFilterChain.java:166)
	at org.springframework.web.filter.CharacterEncodingFilter.doFilterInternal(CharacterEncodingFilter.java:201)
	at org.springframework.web.filter.OncePerRequestFilter.doFilter(OncePerRequestFilter.java:119)
	at org.apache.catalina.core.ApplicationFilterChain.internalDoFilter(ApplicationFilterChain.java:193)
	at org.apache.catalina.core.ApplicationFilterChain.doFilter(ApplicationFilterChain.java:166)
	at org.apache.catalina.core.StandardWrapperValve.invoke(StandardWrapperValve.java:202)
	at org.apache.catalina.core.StandardContextValve.invoke(StandardContextValve.java:96)
	at org.apache.catalina.authenticator.AuthenticatorBase.invoke(AuthenticatorBase.java:541)
	at org.apache.catalina.core.StandardHostValve.invoke(StandardHostValve.java:139)
	at org.apache.catalina.valves.ErrorReportValve.invoke(ErrorReportValve.java:92)
	at org.apache.catalina.core.StandardEngineValve.invoke(StandardEngineValve.java:74)
	at org.apache.catalina.connector.CoyoteAdapter.service(CoyoteAdapter.java:343)
	at org.apache.coyote.http11.Http11Processor.service(Http11Processor.java:373)
	at org.apache.coyote.AbstractProcessorLight.process(AbstractProcessorLight.java:65)
	at org.apache.coyote.AbstractProtocol$ConnectionHandler.process(AbstractProtocol.java:868)
	at org.apache.tomcat.util.net.NioEndpoint$SocketProcessor.doRun(NioEndpoint.java:1594)
	at org.apache.tomcat.util.net.SocketProcessorBase.run(SocketProcessorBase.java:49)
	at java.util.concurrent.ThreadPoolExecutor.runWorker(ThreadPoolExecutor.java:1149)
	at java.util.concurrent.ThreadPoolExecutor$Worker.run(ThreadPoolExecutor.java:624)
	at org.apache.tomcat.util.threads.TaskThread$WrappingRunnable.run(TaskThread.java:61)
	at java.lang.Thread.run(Thread.java:750)
Caused by: redis.clients.jedis.exceptions.JedisConnectionException: Could not get a resource from the pool
	at redis.clients.jedis.util.Pool.getResource(Pool.java:59)
	at redis.clients.jedis.JedisPool.getResource(JedisPool.java:234)
	at redis.clients.jedis.JedisPool.getResource(JedisPool.java:15)
	at org.springframework.data.redis.connection.jedis.JedisConnectionFactory.fetchJedisConnector(JedisConnectionFactory.java:271)
	... 67 common frames omitted
Caused by: redis.clients.jedis.exceptions.JedisConnectionException: java.net.SocketTimeoutException: Read timed out
	at redis.clients.jedis.util.RedisInputStream.ensureFill(RedisInputStream.java:205)
	at redis.clients.jedis.util.RedisInputStream.readByte(RedisInputStream.java:43)
	at redis.clients.jedis.Protocol.process(Protocol.java:155)
	at redis.clients.jedis.Protocol.read(Protocol.java:220)
	at redis.clients.jedis.Connection.readProtocolWithCheckingBroken(Connection.java:318)
	at redis.clients.jedis.Connection.getStatusCodeReply(Connection.java:236)
	at redis.clients.jedis.BinaryJedis.select(BinaryJedis.java:560)
	at redis.clients.jedis.JedisFactory.makeObject(JedisFactory.java:122)
	at org.apache.commons.pool2.impl.GenericObjectPool.create(GenericObjectPool.java:889)
	at org.apache.commons.pool2.impl.GenericObjectPool.borrowObject(GenericObjectPool.java:424)
	at org.apache.commons.pool2.impl.GenericObjectPool.borrowObject(GenericObjectPool.java:349)
	at redis.clients.jedis.util.Pool.getResource(Pool.java:50)
	... 70 common frames omitted
Caused by: java.net.SocketTimeoutException: Read timed out
	at java.net.SocketInputStream.socketRead0(Native Method)
	at java.net.SocketInputStream.socketRead(SocketInputStream.java:116)
	at java.net.SocketInputStream.read(SocketInputStream.java:171)
	at java.net.SocketInputStream.read(SocketInputStream.java:141)
	at java.net.SocketInputStream.read(SocketInputStream.java:127)
	at redis.clients.jedis.util.RedisInputStream.ensureFill(RedisInputStream.java:199)
	... 81 common frames omitted
{
                    "app": "Crmeb",
                    "timestamp":"2025-11-05 10:22:58.359",
                    "level": "ERROR",
                    "thread": "http-nio-20008-exec-20",
                    "class": "o.a.c.c.C.[.[.[/].[dispatcherServlet]",
                    "message": "Servlet.service() for servlet [dispatcherServlet] in context with path [] threw exception" }
                    
org.springframework.data.redis.RedisConnectionFailureException: Cannot get Jedis connection; nested exception is redis.clients.jedis.exceptions.JedisConnectionException: Could not get a resource from the pool
	at org.springframework.data.redis.connection.jedis.JedisConnectionFactory.fetchJedisConnector(JedisConnectionFactory.java:281)
	at org.springframework.data.redis.connection.jedis.JedisConnectionFactory.getConnection(JedisConnectionFactory.java:475)
	at org.springframework.data.redis.core.RedisConnectionUtils.doGetConnection(RedisConnectionUtils.java:134)
	at org.springframework.data.redis.core.RedisConnectionUtils.getConnection(RedisConnectionUtils.java:97)
	at org.springframework.data.redis.core.RedisConnectionUtils.getConnection(RedisConnectionUtils.java:84)
	at org.springframework.data.redis.core.RedisTemplate.execute(RedisTemplate.java:215)
	at org.springframework.data.redis.core.RedisTemplate.execute(RedisTemplate.java:188)
	at org.springframework.data.redis.core.AbstractOperations.execute(AbstractOperations.java:96)
	at org.springframework.data.redis.core.DefaultValueOperations.get(DefaultValueOperations.java:53)
	at com.zbkj.common.utils.RedisUtil.get(RedisUtil.java:149)
	at com.zbkj.admin.filter.TokenComponent.getLoginUser(TokenComponent.java:61)
	at com.zbkj.admin.filter.JwtAuthenticationTokenFilter.doFilterInternal(JwtAuthenticationTokenFilter.java:28)
	at org.springframework.web.filter.OncePerRequestFilter.doFilter(OncePerRequestFilter.java:119)
	at org.springframework.security.web.FilterChainProxy$VirtualFilterChain.doFilter(FilterChainProxy.java:334)
	at org.springframework.web.filter.OncePerRequestFilter.doFilter(OncePerRequestFilter.java:113)
	at org.springframework.security.web.FilterChainProxy$VirtualFilterChain.doFilter(FilterChainProxy.java:334)
	at org.springframework.web.filter.CorsFilter.doFilterInternal(CorsFilter.java:92)
	at org.springframework.web.filter.OncePerRequestFilter.doFilter(OncePerRequestFilter.java:119)
	at org.springframework.security.web.FilterChainProxy$VirtualFilterChain.doFilter(FilterChainProxy.java:334)
	at org.springframework.security.web.authentication.logout.LogoutFilter.doFilter(LogoutFilter.java:116)
	at org.springframework.security.web.FilterChainProxy$VirtualFilterChain.doFilter(FilterChainProxy.java:334)
	at org.springframework.security.web.header.HeaderWriterFilter.doHeadersAfter(HeaderWriterFilter.java:92)
	at org.springframework.security.web.header.HeaderWriterFilter.doFilterInternal(HeaderWriterFilter.java:77)
	at org.springframework.web.filter.OncePerRequestFilter.doFilter(OncePerRequestFilter.java:119)
	at org.springframework.security.web.FilterChainProxy$VirtualFilterChain.doFilter(FilterChainProxy.java:334)
	at org.springframework.security.web.context.SecurityContextPersistenceFilter.doFilter(SecurityContextPersistenceFilter.java:105)
	at org.springframework.security.web.FilterChainProxy$VirtualFilterChain.doFilter(FilterChainProxy.java:334)
	at org.springframework.security.web.context.request.async.WebAsyncManagerIntegrationFilter.doFilterInternal(WebAsyncManagerIntegrationFilter.java:56)
	at org.springframework.web.filter.OncePerRequestFilter.doFilter(OncePerRequestFilter.java:119)
	at org.springframework.security.web.FilterChainProxy$VirtualFilterChain.doFilter(FilterChainProxy.java:334)
	at org.springframework.security.web.FilterChainProxy.doFilterInternal(FilterChainProxy.java:215)
	at org.springframework.security.web.FilterChainProxy.doFilter(FilterChainProxy.java:178)
	at org.springframework.web.filter.DelegatingFilterProxy.invokeDelegate(DelegatingFilterProxy.java:358)
	at org.springframework.web.filter.DelegatingFilterProxy.doFilter(DelegatingFilterProxy.java:271)
	at org.apache.catalina.core.ApplicationFilterChain.internalDoFilter(ApplicationFilterChain.java:193)
	at org.apache.catalina.core.ApplicationFilterChain.doFilter(ApplicationFilterChain.java:166)
	at org.springframework.web.filter.RequestContextFilter.doFilterInternal(RequestContextFilter.java:100)
	at org.springframework.web.filter.OncePerRequestFilter.doFilter(OncePerRequestFilter.java:119)
	at org.apache.catalina.core.ApplicationFilterChain.internalDoFilter(ApplicationFilterChain.java:193)
	at org.apache.catalina.core.ApplicationFilterChain.doFilter(ApplicationFilterChain.java:166)
	at org.springframework.web.filter.FormContentFilter.doFilterInternal(FormContentFilter.java:93)
	at org.springframework.web.filter.OncePerRequestFilter.doFilter(OncePerRequestFilter.java:119)
	at org.apache.catalina.core.ApplicationFilterChain.internalDoFilter(ApplicationFilterChain.java:193)
	at org.apache.catalina.core.ApplicationFilterChain.doFilter(ApplicationFilterChain.java:166)
	at org.springframework.boot.actuate.metrics.web.servlet.WebMvcMetricsFilter.doFilterInternal(WebMvcMetricsFilter.java:109)
	at org.springframework.web.filter.OncePerRequestFilter.doFilter(OncePerRequestFilter.java:119)
	at org.apache.catalina.core.ApplicationFilterChain.internalDoFilter(ApplicationFilterChain.java:193)
	at org.apache.catalina.core.ApplicationFilterChain.doFilter(ApplicationFilterChain.java:166)
	at org.springframework.web.filter.CharacterEncodingFilter.doFilterInternal(CharacterEncodingFilter.java:201)
	at org.springframework.web.filter.OncePerRequestFilter.doFilter(OncePerRequestFilter.java:119)
	at org.apache.catalina.core.ApplicationFilterChain.internalDoFilter(ApplicationFilterChain.java:193)
	at org.apache.catalina.core.ApplicationFilterChain.doFilter(ApplicationFilterChain.java:166)
	at org.apache.catalina.core.StandardWrapperValve.invoke(StandardWrapperValve.java:202)
	at org.apache.catalina.core.StandardContextValve.invoke(StandardContextValve.java:96)
	at org.apache.catalina.authenticator.AuthenticatorBase.invoke(AuthenticatorBase.java:541)
	at org.apache.catalina.core.StandardHostValve.invoke(StandardHostValve.java:139)
	at org.apache.catalina.valves.ErrorReportValve.invoke(ErrorReportValve.java:92)
	at org.apache.catalina.core.StandardEngineValve.invoke(StandardEngineValve.java:74)
	at org.apache.catalina.connector.CoyoteAdapter.service(CoyoteAdapter.java:343)
	at org.apache.coyote.http11.Http11Processor.service(Http11Processor.java:373)
	at org.apache.coyote.AbstractProcessorLight.process(AbstractProcessorLight.java:65)
	at org.apache.coyote.AbstractProtocol$ConnectionHandler.process(AbstractProtocol.java:868)
	at org.apache.tomcat.util.net.NioEndpoint$SocketProcessor.doRun(NioEndpoint.java:1594)
	at org.apache.tomcat.util.net.SocketProcessorBase.run(SocketProcessorBase.java:49)
	at java.util.concurrent.ThreadPoolExecutor.runWorker(ThreadPoolExecutor.java:1149)
	at java.util.concurrent.ThreadPoolExecutor$Worker.run(ThreadPoolExecutor.java:624)
	at org.apache.tomcat.util.threads.TaskThread$WrappingRunnable.run(TaskThread.java:61)
	at java.lang.Thread.run(Thread.java:750)
Caused by: redis.clients.jedis.exceptions.JedisConnectionException: Could not get a resource from the pool
	at redis.clients.jedis.util.Pool.getResource(Pool.java:59)
	at redis.clients.jedis.JedisPool.getResource(JedisPool.java:234)
	at redis.clients.jedis.JedisPool.getResource(JedisPool.java:15)
	at org.springframework.data.redis.connection.jedis.JedisConnectionFactory.fetchJedisConnector(JedisConnectionFactory.java:271)
	... 67 common frames omitted
Caused by: redis.clients.jedis.exceptions.JedisConnectionException: java.net.SocketTimeoutException: Read timed out
	at redis.clients.jedis.util.RedisInputStream.ensureFill(RedisInputStream.java:205)
	at redis.clients.jedis.util.RedisInputStream.readByte(RedisInputStream.java:43)
	at redis.clients.jedis.Protocol.process(Protocol.java:155)
	at redis.clients.jedis.Protocol.read(Protocol.java:220)
	at redis.clients.jedis.Connection.readProtocolWithCheckingBroken(Connection.java:318)
	at redis.clients.jedis.Connection.getStatusCodeReply(Connection.java:236)
	at redis.clients.jedis.BinaryJedis.select(BinaryJedis.java:560)
	at redis.clients.jedis.JedisFactory.makeObject(JedisFactory.java:122)
	at org.apache.commons.pool2.impl.GenericObjectPool.create(GenericObjectPool.java:889)
	at org.apache.commons.pool2.impl.GenericObjectPool.borrowObject(GenericObjectPool.java:424)
	at org.apache.commons.pool2.impl.GenericObjectPool.borrowObject(GenericObjectPool.java:349)
	at redis.clients.jedis.util.Pool.getResource(Pool.java:50)
	... 70 common frames omitted
Caused by: java.net.SocketTimeoutException: Read timed out
	at java.net.SocketInputStream.socketRead0(Native Method)
	at java.net.SocketInputStream.socketRead(SocketInputStream.java:116)
	at java.net.SocketInputStream.read(SocketInputStream.java:171)
	at java.net.SocketInputStream.read(SocketInputStream.java:141)
	at java.net.SocketInputStream.read(SocketInputStream.java:127)
	at redis.clients.jedis.util.RedisInputStream.ensureFill(RedisInputStream.java:199)
	... 81 common frames omitted
{
                    "app": "Crmeb",
                    "timestamp":"2025-11-05 10:22:58.664",
                    "level": "ERROR",
                    "thread": "http-nio-20008-exec-9",
                    "class": "o.a.c.c.C.[.[.[/].[dispatcherServlet]",
                    "message": "Servlet.service() for servlet [dispatcherServlet] in context with path [] threw exception" }
                    
org.springframework.data.redis.RedisConnectionFailureException: Cannot get Jedis connection; nested exception is redis.clients.jedis.exceptions.JedisConnectionException: Could not get a resource from the pool
	at org.springframework.data.redis.connection.jedis.JedisConnectionFactory.fetchJedisConnector(JedisConnectionFactory.java:281)
	at org.springframework.data.redis.connection.jedis.JedisConnectionFactory.getConnection(JedisConnectionFactory.java:475)
	at org.springframework.data.redis.core.RedisConnectionUtils.doGetConnection(RedisConnectionUtils.java:134)
	at org.springframework.data.redis.core.RedisConnectionUtils.getConnection(RedisConnectionUtils.java:97)
	at org.springframework.data.redis.core.RedisConnectionUtils.getConnection(RedisConnectionUtils.java:84)
	at org.springframework.data.redis.core.RedisTemplate.execute(RedisTemplate.java:215)
	at org.springframework.data.redis.core.RedisTemplate.execute(RedisTemplate.java:188)
	at org.springframework.data.redis.core.AbstractOperations.execute(AbstractOperations.java:96)
	at org.springframework.data.redis.core.DefaultValueOperations.get(DefaultValueOperations.java:53)
	at com.zbkj.common.utils.RedisUtil.get(RedisUtil.java:149)
	at com.zbkj.admin.filter.TokenComponent.getLoginUser(TokenComponent.java:61)
	at com.zbkj.admin.filter.JwtAuthenticationTokenFilter.doFilterInternal(JwtAuthenticationTokenFilter.java:28)
	at org.springframework.web.filter.OncePerRequestFilter.doFilter(OncePerRequestFilter.java:119)
	at org.springframework.security.web.FilterChainProxy$VirtualFilterChain.doFilter(FilterChainProxy.java:334)
	at org.springframework.web.filter.OncePerRequestFilter.doFilter(OncePerRequestFilter.java:113)
	at org.springframework.security.web.FilterChainProxy$VirtualFilterChain.doFilter(FilterChainProxy.java:334)
	at org.springframework.web.filter.CorsFilter.doFilterInternal(CorsFilter.java:92)
	at org.springframework.web.filter.OncePerRequestFilter.doFilter(OncePerRequestFilter.java:119)
	at org.springframework.security.web.FilterChainProxy$VirtualFilterChain.doFilter(FilterChainProxy.java:334)
	at org.springframework.security.web.authentication.logout.LogoutFilter.doFilter(LogoutFilter.java:116)
	at org.springframework.security.web.FilterChainProxy$VirtualFilterChain.doFilter(FilterChainProxy.java:334)
	at org.springframework.security.web.header.HeaderWriterFilter.doHeadersAfter(HeaderWriterFilter.java:92)
	at org.springframework.security.web.header.HeaderWriterFilter.doFilterInternal(HeaderWriterFilter.java:77)
	at org.springframework.web.filter.OncePerRequestFilter.doFilter(OncePerRequestFilter.java:119)
	at org.springframework.security.web.FilterChainProxy$VirtualFilterChain.doFilter(FilterChainProxy.java:334)
	at org.springframework.security.web.context.SecurityContextPersistenceFilter.doFilter(SecurityContextPersistenceFilter.java:105)
	at org.springframework.security.web.FilterChainProxy$VirtualFilterChain.doFilter(FilterChainProxy.java:334)
	at org.springframework.security.web.context.request.async.WebAsyncManagerIntegrationFilter.doFilterInternal(WebAsyncManagerIntegrationFilter.java:56)
	at org.springframework.web.filter.OncePerRequestFilter.doFilter(OncePerRequestFilter.java:119)
	at org.springframework.security.web.FilterChainProxy$VirtualFilterChain.doFilter(FilterChainProxy.java:334)
	at org.springframework.security.web.FilterChainProxy.doFilterInternal(FilterChainProxy.java:215)
	at org.springframework.security.web.FilterChainProxy.doFilter(FilterChainProxy.java:178)
	at org.springframework.web.filter.DelegatingFilterProxy.invokeDelegate(DelegatingFilterProxy.java:358)
	at org.springframework.web.filter.DelegatingFilterProxy.doFilter(DelegatingFilterProxy.java:271)
	at org.apache.catalina.core.ApplicationFilterChain.internalDoFilter(ApplicationFilterChain.java:193)
	at org.apache.catalina.core.ApplicationFilterChain.doFilter(ApplicationFilterChain.java:166)
	at org.springframework.web.filter.RequestContextFilter.doFilterInternal(RequestContextFilter.java:100)
	at org.springframework.web.filter.OncePerRequestFilter.doFilter(OncePerRequestFilter.java:119)
	at org.apache.catalina.core.ApplicationFilterChain.internalDoFilter(ApplicationFilterChain.java:193)
	at org.apache.catalina.core.ApplicationFilterChain.doFilter(ApplicationFilterChain.java:166)
	at org.springframework.web.filter.FormContentFilter.doFilterInternal(FormContentFilter.java:93)
	at org.springframework.web.filter.OncePerRequestFilter.doFilter(OncePerRequestFilter.java:119)
	at org.apache.catalina.core.ApplicationFilterChain.internalDoFilter(ApplicationFilterChain.java:193)
	at org.apache.catalina.core.ApplicationFilterChain.doFilter(ApplicationFilterChain.java:166)
	at org.springframework.boot.actuate.metrics.web.servlet.WebMvcMetricsFilter.doFilterInternal(WebMvcMetricsFilter.java:109)
	at org.springframework.web.filter.OncePerRequestFilter.doFilter(OncePerRequestFilter.java:119)
	at org.apache.catalina.core.ApplicationFilterChain.internalDoFilter(ApplicationFilterChain.java:193)
	at org.apache.catalina.core.ApplicationFilterChain.doFilter(ApplicationFilterChain.java:166)
	at org.springframework.web.filter.CharacterEncodingFilter.doFilterInternal(CharacterEncodingFilter.java:201)
	at org.springframework.web.filter.OncePerRequestFilter.doFilter(OncePerRequestFilter.java:119)
	at org.apache.catalina.core.ApplicationFilterChain.internalDoFilter(ApplicationFilterChain.java:193)
	at org.apache.catalina.core.ApplicationFilterChain.doFilter(ApplicationFilterChain.java:166)
	at org.apache.catalina.core.StandardWrapperValve.invoke(StandardWrapperValve.java:202)
	at org.apache.catalina.core.StandardContextValve.invoke(StandardContextValve.java:96)
	at org.apache.catalina.authenticator.AuthenticatorBase.invoke(AuthenticatorBase.java:541)
	at org.apache.catalina.core.StandardHostValve.invoke(StandardHostValve.java:139)
	at org.apache.catalina.valves.ErrorReportValve.invoke(ErrorReportValve.java:92)
	at org.apache.catalina.core.StandardEngineValve.invoke(StandardEngineValve.java:74)
	at org.apache.catalina.connector.CoyoteAdapter.service(CoyoteAdapter.java:343)
	at org.apache.coyote.http11.Http11Processor.service(Http11Processor.java:373)
	at org.apache.coyote.AbstractProcessorLight.process(AbstractProcessorLight.java:65)
	at org.apache.coyote.AbstractProtocol$ConnectionHandler.process(AbstractProtocol.java:868)
	at org.apache.tomcat.util.net.NioEndpoint$SocketProcessor.doRun(NioEndpoint.java:1594)
	at org.apache.tomcat.util.net.SocketProcessorBase.run(SocketProcessorBase.java:49)
	at java.util.concurrent.ThreadPoolExecutor.runWorker(ThreadPoolExecutor.java:1149)
	at java.util.concurrent.ThreadPoolExecutor$Worker.run(ThreadPoolExecutor.java:624)
	at org.apache.tomcat.util.threads.TaskThread$WrappingRunnable.run(TaskThread.java:61)
	at java.lang.Thread.run(Thread.java:750)
Caused by: redis.clients.jedis.exceptions.JedisConnectionException: Could not get a resource from the pool
	at redis.clients.jedis.util.Pool.getResource(Pool.java:59)
	at redis.clients.jedis.JedisPool.getResource(JedisPool.java:234)
	at redis.clients.jedis.JedisPool.getResource(JedisPool.java:15)
	at org.springframework.data.redis.connection.jedis.JedisConnectionFactory.fetchJedisConnector(JedisConnectionFactory.java:271)
	... 67 common frames omitted
Caused by: redis.clients.jedis.exceptions.JedisConnectionException: java.net.SocketTimeoutException: Read timed out
	at redis.clients.jedis.util.RedisInputStream.ensureFill(RedisInputStream.java:205)
	at redis.clients.jedis.util.RedisInputStream.readByte(RedisInputStream.java:43)
	at redis.clients.jedis.Protocol.process(Protocol.java:155)
	at redis.clients.jedis.Protocol.read(Protocol.java:220)
	at redis.clients.jedis.Connection.readProtocolWithCheckingBroken(Connection.java:318)
	at redis.clients.jedis.Connection.getStatusCodeReply(Connection.java:236)
	at redis.clients.jedis.BinaryJedis.select(BinaryJedis.java:560)
	at redis.clients.jedis.JedisFactory.makeObject(JedisFactory.java:122)
	at org.apache.commons.pool2.impl.GenericObjectPool.create(GenericObjectPool.java:889)
	at org.apache.commons.pool2.impl.GenericObjectPool.borrowObject(GenericObjectPool.java:424)
	at org.apache.commons.pool2.impl.GenericObjectPool.borrowObject(GenericObjectPool.java:349)
	at redis.clients.jedis.util.Pool.getResource(Pool.java:50)
	... 70 common frames omitted
Caused by: java.net.SocketTimeoutException: Read timed out
	at java.net.SocketInputStream.socketRead0(Native Method)
	at java.net.SocketInputStream.socketRead(SocketInputStream.java:116)
	at java.net.SocketInputStream.read(SocketInputStream.java:171)
	at java.net.SocketInputStream.read(SocketInputStream.java:141)
	at java.net.SocketInputStream.read(SocketInputStream.java:127)
	at redis.clients.jedis.util.RedisInputStream.ensureFill(RedisInputStream.java:199)
	... 81 common frames omitted
{
                    "app": "Crmeb",
                    "timestamp":"2025-11-05 10:22:58.664",
                    "level": "ERROR",
                    "thread": "http-nio-20008-exec-22",
                    "class": "o.a.c.c.C.[.[.[/].[dispatcherServlet]",
                    "message": "Servlet.service() for servlet [dispatcherServlet] in context with path [] threw exception" }
                    
org.springframework.data.redis.RedisConnectionFailureException: Cannot get Jedis connection; nested exception is redis.clients.jedis.exceptions.JedisConnectionException: Could not get a resource from the pool
	at org.springframework.data.redis.connection.jedis.JedisConnectionFactory.fetchJedisConnector(JedisConnectionFactory.java:281)
	at org.springframework.data.redis.connection.jedis.JedisConnectionFactory.getConnection(JedisConnectionFactory.java:475)
	at org.springframework.data.redis.core.RedisConnectionUtils.doGetConnection(RedisConnectionUtils.java:134)
	at org.springframework.data.redis.core.RedisConnectionUtils.getConnection(RedisConnectionUtils.java:97)
	at org.springframework.data.redis.core.RedisConnectionUtils.getConnection(RedisConnectionUtils.java:84)
	at org.springframework.data.redis.core.RedisTemplate.execute(RedisTemplate.java:215)
	at org.springframework.data.redis.core.RedisTemplate.execute(RedisTemplate.java:188)
	at org.springframework.data.redis.core.AbstractOperations.execute(AbstractOperations.java:96)
	at org.springframework.data.redis.core.DefaultValueOperations.get(DefaultValueOperations.java:53)
	at com.zbkj.common.utils.RedisUtil.get(RedisUtil.java:149)
	at com.zbkj.admin.filter.TokenComponent.getLoginUser(TokenComponent.java:61)
	at com.zbkj.admin.filter.JwtAuthenticationTokenFilter.doFilterInternal(JwtAuthenticationTokenFilter.java:28)
	at org.springframework.web.filter.OncePerRequestFilter.doFilter(OncePerRequestFilter.java:119)
	at org.springframework.security.web.FilterChainProxy$VirtualFilterChain.doFilter(FilterChainProxy.java:334)
	at org.springframework.web.filter.OncePerRequestFilter.doFilter(OncePerRequestFilter.java:113)
	at org.springframework.security.web.FilterChainProxy$VirtualFilterChain.doFilter(FilterChainProxy.java:334)
	at org.springframework.web.filter.CorsFilter.doFilterInternal(CorsFilter.java:92)
	at org.springframework.web.filter.OncePerRequestFilter.doFilter(OncePerRequestFilter.java:119)
	at org.springframework.security.web.FilterChainProxy$VirtualFilterChain.doFilter(FilterChainProxy.java:334)
	at org.springframework.security.web.authentication.logout.LogoutFilter.doFilter(LogoutFilter.java:116)
	at org.springframework.security.web.FilterChainProxy$VirtualFilterChain.doFilter(FilterChainProxy.java:334)
	at org.springframework.security.web.header.HeaderWriterFilter.doHeadersAfter(HeaderWriterFilter.java:92)
	at org.springframework.security.web.header.HeaderWriterFilter.doFilterInternal(HeaderWriterFilter.java:77)
	at org.springframework.web.filter.OncePerRequestFilter.doFilter(OncePerRequestFilter.java:119)
	at org.springframework.security.web.FilterChainProxy$VirtualFilterChain.doFilter(FilterChainProxy.java:334)
	at org.springframework.security.web.context.SecurityContextPersistenceFilter.doFilter(SecurityContextPersistenceFilter.java:105)
	at org.springframework.security.web.FilterChainProxy$VirtualFilterChain.doFilter(FilterChainProxy.java:334)
	at org.springframework.security.web.context.request.async.WebAsyncManagerIntegrationFilter.doFilterInternal(WebAsyncManagerIntegrationFilter.java:56)
	at org.springframework.web.filter.OncePerRequestFilter.doFilter(OncePerRequestFilter.java:119)
	at org.springframework.security.web.FilterChainProxy$VirtualFilterChain.doFilter(FilterChainProxy.java:334)
	at org.springframework.security.web.FilterChainProxy.doFilterInternal(FilterChainProxy.java:215)
	at org.springframework.security.web.FilterChainProxy.doFilter(FilterChainProxy.java:178)
	at org.springframework.web.filter.DelegatingFilterProxy.invokeDelegate(DelegatingFilterProxy.java:358)
	at org.springframework.web.filter.DelegatingFilterProxy.doFilter(DelegatingFilterProxy.java:271)
	at org.apache.catalina.core.ApplicationFilterChain.internalDoFilter(ApplicationFilterChain.java:193)
	at org.apache.catalina.core.ApplicationFilterChain.doFilter(ApplicationFilterChain.java:166)
	at org.springframework.web.filter.RequestContextFilter.doFilterInternal(RequestContextFilter.java:100)
	at org.springframework.web.filter.OncePerRequestFilter.doFilter(OncePerRequestFilter.java:119)
	at org.apache.catalina.core.ApplicationFilterChain.internalDoFilter(ApplicationFilterChain.java:193)
	at org.apache.catalina.core.ApplicationFilterChain.doFilter(ApplicationFilterChain.java:166)
	at org.springframework.web.filter.FormContentFilter.doFilterInternal(FormContentFilter.java:93)
	at org.springframework.web.filter.OncePerRequestFilter.doFilter(OncePerRequestFilter.java:119)
	at org.apache.catalina.core.ApplicationFilterChain.internalDoFilter(ApplicationFilterChain.java:193)
	at org.apache.catalina.core.ApplicationFilterChain.doFilter(ApplicationFilterChain.java:166)
	at org.springframework.boot.actuate.metrics.web.servlet.WebMvcMetricsFilter.doFilterInternal(WebMvcMetricsFilter.java:109)
	at org.springframework.web.filter.OncePerRequestFilter.doFilter(OncePerRequestFilter.java:119)
	at org.apache.catalina.core.ApplicationFilterChain.internalDoFilter(ApplicationFilterChain.java:193)
	at org.apache.catalina.core.ApplicationFilterChain.doFilter(ApplicationFilterChain.java:166)
	at org.springframework.web.filter.CharacterEncodingFilter.doFilterInternal(CharacterEncodingFilter.java:201)
	at org.springframework.web.filter.OncePerRequestFilter.doFilter(OncePerRequestFilter.java:119)
	at org.apache.catalina.core.ApplicationFilterChain.internalDoFilter(ApplicationFilterChain.java:193)
	at org.apache.catalina.core.ApplicationFilterChain.doFilter(ApplicationFilterChain.java:166)
	at org.apache.catalina.core.StandardWrapperValve.invoke(StandardWrapperValve.java:202)
	at org.apache.catalina.core.StandardContextValve.invoke(StandardContextValve.java:96)
	at org.apache.catalina.authenticator.AuthenticatorBase.invoke(AuthenticatorBase.java:541)
	at org.apache.catalina.core.StandardHostValve.invoke(StandardHostValve.java:139)
	at org.apache.catalina.valves.ErrorReportValve.invoke(ErrorReportValve.java:92)
	at org.apache.catalina.core.StandardEngineValve.invoke(StandardEngineValve.java:74)
	at org.apache.catalina.connector.CoyoteAdapter.service(CoyoteAdapter.java:343)
	at org.apache.coyote.http11.Http11Processor.service(Http11Processor.java:373)
	at org.apache.coyote.AbstractProcessorLight.process(AbstractProcessorLight.java:65)
	at org.apache.coyote.AbstractProtocol$ConnectionHandler.process(AbstractProtocol.java:868)
	at org.apache.tomcat.util.net.NioEndpoint$SocketProcessor.doRun(NioEndpoint.java:1594)
	at org.apache.tomcat.util.net.SocketProcessorBase.run(SocketProcessorBase.java:49)
	at java.util.concurrent.ThreadPoolExecutor.runWorker(ThreadPoolExecutor.java:1149)
	at java.util.concurrent.ThreadPoolExecutor$Worker.run(ThreadPoolExecutor.java:624)
	at org.apache.tomcat.util.threads.TaskThread$WrappingRunnable.run(TaskThread.java:61)
	at java.lang.Thread.run(Thread.java:750)
Caused by: redis.clients.jedis.exceptions.JedisConnectionException: Could not get a resource from the pool
	at redis.clients.jedis.util.Pool.getResource(Pool.java:59)
	at redis.clients.jedis.JedisPool.getResource(JedisPool.java:234)
	at redis.clients.jedis.JedisPool.getResource(JedisPool.java:15)
	at org.springframework.data.redis.connection.jedis.JedisConnectionFactory.fetchJedisConnector(JedisConnectionFactory.java:271)
	... 67 common frames omitted
Caused by: redis.clients.jedis.exceptions.JedisConnectionException: java.net.SocketTimeoutException: Read timed out
	at redis.clients.jedis.util.RedisInputStream.ensureFill(RedisInputStream.java:205)
	at redis.clients.jedis.util.RedisInputStream.readByte(RedisInputStream.java:43)
	at redis.clients.jedis.Protocol.process(Protocol.java:155)
	at redis.clients.jedis.Protocol.read(Protocol.java:220)
	at redis.clients.jedis.Connection.readProtocolWithCheckingBroken(Connection.java:318)
	at redis.clients.jedis.Connection.getStatusCodeReply(Connection.java:236)
	at redis.clients.jedis.BinaryJedis.select(BinaryJedis.java:560)
	at redis.clients.jedis.JedisFactory.makeObject(JedisFactory.java:122)
	at org.apache.commons.pool2.impl.GenericObjectPool.create(GenericObjectPool.java:889)
	at org.apache.commons.pool2.impl.GenericObjectPool.borrowObject(GenericObjectPool.java:424)
	at org.apache.commons.pool2.impl.GenericObjectPool.borrowObject(GenericObjectPool.java:349)
	at redis.clients.jedis.util.Pool.getResource(Pool.java:50)
	... 70 common frames omitted
Caused by: java.net.SocketTimeoutException: Read timed out
	at java.net.SocketInputStream.socketRead0(Native Method)
	at java.net.SocketInputStream.socketRead(SocketInputStream.java:116)
	at java.net.SocketInputStream.read(SocketInputStream.java:171)
	at java.net.SocketInputStream.read(SocketInputStream.java:141)
	at java.net.SocketInputStream.read(SocketInputStream.java:127)
	at redis.clients.jedis.util.RedisInputStream.ensureFill(RedisInputStream.java:199)
	... 81 common frames omitted
{
                    "app": "Crmeb",
                    "timestamp":"2025-11-05 10:22:58.664",
                    "level": "ERROR",
                    "thread": "http-nio-20008-exec-23",
                    "class": "o.a.c.c.C.[.[.[/].[dispatcherServlet]",
                    "message": "Servlet.service() for servlet [dispatcherServlet] in context with path [] threw exception" }
                    
org.springframework.data.redis.RedisConnectionFailureException: Cannot get Jedis connection; nested exception is redis.clients.jedis.exceptions.JedisConnectionException: Could not get a resource from the pool
	at org.springframework.data.redis.connection.jedis.JedisConnectionFactory.fetchJedisConnector(JedisConnectionFactory.java:281)
	at org.springframework.data.redis.connection.jedis.JedisConnectionFactory.getConnection(JedisConnectionFactory.java:475)
	at org.springframework.data.redis.core.RedisConnectionUtils.doGetConnection(RedisConnectionUtils.java:134)
	at org.springframework.data.redis.core.RedisConnectionUtils.getConnection(RedisConnectionUtils.java:97)
	at org.springframework.data.redis.core.RedisConnectionUtils.getConnection(RedisConnectionUtils.java:84)
	at org.springframework.data.redis.core.RedisTemplate.execute(RedisTemplate.java:215)
	at org.springframework.data.redis.core.RedisTemplate.execute(RedisTemplate.java:188)
	at org.springframework.data.redis.core.AbstractOperations.execute(AbstractOperations.java:96)
	at org.springframework.data.redis.core.DefaultValueOperations.get(DefaultValueOperations.java:53)
	at com.zbkj.common.utils.RedisUtil.get(RedisUtil.java:149)
	at com.zbkj.admin.filter.TokenComponent.getLoginUser(TokenComponent.java:61)
	at com.zbkj.admin.filter.JwtAuthenticationTokenFilter.doFilterInternal(JwtAuthenticationTokenFilter.java:28)
	at org.springframework.web.filter.OncePerRequestFilter.doFilter(OncePerRequestFilter.java:119)
	at org.springframework.security.web.FilterChainProxy$VirtualFilterChain.doFilter(FilterChainProxy.java:334)
	at org.springframework.web.filter.OncePerRequestFilter.doFilter(OncePerRequestFilter.java:113)
	at org.springframework.security.web.FilterChainProxy$VirtualFilterChain.doFilter(FilterChainProxy.java:334)
	at org.springframework.web.filter.CorsFilter.doFilterInternal(CorsFilter.java:92)
	at org.springframework.web.filter.OncePerRequestFilter.doFilter(OncePerRequestFilter.java:119)
	at org.springframework.security.web.FilterChainProxy$VirtualFilterChain.doFilter(FilterChainProxy.java:334)
	at org.springframework.security.web.authentication.logout.LogoutFilter.doFilter(LogoutFilter.java:116)
	at org.springframework.security.web.FilterChainProxy$VirtualFilterChain.doFilter(FilterChainProxy.java:334)
	at org.springframework.security.web.header.HeaderWriterFilter.doHeadersAfter(HeaderWriterFilter.java:92)
	at org.springframework.security.web.header.HeaderWriterFilter.doFilterInternal(HeaderWriterFilter.java:77)
	at org.springframework.web.filter.OncePerRequestFilter.doFilter(OncePerRequestFilter.java:119)
	at org.springframework.security.web.FilterChainProxy$VirtualFilterChain.doFilter(FilterChainProxy.java:334)
	at org.springframework.security.web.context.SecurityContextPersistenceFilter.doFilter(SecurityContextPersistenceFilter.java:105)
	at org.springframework.security.web.FilterChainProxy$VirtualFilterChain.doFilter(FilterChainProxy.java:334)
	at org.springframework.security.web.context.request.async.WebAsyncManagerIntegrationFilter.doFilterInternal(WebAsyncManagerIntegrationFilter.java:56)
	at org.springframework.web.filter.OncePerRequestFilter.doFilter(OncePerRequestFilter.java:119)
	at org.springframework.security.web.FilterChainProxy$VirtualFilterChain.doFilter(FilterChainProxy.java:334)
	at org.springframework.security.web.FilterChainProxy.doFilterInternal(FilterChainProxy.java:215)
	at org.springframework.security.web.FilterChainProxy.doFilter(FilterChainProxy.java:178)
	at org.springframework.web.filter.DelegatingFilterProxy.invokeDelegate(DelegatingFilterProxy.java:358)
	at org.springframework.web.filter.DelegatingFilterProxy.doFilter(DelegatingFilterProxy.java:271)
	at org.apache.catalina.core.ApplicationFilterChain.internalDoFilter(ApplicationFilterChain.java:193)
	at org.apache.catalina.core.ApplicationFilterChain.doFilter(ApplicationFilterChain.java:166)
	at org.springframework.web.filter.RequestContextFilter.doFilterInternal(RequestContextFilter.java:100)
	at org.springframework.web.filter.OncePerRequestFilter.doFilter(OncePerRequestFilter.java:119)
	at org.apache.catalina.core.ApplicationFilterChain.internalDoFilter(ApplicationFilterChain.java:193)
	at org.apache.catalina.core.ApplicationFilterChain.doFilter(ApplicationFilterChain.java:166)
	at org.springframework.web.filter.FormContentFilter.doFilterInternal(FormContentFilter.java:93)
	at org.springframework.web.filter.OncePerRequestFilter.doFilter(OncePerRequestFilter.java:119)
	at org.apache.catalina.core.ApplicationFilterChain.internalDoFilter(ApplicationFilterChain.java:193)
	at org.apache.catalina.core.ApplicationFilterChain.doFilter(ApplicationFilterChain.java:166)
	at org.springframework.boot.actuate.metrics.web.servlet.WebMvcMetricsFilter.doFilterInternal(WebMvcMetricsFilter.java:109)
	at org.springframework.web.filter.OncePerRequestFilter.doFilter(OncePerRequestFilter.java:119)
	at org.apache.catalina.core.ApplicationFilterChain.internalDoFilter(ApplicationFilterChain.java:193)
	at org.apache.catalina.core.ApplicationFilterChain.doFilter(ApplicationFilterChain.java:166)
	at org.springframework.web.filter.CharacterEncodingFilter.doFilterInternal(CharacterEncodingFilter.java:201)
	at org.springframework.web.filter.OncePerRequestFilter.doFilter(OncePerRequestFilter.java:119)
	at org.apache.catalina.core.ApplicationFilterChain.internalDoFilter(ApplicationFilterChain.java:193)
	at org.apache.catalina.core.ApplicationFilterChain.doFilter(ApplicationFilterChain.java:166)
	at org.apache.catalina.core.StandardWrapperValve.invoke(StandardWrapperValve.java:202)
	at org.apache.catalina.core.StandardContextValve.invoke(StandardContextValve.java:96)
	at org.apache.catalina.authenticator.AuthenticatorBase.invoke(AuthenticatorBase.java:541)
	at org.apache.catalina.core.StandardHostValve.invoke(StandardHostValve.java:139)
	at org.apache.catalina.valves.ErrorReportValve.invoke(ErrorReportValve.java:92)
	at org.apache.catalina.core.StandardEngineValve.invoke(StandardEngineValve.java:74)
	at org.apache.catalina.connector.CoyoteAdapter.service(CoyoteAdapter.java:343)
	at org.apache.coyote.http11.Http11Processor.service(Http11Processor.java:373)
	at org.apache.coyote.AbstractProcessorLight.process(AbstractProcessorLight.java:65)
	at org.apache.coyote.AbstractProtocol$ConnectionHandler.process(AbstractProtocol.java:868)
	at org.apache.tomcat.util.net.NioEndpoint$SocketProcessor.doRun(NioEndpoint.java:1594)
	at org.apache.tomcat.util.net.SocketProcessorBase.run(SocketProcessorBase.java:49)
	at java.util.concurrent.ThreadPoolExecutor.runWorker(ThreadPoolExecutor.java:1149)
	at java.util.concurrent.ThreadPoolExecutor$Worker.run(ThreadPoolExecutor.java:624)
	at org.apache.tomcat.util.threads.TaskThread$WrappingRunnable.run(TaskThread.java:61)
	at java.lang.Thread.run(Thread.java:750)
Caused by: redis.clients.jedis.exceptions.JedisConnectionException: Could not get a resource from the pool
	at redis.clients.jedis.util.Pool.getResource(Pool.java:59)
	at redis.clients.jedis.JedisPool.getResource(JedisPool.java:234)
	at redis.clients.jedis.JedisPool.getResource(JedisPool.java:15)
	at org.springframework.data.redis.connection.jedis.JedisConnectionFactory.fetchJedisConnector(JedisConnectionFactory.java:271)
	... 67 common frames omitted
Caused by: redis.clients.jedis.exceptions.JedisConnectionException: java.net.SocketTimeoutException: Read timed out
	at redis.clients.jedis.util.RedisInputStream.ensureFill(RedisInputStream.java:205)
	at redis.clients.jedis.util.RedisInputStream.readByte(RedisInputStream.java:43)
	at redis.clients.jedis.Protocol.process(Protocol.java:155)
	at redis.clients.jedis.Protocol.read(Protocol.java:220)
	at redis.clients.jedis.Connection.readProtocolWithCheckingBroken(Connection.java:318)
	at redis.clients.jedis.Connection.getStatusCodeReply(Connection.java:236)
	at redis.clients.jedis.BinaryJedis.select(BinaryJedis.java:560)
	at redis.clients.jedis.JedisFactory.makeObject(JedisFactory.java:122)
	at org.apache.commons.pool2.impl.GenericObjectPool.create(GenericObjectPool.java:889)
	at org.apache.commons.pool2.impl.GenericObjectPool.borrowObject(GenericObjectPool.java:424)
	at org.apache.commons.pool2.impl.GenericObjectPool.borrowObject(GenericObjectPool.java:349)
	at redis.clients.jedis.util.Pool.getResource(Pool.java:50)
	... 70 common frames omitted
Caused by: java.net.SocketTimeoutException: Read timed out
	at java.net.SocketInputStream.socketRead0(Native Method)
	at java.net.SocketInputStream.socketRead(SocketInputStream.java:116)
	at java.net.SocketInputStream.read(SocketInputStream.java:171)
	at java.net.SocketInputStream.read(SocketInputStream.java:141)
	at java.net.SocketInputStream.read(SocketInputStream.java:127)
	at redis.clients.jedis.util.RedisInputStream.ensureFill(RedisInputStream.java:199)
	... 81 common frames omitted
{
                    "app": "Crmeb",
                    "timestamp":"2025-11-05 10:23:08.306",
                    "level": "ERROR",
                    "thread": "http-nio-20008-exec-27",
                    "class": "o.a.c.c.C.[.[.[/].[dispatcherServlet]",
                    "message": "Servlet.service() for servlet [dispatcherServlet] in context with path [] threw exception" }
                    
org.springframework.data.redis.RedisConnectionFailureException: Cannot get Jedis connection; nested exception is redis.clients.jedis.exceptions.JedisConnectionException: Could not get a resource from the pool
	at org.springframework.data.redis.connection.jedis.JedisConnectionFactory.fetchJedisConnector(JedisConnectionFactory.java:281)
	at org.springframework.data.redis.connection.jedis.JedisConnectionFactory.getConnection(JedisConnectionFactory.java:475)
	at org.springframework.data.redis.core.RedisConnectionUtils.doGetConnection(RedisConnectionUtils.java:134)
	at org.springframework.data.redis.core.RedisConnectionUtils.getConnection(RedisConnectionUtils.java:97)
	at org.springframework.data.redis.core.RedisConnectionUtils.getConnection(RedisConnectionUtils.java:84)
	at org.springframework.data.redis.core.RedisTemplate.execute(RedisTemplate.java:215)
	at org.springframework.data.redis.core.RedisTemplate.execute(RedisTemplate.java:188)
	at org.springframework.data.redis.core.AbstractOperations.execute(AbstractOperations.java:96)
	at org.springframework.data.redis.core.DefaultValueOperations.get(DefaultValueOperations.java:53)
	at com.zbkj.common.utils.RedisUtil.get(RedisUtil.java:149)
	at com.zbkj.admin.filter.TokenComponent.getLoginUser(TokenComponent.java:61)
	at com.zbkj.admin.filter.JwtAuthenticationTokenFilter.doFilterInternal(JwtAuthenticationTokenFilter.java:28)
	at org.springframework.web.filter.OncePerRequestFilter.doFilter(OncePerRequestFilter.java:119)
	at org.springframework.security.web.FilterChainProxy$VirtualFilterChain.doFilter(FilterChainProxy.java:334)
	at org.springframework.web.filter.OncePerRequestFilter.doFilter(OncePerRequestFilter.java:113)
	at org.springframework.security.web.FilterChainProxy$VirtualFilterChain.doFilter(FilterChainProxy.java:334)
	at org.springframework.web.filter.CorsFilter.doFilterInternal(CorsFilter.java:92)
	at org.springframework.web.filter.OncePerRequestFilter.doFilter(OncePerRequestFilter.java:119)
	at org.springframework.security.web.FilterChainProxy$VirtualFilterChain.doFilter(FilterChainProxy.java:334)
	at org.springframework.security.web.authentication.logout.LogoutFilter.doFilter(LogoutFilter.java:116)
	at org.springframework.security.web.FilterChainProxy$VirtualFilterChain.doFilter(FilterChainProxy.java:334)
	at org.springframework.security.web.header.HeaderWriterFilter.doHeadersAfter(HeaderWriterFilter.java:92)
	at org.springframework.security.web.header.HeaderWriterFilter.doFilterInternal(HeaderWriterFilter.java:77)
	at org.springframework.web.filter.OncePerRequestFilter.doFilter(OncePerRequestFilter.java:119)
	at org.springframework.security.web.FilterChainProxy$VirtualFilterChain.doFilter(FilterChainProxy.java:334)
	at org.springframework.security.web.context.SecurityContextPersistenceFilter.doFilter(SecurityContextPersistenceFilter.java:105)
	at org.springframework.security.web.FilterChainProxy$VirtualFilterChain.doFilter(FilterChainProxy.java:334)
	at org.springframework.security.web.context.request.async.WebAsyncManagerIntegrationFilter.doFilterInternal(WebAsyncManagerIntegrationFilter.java:56)
	at org.springframework.web.filter.OncePerRequestFilter.doFilter(OncePerRequestFilter.java:119)
	at org.springframework.security.web.FilterChainProxy$VirtualFilterChain.doFilter(FilterChainProxy.java:334)
	at org.springframework.security.web.FilterChainProxy.doFilterInternal(FilterChainProxy.java:215)
	at org.springframework.security.web.FilterChainProxy.doFilter(FilterChainProxy.java:178)
	at org.springframework.web.filter.DelegatingFilterProxy.invokeDelegate(DelegatingFilterProxy.java:358)
	at org.springframework.web.filter.DelegatingFilterProxy.doFilter(DelegatingFilterProxy.java:271)
	at org.apache.catalina.core.ApplicationFilterChain.internalDoFilter(ApplicationFilterChain.java:193)
	at org.apache.catalina.core.ApplicationFilterChain.doFilter(ApplicationFilterChain.java:166)
	at org.springframework.web.filter.RequestContextFilter.doFilterInternal(RequestContextFilter.java:100)
	at org.springframework.web.filter.OncePerRequestFilter.doFilter(OncePerRequestFilter.java:119)
	at org.apache.catalina.core.ApplicationFilterChain.internalDoFilter(ApplicationFilterChain.java:193)
	at org.apache.catalina.core.ApplicationFilterChain.doFilter(ApplicationFilterChain.java:166)
	at org.springframework.web.filter.FormContentFilter.doFilterInternal(FormContentFilter.java:93)
	at org.springframework.web.filter.OncePerRequestFilter.doFilter(OncePerRequestFilter.java:119)
	at org.apache.catalina.core.ApplicationFilterChain.internalDoFilter(ApplicationFilterChain.java:193)
	at org.apache.catalina.core.ApplicationFilterChain.doFilter(ApplicationFilterChain.java:166)
	at org.springframework.boot.actuate.metrics.web.servlet.WebMvcMetricsFilter.doFilterInternal(WebMvcMetricsFilter.java:109)
	at org.springframework.web.filter.OncePerRequestFilter.doFilter(OncePerRequestFilter.java:119)
	at org.apache.catalina.core.ApplicationFilterChain.internalDoFilter(ApplicationFilterChain.java:193)
	at org.apache.catalina.core.ApplicationFilterChain.doFilter(ApplicationFilterChain.java:166)
	at org.springframework.web.filter.CharacterEncodingFilter.doFilterInternal(CharacterEncodingFilter.java:201)
	at org.springframework.web.filter.OncePerRequestFilter.doFilter(OncePerRequestFilter.java:119)
	at org.apache.catalina.core.ApplicationFilterChain.internalDoFilter(ApplicationFilterChain.java:193)
	at org.apache.catalina.core.ApplicationFilterChain.doFilter(ApplicationFilterChain.java:166)
	at org.apache.catalina.core.StandardWrapperValve.invoke(StandardWrapperValve.java:202)
	at org.apache.catalina.core.StandardContextValve.invoke(StandardContextValve.java:96)
	at org.apache.catalina.authenticator.AuthenticatorBase.invoke(AuthenticatorBase.java:541)
	at org.apache.catalina.core.StandardHostValve.invoke(StandardHostValve.java:139)
	at org.apache.catalina.valves.ErrorReportValve.invoke(ErrorReportValve.java:92)
	at org.apache.catalina.core.StandardEngineValve.invoke(StandardEngineValve.java:74)
	at org.apache.catalina.connector.CoyoteAdapter.service(CoyoteAdapter.java:343)
	at org.apache.coyote.http11.Http11Processor.service(Http11Processor.java:373)
	at org.apache.coyote.AbstractProcessorLight.process(AbstractProcessorLight.java:65)
	at org.apache.coyote.AbstractProtocol$ConnectionHandler.process(AbstractProtocol.java:868)
	at org.apache.tomcat.util.net.NioEndpoint$SocketProcessor.doRun(NioEndpoint.java:1594)
	at org.apache.tomcat.util.net.SocketProcessorBase.run(SocketProcessorBase.java:49)
	at java.util.concurrent.ThreadPoolExecutor.runWorker(ThreadPoolExecutor.java:1149)
	at java.util.concurrent.ThreadPoolExecutor$Worker.run(ThreadPoolExecutor.java:624)
	at org.apache.tomcat.util.threads.TaskThread$WrappingRunnable.run(TaskThread.java:61)
	at java.lang.Thread.run(Thread.java:750)
Caused by: redis.clients.jedis.exceptions.JedisConnectionException: Could not get a resource from the pool
	at redis.clients.jedis.util.Pool.getResource(Pool.java:59)
	at redis.clients.jedis.JedisPool.getResource(JedisPool.java:234)
	at redis.clients.jedis.JedisPool.getResource(JedisPool.java:15)
	at org.springframework.data.redis.connection.jedis.JedisConnectionFactory.fetchJedisConnector(JedisConnectionFactory.java:271)
	... 67 common frames omitted
Caused by: redis.clients.jedis.exceptions.JedisConnectionException: java.net.SocketTimeoutException: Read timed out
	at redis.clients.jedis.util.RedisInputStream.ensureFill(RedisInputStream.java:205)
	at redis.clients.jedis.util.RedisInputStream.readByte(RedisInputStream.java:43)
	at redis.clients.jedis.Protocol.process(Protocol.java:155)
	at redis.clients.jedis.Protocol.read(Protocol.java:220)
	at redis.clients.jedis.Connection.readProtocolWithCheckingBroken(Connection.java:318)
	at redis.clients.jedis.Connection.getStatusCodeReply(Connection.java:236)
	at redis.clients.jedis.BinaryJedis.select(BinaryJedis.java:560)
	at redis.clients.jedis.JedisFactory.makeObject(JedisFactory.java:122)
	at org.apache.commons.pool2.impl.GenericObjectPool.create(GenericObjectPool.java:889)
	at org.apache.commons.pool2.impl.GenericObjectPool.borrowObject(GenericObjectPool.java:424)
	at org.apache.commons.pool2.impl.GenericObjectPool.borrowObject(GenericObjectPool.java:349)
	at redis.clients.jedis.util.Pool.getResource(Pool.java:50)
	... 70 common frames omitted
Caused by: java.net.SocketTimeoutException: Read timed out
	at java.net.SocketInputStream.socketRead0(Native Method)
	at java.net.SocketInputStream.socketRead(SocketInputStream.java:116)
	at java.net.SocketInputStream.read(SocketInputStream.java:171)
	at java.net.SocketInputStream.read(SocketInputStream.java:141)
	at java.net.SocketInputStream.read(SocketInputStream.java:127)
	at redis.clients.jedis.util.RedisInputStream.ensureFill(RedisInputStream.java:199)
	... 81 common frames omitted
{
                    "app": "Crmeb",
                    "timestamp":"2025-11-05 10:23:08.319",
                    "level": "ERROR",
                    "thread": "http-nio-20008-exec-17",
                    "class": "o.a.c.c.C.[.[.[/].[dispatcherServlet]",
                    "message": "Servlet.service() for servlet [dispatcherServlet] in context with path [] threw exception" }
                    
org.springframework.data.redis.RedisConnectionFailureException: Cannot get Jedis connection; nested exception is redis.clients.jedis.exceptions.JedisConnectionException: Could not get a resource from the pool
	at org.springframework.data.redis.connection.jedis.JedisConnectionFactory.fetchJedisConnector(JedisConnectionFactory.java:281)
	at org.springframework.data.redis.connection.jedis.JedisConnectionFactory.getConnection(JedisConnectionFactory.java:475)
	at org.springframework.data.redis.core.RedisConnectionUtils.doGetConnection(RedisConnectionUtils.java:134)
	at org.springframework.data.redis.core.RedisConnectionUtils.getConnection(RedisConnectionUtils.java:97)
	at org.springframework.data.redis.core.RedisConnectionUtils.getConnection(RedisConnectionUtils.java:84)
	at org.springframework.data.redis.core.RedisTemplate.execute(RedisTemplate.java:215)
	at org.springframework.data.redis.core.RedisTemplate.execute(RedisTemplate.java:188)
	at org.springframework.data.redis.core.AbstractOperations.execute(AbstractOperations.java:96)
	at org.springframework.data.redis.core.DefaultValueOperations.get(DefaultValueOperations.java:53)
	at com.zbkj.common.utils.RedisUtil.get(RedisUtil.java:149)
	at com.zbkj.admin.filter.TokenComponent.getLoginUser(TokenComponent.java:61)
	at com.zbkj.admin.filter.JwtAuthenticationTokenFilter.doFilterInternal(JwtAuthenticationTokenFilter.java:28)
	at org.springframework.web.filter.OncePerRequestFilter.doFilter(OncePerRequestFilter.java:119)
	at org.springframework.security.web.FilterChainProxy$VirtualFilterChain.doFilter(FilterChainProxy.java:334)
	at org.springframework.web.filter.OncePerRequestFilter.doFilter(OncePerRequestFilter.java:113)
	at org.springframework.security.web.FilterChainProxy$VirtualFilterChain.doFilter(FilterChainProxy.java:334)
	at org.springframework.web.filter.CorsFilter.doFilterInternal(CorsFilter.java:92)
	at org.springframework.web.filter.OncePerRequestFilter.doFilter(OncePerRequestFilter.java:119)
	at org.springframework.security.web.FilterChainProxy$VirtualFilterChain.doFilter(FilterChainProxy.java:334)
	at org.springframework.security.web.authentication.logout.LogoutFilter.doFilter(LogoutFilter.java:116)
	at org.springframework.security.web.FilterChainProxy$VirtualFilterChain.doFilter(FilterChainProxy.java:334)
	at org.springframework.security.web.header.HeaderWriterFilter.doHeadersAfter(HeaderWriterFilter.java:92)
	at org.springframework.security.web.header.HeaderWriterFilter.doFilterInternal(HeaderWriterFilter.java:77)
	at org.springframework.web.filter.OncePerRequestFilter.doFilter(OncePerRequestFilter.java:119)
	at org.springframework.security.web.FilterChainProxy$VirtualFilterChain.doFilter(FilterChainProxy.java:334)
	at org.springframework.security.web.context.SecurityContextPersistenceFilter.doFilter(SecurityContextPersistenceFilter.java:105)
	at org.springframework.security.web.FilterChainProxy$VirtualFilterChain.doFilter(FilterChainProxy.java:334)
	at org.springframework.security.web.context.request.async.WebAsyncManagerIntegrationFilter.doFilterInternal(WebAsyncManagerIntegrationFilter.java:56)
	at org.springframework.web.filter.OncePerRequestFilter.doFilter(OncePerRequestFilter.java:119)
	at org.springframework.security.web.FilterChainProxy$VirtualFilterChain.doFilter(FilterChainProxy.java:334)
	at org.springframework.security.web.FilterChainProxy.doFilterInternal(FilterChainProxy.java:215)
	at org.springframework.security.web.FilterChainProxy.doFilter(FilterChainProxy.java:178)
	at org.springframework.web.filter.DelegatingFilterProxy.invokeDelegate(DelegatingFilterProxy.java:358)
	at org.springframework.web.filter.DelegatingFilterProxy.doFilter(DelegatingFilterProxy.java:271)
	at org.apache.catalina.core.ApplicationFilterChain.internalDoFilter(ApplicationFilterChain.java:193)
	at org.apache.catalina.core.ApplicationFilterChain.doFilter(ApplicationFilterChain.java:166)
	at org.springframework.web.filter.RequestContextFilter.doFilterInternal(RequestContextFilter.java:100)
	at org.springframework.web.filter.OncePerRequestFilter.doFilter(OncePerRequestFilter.java:119)
	at org.apache.catalina.core.ApplicationFilterChain.internalDoFilter(ApplicationFilterChain.java:193)
	at org.apache.catalina.core.ApplicationFilterChain.doFilter(ApplicationFilterChain.java:166)
	at org.springframework.web.filter.FormContentFilter.doFilterInternal(FormContentFilter.java:93)
	at org.springframework.web.filter.OncePerRequestFilter.doFilter(OncePerRequestFilter.java:119)
	at org.apache.catalina.core.ApplicationFilterChain.internalDoFilter(ApplicationFilterChain.java:193)
	at org.apache.catalina.core.ApplicationFilterChain.doFilter(ApplicationFilterChain.java:166)
	at org.springframework.boot.actuate.metrics.web.servlet.WebMvcMetricsFilter.doFilterInternal(WebMvcMetricsFilter.java:109)
	at org.springframework.web.filter.OncePerRequestFilter.doFilter(OncePerRequestFilter.java:119)
	at org.apache.catalina.core.ApplicationFilterChain.internalDoFilter(ApplicationFilterChain.java:193)
	at org.apache.catalina.core.ApplicationFilterChain.doFilter(ApplicationFilterChain.java:166)
	at org.springframework.web.filter.CharacterEncodingFilter.doFilterInternal(CharacterEncodingFilter.java:201)
	at org.springframework.web.filter.OncePerRequestFilter.doFilter(OncePerRequestFilter.java:119)
	at org.apache.catalina.core.ApplicationFilterChain.internalDoFilter(ApplicationFilterChain.java:193)
	at org.apache.catalina.core.ApplicationFilterChain.doFilter(ApplicationFilterChain.java:166)
	at org.apache.catalina.core.StandardWrapperValve.invoke(StandardWrapperValve.java:202)
	at org.apache.catalina.core.StandardContextValve.invoke(StandardContextValve.java:96)
	at org.apache.catalina.authenticator.AuthenticatorBase.invoke(AuthenticatorBase.java:541)
	at org.apache.catalina.core.StandardHostValve.invoke(StandardHostValve.java:139)
	at org.apache.catalina.valves.ErrorReportValve.invoke(ErrorReportValve.java:92)
	at org.apache.catalina.core.StandardEngineValve.invoke(StandardEngineValve.java:74)
	at org.apache.catalina.connector.CoyoteAdapter.service(CoyoteAdapter.java:343)
	at org.apache.coyote.http11.Http11Processor.service(Http11Processor.java:373)
	at org.apache.coyote.AbstractProcessorLight.process(AbstractProcessorLight.java:65)
	at org.apache.coyote.AbstractProtocol$ConnectionHandler.process(AbstractProtocol.java:868)
	at org.apache.tomcat.util.net.NioEndpoint$SocketProcessor.doRun(NioEndpoint.java:1594)
	at org.apache.tomcat.util.net.SocketProcessorBase.run(SocketProcessorBase.java:49)
	at java.util.concurrent.ThreadPoolExecutor.runWorker(ThreadPoolExecutor.java:1149)
	at java.util.concurrent.ThreadPoolExecutor$Worker.run(ThreadPoolExecutor.java:624)
	at org.apache.tomcat.util.threads.TaskThread$WrappingRunnable.run(TaskThread.java:61)
	at java.lang.Thread.run(Thread.java:750)
Caused by: redis.clients.jedis.exceptions.JedisConnectionException: Could not get a resource from the pool
	at redis.clients.jedis.util.Pool.getResource(Pool.java:59)
	at redis.clients.jedis.JedisPool.getResource(JedisPool.java:234)
	at redis.clients.jedis.JedisPool.getResource(JedisPool.java:15)
	at org.springframework.data.redis.connection.jedis.JedisConnectionFactory.fetchJedisConnector(JedisConnectionFactory.java:271)
	... 67 common frames omitted
Caused by: redis.clients.jedis.exceptions.JedisConnectionException: java.net.SocketTimeoutException: Read timed out
	at redis.clients.jedis.util.RedisInputStream.ensureFill(RedisInputStream.java:205)
	at redis.clients.jedis.util.RedisInputStream.readByte(RedisInputStream.java:43)
	at redis.clients.jedis.Protocol.process(Protocol.java:155)
	at redis.clients.jedis.Protocol.read(Protocol.java:220)
	at redis.clients.jedis.Connection.readProtocolWithCheckingBroken(Connection.java:318)
	at redis.clients.jedis.Connection.getStatusCodeReply(Connection.java:236)
	at redis.clients.jedis.BinaryJedis.select(BinaryJedis.java:560)
	at redis.clients.jedis.JedisFactory.makeObject(JedisFactory.java:122)
	at org.apache.commons.pool2.impl.GenericObjectPool.create(GenericObjectPool.java:889)
	at org.apache.commons.pool2.impl.GenericObjectPool.borrowObject(GenericObjectPool.java:424)
	at org.apache.commons.pool2.impl.GenericObjectPool.borrowObject(GenericObjectPool.java:349)
	at redis.clients.jedis.util.Pool.getResource(Pool.java:50)
	... 70 common frames omitted
Caused by: java.net.SocketTimeoutException: Read timed out
	at java.net.SocketInputStream.socketRead0(Native Method)
	at java.net.SocketInputStream.socketRead(SocketInputStream.java:116)
	at java.net.SocketInputStream.read(SocketInputStream.java:171)
	at java.net.SocketInputStream.read(SocketInputStream.java:141)
	at java.net.SocketInputStream.read(SocketInputStream.java:127)
	at redis.clients.jedis.util.RedisInputStream.ensureFill(RedisInputStream.java:199)
	... 81 common frames omitted
{
                    "app": "Crmeb",
                    "timestamp":"2025-11-05 10:23:08.872",
                    "level": "ERROR",
                    "thread": "http-nio-20008-exec-25",
                    "class": "o.a.c.c.C.[.[.[/].[dispatcherServlet]",
                    "message": "Servlet.service() for servlet [dispatcherServlet] in context with path [] threw exception" }
                    
org.springframework.data.redis.RedisConnectionFailureException: Cannot get Jedis connection; nested exception is redis.clients.jedis.exceptions.JedisConnectionException: Could not get a resource from the pool
	at org.springframework.data.redis.connection.jedis.JedisConnectionFactory.fetchJedisConnector(JedisConnectionFactory.java:281)
	at org.springframework.data.redis.connection.jedis.JedisConnectionFactory.getConnection(JedisConnectionFactory.java:475)
	at org.springframework.data.redis.core.RedisConnectionUtils.doGetConnection(RedisConnectionUtils.java:134)
	at org.springframework.data.redis.core.RedisConnectionUtils.getConnection(RedisConnectionUtils.java:97)
	at org.springframework.data.redis.core.RedisConnectionUtils.getConnection(RedisConnectionUtils.java:84)
	at org.springframework.data.redis.core.RedisTemplate.execute(RedisTemplate.java:215)
	at org.springframework.data.redis.core.RedisTemplate.execute(RedisTemplate.java:188)
	at org.springframework.data.redis.core.AbstractOperations.execute(AbstractOperations.java:96)
	at org.springframework.data.redis.core.DefaultValueOperations.get(DefaultValueOperations.java:53)
	at com.zbkj.common.utils.RedisUtil.get(RedisUtil.java:149)
	at com.zbkj.admin.filter.TokenComponent.getLoginUser(TokenComponent.java:61)
	at com.zbkj.admin.filter.JwtAuthenticationTokenFilter.doFilterInternal(JwtAuthenticationTokenFilter.java:28)
	at org.springframework.web.filter.OncePerRequestFilter.doFilter(OncePerRequestFilter.java:119)
	at org.springframework.security.web.FilterChainProxy$VirtualFilterChain.doFilter(FilterChainProxy.java:334)
	at org.springframework.web.filter.OncePerRequestFilter.doFilter(OncePerRequestFilter.java:113)
	at org.springframework.security.web.FilterChainProxy$VirtualFilterChain.doFilter(FilterChainProxy.java:334)
	at org.springframework.web.filter.CorsFilter.doFilterInternal(CorsFilter.java:92)
	at org.springframework.web.filter.OncePerRequestFilter.doFilter(OncePerRequestFilter.java:119)
	at org.springframework.security.web.FilterChainProxy$VirtualFilterChain.doFilter(FilterChainProxy.java:334)
	at org.springframework.security.web.authentication.logout.LogoutFilter.doFilter(LogoutFilter.java:116)
	at org.springframework.security.web.FilterChainProxy$VirtualFilterChain.doFilter(FilterChainProxy.java:334)
	at org.springframework.security.web.header.HeaderWriterFilter.doHeadersAfter(HeaderWriterFilter.java:92)
	at org.springframework.security.web.header.HeaderWriterFilter.doFilterInternal(HeaderWriterFilter.java:77)
	at org.springframework.web.filter.OncePerRequestFilter.doFilter(OncePerRequestFilter.java:119)
	at org.springframework.security.web.FilterChainProxy$VirtualFilterChain.doFilter(FilterChainProxy.java:334)
	at org.springframework.security.web.context.SecurityContextPersistenceFilter.doFilter(SecurityContextPersistenceFilter.java:105)
	at org.springframework.security.web.FilterChainProxy$VirtualFilterChain.doFilter(FilterChainProxy.java:334)
	at org.springframework.security.web.context.request.async.WebAsyncManagerIntegrationFilter.doFilterInternal(WebAsyncManagerIntegrationFilter.java:56)
	at org.springframework.web.filter.OncePerRequestFilter.doFilter(OncePerRequestFilter.java:119)
	at org.springframework.security.web.FilterChainProxy$VirtualFilterChain.doFilter(FilterChainProxy.java:334)
	at org.springframework.security.web.FilterChainProxy.doFilterInternal(FilterChainProxy.java:215)
	at org.springframework.security.web.FilterChainProxy.doFilter(FilterChainProxy.java:178)
	at org.springframework.web.filter.DelegatingFilterProxy.invokeDelegate(DelegatingFilterProxy.java:358)
	at org.springframework.web.filter.DelegatingFilterProxy.doFilter(DelegatingFilterProxy.java:271)
	at org.apache.catalina.core.ApplicationFilterChain.internalDoFilter(ApplicationFilterChain.java:193)
	at org.apache.catalina.core.ApplicationFilterChain.doFilter(ApplicationFilterChain.java:166)
	at org.springframework.web.filter.RequestContextFilter.doFilterInternal(RequestContextFilter.java:100)
	at org.springframework.web.filter.OncePerRequestFilter.doFilter(OncePerRequestFilter.java:119)
	at org.apache.catalina.core.ApplicationFilterChain.internalDoFilter(ApplicationFilterChain.java:193)
	at org.apache.catalina.core.ApplicationFilterChain.doFilter(ApplicationFilterChain.java:166)
	at org.springframework.web.filter.FormContentFilter.doFilterInternal(FormContentFilter.java:93)
	at org.springframework.web.filter.OncePerRequestFilter.doFilter(OncePerRequestFilter.java:119)
	at org.apache.catalina.core.ApplicationFilterChain.internalDoFilter(ApplicationFilterChain.java:193)
	at org.apache.catalina.core.ApplicationFilterChain.doFilter(ApplicationFilterChain.java:166)
	at org.springframework.boot.actuate.metrics.web.servlet.WebMvcMetricsFilter.doFilterInternal(WebMvcMetricsFilter.java:109)
	at org.springframework.web.filter.OncePerRequestFilter.doFilter(OncePerRequestFilter.java:119)
	at org.apache.catalina.core.ApplicationFilterChain.internalDoFilter(ApplicationFilterChain.java:193)
	at org.apache.catalina.core.ApplicationFilterChain.doFilter(ApplicationFilterChain.java:166)
	at org.springframework.web.filter.CharacterEncodingFilter.doFilterInternal(CharacterEncodingFilter.java:201)
	at org.springframework.web.filter.OncePerRequestFilter.doFilter(OncePerRequestFilter.java:119)
	at org.apache.catalina.core.ApplicationFilterChain.internalDoFilter(ApplicationFilterChain.java:193)
	at org.apache.catalina.core.ApplicationFilterChain.doFilter(ApplicationFilterChain.java:166)
	at org.apache.catalina.core.StandardWrapperValve.invoke(StandardWrapperValve.java:202)
	at org.apache.catalina.core.StandardContextValve.invoke(StandardContextValve.java:96)
	at org.apache.catalina.authenticator.AuthenticatorBase.invoke(AuthenticatorBase.java:541)
	at org.apache.catalina.core.StandardHostValve.invoke(StandardHostValve.java:139)
	at org.apache.catalina.valves.ErrorReportValve.invoke(ErrorReportValve.java:92)
	at org.apache.catalina.core.StandardEngineValve.invoke(StandardEngineValve.java:74)
	at org.apache.catalina.connector.CoyoteAdapter.service(CoyoteAdapter.java:343)
	at org.apache.coyote.http11.Http11Processor.service(Http11Processor.java:373)
	at org.apache.coyote.AbstractProcessorLight.process(AbstractProcessorLight.java:65)
	at org.apache.coyote.AbstractProtocol$ConnectionHandler.process(AbstractProtocol.java:868)
	at org.apache.tomcat.util.net.NioEndpoint$SocketProcessor.doRun(NioEndpoint.java:1594)
	at org.apache.tomcat.util.net.SocketProcessorBase.run(SocketProcessorBase.java:49)
	at java.util.concurrent.ThreadPoolExecutor.runWorker(ThreadPoolExecutor.java:1149)
	at java.util.concurrent.ThreadPoolExecutor$Worker.run(ThreadPoolExecutor.java:624)
	at org.apache.tomcat.util.threads.TaskThread$WrappingRunnable.run(TaskThread.java:61)
	at java.lang.Thread.run(Thread.java:750)
Caused by: redis.clients.jedis.exceptions.JedisConnectionException: Could not get a resource from the pool
	at redis.clients.jedis.util.Pool.getResource(Pool.java:59)
	at redis.clients.jedis.JedisPool.getResource(JedisPool.java:234)
	at redis.clients.jedis.JedisPool.getResource(JedisPool.java:15)
	at org.springframework.data.redis.connection.jedis.JedisConnectionFactory.fetchJedisConnector(JedisConnectionFactory.java:271)
	... 67 common frames omitted
Caused by: redis.clients.jedis.exceptions.JedisConnectionException: java.net.SocketTimeoutException: Read timed out
	at redis.clients.jedis.util.RedisInputStream.ensureFill(RedisInputStream.java:205)
	at redis.clients.jedis.util.RedisInputStream.readByte(RedisInputStream.java:43)
	at redis.clients.jedis.Protocol.process(Protocol.java:155)
	at redis.clients.jedis.Protocol.read(Protocol.java:220)
	at redis.clients.jedis.Connection.readProtocolWithCheckingBroken(Connection.java:318)
	at redis.clients.jedis.Connection.getStatusCodeReply(Connection.java:236)
	at redis.clients.jedis.BinaryJedis.select(BinaryJedis.java:560)
	at redis.clients.jedis.JedisFactory.makeObject(JedisFactory.java:122)
	at org.apache.commons.pool2.impl.GenericObjectPool.create(GenericObjectPool.java:889)
	at org.apache.commons.pool2.impl.GenericObjectPool.borrowObject(GenericObjectPool.java:424)
	at org.apache.commons.pool2.impl.GenericObjectPool.borrowObject(GenericObjectPool.java:349)
	at redis.clients.jedis.util.Pool.getResource(Pool.java:50)
	... 70 common frames omitted
Caused by: java.net.SocketTimeoutException: Read timed out
	at java.net.SocketInputStream.socketRead0(Native Method)
	at java.net.SocketInputStream.socketRead(SocketInputStream.java:116)
	at java.net.SocketInputStream.read(SocketInputStream.java:171)
	at java.net.SocketInputStream.read(SocketInputStream.java:141)
	at java.net.SocketInputStream.read(SocketInputStream.java:127)
	at redis.clients.jedis.util.RedisInputStream.ensureFill(RedisInputStream.java:199)
	... 81 common frames omitted
{
                    "app": "Crmeb",
                    "timestamp":"2025-11-05 10:23:10.027",
                    "level": "ERROR",
                    "thread": "task-executor-4",
                    "class": "c.z.admin.task.order.OrderAutoCancelTask",
                    "message": "OrderAutoCancelTask.task | msg : Cannot get Jedis connection; nested exception is redis.clients.jedis.exceptions.JedisConnectionException: Could not get a resource from the pool" }
                    
{
                    "app": "Crmeb",
                    "timestamp":"2025-11-05 10:23:10.033",
                    "level": "ERROR",
                    "thread": "task-executor-2",
                    "class": "c.zbkj.admin.task.order.OrderCancelTask",
                    "message": "OrderCancelTask.task | msg : Cannot get Jedis connection; nested exception is redis.clients.jedis.exceptions.JedisConnectionException: Could not get a resource from the pool" }
                    
{
                    "app": "Crmeb",
                    "timestamp":"2025-11-05 10:23:10.041",
                    "level": "ERROR",
                    "thread": "task-executor-5",
                    "class": "c.z.admin.task.order.OrderPaySuccessTask",
                    "message": "OrderPaySuccessTask.task | msg : Cannot get Jedis connection; nested exception is redis.clients.jedis.exceptions.JedisConnectionException: Could not get a resource from the pool" }
                    
{
                    "app": "Crmeb",
                    "timestamp":"2025-11-05 10:23:10.046",
                    "level": "ERROR",
                    "thread": "task-executor-6",
                    "class": "c.zbkj.admin.task.order.OrderRefundTask",
                    "message": "OrderRefundTask.task | msg : Cannot get Jedis connection; nested exception is redis.clients.jedis.exceptions.JedisConnectionException: Could not get a resource from the pool" }
                    
{
                    "app": "Crmeb",
                    "timestamp":"2025-11-05 10:24:10.019",
                    "level": "ERROR",
                    "thread": "task-executor-8",
                    "class": "c.z.admin.task.order.OrderAutoCancelTask",
                    "message": "OrderAutoCancelTask.task | msg : Cannot get Jedis connection; nested exception is redis.clients.jedis.exceptions.JedisConnectionException: Could not get a resource from the pool" }
                    
{
                    "app": "Crmeb",
                    "timestamp":"2025-11-05 10:24:10.025",
                    "level": "ERROR",
                    "thread": "task-executor-9",
                    "class": "c.zbkj.admin.task.order.OrderCancelTask",
                    "message": "OrderCancelTask.task | msg : Cannot get Jedis connection; nested exception is redis.clients.jedis.exceptions.JedisConnectionException: Could not get a resource from the pool" }
                    
{
                    "app": "Crmeb",
                    "timestamp":"2025-11-05 10:24:10.033",
                    "level": "ERROR",
                    "thread": "task-executor-10",
                    "class": "c.z.admin.task.order.OrderPaySuccessTask",
                    "message": "OrderPaySuccessTask.task | msg : Cannot get Jedis connection; nested exception is redis.clients.jedis.exceptions.JedisConnectionException: Could not get a resource from the pool" }
                    
{
                    "app": "Crmeb",
                    "timestamp":"2025-11-05 10:24:10.037",
                    "level": "ERROR",
                    "thread": "task-executor-11",
                    "class": "c.zbkj.admin.task.order.OrderRefundTask",
                    "message": "OrderRefundTask.task | msg : Cannot get Jedis connection; nested exception is redis.clients.jedis.exceptions.JedisConnectionException: Could not get a resource from the pool" }
                    
{
                    "app": "Crmeb",
                    "timestamp":"2025-11-05 10:25:10.019",
                    "level": "ERROR",
                    "thread": "task-executor-13",
                    "class": "c.z.admin.task.order.OrderAutoCancelTask",
                    "message": "OrderAutoCancelTask.task | msg : Cannot get Jedis connection; nested exception is redis.clients.jedis.exceptions.JedisConnectionException: Could not get a resource from the pool" }
                    
{
                    "app": "Crmeb",
                    "timestamp":"2025-11-05 10:25:10.025",
                    "level": "ERROR",
                    "thread": "task-executor-14",
                    "class": "c.zbkj.admin.task.order.OrderCancelTask",
                    "message": "OrderCancelTask.task | msg : Cannot get Jedis connection; nested exception is redis.clients.jedis.exceptions.JedisConnectionException: Could not get a resource from the pool" }
                    
{
                    "app": "Crmeb",
                    "timestamp":"2025-11-05 10:25:10.030",
                    "level": "ERROR",
                    "thread": "task-executor-15",
                    "class": "c.z.admin.task.order.OrderPaySuccessTask",
                    "message": "OrderPaySuccessTask.task | msg : Cannot get Jedis connection; nested exception is redis.clients.jedis.exceptions.JedisConnectionException: Could not get a resource from the pool" }
                    
{
                    "app": "Crmeb",
                    "timestamp":"2025-11-05 10:25:10.036",
                    "level": "ERROR",
                    "thread": "task-executor-16",
                    "class": "c.zbkj.admin.task.order.OrderRefundTask",
                    "message": "OrderRefundTask.task | msg : Cannot get Jedis connection; nested exception is redis.clients.jedis.exceptions.JedisConnectionException: Could not get a resource from the pool" }
                    
{
                    "app": "Crmeb",
                    "timestamp":"2025-11-05 10:26:10.022",
                    "level": "ERROR",
                    "thread": "task-executor-18",
                    "class": "c.z.admin.task.order.OrderAutoCancelTask",
                    "message": "OrderAutoCancelTask.task | msg : Cannot get Jedis connection; nested exception is redis.clients.jedis.exceptions.JedisConnectionException: Could not get a resource from the pool" }
                    
{
                    "app": "Crmeb",
                    "timestamp":"2025-11-05 10:26:10.030",
                    "level": "ERROR",
                    "thread": "task-executor-3",
                    "class": "c.zbkj.admin.task.order.OrderCancelTask",
                    "message": "OrderCancelTask.task | msg : Cannot get Jedis connection; nested exception is redis.clients.jedis.exceptions.JedisConnectionException: Could not get a resource from the pool" }
                    
{
                    "app": "Crmeb",
                    "timestamp":"2025-11-05 10:26:10.036",
                    "level": "ERROR",
                    "thread": "task-executor-20",
                    "class": "c.z.admin.task.order.OrderPaySuccessTask",
                    "message": "OrderPaySuccessTask.task | msg : Cannot get Jedis connection; nested exception is redis.clients.jedis.exceptions.JedisConnectionException: Could not get a resource from the pool" }
                    
{
                    "app": "Crmeb",
                    "timestamp":"2025-11-05 10:26:10.042",
                    "level": "ERROR",
                    "thread": "task-executor-19",
                    "class": "c.zbkj.admin.task.order.OrderRefundTask",
                    "message": "OrderRefundTask.task | msg : Cannot get Jedis connection; nested exception is redis.clients.jedis.exceptions.JedisConnectionException: Could not get a resource from the pool" }
                    
{
                    "app": "Crmeb",
                    "timestamp":"2025-11-05 10:27:10.028",
                    "level": "ERROR",
                    "thread": "task-executor-4",
                    "class": "c.z.admin.task.order.OrderAutoCancelTask",
                    "message": "OrderAutoCancelTask.task | msg : Cannot get Jedis connection; nested exception is redis.clients.jedis.exceptions.JedisConnectionException: Could not get a resource from the pool" }
                    
{
                    "app": "Crmeb",
                    "timestamp":"2025-11-05 10:27:10.037",
                    "level": "ERROR",
                    "thread": "task-executor-2",
                    "class": "c.zbkj.admin.task.order.OrderCancelTask",
                    "message": "OrderCancelTask.task | msg : Cannot get Jedis connection; nested exception is redis.clients.jedis.exceptions.JedisConnectionException: Could not get a resource from the pool" }
                    
{
                    "app": "Crmeb",
                    "timestamp":"2025-11-05 10:27:10.042",
                    "level": "ERROR",
                    "thread": "task-executor-5",
                    "class": "c.z.admin.task.order.OrderPaySuccessTask",
                    "message": "OrderPaySuccessTask.task | msg : Cannot get Jedis connection; nested exception is redis.clients.jedis.exceptions.JedisConnectionException: Could not get a resource from the pool" }
                    
{
                    "app": "Crmeb",
                    "timestamp":"2025-11-05 10:27:10.048",
                    "level": "ERROR",
                    "thread": "task-executor-6",
                    "class": "c.zbkj.admin.task.order.OrderRefundTask",
                    "message": "OrderRefundTask.task | msg : Cannot get Jedis connection; nested exception is redis.clients.jedis.exceptions.JedisConnectionException: Could not get a resource from the pool" }
                    
{
                    "app": "Crmeb",
                    "timestamp":"2025-11-05 10:28:10.026",
                    "level": "ERROR",
                    "thread": "task-executor-8",
                    "class": "c.z.admin.task.order.OrderAutoCancelTask",
                    "message": "OrderAutoCancelTask.task | msg : Cannot get Jedis connection; nested exception is redis.clients.jedis.exceptions.JedisConnectionException: Could not get a resource from the pool" }
                    
{
                    "app": "Crmeb",
                    "timestamp":"2025-11-05 10:28:10.034",
                    "level": "ERROR",
                    "thread": "task-executor-9",
                    "class": "c.zbkj.admin.task.order.OrderCancelTask",
                    "message": "OrderCancelTask.task | msg : Cannot get Jedis connection; nested exception is redis.clients.jedis.exceptions.JedisConnectionException: Could not get a resource from the pool" }
                    
{
                    "app": "Crmeb",
                    "timestamp":"2025-11-05 10:28:10.038",
                    "level": "ERROR",
                    "thread": "task-executor-10",
                    "class": "c.z.admin.task.order.OrderPaySuccessTask",
                    "message": "OrderPaySuccessTask.task | msg : Cannot get Jedis connection; nested exception is redis.clients.jedis.exceptions.JedisConnectionException: Could not get a resource from the pool" }
                    
{
                    "app": "Crmeb",
                    "timestamp":"2025-11-05 10:28:10.042",
                    "level": "ERROR",
                    "thread": "task-executor-11",
                    "class": "c.zbkj.admin.task.order.OrderRefundTask",
                    "message": "OrderRefundTask.task | msg : Cannot get Jedis connection; nested exception is redis.clients.jedis.exceptions.JedisConnectionException: Could not get a resource from the pool" }
                    
{
                    "app": "Crmeb",
                    "timestamp":"2025-11-05 10:29:10.044",
                    "level": "ERROR",
                    "thread": "task-executor-13",
                    "class": "c.z.admin.task.order.OrderAutoCancelTask",
                    "message": "OrderAutoCancelTask.task | msg : Cannot get Jedis connection; nested exception is redis.clients.jedis.exceptions.JedisConnectionException: Could not get a resource from the pool" }
                    
{
                    "app": "Crmeb",
                    "timestamp":"2025-11-05 10:29:10.057",
                    "level": "ERROR",
                    "thread": "task-executor-14",
                    "class": "c.zbkj.admin.task.order.OrderCancelTask",
                    "message": "OrderCancelTask.task | msg : Cannot get Jedis connection; nested exception is redis.clients.jedis.exceptions.JedisConnectionException: Could not get a resource from the pool" }
                    
{
                    "app": "Crmeb",
                    "timestamp":"2025-11-05 10:29:10.075",
                    "level": "ERROR",
                    "thread": "task-executor-15",
                    "class": "c.z.admin.task.order.OrderPaySuccessTask",
                    "message": "OrderPaySuccessTask.task | msg : Cannot get Jedis connection; nested exception is redis.clients.jedis.exceptions.JedisConnectionException: Could not get a resource from the pool" }
                    
{
                    "app": "Crmeb",
                    "timestamp":"2025-11-05 10:29:10.078",
                    "level": "ERROR",
                    "thread": "task-executor-16",
                    "class": "c.zbkj.admin.task.order.OrderRefundTask",
                    "message": "OrderRefundTask.task | msg : Cannot get Jedis connection; nested exception is redis.clients.jedis.exceptions.JedisConnectionException: Could not get a resource from the pool" }
                    
{
                    "app": "Crmeb",
                    "timestamp":"2025-11-05 10:30:10.019",
                    "level": "ERROR",
                    "thread": "task-executor-18",
                    "class": "c.z.admin.task.order.OrderAutoCancelTask",
                    "message": "OrderAutoCancelTask.task | msg : Cannot get Jedis connection; nested exception is redis.clients.jedis.exceptions.JedisConnectionException: Could not get a resource from the pool" }
                    
{
                    "app": "Crmeb",
                    "timestamp":"2025-11-05 10:30:10.024",
                    "level": "ERROR",
                    "thread": "task-executor-3",
                    "class": "c.zbkj.admin.task.order.OrderCancelTask",
                    "message": "OrderCancelTask.task | msg : Cannot get Jedis connection; nested exception is redis.clients.jedis.exceptions.JedisConnectionException: Could not get a resource from the pool" }
                    
{
                    "app": "Crmeb",
                    "timestamp":"2025-11-05 10:30:10.029",
                    "level": "ERROR",
                    "thread": "task-executor-20",
                    "class": "c.z.admin.task.order.OrderPaySuccessTask",
                    "message": "OrderPaySuccessTask.task | msg : Cannot get Jedis connection; nested exception is redis.clients.jedis.exceptions.JedisConnectionException: Could not get a resource from the pool" }
                    
{
                    "app": "Crmeb",
                    "timestamp":"2025-11-05 10:30:10.034",
                    "level": "ERROR",
                    "thread": "task-executor-19",
                    "class": "c.zbkj.admin.task.order.OrderRefundTask",
                    "message": "OrderRefundTask.task | msg : Cannot get Jedis connection; nested exception is redis.clients.jedis.exceptions.JedisConnectionException: Could not get a resource from the pool" }
                    
{
                    "app": "Crmeb",
                    "timestamp":"2025-11-05 10:31:10.028",
                    "level": "ERROR",
                    "thread": "task-executor-4",
                    "class": "c.z.admin.task.order.OrderAutoCancelTask",
                    "message": "OrderAutoCancelTask.task | msg : Cannot get Jedis connection; nested exception is redis.clients.jedis.exceptions.JedisConnectionException: Could not get a resource from the pool" }
                    
{
                    "app": "Crmeb",
                    "timestamp":"2025-11-05 10:31:10.032",
                    "level": "ERROR",
                    "thread": "task-executor-2",
                    "class": "c.zbkj.admin.task.order.OrderCancelTask",
                    "message": "OrderCancelTask.task | msg : Cannot get Jedis connection; nested exception is redis.clients.jedis.exceptions.JedisConnectionException: Could not get a resource from the pool" }
                    
{
                    "app": "Crmeb",
                    "timestamp":"2025-11-05 10:31:10.035",
                    "level": "ERROR",
                    "thread": "task-executor-5",
                    "class": "c.z.admin.task.order.OrderPaySuccessTask",
                    "message": "OrderPaySuccessTask.task | msg : Cannot get Jedis connection; nested exception is redis.clients.jedis.exceptions.JedisConnectionException: Could not get a resource from the pool" }
                    
{
                    "app": "Crmeb",
                    "timestamp":"2025-11-05 10:31:10.041",
                    "level": "ERROR",
                    "thread": "task-executor-6",
                    "class": "c.zbkj.admin.task.order.OrderRefundTask",
                    "message": "OrderRefundTask.task | msg : Cannot get Jedis connection; nested exception is redis.clients.jedis.exceptions.JedisConnectionException: Could not get a resource from the pool" }
                    
{
                    "app": "Crmeb",
                    "timestamp":"2025-11-05 10:57:47.156",
                    "level": "ERROR",
                    "thread": "task-executor-3",
                    "class": "c.zbkj.admin.task.order.OrderCancelTask",
                    "message": "OrderCancelTask.task | msg : Cannot get Jedis connection; nested exception is redis.clients.jedis.exceptions.JedisConnectionException: Could not get a resource from the pool" }
                    
{
                    "app": "Crmeb",
                    "timestamp":"2025-11-05 10:57:47.172",
                    "level": "ERROR",
                    "thread": "task-executor-5",
                    "class": "c.zbkj.admin.task.order.OrderRefundTask",
                    "message": "OrderRefundTask.task | msg : Cannot get Jedis connection; nested exception is redis.clients.jedis.exceptions.JedisConnectionException: Could not get a resource from the pool" }
                    
{
                    "app": "Crmeb",
                    "timestamp":"2025-11-05 10:57:47.185",
                    "level": "ERROR",
                    "thread": "task-executor-4",
                    "class": "c.z.admin.task.order.OrderPaySuccessTask",
                    "message": "OrderPaySuccessTask.task | msg : Cannot get Jedis connection; nested exception is redis.clients.jedis.exceptions.JedisConnectionException: Could not get a resource from the pool" }
                    
{
                    "app": "Crmeb",
                    "timestamp":"2025-11-05 10:57:47.199",
                    "level": "ERROR",
                    "thread": "task-executor-2",
                    "class": "c.z.admin.task.order.OrderAutoCancelTask",
                    "message": "OrderAutoCancelTask.task | msg : Cannot get Jedis connection; nested exception is redis.clients.jedis.exceptions.JedisConnectionException: Could not get a resource from the pool" }
                    
{
                    "app": "Crmeb",
                    "timestamp":"2025-11-05 10:58:10.045",
                    "level": "ERROR",
                    "thread": "task-executor-7",
                    "class": "c.z.admin.task.order.OrderAutoCancelTask",
                    "message": "OrderAutoCancelTask.task | msg : Cannot get Jedis connection; nested exception is redis.clients.jedis.exceptions.JedisConnectionException: Could not get a resource from the pool" }
                    
{
                    "app": "Crmeb",
                    "timestamp":"2025-11-05 10:58:10.060",
                    "level": "ERROR",
                    "thread": "task-executor-9",
                    "class": "c.z.admin.task.order.OrderPaySuccessTask",
                    "message": "OrderPaySuccessTask.task | msg : Cannot get Jedis connection; nested exception is redis.clients.jedis.exceptions.JedisConnectionException: Could not get a resource from the pool" }
                    
{
                    "app": "Crmeb",
                    "timestamp":"2025-11-05 10:58:10.076",
                    "level": "ERROR",
                    "thread": "task-executor-8",
                    "class": "c.zbkj.admin.task.order.OrderCancelTask",
                    "message": "OrderCancelTask.task | msg : Cannot get Jedis connection; nested exception is redis.clients.jedis.exceptions.JedisConnectionException: Could not get a resource from the pool" }
                    
{
                    "app": "Crmeb",
                    "timestamp":"2025-11-05 10:58:10.093",
                    "level": "ERROR",
                    "thread": "task-executor-10",
                    "class": "c.zbkj.admin.task.order.OrderRefundTask",
                    "message": "OrderRefundTask.task | msg : Cannot get Jedis connection; nested exception is redis.clients.jedis.exceptions.JedisConnectionException: Could not get a resource from the pool" }
                    
{
                    "app": "Crmeb",
                    "timestamp":"2025-11-05 10:59:10.037",
                    "level": "ERROR",
                    "thread": "task-executor-12",
                    "class": "c.z.admin.task.order.OrderAutoCancelTask",
                    "message": "OrderAutoCancelTask.task | msg : Cannot get Jedis connection; nested exception is redis.clients.jedis.exceptions.JedisConnectionException: Could not get a resource from the pool" }
                    
{
                    "app": "Crmeb",
                    "timestamp":"2025-11-05 10:59:10.053",
                    "level": "ERROR",
                    "thread": "task-executor-13",
                    "class": "c.zbkj.admin.task.order.OrderCancelTask",
                    "message": "OrderCancelTask.task | msg : Cannot get Jedis connection; nested exception is redis.clients.jedis.exceptions.JedisConnectionException: Could not get a resource from the pool" }
                    
{
                    "app": "Crmeb",
                    "timestamp":"2025-11-05 10:59:10.068",
                    "level": "ERROR",
                    "thread": "task-executor-15",
                    "class": "c.zbkj.admin.task.order.OrderRefundTask",
                    "message": "OrderRefundTask.task | msg : Cannot get Jedis connection; nested exception is redis.clients.jedis.exceptions.JedisConnectionException: Could not get a resource from the pool" }
                    
{
                    "app": "Crmeb",
                    "timestamp":"2025-11-05 10:59:10.084",
                    "level": "ERROR",
                    "thread": "task-executor-14",
                    "class": "c.z.admin.task.order.OrderPaySuccessTask",
                    "message": "OrderPaySuccessTask.task | msg : Cannot get Jedis connection; nested exception is redis.clients.jedis.exceptions.JedisConnectionException: Could not get a resource from the pool" }
                    
{
                    "app": "Crmeb",
                    "timestamp":"2025-11-05 11:00:02.040",
                    "level": "ERROR",
                    "thread": "task-executor-17",
                    "class": "c.z.admin.task.order.OrderAutoCancelTask",
                    "message": "OrderAutoCancelTask.task | msg : Cannot get Jedis connection; nested exception is redis.clients.jedis.exceptions.JedisConnectionException: Could not get a resource from the pool" }
                    
{
                    "app": "Crmeb",
                    "timestamp":"2025-11-05 11:00:02.056",
                    "level": "ERROR",
                    "thread": "task-executor-18",
                    "class": "c.zbkj.admin.task.order.OrderCancelTask",
                    "message": "OrderCancelTask.task | msg : Cannot get Jedis connection; nested exception is redis.clients.jedis.exceptions.JedisConnectionException: Could not get a resource from the pool" }
                    
{
                    "app": "Crmeb",
                    "timestamp":"2025-11-05 11:00:02.062",
                    "level": "ERROR",
                    "thread": "task-executor-19",
                    "class": "c.z.admin.task.order.OrderPaySuccessTask",
                    "message": "OrderPaySuccessTask.task | msg : Cannot get Jedis connection; nested exception is redis.clients.jedis.exceptions.JedisConnectionException: Could not get a resource from the pool" }
                    
{
                    "app": "Crmeb",
                    "timestamp":"2025-11-05 11:00:02.071",
                    "level": "ERROR",
                    "thread": "task-executor-20",
                    "class": "c.zbkj.admin.task.order.OrderRefundTask",
                    "message": "OrderRefundTask.task | msg : Cannot get Jedis connection; nested exception is redis.clients.jedis.exceptions.JedisConnectionException: Could not get a resource from the pool" }
                    
{
                    "app": "Crmeb",
                    "timestamp":"2025-11-05 11:01:00.041",
                    "level": "ERROR",
                    "thread": "task-executor-3",
                    "class": "c.z.s.service.impl.OrderTaskServiceImpl",
                    "message": "OrderTaskServiceImpl.autoCancel | 订单不存在，orderNo: PT629175896604985826248" }
                    
{
                    "app": "Crmeb",
                    "timestamp":"2025-11-05 11:02:00.021",
                    "level": "ERROR",
                    "thread": "task-executor-7",
                    "class": "c.z.s.service.impl.OrderTaskServiceImpl",
                    "message": "OrderTaskServiceImpl.autoCancel | 订单不存在，orderNo: PT629175896604985826248" }
                    
{
                    "app": "Crmeb",
                    "timestamp":"2025-11-05 11:03:00.013",
                    "level": "ERROR",
                    "thread": "task-executor-12",
                    "class": "c.z.s.service.impl.OrderTaskServiceImpl",
                    "message": "OrderTaskServiceImpl.autoCancel | 订单不存在，orderNo: PT629175896604985826248" }
                    
{
                    "app": "Crmeb",
                    "timestamp":"2025-11-05 11:04:00.029",
                    "level": "ERROR",
                    "thread": "task-executor-17",
                    "class": "c.z.s.service.impl.OrderTaskServiceImpl",
                    "message": "OrderTaskServiceImpl.autoCancel | 订单不存在，orderNo: PT629175896604985826248" }
                    
{
                    "app": "Crmeb",
                    "timestamp":"2025-11-05 11:05:00.026",
                    "level": "ERROR",
                    "thread": "task-executor-5",
                    "class": "c.z.s.service.impl.OrderTaskServiceImpl",
                    "message": "OrderTaskServiceImpl.autoCancel | 订单不存在，orderNo: PT629175896604985826248" }
                    
{
                    "app": "Crmeb",
                    "timestamp":"2025-11-05 11:06:00.013",
                    "level": "ERROR",
                    "thread": "task-executor-7",
                    "class": "c.z.s.service.impl.OrderTaskServiceImpl",
                    "message": "OrderTaskServiceImpl.autoCancel | 订单不存在，orderNo: PT629175896604985826248" }
                    
{
                    "app": "Crmeb",
                    "timestamp":"2025-11-05 11:07:00.038",
                    "level": "ERROR",
                    "thread": "task-executor-12",
                    "class": "c.z.s.service.impl.OrderTaskServiceImpl",
                    "message": "OrderTaskServiceImpl.autoCancel | 订单不存在，orderNo: PT629175896604985826248" }
                    
{
                    "app": "Crmeb",
                    "timestamp":"2025-11-05 11:08:00.017",
                    "level": "ERROR",
                    "thread": "task-executor-17",
                    "class": "c.z.s.service.impl.OrderTaskServiceImpl",
                    "message": "OrderTaskServiceImpl.autoCancel | 订单不存在，orderNo: PT629175896604985826248" }
                    
{
                    "app": "Crmeb",
                    "timestamp":"2025-11-05 11:09:00.020",
                    "level": "ERROR",
                    "thread": "task-executor-5",
                    "class": "c.z.s.service.impl.OrderTaskServiceImpl",
                    "message": "OrderTaskServiceImpl.autoCancel | 订单不存在，orderNo: PT629175896604985826248" }
                    
{
                    "app": "Crmeb",
                    "timestamp":"2025-11-05 11:10:00.017",
                    "level": "ERROR",
                    "thread": "task-executor-7",
                    "class": "c.z.s.service.impl.OrderTaskServiceImpl",
                    "message": "OrderTaskServiceImpl.autoCancel | 订单不存在，orderNo: PT629175896604985826248" }
                    
{
                    "app": "Crmeb",
                    "timestamp":"2025-11-05 11:11:00.024",
                    "level": "ERROR",
                    "thread": "task-executor-12",
                    "class": "c.z.s.service.impl.OrderTaskServiceImpl",
                    "message": "OrderTaskServiceImpl.autoCancel | 订单不存在，orderNo: PT629175896604985826248" }
                    
{
                    "app": "Crmeb",
                    "timestamp":"2025-11-05 11:12:00.027",
                    "level": "ERROR",
                    "thread": "task-executor-17",
                    "class": "c.z.s.service.impl.OrderTaskServiceImpl",
                    "message": "OrderTaskServiceImpl.autoCancel | 订单不存在，orderNo: PT629175896604985826248" }
                    
{
                    "app": "Crmeb",
                    "timestamp":"2025-11-05 11:13:00.019",
                    "level": "ERROR",
                    "thread": "task-executor-5",
                    "class": "c.z.s.service.impl.OrderTaskServiceImpl",
                    "message": "OrderTaskServiceImpl.autoCancel | 订单不存在，orderNo: PT629175896604985826248" }
                    
{
                    "app": "Crmeb",
                    "timestamp":"2025-11-05 11:14:00.027",
                    "level": "ERROR",
                    "thread": "task-executor-7",
                    "class": "c.z.s.service.impl.OrderTaskServiceImpl",
                    "message": "OrderTaskServiceImpl.autoCancel | 订单不存在，orderNo: PT629175896604985826248" }
                    
{
                    "app": "Crmeb",
                    "timestamp":"2025-11-05 11:15:00.017",
                    "level": "ERROR",
                    "thread": "task-executor-12",
                    "class": "c.z.s.service.impl.OrderTaskServiceImpl",
                    "message": "OrderTaskServiceImpl.autoCancel | 订单不存在，orderNo: PT629175896604985826248" }
                    
{
                    "app": "Crmeb",
                    "timestamp":"2025-11-05 11:16:00.027",
                    "level": "ERROR",
                    "thread": "task-executor-17",
                    "class": "c.z.s.service.impl.OrderTaskServiceImpl",
                    "message": "OrderTaskServiceImpl.autoCancel | 订单不存在，orderNo: PT629175896604985826248" }
                    
{
                    "app": "Crmeb",
                    "timestamp":"2025-11-05 11:16:22.300",
                    "level": "ERROR",
                    "thread": "main",
                    "class": "o.s.b.d.LoggingFailureAnalysisReporter",
                    "message": "

***************************
APPLICATION FAILED TO START
***************************

Description:

Web server failed to start. Port 20008 was already in use.

Action:

Identify and stop the process that's listening on port 20008 or configure this application to listen on another port.
" }
                    
{
                    "app": "Crmeb",
                    "timestamp":"2025-11-05 11:18:10.182",
                    "level": "ERROR",
                    "thread": "task-executor-2",
                    "class": "c.z.s.service.impl.OrderTaskServiceImpl",
                    "message": "OrderTaskServiceImpl.autoCancel | 订单不存在，orderNo: PT629175896604985826248" }
                    
{
                    "app": "Crmeb",
                    "timestamp":"2025-11-05 11:19:31.305",
                    "level": "ERROR",
                    "thread": "task-executor-7",
                    "class": "c.z.s.service.impl.OrderTaskServiceImpl",
                    "message": "OrderTaskServiceImpl.autoCancel | 订单不存在，orderNo: PT629175896604985826248" }
                    
{
                    "app": "Crmeb",
                    "timestamp":"2025-11-05 11:20:00.033",
                    "level": "ERROR",
                    "thread": "task-executor-12",
                    "class": "c.z.s.service.impl.OrderTaskServiceImpl",
                    "message": "OrderTaskServiceImpl.autoCancel | 订单不存在，orderNo: PT629175896604985826248" }
                    
{
                    "app": "Crmeb",
                    "timestamp":"2025-11-05 11:21:00.025",
                    "level": "ERROR",
                    "thread": "task-executor-17",
                    "class": "c.z.s.service.impl.OrderTaskServiceImpl",
                    "message": "OrderTaskServiceImpl.autoCancel | 订单不存在，orderNo: PT629175896604985826248" }
                    
{
                    "app": "Crmeb",
                    "timestamp":"2025-11-05 11:22:00.018",
                    "level": "ERROR",
                    "thread": "task-executor-1",
                    "class": "c.z.s.service.impl.OrderTaskServiceImpl",
                    "message": "OrderTaskServiceImpl.autoCancel | 订单不存在，orderNo: PT629175896604985826248" }
                    
{
                    "app": "Crmeb",
                    "timestamp":"2025-11-05 11:23:00.029",
                    "level": "ERROR",
                    "thread": "task-executor-6",
                    "class": "c.z.s.service.impl.OrderTaskServiceImpl",
                    "message": "OrderTaskServiceImpl.autoCancel | 订单不存在，orderNo: PT629175896604985826248" }
                    
{
                    "app": "Crmeb",
                    "timestamp":"2025-11-05 11:24:00.035",
                    "level": "ERROR",
                    "thread": "task-executor-13",
                    "class": "c.z.s.service.impl.OrderTaskServiceImpl",
                    "message": "OrderTaskServiceImpl.autoCancel | 订单不存在，orderNo: PT629175896604985826248" }
                    
{
                    "app": "Crmeb",
                    "timestamp":"2025-11-05 11:25:31.444",
                    "level": "ERROR",
                    "thread": "task-executor-2",
                    "class": "c.z.s.service.impl.OrderTaskServiceImpl",
                    "message": "OrderTaskServiceImpl.autoCancel | 订单不存在，orderNo: PT629175896604985826248" }
                    
{
                    "app": "Crmeb",
                    "timestamp":"2025-11-05 11:26:00.031",
                    "level": "ERROR",
                    "thread": "task-executor-7",
                    "class": "c.z.s.service.impl.OrderTaskServiceImpl",
                    "message": "OrderTaskServiceImpl.autoCancel | 订单不存在，orderNo: PT629175896604985826248" }
                    
{
                    "app": "Crmeb",
                    "timestamp":"2025-11-05 11:26:10.044",
                    "level": "ERROR",
                    "thread": "task-executor-8",
                    "class": "c.zbkj.admin.task.order.OrderCancelTask",
                    "message": "OrderCancelTask.task | msg : java.net.SocketTimeoutException: Read timed out; nested exception is redis.clients.jedis.exceptions.JedisConnectionException: java.net.SocketTimeoutException: Read timed out" }
                    
{
                    "app": "Crmeb",
                    "timestamp":"2025-11-05 11:26:10.066",
                    "level": "ERROR",
                    "thread": "task-executor-10",
                    "class": "c.zbkj.admin.task.order.OrderRefundTask",
                    "message": "OrderRefundTask.task | msg : Cannot get Jedis connection; nested exception is redis.clients.jedis.exceptions.JedisConnectionException: Could not get a resource from the pool" }
                    
{
                    "app": "Crmeb",
                    "timestamp":"2025-11-05 11:26:10.082",
                    "level": "ERROR",
                    "thread": "task-executor-9",
                    "class": "c.z.admin.task.order.OrderPaySuccessTask",
                    "message": "OrderPaySuccessTask.task | msg : Cannot get Jedis connection; nested exception is redis.clients.jedis.exceptions.JedisConnectionException: Could not get a resource from the pool" }
                    
{
                    "app": "Crmeb",
                    "timestamp":"2025-11-05 11:26:10.099",
                    "level": "ERROR",
                    "thread": "task-executor-7",
                    "class": "c.z.admin.task.order.OrderAutoCancelTask",
                    "message": "OrderAutoCancelTask.task | msg : java.net.SocketTimeoutException: Read timed out; nested exception is redis.clients.jedis.exceptions.JedisConnectionException: java.net.SocketTimeoutException: Read timed out" }
                    
{
                    "app": "Crmeb",
                    "timestamp":"2025-11-05 11:26:11.001",
                    "level": "ERROR",
                    "thread": "http-nio-20008-exec-1",
                    "class": "o.a.c.c.C.[.[.[/].[dispatcherServlet]",
                    "message": "Servlet.service() for servlet [dispatcherServlet] in context with path [] threw exception" }
                    
org.springframework.data.redis.RedisConnectionFailureException: Cannot get Jedis connection; nested exception is redis.clients.jedis.exceptions.JedisConnectionException: Could not get a resource from the pool
	at org.springframework.data.redis.connection.jedis.JedisConnectionFactory.fetchJedisConnector(JedisConnectionFactory.java:281)
	at org.springframework.data.redis.connection.jedis.JedisConnectionFactory.getConnection(JedisConnectionFactory.java:475)
	at org.springframework.data.redis.core.RedisConnectionUtils.doGetConnection(RedisConnectionUtils.java:134)
	at org.springframework.data.redis.core.RedisConnectionUtils.getConnection(RedisConnectionUtils.java:97)
	at org.springframework.data.redis.core.RedisConnectionUtils.getConnection(RedisConnectionUtils.java:84)
	at org.springframework.data.redis.core.RedisTemplate.execute(RedisTemplate.java:215)
	at org.springframework.data.redis.core.RedisTemplate.execute(RedisTemplate.java:188)
	at org.springframework.data.redis.core.AbstractOperations.execute(AbstractOperations.java:96)
	at org.springframework.data.redis.core.DefaultValueOperations.get(DefaultValueOperations.java:53)
	at com.zbkj.common.utils.RedisUtil.get(RedisUtil.java:149)
	at com.zbkj.admin.filter.TokenComponent.getLoginUser(TokenComponent.java:61)
	at com.zbkj.admin.filter.JwtAuthenticationTokenFilter.doFilterInternal(JwtAuthenticationTokenFilter.java:28)
	at org.springframework.web.filter.OncePerRequestFilter.doFilter(OncePerRequestFilter.java:119)
	at org.springframework.security.web.FilterChainProxy$VirtualFilterChain.doFilter(FilterChainProxy.java:334)
	at org.springframework.web.filter.OncePerRequestFilter.doFilter(OncePerRequestFilter.java:113)
	at org.springframework.security.web.FilterChainProxy$VirtualFilterChain.doFilter(FilterChainProxy.java:334)
	at org.springframework.web.filter.CorsFilter.doFilterInternal(CorsFilter.java:92)
	at org.springframework.web.filter.OncePerRequestFilter.doFilter(OncePerRequestFilter.java:119)
	at org.springframework.security.web.FilterChainProxy$VirtualFilterChain.doFilter(FilterChainProxy.java:334)
	at org.springframework.security.web.authentication.logout.LogoutFilter.doFilter(LogoutFilter.java:116)
	at org.springframework.security.web.FilterChainProxy$VirtualFilterChain.doFilter(FilterChainProxy.java:334)
	at org.springframework.security.web.header.HeaderWriterFilter.doHeadersAfter(HeaderWriterFilter.java:92)
	at org.springframework.security.web.header.HeaderWriterFilter.doFilterInternal(HeaderWriterFilter.java:77)
	at org.springframework.web.filter.OncePerRequestFilter.doFilter(OncePerRequestFilter.java:119)
	at org.springframework.security.web.FilterChainProxy$VirtualFilterChain.doFilter(FilterChainProxy.java:334)
	at org.springframework.security.web.context.SecurityContextPersistenceFilter.doFilter(SecurityContextPersistenceFilter.java:105)
	at org.springframework.security.web.FilterChainProxy$VirtualFilterChain.doFilter(FilterChainProxy.java:334)
	at org.springframework.security.web.context.request.async.WebAsyncManagerIntegrationFilter.doFilterInternal(WebAsyncManagerIntegrationFilter.java:56)
	at org.springframework.web.filter.OncePerRequestFilter.doFilter(OncePerRequestFilter.java:119)
	at org.springframework.security.web.FilterChainProxy$VirtualFilterChain.doFilter(FilterChainProxy.java:334)
	at org.springframework.security.web.FilterChainProxy.doFilterInternal(FilterChainProxy.java:215)
	at org.springframework.security.web.FilterChainProxy.doFilter(FilterChainProxy.java:178)
	at org.springframework.web.filter.DelegatingFilterProxy.invokeDelegate(DelegatingFilterProxy.java:358)
	at org.springframework.web.filter.DelegatingFilterProxy.doFilter(DelegatingFilterProxy.java:271)
	at org.apache.catalina.core.ApplicationFilterChain.internalDoFilter(ApplicationFilterChain.java:193)
	at org.apache.catalina.core.ApplicationFilterChain.doFilter(ApplicationFilterChain.java:166)
	at org.springframework.web.filter.RequestContextFilter.doFilterInternal(RequestContextFilter.java:100)
	at org.springframework.web.filter.OncePerRequestFilter.doFilter(OncePerRequestFilter.java:119)
	at org.apache.catalina.core.ApplicationFilterChain.internalDoFilter(ApplicationFilterChain.java:193)
	at org.apache.catalina.core.ApplicationFilterChain.doFilter(ApplicationFilterChain.java:166)
	at org.springframework.web.filter.FormContentFilter.doFilterInternal(FormContentFilter.java:93)
	at org.springframework.web.filter.OncePerRequestFilter.doFilter(OncePerRequestFilter.java:119)
	at org.apache.catalina.core.ApplicationFilterChain.internalDoFilter(ApplicationFilterChain.java:193)
	at org.apache.catalina.core.ApplicationFilterChain.doFilter(ApplicationFilterChain.java:166)
	at org.springframework.boot.actuate.metrics.web.servlet.WebMvcMetricsFilter.doFilterInternal(WebMvcMetricsFilter.java:109)
	at org.springframework.web.filter.OncePerRequestFilter.doFilter(OncePerRequestFilter.java:119)
	at org.apache.catalina.core.ApplicationFilterChain.internalDoFilter(ApplicationFilterChain.java:193)
	at org.apache.catalina.core.ApplicationFilterChain.doFilter(ApplicationFilterChain.java:166)
	at org.springframework.web.filter.CharacterEncodingFilter.doFilterInternal(CharacterEncodingFilter.java:201)
	at org.springframework.web.filter.OncePerRequestFilter.doFilter(OncePerRequestFilter.java:119)
	at org.apache.catalina.core.ApplicationFilterChain.internalDoFilter(ApplicationFilterChain.java:193)
	at org.apache.catalina.core.ApplicationFilterChain.doFilter(ApplicationFilterChain.java:166)
	at org.apache.catalina.core.StandardWrapperValve.invoke(StandardWrapperValve.java:202)
	at org.apache.catalina.core.StandardContextValve.invoke(StandardContextValve.java:96)
	at org.apache.catalina.authenticator.AuthenticatorBase.invoke(AuthenticatorBase.java:541)
	at org.apache.catalina.core.StandardHostValve.invoke(StandardHostValve.java:139)
	at org.apache.catalina.valves.ErrorReportValve.invoke(ErrorReportValve.java:92)
	at org.apache.catalina.core.StandardEngineValve.invoke(StandardEngineValve.java:74)
	at org.apache.catalina.connector.CoyoteAdapter.service(CoyoteAdapter.java:343)
	at org.apache.coyote.http11.Http11Processor.service(Http11Processor.java:373)
	at org.apache.coyote.AbstractProcessorLight.process(AbstractProcessorLight.java:65)
	at org.apache.coyote.AbstractProtocol$ConnectionHandler.process(AbstractProtocol.java:868)
	at org.apache.tomcat.util.net.NioEndpoint$SocketProcessor.doRun(NioEndpoint.java:1594)
	at org.apache.tomcat.util.net.SocketProcessorBase.run(SocketProcessorBase.java:49)
	at java.util.concurrent.ThreadPoolExecutor.runWorker(ThreadPoolExecutor.java:1149)
	at java.util.concurrent.ThreadPoolExecutor$Worker.run(ThreadPoolExecutor.java:624)
	at org.apache.tomcat.util.threads.TaskThread$WrappingRunnable.run(TaskThread.java:61)
	at java.lang.Thread.run(Thread.java:750)
Caused by: redis.clients.jedis.exceptions.JedisConnectionException: Could not get a resource from the pool
	at redis.clients.jedis.util.Pool.getResource(Pool.java:59)
	at redis.clients.jedis.JedisPool.getResource(JedisPool.java:234)
	at redis.clients.jedis.JedisPool.getResource(JedisPool.java:15)
	at org.springframework.data.redis.connection.jedis.JedisConnectionFactory.fetchJedisConnector(JedisConnectionFactory.java:271)
	... 67 common frames omitted
Caused by: redis.clients.jedis.exceptions.JedisConnectionException: java.net.SocketTimeoutException: Read timed out
	at redis.clients.jedis.util.RedisInputStream.ensureFill(RedisInputStream.java:205)
	at redis.clients.jedis.util.RedisInputStream.readByte(RedisInputStream.java:43)
	at redis.clients.jedis.Protocol.process(Protocol.java:155)
	at redis.clients.jedis.Protocol.read(Protocol.java:220)
	at redis.clients.jedis.Connection.readProtocolWithCheckingBroken(Connection.java:318)
	at redis.clients.jedis.Connection.getStatusCodeReply(Connection.java:236)
	at redis.clients.jedis.BinaryJedis.select(BinaryJedis.java:560)
	at redis.clients.jedis.JedisFactory.makeObject(JedisFactory.java:122)
	at org.apache.commons.pool2.impl.GenericObjectPool.create(GenericObjectPool.java:889)
	at org.apache.commons.pool2.impl.GenericObjectPool.borrowObject(GenericObjectPool.java:424)
	at org.apache.commons.pool2.impl.GenericObjectPool.borrowObject(GenericObjectPool.java:349)
	at redis.clients.jedis.util.Pool.getResource(Pool.java:50)
	... 70 common frames omitted
Caused by: java.net.SocketTimeoutException: Read timed out
	at java.net.SocketInputStream.socketRead0(Native Method)
	at java.net.SocketInputStream.socketRead(SocketInputStream.java:116)
	at java.net.SocketInputStream.read(SocketInputStream.java:171)
	at java.net.SocketInputStream.read(SocketInputStream.java:141)
	at java.net.SocketInputStream.read(SocketInputStream.java:127)
	at redis.clients.jedis.util.RedisInputStream.ensureFill(RedisInputStream.java:199)
	... 81 common frames omitted
{
                    "app": "Crmeb",
                    "timestamp":"2025-11-05 11:26:21.429",
                    "level": "ERROR",
                    "thread": "http-nio-20008-exec-6",
                    "class": "o.a.c.c.C.[.[.[/].[dispatcherServlet]",
                    "message": "Servlet.service() for servlet [dispatcherServlet] in context with path [] threw exception" }
                    
org.springframework.data.redis.RedisConnectionFailureException: Cannot get Jedis connection; nested exception is redis.clients.jedis.exceptions.JedisConnectionException: Could not get a resource from the pool
	at org.springframework.data.redis.connection.jedis.JedisConnectionFactory.fetchJedisConnector(JedisConnectionFactory.java:281)
	at org.springframework.data.redis.connection.jedis.JedisConnectionFactory.getConnection(JedisConnectionFactory.java:475)
	at org.springframework.data.redis.core.RedisConnectionUtils.doGetConnection(RedisConnectionUtils.java:134)
	at org.springframework.data.redis.core.RedisConnectionUtils.getConnection(RedisConnectionUtils.java:97)
	at org.springframework.data.redis.core.RedisConnectionUtils.getConnection(RedisConnectionUtils.java:84)
	at org.springframework.data.redis.core.RedisTemplate.execute(RedisTemplate.java:215)
	at org.springframework.data.redis.core.RedisTemplate.execute(RedisTemplate.java:188)
	at org.springframework.data.redis.core.AbstractOperations.execute(AbstractOperations.java:96)
	at org.springframework.data.redis.core.DefaultValueOperations.get(DefaultValueOperations.java:53)
	at com.zbkj.common.utils.RedisUtil.get(RedisUtil.java:149)
	at com.zbkj.admin.filter.TokenComponent.getLoginUser(TokenComponent.java:61)
	at com.zbkj.admin.filter.JwtAuthenticationTokenFilter.doFilterInternal(JwtAuthenticationTokenFilter.java:28)
	at org.springframework.web.filter.OncePerRequestFilter.doFilter(OncePerRequestFilter.java:119)
	at org.springframework.security.web.FilterChainProxy$VirtualFilterChain.doFilter(FilterChainProxy.java:334)
	at org.springframework.web.filter.OncePerRequestFilter.doFilter(OncePerRequestFilter.java:113)
	at org.springframework.security.web.FilterChainProxy$VirtualFilterChain.doFilter(FilterChainProxy.java:334)
	at org.springframework.web.filter.CorsFilter.doFilterInternal(CorsFilter.java:92)
	at org.springframework.web.filter.OncePerRequestFilter.doFilter(OncePerRequestFilter.java:119)
	at org.springframework.security.web.FilterChainProxy$VirtualFilterChain.doFilter(FilterChainProxy.java:334)
	at org.springframework.security.web.authentication.logout.LogoutFilter.doFilter(LogoutFilter.java:116)
	at org.springframework.security.web.FilterChainProxy$VirtualFilterChain.doFilter(FilterChainProxy.java:334)
	at org.springframework.security.web.header.HeaderWriterFilter.doHeadersAfter(HeaderWriterFilter.java:92)
	at org.springframework.security.web.header.HeaderWriterFilter.doFilterInternal(HeaderWriterFilter.java:77)
	at org.springframework.web.filter.OncePerRequestFilter.doFilter(OncePerRequestFilter.java:119)
	at org.springframework.security.web.FilterChainProxy$VirtualFilterChain.doFilter(FilterChainProxy.java:334)
	at org.springframework.security.web.context.SecurityContextPersistenceFilter.doFilter(SecurityContextPersistenceFilter.java:105)
	at org.springframework.security.web.FilterChainProxy$VirtualFilterChain.doFilter(FilterChainProxy.java:334)
	at org.springframework.security.web.context.request.async.WebAsyncManagerIntegrationFilter.doFilterInternal(WebAsyncManagerIntegrationFilter.java:56)
	at org.springframework.web.filter.OncePerRequestFilter.doFilter(OncePerRequestFilter.java:119)
	at org.springframework.security.web.FilterChainProxy$VirtualFilterChain.doFilter(FilterChainProxy.java:334)
	at org.springframework.security.web.FilterChainProxy.doFilterInternal(FilterChainProxy.java:215)
	at org.springframework.security.web.FilterChainProxy.doFilter(FilterChainProxy.java:178)
	at org.springframework.web.filter.DelegatingFilterProxy.invokeDelegate(DelegatingFilterProxy.java:358)
	at org.springframework.web.filter.DelegatingFilterProxy.doFilter(DelegatingFilterProxy.java:271)
	at org.apache.catalina.core.ApplicationFilterChain.internalDoFilter(ApplicationFilterChain.java:193)
	at org.apache.catalina.core.ApplicationFilterChain.doFilter(ApplicationFilterChain.java:166)
	at org.springframework.web.filter.RequestContextFilter.doFilterInternal(RequestContextFilter.java:100)
	at org.springframework.web.filter.OncePerRequestFilter.doFilter(OncePerRequestFilter.java:119)
	at org.apache.catalina.core.ApplicationFilterChain.internalDoFilter(ApplicationFilterChain.java:193)
	at org.apache.catalina.core.ApplicationFilterChain.doFilter(ApplicationFilterChain.java:166)
	at org.springframework.web.filter.FormContentFilter.doFilterInternal(FormContentFilter.java:93)
	at org.springframework.web.filter.OncePerRequestFilter.doFilter(OncePerRequestFilter.java:119)
	at org.apache.catalina.core.ApplicationFilterChain.internalDoFilter(ApplicationFilterChain.java:193)
	at org.apache.catalina.core.ApplicationFilterChain.doFilter(ApplicationFilterChain.java:166)
	at org.springframework.boot.actuate.metrics.web.servlet.WebMvcMetricsFilter.doFilterInternal(WebMvcMetricsFilter.java:109)
	at org.springframework.web.filter.OncePerRequestFilter.doFilter(OncePerRequestFilter.java:119)
	at org.apache.catalina.core.ApplicationFilterChain.internalDoFilter(ApplicationFilterChain.java:193)
	at org.apache.catalina.core.ApplicationFilterChain.doFilter(ApplicationFilterChain.java:166)
	at org.springframework.web.filter.CharacterEncodingFilter.doFilterInternal(CharacterEncodingFilter.java:201)
	at org.springframework.web.filter.OncePerRequestFilter.doFilter(OncePerRequestFilter.java:119)
	at org.apache.catalina.core.ApplicationFilterChain.internalDoFilter(ApplicationFilterChain.java:193)
	at org.apache.catalina.core.ApplicationFilterChain.doFilter(ApplicationFilterChain.java:166)
	at org.apache.catalina.core.StandardWrapperValve.invoke(StandardWrapperValve.java:202)
	at org.apache.catalina.core.StandardContextValve.invoke(StandardContextValve.java:96)
	at org.apache.catalina.authenticator.AuthenticatorBase.invoke(AuthenticatorBase.java:541)
	at org.apache.catalina.core.StandardHostValve.invoke(StandardHostValve.java:139)
	at org.apache.catalina.valves.ErrorReportValve.invoke(ErrorReportValve.java:92)
	at org.apache.catalina.core.StandardEngineValve.invoke(StandardEngineValve.java:74)
	at org.apache.catalina.connector.CoyoteAdapter.service(CoyoteAdapter.java:343)
	at org.apache.coyote.http11.Http11Processor.service(Http11Processor.java:373)
	at org.apache.coyote.AbstractProcessorLight.process(AbstractProcessorLight.java:65)
	at org.apache.coyote.AbstractProtocol$ConnectionHandler.process(AbstractProtocol.java:868)
	at org.apache.tomcat.util.net.NioEndpoint$SocketProcessor.doRun(NioEndpoint.java:1594)
	at org.apache.tomcat.util.net.SocketProcessorBase.run(SocketProcessorBase.java:49)
	at java.util.concurrent.ThreadPoolExecutor.runWorker(ThreadPoolExecutor.java:1149)
	at java.util.concurrent.ThreadPoolExecutor$Worker.run(ThreadPoolExecutor.java:624)
	at org.apache.tomcat.util.threads.TaskThread$WrappingRunnable.run(TaskThread.java:61)
	at java.lang.Thread.run(Thread.java:750)
Caused by: redis.clients.jedis.exceptions.JedisConnectionException: Could not get a resource from the pool
	at redis.clients.jedis.util.Pool.getResource(Pool.java:59)
	at redis.clients.jedis.JedisPool.getResource(JedisPool.java:234)
	at redis.clients.jedis.JedisPool.getResource(JedisPool.java:15)
	at org.springframework.data.redis.connection.jedis.JedisConnectionFactory.fetchJedisConnector(JedisConnectionFactory.java:271)
	... 67 common frames omitted
Caused by: redis.clients.jedis.exceptions.JedisConnectionException: java.net.SocketTimeoutException: Read timed out
	at redis.clients.jedis.util.RedisInputStream.ensureFill(RedisInputStream.java:205)
	at redis.clients.jedis.util.RedisInputStream.readByte(RedisInputStream.java:43)
	at redis.clients.jedis.Protocol.process(Protocol.java:155)
	at redis.clients.jedis.Protocol.read(Protocol.java:220)
	at redis.clients.jedis.Connection.readProtocolWithCheckingBroken(Connection.java:318)
	at redis.clients.jedis.Connection.getStatusCodeReply(Connection.java:236)
	at redis.clients.jedis.BinaryJedis.select(BinaryJedis.java:560)
	at redis.clients.jedis.JedisFactory.makeObject(JedisFactory.java:122)
	at org.apache.commons.pool2.impl.GenericObjectPool.create(GenericObjectPool.java:889)
	at org.apache.commons.pool2.impl.GenericObjectPool.borrowObject(GenericObjectPool.java:424)
	at org.apache.commons.pool2.impl.GenericObjectPool.borrowObject(GenericObjectPool.java:349)
	at redis.clients.jedis.util.Pool.getResource(Pool.java:50)
	... 70 common frames omitted
Caused by: java.net.SocketTimeoutException: Read timed out
	at java.net.SocketInputStream.socketRead0(Native Method)
	at java.net.SocketInputStream.socketRead(SocketInputStream.java:116)
	at java.net.SocketInputStream.read(SocketInputStream.java:171)
	at java.net.SocketInputStream.read(SocketInputStream.java:141)
	at java.net.SocketInputStream.read(SocketInputStream.java:127)
	at redis.clients.jedis.util.RedisInputStream.ensureFill(RedisInputStream.java:199)
	... 81 common frames omitted
{
                    "app": "Crmeb",
                    "timestamp":"2025-11-05 11:26:28.294",
                    "level": "ERROR",
                    "thread": "http-nio-20008-exec-14",
                    "class": "o.a.c.c.C.[.[.[/].[dispatcherServlet]",
                    "message": "Servlet.service() for servlet [dispatcherServlet] in context with path [] threw exception" }
                    
org.springframework.data.redis.RedisConnectionFailureException: Cannot get Jedis connection; nested exception is redis.clients.jedis.exceptions.JedisConnectionException: Could not get a resource from the pool
	at org.springframework.data.redis.connection.jedis.JedisConnectionFactory.fetchJedisConnector(JedisConnectionFactory.java:281)
	at org.springframework.data.redis.connection.jedis.JedisConnectionFactory.getConnection(JedisConnectionFactory.java:475)
	at org.springframework.data.redis.core.RedisConnectionUtils.doGetConnection(RedisConnectionUtils.java:134)
	at org.springframework.data.redis.core.RedisConnectionUtils.getConnection(RedisConnectionUtils.java:97)
	at org.springframework.data.redis.core.RedisConnectionUtils.getConnection(RedisConnectionUtils.java:84)
	at org.springframework.data.redis.core.RedisTemplate.execute(RedisTemplate.java:215)
	at org.springframework.data.redis.core.RedisTemplate.execute(RedisTemplate.java:188)
	at org.springframework.data.redis.core.AbstractOperations.execute(AbstractOperations.java:96)
	at org.springframework.data.redis.core.DefaultValueOperations.get(DefaultValueOperations.java:53)
	at com.zbkj.common.utils.RedisUtil.get(RedisUtil.java:149)
	at com.zbkj.admin.filter.TokenComponent.getLoginUser(TokenComponent.java:61)
	at com.zbkj.admin.filter.JwtAuthenticationTokenFilter.doFilterInternal(JwtAuthenticationTokenFilter.java:28)
	at org.springframework.web.filter.OncePerRequestFilter.doFilter(OncePerRequestFilter.java:119)
	at org.springframework.security.web.FilterChainProxy$VirtualFilterChain.doFilter(FilterChainProxy.java:334)
	at org.springframework.web.filter.OncePerRequestFilter.doFilter(OncePerRequestFilter.java:113)
	at org.springframework.security.web.FilterChainProxy$VirtualFilterChain.doFilter(FilterChainProxy.java:334)
	at org.springframework.web.filter.CorsFilter.doFilterInternal(CorsFilter.java:92)
	at org.springframework.web.filter.OncePerRequestFilter.doFilter(OncePerRequestFilter.java:119)
	at org.springframework.security.web.FilterChainProxy$VirtualFilterChain.doFilter(FilterChainProxy.java:334)
	at org.springframework.security.web.authentication.logout.LogoutFilter.doFilter(LogoutFilter.java:116)
	at org.springframework.security.web.FilterChainProxy$VirtualFilterChain.doFilter(FilterChainProxy.java:334)
	at org.springframework.security.web.header.HeaderWriterFilter.doHeadersAfter(HeaderWriterFilter.java:92)
	at org.springframework.security.web.header.HeaderWriterFilter.doFilterInternal(HeaderWriterFilter.java:77)
	at org.springframework.web.filter.OncePerRequestFilter.doFilter(OncePerRequestFilter.java:119)
	at org.springframework.security.web.FilterChainProxy$VirtualFilterChain.doFilter(FilterChainProxy.java:334)
	at org.springframework.security.web.context.SecurityContextPersistenceFilter.doFilter(SecurityContextPersistenceFilter.java:105)
	at org.springframework.security.web.FilterChainProxy$VirtualFilterChain.doFilter(FilterChainProxy.java:334)
	at org.springframework.security.web.context.request.async.WebAsyncManagerIntegrationFilter.doFilterInternal(WebAsyncManagerIntegrationFilter.java:56)
	at org.springframework.web.filter.OncePerRequestFilter.doFilter(OncePerRequestFilter.java:119)
	at org.springframework.security.web.FilterChainProxy$VirtualFilterChain.doFilter(FilterChainProxy.java:334)
	at org.springframework.security.web.FilterChainProxy.doFilterInternal(FilterChainProxy.java:215)
	at org.springframework.security.web.FilterChainProxy.doFilter(FilterChainProxy.java:178)
	at org.springframework.web.filter.DelegatingFilterProxy.invokeDelegate(DelegatingFilterProxy.java:358)
	at org.springframework.web.filter.DelegatingFilterProxy.doFilter(DelegatingFilterProxy.java:271)
	at org.apache.catalina.core.ApplicationFilterChain.internalDoFilter(ApplicationFilterChain.java:193)
	at org.apache.catalina.core.ApplicationFilterChain.doFilter(ApplicationFilterChain.java:166)
	at org.springframework.web.filter.RequestContextFilter.doFilterInternal(RequestContextFilter.java:100)
	at org.springframework.web.filter.OncePerRequestFilter.doFilter(OncePerRequestFilter.java:119)
	at org.apache.catalina.core.ApplicationFilterChain.internalDoFilter(ApplicationFilterChain.java:193)
	at org.apache.catalina.core.ApplicationFilterChain.doFilter(ApplicationFilterChain.java:166)
	at org.springframework.web.filter.FormContentFilter.doFilterInternal(FormContentFilter.java:93)
	at org.springframework.web.filter.OncePerRequestFilter.doFilter(OncePerRequestFilter.java:119)
	at org.apache.catalina.core.ApplicationFilterChain.internalDoFilter(ApplicationFilterChain.java:193)
	at org.apache.catalina.core.ApplicationFilterChain.doFilter(ApplicationFilterChain.java:166)
	at org.springframework.boot.actuate.metrics.web.servlet.WebMvcMetricsFilter.doFilterInternal(WebMvcMetricsFilter.java:109)
	at org.springframework.web.filter.OncePerRequestFilter.doFilter(OncePerRequestFilter.java:119)
	at org.apache.catalina.core.ApplicationFilterChain.internalDoFilter(ApplicationFilterChain.java:193)
	at org.apache.catalina.core.ApplicationFilterChain.doFilter(ApplicationFilterChain.java:166)
	at org.springframework.web.filter.CharacterEncodingFilter.doFilterInternal(CharacterEncodingFilter.java:201)
	at org.springframework.web.filter.OncePerRequestFilter.doFilter(OncePerRequestFilter.java:119)
	at org.apache.catalina.core.ApplicationFilterChain.internalDoFilter(ApplicationFilterChain.java:193)
	at org.apache.catalina.core.ApplicationFilterChain.doFilter(ApplicationFilterChain.java:166)
	at org.apache.catalina.core.StandardWrapperValve.invoke(StandardWrapperValve.java:202)
	at org.apache.catalina.core.StandardContextValve.invoke(StandardContextValve.java:96)
	at org.apache.catalina.authenticator.AuthenticatorBase.invoke(AuthenticatorBase.java:541)
	at org.apache.catalina.core.StandardHostValve.invoke(StandardHostValve.java:139)
	at org.apache.catalina.valves.ErrorReportValve.invoke(ErrorReportValve.java:92)
	at org.apache.catalina.core.StandardEngineValve.invoke(StandardEngineValve.java:74)
	at org.apache.catalina.connector.CoyoteAdapter.service(CoyoteAdapter.java:343)
	at org.apache.coyote.http11.Http11Processor.service(Http11Processor.java:373)
	at org.apache.coyote.AbstractProcessorLight.process(AbstractProcessorLight.java:65)
	at org.apache.coyote.AbstractProtocol$ConnectionHandler.process(AbstractProtocol.java:868)
	at org.apache.tomcat.util.net.NioEndpoint$SocketProcessor.doRun(NioEndpoint.java:1594)
	at org.apache.tomcat.util.net.SocketProcessorBase.run(SocketProcessorBase.java:49)
	at java.util.concurrent.ThreadPoolExecutor.runWorker(ThreadPoolExecutor.java:1149)
	at java.util.concurrent.ThreadPoolExecutor$Worker.run(ThreadPoolExecutor.java:624)
	at org.apache.tomcat.util.threads.TaskThread$WrappingRunnable.run(TaskThread.java:61)
	at java.lang.Thread.run(Thread.java:750)
Caused by: redis.clients.jedis.exceptions.JedisConnectionException: Could not get a resource from the pool
	at redis.clients.jedis.util.Pool.getResource(Pool.java:59)
	at redis.clients.jedis.JedisPool.getResource(JedisPool.java:234)
	at redis.clients.jedis.JedisPool.getResource(JedisPool.java:15)
	at org.springframework.data.redis.connection.jedis.JedisConnectionFactory.fetchJedisConnector(JedisConnectionFactory.java:271)
	... 67 common frames omitted
Caused by: redis.clients.jedis.exceptions.JedisConnectionException: java.net.SocketTimeoutException: Read timed out
	at redis.clients.jedis.util.RedisInputStream.ensureFill(RedisInputStream.java:205)
	at redis.clients.jedis.util.RedisInputStream.readByte(RedisInputStream.java:43)
	at redis.clients.jedis.Protocol.process(Protocol.java:155)
	at redis.clients.jedis.Protocol.read(Protocol.java:220)
	at redis.clients.jedis.Connection.readProtocolWithCheckingBroken(Connection.java:318)
	at redis.clients.jedis.Connection.getStatusCodeReply(Connection.java:236)
	at redis.clients.jedis.BinaryJedis.select(BinaryJedis.java:560)
	at redis.clients.jedis.JedisFactory.makeObject(JedisFactory.java:122)
	at org.apache.commons.pool2.impl.GenericObjectPool.create(GenericObjectPool.java:889)
	at org.apache.commons.pool2.impl.GenericObjectPool.borrowObject(GenericObjectPool.java:424)
	at org.apache.commons.pool2.impl.GenericObjectPool.borrowObject(GenericObjectPool.java:349)
	at redis.clients.jedis.util.Pool.getResource(Pool.java:50)
	... 70 common frames omitted
Caused by: java.net.SocketTimeoutException: Read timed out
	at java.net.SocketInputStream.socketRead0(Native Method)
	at java.net.SocketInputStream.socketRead(SocketInputStream.java:116)
	at java.net.SocketInputStream.read(SocketInputStream.java:171)
	at java.net.SocketInputStream.read(SocketInputStream.java:141)
	at java.net.SocketInputStream.read(SocketInputStream.java:127)
	at redis.clients.jedis.util.RedisInputStream.ensureFill(RedisInputStream.java:199)
	... 81 common frames omitted
{
                    "app": "Crmeb",
                    "timestamp":"2025-11-05 11:27:00.025",
                    "level": "ERROR",
                    "thread": "task-executor-12",
                    "class": "c.z.s.service.impl.OrderTaskServiceImpl",
                    "message": "OrderTaskServiceImpl.autoCancel | 订单不存在，orderNo: PT629175896604985826248" }
                    
{
                    "app": "Crmeb",
                    "timestamp":"2025-11-05 11:28:00.018",
                    "level": "ERROR",
                    "thread": "task-executor-17",
                    "class": "c.z.s.service.impl.OrderTaskServiceImpl",
                    "message": "OrderTaskServiceImpl.autoCancel | 订单不存在，orderNo: PT629175896604985826248" }
                    
{
                    "app": "Crmeb",
                    "timestamp":"2025-11-05 11:29:00.028",
                    "level": "ERROR",
                    "thread": "task-executor-3",
                    "class": "c.z.s.service.impl.OrderTaskServiceImpl",
                    "message": "OrderTaskServiceImpl.autoCancel | 订单不存在，orderNo: PT629175896604985826248" }
                    
{
                    "app": "Crmeb",
                    "timestamp":"2025-11-05 11:30:00.092",
                    "level": "ERROR",
                    "thread": "task-executor-8",
                    "class": "c.z.s.service.impl.OrderTaskServiceImpl",
                    "message": "OrderTaskServiceImpl.autoCancel | 订单不存在，orderNo: PT629175896604985826248" }
                    
{
                    "app": "Crmeb",
                    "timestamp":"2025-11-05 11:31:07.069",
                    "level": "ERROR",
                    "thread": "task-executor-13",
                    "class": "c.z.s.service.impl.OrderTaskServiceImpl",
                    "message": "OrderTaskServiceImpl.autoCancel | 订单不存在，orderNo: PT629175896604985826248" }
                    
{
                    "app": "Crmeb",
                    "timestamp":"2025-11-05 11:33:19.257",
                    "level": "ERROR",
                    "thread": "task-executor-18",
                    "class": "c.z.s.service.impl.OrderTaskServiceImpl",
                    "message": "OrderTaskServiceImpl.autoCancel | 订单不存在，orderNo: PT629175896604985826248" }
                    
{
                    "app": "Crmeb",
                    "timestamp":"2025-11-05 11:33:19.362",
                    "level": "ERROR",
                    "thread": "task-executor-4",
                    "class": "c.z.s.service.impl.OrderTaskServiceImpl",
                    "message": "OrderTaskServiceImpl.autoCancel | 订单不存在，orderNo: PT629175896604985826248" }
                    
{
                    "app": "Crmeb",
                    "timestamp":"2025-11-05 11:34:00.027",
                    "level": "ERROR",
                    "thread": "task-executor-6",
                    "class": "c.z.s.service.impl.OrderTaskServiceImpl",
                    "message": "OrderTaskServiceImpl.autoCancel | 订单不存在，orderNo: PT629175896604985826248" }
                    
{
                    "app": "Crmeb",
                    "timestamp":"2025-11-05 11:35:00.019",
                    "level": "ERROR",
                    "thread": "task-executor-12",
                    "class": "c.z.s.service.impl.OrderTaskServiceImpl",
                    "message": "OrderTaskServiceImpl.autoCancel | 订单不存在，orderNo: PT629175896604985826248" }
                    
{
                    "app": "Crmeb",
                    "timestamp":"2025-11-05 11:36:00.032",
                    "level": "ERROR",
                    "thread": "task-executor-16",
                    "class": "c.z.s.service.impl.OrderTaskServiceImpl",
                    "message": "OrderTaskServiceImpl.autoCancel | 订单不存在，orderNo: PT629175896604985826248" }
                    
{
                    "app": "Crmeb",
                    "timestamp":"2025-11-05 11:37:00.017",
                    "level": "ERROR",
                    "thread": "task-executor-3",
                    "class": "c.z.s.service.impl.OrderTaskServiceImpl",
                    "message": "OrderTaskServiceImpl.autoCancel | 订单不存在，orderNo: PT629175896604985826248" }
                    
{
                    "app": "Crmeb",
                    "timestamp":"2025-11-05 11:38:00.033",
                    "level": "ERROR",
                    "thread": "task-executor-7",
                    "class": "c.z.s.service.impl.OrderTaskServiceImpl",
                    "message": "OrderTaskServiceImpl.autoCancel | 订单不存在，orderNo: PT629175896604985826248" }
                    
{
                    "app": "Crmeb",
                    "timestamp":"2025-11-05 11:39:00.023",
                    "level": "ERROR",
                    "thread": "task-executor-12",
                    "class": "c.z.s.service.impl.OrderTaskServiceImpl",
                    "message": "OrderTaskServiceImpl.autoCancel | 订单不存在，orderNo: PT629175896604985826248" }
                    
{
                    "app": "Crmeb",
                    "timestamp":"2025-11-05 11:40:00.017",
                    "level": "ERROR",
                    "thread": "task-executor-16",
                    "class": "c.z.s.service.impl.OrderTaskServiceImpl",
                    "message": "OrderTaskServiceImpl.autoCancel | 订单不存在，orderNo: PT629175896604985826248" }
                    
{
                    "app": "Crmeb",
                    "timestamp":"2025-11-05 11:41:00.018",
                    "level": "ERROR",
                    "thread": "task-executor-3",
                    "class": "c.z.s.service.impl.OrderTaskServiceImpl",
                    "message": "OrderTaskServiceImpl.autoCancel | 订单不存在，orderNo: PT629175896604985826248" }
                    
{
                    "app": "Crmeb",
                    "timestamp":"2025-11-05 11:42:00.021",
                    "level": "ERROR",
                    "thread": "task-executor-7",
                    "class": "c.z.s.service.impl.OrderTaskServiceImpl",
                    "message": "OrderTaskServiceImpl.autoCancel | 订单不存在，orderNo: PT629175896604985826248" }
                    
{
                    "app": "Crmeb",
                    "timestamp":"2025-11-05 11:43:00.028",
                    "level": "ERROR",
                    "thread": "task-executor-12",
                    "class": "c.z.s.service.impl.OrderTaskServiceImpl",
                    "message": "OrderTaskServiceImpl.autoCancel | 订单不存在，orderNo: PT629175896604985826248" }
                    
{
                    "app": "Crmeb",
                    "timestamp":"2025-11-05 11:44:00.014",
                    "level": "ERROR",
                    "thread": "task-executor-16",
                    "class": "c.z.s.service.impl.OrderTaskServiceImpl",
                    "message": "OrderTaskServiceImpl.autoCancel | 订单不存在，orderNo: PT629175896604985826248" }
                    
{
                    "app": "Crmeb",
                    "timestamp":"2025-11-05 11:45:00.018",
                    "level": "ERROR",
                    "thread": "task-executor-3",
                    "class": "c.z.s.service.impl.OrderTaskServiceImpl",
                    "message": "OrderTaskServiceImpl.autoCancel | 订单不存在，orderNo: PT629175896604985826248" }
                    
{
                    "app": "Crmeb",
                    "timestamp":"2025-11-05 11:46:00.020",
                    "level": "ERROR",
                    "thread": "task-executor-7",
                    "class": "c.z.s.service.impl.OrderTaskServiceImpl",
                    "message": "OrderTaskServiceImpl.autoCancel | 订单不存在，orderNo: PT629175896604985826248" }
                    
{
                    "app": "Crmeb",
                    "timestamp":"2025-11-05 11:47:00.020",
                    "level": "ERROR",
                    "thread": "task-executor-12",
                    "class": "c.z.s.service.impl.OrderTaskServiceImpl",
                    "message": "OrderTaskServiceImpl.autoCancel | 订单不存在，orderNo: PT629175896604985826248" }
                    
{
                    "app": "Crmeb",
                    "timestamp":"2025-11-05 11:48:00.027",
                    "level": "ERROR",
                    "thread": "task-executor-16",
                    "class": "c.z.s.service.impl.OrderTaskServiceImpl",
                    "message": "OrderTaskServiceImpl.autoCancel | 订单不存在，orderNo: PT629175896604985826248" }
                    
{
                    "app": "Crmeb",
                    "timestamp":"2025-11-05 11:49:00.019",
                    "level": "ERROR",
                    "thread": "task-executor-3",
                    "class": "c.z.s.service.impl.OrderTaskServiceImpl",
                    "message": "OrderTaskServiceImpl.autoCancel | 订单不存在，orderNo: PT629175896604985826248" }
                    
{
                    "app": "Crmeb",
                    "timestamp":"2025-11-05 11:50:00.024",
                    "level": "ERROR",
                    "thread": "task-executor-7",
                    "class": "c.z.s.service.impl.OrderTaskServiceImpl",
                    "message": "OrderTaskServiceImpl.autoCancel | 订单不存在，orderNo: PT629175896604985826248" }
                    
{
                    "app": "Crmeb",
                    "timestamp":"2025-11-05 11:51:00.020",
                    "level": "ERROR",
                    "thread": "task-executor-12",
                    "class": "c.z.s.service.impl.OrderTaskServiceImpl",
                    "message": "OrderTaskServiceImpl.autoCancel | 订单不存在，orderNo: PT629175896604985826248" }
                    
{
                    "app": "Crmeb",
                    "timestamp":"2025-11-05 11:56:44.643",
                    "level": "ERROR",
                    "thread": "task-executor-2",
                    "class": "c.z.s.service.impl.OrderTaskServiceImpl",
                    "message": "OrderTaskServiceImpl.autoCancel | 订单不存在，orderNo: PT629175896604985826248" }
                    
{
                    "app": "Crmeb",
                    "timestamp":"2025-11-05 11:57:00.032",
                    "level": "ERROR",
                    "thread": "task-executor-7",
                    "class": "c.z.s.service.impl.OrderTaskServiceImpl",
                    "message": "OrderTaskServiceImpl.autoCancel | 订单不存在，orderNo: PT629175896604985826248" }
                    
{
                    "app": "Crmeb",
                    "timestamp":"2025-11-05 11:58:00.025",
                    "level": "ERROR",
                    "thread": "task-executor-12",
                    "class": "c.z.s.service.impl.OrderTaskServiceImpl",
                    "message": "OrderTaskServiceImpl.autoCancel | 订单不存在，orderNo: PT629175896604985826248" }
                    
{
                    "app": "Crmeb",
                    "timestamp":"2025-11-05 11:59:00.021",
                    "level": "ERROR",
                    "thread": "task-executor-17",
                    "class": "c.z.s.service.impl.OrderTaskServiceImpl",
                    "message": "OrderTaskServiceImpl.autoCancel | 订单不存在，orderNo: PT629175896604985826248" }
                    
{
                    "app": "Crmeb",
                    "timestamp":"2025-11-05 12:00:00.019",
                    "level": "ERROR",
                    "thread": "task-executor-1",
                    "class": "c.z.s.service.impl.OrderTaskServiceImpl",
                    "message": "OrderTaskServiceImpl.autoCancel | 订单不存在，orderNo: PT629175896604985826248" }
                    
{
                    "app": "Crmeb",
                    "timestamp":"2025-11-05 12:01:00.019",
                    "level": "ERROR",
                    "thread": "task-executor-8",
                    "class": "c.z.s.service.impl.OrderTaskServiceImpl",
                    "message": "OrderTaskServiceImpl.autoCancel | 订单不存在，orderNo: PT629175896604985826248" }
                    
{
                    "app": "Crmeb",
                    "timestamp":"2025-11-05 12:02:00.022",
                    "level": "ERROR",
                    "thread": "task-executor-12",
                    "class": "c.z.s.service.impl.OrderTaskServiceImpl",
                    "message": "OrderTaskServiceImpl.autoCancel | 订单不存在，orderNo: PT629175896604985826248" }
                    
{
                    "app": "Crmeb",
                    "timestamp":"2025-11-05 12:03:00.032",
                    "level": "ERROR",
                    "thread": "task-executor-17",
                    "class": "c.z.s.service.impl.OrderTaskServiceImpl",
                    "message": "OrderTaskServiceImpl.autoCancel | 订单不存在，orderNo: PT629175896604985826248" }
                    
{
                    "app": "Crmeb",
                    "timestamp":"2025-11-05 12:04:00.017",
                    "level": "ERROR",
                    "thread": "task-executor-1",
                    "class": "c.z.s.service.impl.OrderTaskServiceImpl",
                    "message": "OrderTaskServiceImpl.autoCancel | 订单不存在，orderNo: PT629175896604985826248" }
                    
{
                    "app": "Crmeb",
                    "timestamp":"2025-11-05 12:05:00.029",
                    "level": "ERROR",
                    "thread": "task-executor-8",
                    "class": "c.z.s.service.impl.OrderTaskServiceImpl",
                    "message": "OrderTaskServiceImpl.autoCancel | 订单不存在，orderNo: PT629175896604985826248" }
                    
{
                    "app": "Crmeb",
                    "timestamp":"2025-11-05 12:06:00.016",
                    "level": "ERROR",
                    "thread": "task-executor-12",
                    "class": "c.z.s.service.impl.OrderTaskServiceImpl",
                    "message": "OrderTaskServiceImpl.autoCancel | 订单不存在，orderNo: PT629175896604985826248" }
                    
{
                    "app": "Crmeb",
                    "timestamp":"2025-11-05 12:07:00.026",
                    "level": "ERROR",
                    "thread": "task-executor-17",
                    "class": "c.z.s.service.impl.OrderTaskServiceImpl",
                    "message": "OrderTaskServiceImpl.autoCancel | 订单不存在，orderNo: PT629175896604985826248" }
                    
{
                    "app": "Crmeb",
                    "timestamp":"2025-11-05 12:08:00.022",
                    "level": "ERROR",
                    "thread": "task-executor-1",
                    "class": "c.z.s.service.impl.OrderTaskServiceImpl",
                    "message": "OrderTaskServiceImpl.autoCancel | 订单不存在，orderNo: PT629175896604985826248" }
                    
{
                    "app": "Crmeb",
                    "timestamp":"2025-11-05 12:09:00.022",
                    "level": "ERROR",
                    "thread": "task-executor-8",
                    "class": "c.z.s.service.impl.OrderTaskServiceImpl",
                    "message": "OrderTaskServiceImpl.autoCancel | 订单不存在，orderNo: PT629175896604985826248" }
                    
{
                    "app": "Crmeb",
                    "timestamp":"2025-11-05 12:10:00.027",
                    "level": "ERROR",
                    "thread": "task-executor-12",
                    "class": "c.z.s.service.impl.OrderTaskServiceImpl",
                    "message": "OrderTaskServiceImpl.autoCancel | 订单不存在，orderNo: PT629175896604985826248" }
                    
{
                    "app": "Crmeb",
                    "timestamp":"2025-11-05 12:11:00.021",
                    "level": "ERROR",
                    "thread": "task-executor-17",
                    "class": "c.z.s.service.impl.OrderTaskServiceImpl",
                    "message": "OrderTaskServiceImpl.autoCancel | 订单不存在，orderNo: PT629175896604985826248" }
                    
{
                    "app": "Crmeb",
                    "timestamp":"2025-11-05 12:12:00.032",
                    "level": "ERROR",
                    "thread": "task-executor-1",
                    "class": "c.z.s.service.impl.OrderTaskServiceImpl",
                    "message": "OrderTaskServiceImpl.autoCancel | 订单不存在，orderNo: PT629175896604985826248" }
                    
{
                    "app": "Crmeb",
                    "timestamp":"2025-11-05 12:13:00.023",
                    "level": "ERROR",
                    "thread": "task-executor-8",
                    "class": "c.z.s.service.impl.OrderTaskServiceImpl",
                    "message": "OrderTaskServiceImpl.autoCancel | 订单不存在，orderNo: PT629175896604985826248" }
                    
{
                    "app": "Crmeb",
                    "timestamp":"2025-11-05 12:14:00.015",
                    "level": "ERROR",
                    "thread": "task-executor-12",
                    "class": "c.z.s.service.impl.OrderTaskServiceImpl",
                    "message": "OrderTaskServiceImpl.autoCancel | 订单不存在，orderNo: PT629175896604985826248" }
                    
{
                    "app": "Crmeb",
                    "timestamp":"2025-11-05 12:15:00.019",
                    "level": "ERROR",
                    "thread": "task-executor-17",
                    "class": "c.z.s.service.impl.OrderTaskServiceImpl",
                    "message": "OrderTaskServiceImpl.autoCancel | 订单不存在，orderNo: PT629175896604985826248" }
                    
{
                    "app": "Crmeb",
                    "timestamp":"2025-11-05 12:16:00.021",
                    "level": "ERROR",
                    "thread": "task-executor-1",
                    "class": "c.z.s.service.impl.OrderTaskServiceImpl",
                    "message": "OrderTaskServiceImpl.autoCancel | 订单不存在，orderNo: PT629175896604985826248" }
                    
{
                    "app": "Crmeb",
                    "timestamp":"2025-11-05 12:17:00.018",
                    "level": "ERROR",
                    "thread": "task-executor-8",
                    "class": "c.z.s.service.impl.OrderTaskServiceImpl",
                    "message": "OrderTaskServiceImpl.autoCancel | 订单不存在，orderNo: PT629175896604985826248" }
                    
{
                    "app": "Crmeb",
                    "timestamp":"2025-11-05 12:18:00.021",
                    "level": "ERROR",
                    "thread": "task-executor-12",
                    "class": "c.z.s.service.impl.OrderTaskServiceImpl",
                    "message": "OrderTaskServiceImpl.autoCancel | 订单不存在，orderNo: PT629175896604985826248" }
                    
{
                    "app": "Crmeb",
                    "timestamp":"2025-11-05 12:19:00.021",
                    "level": "ERROR",
                    "thread": "task-executor-17",
                    "class": "c.z.s.service.impl.OrderTaskServiceImpl",
                    "message": "OrderTaskServiceImpl.autoCancel | 订单不存在，orderNo: PT629175896604985826248" }
                    
{
                    "app": "Crmeb",
                    "timestamp":"2025-11-05 12:20:00.019",
                    "level": "ERROR",
                    "thread": "task-executor-1",
                    "class": "c.z.s.service.impl.OrderTaskServiceImpl",
                    "message": "OrderTaskServiceImpl.autoCancel | 订单不存在，orderNo: PT629175896604985826248" }
                    
{
                    "app": "Crmeb",
                    "timestamp":"2025-11-05 12:21:00.023",
                    "level": "ERROR",
                    "thread": "task-executor-8",
                    "class": "c.z.s.service.impl.OrderTaskServiceImpl",
                    "message": "OrderTaskServiceImpl.autoCancel | 订单不存在，orderNo: PT629175896604985826248" }
                    
{
                    "app": "Crmeb",
                    "timestamp":"2025-11-05 12:22:00.022",
                    "level": "ERROR",
                    "thread": "task-executor-12",
                    "class": "c.z.s.service.impl.OrderTaskServiceImpl",
                    "message": "OrderTaskServiceImpl.autoCancel | 订单不存在，orderNo: PT629175896604985826248" }
                    
{
                    "app": "Crmeb",
                    "timestamp":"2025-11-05 12:23:00.020",
                    "level": "ERROR",
                    "thread": "task-executor-17",
                    "class": "c.z.s.service.impl.OrderTaskServiceImpl",
                    "message": "OrderTaskServiceImpl.autoCancel | 订单不存在，orderNo: PT629175896604985826248" }
                    
{
                    "app": "Crmeb",
                    "timestamp":"2025-11-05 12:24:00.028",
                    "level": "ERROR",
                    "thread": "task-executor-1",
                    "class": "c.z.s.service.impl.OrderTaskServiceImpl",
                    "message": "OrderTaskServiceImpl.autoCancel | 订单不存在，orderNo: PT629175896604985826248" }
                    
{
                    "app": "Crmeb",
                    "timestamp":"2025-11-05 12:25:00.021",
                    "level": "ERROR",
                    "thread": "task-executor-8",
                    "class": "c.z.s.service.impl.OrderTaskServiceImpl",
                    "message": "OrderTaskServiceImpl.autoCancel | 订单不存在，orderNo: PT629175896604985826248" }
                    
{
                    "app": "Crmeb",
                    "timestamp":"2025-11-05 12:26:00.017",
                    "level": "ERROR",
                    "thread": "task-executor-12",
                    "class": "c.z.s.service.impl.OrderTaskServiceImpl",
                    "message": "OrderTaskServiceImpl.autoCancel | 订单不存在，orderNo: PT629175896604985826248" }
                    
{
                    "app": "Crmeb",
                    "timestamp":"2025-11-05 12:27:00.018",
                    "level": "ERROR",
                    "thread": "task-executor-17",
                    "class": "c.z.s.service.impl.OrderTaskServiceImpl",
                    "message": "OrderTaskServiceImpl.autoCancel | 订单不存在，orderNo: PT629175896604985826248" }
                    
{
                    "app": "Crmeb",
                    "timestamp":"2025-11-05 12:28:00.024",
                    "level": "ERROR",
                    "thread": "task-executor-1",
                    "class": "c.z.s.service.impl.OrderTaskServiceImpl",
                    "message": "OrderTaskServiceImpl.autoCancel | 订单不存在，orderNo: PT629175896604985826248" }
                    
{
                    "app": "Crmeb",
                    "timestamp":"2025-11-05 12:29:00.023",
                    "level": "ERROR",
                    "thread": "task-executor-8",
                    "class": "c.z.s.service.impl.OrderTaskServiceImpl",
                    "message": "OrderTaskServiceImpl.autoCancel | 订单不存在，orderNo: PT629175896604985826248" }
                    
{
                    "app": "Crmeb",
                    "timestamp":"2025-11-05 12:30:00.021",
                    "level": "ERROR",
                    "thread": "task-executor-12",
                    "class": "c.z.s.service.impl.OrderTaskServiceImpl",
                    "message": "OrderTaskServiceImpl.autoCancel | 订单不存在，orderNo: PT629175896604985826248" }
                    
{
                    "app": "Crmeb",
                    "timestamp":"2025-11-05 12:31:00.021",
                    "level": "ERROR",
                    "thread": "task-executor-17",
                    "class": "c.z.s.service.impl.OrderTaskServiceImpl",
                    "message": "OrderTaskServiceImpl.autoCancel | 订单不存在，orderNo: PT629175896604985826248" }
                    
{
                    "app": "Crmeb",
                    "timestamp":"2025-11-05 12:32:00.022",
                    "level": "ERROR",
                    "thread": "task-executor-1",
                    "class": "c.z.s.service.impl.OrderTaskServiceImpl",
                    "message": "OrderTaskServiceImpl.autoCancel | 订单不存在，orderNo: PT629175896604985826248" }
                    
{
                    "app": "Crmeb",
                    "timestamp":"2025-11-05 12:33:00.017",
                    "level": "ERROR",
                    "thread": "task-executor-8",
                    "class": "c.z.s.service.impl.OrderTaskServiceImpl",
                    "message": "OrderTaskServiceImpl.autoCancel | 订单不存在，orderNo: PT629175896604985826248" }
                    
{
                    "app": "Crmeb",
                    "timestamp":"2025-11-05 12:34:00.020",
                    "level": "ERROR",
                    "thread": "task-executor-12",
                    "class": "c.z.s.service.impl.OrderTaskServiceImpl",
                    "message": "OrderTaskServiceImpl.autoCancel | 订单不存在，orderNo: PT629175896604985826248" }
                    
{
                    "app": "Crmeb",
                    "timestamp":"2025-11-05 12:35:00.012",
                    "level": "ERROR",
                    "thread": "task-executor-17",
                    "class": "c.z.s.service.impl.OrderTaskServiceImpl",
                    "message": "OrderTaskServiceImpl.autoCancel | 订单不存在，orderNo: PT629175896604985826248" }
                    
{
                    "app": "Crmeb",
                    "timestamp":"2025-11-05 12:36:00.020",
                    "level": "ERROR",
                    "thread": "task-executor-1",
                    "class": "c.z.s.service.impl.OrderTaskServiceImpl",
                    "message": "OrderTaskServiceImpl.autoCancel | 订单不存在，orderNo: PT629175896604985826248" }
                    
{
                    "app": "Crmeb",
                    "timestamp":"2025-11-05 12:37:00.019",
                    "level": "ERROR",
                    "thread": "task-executor-8",
                    "class": "c.z.s.service.impl.OrderTaskServiceImpl",
                    "message": "OrderTaskServiceImpl.autoCancel | 订单不存在，orderNo: PT629175896604985826248" }
                    
{
                    "app": "Crmeb",
                    "timestamp":"2025-11-05 12:38:00.023",
                    "level": "ERROR",
                    "thread": "task-executor-12",
                    "class": "c.z.s.service.impl.OrderTaskServiceImpl",
                    "message": "OrderTaskServiceImpl.autoCancel | 订单不存在，orderNo: PT629175896604985826248" }
                    
{
                    "app": "Crmeb",
                    "timestamp":"2025-11-05 12:39:00.021",
                    "level": "ERROR",
                    "thread": "task-executor-17",
                    "class": "c.z.s.service.impl.OrderTaskServiceImpl",
                    "message": "OrderTaskServiceImpl.autoCancel | 订单不存在，orderNo: PT629175896604985826248" }
                    
{
                    "app": "Crmeb",
                    "timestamp":"2025-11-05 12:40:00.014",
                    "level": "ERROR",
                    "thread": "task-executor-1",
                    "class": "c.z.s.service.impl.OrderTaskServiceImpl",
                    "message": "OrderTaskServiceImpl.autoCancel | 订单不存在，orderNo: PT629175896604985826248" }
                    
{
                    "app": "Crmeb",
                    "timestamp":"2025-11-05 12:41:00.017",
                    "level": "ERROR",
                    "thread": "task-executor-8",
                    "class": "c.z.s.service.impl.OrderTaskServiceImpl",
                    "message": "OrderTaskServiceImpl.autoCancel | 订单不存在，orderNo: PT629175896604985826248" }
                    
{
                    "app": "Crmeb",
                    "timestamp":"2025-11-05 12:42:00.013",
                    "level": "ERROR",
                    "thread": "task-executor-12",
                    "class": "c.z.s.service.impl.OrderTaskServiceImpl",
                    "message": "OrderTaskServiceImpl.autoCancel | 订单不存在，orderNo: PT629175896604985826248" }
                    
{
                    "app": "Crmeb",
                    "timestamp":"2025-11-05 12:43:00.021",
                    "level": "ERROR",
                    "thread": "task-executor-17",
                    "class": "c.z.s.service.impl.OrderTaskServiceImpl",
                    "message": "OrderTaskServiceImpl.autoCancel | 订单不存在，orderNo: PT629175896604985826248" }
                    
{
                    "app": "Crmeb",
                    "timestamp":"2025-11-05 12:44:00.017",
                    "level": "ERROR",
                    "thread": "task-executor-1",
                    "class": "c.z.s.service.impl.OrderTaskServiceImpl",
                    "message": "OrderTaskServiceImpl.autoCancel | 订单不存在，orderNo: PT629175896604985826248" }
                    
{
                    "app": "Crmeb",
                    "timestamp":"2025-11-05 12:45:00.024",
                    "level": "ERROR",
                    "thread": "task-executor-8",
                    "class": "c.z.s.service.impl.OrderTaskServiceImpl",
                    "message": "OrderTaskServiceImpl.autoCancel | 订单不存在，orderNo: PT629175896604985826248" }
                    
{
                    "app": "Crmeb",
                    "timestamp":"2025-11-05 12:46:00.022",
                    "level": "ERROR",
                    "thread": "task-executor-12",
                    "class": "c.z.s.service.impl.OrderTaskServiceImpl",
                    "message": "OrderTaskServiceImpl.autoCancel | 订单不存在，orderNo: PT629175896604985826248" }
                    
{
                    "app": "Crmeb",
                    "timestamp":"2025-11-05 12:47:00.016",
                    "level": "ERROR",
                    "thread": "task-executor-17",
                    "class": "c.z.s.service.impl.OrderTaskServiceImpl",
                    "message": "OrderTaskServiceImpl.autoCancel | 订单不存在，orderNo: PT629175896604985826248" }
                    
{
                    "app": "Crmeb",
                    "timestamp":"2025-11-05 12:48:00.022",
                    "level": "ERROR",
                    "thread": "task-executor-1",
                    "class": "c.z.s.service.impl.OrderTaskServiceImpl",
                    "message": "OrderTaskServiceImpl.autoCancel | 订单不存在，orderNo: PT629175896604985826248" }
                    
{
                    "app": "Crmeb",
                    "timestamp":"2025-11-05 12:49:00.025",
                    "level": "ERROR",
                    "thread": "task-executor-8",
                    "class": "c.z.s.service.impl.OrderTaskServiceImpl",
                    "message": "OrderTaskServiceImpl.autoCancel | 订单不存在，orderNo: PT629175896604985826248" }
                    
{
                    "app": "Crmeb",
                    "timestamp":"2025-11-05 12:50:00.021",
                    "level": "ERROR",
                    "thread": "task-executor-12",
                    "class": "c.z.s.service.impl.OrderTaskServiceImpl",
                    "message": "OrderTaskServiceImpl.autoCancel | 订单不存在，orderNo: PT629175896604985826248" }
                    
{
                    "app": "Crmeb",
                    "timestamp":"2025-11-05 12:51:00.021",
                    "level": "ERROR",
                    "thread": "task-executor-17",
                    "class": "c.z.s.service.impl.OrderTaskServiceImpl",
                    "message": "OrderTaskServiceImpl.autoCancel | 订单不存在，orderNo: PT629175896604985826248" }
                    
{
                    "app": "Crmeb",
                    "timestamp":"2025-11-05 12:52:00.021",
                    "level": "ERROR",
                    "thread": "task-executor-1",
                    "class": "c.z.s.service.impl.OrderTaskServiceImpl",
                    "message": "OrderTaskServiceImpl.autoCancel | 订单不存在，orderNo: PT629175896604985826248" }
                    
{
                    "app": "Crmeb",
                    "timestamp":"2025-11-05 12:53:00.033",
                    "level": "ERROR",
                    "thread": "task-executor-8",
                    "class": "c.z.s.service.impl.OrderTaskServiceImpl",
                    "message": "OrderTaskServiceImpl.autoCancel | 订单不存在，orderNo: PT629175896604985826248" }
                    
{
                    "app": "Crmeb",
                    "timestamp":"2025-11-05 12:54:00.022",
                    "level": "ERROR",
                    "thread": "task-executor-12",
                    "class": "c.z.s.service.impl.OrderTaskServiceImpl",
                    "message": "OrderTaskServiceImpl.autoCancel | 订单不存在，orderNo: PT629175896604985826248" }
                    
{
                    "app": "Crmeb",
                    "timestamp":"2025-11-05 12:55:00.016",
                    "level": "ERROR",
                    "thread": "task-executor-17",
                    "class": "c.z.s.service.impl.OrderTaskServiceImpl",
                    "message": "OrderTaskServiceImpl.autoCancel | 订单不存在，orderNo: PT629175896604985826248" }
                    
{
                    "app": "Crmeb",
                    "timestamp":"2025-11-05 12:56:00.017",
                    "level": "ERROR",
                    "thread": "task-executor-1",
                    "class": "c.z.s.service.impl.OrderTaskServiceImpl",
                    "message": "OrderTaskServiceImpl.autoCancel | 订单不存在，orderNo: PT629175896604985826248" }
                    
{
                    "app": "Crmeb",
                    "timestamp":"2025-11-05 12:57:00.020",
                    "level": "ERROR",
                    "thread": "task-executor-8",
                    "class": "c.z.s.service.impl.OrderTaskServiceImpl",
                    "message": "OrderTaskServiceImpl.autoCancel | 订单不存在，orderNo: PT629175896604985826248" }
                    
{
                    "app": "Crmeb",
                    "timestamp":"2025-11-05 12:58:00.019",
                    "level": "ERROR",
                    "thread": "task-executor-12",
                    "class": "c.z.s.service.impl.OrderTaskServiceImpl",
                    "message": "OrderTaskServiceImpl.autoCancel | 订单不存在，orderNo: PT629175896604985826248" }
                    
{
                    "app": "Crmeb",
                    "timestamp":"2025-11-05 12:59:00.029",
                    "level": "ERROR",
                    "thread": "task-executor-17",
                    "class": "c.z.s.service.impl.OrderTaskServiceImpl",
                    "message": "OrderTaskServiceImpl.autoCancel | 订单不存在，orderNo: PT629175896604985826248" }
                    
{
                    "app": "Crmeb",
                    "timestamp":"2025-11-05 13:00:00.021",
                    "level": "ERROR",
                    "thread": "task-executor-1",
                    "class": "c.z.s.service.impl.OrderTaskServiceImpl",
                    "message": "OrderTaskServiceImpl.autoCancel | 订单不存在，orderNo: PT629175896604985826248" }
                    
{
                    "app": "Crmeb",
                    "timestamp":"2025-11-05 13:01:00.017",
                    "level": "ERROR",
                    "thread": "task-executor-8",
                    "class": "c.z.s.service.impl.OrderTaskServiceImpl",
                    "message": "OrderTaskServiceImpl.autoCancel | 订单不存在，orderNo: PT629175896604985826248" }
                    
{
                    "app": "Crmeb",
                    "timestamp":"2025-11-05 13:02:00.013",
                    "level": "ERROR",
                    "thread": "task-executor-12",
                    "class": "c.z.s.service.impl.OrderTaskServiceImpl",
                    "message": "OrderTaskServiceImpl.autoCancel | 订单不存在，orderNo: PT629175896604985826248" }
                    
{
                    "app": "Crmeb",
                    "timestamp":"2025-11-05 13:03:00.022",
                    "level": "ERROR",
                    "thread": "task-executor-17",
                    "class": "c.z.s.service.impl.OrderTaskServiceImpl",
                    "message": "OrderTaskServiceImpl.autoCancel | 订单不存在，orderNo: PT629175896604985826248" }
                    
{
                    "app": "Crmeb",
                    "timestamp":"2025-11-05 13:04:00.022",
                    "level": "ERROR",
                    "thread": "task-executor-1",
                    "class": "c.z.s.service.impl.OrderTaskServiceImpl",
                    "message": "OrderTaskServiceImpl.autoCancel | 订单不存在，orderNo: PT629175896604985826248" }
                    
{
                    "app": "Crmeb",
                    "timestamp":"2025-11-05 13:05:00.021",
                    "level": "ERROR",
                    "thread": "task-executor-9",
                    "class": "c.z.s.service.impl.OrderTaskServiceImpl",
                    "message": "OrderTaskServiceImpl.autoCancel | 订单不存在，orderNo: PT629175896604985826248" }
                    
{
                    "app": "Crmeb",
                    "timestamp":"2025-11-05 13:06:00.018",
                    "level": "ERROR",
                    "thread": "task-executor-12",
                    "class": "c.z.s.service.impl.OrderTaskServiceImpl",
                    "message": "OrderTaskServiceImpl.autoCancel | 订单不存在，orderNo: PT629175896604985826248" }
                    
{
                    "app": "Crmeb",
                    "timestamp":"2025-11-05 13:07:00.025",
                    "level": "ERROR",
                    "thread": "task-executor-17",
                    "class": "c.z.s.service.impl.OrderTaskServiceImpl",
                    "message": "OrderTaskServiceImpl.autoCancel | 订单不存在，orderNo: PT629175896604985826248" }
                    
{
                    "app": "Crmeb",
                    "timestamp":"2025-11-05 13:08:00.017",
                    "level": "ERROR",
                    "thread": "task-executor-1",
                    "class": "c.z.s.service.impl.OrderTaskServiceImpl",
                    "message": "OrderTaskServiceImpl.autoCancel | 订单不存在，orderNo: PT629175896604985826248" }
                    
{
                    "app": "Crmeb",
                    "timestamp":"2025-11-05 13:09:00.018",
                    "level": "ERROR",
                    "thread": "task-executor-9",
                    "class": "c.z.s.service.impl.OrderTaskServiceImpl",
                    "message": "OrderTaskServiceImpl.autoCancel | 订单不存在，orderNo: PT629175896604985826248" }
                    
{
                    "app": "Crmeb",
                    "timestamp":"2025-11-05 13:10:00.016",
                    "level": "ERROR",
                    "thread": "task-executor-12",
                    "class": "c.z.s.service.impl.OrderTaskServiceImpl",
                    "message": "OrderTaskServiceImpl.autoCancel | 订单不存在，orderNo: PT629175896604985826248" }
                    
{
                    "app": "Crmeb",
                    "timestamp":"2025-11-05 13:11:00.022",
                    "level": "ERROR",
                    "thread": "task-executor-17",
                    "class": "c.z.s.service.impl.OrderTaskServiceImpl",
                    "message": "OrderTaskServiceImpl.autoCancel | 订单不存在，orderNo: PT629175896604985826248" }
                    
{
                    "app": "Crmeb",
                    "timestamp":"2025-11-05 13:12:00.021",
                    "level": "ERROR",
                    "thread": "task-executor-1",
                    "class": "c.z.s.service.impl.OrderTaskServiceImpl",
                    "message": "OrderTaskServiceImpl.autoCancel | 订单不存在，orderNo: PT629175896604985826248" }
                    
{
                    "app": "Crmeb",
                    "timestamp":"2025-11-05 13:13:00.021",
                    "level": "ERROR",
                    "thread": "task-executor-9",
                    "class": "c.z.s.service.impl.OrderTaskServiceImpl",
                    "message": "OrderTaskServiceImpl.autoCancel | 订单不存在，orderNo: PT629175896604985826248" }
                    
{
                    "app": "Crmeb",
                    "timestamp":"2025-11-05 13:14:00.021",
                    "level": "ERROR",
                    "thread": "task-executor-12",
                    "class": "c.z.s.service.impl.OrderTaskServiceImpl",
                    "message": "OrderTaskServiceImpl.autoCancel | 订单不存在，orderNo: PT629175896604985826248" }
                    
{
                    "app": "Crmeb",
                    "timestamp":"2025-11-05 13:15:00.024",
                    "level": "ERROR",
                    "thread": "task-executor-17",
                    "class": "c.z.s.service.impl.OrderTaskServiceImpl",
                    "message": "OrderTaskServiceImpl.autoCancel | 订单不存在，orderNo: PT629175896604985826248" }
                    
{
                    "app": "Crmeb",
                    "timestamp":"2025-11-05 13:16:00.013",
                    "level": "ERROR",
                    "thread": "task-executor-1",
                    "class": "c.z.s.service.impl.OrderTaskServiceImpl",
                    "message": "OrderTaskServiceImpl.autoCancel | 订单不存在，orderNo: PT629175896604985826248" }
                    
{
                    "app": "Crmeb",
                    "timestamp":"2025-11-05 13:17:00.014",
                    "level": "ERROR",
                    "thread": "task-executor-9",
                    "class": "c.z.s.service.impl.OrderTaskServiceImpl",
                    "message": "OrderTaskServiceImpl.autoCancel | 订单不存在，orderNo: PT629175896604985826248" }
                    
{
                    "app": "Crmeb",
                    "timestamp":"2025-11-05 13:18:00.022",
                    "level": "ERROR",
                    "thread": "task-executor-12",
                    "class": "c.z.s.service.impl.OrderTaskServiceImpl",
                    "message": "OrderTaskServiceImpl.autoCancel | 订单不存在，orderNo: PT629175896604985826248" }
                    
{
                    "app": "Crmeb",
                    "timestamp":"2025-11-05 13:19:00.020",
                    "level": "ERROR",
                    "thread": "task-executor-17",
                    "class": "c.z.s.service.impl.OrderTaskServiceImpl",
                    "message": "OrderTaskServiceImpl.autoCancel | 订单不存在，orderNo: PT629175896604985826248" }
                    
{
                    "app": "Crmeb",
                    "timestamp":"2025-11-05 13:20:00.022",
                    "level": "ERROR",
                    "thread": "task-executor-1",
                    "class": "c.z.s.service.impl.OrderTaskServiceImpl",
                    "message": "OrderTaskServiceImpl.autoCancel | 订单不存在，orderNo: PT629175896604985826248" }
                    
{
                    "app": "Crmeb",
                    "timestamp":"2025-11-05 13:21:00.021",
                    "level": "ERROR",
                    "thread": "task-executor-9",
                    "class": "c.z.s.service.impl.OrderTaskServiceImpl",
                    "message": "OrderTaskServiceImpl.autoCancel | 订单不存在，orderNo: PT629175896604985826248" }
                    
{
                    "app": "Crmeb",
                    "timestamp":"2025-11-05 13:22:00.020",
                    "level": "ERROR",
                    "thread": "task-executor-12",
                    "class": "c.z.s.service.impl.OrderTaskServiceImpl",
                    "message": "OrderTaskServiceImpl.autoCancel | 订单不存在，orderNo: PT629175896604985826248" }
                    
{
                    "app": "Crmeb",
                    "timestamp":"2025-11-05 13:23:00.021",
                    "level": "ERROR",
                    "thread": "task-executor-17",
                    "class": "c.z.s.service.impl.OrderTaskServiceImpl",
                    "message": "OrderTaskServiceImpl.autoCancel | 订单不存在，orderNo: PT629175896604985826248" }
                    
{
                    "app": "Crmeb",
                    "timestamp":"2025-11-05 13:24:00.015",
                    "level": "ERROR",
                    "thread": "task-executor-1",
                    "class": "c.z.s.service.impl.OrderTaskServiceImpl",
                    "message": "OrderTaskServiceImpl.autoCancel | 订单不存在，orderNo: PT629175896604985826248" }
                    
{
                    "app": "Crmeb",
                    "timestamp":"2025-11-05 13:25:00.019",
                    "level": "ERROR",
                    "thread": "task-executor-9",
                    "class": "c.z.s.service.impl.OrderTaskServiceImpl",
                    "message": "OrderTaskServiceImpl.autoCancel | 订单不存在，orderNo: PT629175896604985826248" }
                    
{
                    "app": "Crmeb",
                    "timestamp":"2025-11-05 13:26:00.019",
                    "level": "ERROR",
                    "thread": "task-executor-12",
                    "class": "c.z.s.service.impl.OrderTaskServiceImpl",
                    "message": "OrderTaskServiceImpl.autoCancel | 订单不存在，orderNo: PT629175896604985826248" }
                    
{
                    "app": "Crmeb",
                    "timestamp":"2025-11-05 13:27:00.020",
                    "level": "ERROR",
                    "thread": "task-executor-17",
                    "class": "c.z.s.service.impl.OrderTaskServiceImpl",
                    "message": "OrderTaskServiceImpl.autoCancel | 订单不存在，orderNo: PT629175896604985826248" }
                    
{
                    "app": "Crmeb",
                    "timestamp":"2025-11-05 13:28:00.022",
                    "level": "ERROR",
                    "thread": "task-executor-1",
                    "class": "c.z.s.service.impl.OrderTaskServiceImpl",
                    "message": "OrderTaskServiceImpl.autoCancel | 订单不存在，orderNo: PT629175896604985826248" }
                    
{
                    "app": "Crmeb",
                    "timestamp":"2025-11-05 13:29:00.024",
                    "level": "ERROR",
                    "thread": "task-executor-9",
                    "class": "c.z.s.service.impl.OrderTaskServiceImpl",
                    "message": "OrderTaskServiceImpl.autoCancel | 订单不存在，orderNo: PT629175896604985826248" }
                    
{
                    "app": "Crmeb",
                    "timestamp":"2025-11-05 13:30:00.033",
                    "level": "ERROR",
                    "thread": "task-executor-12",
                    "class": "c.z.s.service.impl.OrderTaskServiceImpl",
                    "message": "OrderTaskServiceImpl.autoCancel | 订单不存在，orderNo: PT629175896604985826248" }
                    
{
                    "app": "Crmeb",
                    "timestamp":"2025-11-05 13:31:00.017",
                    "level": "ERROR",
                    "thread": "task-executor-17",
                    "class": "c.z.s.service.impl.OrderTaskServiceImpl",
                    "message": "OrderTaskServiceImpl.autoCancel | 订单不存在，orderNo: PT629175896604985826248" }
                    
{
                    "app": "Crmeb",
                    "timestamp":"2025-11-05 13:32:00.026",
                    "level": "ERROR",
                    "thread": "task-executor-1",
                    "class": "c.z.s.service.impl.OrderTaskServiceImpl",
                    "message": "OrderTaskServiceImpl.autoCancel | 订单不存在，orderNo: PT629175896604985826248" }
                    
{
                    "app": "Crmeb",
                    "timestamp":"2025-11-05 13:33:00.028",
                    "level": "ERROR",
                    "thread": "task-executor-9",
                    "class": "c.z.s.service.impl.OrderTaskServiceImpl",
                    "message": "OrderTaskServiceImpl.autoCancel | 订单不存在，orderNo: PT629175896604985826248" }
                    
{
                    "app": "Crmeb",
                    "timestamp":"2025-11-05 13:34:00.021",
                    "level": "ERROR",
                    "thread": "task-executor-12",
                    "class": "c.z.s.service.impl.OrderTaskServiceImpl",
                    "message": "OrderTaskServiceImpl.autoCancel | 订单不存在，orderNo: PT629175896604985826248" }
                    
{
                    "app": "Crmeb",
                    "timestamp":"2025-11-05 13:35:00.015",
                    "level": "ERROR",
                    "thread": "task-executor-17",
                    "class": "c.z.s.service.impl.OrderTaskServiceImpl",
                    "message": "OrderTaskServiceImpl.autoCancel | 订单不存在，orderNo: PT629175896604985826248" }
                    
{
                    "app": "Crmeb",
                    "timestamp":"2025-11-05 13:36:00.030",
                    "level": "ERROR",
                    "thread": "task-executor-1",
                    "class": "c.z.s.service.impl.OrderTaskServiceImpl",
                    "message": "OrderTaskServiceImpl.autoCancel | 订单不存在，orderNo: PT629175896604985826248" }
                    
{
                    "app": "Crmeb",
                    "timestamp":"2025-11-05 13:37:00.016",
                    "level": "ERROR",
                    "thread": "task-executor-9",
                    "class": "c.z.s.service.impl.OrderTaskServiceImpl",
                    "message": "OrderTaskServiceImpl.autoCancel | 订单不存在，orderNo: PT629175896604985826248" }
                    
{
                    "app": "Crmeb",
                    "timestamp":"2025-11-05 13:38:00.036",
                    "level": "ERROR",
                    "thread": "task-executor-12",
                    "class": "c.z.s.service.impl.OrderTaskServiceImpl",
                    "message": "OrderTaskServiceImpl.autoCancel | 订单不存在，orderNo: PT629175896604985826248" }
                    
{
                    "app": "Crmeb",
                    "timestamp":"2025-11-05 13:39:00.012",
                    "level": "ERROR",
                    "thread": "task-executor-17",
                    "class": "c.z.s.service.impl.OrderTaskServiceImpl",
                    "message": "OrderTaskServiceImpl.autoCancel | 订单不存在，orderNo: PT629175896604985826248" }
                    
{
                    "app": "Crmeb",
                    "timestamp":"2025-11-05 13:40:00.019",
                    "level": "ERROR",
                    "thread": "task-executor-1",
                    "class": "c.z.s.service.impl.OrderTaskServiceImpl",
                    "message": "OrderTaskServiceImpl.autoCancel | 订单不存在，orderNo: PT629175896604985826248" }
                    
{
                    "app": "Crmeb",
                    "timestamp":"2025-11-05 13:41:00.014",
                    "level": "ERROR",
                    "thread": "task-executor-9",
                    "class": "c.z.s.service.impl.OrderTaskServiceImpl",
                    "message": "OrderTaskServiceImpl.autoCancel | 订单不存在，orderNo: PT629175896604985826248" }
                    
{
                    "app": "Crmeb",
                    "timestamp":"2025-11-05 13:42:00.020",
                    "level": "ERROR",
                    "thread": "task-executor-12",
                    "class": "c.z.s.service.impl.OrderTaskServiceImpl",
                    "message": "OrderTaskServiceImpl.autoCancel | 订单不存在，orderNo: PT629175896604985826248" }
                    
{
                    "app": "Crmeb",
                    "timestamp":"2025-11-05 13:43:00.019",
                    "level": "ERROR",
                    "thread": "task-executor-17",
                    "class": "c.z.s.service.impl.OrderTaskServiceImpl",
                    "message": "OrderTaskServiceImpl.autoCancel | 订单不存在，orderNo: PT629175896604985826248" }
                    
{
                    "app": "Crmeb",
                    "timestamp":"2025-11-05 13:44:00.030",
                    "level": "ERROR",
                    "thread": "task-executor-1",
                    "class": "c.z.s.service.impl.OrderTaskServiceImpl",
                    "message": "OrderTaskServiceImpl.autoCancel | 订单不存在，orderNo: PT629175896604985826248" }
                    
{
                    "app": "Crmeb",
                    "timestamp":"2025-11-05 13:45:00.027",
                    "level": "ERROR",
                    "thread": "task-executor-9",
                    "class": "c.z.s.service.impl.OrderTaskServiceImpl",
                    "message": "OrderTaskServiceImpl.autoCancel | 订单不存在，orderNo: PT629175896604985826248" }
                    
{
                    "app": "Crmeb",
                    "timestamp":"2025-11-05 13:46:00.013",
                    "level": "ERROR",
                    "thread": "task-executor-12",
                    "class": "c.z.s.service.impl.OrderTaskServiceImpl",
                    "message": "OrderTaskServiceImpl.autoCancel | 订单不存在，orderNo: PT629175896604985826248" }
                    
{
                    "app": "Crmeb",
                    "timestamp":"2025-11-05 13:47:00.031",
                    "level": "ERROR",
                    "thread": "task-executor-17",
                    "class": "c.z.s.service.impl.OrderTaskServiceImpl",
                    "message": "OrderTaskServiceImpl.autoCancel | 订单不存在，orderNo: PT629175896604985826248" }
                    
{
                    "app": "Crmeb",
                    "timestamp":"2025-11-05 13:48:00.014",
                    "level": "ERROR",
                    "thread": "task-executor-1",
                    "class": "c.z.s.service.impl.OrderTaskServiceImpl",
                    "message": "OrderTaskServiceImpl.autoCancel | 订单不存在，orderNo: PT629175896604985826248" }
                    
{
                    "app": "Crmeb",
                    "timestamp":"2025-11-05 13:49:00.021",
                    "level": "ERROR",
                    "thread": "task-executor-9",
                    "class": "c.z.s.service.impl.OrderTaskServiceImpl",
                    "message": "OrderTaskServiceImpl.autoCancel | 订单不存在，orderNo: PT629175896604985826248" }
                    
{
                    "app": "Crmeb",
                    "timestamp":"2025-11-05 13:50:00.013",
                    "level": "ERROR",
                    "thread": "task-executor-12",
                    "class": "c.z.s.service.impl.OrderTaskServiceImpl",
                    "message": "OrderTaskServiceImpl.autoCancel | 订单不存在，orderNo: PT629175896604985826248" }
                    
{
                    "app": "Crmeb",
                    "timestamp":"2025-11-05 13:51:00.019",
                    "level": "ERROR",
                    "thread": "task-executor-19",
                    "class": "c.z.s.service.impl.OrderTaskServiceImpl",
                    "message": "OrderTaskServiceImpl.autoCancel | 订单不存在，orderNo: PT629175896604985826248" }
                    
{
                    "app": "Crmeb",
                    "timestamp":"2025-11-05 13:52:00.026",
                    "level": "ERROR",
                    "thread": "task-executor-1",
                    "class": "c.z.s.service.impl.OrderTaskServiceImpl",
                    "message": "OrderTaskServiceImpl.autoCancel | 订单不存在，orderNo: PT629175896604985826248" }
                    
{
                    "app": "Crmeb",
                    "timestamp":"2025-11-05 13:53:00.018",
                    "level": "ERROR",
                    "thread": "task-executor-9",
                    "class": "c.z.s.service.impl.OrderTaskServiceImpl",
                    "message": "OrderTaskServiceImpl.autoCancel | 订单不存在，orderNo: PT629175896604985826248" }
                    
{
                    "app": "Crmeb",
                    "timestamp":"2025-11-05 13:54:00.028",
                    "level": "ERROR",
                    "thread": "task-executor-12",
                    "class": "c.z.s.service.impl.OrderTaskServiceImpl",
                    "message": "OrderTaskServiceImpl.autoCancel | 订单不存在，orderNo: PT629175896604985826248" }
                    
{
                    "app": "Crmeb",
                    "timestamp":"2025-11-05 13:55:00.015",
                    "level": "ERROR",
                    "thread": "task-executor-19",
                    "class": "c.z.s.service.impl.OrderTaskServiceImpl",
                    "message": "OrderTaskServiceImpl.autoCancel | 订单不存在，orderNo: PT629175896604985826248" }
                    
{
                    "app": "Crmeb",
                    "timestamp":"2025-11-05 13:56:00.015",
                    "level": "ERROR",
                    "thread": "task-executor-1",
                    "class": "c.z.s.service.impl.OrderTaskServiceImpl",
                    "message": "OrderTaskServiceImpl.autoCancel | 订单不存在，orderNo: PT629175896604985826248" }
                    
{
                    "app": "Crmeb",
                    "timestamp":"2025-11-05 13:57:00.012",
                    "level": "ERROR",
                    "thread": "task-executor-9",
                    "class": "c.z.s.service.impl.OrderTaskServiceImpl",
                    "message": "OrderTaskServiceImpl.autoCancel | 订单不存在，orderNo: PT629175896604985826248" }
                    
{
                    "app": "Crmeb",
                    "timestamp":"2025-11-05 13:58:00.016",
                    "level": "ERROR",
                    "thread": "task-executor-12",
                    "class": "c.z.s.service.impl.OrderTaskServiceImpl",
                    "message": "OrderTaskServiceImpl.autoCancel | 订单不存在，orderNo: PT629175896604985826248" }
                    
{
                    "app": "Crmeb",
                    "timestamp":"2025-11-05 13:59:00.022",
                    "level": "ERROR",
                    "thread": "task-executor-19",
                    "class": "c.z.s.service.impl.OrderTaskServiceImpl",
                    "message": "OrderTaskServiceImpl.autoCancel | 订单不存在，orderNo: PT629175896604985826248" }
                    
{
                    "app": "Crmeb",
                    "timestamp":"2025-11-05 14:00:00.022",
                    "level": "ERROR",
                    "thread": "task-executor-1",
                    "class": "c.z.s.service.impl.OrderTaskServiceImpl",
                    "message": "OrderTaskServiceImpl.autoCancel | 订单不存在，orderNo: PT629175896604985826248" }
                    
{
                    "app": "Crmeb",
                    "timestamp":"2025-11-05 14:01:00.026",
                    "level": "ERROR",
                    "thread": "task-executor-9",
                    "class": "c.z.s.service.impl.OrderTaskServiceImpl",
                    "message": "OrderTaskServiceImpl.autoCancel | 订单不存在，orderNo: PT629175896604985826248" }
                    
{
                    "app": "Crmeb",
                    "timestamp":"2025-11-05 14:02:00.013",
                    "level": "ERROR",
                    "thread": "task-executor-12",
                    "class": "c.z.s.service.impl.OrderTaskServiceImpl",
                    "message": "OrderTaskServiceImpl.autoCancel | 订单不存在，orderNo: PT629175896604985826248" }
                    
{
                    "app": "Crmeb",
                    "timestamp":"2025-11-05 14:03:00.016",
                    "level": "ERROR",
                    "thread": "task-executor-19",
                    "class": "c.z.s.service.impl.OrderTaskServiceImpl",
                    "message": "OrderTaskServiceImpl.autoCancel | 订单不存在，orderNo: PT629175896604985826248" }
                    
{
                    "app": "Crmeb",
                    "timestamp":"2025-11-05 14:04:00.015",
                    "level": "ERROR",
                    "thread": "task-executor-1",
                    "class": "c.z.s.service.impl.OrderTaskServiceImpl",
                    "message": "OrderTaskServiceImpl.autoCancel | 订单不存在，orderNo: PT629175896604985826248" }
                    
{
                    "app": "Crmeb",
                    "timestamp":"2025-11-05 14:05:00.019",
                    "level": "ERROR",
                    "thread": "task-executor-9",
                    "class": "c.z.s.service.impl.OrderTaskServiceImpl",
                    "message": "OrderTaskServiceImpl.autoCancel | 订单不存在，orderNo: PT629175896604985826248" }
                    
{
                    "app": "Crmeb",
                    "timestamp":"2025-11-05 14:06:00.016",
                    "level": "ERROR",
                    "thread": "task-executor-12",
                    "class": "c.z.s.service.impl.OrderTaskServiceImpl",
                    "message": "OrderTaskServiceImpl.autoCancel | 订单不存在，orderNo: PT629175896604985826248" }
                    
{
                    "app": "Crmeb",
                    "timestamp":"2025-11-05 14:07:00.014",
                    "level": "ERROR",
                    "thread": "task-executor-19",
                    "class": "c.z.s.service.impl.OrderTaskServiceImpl",
                    "message": "OrderTaskServiceImpl.autoCancel | 订单不存在，orderNo: PT629175896604985826248" }
                    
{
                    "app": "Crmeb",
                    "timestamp":"2025-11-05 14:08:00.014",
                    "level": "ERROR",
                    "thread": "task-executor-1",
                    "class": "c.z.s.service.impl.OrderTaskServiceImpl",
                    "message": "OrderTaskServiceImpl.autoCancel | 订单不存在，orderNo: PT629175896604985826248" }
                    
{
                    "app": "Crmeb",
                    "timestamp":"2025-11-05 14:09:00.017",
                    "level": "ERROR",
                    "thread": "task-executor-9",
                    "class": "c.z.s.service.impl.OrderTaskServiceImpl",
                    "message": "OrderTaskServiceImpl.autoCancel | 订单不存在，orderNo: PT629175896604985826248" }
                    
{
                    "app": "Crmeb",
                    "timestamp":"2025-11-05 14:10:00.025",
                    "level": "ERROR",
                    "thread": "task-executor-12",
                    "class": "c.z.s.service.impl.OrderTaskServiceImpl",
                    "message": "OrderTaskServiceImpl.autoCancel | 订单不存在，orderNo: PT629175896604985826248" }
                    
{
                    "app": "Crmeb",
                    "timestamp":"2025-11-05 14:11:00.016",
                    "level": "ERROR",
                    "thread": "task-executor-19",
                    "class": "c.z.s.service.impl.OrderTaskServiceImpl",
                    "message": "OrderTaskServiceImpl.autoCancel | 订单不存在，orderNo: PT629175896604985826248" }
                    
{
                    "app": "Crmeb",
                    "timestamp":"2025-11-05 14:12:00.026",
                    "level": "ERROR",
                    "thread": "task-executor-1",
                    "class": "c.z.s.service.impl.OrderTaskServiceImpl",
                    "message": "OrderTaskServiceImpl.autoCancel | 订单不存在，orderNo: PT629175896604985826248" }
                    
{
                    "app": "Crmeb",
                    "timestamp":"2025-11-05 14:13:00.015",
                    "level": "ERROR",
                    "thread": "task-executor-9",
                    "class": "c.z.s.service.impl.OrderTaskServiceImpl",
                    "message": "OrderTaskServiceImpl.autoCancel | 订单不存在，orderNo: PT629175896604985826248" }
                    
{
                    "app": "Crmeb",
                    "timestamp":"2025-11-05 14:14:00.016",
                    "level": "ERROR",
                    "thread": "task-executor-12",
                    "class": "c.z.s.service.impl.OrderTaskServiceImpl",
                    "message": "OrderTaskServiceImpl.autoCancel | 订单不存在，orderNo: PT629175896604985826248" }
                    
{
                    "app": "Crmeb",
                    "timestamp":"2025-11-05 14:15:00.015",
                    "level": "ERROR",
                    "thread": "task-executor-19",
                    "class": "c.z.s.service.impl.OrderTaskServiceImpl",
                    "message": "OrderTaskServiceImpl.autoCancel | 订单不存在，orderNo: PT629175896604985826248" }
                    
{
                    "app": "Crmeb",
                    "timestamp":"2025-11-05 14:16:00.019",
                    "level": "ERROR",
                    "thread": "task-executor-1",
                    "class": "c.z.s.service.impl.OrderTaskServiceImpl",
                    "message": "OrderTaskServiceImpl.autoCancel | 订单不存在，orderNo: PT629175896604985826248" }
                    
{
                    "app": "Crmeb",
                    "timestamp":"2025-11-05 14:17:00.019",
                    "level": "ERROR",
                    "thread": "task-executor-9",
                    "class": "c.z.s.service.impl.OrderTaskServiceImpl",
                    "message": "OrderTaskServiceImpl.autoCancel | 订单不存在，orderNo: PT629175896604985826248" }
                    
{
                    "app": "Crmeb",
                    "timestamp":"2025-11-05 14:18:00.015",
                    "level": "ERROR",
                    "thread": "task-executor-12",
                    "class": "c.z.s.service.impl.OrderTaskServiceImpl",
                    "message": "OrderTaskServiceImpl.autoCancel | 订单不存在，orderNo: PT629175896604985826248" }
                    
{
                    "app": "Crmeb",
                    "timestamp":"2025-11-05 14:19:00.013",
                    "level": "ERROR",
                    "thread": "task-executor-19",
                    "class": "c.z.s.service.impl.OrderTaskServiceImpl",
                    "message": "OrderTaskServiceImpl.autoCancel | 订单不存在，orderNo: PT629175896604985826248" }
                    
{
                    "app": "Crmeb",
                    "timestamp":"2025-11-05 14:20:00.016",
                    "level": "ERROR",
                    "thread": "task-executor-1",
                    "class": "c.z.s.service.impl.OrderTaskServiceImpl",
                    "message": "OrderTaskServiceImpl.autoCancel | 订单不存在，orderNo: PT629175896604985826248" }
                    
{
                    "app": "Crmeb",
                    "timestamp":"2025-11-05 14:21:00.014",
                    "level": "ERROR",
                    "thread": "task-executor-9",
                    "class": "c.z.s.service.impl.OrderTaskServiceImpl",
                    "message": "OrderTaskServiceImpl.autoCancel | 订单不存在，orderNo: PT629175896604985826248" }
                    
{
                    "app": "Crmeb",
                    "timestamp":"2025-11-05 14:22:00.014",
                    "level": "ERROR",
                    "thread": "task-executor-12",
                    "class": "c.z.s.service.impl.OrderTaskServiceImpl",
                    "message": "OrderTaskServiceImpl.autoCancel | 订单不存在，orderNo: PT629175896604985826248" }
                    
{
                    "app": "Crmeb",
                    "timestamp":"2025-11-05 14:23:00.022",
                    "level": "ERROR",
                    "thread": "task-executor-19",
                    "class": "c.z.s.service.impl.OrderTaskServiceImpl",
                    "message": "OrderTaskServiceImpl.autoCancel | 订单不存在，orderNo: PT629175896604985826248" }
                    
{
                    "app": "Crmeb",
                    "timestamp":"2025-11-05 14:24:00.015",
                    "level": "ERROR",
                    "thread": "task-executor-1",
                    "class": "c.z.s.service.impl.OrderTaskServiceImpl",
                    "message": "OrderTaskServiceImpl.autoCancel | 订单不存在，orderNo: PT629175896604985826248" }
                    
{
                    "app": "Crmeb",
                    "timestamp":"2025-11-05 14:25:00.019",
                    "level": "ERROR",
                    "thread": "task-executor-9",
                    "class": "c.z.s.service.impl.OrderTaskServiceImpl",
                    "message": "OrderTaskServiceImpl.autoCancel | 订单不存在，orderNo: PT629175896604985826248" }
                    
{
                    "app": "Crmeb",
                    "timestamp":"2025-11-05 14:26:00.017",
                    "level": "ERROR",
                    "thread": "task-executor-12",
                    "class": "c.z.s.service.impl.OrderTaskServiceImpl",
                    "message": "OrderTaskServiceImpl.autoCancel | 订单不存在，orderNo: PT629175896604985826248" }
                    
{
                    "app": "Crmeb",
                    "timestamp":"2025-11-05 14:27:00.021",
                    "level": "ERROR",
                    "thread": "task-executor-19",
                    "class": "c.z.s.service.impl.OrderTaskServiceImpl",
                    "message": "OrderTaskServiceImpl.autoCancel | 订单不存在，orderNo: PT629175896604985826248" }
                    
{
                    "app": "Crmeb",
                    "timestamp":"2025-11-05 14:28:00.015",
                    "level": "ERROR",
                    "thread": "task-executor-1",
                    "class": "c.z.s.service.impl.OrderTaskServiceImpl",
                    "message": "OrderTaskServiceImpl.autoCancel | 订单不存在，orderNo: PT629175896604985826248" }
                    
{
                    "app": "Crmeb",
                    "timestamp":"2025-11-05 14:29:00.020",
                    "level": "ERROR",
                    "thread": "task-executor-9",
                    "class": "c.z.s.service.impl.OrderTaskServiceImpl",
                    "message": "OrderTaskServiceImpl.autoCancel | 订单不存在，orderNo: PT629175896604985826248" }
                    
{
                    "app": "Crmeb",
                    "timestamp":"2025-11-05 14:30:00.017",
                    "level": "ERROR",
                    "thread": "task-executor-12",
                    "class": "c.z.s.service.impl.OrderTaskServiceImpl",
                    "message": "OrderTaskServiceImpl.autoCancel | 订单不存在，orderNo: PT629175896604985826248" }
                    
{
                    "app": "Crmeb",
                    "timestamp":"2025-11-05 14:31:00.017",
                    "level": "ERROR",
                    "thread": "task-executor-19",
                    "class": "c.z.s.service.impl.OrderTaskServiceImpl",
                    "message": "OrderTaskServiceImpl.autoCancel | 订单不存在，orderNo: PT629175896604985826248" }
                    
{
                    "app": "Crmeb",
                    "timestamp":"2025-11-05 14:32:00.019",
                    "level": "ERROR",
                    "thread": "task-executor-1",
                    "class": "c.z.s.service.impl.OrderTaskServiceImpl",
                    "message": "OrderTaskServiceImpl.autoCancel | 订单不存在，orderNo: PT629175896604985826248" }
                    
{
                    "app": "Crmeb",
                    "timestamp":"2025-11-05 14:33:00.018",
                    "level": "ERROR",
                    "thread": "task-executor-9",
                    "class": "c.z.s.service.impl.OrderTaskServiceImpl",
                    "message": "OrderTaskServiceImpl.autoCancel | 订单不存在，orderNo: PT629175896604985826248" }
                    
{
                    "app": "Crmeb",
                    "timestamp":"2025-11-05 14:34:00.024",
                    "level": "ERROR",
                    "thread": "task-executor-12",
                    "class": "c.z.s.service.impl.OrderTaskServiceImpl",
                    "message": "OrderTaskServiceImpl.autoCancel | 订单不存在，orderNo: PT629175896604985826248" }
                    
{
                    "app": "Crmeb",
                    "timestamp":"2025-11-05 14:35:00.035",
                    "level": "ERROR",
                    "thread": "task-executor-19",
                    "class": "c.z.s.service.impl.OrderTaskServiceImpl",
                    "message": "OrderTaskServiceImpl.autoCancel | 订单不存在，orderNo: PT629175896604985826248" }
                    
{
                    "app": "Crmeb",
                    "timestamp":"2025-11-05 14:36:00.014",
                    "level": "ERROR",
                    "thread": "task-executor-1",
                    "class": "c.z.s.service.impl.OrderTaskServiceImpl",
                    "message": "OrderTaskServiceImpl.autoCancel | 订单不存在，orderNo: PT629175896604985826248" }
                    
{
                    "app": "Crmeb",
                    "timestamp":"2025-11-05 14:37:00.015",
                    "level": "ERROR",
                    "thread": "task-executor-9",
                    "class": "c.z.s.service.impl.OrderTaskServiceImpl",
                    "message": "OrderTaskServiceImpl.autoCancel | 订单不存在，orderNo: PT629175896604985826248" }
                    
{
                    "app": "Crmeb",
                    "timestamp":"2025-11-05 14:38:00.017",
                    "level": "ERROR",
                    "thread": "task-executor-12",
                    "class": "c.z.s.service.impl.OrderTaskServiceImpl",
                    "message": "OrderTaskServiceImpl.autoCancel | 订单不存在，orderNo: PT629175896604985826248" }
                    
{
                    "app": "Crmeb",
                    "timestamp":"2025-11-05 14:39:00.015",
                    "level": "ERROR",
                    "thread": "task-executor-19",
                    "class": "c.z.s.service.impl.OrderTaskServiceImpl",
                    "message": "OrderTaskServiceImpl.autoCancel | 订单不存在，orderNo: PT629175896604985826248" }
                    
{
                    "app": "Crmeb",
                    "timestamp":"2025-11-05 14:40:00.023",
                    "level": "ERROR",
                    "thread": "task-executor-1",
                    "class": "c.z.s.service.impl.OrderTaskServiceImpl",
                    "message": "OrderTaskServiceImpl.autoCancel | 订单不存在，orderNo: PT629175896604985826248" }
                    
{
                    "app": "Crmeb",
                    "timestamp":"2025-11-05 14:41:00.022",
                    "level": "ERROR",
                    "thread": "task-executor-9",
                    "class": "c.z.s.service.impl.OrderTaskServiceImpl",
                    "message": "OrderTaskServiceImpl.autoCancel | 订单不存在，orderNo: PT629175896604985826248" }
                    
{
                    "app": "Crmeb",
                    "timestamp":"2025-11-05 14:42:00.015",
                    "level": "ERROR",
                    "thread": "task-executor-12",
                    "class": "c.z.s.service.impl.OrderTaskServiceImpl",
                    "message": "OrderTaskServiceImpl.autoCancel | 订单不存在，orderNo: PT629175896604985826248" }
                    
{
                    "app": "Crmeb",
                    "timestamp":"2025-11-05 14:43:00.027",
                    "level": "ERROR",
                    "thread": "task-executor-19",
                    "class": "c.z.s.service.impl.OrderTaskServiceImpl",
                    "message": "OrderTaskServiceImpl.autoCancel | 订单不存在，orderNo: PT629175896604985826248" }
                    
{
                    "app": "Crmeb",
                    "timestamp":"2025-11-05 14:44:00.020",
                    "level": "ERROR",
                    "thread": "task-executor-1",
                    "class": "c.z.s.service.impl.OrderTaskServiceImpl",
                    "message": "OrderTaskServiceImpl.autoCancel | 订单不存在，orderNo: PT629175896604985826248" }
                    
{
                    "app": "Crmeb",
                    "timestamp":"2025-11-05 14:45:00.020",
                    "level": "ERROR",
                    "thread": "task-executor-9",
                    "class": "c.z.s.service.impl.OrderTaskServiceImpl",
                    "message": "OrderTaskServiceImpl.autoCancel | 订单不存在，orderNo: PT629175896604985826248" }
                    
{
                    "app": "Crmeb",
                    "timestamp":"2025-11-05 14:46:00.016",
                    "level": "ERROR",
                    "thread": "task-executor-12",
                    "class": "c.z.s.service.impl.OrderTaskServiceImpl",
                    "message": "OrderTaskServiceImpl.autoCancel | 订单不存在，orderNo: PT629175896604985826248" }
                    
{
                    "app": "Crmeb",
                    "timestamp":"2025-11-05 14:47:00.012",
                    "level": "ERROR",
                    "thread": "task-executor-19",
                    "class": "c.z.s.service.impl.OrderTaskServiceImpl",
                    "message": "OrderTaskServiceImpl.autoCancel | 订单不存在，orderNo: PT629175896604985826248" }
                    
{
                    "app": "Crmeb",
                    "timestamp":"2025-11-05 14:48:00.013",
                    "level": "ERROR",
                    "thread": "task-executor-1",
                    "class": "c.z.s.service.impl.OrderTaskServiceImpl",
                    "message": "OrderTaskServiceImpl.autoCancel | 订单不存在，orderNo: PT629175896604985826248" }
                    
{
                    "app": "Crmeb",
                    "timestamp":"2025-11-05 14:49:00.025",
                    "level": "ERROR",
                    "thread": "task-executor-9",
                    "class": "c.z.s.service.impl.OrderTaskServiceImpl",
                    "message": "OrderTaskServiceImpl.autoCancel | 订单不存在，orderNo: PT629175896604985826248" }
                    
{
                    "app": "Crmeb",
                    "timestamp":"2025-11-05 14:50:00.017",
                    "level": "ERROR",
                    "thread": "task-executor-12",
                    "class": "c.z.s.service.impl.OrderTaskServiceImpl",
                    "message": "OrderTaskServiceImpl.autoCancel | 订单不存在，orderNo: PT629175896604985826248" }
                    
{
                    "app": "Crmeb",
                    "timestamp":"2025-11-05 14:51:00.015",
                    "level": "ERROR",
                    "thread": "task-executor-19",
                    "class": "c.z.s.service.impl.OrderTaskServiceImpl",
                    "message": "OrderTaskServiceImpl.autoCancel | 订单不存在，orderNo: PT629175896604985826248" }
                    
{
                    "app": "Crmeb",
                    "timestamp":"2025-11-05 14:52:00.014",
                    "level": "ERROR",
                    "thread": "task-executor-1",
                    "class": "c.z.s.service.impl.OrderTaskServiceImpl",
                    "message": "OrderTaskServiceImpl.autoCancel | 订单不存在，orderNo: PT629175896604985826248" }
                    
{
                    "app": "Crmeb",
                    "timestamp":"2025-11-05 14:53:00.015",
                    "level": "ERROR",
                    "thread": "task-executor-9",
                    "class": "c.z.s.service.impl.OrderTaskServiceImpl",
                    "message": "OrderTaskServiceImpl.autoCancel | 订单不存在，orderNo: PT629175896604985826248" }
                    
{
                    "app": "Crmeb",
                    "timestamp":"2025-11-05 14:54:00.017",
                    "level": "ERROR",
                    "thread": "task-executor-12",
                    "class": "c.z.s.service.impl.OrderTaskServiceImpl",
                    "message": "OrderTaskServiceImpl.autoCancel | 订单不存在，orderNo: PT629175896604985826248" }
                    
{
                    "app": "Crmeb",
                    "timestamp":"2025-11-05 14:55:00.016",
                    "level": "ERROR",
                    "thread": "task-executor-19",
                    "class": "c.z.s.service.impl.OrderTaskServiceImpl",
                    "message": "OrderTaskServiceImpl.autoCancel | 订单不存在，orderNo: PT629175896604985826248" }
                    
{
                    "app": "Crmeb",
                    "timestamp":"2025-11-05 14:56:00.016",
                    "level": "ERROR",
                    "thread": "task-executor-1",
                    "class": "c.z.s.service.impl.OrderTaskServiceImpl",
                    "message": "OrderTaskServiceImpl.autoCancel | 订单不存在，orderNo: PT629175896604985826248" }
                    
{
                    "app": "Crmeb",
                    "timestamp":"2025-11-05 14:57:00.016",
                    "level": "ERROR",
                    "thread": "task-executor-9",
                    "class": "c.z.s.service.impl.OrderTaskServiceImpl",
                    "message": "OrderTaskServiceImpl.autoCancel | 订单不存在，orderNo: PT629175896604985826248" }
                    
{
                    "app": "Crmeb",
                    "timestamp":"2025-11-05 14:58:00.016",
                    "level": "ERROR",
                    "thread": "task-executor-12",
                    "class": "c.z.s.service.impl.OrderTaskServiceImpl",
                    "message": "OrderTaskServiceImpl.autoCancel | 订单不存在，orderNo: PT629175896604985826248" }
                    
{
                    "app": "Crmeb",
                    "timestamp":"2025-11-05 14:59:00.021",
                    "level": "ERROR",
                    "thread": "task-executor-19",
                    "class": "c.z.s.service.impl.OrderTaskServiceImpl",
                    "message": "OrderTaskServiceImpl.autoCancel | 订单不存在，orderNo: PT629175896604985826248" }
                    
{
                    "app": "Crmeb",
                    "timestamp":"2025-11-05 15:00:00.018",
                    "level": "ERROR",
                    "thread": "task-executor-1",
                    "class": "c.z.s.service.impl.OrderTaskServiceImpl",
                    "message": "OrderTaskServiceImpl.autoCancel | 订单不存在，orderNo: PT629175896604985826248" }
                    
{
                    "app": "Crmeb",
                    "timestamp":"2025-11-05 15:01:00.017",
                    "level": "ERROR",
                    "thread": "task-executor-9",
                    "class": "c.z.s.service.impl.OrderTaskServiceImpl",
                    "message": "OrderTaskServiceImpl.autoCancel | 订单不存在，orderNo: PT629175896604985826248" }
                    
{
                    "app": "Crmeb",
                    "timestamp":"2025-11-05 15:02:00.020",
                    "level": "ERROR",
                    "thread": "task-executor-12",
                    "class": "c.z.s.service.impl.OrderTaskServiceImpl",
                    "message": "OrderTaskServiceImpl.autoCancel | 订单不存在，orderNo: PT629175896604985826248" }
                    
{
                    "app": "Crmeb",
                    "timestamp":"2025-11-05 15:03:00.012",
                    "level": "ERROR",
                    "thread": "task-executor-19",
                    "class": "c.z.s.service.impl.OrderTaskServiceImpl",
                    "message": "OrderTaskServiceImpl.autoCancel | 订单不存在，orderNo: PT629175896604985826248" }
                    
{
                    "app": "Crmeb",
                    "timestamp":"2025-11-05 15:04:00.016",
                    "level": "ERROR",
                    "thread": "task-executor-1",
                    "class": "c.z.s.service.impl.OrderTaskServiceImpl",
                    "message": "OrderTaskServiceImpl.autoCancel | 订单不存在，orderNo: PT629175896604985826248" }
                    
{
                    "app": "Crmeb",
                    "timestamp":"2025-11-05 15:05:00.023",
                    "level": "ERROR",
                    "thread": "task-executor-9",
                    "class": "c.z.s.service.impl.OrderTaskServiceImpl",
                    "message": "OrderTaskServiceImpl.autoCancel | 订单不存在，orderNo: PT629175896604985826248" }
                    
{
                    "app": "Crmeb",
                    "timestamp":"2025-11-05 15:06:00.031",
                    "level": "ERROR",
                    "thread": "task-executor-12",
                    "class": "c.z.s.service.impl.OrderTaskServiceImpl",
                    "message": "OrderTaskServiceImpl.autoCancel | 订单不存在，orderNo: PT629175896604985826248" }
                    
{
                    "app": "Crmeb",
                    "timestamp":"2025-11-05 15:07:00.018",
                    "level": "ERROR",
                    "thread": "task-executor-19",
                    "class": "c.z.s.service.impl.OrderTaskServiceImpl",
                    "message": "OrderTaskServiceImpl.autoCancel | 订单不存在，orderNo: PT629175896604985826248" }
                    
{
                    "app": "Crmeb",
                    "timestamp":"2025-11-05 15:08:00.024",
                    "level": "ERROR",
                    "thread": "task-executor-1",
                    "class": "c.z.s.service.impl.OrderTaskServiceImpl",
                    "message": "OrderTaskServiceImpl.autoCancel | 订单不存在，orderNo: PT629175896604985826248" }
                    
{
                    "app": "Crmeb",
                    "timestamp":"2025-11-05 15:09:00.016",
                    "level": "ERROR",
                    "thread": "task-executor-9",
                    "class": "c.z.s.service.impl.OrderTaskServiceImpl",
                    "message": "OrderTaskServiceImpl.autoCancel | 订单不存在，orderNo: PT629175896604985826248" }
                    
{
                    "app": "Crmeb",
                    "timestamp":"2025-11-05 15:10:00.031",
                    "level": "ERROR",
                    "thread": "task-executor-12",
                    "class": "c.z.s.service.impl.OrderTaskServiceImpl",
                    "message": "OrderTaskServiceImpl.autoCancel | 订单不存在，orderNo: PT629175896604985826248" }
                    
{
                    "app": "Crmeb",
                    "timestamp":"2025-11-05 15:11:00.018",
                    "level": "ERROR",
                    "thread": "task-executor-19",
                    "class": "c.z.s.service.impl.OrderTaskServiceImpl",
                    "message": "OrderTaskServiceImpl.autoCancel | 订单不存在，orderNo: PT629175896604985826248" }
                    
{
                    "app": "Crmeb",
                    "timestamp":"2025-11-05 15:12:00.016",
                    "level": "ERROR",
                    "thread": "task-executor-1",
                    "class": "c.z.s.service.impl.OrderTaskServiceImpl",
                    "message": "OrderTaskServiceImpl.autoCancel | 订单不存在，orderNo: PT629175896604985826248" }
                    
{
                    "app": "Crmeb",
                    "timestamp":"2025-11-05 15:13:00.014",
                    "level": "ERROR",
                    "thread": "task-executor-9",
                    "class": "c.z.s.service.impl.OrderTaskServiceImpl",
                    "message": "OrderTaskServiceImpl.autoCancel | 订单不存在，orderNo: PT629175896604985826248" }
                    
{
                    "app": "Crmeb",
                    "timestamp":"2025-11-05 15:14:00.019",
                    "level": "ERROR",
                    "thread": "task-executor-12",
                    "class": "c.z.s.service.impl.OrderTaskServiceImpl",
                    "message": "OrderTaskServiceImpl.autoCancel | 订单不存在，orderNo: PT629175896604985826248" }
                    
{
                    "app": "Crmeb",
                    "timestamp":"2025-11-05 15:15:00.016",
                    "level": "ERROR",
                    "thread": "task-executor-19",
                    "class": "c.z.s.service.impl.OrderTaskServiceImpl",
                    "message": "OrderTaskServiceImpl.autoCancel | 订单不存在，orderNo: PT629175896604985826248" }
                    
{
                    "app": "Crmeb",
                    "timestamp":"2025-11-05 15:16:00.017",
                    "level": "ERROR",
                    "thread": "task-executor-1",
                    "class": "c.z.s.service.impl.OrderTaskServiceImpl",
                    "message": "OrderTaskServiceImpl.autoCancel | 订单不存在，orderNo: PT629175896604985826248" }
                    
{
                    "app": "Crmeb",
                    "timestamp":"2025-11-05 15:17:00.028",
                    "level": "ERROR",
                    "thread": "task-executor-9",
                    "class": "c.z.s.service.impl.OrderTaskServiceImpl",
                    "message": "OrderTaskServiceImpl.autoCancel | 订单不存在，orderNo: PT629175896604985826248" }
                    
{
                    "app": "Crmeb",
                    "timestamp":"2025-11-05 15:18:00.022",
                    "level": "ERROR",
                    "thread": "task-executor-12",
                    "class": "c.z.s.service.impl.OrderTaskServiceImpl",
                    "message": "OrderTaskServiceImpl.autoCancel | 订单不存在，orderNo: PT629175896604985826248" }
                    
{
                    "app": "Crmeb",
                    "timestamp":"2025-11-05 15:19:00.021",
                    "level": "ERROR",
                    "thread": "task-executor-19",
                    "class": "c.z.s.service.impl.OrderTaskServiceImpl",
                    "message": "OrderTaskServiceImpl.autoCancel | 订单不存在，orderNo: PT629175896604985826248" }
                    
{
                    "app": "Crmeb",
                    "timestamp":"2025-11-05 15:20:00.016",
                    "level": "ERROR",
                    "thread": "task-executor-1",
                    "class": "c.z.s.service.impl.OrderTaskServiceImpl",
                    "message": "OrderTaskServiceImpl.autoCancel | 订单不存在，orderNo: PT629175896604985826248" }
                    
{
                    "app": "Crmeb",
                    "timestamp":"2025-11-05 15:21:00.016",
                    "level": "ERROR",
                    "thread": "task-executor-9",
                    "class": "c.z.s.service.impl.OrderTaskServiceImpl",
                    "message": "OrderTaskServiceImpl.autoCancel | 订单不存在，orderNo: PT629175896604985826248" }
                    
{
                    "app": "Crmeb",
                    "timestamp":"2025-11-05 15:22:00.013",
                    "level": "ERROR",
                    "thread": "task-executor-12",
                    "class": "c.z.s.service.impl.OrderTaskServiceImpl",
                    "message": "OrderTaskServiceImpl.autoCancel | 订单不存在，orderNo: PT629175896604985826248" }
                    
{
                    "app": "Crmeb",
                    "timestamp":"2025-11-05 15:23:00.029",
                    "level": "ERROR",
                    "thread": "task-executor-19",
                    "class": "c.z.s.service.impl.OrderTaskServiceImpl",
                    "message": "OrderTaskServiceImpl.autoCancel | 订单不存在，orderNo: PT629175896604985826248" }
                    
{
                    "app": "Crmeb",
                    "timestamp":"2025-11-05 15:24:00.019",
                    "level": "ERROR",
                    "thread": "task-executor-1",
                    "class": "c.z.s.service.impl.OrderTaskServiceImpl",
                    "message": "OrderTaskServiceImpl.autoCancel | 订单不存在，orderNo: PT629175896604985826248" }
                    
{
                    "app": "Crmeb",
                    "timestamp":"2025-11-05 15:25:00.025",
                    "level": "ERROR",
                    "thread": "task-executor-9",
                    "class": "c.z.s.service.impl.OrderTaskServiceImpl",
                    "message": "OrderTaskServiceImpl.autoCancel | 订单不存在，orderNo: PT629175896604985826248" }
                    
{
                    "app": "Crmeb",
                    "timestamp":"2025-11-05 15:26:00.015",
                    "level": "ERROR",
                    "thread": "task-executor-12",
                    "class": "c.z.s.service.impl.OrderTaskServiceImpl",
                    "message": "OrderTaskServiceImpl.autoCancel | 订单不存在，orderNo: PT629175896604985826248" }
                    
{
                    "app": "Crmeb",
                    "timestamp":"2025-11-05 15:27:00.017",
                    "level": "ERROR",
                    "thread": "task-executor-19",
                    "class": "c.z.s.service.impl.OrderTaskServiceImpl",
                    "message": "OrderTaskServiceImpl.autoCancel | 订单不存在，orderNo: PT629175896604985826248" }
                    
{
                    "app": "Crmeb",
                    "timestamp":"2025-11-05 15:28:00.020",
                    "level": "ERROR",
                    "thread": "task-executor-1",
                    "class": "c.z.s.service.impl.OrderTaskServiceImpl",
                    "message": "OrderTaskServiceImpl.autoCancel | 订单不存在，orderNo: PT629175896604985826248" }
                    
{
                    "app": "Crmeb",
                    "timestamp":"2025-11-05 15:29:00.013",
                    "level": "ERROR",
                    "thread": "task-executor-9",
                    "class": "c.z.s.service.impl.OrderTaskServiceImpl",
                    "message": "OrderTaskServiceImpl.autoCancel | 订单不存在，orderNo: PT629175896604985826248" }
                    
{
                    "app": "Crmeb",
                    "timestamp":"2025-11-05 15:30:00.017",
                    "level": "ERROR",
                    "thread": "task-executor-12",
                    "class": "c.z.s.service.impl.OrderTaskServiceImpl",
                    "message": "OrderTaskServiceImpl.autoCancel | 订单不存在，orderNo: PT629175896604985826248" }
                    
{
                    "app": "Crmeb",
                    "timestamp":"2025-11-05 15:31:00.021",
                    "level": "ERROR",
                    "thread": "task-executor-19",
                    "class": "c.z.s.service.impl.OrderTaskServiceImpl",
                    "message": "OrderTaskServiceImpl.autoCancel | 订单不存在，orderNo: PT629175896604985826248" }
                    
{
                    "app": "Crmeb",
                    "timestamp":"2025-11-05 15:32:00.016",
                    "level": "ERROR",
                    "thread": "task-executor-1",
                    "class": "c.z.s.service.impl.OrderTaskServiceImpl",
                    "message": "OrderTaskServiceImpl.autoCancel | 订单不存在，orderNo: PT629175896604985826248" }
                    
{
                    "app": "Crmeb",
                    "timestamp":"2025-11-05 15:33:00.030",
                    "level": "ERROR",
                    "thread": "task-executor-9",
                    "class": "c.z.s.service.impl.OrderTaskServiceImpl",
                    "message": "OrderTaskServiceImpl.autoCancel | 订单不存在，orderNo: PT629175896604985826248" }
                    
{
                    "app": "Crmeb",
                    "timestamp":"2025-11-05 15:34:00.025",
                    "level": "ERROR",
                    "thread": "task-executor-12",
                    "class": "c.z.s.service.impl.OrderTaskServiceImpl",
                    "message": "OrderTaskServiceImpl.autoCancel | 订单不存在，orderNo: PT629175896604985826248" }
                    
{
                    "app": "Crmeb",
                    "timestamp":"2025-11-05 15:35:00.016",
                    "level": "ERROR",
                    "thread": "task-executor-19",
                    "class": "c.z.s.service.impl.OrderTaskServiceImpl",
                    "message": "OrderTaskServiceImpl.autoCancel | 订单不存在，orderNo: PT629175896604985826248" }
                    
{
                    "app": "Crmeb",
                    "timestamp":"2025-11-05 15:36:00.017",
                    "level": "ERROR",
                    "thread": "task-executor-1",
                    "class": "c.z.s.service.impl.OrderTaskServiceImpl",
                    "message": "OrderTaskServiceImpl.autoCancel | 订单不存在，orderNo: PT629175896604985826248" }
                    
{
                    "app": "Crmeb",
                    "timestamp":"2025-11-05 15:37:00.016",
                    "level": "ERROR",
                    "thread": "task-executor-9",
                    "class": "c.z.s.service.impl.OrderTaskServiceImpl",
                    "message": "OrderTaskServiceImpl.autoCancel | 订单不存在，orderNo: PT629175896604985826248" }
                    
{
                    "app": "Crmeb",
                    "timestamp":"2025-11-05 15:38:00.024",
                    "level": "ERROR",
                    "thread": "task-executor-12",
                    "class": "c.z.s.service.impl.OrderTaskServiceImpl",
                    "message": "OrderTaskServiceImpl.autoCancel | 订单不存在，orderNo: PT629175896604985826248" }
                    
{
                    "app": "Crmeb",
                    "timestamp":"2025-11-05 15:39:00.015",
                    "level": "ERROR",
                    "thread": "task-executor-19",
                    "class": "c.z.s.service.impl.OrderTaskServiceImpl",
                    "message": "OrderTaskServiceImpl.autoCancel | 订单不存在，orderNo: PT629175896604985826248" }
                    
{
                    "app": "Crmeb",
                    "timestamp":"2025-11-05 15:40:00.021",
                    "level": "ERROR",
                    "thread": "task-executor-1",
                    "class": "c.z.s.service.impl.OrderTaskServiceImpl",
                    "message": "OrderTaskServiceImpl.autoCancel | 订单不存在，orderNo: PT629175896604985826248" }
                    
{
                    "app": "Crmeb",
                    "timestamp":"2025-11-05 15:41:00.016",
                    "level": "ERROR",
                    "thread": "task-executor-9",
                    "class": "c.z.s.service.impl.OrderTaskServiceImpl",
                    "message": "OrderTaskServiceImpl.autoCancel | 订单不存在，orderNo: PT629175896604985826248" }
                    
{
                    "app": "Crmeb",
                    "timestamp":"2025-11-05 15:42:00.021",
                    "level": "ERROR",
                    "thread": "task-executor-12",
                    "class": "c.z.s.service.impl.OrderTaskServiceImpl",
                    "message": "OrderTaskServiceImpl.autoCancel | 订单不存在，orderNo: PT629175896604985826248" }
                    
{
                    "app": "Crmeb",
                    "timestamp":"2025-11-05 15:43:00.019",
                    "level": "ERROR",
                    "thread": "task-executor-19",
                    "class": "c.z.s.service.impl.OrderTaskServiceImpl",
                    "message": "OrderTaskServiceImpl.autoCancel | 订单不存在，orderNo: PT629175896604985826248" }
                    
{
                    "app": "Crmeb",
                    "timestamp":"2025-11-05 15:44:00.016",
                    "level": "ERROR",
                    "thread": "task-executor-1",
                    "class": "c.z.s.service.impl.OrderTaskServiceImpl",
                    "message": "OrderTaskServiceImpl.autoCancel | 订单不存在，orderNo: PT629175896604985826248" }
                    
{
                    "app": "Crmeb",
                    "timestamp":"2025-11-05 15:45:00.024",
                    "level": "ERROR",
                    "thread": "task-executor-9",
                    "class": "c.z.s.service.impl.OrderTaskServiceImpl",
                    "message": "OrderTaskServiceImpl.autoCancel | 订单不存在，orderNo: PT629175896604985826248" }
                    
{
                    "app": "Crmeb",
                    "timestamp":"2025-11-05 15:46:00.014",
                    "level": "ERROR",
                    "thread": "task-executor-12",
                    "class": "c.z.s.service.impl.OrderTaskServiceImpl",
                    "message": "OrderTaskServiceImpl.autoCancel | 订单不存在，orderNo: PT629175896604985826248" }
                    
{
                    "app": "Crmeb",
                    "timestamp":"2025-11-05 15:47:00.020",
                    "level": "ERROR",
                    "thread": "task-executor-19",
                    "class": "c.z.s.service.impl.OrderTaskServiceImpl",
                    "message": "OrderTaskServiceImpl.autoCancel | 订单不存在，orderNo: PT629175896604985826248" }
                    
{
                    "app": "Crmeb",
                    "timestamp":"2025-11-05 15:48:00.013",
                    "level": "ERROR",
                    "thread": "task-executor-1",
                    "class": "c.z.s.service.impl.OrderTaskServiceImpl",
                    "message": "OrderTaskServiceImpl.autoCancel | 订单不存在，orderNo: PT629175896604985826248" }
                    
{
                    "app": "Crmeb",
                    "timestamp":"2025-11-05 15:49:00.025",
                    "level": "ERROR",
                    "thread": "task-executor-9",
                    "class": "c.z.s.service.impl.OrderTaskServiceImpl",
                    "message": "OrderTaskServiceImpl.autoCancel | 订单不存在，orderNo: PT629175896604985826248" }
                    
{
                    "app": "Crmeb",
                    "timestamp":"2025-11-05 15:50:00.018",
                    "level": "ERROR",
                    "thread": "task-executor-12",
                    "class": "c.z.s.service.impl.OrderTaskServiceImpl",
                    "message": "OrderTaskServiceImpl.autoCancel | 订单不存在，orderNo: PT629175896604985826248" }
                    
{
                    "app": "Crmeb",
                    "timestamp":"2025-11-05 15:51:00.025",
                    "level": "ERROR",
                    "thread": "task-executor-19",
                    "class": "c.z.s.service.impl.OrderTaskServiceImpl",
                    "message": "OrderTaskServiceImpl.autoCancel | 订单不存在，orderNo: PT629175896604985826248" }
                    
{
                    "app": "Crmeb",
                    "timestamp":"2025-11-05 15:52:00.023",
                    "level": "ERROR",
                    "thread": "task-executor-1",
                    "class": "c.z.s.service.impl.OrderTaskServiceImpl",
                    "message": "OrderTaskServiceImpl.autoCancel | 订单不存在，orderNo: PT629175896604985826248" }
                    
{
                    "app": "Crmeb",
                    "timestamp":"2025-11-05 15:53:00.020",
                    "level": "ERROR",
                    "thread": "task-executor-9",
                    "class": "c.z.s.service.impl.OrderTaskServiceImpl",
                    "message": "OrderTaskServiceImpl.autoCancel | 订单不存在，orderNo: PT629175896604985826248" }
                    
{
                    "app": "Crmeb",
                    "timestamp":"2025-11-05 15:54:00.022",
                    "level": "ERROR",
                    "thread": "task-executor-12",
                    "class": "c.z.s.service.impl.OrderTaskServiceImpl",
                    "message": "OrderTaskServiceImpl.autoCancel | 订单不存在，orderNo: PT629175896604985826248" }
                    
{
                    "app": "Crmeb",
                    "timestamp":"2025-11-05 15:55:00.011",
                    "level": "ERROR",
                    "thread": "task-executor-19",
                    "class": "c.z.s.service.impl.OrderTaskServiceImpl",
                    "message": "OrderTaskServiceImpl.autoCancel | 订单不存在，orderNo: PT629175896604985826248" }
                    
{
                    "app": "Crmeb",
                    "timestamp":"2025-11-05 15:56:00.033",
                    "level": "ERROR",
                    "thread": "task-executor-1",
                    "class": "c.z.s.service.impl.OrderTaskServiceImpl",
                    "message": "OrderTaskServiceImpl.autoCancel | 订单不存在，orderNo: PT629175896604985826248" }
                    
{
                    "app": "Crmeb",
                    "timestamp":"2025-11-05 15:57:00.018",
                    "level": "ERROR",
                    "thread": "task-executor-9",
                    "class": "c.z.s.service.impl.OrderTaskServiceImpl",
                    "message": "OrderTaskServiceImpl.autoCancel | 订单不存在，orderNo: PT629175896604985826248" }
                    
{
                    "app": "Crmeb",
                    "timestamp":"2025-11-05 15:58:00.026",
                    "level": "ERROR",
                    "thread": "task-executor-12",
                    "class": "c.z.s.service.impl.OrderTaskServiceImpl",
                    "message": "OrderTaskServiceImpl.autoCancel | 订单不存在，orderNo: PT629175896604985826248" }
                    
{
                    "app": "Crmeb",
                    "timestamp":"2025-11-05 15:59:00.012",
                    "level": "ERROR",
                    "thread": "task-executor-19",
                    "class": "c.z.s.service.impl.OrderTaskServiceImpl",
                    "message": "OrderTaskServiceImpl.autoCancel | 订单不存在，orderNo: PT629175896604985826248" }
                    
{
                    "app": "Crmeb",
                    "timestamp":"2025-11-05 16:00:00.026",
                    "level": "ERROR",
                    "thread": "task-executor-1",
                    "class": "c.z.s.service.impl.OrderTaskServiceImpl",
                    "message": "OrderTaskServiceImpl.autoCancel | 订单不存在，orderNo: PT629175896604985826248" }
                    
{
                    "app": "Crmeb",
                    "timestamp":"2025-11-05 16:01:00.012",
                    "level": "ERROR",
                    "thread": "task-executor-9",
                    "class": "c.z.s.service.impl.OrderTaskServiceImpl",
                    "message": "OrderTaskServiceImpl.autoCancel | 订单不存在，orderNo: PT629175896604985826248" }
                    
{
                    "app": "Crmeb",
                    "timestamp":"2025-11-05 16:02:00.028",
                    "level": "ERROR",
                    "thread": "task-executor-12",
                    "class": "c.z.s.service.impl.OrderTaskServiceImpl",
                    "message": "OrderTaskServiceImpl.autoCancel | 订单不存在，orderNo: PT629175896604985826248" }
                    
{
                    "app": "Crmeb",
                    "timestamp":"2025-11-05 16:03:00.016",
                    "level": "ERROR",
                    "thread": "task-executor-19",
                    "class": "c.z.s.service.impl.OrderTaskServiceImpl",
                    "message": "OrderTaskServiceImpl.autoCancel | 订单不存在，orderNo: PT629175896604985826248" }
                    
{
                    "app": "Crmeb",
                    "timestamp":"2025-11-05 16:04:00.020",
                    "level": "ERROR",
                    "thread": "task-executor-1",
                    "class": "c.z.s.service.impl.OrderTaskServiceImpl",
                    "message": "OrderTaskServiceImpl.autoCancel | 订单不存在，orderNo: PT629175896604985826248" }
                    
{
                    "app": "Crmeb",
                    "timestamp":"2025-11-05 16:05:00.028",
                    "level": "ERROR",
                    "thread": "task-executor-9",
                    "class": "c.z.s.service.impl.OrderTaskServiceImpl",
                    "message": "OrderTaskServiceImpl.autoCancel | 订单不存在，orderNo: PT629175896604985826248" }
                    
{
                    "app": "Crmeb",
                    "timestamp":"2025-11-05 16:06:00.018",
                    "level": "ERROR",
                    "thread": "task-executor-12",
                    "class": "c.z.s.service.impl.OrderTaskServiceImpl",
                    "message": "OrderTaskServiceImpl.autoCancel | 订单不存在，orderNo: PT629175896604985826248" }
                    
{
                    "app": "Crmeb",
                    "timestamp":"2025-11-05 16:07:00.022",
                    "level": "ERROR",
                    "thread": "task-executor-19",
                    "class": "c.z.s.service.impl.OrderTaskServiceImpl",
                    "message": "OrderTaskServiceImpl.autoCancel | 订单不存在，orderNo: PT629175896604985826248" }
                    
{
                    "app": "Crmeb",
                    "timestamp":"2025-11-05 16:08:00.017",
                    "level": "ERROR",
                    "thread": "task-executor-1",
                    "class": "c.z.s.service.impl.OrderTaskServiceImpl",
                    "message": "OrderTaskServiceImpl.autoCancel | 订单不存在，orderNo: PT629175896604985826248" }
                    
{
                    "app": "Crmeb",
                    "timestamp":"2025-11-05 16:09:00.013",
                    "level": "ERROR",
                    "thread": "task-executor-9",
                    "class": "c.z.s.service.impl.OrderTaskServiceImpl",
                    "message": "OrderTaskServiceImpl.autoCancel | 订单不存在，orderNo: PT629175896604985826248" }
                    
{
                    "app": "Crmeb",
                    "timestamp":"2025-11-05 16:10:00.012",
                    "level": "ERROR",
                    "thread": "task-executor-12",
                    "class": "c.z.s.service.impl.OrderTaskServiceImpl",
                    "message": "OrderTaskServiceImpl.autoCancel | 订单不存在，orderNo: PT629175896604985826248" }
                    
{
                    "app": "Crmeb",
                    "timestamp":"2025-11-05 16:11:00.024",
                    "level": "ERROR",
                    "thread": "task-executor-19",
                    "class": "c.z.s.service.impl.OrderTaskServiceImpl",
                    "message": "OrderTaskServiceImpl.autoCancel | 订单不存在，orderNo: PT629175896604985826248" }
                    
{
                    "app": "Crmeb",
                    "timestamp":"2025-11-05 16:12:00.012",
                    "level": "ERROR",
                    "thread": "task-executor-1",
                    "class": "c.z.s.service.impl.OrderTaskServiceImpl",
                    "message": "OrderTaskServiceImpl.autoCancel | 订单不存在，orderNo: PT629175896604985826248" }
                    
{
                    "app": "Crmeb",
                    "timestamp":"2025-11-05 16:13:00.012",
                    "level": "ERROR",
                    "thread": "task-executor-9",
                    "class": "c.z.s.service.impl.OrderTaskServiceImpl",
                    "message": "OrderTaskServiceImpl.autoCancel | 订单不存在，orderNo: PT629175896604985826248" }
                    
{
                    "app": "Crmeb",
                    "timestamp":"2025-11-05 16:14:00.028",
                    "level": "ERROR",
                    "thread": "task-executor-12",
                    "class": "c.z.s.service.impl.OrderTaskServiceImpl",
                    "message": "OrderTaskServiceImpl.autoCancel | 订单不存在，orderNo: PT629175896604985826248" }
                    
{
                    "app": "Crmeb",
                    "timestamp":"2025-11-05 16:15:00.015",
                    "level": "ERROR",
                    "thread": "task-executor-19",
                    "class": "c.z.s.service.impl.OrderTaskServiceImpl",
                    "message": "OrderTaskServiceImpl.autoCancel | 订单不存在，orderNo: PT629175896604985826248" }
                    
{
                    "app": "Crmeb",
                    "timestamp":"2025-11-05 16:16:00.027",
                    "level": "ERROR",
                    "thread": "task-executor-1",
                    "class": "c.z.s.service.impl.OrderTaskServiceImpl",
                    "message": "OrderTaskServiceImpl.autoCancel | 订单不存在，orderNo: PT629175896604985826248" }
                    
{
                    "app": "Crmeb",
                    "timestamp":"2025-11-05 16:17:00.012",
                    "level": "ERROR",
                    "thread": "task-executor-9",
                    "class": "c.z.s.service.impl.OrderTaskServiceImpl",
                    "message": "OrderTaskServiceImpl.autoCancel | 订单不存在，orderNo: PT629175896604985826248" }
                    
{
                    "app": "Crmeb",
                    "timestamp":"2025-11-05 16:18:00.022",
                    "level": "ERROR",
                    "thread": "task-executor-12",
                    "class": "c.z.s.service.impl.OrderTaskServiceImpl",
                    "message": "OrderTaskServiceImpl.autoCancel | 订单不存在，orderNo: PT629175896604985826248" }
                    
{
                    "app": "Crmeb",
                    "timestamp":"2025-11-05 16:19:00.014",
                    "level": "ERROR",
                    "thread": "task-executor-19",
                    "class": "c.z.s.service.impl.OrderTaskServiceImpl",
                    "message": "OrderTaskServiceImpl.autoCancel | 订单不存在，orderNo: PT629175896604985826248" }
                    
{
                    "app": "Crmeb",
                    "timestamp":"2025-11-05 16:20:00.018",
                    "level": "ERROR",
                    "thread": "task-executor-1",
                    "class": "c.z.s.service.impl.OrderTaskServiceImpl",
                    "message": "OrderTaskServiceImpl.autoCancel | 订单不存在，orderNo: PT629175896604985826248" }
                    
{
                    "app": "Crmeb",
                    "timestamp":"2025-11-05 16:21:00.020",
                    "level": "ERROR",
                    "thread": "task-executor-9",
                    "class": "c.z.s.service.impl.OrderTaskServiceImpl",
                    "message": "OrderTaskServiceImpl.autoCancel | 订单不存在，orderNo: PT629175896604985826248" }
                    
{
                    "app": "Crmeb",
                    "timestamp":"2025-11-05 16:22:00.016",
                    "level": "ERROR",
                    "thread": "task-executor-12",
                    "class": "c.z.s.service.impl.OrderTaskServiceImpl",
                    "message": "OrderTaskServiceImpl.autoCancel | 订单不存在，orderNo: PT629175896604985826248" }
                    
{
                    "app": "Crmeb",
                    "timestamp":"2025-11-05 16:23:00.014",
                    "level": "ERROR",
                    "thread": "task-executor-19",
                    "class": "c.z.s.service.impl.OrderTaskServiceImpl",
                    "message": "OrderTaskServiceImpl.autoCancel | 订单不存在，orderNo: PT629175896604985826248" }
                    
{
                    "app": "Crmeb",
                    "timestamp":"2025-11-05 16:24:00.028",
                    "level": "ERROR",
                    "thread": "task-executor-1",
                    "class": "c.z.s.service.impl.OrderTaskServiceImpl",
                    "message": "OrderTaskServiceImpl.autoCancel | 订单不存在，orderNo: PT629175896604985826248" }
                    
{
                    "app": "Crmeb",
                    "timestamp":"2025-11-05 16:25:00.015",
                    "level": "ERROR",
                    "thread": "task-executor-9",
                    "class": "c.z.s.service.impl.OrderTaskServiceImpl",
                    "message": "OrderTaskServiceImpl.autoCancel | 订单不存在，orderNo: PT629175896604985826248" }
                    
{
                    "app": "Crmeb",
                    "timestamp":"2025-11-05 16:26:00.030",
                    "level": "ERROR",
                    "thread": "task-executor-12",
                    "class": "c.z.s.service.impl.OrderTaskServiceImpl",
                    "message": "OrderTaskServiceImpl.autoCancel | 订单不存在，orderNo: PT629175896604985826248" }
                    
{
                    "app": "Crmeb",
                    "timestamp":"2025-11-05 16:27:00.013",
                    "level": "ERROR",
                    "thread": "task-executor-19",
                    "class": "c.z.s.service.impl.OrderTaskServiceImpl",
                    "message": "OrderTaskServiceImpl.autoCancel | 订单不存在，orderNo: PT629175896604985826248" }
                    
{
                    "app": "Crmeb",
                    "timestamp":"2025-11-05 16:28:00.015",
                    "level": "ERROR",
                    "thread": "task-executor-1",
                    "class": "c.z.s.service.impl.OrderTaskServiceImpl",
                    "message": "OrderTaskServiceImpl.autoCancel | 订单不存在，orderNo: PT629175896604985826248" }
                    
{
                    "app": "Crmeb",
                    "timestamp":"2025-11-05 16:29:00.024",
                    "level": "ERROR",
                    "thread": "task-executor-9",
                    "class": "c.z.s.service.impl.OrderTaskServiceImpl",
                    "message": "OrderTaskServiceImpl.autoCancel | 订单不存在，orderNo: PT629175896604985826248" }
                    
{
                    "app": "Crmeb",
                    "timestamp":"2025-11-05 16:30:00.019",
                    "level": "ERROR",
                    "thread": "task-executor-12",
                    "class": "c.z.s.service.impl.OrderTaskServiceImpl",
                    "message": "OrderTaskServiceImpl.autoCancel | 订单不存在，orderNo: PT629175896604985826248" }
                    
