{
                    "app": "Crmeb",
                    "timestamp":"2025-09-18 17:22:11.491",
                    "level": "DEBUG",
                    "thread": "main",
                    "class": "o.s.b.c.l.ClasspathLoggingApplicationListener",
                    "message": "Application started with classpath: [jar:file:/E:/2zynt/工作项目/CRMEB-JAVA-ET-V1.2(2025.4.25)/et_java/crmeb-front/target/Crmeb-front.jar!/BOOT-INF/classes!/, jar:file:/E:/2zynt/工作项目/CRMEB-JAVA-ET-V1.2(2025.4.25)/et_java/crmeb-front/target/Crmeb-front.jar!/BOOT-INF/lib/crmeb-service-0.0.1-SNAPSHOT.jar!/, jar:file:/E:/2zynt/工作项目/CRMEB-JAVA-ET-V1.2(2025.4.25)/et_java/crmeb-front/target/Crmeb-front.jar!/BOOT-INF/lib/crmeb-common-0.0.1-SNAPSHOT.jar!/, jar:file:/E:/2zynt/工作项目/CRMEB-JAVA-ET-V1.2(2025.4.25)/et_java/crmeb-front/target/Crmeb-front.jar!/BOOT-INF/lib/javax.servlet-api-4.0.1.jar!/, jar:file:/E:/2zynt/工作项目/CRMEB-JAVA-ET-V1.2(2025.4.25)/et_java/crmeb-front/target/Crmeb-front.jar!/BOOT-INF/lib/jstl-1.2.jar!/, jar:file:/E:/2zynt/工作项目/CRMEB-JAVA-ET-V1.2(2025.4.25)/et_java/crmeb-front/target/Crmeb-front.jar!/BOOT-INF/lib/tomcat-embed-jasper-9.0.33.jar!/, jar:file:/E:/2zynt/工作项目/CRMEB-JAVA-ET-V1.2(2025.4.25)/et_java/crmeb-front/target/Crmeb-front.jar!/BOOT-INF/lib/tomcat-embed-core-9.0.33.jar!/, jar:file:/E:/2zynt/工作项目/CRMEB-JAVA-ET-V1.2(2025.4.25)/et_java/crmeb-front/target/Crmeb-front.jar!/BOOT-INF/lib/tomcat-annotations-api-9.0.33.jar!/, jar:file:/E:/2zynt/工作项目/CRMEB-JAVA-ET-V1.2(2025.4.25)/et_java/crmeb-front/target/Crmeb-front.jar!/BOOT-INF/lib/tomcat-embed-el-9.0.33.jar!/, jar:file:/E:/2zynt/工作项目/CRMEB-JAVA-ET-V1.2(2025.4.25)/et_java/crmeb-front/target/Crmeb-front.jar!/BOOT-INF/lib/ecj-3.18.0.jar!/, jar:file:/E:/2zynt/工作项目/CRMEB-JAVA-ET-V1.2(2025.4.25)/et_java/crmeb-front/target/Crmeb-front.jar!/BOOT-INF/lib/tomcat-jsp-api-9.0.33.jar!/, jar:file:/E:/2zynt/工作项目/CRMEB-JAVA-ET-V1.2(2025.4.25)/et_java/crmeb-front/target/Crmeb-front.jar!/BOOT-INF/lib/tomcat-el-api-9.0.33.jar!/, jar:file:/E:/2zynt/工作项目/CRMEB-JAVA-ET-V1.2(2025.4.25)/et_java/crmeb-front/target/Crmeb-front.jar!/BOOT-INF/lib/tomcat-servlet-api-9.0.33.jar!/, jar:file:/E:/2zynt/工作项目/CRMEB-JAVA-ET-V1.2(2025.4.25)/et_java/crmeb-front/target/Crmeb-front.jar!/BOOT-INF/lib/fastjson-2.0.38.jar!/, jar:file:/E:/2zynt/工作项目/CRMEB-JAVA-ET-V1.2(2025.4.25)/et_java/crmeb-front/target/Crmeb-front.jar!/BOOT-INF/lib/fastjson2-extension-2.0.38.jar!/, jar:file:/E:/2zynt/工作项目/CRMEB-JAVA-ET-V1.2(2025.4.25)/et_java/crmeb-front/target/Crmeb-front.jar!/BOOT-INF/lib/fastjson2-2.0.38.jar!/, jar:file:/E:/2zynt/工作项目/CRMEB-JAVA-ET-V1.2(2025.4.25)/et_java/crmeb-front/target/Crmeb-front.jar!/BOOT-INF/lib/druid-1.1.20.jar!/, jar:file:/E:/2zynt/工作项目/CRMEB-JAVA-ET-V1.2(2025.4.25)/et_java/crmeb-front/target/Crmeb-front.jar!/BOOT-INF/lib/mysql-connector-java-5.1.24.jar!/, jar:file:/E:/2zynt/工作项目/CRMEB-JAVA-ET-V1.2(2025.4.25)/et_java/crmeb-front/target/Crmeb-front.jar!/BOOT-INF/lib/lombok-1.18.12.jar!/, jar:file:/E:/2zynt/工作项目/CRMEB-JAVA-ET-V1.2(2025.4.25)/et_java/crmeb-front/target/Crmeb-front.jar!/BOOT-INF/lib/mybatis-plus-boot-starter-3.3.1.jar!/, jar:file:/E:/2zynt/工作项目/CRMEB-JAVA-ET-V1.2(2025.4.25)/et_java/crmeb-front/target/Crmeb-front.jar!/BOOT-INF/lib/spring-boot-starter-jdbc-2.2.6.RELEASE.jar!/, jar:file:/E:/2zynt/工作项目/CRMEB-JAVA-ET-V1.2(2025.4.25)/et_java/crmeb-front/target/Crmeb-front.jar!/BOOT-INF/lib/HikariCP-3.4.2.jar!/, jar:file:/E:/2zynt/工作项目/CRMEB-JAVA-ET-V1.2(2025.4.25)/et_java/crmeb-front/target/Crmeb-front.jar!/BOOT-INF/lib/spring-jdbc-5.2.5.RELEASE.jar!/, jar:file:/E:/2zynt/工作项目/CRMEB-JAVA-ET-V1.2(2025.4.25)/et_java/crmeb-front/target/Crmeb-front.jar!/BOOT-INF/lib/spring-boot-test-2.2.6.RELEASE.jar!/, jar:file:/E:/2zynt/工作项目/CRMEB-JAVA-ET-V1.2(2025.4.25)/et_java/crmeb-front/target/Crmeb-front.jar!/BOOT-INF/lib/spring-boot-2.2.6.RELEASE.jar!/, jar:file:/E:/2zynt/工作项目/CRMEB-JAVA-ET-V1.2(2025.4.25)/et_java/crmeb-front/target/Crmeb-front.jar!/BOOT-INF/lib/spring-context-5.2.5.RELEASE.jar!/, jar:file:/E:/2zynt/工作项目/CRMEB-JAVA-ET-V1.2(2025.4.25)/et_java/crmeb-front/target/Crmeb-front.jar!/BOOT-INF/lib/spring-test-5.2.5.RELEASE.jar!/, jar:file:/E:/2zynt/工作项目/CRMEB-JAVA-ET-V1.2(2025.4.25)/et_java/crmeb-front/target/Crmeb-front.jar!/BOOT-INF/lib/spring-core-5.2.5.RELEASE.jar!/, jar:file:/E:/2zynt/工作项目/CRMEB-JAVA-ET-V1.2(2025.4.25)/et_java/crmeb-front/target/Crmeb-front.jar!/BOOT-INF/lib/spring-jcl-5.2.5.RELEASE.jar!/, jar:file:/E:/2zynt/工作项目/CRMEB-JAVA-ET-V1.2(2025.4.25)/et_java/crmeb-front/target/Crmeb-front.jar!/BOOT-INF/lib/mybatis-plus-3.3.1.jar!/, jar:file:/E:/2zynt/工作项目/CRMEB-JAVA-ET-V1.2(2025.4.25)/et_java/crmeb-front/target/Crmeb-front.jar!/BOOT-INF/lib/mybatis-plus-extension-3.3.1.jar!/, jar:file:/E:/2zynt/工作项目/CRMEB-JAVA-ET-V1.2(2025.4.25)/et_java/crmeb-front/target/Crmeb-front.jar!/BOOT-INF/lib/mybatis-plus-core-3.3.1.jar!/, jar:file:/E:/2zynt/工作项目/CRMEB-JAVA-ET-V1.2(2025.4.25)/et_java/crmeb-front/target/Crmeb-front.jar!/BOOT-INF/lib/mybatis-plus-annotation-3.3.1.jar!/, jar:file:/E:/2zynt/工作项目/CRMEB-JAVA-ET-V1.2(2025.4.25)/et_java/crmeb-front/target/Crmeb-front.jar!/BOOT-INF/lib/mybatis-3.5.3.jar!/, jar:file:/E:/2zynt/工作项目/CRMEB-JAVA-ET-V1.2(2025.4.25)/et_java/crmeb-front/target/Crmeb-front.jar!/BOOT-INF/lib/mybatis-spring-2.0.3.jar!/, jar:file:/E:/2zynt/工作项目/CRMEB-JAVA-ET-V1.2(2025.4.25)/et_java/crmeb-front/target/Crmeb-front.jar!/BOOT-INF/lib/mybatis-plus-generator-3.3.1.jar!/, jar:file:/E:/2zynt/工作项目/CRMEB-JAVA-ET-V1.2(2025.4.25)/et_java/crmeb-front/target/Crmeb-front.jar!/BOOT-INF/lib/swagger-annotations-1.5.21.jar!/, jar:file:/E:/2zynt/工作项目/CRMEB-JAVA-ET-V1.2(2025.4.25)/et_java/crmeb-front/target/Crmeb-front.jar!/BOOT-INF/lib/springfox-swagger2-2.9.2.jar!/, jar:file:/E:/2zynt/工作项目/CRMEB-JAVA-ET-V1.2(2025.4.25)/et_java/crmeb-front/target/Crmeb-front.jar!/BOOT-INF/lib/springfox-spi-2.9.2.jar!/, jar:file:/E:/2zynt/工作项目/CRMEB-JAVA-ET-V1.2(2025.4.25)/et_java/crmeb-front/target/Crmeb-front.jar!/BOOT-INF/lib/springfox-core-2.9.2.jar!/, jar:file:/E:/2zynt/工作项目/CRMEB-JAVA-ET-V1.2(2025.4.25)/et_java/crmeb-front/target/Crmeb-front.jar!/BOOT-INF/lib/byte-buddy-1.10.8.jar!/, jar:file:/E:/2zynt/工作项目/CRMEB-JAVA-ET-V1.2(2025.4.25)/et_java/crmeb-front/target/Crmeb-front.jar!/BOOT-INF/lib/springfox-schema-2.9.2.jar!/, jar:file:/E:/2zynt/工作项目/CRMEB-JAVA-ET-V1.2(2025.4.25)/et_java/crmeb-front/target/Crmeb-front.jar!/BOOT-INF/lib/springfox-swagger-common-2.9.2.jar!/, jar:file:/E:/2zynt/工作项目/CRMEB-JAVA-ET-V1.2(2025.4.25)/et_java/crmeb-front/target/Crmeb-front.jar!/BOOT-INF/lib/springfox-spring-web-2.9.2.jar!/, jar:file:/E:/2zynt/工作项目/CRMEB-JAVA-ET-V1.2(2025.4.25)/et_java/crmeb-front/target/Crmeb-front.jar!/BOOT-INF/lib/classmate-1.5.1.jar!/, jar:file:/E:/2zynt/工作项目/CRMEB-JAVA-ET-V1.2(2025.4.25)/et_java/crmeb-front/target/Crmeb-front.jar!/BOOT-INF/lib/slf4j-api-1.7.30.jar!/, jar:file:/E:/2zynt/工作项目/CRMEB-JAVA-ET-V1.2(2025.4.25)/et_java/crmeb-front/target/Crmeb-front.jar!/BOOT-INF/lib/spring-plugin-core-1.2.0.RELEASE.jar!/, jar:file:/E:/2zynt/工作项目/CRMEB-JAVA-ET-V1.2(2025.4.25)/et_java/crmeb-front/target/Crmeb-front.jar!/BOOT-INF/lib/spring-plugin-metadata-1.2.0.RELEASE.jar!/, jar:file:/E:/2zynt/工作项目/CRMEB-JAVA-ET-V1.2(2025.4.25)/et_java/crmeb-front/target/Crmeb-front.jar!/BOOT-INF/lib/mapstruct-1.2.0.Final.jar!/, jar:file:/E:/2zynt/工作项目/CRMEB-JAVA-ET-V1.2(2025.4.25)/et_java/crmeb-front/target/Crmeb-front.jar!/BOOT-INF/lib/swagger-models-1.5.22.jar!/, jar:file:/E:/2zynt/工作项目/CRMEB-JAVA-ET-V1.2(2025.4.25)/et_java/crmeb-front/target/Crmeb-front.jar!/BOOT-INF/lib/jackson-annotations-2.10.3.jar!/, jar:file:/E:/2zynt/工作项目/CRMEB-JAVA-ET-V1.2(2025.4.25)/et_java/crmeb-front/target/Crmeb-front.jar!/BOOT-INF/lib/swagger-bootstrap-ui-1.9.3.jar!/, jar:file:/E:/2zynt/工作项目/CRMEB-JAVA-ET-V1.2(2025.4.25)/et_java/crmeb-front/target/Crmeb-front.jar!/BOOT-INF/lib/spring-boot-autoconfigure-2.2.6.RELEASE.jar!/, jar:file:/E:/2zynt/工作项目/CRMEB-JAVA-ET-V1.2(2025.4.25)/et_java/crmeb-front/target/Crmeb-front.jar!/BOOT-INF/lib/logback-classic-1.2.3.jar!/, jar:file:/E:/2zynt/工作项目/CRMEB-JAVA-ET-V1.2(2025.4.25)/et_java/crmeb-front/target/Crmeb-front.jar!/BOOT-INF/lib/logback-core-1.2.3.jar!/, jar:file:/E:/2zynt/工作项目/CRMEB-JAVA-ET-V1.2(2025.4.25)/et_java/crmeb-front/target/Crmeb-front.jar!/BOOT-INF/lib/logstash-logback-encoder-5.3.jar!/, jar:file:/E:/2zynt/工作项目/CRMEB-JAVA-ET-V1.2(2025.4.25)/et_java/crmeb-front/target/Crmeb-front.jar!/BOOT-INF/lib/jackson-databind-2.10.3.jar!/, jar:file:/E:/2zynt/工作项目/CRMEB-JAVA-ET-V1.2(2025.4.25)/et_java/crmeb-front/target/Crmeb-front.jar!/BOOT-INF/lib/spring-boot-starter-web-2.2.6.RELEASE.jar!/, jar:file:/E:/2zynt/工作项目/CRMEB-JAVA-ET-V1.2(2025.4.25)/et_java/crmeb-front/target/Crmeb-front.jar!/BOOT-INF/lib/spring-boot-starter-2.2.6.RELEASE.jar!/, jar:file:/E:/2zynt/工作项目/CRMEB-JAVA-ET-V1.2(2025.4.25)/et_java/crmeb-front/target/Crmeb-front.jar!/BOOT-INF/lib/spring-boot-starter-logging-2.2.6.RELEASE.jar!/, jar:file:/E:/2zynt/工作项目/CRMEB-JAVA-ET-V1.2(2025.4.25)/et_java/crmeb-front/target/Crmeb-front.jar!/BOOT-INF/lib/log4j-to-slf4j-2.12.1.jar!/, jar:file:/E:/2zynt/工作项目/CRMEB-JAVA-ET-V1.2(2025.4.25)/et_java/crmeb-front/target/Crmeb-front.jar!/BOOT-INF/lib/log4j-api-2.12.1.jar!/, jar:file:/E:/2zynt/工作项目/CRMEB-JAVA-ET-V1.2(2025.4.25)/et_java/crmeb-front/target/Crmeb-front.jar!/BOOT-INF/lib/jul-to-slf4j-1.7.30.jar!/, jar:file:/E:/2zynt/工作项目/CRMEB-JAVA-ET-V1.2(2025.4.25)/et_java/crmeb-front/target/Crmeb-front.jar!/BOOT-INF/lib/jakarta.annotation-api-1.3.5.jar!/, jar:file:/E:/2zynt/工作项目/CRMEB-JAVA-ET-V1.2(2025.4.25)/et_java/crmeb-front/target/Crmeb-front.jar!/BOOT-INF/lib/snakeyaml-1.25.jar!/, jar:file:/E:/2zynt/工作项目/CRMEB-JAVA-ET-V1.2(2025.4.25)/et_java/crmeb-front/target/Crmeb-front.jar!/BOOT-INF/lib/spring-boot-starter-json-2.2.6.RELEASE.jar!/, jar:file:/E:/2zynt/工作项目/CRMEB-JAVA-ET-V1.2(2025.4.25)/et_java/crmeb-front/target/Crmeb-front.jar!/BOOT-INF/lib/jackson-datatype-jdk8-2.10.3.jar!/, jar:file:/E:/2zynt/工作项目/CRMEB-JAVA-ET-V1.2(2025.4.25)/et_java/crmeb-front/target/Crmeb-front.jar!/BOOT-INF/lib/jackson-datatype-jsr310-2.10.3.jar!/, jar:file:/E:/2zynt/工作项目/CRMEB-JAVA-ET-V1.2(2025.4.25)/et_java/crmeb-front/target/Crmeb-front.jar!/BOOT-INF/lib/jackson-module-parameter-names-2.10.3.jar!/, jar:file:/E:/2zynt/工作项目/CRMEB-JAVA-ET-V1.2(2025.4.25)/et_java/crmeb-front/target/Crmeb-front.jar!/BOOT-INF/lib/spring-boot-starter-tomcat-2.2.6.RELEASE.jar!/, jar:file:/E:/2zynt/工作项目/CRMEB-JAVA-ET-V1.2(2025.4.25)/et_java/crmeb-front/target/Crmeb-front.jar!/BOOT-INF/lib/tomcat-embed-websocket-9.0.33.jar!/, jar:file:/E:/2zynt/工作项目/CRMEB-JAVA-ET-V1.2(2025.4.25)/et_java/crmeb-front/target/Crmeb-front.jar!/BOOT-INF/lib/spring-boot-starter-validation-2.2.6.RELEASE.jar!/, jar:file:/E:/2zynt/工作项目/CRMEB-JAVA-ET-V1.2(2025.4.25)/et_java/crmeb-front/target/Crmeb-front.jar!/BOOT-INF/lib/jakarta.validation-api-2.0.2.jar!/, jar:file:/E:/2zynt/工作项目/CRMEB-JAVA-ET-V1.2(2025.4.25)/et_java/crmeb-front/target/Crmeb-front.jar!/BOOT-INF/lib/hibernate-validator-6.0.18.Final.jar!/, jar:file:/E:/2zynt/工作项目/CRMEB-JAVA-ET-V1.2(2025.4.25)/et_java/crmeb-front/target/Crmeb-front.jar!/BOOT-INF/lib/jboss-logging-3.4.1.Final.jar!/, jar:file:/E:/2zynt/工作项目/CRMEB-JAVA-ET-V1.2(2025.4.25)/et_java/crmeb-front/target/Crmeb-front.jar!/BOOT-INF/lib/spring-web-5.2.5.RELEASE.jar!/, jar:file:/E:/2zynt/工作项目/CRMEB-JAVA-ET-V1.2(2025.4.25)/et_java/crmeb-front/target/Crmeb-front.jar!/BOOT-INF/lib/spring-webmvc-5.2.5.RELEASE.jar!/, jar:file:/E:/2zynt/工作项目/CRMEB-JAVA-ET-V1.2(2025.4.25)/et_java/crmeb-front/target/Crmeb-front.jar!/BOOT-INF/lib/spring-expression-5.2.5.RELEASE.jar!/, jar:file:/E:/2zynt/工作项目/CRMEB-JAVA-ET-V1.2(2025.4.25)/et_java/crmeb-front/target/Crmeb-front.jar!/BOOT-INF/lib/spring-boot-starter-data-redis-2.2.0.RELEASE.jar!/, jar:file:/E:/2zynt/工作项目/CRMEB-JAVA-ET-V1.2(2025.4.25)/et_java/crmeb-front/target/Crmeb-front.jar!/BOOT-INF/lib/spring-data-redis-2.2.6.RELEASE.jar!/, jar:file:/E:/2zynt/工作项目/CRMEB-JAVA-ET-V1.2(2025.4.25)/et_java/crmeb-front/target/Crmeb-front.jar!/BOOT-INF/lib/spring-data-keyvalue-2.2.6.RELEASE.jar!/, jar:file:/E:/2zynt/工作项目/CRMEB-JAVA-ET-V1.2(2025.4.25)/et_java/crmeb-front/target/Crmeb-front.jar!/BOOT-INF/lib/spring-tx-5.2.5.RELEASE.jar!/, jar:file:/E:/2zynt/工作项目/CRMEB-JAVA-ET-V1.2(2025.4.25)/et_java/crmeb-front/target/Crmeb-front.jar!/BOOT-INF/lib/spring-oxm-5.2.5.RELEASE.jar!/, jar:file:/E:/2zynt/工作项目/CRMEB-JAVA-ET-V1.2(2025.4.25)/et_java/crmeb-front/target/Crmeb-front.jar!/BOOT-INF/lib/lettuce-core-5.2.2.RELEASE.jar!/, jar:file:/E:/2zynt/工作项目/CRMEB-JAVA-ET-V1.2(2025.4.25)/et_java/crmeb-front/target/Crmeb-front.jar!/BOOT-INF/lib/netty-common-4.1.48.Final.jar!/, jar:file:/E:/2zynt/工作项目/CRMEB-JAVA-ET-V1.2(2025.4.25)/et_java/crmeb-front/target/Crmeb-front.jar!/BOOT-INF/lib/netty-handler-4.1.48.Final.jar!/, jar:file:/E:/2zynt/工作项目/CRMEB-JAVA-ET-V1.2(2025.4.25)/et_java/crmeb-front/target/Crmeb-front.jar!/BOOT-INF/lib/netty-resolver-4.1.48.Final.jar!/, jar:file:/E:/2zynt/工作项目/CRMEB-JAVA-ET-V1.2(2025.4.25)/et_java/crmeb-front/target/Crmeb-front.jar!/BOOT-INF/lib/netty-buffer-4.1.48.Final.jar!/, jar:file:/E:/2zynt/工作项目/CRMEB-JAVA-ET-V1.2(2025.4.25)/et_java/crmeb-front/target/Crmeb-front.jar!/BOOT-INF/lib/netty-codec-4.1.48.Final.jar!/, jar:file:/E:/2zynt/工作项目/CRMEB-JAVA-ET-V1.2(2025.4.25)/et_java/crmeb-front/target/Crmeb-front.jar!/BOOT-INF/lib/netty-transport-4.1.48.Final.jar!/, jar:file:/E:/2zynt/工作项目/CRMEB-JAVA-ET-V1.2(2025.4.25)/et_java/crmeb-front/target/Crmeb-front.jar!/BOOT-INF/lib/reactor-core-3.3.4.RELEASE.jar!/, jar:file:/E:/2zynt/工作项目/CRMEB-JAVA-ET-V1.2(2025.4.25)/et_java/crmeb-front/target/Crmeb-front.jar!/BOOT-INF/lib/reactive-streams-1.0.3.jar!/, jar:file:/E:/2zynt/工作项目/CRMEB-JAVA-ET-V1.2(2025.4.25)/et_java/crmeb-front/target/Crmeb-front.jar!/BOOT-INF/lib/jedis-3.1.0.jar!/, jar:file:/E:/2zynt/工作项目/CRMEB-JAVA-ET-V1.2(2025.4.25)/et_java/crmeb-front/target/Crmeb-front.jar!/BOOT-INF/lib/commons-pool2-2.7.0.jar!/, jar:file:/E:/2zynt/工作项目/CRMEB-JAVA-ET-V1.2(2025.4.25)/et_java/crmeb-front/target/Crmeb-front.jar!/BOOT-INF/lib/pagehelper-spring-boot-starter-1.2.5.jar!/, jar:file:/E:/2zynt/工作项目/CRMEB-JAVA-ET-V1.2(2025.4.25)/et_java/crmeb-front/target/Crmeb-front.jar!/BOOT-INF/lib/mybatis-spring-boot-starter-1.3.2.jar!/, jar:file:/E:/2zynt/工作项目/CRMEB-JAVA-ET-V1.2(2025.4.25)/et_java/crmeb-front/target/Crmeb-front.jar!/BOOT-INF/lib/mybatis-spring-boot-autoconfigure-1.3.2.jar!/, jar:file:/E:/2zynt/工作项目/CRMEB-JAVA-ET-V1.2(2025.4.25)/et_java/crmeb-front/target/Crmeb-front.jar!/BOOT-INF/lib/pagehelper-spring-boot-autoconfigure-1.2.5.jar!/, jar:file:/E:/2zynt/工作项目/CRMEB-JAVA-ET-V1.2(2025.4.25)/et_java/crmeb-front/target/Crmeb-front.jar!/BOOT-INF/lib/pagehelper-5.1.4.jar!/, jar:file:/E:/2zynt/工作项目/CRMEB-JAVA-ET-V1.2(2025.4.25)/et_java/crmeb-front/target/Crmeb-front.jar!/BOOT-INF/lib/jsqlparser-1.0.jar!/, jar:file:/E:/2zynt/工作项目/CRMEB-JAVA-ET-V1.2(2025.4.25)/et_java/crmeb-front/target/Crmeb-front.jar!/BOOT-INF/lib/validation-api-1.1.0.Final.jar!/, jar:file:/E:/2zynt/工作项目/CRMEB-JAVA-ET-V1.2(2025.4.25)/et_java/crmeb-front/target/Crmeb-front.jar!/BOOT-INF/lib/spring-data-commons-2.2.6.RELEASE.jar!/, jar:file:/E:/2zynt/工作项目/CRMEB-JAVA-ET-V1.2(2025.4.25)/et_java/crmeb-front/target/Crmeb-front.jar!/BOOT-INF/lib/spring-beans-5.2.5.RELEASE.jar!/, jar:file:/E:/2zynt/工作项目/CRMEB-JAVA-ET-V1.2(2025.4.25)/et_java/crmeb-front/target/Crmeb-front.jar!/BOOT-INF/lib/hutool-all-4.5.7.jar!/, jar:file:/E:/2zynt/工作项目/CRMEB-JAVA-ET-V1.2(2025.4.25)/et_java/crmeb-front/target/Crmeb-front.jar!/BOOT-INF/lib/spring-boot-starter-actuator-2.2.6.RELEASE.jar!/, jar:file:/E:/2zynt/工作项目/CRMEB-JAVA-ET-V1.2(2025.4.25)/et_java/crmeb-front/target/Crmeb-front.jar!/BOOT-INF/lib/spring-boot-actuator-autoconfigure-2.2.6.RELEASE.jar!/, jar:file:/E:/2zynt/工作项目/CRMEB-JAVA-ET-V1.2(2025.4.25)/et_java/crmeb-front/target/Crmeb-front.jar!/BOOT-INF/lib/spring-boot-actuator-2.2.6.RELEASE.jar!/, jar:file:/E:/2zynt/工作项目/CRMEB-JAVA-ET-V1.2(2025.4.25)/et_java/crmeb-front/target/Crmeb-front.jar!/BOOT-INF/lib/micrometer-core-1.3.6.jar!/, jar:file:/E:/2zynt/工作项目/CRMEB-JAVA-ET-V1.2(2025.4.25)/et_java/crmeb-front/target/Crmeb-front.jar!/BOOT-INF/lib/HdrHistogram-2.1.11.jar!/, jar:file:/E:/2zynt/工作项目/CRMEB-JAVA-ET-V1.2(2025.4.25)/et_java/crmeb-front/target/Crmeb-front.jar!/BOOT-INF/lib/LatencyUtils-2.0.3.jar!/, jar:file:/E:/2zynt/工作项目/CRMEB-JAVA-ET-V1.2(2025.4.25)/et_java/crmeb-front/target/Crmeb-front.jar!/BOOT-INF/lib/httpclient-4.5.6.jar!/, jar:file:/E:/2zynt/工作项目/CRMEB-JAVA-ET-V1.2(2025.4.25)/et_java/crmeb-front/target/Crmeb-front.jar!/BOOT-INF/lib/httpcore-4.4.13.jar!/, jar:file:/E:/2zynt/工作项目/CRMEB-JAVA-ET-V1.2(2025.4.25)/et_java/crmeb-front/target/Crmeb-front.jar!/BOOT-INF/lib/commons-logging-1.2.jar!/, jar:file:/E:/2zynt/工作项目/CRMEB-JAVA-ET-V1.2(2025.4.25)/et_java/crmeb-front/target/Crmeb-front.jar!/BOOT-INF/lib/commons-codec-1.13.jar!/, jar:file:/E:/2zynt/工作项目/CRMEB-JAVA-ET-V1.2(2025.4.25)/et_java/crmeb-front/target/Crmeb-front.jar!/BOOT-INF/lib/spring-boot-starter-aop-2.2.6.RELEASE.jar!/, jar:file:/E:/2zynt/工作项目/CRMEB-JAVA-ET-V1.2(2025.4.25)/et_java/crmeb-front/target/Crmeb-front.jar!/BOOT-INF/lib/spring-aop-5.2.5.RELEASE.jar!/, jar:file:/E:/2zynt/工作项目/CRMEB-JAVA-ET-V1.2(2025.4.25)/et_java/crmeb-front/target/Crmeb-front.jar!/BOOT-INF/lib/aspectjweaver-1.9.5.jar!/, jar:file:/E:/2zynt/工作项目/CRMEB-JAVA-ET-V1.2(2025.4.25)/et_java/crmeb-front/target/Crmeb-front.jar!/BOOT-INF/lib/commons-lang3-3.10.jar!/, jar:file:/E:/2zynt/工作项目/CRMEB-JAVA-ET-V1.2(2025.4.25)/et_java/crmeb-front/target/Crmeb-front.jar!/BOOT-INF/lib/poi-3.17.jar!/, jar:file:/E:/2zynt/工作项目/CRMEB-JAVA-ET-V1.2(2025.4.25)/et_java/crmeb-front/target/Crmeb-front.jar!/BOOT-INF/lib/commons-collections4-4.1.jar!/, jar:file:/E:/2zynt/工作项目/CRMEB-JAVA-ET-V1.2(2025.4.25)/et_java/crmeb-front/target/Crmeb-front.jar!/BOOT-INF/lib/poi-ooxml-3.17.jar!/, jar:file:/E:/2zynt/工作项目/CRMEB-JAVA-ET-V1.2(2025.4.25)/et_java/crmeb-front/target/Crmeb-front.jar!/BOOT-INF/lib/poi-ooxml-schemas-3.17.jar!/, jar:file:/E:/2zynt/工作项目/CRMEB-JAVA-ET-V1.2(2025.4.25)/et_java/crmeb-front/target/Crmeb-front.jar!/BOOT-INF/lib/xmlbeans-2.6.0.jar!/, jar:file:/E:/2zynt/工作项目/CRMEB-JAVA-ET-V1.2(2025.4.25)/et_java/crmeb-front/target/Crmeb-front.jar!/BOOT-INF/lib/curvesapi-1.04.jar!/, jar:file:/E:/2zynt/工作项目/CRMEB-JAVA-ET-V1.2(2025.4.25)/et_java/crmeb-front/target/Crmeb-front.jar!/BOOT-INF/lib/commons-fileupload-1.3.3.jar!/, jar:file:/E:/2zynt/工作项目/CRMEB-JAVA-ET-V1.2(2025.4.25)/et_java/crmeb-front/target/Crmeb-front.jar!/BOOT-INF/lib/commons-io-2.4.jar!/, jar:file:/E:/2zynt/工作项目/CRMEB-JAVA-ET-V1.2(2025.4.25)/et_java/crmeb-front/target/Crmeb-front.jar!/BOOT-INF/lib/aliyun-sdk-oss-3.5.0.jar!/, jar:file:/E:/2zynt/工作项目/CRMEB-JAVA-ET-V1.2(2025.4.25)/et_java/crmeb-front/target/Crmeb-front.jar!/BOOT-INF/lib/jdom-1.1.jar!/, jar:file:/E:/2zynt/工作项目/CRMEB-JAVA-ET-V1.2(2025.4.25)/et_java/crmeb-front/target/Crmeb-front.jar!/BOOT-INF/lib/jettison-1.1.jar!/, jar:file:/E:/2zynt/工作项目/CRMEB-JAVA-ET-V1.2(2025.4.25)/et_java/crmeb-front/target/Crmeb-front.jar!/BOOT-INF/lib/stax-api-1.0.1.jar!/, jar:file:/E:/2zynt/工作项目/CRMEB-JAVA-ET-V1.2(2025.4.25)/et_java/crmeb-front/target/Crmeb-front.jar!/BOOT-INF/lib/aliyun-java-sdk-core-3.4.0.jar!/, jar:file:/E:/2zynt/工作项目/CRMEB-JAVA-ET-V1.2(2025.4.25)/et_java/crmeb-front/target/Crmeb-front.jar!/BOOT-INF/lib/aliyun-java-sdk-ram-3.0.0.jar!/, jar:file:/E:/2zynt/工作项目/CRMEB-JAVA-ET-V1.2(2025.4.25)/et_java/crmeb-front/target/Crmeb-front.jar!/BOOT-INF/lib/aliyun-java-sdk-sts-3.0.0.jar!/, jar:file:/E:/2zynt/工作项目/CRMEB-JAVA-ET-V1.2(2025.4.25)/et_java/crmeb-front/target/Crmeb-front.jar!/BOOT-INF/lib/aliyun-java-sdk-ecs-4.2.0.jar!/, jar:file:/E:/2zynt/工作项目/CRMEB-JAVA-ET-V1.2(2025.4.25)/et_java/crmeb-front/target/Crmeb-front.jar!/BOOT-INF/lib/cos_api-5.6.22.jar!/, jar:file:/E:/2zynt/工作项目/CRMEB-JAVA-ET-V1.2(2025.4.25)/et_java/crmeb-front/target/Crmeb-front.jar!/BOOT-INF/lib/joda-time-2.10.5.jar!/, jar:file:/E:/2zynt/工作项目/CRMEB-JAVA-ET-V1.2(2025.4.25)/et_java/crmeb-front/target/Crmeb-front.jar!/BOOT-INF/lib/bcprov-jdk15on-1.64.jar!/, jar:file:/E:/2zynt/工作项目/CRMEB-JAVA-ET-V1.2(2025.4.25)/et_java/crmeb-front/target/Crmeb-front.jar!/BOOT-INF/lib/qiniu-java-sdk-7.2.28.jar!/, jar:file:/E:/2zynt/工作项目/CRMEB-JAVA-ET-V1.2(2025.4.25)/et_java/crmeb-front/target/Crmeb-front.jar!/BOOT-INF/lib/okhttp-3.14.7.jar!/, jar:file:/E:/2zynt/工作项目/CRMEB-JAVA-ET-V1.2(2025.4.25)/et_java/crmeb-front/target/Crmeb-front.jar!/BOOT-INF/lib/okio-1.17.2.jar!/, jar:file:/E:/2zynt/工作项目/CRMEB-JAVA-ET-V1.2(2025.4.25)/et_java/crmeb-front/target/Crmeb-front.jar!/BOOT-INF/lib/gson-2.8.6.jar!/, jar:file:/E:/2zynt/工作项目/CRMEB-JAVA-ET-V1.2(2025.4.25)/et_java/crmeb-front/target/Crmeb-front.jar!/BOOT-INF/lib/dom4j-1.6.1.jar!/, jar:file:/E:/2zynt/工作项目/CRMEB-JAVA-ET-V1.2(2025.4.25)/et_java/crmeb-front/target/Crmeb-front.jar!/BOOT-INF/lib/xml-apis-1.0.b2.jar!/, jar:file:/E:/2zynt/工作项目/CRMEB-JAVA-ET-V1.2(2025.4.25)/et_java/crmeb-front/target/Crmeb-front.jar!/BOOT-INF/lib/xstream-1.4.10.jar!/, jar:file:/E:/2zynt/工作项目/CRMEB-JAVA-ET-V1.2(2025.4.25)/et_java/crmeb-front/target/Crmeb-front.jar!/BOOT-INF/lib/xmlpull-1.1.3.1.jar!/, jar:file:/E:/2zynt/工作项目/CRMEB-JAVA-ET-V1.2(2025.4.25)/et_java/crmeb-front/target/Crmeb-front.jar!/BOOT-INF/lib/xpp3_min-1.1.4c.jar!/, jar:file:/E:/2zynt/工作项目/CRMEB-JAVA-ET-V1.2(2025.4.25)/et_java/crmeb-front/target/Crmeb-front.jar!/BOOT-INF/lib/httpmime-4.5.2.jar!/, jar:file:/E:/2zynt/工作项目/CRMEB-JAVA-ET-V1.2(2025.4.25)/et_java/crmeb-front/target/Crmeb-front.jar!/BOOT-INF/lib/jjwt-0.9.1.jar!/, jar:file:/E:/2zynt/工作项目/CRMEB-JAVA-ET-V1.2(2025.4.25)/et_java/crmeb-front/target/Crmeb-front.jar!/BOOT-INF/lib/jwks-rsa-0.9.0.jar!/, jar:file:/E:/2zynt/工作项目/CRMEB-JAVA-ET-V1.2(2025.4.25)/et_java/crmeb-front/target/Crmeb-front.jar!/BOOT-INF/lib/spring-boot-starter-security-2.2.6.RELEASE.jar!/, jar:file:/E:/2zynt/工作项目/CRMEB-JAVA-ET-V1.2(2025.4.25)/et_java/crmeb-front/target/Crmeb-front.jar!/BOOT-INF/lib/spring-security-config-5.2.2.RELEASE.jar!/, jar:file:/E:/2zynt/工作项目/CRMEB-JAVA-ET-V1.2(2025.4.25)/et_java/crmeb-front/target/Crmeb-front.jar!/BOOT-INF/lib/spring-security-core-5.2.2.RELEASE.jar!/, jar:file:/E:/2zynt/工作项目/CRMEB-JAVA-ET-V1.2(2025.4.25)/et_java/crmeb-front/target/Crmeb-front.jar!/BOOT-INF/lib/spring-security-web-5.2.2.RELEASE.jar!/, jar:file:/E:/2zynt/工作项目/CRMEB-JAVA-ET-V1.2(2025.4.25)/et_java/crmeb-front/target/Crmeb-front.jar!/BOOT-INF/lib/spring-boot-starter-mail-2.2.6.RELEASE.jar!/, jar:file:/E:/2zynt/工作项目/CRMEB-JAVA-ET-V1.2(2025.4.25)/et_java/crmeb-front/target/Crmeb-front.jar!/BOOT-INF/lib/spring-context-support-5.2.5.RELEASE.jar!/, jar:file:/E:/2zynt/工作项目/CRMEB-JAVA-ET-V1.2(2025.4.25)/et_java/crmeb-front/target/Crmeb-front.jar!/BOOT-INF/lib/jakarta.mail-1.6.5.jar!/, jar:file:/E:/2zynt/工作项目/CRMEB-JAVA-ET-V1.2(2025.4.25)/et_java/crmeb-front/target/Crmeb-front.jar!/BOOT-INF/lib/jakarta.activation-1.2.2.jar!/, jar:file:/E:/2zynt/工作项目/CRMEB-JAVA-ET-V1.2(2025.4.25)/et_java/crmeb-front/target/Crmeb-front.jar!/BOOT-INF/lib/checkout-sdk-1.0.4.jar!/, jar:file:/E:/2zynt/工作项目/CRMEB-JAVA-ET-V1.2(2025.4.25)/et_java/crmeb-front/target/Crmeb-front.jar!/BOOT-INF/lib/paypalhttp-1.0.2.jar!/, jar:file:/E:/2zynt/工作项目/CRMEB-JAVA-ET-V1.2(2025.4.25)/et_java/crmeb-front/target/Crmeb-front.jar!/BOOT-INF/lib/dysmsapi20170525-2.0.8.jar!/, jar:file:/E:/2zynt/工作项目/CRMEB-JAVA-ET-V1.2(2025.4.25)/et_java/crmeb-front/target/Crmeb-front.jar!/BOOT-INF/lib/tea-util-0.2.13.jar!/, jar:file:/E:/2zynt/工作项目/CRMEB-JAVA-ET-V1.2(2025.4.25)/et_java/crmeb-front/target/Crmeb-front.jar!/BOOT-INF/lib/endpoint-util-0.0.6.jar!/, jar:file:/E:/2zynt/工作项目/CRMEB-JAVA-ET-V1.2(2025.4.25)/et_java/crmeb-front/target/Crmeb-front.jar!/BOOT-INF/lib/tea-1.1.14.jar!/, jar:file:/E:/2zynt/工作项目/CRMEB-JAVA-ET-V1.2(2025.4.25)/et_java/crmeb-front/target/Crmeb-front.jar!/BOOT-INF/lib/org.jacoco.agent-0.8.4-runtime.jar!/, jar:file:/E:/2zynt/工作项目/CRMEB-JAVA-ET-V1.2(2025.4.25)/et_java/crmeb-front/target/Crmeb-front.jar!/BOOT-INF/lib/tea-openapi-0.1.6.jar!/, jar:file:/E:/2zynt/工作项目/CRMEB-JAVA-ET-V1.2(2025.4.25)/et_java/crmeb-front/target/Crmeb-front.jar!/BOOT-INF/lib/credentials-java-0.2.4.jar!/, jar:file:/E:/2zynt/工作项目/CRMEB-JAVA-ET-V1.2(2025.4.25)/et_java/crmeb-front/target/Crmeb-front.jar!/BOOT-INF/lib/ini4j-0.5.4.jar!/, jar:file:/E:/2zynt/工作项目/CRMEB-JAVA-ET-V1.2(2025.4.25)/et_java/crmeb-front/target/Crmeb-front.jar!/BOOT-INF/lib/jaxb-api-2.3.1.jar!/, jar:file:/E:/2zynt/工作项目/CRMEB-JAVA-ET-V1.2(2025.4.25)/et_java/crmeb-front/target/Crmeb-front.jar!/BOOT-INF/lib/javax.activation-api-1.2.0.jar!/, jar:file:/E:/2zynt/工作项目/CRMEB-JAVA-ET-V1.2(2025.4.25)/et_java/crmeb-front/target/Crmeb-front.jar!/BOOT-INF/lib/jaxb-core-2.3.0.jar!/, jar:file:/E:/2zynt/工作项目/CRMEB-JAVA-ET-V1.2(2025.4.25)/et_java/crmeb-front/target/Crmeb-front.jar!/BOOT-INF/lib/jaxb-impl-2.3.0.jar!/, jar:file:/E:/2zynt/工作项目/CRMEB-JAVA-ET-V1.2(2025.4.25)/et_java/crmeb-front/target/Crmeb-front.jar!/BOOT-INF/lib/openapiutil-0.1.13.jar!/, jar:file:/E:/2zynt/工作项目/CRMEB-JAVA-ET-V1.2(2025.4.25)/et_java/crmeb-front/target/Crmeb-front.jar!/BOOT-INF/lib/sdk-core-java-1.1.7.jar!/, jar:file:/E:/2zynt/工作项目/CRMEB-JAVA-ET-V1.2(2025.4.25)/et_java/crmeb-front/target/Crmeb-front.jar!/BOOT-INF/lib/juniversalchardet-1.0.3.jar!/, jar:file:/E:/2zynt/工作项目/CRMEB-JAVA-ET-V1.2(2025.4.25)/et_java/crmeb-front/target/Crmeb-front.jar!/BOOT-INF/lib/plexus-digest-1.0.jar!/, jar:file:/E:/2zynt/工作项目/CRMEB-JAVA-ET-V1.2(2025.4.25)/et_java/crmeb-front/target/Crmeb-front.jar!/BOOT-INF/lib/plexus-container-default-1.0-alpha-8.jar!/, jar:file:/E:/2zynt/工作项目/CRMEB-JAVA-ET-V1.2(2025.4.25)/et_java/crmeb-front/target/Crmeb-front.jar!/BOOT-INF/lib/plexus-utils-1.0.4.jar!/, jar:file:/E:/2zynt/工作项目/CRMEB-JAVA-ET-V1.2(2025.4.25)/et_java/crmeb-front/target/Crmeb-front.jar!/BOOT-INF/lib/classworlds-1.1-alpha-2.jar!/, jar:file:/E:/2zynt/工作项目/CRMEB-JAVA-ET-V1.2(2025.4.25)/et_java/crmeb-front/target/Crmeb-front.jar!/BOOT-INF/lib/stripe-java-20.124.0.jar!/, jar:file:/E:/2zynt/工作项目/CRMEB-JAVA-ET-V1.2(2025.4.25)/et_java/crmeb-front/target/Crmeb-front.jar!/BOOT-INF/lib/weixin-java-pay-4.5.0.jar!/, jar:file:/E:/2zynt/工作项目/CRMEB-JAVA-ET-V1.2(2025.4.25)/et_java/crmeb-front/target/Crmeb-front.jar!/BOOT-INF/lib/weixin-java-common-4.5.0.jar!/, jar:file:/E:/2zynt/工作项目/CRMEB-JAVA-ET-V1.2(2025.4.25)/et_java/crmeb-front/target/Crmeb-front.jar!/BOOT-INF/lib/jcl-over-slf4j-1.7.30.jar!/, jar:file:/E:/2zynt/工作项目/CRMEB-JAVA-ET-V1.2(2025.4.25)/et_java/crmeb-front/target/Crmeb-front.jar!/BOOT-INF/lib/dom4j-2.1.3.jar!/, jar:file:/E:/2zynt/工作项目/CRMEB-JAVA-ET-V1.2(2025.4.25)/et_java/crmeb-front/target/Crmeb-front.jar!/BOOT-INF/lib/qrcode-utils-1.1.jar!/, jar:file:/E:/2zynt/工作项目/CRMEB-JAVA-ET-V1.2(2025.4.25)/et_java/crmeb-front/target/Crmeb-front.jar!/BOOT-INF/lib/bcpkix-jdk15on-1.68.jar!/, jar:file:/E:/2zynt/工作项目/CRMEB-JAVA-ET-V1.2(2025.4.25)/et_java/crmeb-front/target/Crmeb-front.jar!/BOOT-INF/lib/jodd-http-6.2.1.jar!/, jar:file:/E:/2zynt/工作项目/CRMEB-JAVA-ET-V1.2(2025.4.25)/et_java/crmeb-front/target/Crmeb-front.jar!/BOOT-INF/lib/jodd-util-6.1.0.jar!/, jar:file:/E:/2zynt/工作项目/CRMEB-JAVA-ET-V1.2(2025.4.25)/et_java/crmeb-front/target/Crmeb-front.jar!/BOOT-INF/lib/javase-3.3.3.jar!/, jar:file:/E:/2zynt/工作项目/CRMEB-JAVA-ET-V1.2(2025.4.25)/et_java/crmeb-front/target/Crmeb-front.jar!/BOOT-INF/lib/core-3.3.3.jar!/, jar:file:/E:/2zynt/工作项目/CRMEB-JAVA-ET-V1.2(2025.4.25)/et_java/crmeb-front/target/Crmeb-front.jar!/BOOT-INF/lib/jcommander-1.72.jar!/, jar:file:/E:/2zynt/工作项目/CRMEB-JAVA-ET-V1.2(2025.4.25)/et_java/crmeb-front/target/Crmeb-front.jar!/BOOT-INF/lib/jai-imageio-core-1.4.0.jar!/, jar:file:/E:/2zynt/工作项目/CRMEB-JAVA-ET-V1.2(2025.4.25)/et_java/crmeb-front/target/Crmeb-front.jar!/BOOT-INF/lib/google-api-client-1.30.10.jar!/, jar:file:/E:/2zynt/工作项目/CRMEB-JAVA-ET-V1.2(2025.4.25)/et_java/crmeb-front/target/Crmeb-front.jar!/BOOT-INF/lib/google-oauth-client-1.31.0.jar!/, jar:file:/E:/2zynt/工作项目/CRMEB-JAVA-ET-V1.2(2025.4.25)/et_java/crmeb-front/target/Crmeb-front.jar!/BOOT-INF/lib/google-http-client-1.35.0.jar!/, jar:file:/E:/2zynt/工作项目/CRMEB-JAVA-ET-V1.2(2025.4.25)/et_java/crmeb-front/target/Crmeb-front.jar!/BOOT-INF/lib/opencensus-api-0.24.0.jar!/, jar:file:/E:/2zynt/工作项目/CRMEB-JAVA-ET-V1.2(2025.4.25)/et_java/crmeb-front/target/Crmeb-front.jar!/BOOT-INF/lib/grpc-context-1.22.1.jar!/, jar:file:/E:/2zynt/工作项目/CRMEB-JAVA-ET-V1.2(2025.4.25)/et_java/crmeb-front/target/Crmeb-front.jar!/BOOT-INF/lib/opencensus-contrib-http-util-0.24.0.jar!/, jar:file:/E:/2zynt/工作项目/CRMEB-JAVA-ET-V1.2(2025.4.25)/et_java/crmeb-front/target/Crmeb-front.jar!/BOOT-INF/lib/jsr305-3.0.2.jar!/, jar:file:/E:/2zynt/工作项目/CRMEB-JAVA-ET-V1.2(2025.4.25)/et_java/crmeb-front/target/Crmeb-front.jar!/BOOT-INF/lib/google-http-client-jackson2-1.36.0.jar!/, jar:file:/E:/2zynt/工作项目/CRMEB-JAVA-ET-V1.2(2025.4.25)/et_java/crmeb-front/target/Crmeb-front.jar!/BOOT-INF/lib/jackson-core-2.10.3.jar!/, jar:file:/E:/2zynt/工作项目/CRMEB-JAVA-ET-V1.2(2025.4.25)/et_java/crmeb-front/target/Crmeb-front.jar!/BOOT-INF/lib/guava-29.0-android.jar!/, jar:file:/E:/2zynt/工作项目/CRMEB-JAVA-ET-V1.2(2025.4.25)/et_java/crmeb-front/target/Crmeb-front.jar!/BOOT-INF/lib/failureaccess-1.0.1.jar!/, jar:file:/E:/2zynt/工作项目/CRMEB-JAVA-ET-V1.2(2025.4.25)/et_java/crmeb-front/target/Crmeb-front.jar!/BOOT-INF/lib/listenablefuture-9999.0-empty-to-avoid-conflict-with-guava.jar!/, jar:file:/E:/2zynt/工作项目/CRMEB-JAVA-ET-V1.2(2025.4.25)/et_java/crmeb-front/target/Crmeb-front.jar!/BOOT-INF/lib/checker-compat-qual-2.5.5.jar!/, jar:file:/E:/2zynt/工作项目/CRMEB-JAVA-ET-V1.2(2025.4.25)/et_java/crmeb-front/target/Crmeb-front.jar!/BOOT-INF/lib/error_prone_annotations-2.3.4.jar!/, jar:file:/E:/2zynt/工作项目/CRMEB-JAVA-ET-V1.2(2025.4.25)/et_java/crmeb-front/target/Crmeb-front.jar!/BOOT-INF/lib/j2objc-annotations-1.3.jar!/, jar:file:/E:/2zynt/工作项目/CRMEB-JAVA-ET-V1.2(2025.4.25)/et_java/crmeb-front/target/Crmeb-front.jar!/BOOT-INF/lib/twitter4j-core-4.0.7.jar!/, jar:file:/E:/2zynt/工作项目/CRMEB-JAVA-ET-V1.2(2025.4.25)/et_java/crmeb-front/target/Crmeb-front.jar!/BOOT-INF/lib/spring-boot-jarmode-layertools-2.6.6.jar!/]" }
                    
{
                    "app": "Crmeb",
                    "timestamp":"2025-09-18 17:22:11.591",
                    "level": "DEBUG",
                    "thread": "main",
                    "class": "o.springframework.boot.SpringApplication",
                    "message": "Loading source class com.zbkj.front.CrmebFrontApplication" }
                    
{
                    "app": "Crmeb",
                    "timestamp":"2025-09-18 17:22:11.632",
                    "level": "DEBUG",
                    "thread": "main",
                    "class": "o.s.b.c.c.ConfigFileApplicationListener",
                    "message": "Loaded config file 'jar:file:/E:/2zynt/%E5%B7%A5%E4%BD%9C%E9%A1%B9%E7%9B%AE/CRMEB-JAVA-ET-V1.2(2025.4.25)/et_java/crmeb-front/target/Crmeb-front.jar!/BOOT-INF/classes!/application.yml' (classpath:/application.yml)" }
                    
{
                    "app": "Crmeb",
                    "timestamp":"2025-09-18 17:22:11.633",
                    "level": "DEBUG",
                    "thread": "main",
                    "class": "o.s.b.w.s.c.AnnotationConfigServletWebServerApplicationContext",
                    "message": "Refreshing org.springframework.boot.web.servlet.context.AnnotationConfigServletWebServerApplicationContext@28feb3fa" }
                    
{
                    "app": "Crmeb",
                    "timestamp":"2025-09-18 17:22:13.748",
                    "level": "DEBUG",
                    "thread": "main",
                    "class": "o.s.b.w.e.t.TomcatServletWebServerFactory",
                    "message": "Code archive: E:\2zynt\工作项目\CRMEB-JAVA-ET-V1.2(2025.4.25)\et_java\crmeb-front\target\Crmeb-front.jar" }
                    
{
                    "app": "Crmeb",
                    "timestamp":"2025-09-18 17:22:13.748",
                    "level": "DEBUG",
                    "thread": "main",
                    "class": "o.s.b.w.e.t.TomcatServletWebServerFactory",
                    "message": "Code archive: E:\2zynt\工作项目\CRMEB-JAVA-ET-V1.2(2025.4.25)\et_java\crmeb-front\target\Crmeb-front.jar" }
                    
{
                    "app": "Crmeb",
                    "timestamp":"2025-09-18 17:22:13.749",
                    "level": "DEBUG",
                    "thread": "main",
                    "class": "o.s.b.w.e.t.TomcatServletWebServerFactory",
                    "message": "None of the document roots [src/main/webapp, public, static] point to a directory and will be ignored." }
                    
{
                    "app": "Crmeb",
                    "timestamp":"2025-09-18 17:22:14.224",
                    "level": "DEBUG",
                    "thread": "main",
                    "class": "o.s.web.context.ContextLoader",
                    "message": "Published root WebApplicationContext as ServletContext attribute with name [org.springframework.web.context.WebApplicationContext.ROOT]" }
                    
{
                    "app": "Crmeb",
                    "timestamp":"2025-09-18 17:22:14.676",
                    "level": "DEBUG",
                    "thread": "main",
                    "class": "o.s.b.w.s.ServletContextInitializerBeans",
                    "message": "Mapping filters: filterRegistrationBean urls=[/*] order=-2147483647, springSecurityFilterChain urls=[/*] order=-100, filterRegistrationBean urls=[/*] order=2147483647, filterRegistrationBean urls=[/*] order=2147483647, characterEncodingFilter urls=[/*] order=-2147483648, formContentFilter urls=[/*] order=-9900, requestContextFilter urls=[/*] order=-105, corsFilter urls=[/*] order=2147483647" }
                    
{
                    "app": "Crmeb",
                    "timestamp":"2025-09-18 17:22:14.677",
                    "level": "DEBUG",
                    "thread": "main",
                    "class": "o.s.b.w.s.ServletContextInitializerBeans",
                    "message": "Mapping servlets: statViewServlet urls=[/druid/*], dispatcherServlet urls=[/]" }
                    
{
                    "app": "Crmeb",
                    "timestamp":"2025-09-18 17:22:14.731",
                    "level": "DEBUG",
                    "thread": "main",
                    "class": "o.s.b.a.m.w.servlet.WebMvcMetricsFilter",
                    "message": "Filter 'webMvcMetricsFilter' configured for use" }
                    
{
                    "app": "Crmeb",
                    "timestamp":"2025-09-18 17:22:14.733",
                    "level": "DEBUG",
                    "thread": "main",
                    "class": "o.s.b.w.s.f.OrderedRequestContextFilter",
                    "message": "Filter 'requestContextFilter' configured for use" }
                    
{
                    "app": "Crmeb",
                    "timestamp":"2025-09-18 17:22:14.734",
                    "level": "DEBUG",
                    "thread": "main",
                    "class": "o.springframework.web.filter.CorsFilter",
                    "message": "Filter 'corsFilter' configured for use" }
                    
{
                    "app": "Crmeb",
                    "timestamp":"2025-09-18 17:22:14.735",
                    "level": "DEBUG",
                    "thread": "main",
                    "class": "o.s.b.w.s.f.OrderedCharacterEncodingFilter",
                    "message": "Filter 'characterEncodingFilter' configured for use" }
                    
{
                    "app": "Crmeb",
                    "timestamp":"2025-09-18 17:22:14.736",
                    "level": "DEBUG",
                    "thread": "main",
                    "class": "o.s.b.w.s.DelegatingFilterProxyRegistrationBean$1",
                    "message": "Filter 'springSecurityFilterChain' configured for use" }
                    
{
                    "app": "Crmeb",
                    "timestamp":"2025-09-18 17:22:14.736",
                    "level": "DEBUG",
                    "thread": "main",
                    "class": "o.s.b.w.s.f.OrderedFormContentFilter",
                    "message": "Filter 'formContentFilter' configured for use" }
                    
{
                    "app": "Crmeb",
                    "timestamp":"2025-09-18 17:22:19.786",
                    "level": "DEBUG",
                    "thread": "main",
                    "class": "o.s.w.s.m.m.a.RequestMappingHandlerMapping",
                    "message": "151 mappings in 'requestMappingHandlerMapping'" }
                    
{
                    "app": "Crmeb",
                    "timestamp":"2025-09-18 17:22:20.147",
                    "level": "DEBUG",
                    "thread": "main",
                    "class": "o.s.w.s.m.m.a.RequestMappingHandlerAdapter",
                    "message": "ControllerAdvice beans: 0 @ModelAttribute, 0 @InitBinder, 1 RequestBodyAdvice, 1 ResponseBodyAdvice" }
                    
{
                    "app": "Crmeb",
                    "timestamp":"2025-09-18 17:22:20.237",
                    "level": "DEBUG",
                    "thread": "main",
                    "class": "o.s.w.s.handler.SimpleUrlHandlerMapping",
                    "message": "Patterns [/webjars/**, /**, /doc.html] in 'resourceHandlerMapping'" }
                    
{
                    "app": "Crmeb",
                    "timestamp":"2025-09-18 17:22:20.260",
                    "level": "DEBUG",
                    "thread": "main",
                    "class": "o.s.w.s.m.m.a.ExceptionHandlerExceptionResolver",
                    "message": "ControllerAdvice beans: 1 @ExceptionHandler, 1 ResponseBodyAdvice" }
                    
{
                    "app": "Crmeb",
                    "timestamp":"2025-09-18 17:23:40.986",
                    "level": "DEBUG",
                    "thread": "http-nio-8081-exec-1",
                    "class": "o.s.web.servlet.DispatcherServlet",
                    "message": "Detected StandardServletMultipartResolver" }
                    
{
                    "app": "Crmeb",
                    "timestamp":"2025-09-18 17:23:40.986",
                    "level": "DEBUG",
                    "thread": "http-nio-8081-exec-1",
                    "class": "o.s.web.servlet.DispatcherServlet",
                    "message": "Detected I18nLocaleResolver" }
                    
{
                    "app": "Crmeb",
                    "timestamp":"2025-09-18 17:23:40.993",
                    "level": "DEBUG",
                    "thread": "http-nio-8081-exec-1",
                    "class": "o.s.web.servlet.DispatcherServlet",
                    "message": "enableLoggingRequestDetails='false': request parameters and headers will be masked to prevent unsafe logging of potentially sensitive data" }
                    
{
                    "app": "Crmeb",
                    "timestamp":"2025-09-18 17:23:41.011",
                    "level": "DEBUG",
                    "thread": "http-nio-8081-exec-1",
                    "class": "o.s.web.servlet.DispatcherServlet",
                    "message": "GET "/api/front/index", parameters={}" }
                    
{
                    "app": "Crmeb",
                    "timestamp":"2025-09-18 17:23:41.016",
                    "level": "DEBUG",
                    "thread": "http-nio-8081-exec-1",
                    "class": "o.s.w.s.m.m.a.RequestMappingHandlerMapping",
                    "message": "Mapped to com.zbkj.front.controller.IndexController#getIndexInfo()" }
                    
{
                    "app": "Crmeb",
                    "timestamp":"2025-09-18 17:25:27.474",
                    "level": "DEBUG",
                    "thread": "http-nio-8081-exec-8",
                    "class": "o.s.web.servlet.DispatcherServlet",
                    "message": "GET "/api/front/merchant/street", parameters={}" }
                    
{
                    "app": "Crmeb",
                    "timestamp":"2025-09-18 17:25:27.474",
                    "level": "DEBUG",
                    "thread": "http-nio-8081-exec-11",
                    "class": "o.s.web.servlet.DispatcherServlet",
                    "message": "GET "/api/pc/home/index", parameters={}" }
                    
{
                    "app": "Crmeb",
                    "timestamp":"2025-09-18 17:25:27.474",
                    "level": "DEBUG",
                    "thread": "http-nio-8081-exec-18",
                    "class": "o.s.web.servlet.DispatcherServlet",
                    "message": "GET "/api/front/activity/index/list", parameters={}" }
                    
{
                    "app": "Crmeb",
                    "timestamp":"2025-09-18 17:25:27.474",
                    "level": "DEBUG",
                    "thread": "http-nio-8081-exec-20",
                    "class": "o.s.web.servlet.DispatcherServlet",
                    "message": "GET "/api/front/product/leaderboard", parameters={}" }
                    
{
                    "app": "Crmeb",
                    "timestamp":"2025-09-18 17:25:27.474",
                    "level": "DEBUG",
                    "thread": "http-nio-8081-exec-9",
                    "class": "o.s.web.servlet.DispatcherServlet",
                    "message": "GET "/api/front/index/product?page=1&limit=13", parameters={masked}" }
                    
{
                    "app": "Crmeb",
                    "timestamp":"2025-09-18 17:25:27.476",
                    "level": "DEBUG",
                    "thread": "http-nio-8081-exec-8",
                    "class": "o.s.w.s.m.m.a.RequestMappingHandlerMapping",
                    "message": "Mapped to com.zbkj.front.controller.MerchantController#getStreet(PageParamRequest)" }
                    
{
                    "app": "Crmeb",
                    "timestamp":"2025-09-18 17:25:27.477",
                    "level": "DEBUG",
                    "thread": "http-nio-8081-exec-11",
                    "class": "o.s.w.s.m.m.a.RequestMappingHandlerMapping",
                    "message": "Mapped to com.zbkj.front.pc.controller.PcIndexController#getIndexInfo()" }
                    
{
                    "app": "Crmeb",
                    "timestamp":"2025-09-18 17:25:27.477",
                    "level": "DEBUG",
                    "thread": "http-nio-8081-exec-18",
                    "class": "o.s.w.s.m.m.a.RequestMappingHandlerMapping",
                    "message": "Mapped to com.zbkj.front.controller.ActivityController#getIndexList()" }
                    
{
                    "app": "Crmeb",
                    "timestamp":"2025-09-18 17:25:27.478",
                    "level": "DEBUG",
                    "thread": "http-nio-8081-exec-9",
                    "class": "o.s.w.s.m.m.a.RequestMappingHandlerMapping",
                    "message": "Mapped to com.zbkj.front.controller.IndexController#getProductList(PageParamRequest)" }
                    
{
                    "app": "Crmeb",
                    "timestamp":"2025-09-18 17:25:27.478",
                    "level": "DEBUG",
                    "thread": "http-nio-8081-exec-20",
                    "class": "o.s.w.s.m.m.a.RequestMappingHandlerMapping",
                    "message": "Mapped to com.zbkj.front.controller.ProductController#getLeaderboard()" }
                    
{
                    "app": "Crmeb",
                    "timestamp":"2025-09-18 17:25:29.072",
                    "level": "DEBUG",
                    "thread": "http-nio-8081-exec-12",
                    "class": "o.s.web.servlet.DispatcherServlet",
                    "message": "GET "/api/pc/home/index", parameters={}" }
                    
{
                    "app": "Crmeb",
                    "timestamp":"2025-09-18 17:25:29.073",
                    "level": "DEBUG",
                    "thread": "http-nio-8081-exec-12",
                    "class": "o.s.w.s.m.m.a.RequestMappingHandlerMapping",
                    "message": "Mapped to com.zbkj.front.pc.controller.PcIndexController#getIndexInfo()" }
                    
{
                    "app": "Crmeb",
                    "timestamp":"2025-09-18 17:25:29.077",
                    "level": "DEBUG",
                    "thread": "http-nio-8081-exec-22",
                    "class": "o.s.web.servlet.DispatcherServlet",
                    "message": "GET "/api/front/product/leaderboard", parameters={}" }
                    
{
                    "app": "Crmeb",
                    "timestamp":"2025-09-18 17:25:29.077",
                    "level": "DEBUG",
                    "thread": "http-nio-8081-exec-21",
                    "class": "o.s.web.servlet.DispatcherServlet",
                    "message": "GET "/api/front/activity/index/list", parameters={}" }
                    
{
                    "app": "Crmeb",
                    "timestamp":"2025-09-18 17:25:29.077",
                    "level": "DEBUG",
                    "thread": "http-nio-8081-exec-7",
                    "class": "o.s.web.servlet.DispatcherServlet",
                    "message": "GET "/api/front/merchant/street", parameters={}" }
                    
{
                    "app": "Crmeb",
                    "timestamp":"2025-09-18 17:25:29.078",
                    "level": "DEBUG",
                    "thread": "http-nio-8081-exec-23",
                    "class": "o.s.web.servlet.DispatcherServlet",
                    "message": "GET "/api/front/index/product?page=1&limit=13", parameters={masked}" }
                    
{
                    "app": "Crmeb",
                    "timestamp":"2025-09-18 17:25:29.079",
                    "level": "DEBUG",
                    "thread": "http-nio-8081-exec-22",
                    "class": "o.s.w.s.m.m.a.RequestMappingHandlerMapping",
                    "message": "Mapped to com.zbkj.front.controller.ProductController#getLeaderboard()" }
                    
{
                    "app": "Crmeb",
                    "timestamp":"2025-09-18 17:25:29.079",
                    "level": "DEBUG",
                    "thread": "http-nio-8081-exec-21",
                    "class": "o.s.w.s.m.m.a.RequestMappingHandlerMapping",
                    "message": "Mapped to com.zbkj.front.controller.ActivityController#getIndexList()" }
                    
{
                    "app": "Crmeb",
                    "timestamp":"2025-09-18 17:25:29.080",
                    "level": "DEBUG",
                    "thread": "http-nio-8081-exec-7",
                    "class": "o.s.w.s.m.m.a.RequestMappingHandlerMapping",
                    "message": "Mapped to com.zbkj.front.controller.MerchantController#getStreet(PageParamRequest)" }
                    
{
                    "app": "Crmeb",
                    "timestamp":"2025-09-18 17:25:29.080",
                    "level": "DEBUG",
                    "thread": "http-nio-8081-exec-23",
                    "class": "o.s.w.s.m.m.a.RequestMappingHandlerMapping",
                    "message": "Mapped to com.zbkj.front.controller.IndexController#getProductList(PageParamRequest)" }
                    
{
                    "app": "Crmeb",
                    "timestamp":"2025-09-18 17:25:47.487",
                    "level": "DEBUG",
                    "thread": "http-nio-8081-exec-24",
                    "class": "o.s.web.servlet.DispatcherServlet",
                    "message": "GET "/api/front/activity/index/list", parameters={}" }
                    
{
                    "app": "Crmeb",
                    "timestamp":"2025-09-18 17:25:47.487",
                    "level": "DEBUG",
                    "thread": "http-nio-8081-exec-24",
                    "class": "o.s.w.s.m.m.a.RequestMappingHandlerMapping",
                    "message": "Mapped to com.zbkj.front.controller.ActivityController#getIndexList()" }
                    
{
                    "app": "Crmeb",
                    "timestamp":"2025-09-18 17:25:49.085",
                    "level": "DEBUG",
                    "thread": "http-nio-8081-exec-16",
                    "class": "o.s.web.servlet.DispatcherServlet",
                    "message": "GET "/api/front/activity/index/list", parameters={}" }
                    
{
                    "app": "Crmeb",
                    "timestamp":"2025-09-18 17:25:49.086",
                    "level": "DEBUG",
                    "thread": "http-nio-8081-exec-16",
                    "class": "o.s.w.s.m.m.a.RequestMappingHandlerMapping",
                    "message": "Mapped to com.zbkj.front.controller.ActivityController#getIndexList()" }
                    
{
                    "app": "Crmeb",
                    "timestamp":"2025-09-18 17:29:42.757",
                    "level": "DEBUG",
                    "thread": "http-nio-8081-exec-6",
                    "class": "o.s.web.servlet.DispatcherServlet",
                    "message": "GET "/api/front/product/leaderboard", parameters={}" }
                    
{
                    "app": "Crmeb",
                    "timestamp":"2025-09-18 17:29:42.757",
                    "level": "DEBUG",
                    "thread": "http-nio-8081-exec-3",
                    "class": "o.s.web.servlet.DispatcherServlet",
                    "message": "GET "/api/front/merchant/street", parameters={}" }
                    
{
                    "app": "Crmeb",
                    "timestamp":"2025-09-18 17:29:42.757",
                    "level": "DEBUG",
                    "thread": "http-nio-8081-exec-2",
                    "class": "o.s.web.servlet.DispatcherServlet",
                    "message": "GET "/api/front/activity/index/list", parameters={}" }
                    
{
                    "app": "Crmeb",
                    "timestamp":"2025-09-18 17:29:42.757",
                    "level": "DEBUG",
                    "thread": "http-nio-8081-exec-4",
                    "class": "o.s.web.servlet.DispatcherServlet",
                    "message": "GET "/api/pc/home/index", parameters={}" }
                    
{
                    "app": "Crmeb",
                    "timestamp":"2025-09-18 17:29:42.757",
                    "level": "DEBUG",
                    "thread": "http-nio-8081-exec-13",
                    "class": "o.s.web.servlet.DispatcherServlet",
                    "message": "GET "/api/front/index/product?page=1&limit=13", parameters={masked}" }
                    
{
                    "app": "Crmeb",
                    "timestamp":"2025-09-18 17:29:42.758",
                    "level": "DEBUG",
                    "thread": "http-nio-8081-exec-6",
                    "class": "o.s.w.s.m.m.a.RequestMappingHandlerMapping",
                    "message": "Mapped to com.zbkj.front.controller.ProductController#getLeaderboard()" }
                    
{
                    "app": "Crmeb",
                    "timestamp":"2025-09-18 17:29:42.758",
                    "level": "DEBUG",
                    "thread": "http-nio-8081-exec-3",
                    "class": "o.s.w.s.m.m.a.RequestMappingHandlerMapping",
                    "message": "Mapped to com.zbkj.front.controller.MerchantController#getStreet(PageParamRequest)" }
                    
{
                    "app": "Crmeb",
                    "timestamp":"2025-09-18 17:29:42.758",
                    "level": "DEBUG",
                    "thread": "http-nio-8081-exec-4",
                    "class": "o.s.w.s.m.m.a.RequestMappingHandlerMapping",
                    "message": "Mapped to com.zbkj.front.pc.controller.PcIndexController#getIndexInfo()" }
                    
{
                    "app": "Crmeb",
                    "timestamp":"2025-09-18 17:29:42.758",
                    "level": "DEBUG",
                    "thread": "http-nio-8081-exec-13",
                    "class": "o.s.w.s.m.m.a.RequestMappingHandlerMapping",
                    "message": "Mapped to com.zbkj.front.controller.IndexController#getProductList(PageParamRequest)" }
                    
{
                    "app": "Crmeb",
                    "timestamp":"2025-09-18 17:29:42.758",
                    "level": "DEBUG",
                    "thread": "http-nio-8081-exec-2",
                    "class": "o.s.w.s.m.m.a.RequestMappingHandlerMapping",
                    "message": "Mapped to com.zbkj.front.controller.ActivityController#getIndexList()" }
                    
{
                    "app": "Crmeb",
                    "timestamp":"2025-09-18 17:30:02.767",
                    "level": "DEBUG",
                    "thread": "http-nio-8081-exec-26",
                    "class": "o.s.web.servlet.DispatcherServlet",
                    "message": "GET "/api/front/activity/index/list", parameters={}" }
                    
{
                    "app": "Crmeb",
                    "timestamp":"2025-09-18 17:30:02.768",
                    "level": "DEBUG",
                    "thread": "http-nio-8081-exec-26",
                    "class": "o.s.w.s.m.m.a.RequestMappingHandlerMapping",
                    "message": "Mapped to com.zbkj.front.controller.ActivityController#getIndexList()" }
                    
{
                    "app": "Crmeb",
                    "timestamp":"2025-09-18 17:31:33.578",
                    "level": "DEBUG",
                    "thread": "http-nio-8081-exec-30",
                    "class": "o.s.web.servlet.DispatcherServlet",
                    "message": "GET "/api/pc/home/index", parameters={}" }
                    
{
                    "app": "Crmeb",
                    "timestamp":"2025-09-18 17:31:33.578",
                    "level": "DEBUG",
                    "thread": "http-nio-8081-exec-28",
                    "class": "o.s.web.servlet.DispatcherServlet",
                    "message": "GET "/api/front/merchant/street", parameters={}" }
                    
{
                    "app": "Crmeb",
                    "timestamp":"2025-09-18 17:31:33.578",
                    "level": "DEBUG",
                    "thread": "http-nio-8081-exec-5",
                    "class": "o.s.web.servlet.DispatcherServlet",
                    "message": "GET "/api/front/index/product?page=1&limit=13", parameters={masked}" }
                    
{
                    "app": "Crmeb",
                    "timestamp":"2025-09-18 17:31:33.578",
                    "level": "DEBUG",
                    "thread": "http-nio-8081-exec-27",
                    "class": "o.s.web.servlet.DispatcherServlet",
                    "message": "GET "/api/front/activity/index/list", parameters={}" }
                    
{
                    "app": "Crmeb",
                    "timestamp":"2025-09-18 17:31:33.579",
                    "level": "DEBUG",
                    "thread": "http-nio-8081-exec-17",
                    "class": "o.s.web.servlet.DispatcherServlet",
                    "message": "GET "/api/front/product/leaderboard", parameters={}" }
                    
{
                    "app": "Crmeb",
                    "timestamp":"2025-09-18 17:31:33.580",
                    "level": "DEBUG",
                    "thread": "http-nio-8081-exec-30",
                    "class": "o.s.w.s.m.m.a.RequestMappingHandlerMapping",
                    "message": "Mapped to com.zbkj.front.pc.controller.PcIndexController#getIndexInfo()" }
                    
{
                    "app": "Crmeb",
                    "timestamp":"2025-09-18 17:31:33.580",
                    "level": "DEBUG",
                    "thread": "http-nio-8081-exec-28",
                    "class": "o.s.w.s.m.m.a.RequestMappingHandlerMapping",
                    "message": "Mapped to com.zbkj.front.controller.MerchantController#getStreet(PageParamRequest)" }
                    
{
                    "app": "Crmeb",
                    "timestamp":"2025-09-18 17:31:33.580",
                    "level": "DEBUG",
                    "thread": "http-nio-8081-exec-27",
                    "class": "o.s.w.s.m.m.a.RequestMappingHandlerMapping",
                    "message": "Mapped to com.zbkj.front.controller.ActivityController#getIndexList()" }
                    
{
                    "app": "Crmeb",
                    "timestamp":"2025-09-18 17:31:33.580",
                    "level": "DEBUG",
                    "thread": "http-nio-8081-exec-5",
                    "class": "o.s.w.s.m.m.a.RequestMappingHandlerMapping",
                    "message": "Mapped to com.zbkj.front.controller.IndexController#getProductList(PageParamRequest)" }
                    
{
                    "app": "Crmeb",
                    "timestamp":"2025-09-18 17:31:33.580",
                    "level": "DEBUG",
                    "thread": "http-nio-8081-exec-17",
                    "class": "o.s.w.s.m.m.a.RequestMappingHandlerMapping",
                    "message": "Mapped to com.zbkj.front.controller.ProductController#getLeaderboard()" }
                    
{
                    "app": "Crmeb",
                    "timestamp":"2025-09-18 17:31:53.579",
                    "level": "DEBUG",
                    "thread": "http-nio-8081-exec-14",
                    "class": "o.s.web.servlet.DispatcherServlet",
                    "message": "GET "/api/front/activity/index/list", parameters={}" }
                    
{
                    "app": "Crmeb",
                    "timestamp":"2025-09-18 17:31:53.580",
                    "level": "DEBUG",
                    "thread": "http-nio-8081-exec-14",
                    "class": "o.s.w.s.m.m.a.RequestMappingHandlerMapping",
                    "message": "Mapped to com.zbkj.front.controller.ActivityController#getIndexList()" }
                    
{
                    "app": "Crmeb",
                    "timestamp":"2025-09-18 17:35:29.651",
                    "level": "DEBUG",
                    "thread": "main",
                    "class": "o.s.b.c.l.ClasspathLoggingApplicationListener",
                    "message": "Application started with classpath: [jar:file:/E:/2zynt/工作项目/CRMEB-JAVA-ET-V1.2(2025.4.25)/et_java/crmeb-front/target/Crmeb-front.jar!/BOOT-INF/classes!/, jar:file:/E:/2zynt/工作项目/CRMEB-JAVA-ET-V1.2(2025.4.25)/et_java/crmeb-front/target/Crmeb-front.jar!/BOOT-INF/lib/crmeb-service-0.0.1-SNAPSHOT.jar!/, jar:file:/E:/2zynt/工作项目/CRMEB-JAVA-ET-V1.2(2025.4.25)/et_java/crmeb-front/target/Crmeb-front.jar!/BOOT-INF/lib/crmeb-common-0.0.1-SNAPSHOT.jar!/, jar:file:/E:/2zynt/工作项目/CRMEB-JAVA-ET-V1.2(2025.4.25)/et_java/crmeb-front/target/Crmeb-front.jar!/BOOT-INF/lib/javax.servlet-api-4.0.1.jar!/, jar:file:/E:/2zynt/工作项目/CRMEB-JAVA-ET-V1.2(2025.4.25)/et_java/crmeb-front/target/Crmeb-front.jar!/BOOT-INF/lib/jstl-1.2.jar!/, jar:file:/E:/2zynt/工作项目/CRMEB-JAVA-ET-V1.2(2025.4.25)/et_java/crmeb-front/target/Crmeb-front.jar!/BOOT-INF/lib/tomcat-embed-jasper-9.0.33.jar!/, jar:file:/E:/2zynt/工作项目/CRMEB-JAVA-ET-V1.2(2025.4.25)/et_java/crmeb-front/target/Crmeb-front.jar!/BOOT-INF/lib/tomcat-embed-core-9.0.33.jar!/, jar:file:/E:/2zynt/工作项目/CRMEB-JAVA-ET-V1.2(2025.4.25)/et_java/crmeb-front/target/Crmeb-front.jar!/BOOT-INF/lib/tomcat-annotations-api-9.0.33.jar!/, jar:file:/E:/2zynt/工作项目/CRMEB-JAVA-ET-V1.2(2025.4.25)/et_java/crmeb-front/target/Crmeb-front.jar!/BOOT-INF/lib/tomcat-embed-el-9.0.33.jar!/, jar:file:/E:/2zynt/工作项目/CRMEB-JAVA-ET-V1.2(2025.4.25)/et_java/crmeb-front/target/Crmeb-front.jar!/BOOT-INF/lib/ecj-3.18.0.jar!/, jar:file:/E:/2zynt/工作项目/CRMEB-JAVA-ET-V1.2(2025.4.25)/et_java/crmeb-front/target/Crmeb-front.jar!/BOOT-INF/lib/tomcat-jsp-api-9.0.33.jar!/, jar:file:/E:/2zynt/工作项目/CRMEB-JAVA-ET-V1.2(2025.4.25)/et_java/crmeb-front/target/Crmeb-front.jar!/BOOT-INF/lib/tomcat-el-api-9.0.33.jar!/, jar:file:/E:/2zynt/工作项目/CRMEB-JAVA-ET-V1.2(2025.4.25)/et_java/crmeb-front/target/Crmeb-front.jar!/BOOT-INF/lib/tomcat-servlet-api-9.0.33.jar!/, jar:file:/E:/2zynt/工作项目/CRMEB-JAVA-ET-V1.2(2025.4.25)/et_java/crmeb-front/target/Crmeb-front.jar!/BOOT-INF/lib/fastjson-2.0.38.jar!/, jar:file:/E:/2zynt/工作项目/CRMEB-JAVA-ET-V1.2(2025.4.25)/et_java/crmeb-front/target/Crmeb-front.jar!/BOOT-INF/lib/fastjson2-extension-2.0.38.jar!/, jar:file:/E:/2zynt/工作项目/CRMEB-JAVA-ET-V1.2(2025.4.25)/et_java/crmeb-front/target/Crmeb-front.jar!/BOOT-INF/lib/fastjson2-2.0.38.jar!/, jar:file:/E:/2zynt/工作项目/CRMEB-JAVA-ET-V1.2(2025.4.25)/et_java/crmeb-front/target/Crmeb-front.jar!/BOOT-INF/lib/druid-1.1.20.jar!/, jar:file:/E:/2zynt/工作项目/CRMEB-JAVA-ET-V1.2(2025.4.25)/et_java/crmeb-front/target/Crmeb-front.jar!/BOOT-INF/lib/mysql-connector-java-5.1.24.jar!/, jar:file:/E:/2zynt/工作项目/CRMEB-JAVA-ET-V1.2(2025.4.25)/et_java/crmeb-front/target/Crmeb-front.jar!/BOOT-INF/lib/lombok-1.18.12.jar!/, jar:file:/E:/2zynt/工作项目/CRMEB-JAVA-ET-V1.2(2025.4.25)/et_java/crmeb-front/target/Crmeb-front.jar!/BOOT-INF/lib/mybatis-plus-boot-starter-3.3.1.jar!/, jar:file:/E:/2zynt/工作项目/CRMEB-JAVA-ET-V1.2(2025.4.25)/et_java/crmeb-front/target/Crmeb-front.jar!/BOOT-INF/lib/spring-boot-starter-jdbc-2.2.6.RELEASE.jar!/, jar:file:/E:/2zynt/工作项目/CRMEB-JAVA-ET-V1.2(2025.4.25)/et_java/crmeb-front/target/Crmeb-front.jar!/BOOT-INF/lib/HikariCP-3.4.2.jar!/, jar:file:/E:/2zynt/工作项目/CRMEB-JAVA-ET-V1.2(2025.4.25)/et_java/crmeb-front/target/Crmeb-front.jar!/BOOT-INF/lib/spring-jdbc-5.2.5.RELEASE.jar!/, jar:file:/E:/2zynt/工作项目/CRMEB-JAVA-ET-V1.2(2025.4.25)/et_java/crmeb-front/target/Crmeb-front.jar!/BOOT-INF/lib/spring-boot-test-2.2.6.RELEASE.jar!/, jar:file:/E:/2zynt/工作项目/CRMEB-JAVA-ET-V1.2(2025.4.25)/et_java/crmeb-front/target/Crmeb-front.jar!/BOOT-INF/lib/spring-boot-2.2.6.RELEASE.jar!/, jar:file:/E:/2zynt/工作项目/CRMEB-JAVA-ET-V1.2(2025.4.25)/et_java/crmeb-front/target/Crmeb-front.jar!/BOOT-INF/lib/spring-context-5.2.5.RELEASE.jar!/, jar:file:/E:/2zynt/工作项目/CRMEB-JAVA-ET-V1.2(2025.4.25)/et_java/crmeb-front/target/Crmeb-front.jar!/BOOT-INF/lib/spring-test-5.2.5.RELEASE.jar!/, jar:file:/E:/2zynt/工作项目/CRMEB-JAVA-ET-V1.2(2025.4.25)/et_java/crmeb-front/target/Crmeb-front.jar!/BOOT-INF/lib/spring-core-5.2.5.RELEASE.jar!/, jar:file:/E:/2zynt/工作项目/CRMEB-JAVA-ET-V1.2(2025.4.25)/et_java/crmeb-front/target/Crmeb-front.jar!/BOOT-INF/lib/spring-jcl-5.2.5.RELEASE.jar!/, jar:file:/E:/2zynt/工作项目/CRMEB-JAVA-ET-V1.2(2025.4.25)/et_java/crmeb-front/target/Crmeb-front.jar!/BOOT-INF/lib/mybatis-plus-3.3.1.jar!/, jar:file:/E:/2zynt/工作项目/CRMEB-JAVA-ET-V1.2(2025.4.25)/et_java/crmeb-front/target/Crmeb-front.jar!/BOOT-INF/lib/mybatis-plus-extension-3.3.1.jar!/, jar:file:/E:/2zynt/工作项目/CRMEB-JAVA-ET-V1.2(2025.4.25)/et_java/crmeb-front/target/Crmeb-front.jar!/BOOT-INF/lib/mybatis-plus-core-3.3.1.jar!/, jar:file:/E:/2zynt/工作项目/CRMEB-JAVA-ET-V1.2(2025.4.25)/et_java/crmeb-front/target/Crmeb-front.jar!/BOOT-INF/lib/mybatis-plus-annotation-3.3.1.jar!/, jar:file:/E:/2zynt/工作项目/CRMEB-JAVA-ET-V1.2(2025.4.25)/et_java/crmeb-front/target/Crmeb-front.jar!/BOOT-INF/lib/mybatis-3.5.3.jar!/, jar:file:/E:/2zynt/工作项目/CRMEB-JAVA-ET-V1.2(2025.4.25)/et_java/crmeb-front/target/Crmeb-front.jar!/BOOT-INF/lib/mybatis-spring-2.0.3.jar!/, jar:file:/E:/2zynt/工作项目/CRMEB-JAVA-ET-V1.2(2025.4.25)/et_java/crmeb-front/target/Crmeb-front.jar!/BOOT-INF/lib/mybatis-plus-generator-3.3.1.jar!/, jar:file:/E:/2zynt/工作项目/CRMEB-JAVA-ET-V1.2(2025.4.25)/et_java/crmeb-front/target/Crmeb-front.jar!/BOOT-INF/lib/swagger-annotations-1.5.21.jar!/, jar:file:/E:/2zynt/工作项目/CRMEB-JAVA-ET-V1.2(2025.4.25)/et_java/crmeb-front/target/Crmeb-front.jar!/BOOT-INF/lib/springfox-swagger2-2.9.2.jar!/, jar:file:/E:/2zynt/工作项目/CRMEB-JAVA-ET-V1.2(2025.4.25)/et_java/crmeb-front/target/Crmeb-front.jar!/BOOT-INF/lib/springfox-spi-2.9.2.jar!/, jar:file:/E:/2zynt/工作项目/CRMEB-JAVA-ET-V1.2(2025.4.25)/et_java/crmeb-front/target/Crmeb-front.jar!/BOOT-INF/lib/springfox-core-2.9.2.jar!/, jar:file:/E:/2zynt/工作项目/CRMEB-JAVA-ET-V1.2(2025.4.25)/et_java/crmeb-front/target/Crmeb-front.jar!/BOOT-INF/lib/byte-buddy-1.10.8.jar!/, jar:file:/E:/2zynt/工作项目/CRMEB-JAVA-ET-V1.2(2025.4.25)/et_java/crmeb-front/target/Crmeb-front.jar!/BOOT-INF/lib/springfox-schema-2.9.2.jar!/, jar:file:/E:/2zynt/工作项目/CRMEB-JAVA-ET-V1.2(2025.4.25)/et_java/crmeb-front/target/Crmeb-front.jar!/BOOT-INF/lib/springfox-swagger-common-2.9.2.jar!/, jar:file:/E:/2zynt/工作项目/CRMEB-JAVA-ET-V1.2(2025.4.25)/et_java/crmeb-front/target/Crmeb-front.jar!/BOOT-INF/lib/springfox-spring-web-2.9.2.jar!/, jar:file:/E:/2zynt/工作项目/CRMEB-JAVA-ET-V1.2(2025.4.25)/et_java/crmeb-front/target/Crmeb-front.jar!/BOOT-INF/lib/classmate-1.5.1.jar!/, jar:file:/E:/2zynt/工作项目/CRMEB-JAVA-ET-V1.2(2025.4.25)/et_java/crmeb-front/target/Crmeb-front.jar!/BOOT-INF/lib/slf4j-api-1.7.30.jar!/, jar:file:/E:/2zynt/工作项目/CRMEB-JAVA-ET-V1.2(2025.4.25)/et_java/crmeb-front/target/Crmeb-front.jar!/BOOT-INF/lib/spring-plugin-core-1.2.0.RELEASE.jar!/, jar:file:/E:/2zynt/工作项目/CRMEB-JAVA-ET-V1.2(2025.4.25)/et_java/crmeb-front/target/Crmeb-front.jar!/BOOT-INF/lib/spring-plugin-metadata-1.2.0.RELEASE.jar!/, jar:file:/E:/2zynt/工作项目/CRMEB-JAVA-ET-V1.2(2025.4.25)/et_java/crmeb-front/target/Crmeb-front.jar!/BOOT-INF/lib/mapstruct-1.2.0.Final.jar!/, jar:file:/E:/2zynt/工作项目/CRMEB-JAVA-ET-V1.2(2025.4.25)/et_java/crmeb-front/target/Crmeb-front.jar!/BOOT-INF/lib/swagger-models-1.5.22.jar!/, jar:file:/E:/2zynt/工作项目/CRMEB-JAVA-ET-V1.2(2025.4.25)/et_java/crmeb-front/target/Crmeb-front.jar!/BOOT-INF/lib/jackson-annotations-2.10.3.jar!/, jar:file:/E:/2zynt/工作项目/CRMEB-JAVA-ET-V1.2(2025.4.25)/et_java/crmeb-front/target/Crmeb-front.jar!/BOOT-INF/lib/swagger-bootstrap-ui-1.9.3.jar!/, jar:file:/E:/2zynt/工作项目/CRMEB-JAVA-ET-V1.2(2025.4.25)/et_java/crmeb-front/target/Crmeb-front.jar!/BOOT-INF/lib/spring-boot-autoconfigure-2.2.6.RELEASE.jar!/, jar:file:/E:/2zynt/工作项目/CRMEB-JAVA-ET-V1.2(2025.4.25)/et_java/crmeb-front/target/Crmeb-front.jar!/BOOT-INF/lib/logback-classic-1.2.3.jar!/, jar:file:/E:/2zynt/工作项目/CRMEB-JAVA-ET-V1.2(2025.4.25)/et_java/crmeb-front/target/Crmeb-front.jar!/BOOT-INF/lib/logback-core-1.2.3.jar!/, jar:file:/E:/2zynt/工作项目/CRMEB-JAVA-ET-V1.2(2025.4.25)/et_java/crmeb-front/target/Crmeb-front.jar!/BOOT-INF/lib/logstash-logback-encoder-5.3.jar!/, jar:file:/E:/2zynt/工作项目/CRMEB-JAVA-ET-V1.2(2025.4.25)/et_java/crmeb-front/target/Crmeb-front.jar!/BOOT-INF/lib/jackson-databind-2.10.3.jar!/, jar:file:/E:/2zynt/工作项目/CRMEB-JAVA-ET-V1.2(2025.4.25)/et_java/crmeb-front/target/Crmeb-front.jar!/BOOT-INF/lib/spring-boot-starter-web-2.2.6.RELEASE.jar!/, jar:file:/E:/2zynt/工作项目/CRMEB-JAVA-ET-V1.2(2025.4.25)/et_java/crmeb-front/target/Crmeb-front.jar!/BOOT-INF/lib/spring-boot-starter-2.2.6.RELEASE.jar!/, jar:file:/E:/2zynt/工作项目/CRMEB-JAVA-ET-V1.2(2025.4.25)/et_java/crmeb-front/target/Crmeb-front.jar!/BOOT-INF/lib/spring-boot-starter-logging-2.2.6.RELEASE.jar!/, jar:file:/E:/2zynt/工作项目/CRMEB-JAVA-ET-V1.2(2025.4.25)/et_java/crmeb-front/target/Crmeb-front.jar!/BOOT-INF/lib/log4j-to-slf4j-2.12.1.jar!/, jar:file:/E:/2zynt/工作项目/CRMEB-JAVA-ET-V1.2(2025.4.25)/et_java/crmeb-front/target/Crmeb-front.jar!/BOOT-INF/lib/log4j-api-2.12.1.jar!/, jar:file:/E:/2zynt/工作项目/CRMEB-JAVA-ET-V1.2(2025.4.25)/et_java/crmeb-front/target/Crmeb-front.jar!/BOOT-INF/lib/jul-to-slf4j-1.7.30.jar!/, jar:file:/E:/2zynt/工作项目/CRMEB-JAVA-ET-V1.2(2025.4.25)/et_java/crmeb-front/target/Crmeb-front.jar!/BOOT-INF/lib/jakarta.annotation-api-1.3.5.jar!/, jar:file:/E:/2zynt/工作项目/CRMEB-JAVA-ET-V1.2(2025.4.25)/et_java/crmeb-front/target/Crmeb-front.jar!/BOOT-INF/lib/snakeyaml-1.25.jar!/, jar:file:/E:/2zynt/工作项目/CRMEB-JAVA-ET-V1.2(2025.4.25)/et_java/crmeb-front/target/Crmeb-front.jar!/BOOT-INF/lib/spring-boot-starter-json-2.2.6.RELEASE.jar!/, jar:file:/E:/2zynt/工作项目/CRMEB-JAVA-ET-V1.2(2025.4.25)/et_java/crmeb-front/target/Crmeb-front.jar!/BOOT-INF/lib/jackson-datatype-jdk8-2.10.3.jar!/, jar:file:/E:/2zynt/工作项目/CRMEB-JAVA-ET-V1.2(2025.4.25)/et_java/crmeb-front/target/Crmeb-front.jar!/BOOT-INF/lib/jackson-datatype-jsr310-2.10.3.jar!/, jar:file:/E:/2zynt/工作项目/CRMEB-JAVA-ET-V1.2(2025.4.25)/et_java/crmeb-front/target/Crmeb-front.jar!/BOOT-INF/lib/jackson-module-parameter-names-2.10.3.jar!/, jar:file:/E:/2zynt/工作项目/CRMEB-JAVA-ET-V1.2(2025.4.25)/et_java/crmeb-front/target/Crmeb-front.jar!/BOOT-INF/lib/spring-boot-starter-tomcat-2.2.6.RELEASE.jar!/, jar:file:/E:/2zynt/工作项目/CRMEB-JAVA-ET-V1.2(2025.4.25)/et_java/crmeb-front/target/Crmeb-front.jar!/BOOT-INF/lib/tomcat-embed-websocket-9.0.33.jar!/, jar:file:/E:/2zynt/工作项目/CRMEB-JAVA-ET-V1.2(2025.4.25)/et_java/crmeb-front/target/Crmeb-front.jar!/BOOT-INF/lib/spring-boot-starter-validation-2.2.6.RELEASE.jar!/, jar:file:/E:/2zynt/工作项目/CRMEB-JAVA-ET-V1.2(2025.4.25)/et_java/crmeb-front/target/Crmeb-front.jar!/BOOT-INF/lib/jakarta.validation-api-2.0.2.jar!/, jar:file:/E:/2zynt/工作项目/CRMEB-JAVA-ET-V1.2(2025.4.25)/et_java/crmeb-front/target/Crmeb-front.jar!/BOOT-INF/lib/hibernate-validator-6.0.18.Final.jar!/, jar:file:/E:/2zynt/工作项目/CRMEB-JAVA-ET-V1.2(2025.4.25)/et_java/crmeb-front/target/Crmeb-front.jar!/BOOT-INF/lib/jboss-logging-3.4.1.Final.jar!/, jar:file:/E:/2zynt/工作项目/CRMEB-JAVA-ET-V1.2(2025.4.25)/et_java/crmeb-front/target/Crmeb-front.jar!/BOOT-INF/lib/spring-web-5.2.5.RELEASE.jar!/, jar:file:/E:/2zynt/工作项目/CRMEB-JAVA-ET-V1.2(2025.4.25)/et_java/crmeb-front/target/Crmeb-front.jar!/BOOT-INF/lib/spring-webmvc-5.2.5.RELEASE.jar!/, jar:file:/E:/2zynt/工作项目/CRMEB-JAVA-ET-V1.2(2025.4.25)/et_java/crmeb-front/target/Crmeb-front.jar!/BOOT-INF/lib/spring-expression-5.2.5.RELEASE.jar!/, jar:file:/E:/2zynt/工作项目/CRMEB-JAVA-ET-V1.2(2025.4.25)/et_java/crmeb-front/target/Crmeb-front.jar!/BOOT-INF/lib/spring-boot-starter-data-redis-2.2.0.RELEASE.jar!/, jar:file:/E:/2zynt/工作项目/CRMEB-JAVA-ET-V1.2(2025.4.25)/et_java/crmeb-front/target/Crmeb-front.jar!/BOOT-INF/lib/spring-data-redis-2.2.6.RELEASE.jar!/, jar:file:/E:/2zynt/工作项目/CRMEB-JAVA-ET-V1.2(2025.4.25)/et_java/crmeb-front/target/Crmeb-front.jar!/BOOT-INF/lib/spring-data-keyvalue-2.2.6.RELEASE.jar!/, jar:file:/E:/2zynt/工作项目/CRMEB-JAVA-ET-V1.2(2025.4.25)/et_java/crmeb-front/target/Crmeb-front.jar!/BOOT-INF/lib/spring-tx-5.2.5.RELEASE.jar!/, jar:file:/E:/2zynt/工作项目/CRMEB-JAVA-ET-V1.2(2025.4.25)/et_java/crmeb-front/target/Crmeb-front.jar!/BOOT-INF/lib/spring-oxm-5.2.5.RELEASE.jar!/, jar:file:/E:/2zynt/工作项目/CRMEB-JAVA-ET-V1.2(2025.4.25)/et_java/crmeb-front/target/Crmeb-front.jar!/BOOT-INF/lib/lettuce-core-5.2.2.RELEASE.jar!/, jar:file:/E:/2zynt/工作项目/CRMEB-JAVA-ET-V1.2(2025.4.25)/et_java/crmeb-front/target/Crmeb-front.jar!/BOOT-INF/lib/netty-common-4.1.48.Final.jar!/, jar:file:/E:/2zynt/工作项目/CRMEB-JAVA-ET-V1.2(2025.4.25)/et_java/crmeb-front/target/Crmeb-front.jar!/BOOT-INF/lib/netty-handler-4.1.48.Final.jar!/, jar:file:/E:/2zynt/工作项目/CRMEB-JAVA-ET-V1.2(2025.4.25)/et_java/crmeb-front/target/Crmeb-front.jar!/BOOT-INF/lib/netty-resolver-4.1.48.Final.jar!/, jar:file:/E:/2zynt/工作项目/CRMEB-JAVA-ET-V1.2(2025.4.25)/et_java/crmeb-front/target/Crmeb-front.jar!/BOOT-INF/lib/netty-buffer-4.1.48.Final.jar!/, jar:file:/E:/2zynt/工作项目/CRMEB-JAVA-ET-V1.2(2025.4.25)/et_java/crmeb-front/target/Crmeb-front.jar!/BOOT-INF/lib/netty-codec-4.1.48.Final.jar!/, jar:file:/E:/2zynt/工作项目/CRMEB-JAVA-ET-V1.2(2025.4.25)/et_java/crmeb-front/target/Crmeb-front.jar!/BOOT-INF/lib/netty-transport-4.1.48.Final.jar!/, jar:file:/E:/2zynt/工作项目/CRMEB-JAVA-ET-V1.2(2025.4.25)/et_java/crmeb-front/target/Crmeb-front.jar!/BOOT-INF/lib/reactor-core-3.3.4.RELEASE.jar!/, jar:file:/E:/2zynt/工作项目/CRMEB-JAVA-ET-V1.2(2025.4.25)/et_java/crmeb-front/target/Crmeb-front.jar!/BOOT-INF/lib/reactive-streams-1.0.3.jar!/, jar:file:/E:/2zynt/工作项目/CRMEB-JAVA-ET-V1.2(2025.4.25)/et_java/crmeb-front/target/Crmeb-front.jar!/BOOT-INF/lib/jedis-3.1.0.jar!/, jar:file:/E:/2zynt/工作项目/CRMEB-JAVA-ET-V1.2(2025.4.25)/et_java/crmeb-front/target/Crmeb-front.jar!/BOOT-INF/lib/commons-pool2-2.7.0.jar!/, jar:file:/E:/2zynt/工作项目/CRMEB-JAVA-ET-V1.2(2025.4.25)/et_java/crmeb-front/target/Crmeb-front.jar!/BOOT-INF/lib/pagehelper-spring-boot-starter-1.2.5.jar!/, jar:file:/E:/2zynt/工作项目/CRMEB-JAVA-ET-V1.2(2025.4.25)/et_java/crmeb-front/target/Crmeb-front.jar!/BOOT-INF/lib/mybatis-spring-boot-starter-1.3.2.jar!/, jar:file:/E:/2zynt/工作项目/CRMEB-JAVA-ET-V1.2(2025.4.25)/et_java/crmeb-front/target/Crmeb-front.jar!/BOOT-INF/lib/mybatis-spring-boot-autoconfigure-1.3.2.jar!/, jar:file:/E:/2zynt/工作项目/CRMEB-JAVA-ET-V1.2(2025.4.25)/et_java/crmeb-front/target/Crmeb-front.jar!/BOOT-INF/lib/pagehelper-spring-boot-autoconfigure-1.2.5.jar!/, jar:file:/E:/2zynt/工作项目/CRMEB-JAVA-ET-V1.2(2025.4.25)/et_java/crmeb-front/target/Crmeb-front.jar!/BOOT-INF/lib/pagehelper-5.1.4.jar!/, jar:file:/E:/2zynt/工作项目/CRMEB-JAVA-ET-V1.2(2025.4.25)/et_java/crmeb-front/target/Crmeb-front.jar!/BOOT-INF/lib/jsqlparser-1.0.jar!/, jar:file:/E:/2zynt/工作项目/CRMEB-JAVA-ET-V1.2(2025.4.25)/et_java/crmeb-front/target/Crmeb-front.jar!/BOOT-INF/lib/validation-api-1.1.0.Final.jar!/, jar:file:/E:/2zynt/工作项目/CRMEB-JAVA-ET-V1.2(2025.4.25)/et_java/crmeb-front/target/Crmeb-front.jar!/BOOT-INF/lib/spring-data-commons-2.2.6.RELEASE.jar!/, jar:file:/E:/2zynt/工作项目/CRMEB-JAVA-ET-V1.2(2025.4.25)/et_java/crmeb-front/target/Crmeb-front.jar!/BOOT-INF/lib/spring-beans-5.2.5.RELEASE.jar!/, jar:file:/E:/2zynt/工作项目/CRMEB-JAVA-ET-V1.2(2025.4.25)/et_java/crmeb-front/target/Crmeb-front.jar!/BOOT-INF/lib/hutool-all-4.5.7.jar!/, jar:file:/E:/2zynt/工作项目/CRMEB-JAVA-ET-V1.2(2025.4.25)/et_java/crmeb-front/target/Crmeb-front.jar!/BOOT-INF/lib/spring-boot-starter-actuator-2.2.6.RELEASE.jar!/, jar:file:/E:/2zynt/工作项目/CRMEB-JAVA-ET-V1.2(2025.4.25)/et_java/crmeb-front/target/Crmeb-front.jar!/BOOT-INF/lib/spring-boot-actuator-autoconfigure-2.2.6.RELEASE.jar!/, jar:file:/E:/2zynt/工作项目/CRMEB-JAVA-ET-V1.2(2025.4.25)/et_java/crmeb-front/target/Crmeb-front.jar!/BOOT-INF/lib/spring-boot-actuator-2.2.6.RELEASE.jar!/, jar:file:/E:/2zynt/工作项目/CRMEB-JAVA-ET-V1.2(2025.4.25)/et_java/crmeb-front/target/Crmeb-front.jar!/BOOT-INF/lib/micrometer-core-1.3.6.jar!/, jar:file:/E:/2zynt/工作项目/CRMEB-JAVA-ET-V1.2(2025.4.25)/et_java/crmeb-front/target/Crmeb-front.jar!/BOOT-INF/lib/HdrHistogram-2.1.11.jar!/, jar:file:/E:/2zynt/工作项目/CRMEB-JAVA-ET-V1.2(2025.4.25)/et_java/crmeb-front/target/Crmeb-front.jar!/BOOT-INF/lib/LatencyUtils-2.0.3.jar!/, jar:file:/E:/2zynt/工作项目/CRMEB-JAVA-ET-V1.2(2025.4.25)/et_java/crmeb-front/target/Crmeb-front.jar!/BOOT-INF/lib/httpclient-4.5.6.jar!/, jar:file:/E:/2zynt/工作项目/CRMEB-JAVA-ET-V1.2(2025.4.25)/et_java/crmeb-front/target/Crmeb-front.jar!/BOOT-INF/lib/httpcore-4.4.13.jar!/, jar:file:/E:/2zynt/工作项目/CRMEB-JAVA-ET-V1.2(2025.4.25)/et_java/crmeb-front/target/Crmeb-front.jar!/BOOT-INF/lib/commons-logging-1.2.jar!/, jar:file:/E:/2zynt/工作项目/CRMEB-JAVA-ET-V1.2(2025.4.25)/et_java/crmeb-front/target/Crmeb-front.jar!/BOOT-INF/lib/commons-codec-1.13.jar!/, jar:file:/E:/2zynt/工作项目/CRMEB-JAVA-ET-V1.2(2025.4.25)/et_java/crmeb-front/target/Crmeb-front.jar!/BOOT-INF/lib/spring-boot-starter-aop-2.2.6.RELEASE.jar!/, jar:file:/E:/2zynt/工作项目/CRMEB-JAVA-ET-V1.2(2025.4.25)/et_java/crmeb-front/target/Crmeb-front.jar!/BOOT-INF/lib/spring-aop-5.2.5.RELEASE.jar!/, jar:file:/E:/2zynt/工作项目/CRMEB-JAVA-ET-V1.2(2025.4.25)/et_java/crmeb-front/target/Crmeb-front.jar!/BOOT-INF/lib/aspectjweaver-1.9.5.jar!/, jar:file:/E:/2zynt/工作项目/CRMEB-JAVA-ET-V1.2(2025.4.25)/et_java/crmeb-front/target/Crmeb-front.jar!/BOOT-INF/lib/commons-lang3-3.10.jar!/, jar:file:/E:/2zynt/工作项目/CRMEB-JAVA-ET-V1.2(2025.4.25)/et_java/crmeb-front/target/Crmeb-front.jar!/BOOT-INF/lib/poi-3.17.jar!/, jar:file:/E:/2zynt/工作项目/CRMEB-JAVA-ET-V1.2(2025.4.25)/et_java/crmeb-front/target/Crmeb-front.jar!/BOOT-INF/lib/commons-collections4-4.1.jar!/, jar:file:/E:/2zynt/工作项目/CRMEB-JAVA-ET-V1.2(2025.4.25)/et_java/crmeb-front/target/Crmeb-front.jar!/BOOT-INF/lib/poi-ooxml-3.17.jar!/, jar:file:/E:/2zynt/工作项目/CRMEB-JAVA-ET-V1.2(2025.4.25)/et_java/crmeb-front/target/Crmeb-front.jar!/BOOT-INF/lib/poi-ooxml-schemas-3.17.jar!/, jar:file:/E:/2zynt/工作项目/CRMEB-JAVA-ET-V1.2(2025.4.25)/et_java/crmeb-front/target/Crmeb-front.jar!/BOOT-INF/lib/xmlbeans-2.6.0.jar!/, jar:file:/E:/2zynt/工作项目/CRMEB-JAVA-ET-V1.2(2025.4.25)/et_java/crmeb-front/target/Crmeb-front.jar!/BOOT-INF/lib/curvesapi-1.04.jar!/, jar:file:/E:/2zynt/工作项目/CRMEB-JAVA-ET-V1.2(2025.4.25)/et_java/crmeb-front/target/Crmeb-front.jar!/BOOT-INF/lib/commons-fileupload-1.3.3.jar!/, jar:file:/E:/2zynt/工作项目/CRMEB-JAVA-ET-V1.2(2025.4.25)/et_java/crmeb-front/target/Crmeb-front.jar!/BOOT-INF/lib/commons-io-2.4.jar!/, jar:file:/E:/2zynt/工作项目/CRMEB-JAVA-ET-V1.2(2025.4.25)/et_java/crmeb-front/target/Crmeb-front.jar!/BOOT-INF/lib/aliyun-sdk-oss-3.5.0.jar!/, jar:file:/E:/2zynt/工作项目/CRMEB-JAVA-ET-V1.2(2025.4.25)/et_java/crmeb-front/target/Crmeb-front.jar!/BOOT-INF/lib/jdom-1.1.jar!/, jar:file:/E:/2zynt/工作项目/CRMEB-JAVA-ET-V1.2(2025.4.25)/et_java/crmeb-front/target/Crmeb-front.jar!/BOOT-INF/lib/jettison-1.1.jar!/, jar:file:/E:/2zynt/工作项目/CRMEB-JAVA-ET-V1.2(2025.4.25)/et_java/crmeb-front/target/Crmeb-front.jar!/BOOT-INF/lib/stax-api-1.0.1.jar!/, jar:file:/E:/2zynt/工作项目/CRMEB-JAVA-ET-V1.2(2025.4.25)/et_java/crmeb-front/target/Crmeb-front.jar!/BOOT-INF/lib/aliyun-java-sdk-core-3.4.0.jar!/, jar:file:/E:/2zynt/工作项目/CRMEB-JAVA-ET-V1.2(2025.4.25)/et_java/crmeb-front/target/Crmeb-front.jar!/BOOT-INF/lib/aliyun-java-sdk-ram-3.0.0.jar!/, jar:file:/E:/2zynt/工作项目/CRMEB-JAVA-ET-V1.2(2025.4.25)/et_java/crmeb-front/target/Crmeb-front.jar!/BOOT-INF/lib/aliyun-java-sdk-sts-3.0.0.jar!/, jar:file:/E:/2zynt/工作项目/CRMEB-JAVA-ET-V1.2(2025.4.25)/et_java/crmeb-front/target/Crmeb-front.jar!/BOOT-INF/lib/aliyun-java-sdk-ecs-4.2.0.jar!/, jar:file:/E:/2zynt/工作项目/CRMEB-JAVA-ET-V1.2(2025.4.25)/et_java/crmeb-front/target/Crmeb-front.jar!/BOOT-INF/lib/cos_api-5.6.22.jar!/, jar:file:/E:/2zynt/工作项目/CRMEB-JAVA-ET-V1.2(2025.4.25)/et_java/crmeb-front/target/Crmeb-front.jar!/BOOT-INF/lib/joda-time-2.10.5.jar!/, jar:file:/E:/2zynt/工作项目/CRMEB-JAVA-ET-V1.2(2025.4.25)/et_java/crmeb-front/target/Crmeb-front.jar!/BOOT-INF/lib/bcprov-jdk15on-1.64.jar!/, jar:file:/E:/2zynt/工作项目/CRMEB-JAVA-ET-V1.2(2025.4.25)/et_java/crmeb-front/target/Crmeb-front.jar!/BOOT-INF/lib/qiniu-java-sdk-7.2.28.jar!/, jar:file:/E:/2zynt/工作项目/CRMEB-JAVA-ET-V1.2(2025.4.25)/et_java/crmeb-front/target/Crmeb-front.jar!/BOOT-INF/lib/okhttp-3.14.7.jar!/, jar:file:/E:/2zynt/工作项目/CRMEB-JAVA-ET-V1.2(2025.4.25)/et_java/crmeb-front/target/Crmeb-front.jar!/BOOT-INF/lib/okio-1.17.2.jar!/, jar:file:/E:/2zynt/工作项目/CRMEB-JAVA-ET-V1.2(2025.4.25)/et_java/crmeb-front/target/Crmeb-front.jar!/BOOT-INF/lib/gson-2.8.6.jar!/, jar:file:/E:/2zynt/工作项目/CRMEB-JAVA-ET-V1.2(2025.4.25)/et_java/crmeb-front/target/Crmeb-front.jar!/BOOT-INF/lib/dom4j-1.6.1.jar!/, jar:file:/E:/2zynt/工作项目/CRMEB-JAVA-ET-V1.2(2025.4.25)/et_java/crmeb-front/target/Crmeb-front.jar!/BOOT-INF/lib/xml-apis-1.0.b2.jar!/, jar:file:/E:/2zynt/工作项目/CRMEB-JAVA-ET-V1.2(2025.4.25)/et_java/crmeb-front/target/Crmeb-front.jar!/BOOT-INF/lib/xstream-1.4.10.jar!/, jar:file:/E:/2zynt/工作项目/CRMEB-JAVA-ET-V1.2(2025.4.25)/et_java/crmeb-front/target/Crmeb-front.jar!/BOOT-INF/lib/xmlpull-1.1.3.1.jar!/, jar:file:/E:/2zynt/工作项目/CRMEB-JAVA-ET-V1.2(2025.4.25)/et_java/crmeb-front/target/Crmeb-front.jar!/BOOT-INF/lib/xpp3_min-1.1.4c.jar!/, jar:file:/E:/2zynt/工作项目/CRMEB-JAVA-ET-V1.2(2025.4.25)/et_java/crmeb-front/target/Crmeb-front.jar!/BOOT-INF/lib/httpmime-4.5.2.jar!/, jar:file:/E:/2zynt/工作项目/CRMEB-JAVA-ET-V1.2(2025.4.25)/et_java/crmeb-front/target/Crmeb-front.jar!/BOOT-INF/lib/jjwt-0.9.1.jar!/, jar:file:/E:/2zynt/工作项目/CRMEB-JAVA-ET-V1.2(2025.4.25)/et_java/crmeb-front/target/Crmeb-front.jar!/BOOT-INF/lib/jwks-rsa-0.9.0.jar!/, jar:file:/E:/2zynt/工作项目/CRMEB-JAVA-ET-V1.2(2025.4.25)/et_java/crmeb-front/target/Crmeb-front.jar!/BOOT-INF/lib/spring-boot-starter-security-2.2.6.RELEASE.jar!/, jar:file:/E:/2zynt/工作项目/CRMEB-JAVA-ET-V1.2(2025.4.25)/et_java/crmeb-front/target/Crmeb-front.jar!/BOOT-INF/lib/spring-security-config-5.2.2.RELEASE.jar!/, jar:file:/E:/2zynt/工作项目/CRMEB-JAVA-ET-V1.2(2025.4.25)/et_java/crmeb-front/target/Crmeb-front.jar!/BOOT-INF/lib/spring-security-core-5.2.2.RELEASE.jar!/, jar:file:/E:/2zynt/工作项目/CRMEB-JAVA-ET-V1.2(2025.4.25)/et_java/crmeb-front/target/Crmeb-front.jar!/BOOT-INF/lib/spring-security-web-5.2.2.RELEASE.jar!/, jar:file:/E:/2zynt/工作项目/CRMEB-JAVA-ET-V1.2(2025.4.25)/et_java/crmeb-front/target/Crmeb-front.jar!/BOOT-INF/lib/spring-boot-starter-mail-2.2.6.RELEASE.jar!/, jar:file:/E:/2zynt/工作项目/CRMEB-JAVA-ET-V1.2(2025.4.25)/et_java/crmeb-front/target/Crmeb-front.jar!/BOOT-INF/lib/spring-context-support-5.2.5.RELEASE.jar!/, jar:file:/E:/2zynt/工作项目/CRMEB-JAVA-ET-V1.2(2025.4.25)/et_java/crmeb-front/target/Crmeb-front.jar!/BOOT-INF/lib/jakarta.mail-1.6.5.jar!/, jar:file:/E:/2zynt/工作项目/CRMEB-JAVA-ET-V1.2(2025.4.25)/et_java/crmeb-front/target/Crmeb-front.jar!/BOOT-INF/lib/jakarta.activation-1.2.2.jar!/, jar:file:/E:/2zynt/工作项目/CRMEB-JAVA-ET-V1.2(2025.4.25)/et_java/crmeb-front/target/Crmeb-front.jar!/BOOT-INF/lib/checkout-sdk-1.0.4.jar!/, jar:file:/E:/2zynt/工作项目/CRMEB-JAVA-ET-V1.2(2025.4.25)/et_java/crmeb-front/target/Crmeb-front.jar!/BOOT-INF/lib/paypalhttp-1.0.2.jar!/, jar:file:/E:/2zynt/工作项目/CRMEB-JAVA-ET-V1.2(2025.4.25)/et_java/crmeb-front/target/Crmeb-front.jar!/BOOT-INF/lib/dysmsapi20170525-2.0.8.jar!/, jar:file:/E:/2zynt/工作项目/CRMEB-JAVA-ET-V1.2(2025.4.25)/et_java/crmeb-front/target/Crmeb-front.jar!/BOOT-INF/lib/tea-util-0.2.13.jar!/, jar:file:/E:/2zynt/工作项目/CRMEB-JAVA-ET-V1.2(2025.4.25)/et_java/crmeb-front/target/Crmeb-front.jar!/BOOT-INF/lib/endpoint-util-0.0.6.jar!/, jar:file:/E:/2zynt/工作项目/CRMEB-JAVA-ET-V1.2(2025.4.25)/et_java/crmeb-front/target/Crmeb-front.jar!/BOOT-INF/lib/tea-1.1.14.jar!/, jar:file:/E:/2zynt/工作项目/CRMEB-JAVA-ET-V1.2(2025.4.25)/et_java/crmeb-front/target/Crmeb-front.jar!/BOOT-INF/lib/org.jacoco.agent-0.8.4-runtime.jar!/, jar:file:/E:/2zynt/工作项目/CRMEB-JAVA-ET-V1.2(2025.4.25)/et_java/crmeb-front/target/Crmeb-front.jar!/BOOT-INF/lib/tea-openapi-0.1.6.jar!/, jar:file:/E:/2zynt/工作项目/CRMEB-JAVA-ET-V1.2(2025.4.25)/et_java/crmeb-front/target/Crmeb-front.jar!/BOOT-INF/lib/credentials-java-0.2.4.jar!/, jar:file:/E:/2zynt/工作项目/CRMEB-JAVA-ET-V1.2(2025.4.25)/et_java/crmeb-front/target/Crmeb-front.jar!/BOOT-INF/lib/ini4j-0.5.4.jar!/, jar:file:/E:/2zynt/工作项目/CRMEB-JAVA-ET-V1.2(2025.4.25)/et_java/crmeb-front/target/Crmeb-front.jar!/BOOT-INF/lib/jaxb-api-2.3.1.jar!/, jar:file:/E:/2zynt/工作项目/CRMEB-JAVA-ET-V1.2(2025.4.25)/et_java/crmeb-front/target/Crmeb-front.jar!/BOOT-INF/lib/javax.activation-api-1.2.0.jar!/, jar:file:/E:/2zynt/工作项目/CRMEB-JAVA-ET-V1.2(2025.4.25)/et_java/crmeb-front/target/Crmeb-front.jar!/BOOT-INF/lib/jaxb-core-2.3.0.jar!/, jar:file:/E:/2zynt/工作项目/CRMEB-JAVA-ET-V1.2(2025.4.25)/et_java/crmeb-front/target/Crmeb-front.jar!/BOOT-INF/lib/jaxb-impl-2.3.0.jar!/, jar:file:/E:/2zynt/工作项目/CRMEB-JAVA-ET-V1.2(2025.4.25)/et_java/crmeb-front/target/Crmeb-front.jar!/BOOT-INF/lib/openapiutil-0.1.13.jar!/, jar:file:/E:/2zynt/工作项目/CRMEB-JAVA-ET-V1.2(2025.4.25)/et_java/crmeb-front/target/Crmeb-front.jar!/BOOT-INF/lib/sdk-core-java-1.1.7.jar!/, jar:file:/E:/2zynt/工作项目/CRMEB-JAVA-ET-V1.2(2025.4.25)/et_java/crmeb-front/target/Crmeb-front.jar!/BOOT-INF/lib/juniversalchardet-1.0.3.jar!/, jar:file:/E:/2zynt/工作项目/CRMEB-JAVA-ET-V1.2(2025.4.25)/et_java/crmeb-front/target/Crmeb-front.jar!/BOOT-INF/lib/plexus-digest-1.0.jar!/, jar:file:/E:/2zynt/工作项目/CRMEB-JAVA-ET-V1.2(2025.4.25)/et_java/crmeb-front/target/Crmeb-front.jar!/BOOT-INF/lib/plexus-container-default-1.0-alpha-8.jar!/, jar:file:/E:/2zynt/工作项目/CRMEB-JAVA-ET-V1.2(2025.4.25)/et_java/crmeb-front/target/Crmeb-front.jar!/BOOT-INF/lib/plexus-utils-1.0.4.jar!/, jar:file:/E:/2zynt/工作项目/CRMEB-JAVA-ET-V1.2(2025.4.25)/et_java/crmeb-front/target/Crmeb-front.jar!/BOOT-INF/lib/classworlds-1.1-alpha-2.jar!/, jar:file:/E:/2zynt/工作项目/CRMEB-JAVA-ET-V1.2(2025.4.25)/et_java/crmeb-front/target/Crmeb-front.jar!/BOOT-INF/lib/stripe-java-20.124.0.jar!/, jar:file:/E:/2zynt/工作项目/CRMEB-JAVA-ET-V1.2(2025.4.25)/et_java/crmeb-front/target/Crmeb-front.jar!/BOOT-INF/lib/weixin-java-pay-4.5.0.jar!/, jar:file:/E:/2zynt/工作项目/CRMEB-JAVA-ET-V1.2(2025.4.25)/et_java/crmeb-front/target/Crmeb-front.jar!/BOOT-INF/lib/weixin-java-common-4.5.0.jar!/, jar:file:/E:/2zynt/工作项目/CRMEB-JAVA-ET-V1.2(2025.4.25)/et_java/crmeb-front/target/Crmeb-front.jar!/BOOT-INF/lib/jcl-over-slf4j-1.7.30.jar!/, jar:file:/E:/2zynt/工作项目/CRMEB-JAVA-ET-V1.2(2025.4.25)/et_java/crmeb-front/target/Crmeb-front.jar!/BOOT-INF/lib/dom4j-2.1.3.jar!/, jar:file:/E:/2zynt/工作项目/CRMEB-JAVA-ET-V1.2(2025.4.25)/et_java/crmeb-front/target/Crmeb-front.jar!/BOOT-INF/lib/qrcode-utils-1.1.jar!/, jar:file:/E:/2zynt/工作项目/CRMEB-JAVA-ET-V1.2(2025.4.25)/et_java/crmeb-front/target/Crmeb-front.jar!/BOOT-INF/lib/bcpkix-jdk15on-1.68.jar!/, jar:file:/E:/2zynt/工作项目/CRMEB-JAVA-ET-V1.2(2025.4.25)/et_java/crmeb-front/target/Crmeb-front.jar!/BOOT-INF/lib/jodd-http-6.2.1.jar!/, jar:file:/E:/2zynt/工作项目/CRMEB-JAVA-ET-V1.2(2025.4.25)/et_java/crmeb-front/target/Crmeb-front.jar!/BOOT-INF/lib/jodd-util-6.1.0.jar!/, jar:file:/E:/2zynt/工作项目/CRMEB-JAVA-ET-V1.2(2025.4.25)/et_java/crmeb-front/target/Crmeb-front.jar!/BOOT-INF/lib/javase-3.3.3.jar!/, jar:file:/E:/2zynt/工作项目/CRMEB-JAVA-ET-V1.2(2025.4.25)/et_java/crmeb-front/target/Crmeb-front.jar!/BOOT-INF/lib/core-3.3.3.jar!/, jar:file:/E:/2zynt/工作项目/CRMEB-JAVA-ET-V1.2(2025.4.25)/et_java/crmeb-front/target/Crmeb-front.jar!/BOOT-INF/lib/jcommander-1.72.jar!/, jar:file:/E:/2zynt/工作项目/CRMEB-JAVA-ET-V1.2(2025.4.25)/et_java/crmeb-front/target/Crmeb-front.jar!/BOOT-INF/lib/jai-imageio-core-1.4.0.jar!/, jar:file:/E:/2zynt/工作项目/CRMEB-JAVA-ET-V1.2(2025.4.25)/et_java/crmeb-front/target/Crmeb-front.jar!/BOOT-INF/lib/google-api-client-1.30.10.jar!/, jar:file:/E:/2zynt/工作项目/CRMEB-JAVA-ET-V1.2(2025.4.25)/et_java/crmeb-front/target/Crmeb-front.jar!/BOOT-INF/lib/google-oauth-client-1.31.0.jar!/, jar:file:/E:/2zynt/工作项目/CRMEB-JAVA-ET-V1.2(2025.4.25)/et_java/crmeb-front/target/Crmeb-front.jar!/BOOT-INF/lib/google-http-client-1.35.0.jar!/, jar:file:/E:/2zynt/工作项目/CRMEB-JAVA-ET-V1.2(2025.4.25)/et_java/crmeb-front/target/Crmeb-front.jar!/BOOT-INF/lib/opencensus-api-0.24.0.jar!/, jar:file:/E:/2zynt/工作项目/CRMEB-JAVA-ET-V1.2(2025.4.25)/et_java/crmeb-front/target/Crmeb-front.jar!/BOOT-INF/lib/grpc-context-1.22.1.jar!/, jar:file:/E:/2zynt/工作项目/CRMEB-JAVA-ET-V1.2(2025.4.25)/et_java/crmeb-front/target/Crmeb-front.jar!/BOOT-INF/lib/opencensus-contrib-http-util-0.24.0.jar!/, jar:file:/E:/2zynt/工作项目/CRMEB-JAVA-ET-V1.2(2025.4.25)/et_java/crmeb-front/target/Crmeb-front.jar!/BOOT-INF/lib/jsr305-3.0.2.jar!/, jar:file:/E:/2zynt/工作项目/CRMEB-JAVA-ET-V1.2(2025.4.25)/et_java/crmeb-front/target/Crmeb-front.jar!/BOOT-INF/lib/google-http-client-jackson2-1.36.0.jar!/, jar:file:/E:/2zynt/工作项目/CRMEB-JAVA-ET-V1.2(2025.4.25)/et_java/crmeb-front/target/Crmeb-front.jar!/BOOT-INF/lib/jackson-core-2.10.3.jar!/, jar:file:/E:/2zynt/工作项目/CRMEB-JAVA-ET-V1.2(2025.4.25)/et_java/crmeb-front/target/Crmeb-front.jar!/BOOT-INF/lib/guava-29.0-android.jar!/, jar:file:/E:/2zynt/工作项目/CRMEB-JAVA-ET-V1.2(2025.4.25)/et_java/crmeb-front/target/Crmeb-front.jar!/BOOT-INF/lib/failureaccess-1.0.1.jar!/, jar:file:/E:/2zynt/工作项目/CRMEB-JAVA-ET-V1.2(2025.4.25)/et_java/crmeb-front/target/Crmeb-front.jar!/BOOT-INF/lib/listenablefuture-9999.0-empty-to-avoid-conflict-with-guava.jar!/, jar:file:/E:/2zynt/工作项目/CRMEB-JAVA-ET-V1.2(2025.4.25)/et_java/crmeb-front/target/Crmeb-front.jar!/BOOT-INF/lib/checker-compat-qual-2.5.5.jar!/, jar:file:/E:/2zynt/工作项目/CRMEB-JAVA-ET-V1.2(2025.4.25)/et_java/crmeb-front/target/Crmeb-front.jar!/BOOT-INF/lib/error_prone_annotations-2.3.4.jar!/, jar:file:/E:/2zynt/工作项目/CRMEB-JAVA-ET-V1.2(2025.4.25)/et_java/crmeb-front/target/Crmeb-front.jar!/BOOT-INF/lib/j2objc-annotations-1.3.jar!/, jar:file:/E:/2zynt/工作项目/CRMEB-JAVA-ET-V1.2(2025.4.25)/et_java/crmeb-front/target/Crmeb-front.jar!/BOOT-INF/lib/twitter4j-core-4.0.7.jar!/, jar:file:/E:/2zynt/工作项目/CRMEB-JAVA-ET-V1.2(2025.4.25)/et_java/crmeb-front/target/Crmeb-front.jar!/BOOT-INF/lib/spring-boot-jarmode-layertools-2.6.6.jar!/]" }
                    
{
                    "app": "Crmeb",
                    "timestamp":"2025-09-18 17:35:29.768",
                    "level": "DEBUG",
                    "thread": "main",
                    "class": "o.springframework.boot.SpringApplication",
                    "message": "Loading source class com.zbkj.front.CrmebFrontApplication" }
                    
{
                    "app": "Crmeb",
                    "timestamp":"2025-09-18 17:35:29.812",
                    "level": "DEBUG",
                    "thread": "main",
                    "class": "o.s.b.c.c.ConfigFileApplicationListener",
                    "message": "Loaded config file 'jar:file:/E:/2zynt/%E5%B7%A5%E4%BD%9C%E9%A1%B9%E7%9B%AE/CRMEB-JAVA-ET-V1.2(2025.4.25)/et_java/crmeb-front/target/Crmeb-front.jar!/BOOT-INF/classes!/application.yml' (classpath:/application.yml)" }
                    
{
                    "app": "Crmeb",
                    "timestamp":"2025-09-18 17:35:29.813",
                    "level": "DEBUG",
                    "thread": "main",
                    "class": "o.s.b.w.s.c.AnnotationConfigServletWebServerApplicationContext",
                    "message": "Refreshing org.springframework.boot.web.servlet.context.AnnotationConfigServletWebServerApplicationContext@1753acfe" }
                    
{
                    "app": "Crmeb",
                    "timestamp":"2025-09-18 17:35:31.888",
                    "level": "DEBUG",
                    "thread": "main",
                    "class": "o.s.b.w.e.t.TomcatServletWebServerFactory",
                    "message": "Code archive: E:\2zynt\工作项目\CRMEB-JAVA-ET-V1.2(2025.4.25)\et_java\crmeb-front\target\Crmeb-front.jar" }
                    
{
                    "app": "Crmeb",
                    "timestamp":"2025-09-18 17:35:31.888",
                    "level": "DEBUG",
                    "thread": "main",
                    "class": "o.s.b.w.e.t.TomcatServletWebServerFactory",
                    "message": "Code archive: E:\2zynt\工作项目\CRMEB-JAVA-ET-V1.2(2025.4.25)\et_java\crmeb-front\target\Crmeb-front.jar" }
                    
{
                    "app": "Crmeb",
                    "timestamp":"2025-09-18 17:35:31.890",
                    "level": "DEBUG",
                    "thread": "main",
                    "class": "o.s.b.w.e.t.TomcatServletWebServerFactory",
                    "message": "None of the document roots [src/main/webapp, public, static] point to a directory and will be ignored." }
                    
{
                    "app": "Crmeb",
                    "timestamp":"2025-09-18 17:35:32.374",
                    "level": "DEBUG",
                    "thread": "main",
                    "class": "o.s.web.context.ContextLoader",
                    "message": "Published root WebApplicationContext as ServletContext attribute with name [org.springframework.web.context.WebApplicationContext.ROOT]" }
                    
{
                    "app": "Crmeb",
                    "timestamp":"2025-09-18 17:35:32.869",
                    "level": "DEBUG",
                    "thread": "main",
                    "class": "o.s.b.w.s.ServletContextInitializerBeans",
                    "message": "Mapping filters: filterRegistrationBean urls=[/*] order=-2147483647, springSecurityFilterChain urls=[/*] order=-100, filterRegistrationBean urls=[/*] order=2147483647, filterRegistrationBean urls=[/*] order=2147483647, characterEncodingFilter urls=[/*] order=-2147483648, formContentFilter urls=[/*] order=-9900, requestContextFilter urls=[/*] order=-105, corsFilter urls=[/*] order=2147483647" }
                    
{
                    "app": "Crmeb",
                    "timestamp":"2025-09-18 17:35:32.869",
                    "level": "DEBUG",
                    "thread": "main",
                    "class": "o.s.b.w.s.ServletContextInitializerBeans",
                    "message": "Mapping servlets: statViewServlet urls=[/druid/*], dispatcherServlet urls=[/]" }
                    
{
                    "app": "Crmeb",
                    "timestamp":"2025-09-18 17:35:32.924",
                    "level": "DEBUG",
                    "thread": "main",
                    "class": "o.s.b.a.m.w.servlet.WebMvcMetricsFilter",
                    "message": "Filter 'webMvcMetricsFilter' configured for use" }
                    
{
                    "app": "Crmeb",
                    "timestamp":"2025-09-18 17:35:32.926",
                    "level": "DEBUG",
                    "thread": "main",
                    "class": "o.s.b.w.s.f.OrderedRequestContextFilter",
                    "message": "Filter 'requestContextFilter' configured for use" }
                    
{
                    "app": "Crmeb",
                    "timestamp":"2025-09-18 17:35:32.928",
                    "level": "DEBUG",
                    "thread": "main",
                    "class": "o.springframework.web.filter.CorsFilter",
                    "message": "Filter 'corsFilter' configured for use" }
                    
{
                    "app": "Crmeb",
                    "timestamp":"2025-09-18 17:35:32.929",
                    "level": "DEBUG",
                    "thread": "main",
                    "class": "o.s.b.w.s.f.OrderedCharacterEncodingFilter",
                    "message": "Filter 'characterEncodingFilter' configured for use" }
                    
{
                    "app": "Crmeb",
                    "timestamp":"2025-09-18 17:35:32.932",
                    "level": "DEBUG",
                    "thread": "main",
                    "class": "o.s.b.w.s.DelegatingFilterProxyRegistrationBean$1",
                    "message": "Filter 'springSecurityFilterChain' configured for use" }
                    
{
                    "app": "Crmeb",
                    "timestamp":"2025-09-18 17:35:32.932",
                    "level": "DEBUG",
                    "thread": "main",
                    "class": "o.s.b.w.s.f.OrderedFormContentFilter",
                    "message": "Filter 'formContentFilter' configured for use" }
                    
{
                    "app": "Crmeb",
                    "timestamp":"2025-09-18 17:35:38.377",
                    "level": "DEBUG",
                    "thread": "main",
                    "class": "o.s.w.s.m.m.a.RequestMappingHandlerMapping",
                    "message": "151 mappings in 'requestMappingHandlerMapping'" }
                    
{
                    "app": "Crmeb",
                    "timestamp":"2025-09-18 17:35:38.766",
                    "level": "DEBUG",
                    "thread": "main",
                    "class": "o.s.w.s.m.m.a.RequestMappingHandlerAdapter",
                    "message": "ControllerAdvice beans: 0 @ModelAttribute, 0 @InitBinder, 1 RequestBodyAdvice, 1 ResponseBodyAdvice" }
                    
{
                    "app": "Crmeb",
                    "timestamp":"2025-09-18 17:35:38.854",
                    "level": "DEBUG",
                    "thread": "main",
                    "class": "o.s.w.s.handler.SimpleUrlHandlerMapping",
                    "message": "Patterns [/webjars/**, /**, /doc.html] in 'resourceHandlerMapping'" }
                    
{
                    "app": "Crmeb",
                    "timestamp":"2025-09-18 17:35:38.871",
                    "level": "DEBUG",
                    "thread": "main",
                    "class": "o.s.w.s.m.m.a.ExceptionHandlerExceptionResolver",
                    "message": "ControllerAdvice beans: 1 @ExceptionHandler, 1 ResponseBodyAdvice" }
                    
{
                    "app": "Crmeb",
                    "timestamp":"2025-09-18 17:35:54.077",
                    "level": "DEBUG",
                    "thread": "http-nio-8081-exec-4",
                    "class": "o.s.web.servlet.DispatcherServlet",
                    "message": "Detected StandardServletMultipartResolver" }
                    
{
                    "app": "Crmeb",
                    "timestamp":"2025-09-18 17:35:54.077",
                    "level": "DEBUG",
                    "thread": "http-nio-8081-exec-4",
                    "class": "o.s.web.servlet.DispatcherServlet",
                    "message": "Detected I18nLocaleResolver" }
                    
{
                    "app": "Crmeb",
                    "timestamp":"2025-09-18 17:35:54.082",
                    "level": "DEBUG",
                    "thread": "http-nio-8081-exec-4",
                    "class": "o.s.web.servlet.DispatcherServlet",
                    "message": "enableLoggingRequestDetails='false': request parameters and headers will be masked to prevent unsafe logging of potentially sensitive data" }
                    
{
                    "app": "Crmeb",
                    "timestamp":"2025-09-18 17:35:54.119",
                    "level": "DEBUG",
                    "thread": "http-nio-8081-exec-8",
                    "class": "o.s.web.servlet.DispatcherServlet",
                    "message": "GET "/api/front/product/leaderboard", parameters={}" }
                    
{
                    "app": "Crmeb",
                    "timestamp":"2025-09-18 17:35:54.120",
                    "level": "DEBUG",
                    "thread": "http-nio-8081-exec-14",
                    "class": "o.s.web.servlet.DispatcherServlet",
                    "message": "GET "/api/front/activity/index/list", parameters={}" }
                    
{
                    "app": "Crmeb",
                    "timestamp":"2025-09-18 17:35:54.119",
                    "level": "DEBUG",
                    "thread": "http-nio-8081-exec-3",
                    "class": "o.s.web.servlet.DispatcherServlet",
                    "message": "GET "/api/pc/home/index", parameters={}" }
                    
{
                    "app": "Crmeb",
                    "timestamp":"2025-09-18 17:35:54.120",
                    "level": "DEBUG",
                    "thread": "http-nio-8081-exec-9",
                    "class": "o.s.web.servlet.DispatcherServlet",
                    "message": "GET "/api/front/merchant/street", parameters={}" }
                    
{
                    "app": "Crmeb",
                    "timestamp":"2025-09-18 17:35:54.120",
                    "level": "DEBUG",
                    "thread": "http-nio-8081-exec-11",
                    "class": "o.s.web.servlet.DispatcherServlet",
                    "message": "GET "/api/front/index/product?page=1&limit=13", parameters={masked}" }
                    
{
                    "app": "Crmeb",
                    "timestamp":"2025-09-18 17:35:54.124",
                    "level": "DEBUG",
                    "thread": "http-nio-8081-exec-14",
                    "class": "o.s.w.s.m.m.a.RequestMappingHandlerMapping",
                    "message": "Mapped to com.zbkj.front.controller.ActivityController#getIndexList()" }
                    
{
                    "app": "Crmeb",
                    "timestamp":"2025-09-18 17:35:54.124",
                    "level": "DEBUG",
                    "thread": "http-nio-8081-exec-11",
                    "class": "o.s.w.s.m.m.a.RequestMappingHandlerMapping",
                    "message": "Mapped to com.zbkj.front.controller.IndexController#getProductList(PageParamRequest)" }
                    
{
                    "app": "Crmeb",
                    "timestamp":"2025-09-18 17:35:54.124",
                    "level": "DEBUG",
                    "thread": "http-nio-8081-exec-8",
                    "class": "o.s.w.s.m.m.a.RequestMappingHandlerMapping",
                    "message": "Mapped to com.zbkj.front.controller.ProductController#getLeaderboard()" }
                    
{
                    "app": "Crmeb",
                    "timestamp":"2025-09-18 17:35:54.124",
                    "level": "DEBUG",
                    "thread": "http-nio-8081-exec-3",
                    "class": "o.s.w.s.m.m.a.RequestMappingHandlerMapping",
                    "message": "Mapped to com.zbkj.front.pc.controller.PcIndexController#getIndexInfo()" }
                    
{
                    "app": "Crmeb",
                    "timestamp":"2025-09-18 17:35:54.124",
                    "level": "DEBUG",
                    "thread": "http-nio-8081-exec-9",
                    "class": "o.s.w.s.m.m.a.RequestMappingHandlerMapping",
                    "message": "Mapped to com.zbkj.front.controller.MerchantController#getStreet(PageParamRequest)" }
                    
{
                    "app": "Crmeb",
                    "timestamp":"2025-09-18 17:36:14.121",
                    "level": "DEBUG",
                    "thread": "http-nio-8081-exec-12",
                    "class": "o.s.web.servlet.DispatcherServlet",
                    "message": "GET "/api/front/activity/index/list", parameters={}" }
                    
{
                    "app": "Crmeb",
                    "timestamp":"2025-09-18 17:36:18.385",
                    "level": "DEBUG",
                    "thread": "http-nio-8081-exec-12",
                    "class": "o.s.w.s.m.m.a.RequestMappingHandlerMapping",
                    "message": "Mapped to com.zbkj.front.controller.ActivityController#getIndexList()" }
                    
{
                    "app": "Crmeb",
                    "timestamp":"2025-09-18 17:41:31.082",
                    "level": "DEBUG",
                    "thread": "main",
                    "class": "o.s.b.c.l.ClasspathLoggingApplicationListener",
                    "message": "Application started with classpath: [jar:file:/E:/2zynt/工作项目/CRMEB-JAVA-ET-V1.2(2025.4.25)/et_java/crmeb-front/target/Crmeb-front.jar!/BOOT-INF/classes!/, jar:file:/E:/2zynt/工作项目/CRMEB-JAVA-ET-V1.2(2025.4.25)/et_java/crmeb-front/target/Crmeb-front.jar!/BOOT-INF/lib/crmeb-service-0.0.1-SNAPSHOT.jar!/, jar:file:/E:/2zynt/工作项目/CRMEB-JAVA-ET-V1.2(2025.4.25)/et_java/crmeb-front/target/Crmeb-front.jar!/BOOT-INF/lib/crmeb-common-0.0.1-SNAPSHOT.jar!/, jar:file:/E:/2zynt/工作项目/CRMEB-JAVA-ET-V1.2(2025.4.25)/et_java/crmeb-front/target/Crmeb-front.jar!/BOOT-INF/lib/javax.servlet-api-4.0.1.jar!/, jar:file:/E:/2zynt/工作项目/CRMEB-JAVA-ET-V1.2(2025.4.25)/et_java/crmeb-front/target/Crmeb-front.jar!/BOOT-INF/lib/jstl-1.2.jar!/, jar:file:/E:/2zynt/工作项目/CRMEB-JAVA-ET-V1.2(2025.4.25)/et_java/crmeb-front/target/Crmeb-front.jar!/BOOT-INF/lib/tomcat-embed-jasper-9.0.33.jar!/, jar:file:/E:/2zynt/工作项目/CRMEB-JAVA-ET-V1.2(2025.4.25)/et_java/crmeb-front/target/Crmeb-front.jar!/BOOT-INF/lib/tomcat-embed-core-9.0.33.jar!/, jar:file:/E:/2zynt/工作项目/CRMEB-JAVA-ET-V1.2(2025.4.25)/et_java/crmeb-front/target/Crmeb-front.jar!/BOOT-INF/lib/tomcat-annotations-api-9.0.33.jar!/, jar:file:/E:/2zynt/工作项目/CRMEB-JAVA-ET-V1.2(2025.4.25)/et_java/crmeb-front/target/Crmeb-front.jar!/BOOT-INF/lib/tomcat-embed-el-9.0.33.jar!/, jar:file:/E:/2zynt/工作项目/CRMEB-JAVA-ET-V1.2(2025.4.25)/et_java/crmeb-front/target/Crmeb-front.jar!/BOOT-INF/lib/ecj-3.18.0.jar!/, jar:file:/E:/2zynt/工作项目/CRMEB-JAVA-ET-V1.2(2025.4.25)/et_java/crmeb-front/target/Crmeb-front.jar!/BOOT-INF/lib/tomcat-jsp-api-9.0.33.jar!/, jar:file:/E:/2zynt/工作项目/CRMEB-JAVA-ET-V1.2(2025.4.25)/et_java/crmeb-front/target/Crmeb-front.jar!/BOOT-INF/lib/tomcat-el-api-9.0.33.jar!/, jar:file:/E:/2zynt/工作项目/CRMEB-JAVA-ET-V1.2(2025.4.25)/et_java/crmeb-front/target/Crmeb-front.jar!/BOOT-INF/lib/tomcat-servlet-api-9.0.33.jar!/, jar:file:/E:/2zynt/工作项目/CRMEB-JAVA-ET-V1.2(2025.4.25)/et_java/crmeb-front/target/Crmeb-front.jar!/BOOT-INF/lib/fastjson-2.0.38.jar!/, jar:file:/E:/2zynt/工作项目/CRMEB-JAVA-ET-V1.2(2025.4.25)/et_java/crmeb-front/target/Crmeb-front.jar!/BOOT-INF/lib/fastjson2-extension-2.0.38.jar!/, jar:file:/E:/2zynt/工作项目/CRMEB-JAVA-ET-V1.2(2025.4.25)/et_java/crmeb-front/target/Crmeb-front.jar!/BOOT-INF/lib/fastjson2-2.0.38.jar!/, jar:file:/E:/2zynt/工作项目/CRMEB-JAVA-ET-V1.2(2025.4.25)/et_java/crmeb-front/target/Crmeb-front.jar!/BOOT-INF/lib/druid-1.1.20.jar!/, jar:file:/E:/2zynt/工作项目/CRMEB-JAVA-ET-V1.2(2025.4.25)/et_java/crmeb-front/target/Crmeb-front.jar!/BOOT-INF/lib/mysql-connector-java-5.1.24.jar!/, jar:file:/E:/2zynt/工作项目/CRMEB-JAVA-ET-V1.2(2025.4.25)/et_java/crmeb-front/target/Crmeb-front.jar!/BOOT-INF/lib/lombok-1.18.12.jar!/, jar:file:/E:/2zynt/工作项目/CRMEB-JAVA-ET-V1.2(2025.4.25)/et_java/crmeb-front/target/Crmeb-front.jar!/BOOT-INF/lib/mybatis-plus-boot-starter-3.3.1.jar!/, jar:file:/E:/2zynt/工作项目/CRMEB-JAVA-ET-V1.2(2025.4.25)/et_java/crmeb-front/target/Crmeb-front.jar!/BOOT-INF/lib/spring-boot-starter-jdbc-2.2.6.RELEASE.jar!/, jar:file:/E:/2zynt/工作项目/CRMEB-JAVA-ET-V1.2(2025.4.25)/et_java/crmeb-front/target/Crmeb-front.jar!/BOOT-INF/lib/HikariCP-3.4.2.jar!/, jar:file:/E:/2zynt/工作项目/CRMEB-JAVA-ET-V1.2(2025.4.25)/et_java/crmeb-front/target/Crmeb-front.jar!/BOOT-INF/lib/spring-jdbc-5.2.5.RELEASE.jar!/, jar:file:/E:/2zynt/工作项目/CRMEB-JAVA-ET-V1.2(2025.4.25)/et_java/crmeb-front/target/Crmeb-front.jar!/BOOT-INF/lib/spring-boot-test-2.2.6.RELEASE.jar!/, jar:file:/E:/2zynt/工作项目/CRMEB-JAVA-ET-V1.2(2025.4.25)/et_java/crmeb-front/target/Crmeb-front.jar!/BOOT-INF/lib/spring-boot-2.2.6.RELEASE.jar!/, jar:file:/E:/2zynt/工作项目/CRMEB-JAVA-ET-V1.2(2025.4.25)/et_java/crmeb-front/target/Crmeb-front.jar!/BOOT-INF/lib/spring-context-5.2.5.RELEASE.jar!/, jar:file:/E:/2zynt/工作项目/CRMEB-JAVA-ET-V1.2(2025.4.25)/et_java/crmeb-front/target/Crmeb-front.jar!/BOOT-INF/lib/spring-test-5.2.5.RELEASE.jar!/, jar:file:/E:/2zynt/工作项目/CRMEB-JAVA-ET-V1.2(2025.4.25)/et_java/crmeb-front/target/Crmeb-front.jar!/BOOT-INF/lib/spring-core-5.2.5.RELEASE.jar!/, jar:file:/E:/2zynt/工作项目/CRMEB-JAVA-ET-V1.2(2025.4.25)/et_java/crmeb-front/target/Crmeb-front.jar!/BOOT-INF/lib/spring-jcl-5.2.5.RELEASE.jar!/, jar:file:/E:/2zynt/工作项目/CRMEB-JAVA-ET-V1.2(2025.4.25)/et_java/crmeb-front/target/Crmeb-front.jar!/BOOT-INF/lib/mybatis-plus-3.3.1.jar!/, jar:file:/E:/2zynt/工作项目/CRMEB-JAVA-ET-V1.2(2025.4.25)/et_java/crmeb-front/target/Crmeb-front.jar!/BOOT-INF/lib/mybatis-plus-extension-3.3.1.jar!/, jar:file:/E:/2zynt/工作项目/CRMEB-JAVA-ET-V1.2(2025.4.25)/et_java/crmeb-front/target/Crmeb-front.jar!/BOOT-INF/lib/mybatis-plus-core-3.3.1.jar!/, jar:file:/E:/2zynt/工作项目/CRMEB-JAVA-ET-V1.2(2025.4.25)/et_java/crmeb-front/target/Crmeb-front.jar!/BOOT-INF/lib/mybatis-plus-annotation-3.3.1.jar!/, jar:file:/E:/2zynt/工作项目/CRMEB-JAVA-ET-V1.2(2025.4.25)/et_java/crmeb-front/target/Crmeb-front.jar!/BOOT-INF/lib/mybatis-3.5.3.jar!/, jar:file:/E:/2zynt/工作项目/CRMEB-JAVA-ET-V1.2(2025.4.25)/et_java/crmeb-front/target/Crmeb-front.jar!/BOOT-INF/lib/mybatis-spring-2.0.3.jar!/, jar:file:/E:/2zynt/工作项目/CRMEB-JAVA-ET-V1.2(2025.4.25)/et_java/crmeb-front/target/Crmeb-front.jar!/BOOT-INF/lib/mybatis-plus-generator-3.3.1.jar!/, jar:file:/E:/2zynt/工作项目/CRMEB-JAVA-ET-V1.2(2025.4.25)/et_java/crmeb-front/target/Crmeb-front.jar!/BOOT-INF/lib/swagger-annotations-1.5.21.jar!/, jar:file:/E:/2zynt/工作项目/CRMEB-JAVA-ET-V1.2(2025.4.25)/et_java/crmeb-front/target/Crmeb-front.jar!/BOOT-INF/lib/springfox-swagger2-2.9.2.jar!/, jar:file:/E:/2zynt/工作项目/CRMEB-JAVA-ET-V1.2(2025.4.25)/et_java/crmeb-front/target/Crmeb-front.jar!/BOOT-INF/lib/springfox-spi-2.9.2.jar!/, jar:file:/E:/2zynt/工作项目/CRMEB-JAVA-ET-V1.2(2025.4.25)/et_java/crmeb-front/target/Crmeb-front.jar!/BOOT-INF/lib/springfox-core-2.9.2.jar!/, jar:file:/E:/2zynt/工作项目/CRMEB-JAVA-ET-V1.2(2025.4.25)/et_java/crmeb-front/target/Crmeb-front.jar!/BOOT-INF/lib/byte-buddy-1.10.8.jar!/, jar:file:/E:/2zynt/工作项目/CRMEB-JAVA-ET-V1.2(2025.4.25)/et_java/crmeb-front/target/Crmeb-front.jar!/BOOT-INF/lib/springfox-schema-2.9.2.jar!/, jar:file:/E:/2zynt/工作项目/CRMEB-JAVA-ET-V1.2(2025.4.25)/et_java/crmeb-front/target/Crmeb-front.jar!/BOOT-INF/lib/springfox-swagger-common-2.9.2.jar!/, jar:file:/E:/2zynt/工作项目/CRMEB-JAVA-ET-V1.2(2025.4.25)/et_java/crmeb-front/target/Crmeb-front.jar!/BOOT-INF/lib/springfox-spring-web-2.9.2.jar!/, jar:file:/E:/2zynt/工作项目/CRMEB-JAVA-ET-V1.2(2025.4.25)/et_java/crmeb-front/target/Crmeb-front.jar!/BOOT-INF/lib/classmate-1.5.1.jar!/, jar:file:/E:/2zynt/工作项目/CRMEB-JAVA-ET-V1.2(2025.4.25)/et_java/crmeb-front/target/Crmeb-front.jar!/BOOT-INF/lib/slf4j-api-1.7.30.jar!/, jar:file:/E:/2zynt/工作项目/CRMEB-JAVA-ET-V1.2(2025.4.25)/et_java/crmeb-front/target/Crmeb-front.jar!/BOOT-INF/lib/spring-plugin-core-1.2.0.RELEASE.jar!/, jar:file:/E:/2zynt/工作项目/CRMEB-JAVA-ET-V1.2(2025.4.25)/et_java/crmeb-front/target/Crmeb-front.jar!/BOOT-INF/lib/spring-plugin-metadata-1.2.0.RELEASE.jar!/, jar:file:/E:/2zynt/工作项目/CRMEB-JAVA-ET-V1.2(2025.4.25)/et_java/crmeb-front/target/Crmeb-front.jar!/BOOT-INF/lib/mapstruct-1.2.0.Final.jar!/, jar:file:/E:/2zynt/工作项目/CRMEB-JAVA-ET-V1.2(2025.4.25)/et_java/crmeb-front/target/Crmeb-front.jar!/BOOT-INF/lib/swagger-models-1.5.22.jar!/, jar:file:/E:/2zynt/工作项目/CRMEB-JAVA-ET-V1.2(2025.4.25)/et_java/crmeb-front/target/Crmeb-front.jar!/BOOT-INF/lib/jackson-annotations-2.10.3.jar!/, jar:file:/E:/2zynt/工作项目/CRMEB-JAVA-ET-V1.2(2025.4.25)/et_java/crmeb-front/target/Crmeb-front.jar!/BOOT-INF/lib/swagger-bootstrap-ui-1.9.3.jar!/, jar:file:/E:/2zynt/工作项目/CRMEB-JAVA-ET-V1.2(2025.4.25)/et_java/crmeb-front/target/Crmeb-front.jar!/BOOT-INF/lib/spring-boot-autoconfigure-2.2.6.RELEASE.jar!/, jar:file:/E:/2zynt/工作项目/CRMEB-JAVA-ET-V1.2(2025.4.25)/et_java/crmeb-front/target/Crmeb-front.jar!/BOOT-INF/lib/logback-classic-1.2.3.jar!/, jar:file:/E:/2zynt/工作项目/CRMEB-JAVA-ET-V1.2(2025.4.25)/et_java/crmeb-front/target/Crmeb-front.jar!/BOOT-INF/lib/logback-core-1.2.3.jar!/, jar:file:/E:/2zynt/工作项目/CRMEB-JAVA-ET-V1.2(2025.4.25)/et_java/crmeb-front/target/Crmeb-front.jar!/BOOT-INF/lib/logstash-logback-encoder-5.3.jar!/, jar:file:/E:/2zynt/工作项目/CRMEB-JAVA-ET-V1.2(2025.4.25)/et_java/crmeb-front/target/Crmeb-front.jar!/BOOT-INF/lib/jackson-databind-2.10.3.jar!/, jar:file:/E:/2zynt/工作项目/CRMEB-JAVA-ET-V1.2(2025.4.25)/et_java/crmeb-front/target/Crmeb-front.jar!/BOOT-INF/lib/spring-boot-starter-web-2.2.6.RELEASE.jar!/, jar:file:/E:/2zynt/工作项目/CRMEB-JAVA-ET-V1.2(2025.4.25)/et_java/crmeb-front/target/Crmeb-front.jar!/BOOT-INF/lib/spring-boot-starter-2.2.6.RELEASE.jar!/, jar:file:/E:/2zynt/工作项目/CRMEB-JAVA-ET-V1.2(2025.4.25)/et_java/crmeb-front/target/Crmeb-front.jar!/BOOT-INF/lib/spring-boot-starter-logging-2.2.6.RELEASE.jar!/, jar:file:/E:/2zynt/工作项目/CRMEB-JAVA-ET-V1.2(2025.4.25)/et_java/crmeb-front/target/Crmeb-front.jar!/BOOT-INF/lib/log4j-to-slf4j-2.12.1.jar!/, jar:file:/E:/2zynt/工作项目/CRMEB-JAVA-ET-V1.2(2025.4.25)/et_java/crmeb-front/target/Crmeb-front.jar!/BOOT-INF/lib/log4j-api-2.12.1.jar!/, jar:file:/E:/2zynt/工作项目/CRMEB-JAVA-ET-V1.2(2025.4.25)/et_java/crmeb-front/target/Crmeb-front.jar!/BOOT-INF/lib/jul-to-slf4j-1.7.30.jar!/, jar:file:/E:/2zynt/工作项目/CRMEB-JAVA-ET-V1.2(2025.4.25)/et_java/crmeb-front/target/Crmeb-front.jar!/BOOT-INF/lib/jakarta.annotation-api-1.3.5.jar!/, jar:file:/E:/2zynt/工作项目/CRMEB-JAVA-ET-V1.2(2025.4.25)/et_java/crmeb-front/target/Crmeb-front.jar!/BOOT-INF/lib/snakeyaml-1.25.jar!/, jar:file:/E:/2zynt/工作项目/CRMEB-JAVA-ET-V1.2(2025.4.25)/et_java/crmeb-front/target/Crmeb-front.jar!/BOOT-INF/lib/spring-boot-starter-json-2.2.6.RELEASE.jar!/, jar:file:/E:/2zynt/工作项目/CRMEB-JAVA-ET-V1.2(2025.4.25)/et_java/crmeb-front/target/Crmeb-front.jar!/BOOT-INF/lib/jackson-datatype-jdk8-2.10.3.jar!/, jar:file:/E:/2zynt/工作项目/CRMEB-JAVA-ET-V1.2(2025.4.25)/et_java/crmeb-front/target/Crmeb-front.jar!/BOOT-INF/lib/jackson-datatype-jsr310-2.10.3.jar!/, jar:file:/E:/2zynt/工作项目/CRMEB-JAVA-ET-V1.2(2025.4.25)/et_java/crmeb-front/target/Crmeb-front.jar!/BOOT-INF/lib/jackson-module-parameter-names-2.10.3.jar!/, jar:file:/E:/2zynt/工作项目/CRMEB-JAVA-ET-V1.2(2025.4.25)/et_java/crmeb-front/target/Crmeb-front.jar!/BOOT-INF/lib/spring-boot-starter-tomcat-2.2.6.RELEASE.jar!/, jar:file:/E:/2zynt/工作项目/CRMEB-JAVA-ET-V1.2(2025.4.25)/et_java/crmeb-front/target/Crmeb-front.jar!/BOOT-INF/lib/tomcat-embed-websocket-9.0.33.jar!/, jar:file:/E:/2zynt/工作项目/CRMEB-JAVA-ET-V1.2(2025.4.25)/et_java/crmeb-front/target/Crmeb-front.jar!/BOOT-INF/lib/spring-boot-starter-validation-2.2.6.RELEASE.jar!/, jar:file:/E:/2zynt/工作项目/CRMEB-JAVA-ET-V1.2(2025.4.25)/et_java/crmeb-front/target/Crmeb-front.jar!/BOOT-INF/lib/jakarta.validation-api-2.0.2.jar!/, jar:file:/E:/2zynt/工作项目/CRMEB-JAVA-ET-V1.2(2025.4.25)/et_java/crmeb-front/target/Crmeb-front.jar!/BOOT-INF/lib/hibernate-validator-6.0.18.Final.jar!/, jar:file:/E:/2zynt/工作项目/CRMEB-JAVA-ET-V1.2(2025.4.25)/et_java/crmeb-front/target/Crmeb-front.jar!/BOOT-INF/lib/jboss-logging-3.4.1.Final.jar!/, jar:file:/E:/2zynt/工作项目/CRMEB-JAVA-ET-V1.2(2025.4.25)/et_java/crmeb-front/target/Crmeb-front.jar!/BOOT-INF/lib/spring-web-5.2.5.RELEASE.jar!/, jar:file:/E:/2zynt/工作项目/CRMEB-JAVA-ET-V1.2(2025.4.25)/et_java/crmeb-front/target/Crmeb-front.jar!/BOOT-INF/lib/spring-webmvc-5.2.5.RELEASE.jar!/, jar:file:/E:/2zynt/工作项目/CRMEB-JAVA-ET-V1.2(2025.4.25)/et_java/crmeb-front/target/Crmeb-front.jar!/BOOT-INF/lib/spring-expression-5.2.5.RELEASE.jar!/, jar:file:/E:/2zynt/工作项目/CRMEB-JAVA-ET-V1.2(2025.4.25)/et_java/crmeb-front/target/Crmeb-front.jar!/BOOT-INF/lib/spring-boot-starter-data-redis-2.2.0.RELEASE.jar!/, jar:file:/E:/2zynt/工作项目/CRMEB-JAVA-ET-V1.2(2025.4.25)/et_java/crmeb-front/target/Crmeb-front.jar!/BOOT-INF/lib/spring-data-redis-2.2.6.RELEASE.jar!/, jar:file:/E:/2zynt/工作项目/CRMEB-JAVA-ET-V1.2(2025.4.25)/et_java/crmeb-front/target/Crmeb-front.jar!/BOOT-INF/lib/spring-data-keyvalue-2.2.6.RELEASE.jar!/, jar:file:/E:/2zynt/工作项目/CRMEB-JAVA-ET-V1.2(2025.4.25)/et_java/crmeb-front/target/Crmeb-front.jar!/BOOT-INF/lib/spring-tx-5.2.5.RELEASE.jar!/, jar:file:/E:/2zynt/工作项目/CRMEB-JAVA-ET-V1.2(2025.4.25)/et_java/crmeb-front/target/Crmeb-front.jar!/BOOT-INF/lib/spring-oxm-5.2.5.RELEASE.jar!/, jar:file:/E:/2zynt/工作项目/CRMEB-JAVA-ET-V1.2(2025.4.25)/et_java/crmeb-front/target/Crmeb-front.jar!/BOOT-INF/lib/lettuce-core-5.2.2.RELEASE.jar!/, jar:file:/E:/2zynt/工作项目/CRMEB-JAVA-ET-V1.2(2025.4.25)/et_java/crmeb-front/target/Crmeb-front.jar!/BOOT-INF/lib/netty-common-4.1.48.Final.jar!/, jar:file:/E:/2zynt/工作项目/CRMEB-JAVA-ET-V1.2(2025.4.25)/et_java/crmeb-front/target/Crmeb-front.jar!/BOOT-INF/lib/netty-handler-4.1.48.Final.jar!/, jar:file:/E:/2zynt/工作项目/CRMEB-JAVA-ET-V1.2(2025.4.25)/et_java/crmeb-front/target/Crmeb-front.jar!/BOOT-INF/lib/netty-resolver-4.1.48.Final.jar!/, jar:file:/E:/2zynt/工作项目/CRMEB-JAVA-ET-V1.2(2025.4.25)/et_java/crmeb-front/target/Crmeb-front.jar!/BOOT-INF/lib/netty-buffer-4.1.48.Final.jar!/, jar:file:/E:/2zynt/工作项目/CRMEB-JAVA-ET-V1.2(2025.4.25)/et_java/crmeb-front/target/Crmeb-front.jar!/BOOT-INF/lib/netty-codec-4.1.48.Final.jar!/, jar:file:/E:/2zynt/工作项目/CRMEB-JAVA-ET-V1.2(2025.4.25)/et_java/crmeb-front/target/Crmeb-front.jar!/BOOT-INF/lib/netty-transport-4.1.48.Final.jar!/, jar:file:/E:/2zynt/工作项目/CRMEB-JAVA-ET-V1.2(2025.4.25)/et_java/crmeb-front/target/Crmeb-front.jar!/BOOT-INF/lib/reactor-core-3.3.4.RELEASE.jar!/, jar:file:/E:/2zynt/工作项目/CRMEB-JAVA-ET-V1.2(2025.4.25)/et_java/crmeb-front/target/Crmeb-front.jar!/BOOT-INF/lib/reactive-streams-1.0.3.jar!/, jar:file:/E:/2zynt/工作项目/CRMEB-JAVA-ET-V1.2(2025.4.25)/et_java/crmeb-front/target/Crmeb-front.jar!/BOOT-INF/lib/jedis-3.1.0.jar!/, jar:file:/E:/2zynt/工作项目/CRMEB-JAVA-ET-V1.2(2025.4.25)/et_java/crmeb-front/target/Crmeb-front.jar!/BOOT-INF/lib/commons-pool2-2.7.0.jar!/, jar:file:/E:/2zynt/工作项目/CRMEB-JAVA-ET-V1.2(2025.4.25)/et_java/crmeb-front/target/Crmeb-front.jar!/BOOT-INF/lib/pagehelper-spring-boot-starter-1.2.5.jar!/, jar:file:/E:/2zynt/工作项目/CRMEB-JAVA-ET-V1.2(2025.4.25)/et_java/crmeb-front/target/Crmeb-front.jar!/BOOT-INF/lib/mybatis-spring-boot-starter-1.3.2.jar!/, jar:file:/E:/2zynt/工作项目/CRMEB-JAVA-ET-V1.2(2025.4.25)/et_java/crmeb-front/target/Crmeb-front.jar!/BOOT-INF/lib/mybatis-spring-boot-autoconfigure-1.3.2.jar!/, jar:file:/E:/2zynt/工作项目/CRMEB-JAVA-ET-V1.2(2025.4.25)/et_java/crmeb-front/target/Crmeb-front.jar!/BOOT-INF/lib/pagehelper-spring-boot-autoconfigure-1.2.5.jar!/, jar:file:/E:/2zynt/工作项目/CRMEB-JAVA-ET-V1.2(2025.4.25)/et_java/crmeb-front/target/Crmeb-front.jar!/BOOT-INF/lib/pagehelper-5.1.4.jar!/, jar:file:/E:/2zynt/工作项目/CRMEB-JAVA-ET-V1.2(2025.4.25)/et_java/crmeb-front/target/Crmeb-front.jar!/BOOT-INF/lib/jsqlparser-1.0.jar!/, jar:file:/E:/2zynt/工作项目/CRMEB-JAVA-ET-V1.2(2025.4.25)/et_java/crmeb-front/target/Crmeb-front.jar!/BOOT-INF/lib/validation-api-1.1.0.Final.jar!/, jar:file:/E:/2zynt/工作项目/CRMEB-JAVA-ET-V1.2(2025.4.25)/et_java/crmeb-front/target/Crmeb-front.jar!/BOOT-INF/lib/spring-data-commons-2.2.6.RELEASE.jar!/, jar:file:/E:/2zynt/工作项目/CRMEB-JAVA-ET-V1.2(2025.4.25)/et_java/crmeb-front/target/Crmeb-front.jar!/BOOT-INF/lib/spring-beans-5.2.5.RELEASE.jar!/, jar:file:/E:/2zynt/工作项目/CRMEB-JAVA-ET-V1.2(2025.4.25)/et_java/crmeb-front/target/Crmeb-front.jar!/BOOT-INF/lib/hutool-all-4.5.7.jar!/, jar:file:/E:/2zynt/工作项目/CRMEB-JAVA-ET-V1.2(2025.4.25)/et_java/crmeb-front/target/Crmeb-front.jar!/BOOT-INF/lib/spring-boot-starter-actuator-2.2.6.RELEASE.jar!/, jar:file:/E:/2zynt/工作项目/CRMEB-JAVA-ET-V1.2(2025.4.25)/et_java/crmeb-front/target/Crmeb-front.jar!/BOOT-INF/lib/spring-boot-actuator-autoconfigure-2.2.6.RELEASE.jar!/, jar:file:/E:/2zynt/工作项目/CRMEB-JAVA-ET-V1.2(2025.4.25)/et_java/crmeb-front/target/Crmeb-front.jar!/BOOT-INF/lib/spring-boot-actuator-2.2.6.RELEASE.jar!/, jar:file:/E:/2zynt/工作项目/CRMEB-JAVA-ET-V1.2(2025.4.25)/et_java/crmeb-front/target/Crmeb-front.jar!/BOOT-INF/lib/micrometer-core-1.3.6.jar!/, jar:file:/E:/2zynt/工作项目/CRMEB-JAVA-ET-V1.2(2025.4.25)/et_java/crmeb-front/target/Crmeb-front.jar!/BOOT-INF/lib/HdrHistogram-2.1.11.jar!/, jar:file:/E:/2zynt/工作项目/CRMEB-JAVA-ET-V1.2(2025.4.25)/et_java/crmeb-front/target/Crmeb-front.jar!/BOOT-INF/lib/LatencyUtils-2.0.3.jar!/, jar:file:/E:/2zynt/工作项目/CRMEB-JAVA-ET-V1.2(2025.4.25)/et_java/crmeb-front/target/Crmeb-front.jar!/BOOT-INF/lib/httpclient-4.5.6.jar!/, jar:file:/E:/2zynt/工作项目/CRMEB-JAVA-ET-V1.2(2025.4.25)/et_java/crmeb-front/target/Crmeb-front.jar!/BOOT-INF/lib/httpcore-4.4.13.jar!/, jar:file:/E:/2zynt/工作项目/CRMEB-JAVA-ET-V1.2(2025.4.25)/et_java/crmeb-front/target/Crmeb-front.jar!/BOOT-INF/lib/commons-logging-1.2.jar!/, jar:file:/E:/2zynt/工作项目/CRMEB-JAVA-ET-V1.2(2025.4.25)/et_java/crmeb-front/target/Crmeb-front.jar!/BOOT-INF/lib/commons-codec-1.13.jar!/, jar:file:/E:/2zynt/工作项目/CRMEB-JAVA-ET-V1.2(2025.4.25)/et_java/crmeb-front/target/Crmeb-front.jar!/BOOT-INF/lib/spring-boot-starter-aop-2.2.6.RELEASE.jar!/, jar:file:/E:/2zynt/工作项目/CRMEB-JAVA-ET-V1.2(2025.4.25)/et_java/crmeb-front/target/Crmeb-front.jar!/BOOT-INF/lib/spring-aop-5.2.5.RELEASE.jar!/, jar:file:/E:/2zynt/工作项目/CRMEB-JAVA-ET-V1.2(2025.4.25)/et_java/crmeb-front/target/Crmeb-front.jar!/BOOT-INF/lib/aspectjweaver-1.9.5.jar!/, jar:file:/E:/2zynt/工作项目/CRMEB-JAVA-ET-V1.2(2025.4.25)/et_java/crmeb-front/target/Crmeb-front.jar!/BOOT-INF/lib/commons-lang3-3.10.jar!/, jar:file:/E:/2zynt/工作项目/CRMEB-JAVA-ET-V1.2(2025.4.25)/et_java/crmeb-front/target/Crmeb-front.jar!/BOOT-INF/lib/poi-3.17.jar!/, jar:file:/E:/2zynt/工作项目/CRMEB-JAVA-ET-V1.2(2025.4.25)/et_java/crmeb-front/target/Crmeb-front.jar!/BOOT-INF/lib/commons-collections4-4.1.jar!/, jar:file:/E:/2zynt/工作项目/CRMEB-JAVA-ET-V1.2(2025.4.25)/et_java/crmeb-front/target/Crmeb-front.jar!/BOOT-INF/lib/poi-ooxml-3.17.jar!/, jar:file:/E:/2zynt/工作项目/CRMEB-JAVA-ET-V1.2(2025.4.25)/et_java/crmeb-front/target/Crmeb-front.jar!/BOOT-INF/lib/poi-ooxml-schemas-3.17.jar!/, jar:file:/E:/2zynt/工作项目/CRMEB-JAVA-ET-V1.2(2025.4.25)/et_java/crmeb-front/target/Crmeb-front.jar!/BOOT-INF/lib/xmlbeans-2.6.0.jar!/, jar:file:/E:/2zynt/工作项目/CRMEB-JAVA-ET-V1.2(2025.4.25)/et_java/crmeb-front/target/Crmeb-front.jar!/BOOT-INF/lib/curvesapi-1.04.jar!/, jar:file:/E:/2zynt/工作项目/CRMEB-JAVA-ET-V1.2(2025.4.25)/et_java/crmeb-front/target/Crmeb-front.jar!/BOOT-INF/lib/commons-fileupload-1.3.3.jar!/, jar:file:/E:/2zynt/工作项目/CRMEB-JAVA-ET-V1.2(2025.4.25)/et_java/crmeb-front/target/Crmeb-front.jar!/BOOT-INF/lib/commons-io-2.4.jar!/, jar:file:/E:/2zynt/工作项目/CRMEB-JAVA-ET-V1.2(2025.4.25)/et_java/crmeb-front/target/Crmeb-front.jar!/BOOT-INF/lib/aliyun-sdk-oss-3.5.0.jar!/, jar:file:/E:/2zynt/工作项目/CRMEB-JAVA-ET-V1.2(2025.4.25)/et_java/crmeb-front/target/Crmeb-front.jar!/BOOT-INF/lib/jdom-1.1.jar!/, jar:file:/E:/2zynt/工作项目/CRMEB-JAVA-ET-V1.2(2025.4.25)/et_java/crmeb-front/target/Crmeb-front.jar!/BOOT-INF/lib/jettison-1.1.jar!/, jar:file:/E:/2zynt/工作项目/CRMEB-JAVA-ET-V1.2(2025.4.25)/et_java/crmeb-front/target/Crmeb-front.jar!/BOOT-INF/lib/stax-api-1.0.1.jar!/, jar:file:/E:/2zynt/工作项目/CRMEB-JAVA-ET-V1.2(2025.4.25)/et_java/crmeb-front/target/Crmeb-front.jar!/BOOT-INF/lib/aliyun-java-sdk-core-3.4.0.jar!/, jar:file:/E:/2zynt/工作项目/CRMEB-JAVA-ET-V1.2(2025.4.25)/et_java/crmeb-front/target/Crmeb-front.jar!/BOOT-INF/lib/aliyun-java-sdk-ram-3.0.0.jar!/, jar:file:/E:/2zynt/工作项目/CRMEB-JAVA-ET-V1.2(2025.4.25)/et_java/crmeb-front/target/Crmeb-front.jar!/BOOT-INF/lib/aliyun-java-sdk-sts-3.0.0.jar!/, jar:file:/E:/2zynt/工作项目/CRMEB-JAVA-ET-V1.2(2025.4.25)/et_java/crmeb-front/target/Crmeb-front.jar!/BOOT-INF/lib/aliyun-java-sdk-ecs-4.2.0.jar!/, jar:file:/E:/2zynt/工作项目/CRMEB-JAVA-ET-V1.2(2025.4.25)/et_java/crmeb-front/target/Crmeb-front.jar!/BOOT-INF/lib/cos_api-5.6.22.jar!/, jar:file:/E:/2zynt/工作项目/CRMEB-JAVA-ET-V1.2(2025.4.25)/et_java/crmeb-front/target/Crmeb-front.jar!/BOOT-INF/lib/joda-time-2.10.5.jar!/, jar:file:/E:/2zynt/工作项目/CRMEB-JAVA-ET-V1.2(2025.4.25)/et_java/crmeb-front/target/Crmeb-front.jar!/BOOT-INF/lib/bcprov-jdk15on-1.64.jar!/, jar:file:/E:/2zynt/工作项目/CRMEB-JAVA-ET-V1.2(2025.4.25)/et_java/crmeb-front/target/Crmeb-front.jar!/BOOT-INF/lib/qiniu-java-sdk-7.2.28.jar!/, jar:file:/E:/2zynt/工作项目/CRMEB-JAVA-ET-V1.2(2025.4.25)/et_java/crmeb-front/target/Crmeb-front.jar!/BOOT-INF/lib/okhttp-3.14.7.jar!/, jar:file:/E:/2zynt/工作项目/CRMEB-JAVA-ET-V1.2(2025.4.25)/et_java/crmeb-front/target/Crmeb-front.jar!/BOOT-INF/lib/okio-1.17.2.jar!/, jar:file:/E:/2zynt/工作项目/CRMEB-JAVA-ET-V1.2(2025.4.25)/et_java/crmeb-front/target/Crmeb-front.jar!/BOOT-INF/lib/gson-2.8.6.jar!/, jar:file:/E:/2zynt/工作项目/CRMEB-JAVA-ET-V1.2(2025.4.25)/et_java/crmeb-front/target/Crmeb-front.jar!/BOOT-INF/lib/dom4j-1.6.1.jar!/, jar:file:/E:/2zynt/工作项目/CRMEB-JAVA-ET-V1.2(2025.4.25)/et_java/crmeb-front/target/Crmeb-front.jar!/BOOT-INF/lib/xml-apis-1.0.b2.jar!/, jar:file:/E:/2zynt/工作项目/CRMEB-JAVA-ET-V1.2(2025.4.25)/et_java/crmeb-front/target/Crmeb-front.jar!/BOOT-INF/lib/xstream-1.4.10.jar!/, jar:file:/E:/2zynt/工作项目/CRMEB-JAVA-ET-V1.2(2025.4.25)/et_java/crmeb-front/target/Crmeb-front.jar!/BOOT-INF/lib/xmlpull-1.1.3.1.jar!/, jar:file:/E:/2zynt/工作项目/CRMEB-JAVA-ET-V1.2(2025.4.25)/et_java/crmeb-front/target/Crmeb-front.jar!/BOOT-INF/lib/xpp3_min-1.1.4c.jar!/, jar:file:/E:/2zynt/工作项目/CRMEB-JAVA-ET-V1.2(2025.4.25)/et_java/crmeb-front/target/Crmeb-front.jar!/BOOT-INF/lib/httpmime-4.5.2.jar!/, jar:file:/E:/2zynt/工作项目/CRMEB-JAVA-ET-V1.2(2025.4.25)/et_java/crmeb-front/target/Crmeb-front.jar!/BOOT-INF/lib/jjwt-0.9.1.jar!/, jar:file:/E:/2zynt/工作项目/CRMEB-JAVA-ET-V1.2(2025.4.25)/et_java/crmeb-front/target/Crmeb-front.jar!/BOOT-INF/lib/jwks-rsa-0.9.0.jar!/, jar:file:/E:/2zynt/工作项目/CRMEB-JAVA-ET-V1.2(2025.4.25)/et_java/crmeb-front/target/Crmeb-front.jar!/BOOT-INF/lib/spring-boot-starter-security-2.2.6.RELEASE.jar!/, jar:file:/E:/2zynt/工作项目/CRMEB-JAVA-ET-V1.2(2025.4.25)/et_java/crmeb-front/target/Crmeb-front.jar!/BOOT-INF/lib/spring-security-config-5.2.2.RELEASE.jar!/, jar:file:/E:/2zynt/工作项目/CRMEB-JAVA-ET-V1.2(2025.4.25)/et_java/crmeb-front/target/Crmeb-front.jar!/BOOT-INF/lib/spring-security-core-5.2.2.RELEASE.jar!/, jar:file:/E:/2zynt/工作项目/CRMEB-JAVA-ET-V1.2(2025.4.25)/et_java/crmeb-front/target/Crmeb-front.jar!/BOOT-INF/lib/spring-security-web-5.2.2.RELEASE.jar!/, jar:file:/E:/2zynt/工作项目/CRMEB-JAVA-ET-V1.2(2025.4.25)/et_java/crmeb-front/target/Crmeb-front.jar!/BOOT-INF/lib/spring-boot-starter-mail-2.2.6.RELEASE.jar!/, jar:file:/E:/2zynt/工作项目/CRMEB-JAVA-ET-V1.2(2025.4.25)/et_java/crmeb-front/target/Crmeb-front.jar!/BOOT-INF/lib/spring-context-support-5.2.5.RELEASE.jar!/, jar:file:/E:/2zynt/工作项目/CRMEB-JAVA-ET-V1.2(2025.4.25)/et_java/crmeb-front/target/Crmeb-front.jar!/BOOT-INF/lib/jakarta.mail-1.6.5.jar!/, jar:file:/E:/2zynt/工作项目/CRMEB-JAVA-ET-V1.2(2025.4.25)/et_java/crmeb-front/target/Crmeb-front.jar!/BOOT-INF/lib/jakarta.activation-1.2.2.jar!/, jar:file:/E:/2zynt/工作项目/CRMEB-JAVA-ET-V1.2(2025.4.25)/et_java/crmeb-front/target/Crmeb-front.jar!/BOOT-INF/lib/checkout-sdk-1.0.4.jar!/, jar:file:/E:/2zynt/工作项目/CRMEB-JAVA-ET-V1.2(2025.4.25)/et_java/crmeb-front/target/Crmeb-front.jar!/BOOT-INF/lib/paypalhttp-1.0.2.jar!/, jar:file:/E:/2zynt/工作项目/CRMEB-JAVA-ET-V1.2(2025.4.25)/et_java/crmeb-front/target/Crmeb-front.jar!/BOOT-INF/lib/dysmsapi20170525-2.0.8.jar!/, jar:file:/E:/2zynt/工作项目/CRMEB-JAVA-ET-V1.2(2025.4.25)/et_java/crmeb-front/target/Crmeb-front.jar!/BOOT-INF/lib/tea-util-0.2.13.jar!/, jar:file:/E:/2zynt/工作项目/CRMEB-JAVA-ET-V1.2(2025.4.25)/et_java/crmeb-front/target/Crmeb-front.jar!/BOOT-INF/lib/endpoint-util-0.0.6.jar!/, jar:file:/E:/2zynt/工作项目/CRMEB-JAVA-ET-V1.2(2025.4.25)/et_java/crmeb-front/target/Crmeb-front.jar!/BOOT-INF/lib/tea-1.1.14.jar!/, jar:file:/E:/2zynt/工作项目/CRMEB-JAVA-ET-V1.2(2025.4.25)/et_java/crmeb-front/target/Crmeb-front.jar!/BOOT-INF/lib/org.jacoco.agent-0.8.4-runtime.jar!/, jar:file:/E:/2zynt/工作项目/CRMEB-JAVA-ET-V1.2(2025.4.25)/et_java/crmeb-front/target/Crmeb-front.jar!/BOOT-INF/lib/tea-openapi-0.1.6.jar!/, jar:file:/E:/2zynt/工作项目/CRMEB-JAVA-ET-V1.2(2025.4.25)/et_java/crmeb-front/target/Crmeb-front.jar!/BOOT-INF/lib/credentials-java-0.2.4.jar!/, jar:file:/E:/2zynt/工作项目/CRMEB-JAVA-ET-V1.2(2025.4.25)/et_java/crmeb-front/target/Crmeb-front.jar!/BOOT-INF/lib/ini4j-0.5.4.jar!/, jar:file:/E:/2zynt/工作项目/CRMEB-JAVA-ET-V1.2(2025.4.25)/et_java/crmeb-front/target/Crmeb-front.jar!/BOOT-INF/lib/jaxb-api-2.3.1.jar!/, jar:file:/E:/2zynt/工作项目/CRMEB-JAVA-ET-V1.2(2025.4.25)/et_java/crmeb-front/target/Crmeb-front.jar!/BOOT-INF/lib/javax.activation-api-1.2.0.jar!/, jar:file:/E:/2zynt/工作项目/CRMEB-JAVA-ET-V1.2(2025.4.25)/et_java/crmeb-front/target/Crmeb-front.jar!/BOOT-INF/lib/jaxb-core-2.3.0.jar!/, jar:file:/E:/2zynt/工作项目/CRMEB-JAVA-ET-V1.2(2025.4.25)/et_java/crmeb-front/target/Crmeb-front.jar!/BOOT-INF/lib/jaxb-impl-2.3.0.jar!/, jar:file:/E:/2zynt/工作项目/CRMEB-JAVA-ET-V1.2(2025.4.25)/et_java/crmeb-front/target/Crmeb-front.jar!/BOOT-INF/lib/openapiutil-0.1.13.jar!/, jar:file:/E:/2zynt/工作项目/CRMEB-JAVA-ET-V1.2(2025.4.25)/et_java/crmeb-front/target/Crmeb-front.jar!/BOOT-INF/lib/sdk-core-java-1.1.7.jar!/, jar:file:/E:/2zynt/工作项目/CRMEB-JAVA-ET-V1.2(2025.4.25)/et_java/crmeb-front/target/Crmeb-front.jar!/BOOT-INF/lib/juniversalchardet-1.0.3.jar!/, jar:file:/E:/2zynt/工作项目/CRMEB-JAVA-ET-V1.2(2025.4.25)/et_java/crmeb-front/target/Crmeb-front.jar!/BOOT-INF/lib/plexus-digest-1.0.jar!/, jar:file:/E:/2zynt/工作项目/CRMEB-JAVA-ET-V1.2(2025.4.25)/et_java/crmeb-front/target/Crmeb-front.jar!/BOOT-INF/lib/plexus-container-default-1.0-alpha-8.jar!/, jar:file:/E:/2zynt/工作项目/CRMEB-JAVA-ET-V1.2(2025.4.25)/et_java/crmeb-front/target/Crmeb-front.jar!/BOOT-INF/lib/plexus-utils-1.0.4.jar!/, jar:file:/E:/2zynt/工作项目/CRMEB-JAVA-ET-V1.2(2025.4.25)/et_java/crmeb-front/target/Crmeb-front.jar!/BOOT-INF/lib/classworlds-1.1-alpha-2.jar!/, jar:file:/E:/2zynt/工作项目/CRMEB-JAVA-ET-V1.2(2025.4.25)/et_java/crmeb-front/target/Crmeb-front.jar!/BOOT-INF/lib/stripe-java-20.124.0.jar!/, jar:file:/E:/2zynt/工作项目/CRMEB-JAVA-ET-V1.2(2025.4.25)/et_java/crmeb-front/target/Crmeb-front.jar!/BOOT-INF/lib/weixin-java-pay-4.5.0.jar!/, jar:file:/E:/2zynt/工作项目/CRMEB-JAVA-ET-V1.2(2025.4.25)/et_java/crmeb-front/target/Crmeb-front.jar!/BOOT-INF/lib/weixin-java-common-4.5.0.jar!/, jar:file:/E:/2zynt/工作项目/CRMEB-JAVA-ET-V1.2(2025.4.25)/et_java/crmeb-front/target/Crmeb-front.jar!/BOOT-INF/lib/jcl-over-slf4j-1.7.30.jar!/, jar:file:/E:/2zynt/工作项目/CRMEB-JAVA-ET-V1.2(2025.4.25)/et_java/crmeb-front/target/Crmeb-front.jar!/BOOT-INF/lib/dom4j-2.1.3.jar!/, jar:file:/E:/2zynt/工作项目/CRMEB-JAVA-ET-V1.2(2025.4.25)/et_java/crmeb-front/target/Crmeb-front.jar!/BOOT-INF/lib/qrcode-utils-1.1.jar!/, jar:file:/E:/2zynt/工作项目/CRMEB-JAVA-ET-V1.2(2025.4.25)/et_java/crmeb-front/target/Crmeb-front.jar!/BOOT-INF/lib/bcpkix-jdk15on-1.68.jar!/, jar:file:/E:/2zynt/工作项目/CRMEB-JAVA-ET-V1.2(2025.4.25)/et_java/crmeb-front/target/Crmeb-front.jar!/BOOT-INF/lib/jodd-http-6.2.1.jar!/, jar:file:/E:/2zynt/工作项目/CRMEB-JAVA-ET-V1.2(2025.4.25)/et_java/crmeb-front/target/Crmeb-front.jar!/BOOT-INF/lib/jodd-util-6.1.0.jar!/, jar:file:/E:/2zynt/工作项目/CRMEB-JAVA-ET-V1.2(2025.4.25)/et_java/crmeb-front/target/Crmeb-front.jar!/BOOT-INF/lib/javase-3.3.3.jar!/, jar:file:/E:/2zynt/工作项目/CRMEB-JAVA-ET-V1.2(2025.4.25)/et_java/crmeb-front/target/Crmeb-front.jar!/BOOT-INF/lib/core-3.3.3.jar!/, jar:file:/E:/2zynt/工作项目/CRMEB-JAVA-ET-V1.2(2025.4.25)/et_java/crmeb-front/target/Crmeb-front.jar!/BOOT-INF/lib/jcommander-1.72.jar!/, jar:file:/E:/2zynt/工作项目/CRMEB-JAVA-ET-V1.2(2025.4.25)/et_java/crmeb-front/target/Crmeb-front.jar!/BOOT-INF/lib/jai-imageio-core-1.4.0.jar!/, jar:file:/E:/2zynt/工作项目/CRMEB-JAVA-ET-V1.2(2025.4.25)/et_java/crmeb-front/target/Crmeb-front.jar!/BOOT-INF/lib/google-api-client-1.30.10.jar!/, jar:file:/E:/2zynt/工作项目/CRMEB-JAVA-ET-V1.2(2025.4.25)/et_java/crmeb-front/target/Crmeb-front.jar!/BOOT-INF/lib/google-oauth-client-1.31.0.jar!/, jar:file:/E:/2zynt/工作项目/CRMEB-JAVA-ET-V1.2(2025.4.25)/et_java/crmeb-front/target/Crmeb-front.jar!/BOOT-INF/lib/google-http-client-1.35.0.jar!/, jar:file:/E:/2zynt/工作项目/CRMEB-JAVA-ET-V1.2(2025.4.25)/et_java/crmeb-front/target/Crmeb-front.jar!/BOOT-INF/lib/opencensus-api-0.24.0.jar!/, jar:file:/E:/2zynt/工作项目/CRMEB-JAVA-ET-V1.2(2025.4.25)/et_java/crmeb-front/target/Crmeb-front.jar!/BOOT-INF/lib/grpc-context-1.22.1.jar!/, jar:file:/E:/2zynt/工作项目/CRMEB-JAVA-ET-V1.2(2025.4.25)/et_java/crmeb-front/target/Crmeb-front.jar!/BOOT-INF/lib/opencensus-contrib-http-util-0.24.0.jar!/, jar:file:/E:/2zynt/工作项目/CRMEB-JAVA-ET-V1.2(2025.4.25)/et_java/crmeb-front/target/Crmeb-front.jar!/BOOT-INF/lib/jsr305-3.0.2.jar!/, jar:file:/E:/2zynt/工作项目/CRMEB-JAVA-ET-V1.2(2025.4.25)/et_java/crmeb-front/target/Crmeb-front.jar!/BOOT-INF/lib/google-http-client-jackson2-1.36.0.jar!/, jar:file:/E:/2zynt/工作项目/CRMEB-JAVA-ET-V1.2(2025.4.25)/et_java/crmeb-front/target/Crmeb-front.jar!/BOOT-INF/lib/jackson-core-2.10.3.jar!/, jar:file:/E:/2zynt/工作项目/CRMEB-JAVA-ET-V1.2(2025.4.25)/et_java/crmeb-front/target/Crmeb-front.jar!/BOOT-INF/lib/guava-29.0-android.jar!/, jar:file:/E:/2zynt/工作项目/CRMEB-JAVA-ET-V1.2(2025.4.25)/et_java/crmeb-front/target/Crmeb-front.jar!/BOOT-INF/lib/failureaccess-1.0.1.jar!/, jar:file:/E:/2zynt/工作项目/CRMEB-JAVA-ET-V1.2(2025.4.25)/et_java/crmeb-front/target/Crmeb-front.jar!/BOOT-INF/lib/listenablefuture-9999.0-empty-to-avoid-conflict-with-guava.jar!/, jar:file:/E:/2zynt/工作项目/CRMEB-JAVA-ET-V1.2(2025.4.25)/et_java/crmeb-front/target/Crmeb-front.jar!/BOOT-INF/lib/checker-compat-qual-2.5.5.jar!/, jar:file:/E:/2zynt/工作项目/CRMEB-JAVA-ET-V1.2(2025.4.25)/et_java/crmeb-front/target/Crmeb-front.jar!/BOOT-INF/lib/error_prone_annotations-2.3.4.jar!/, jar:file:/E:/2zynt/工作项目/CRMEB-JAVA-ET-V1.2(2025.4.25)/et_java/crmeb-front/target/Crmeb-front.jar!/BOOT-INF/lib/j2objc-annotations-1.3.jar!/, jar:file:/E:/2zynt/工作项目/CRMEB-JAVA-ET-V1.2(2025.4.25)/et_java/crmeb-front/target/Crmeb-front.jar!/BOOT-INF/lib/twitter4j-core-4.0.7.jar!/, jar:file:/E:/2zynt/工作项目/CRMEB-JAVA-ET-V1.2(2025.4.25)/et_java/crmeb-front/target/Crmeb-front.jar!/BOOT-INF/lib/spring-boot-jarmode-layertools-2.6.6.jar!/]" }
                    
{
                    "app": "Crmeb",
                    "timestamp":"2025-09-18 17:41:31.167",
                    "level": "DEBUG",
                    "thread": "main",
                    "class": "o.springframework.boot.SpringApplication",
                    "message": "Loading source class com.zbkj.front.CrmebFrontApplication" }
                    
{
                    "app": "Crmeb",
                    "timestamp":"2025-09-18 17:41:31.211",
                    "level": "DEBUG",
                    "thread": "main",
                    "class": "o.s.b.c.c.ConfigFileApplicationListener",
                    "message": "Loaded config file 'jar:file:/E:/2zynt/%E5%B7%A5%E4%BD%9C%E9%A1%B9%E7%9B%AE/CRMEB-JAVA-ET-V1.2(2025.4.25)/et_java/crmeb-front/target/Crmeb-front.jar!/BOOT-INF/classes!/application.yml' (classpath:/application.yml)" }
                    
{
                    "app": "Crmeb",
                    "timestamp":"2025-09-18 17:41:31.212",
                    "level": "DEBUG",
                    "thread": "main",
                    "class": "o.s.b.w.s.c.AnnotationConfigServletWebServerApplicationContext",
                    "message": "Refreshing org.springframework.boot.web.servlet.context.AnnotationConfigServletWebServerApplicationContext@4520ebad" }
                    
{
                    "app": "Crmeb",
                    "timestamp":"2025-09-18 17:41:33.267",
                    "level": "DEBUG",
                    "thread": "main",
                    "class": "o.s.b.w.e.t.TomcatServletWebServerFactory",
                    "message": "Code archive: E:\2zynt\工作项目\CRMEB-JAVA-ET-V1.2(2025.4.25)\et_java\crmeb-front\target\Crmeb-front.jar" }
                    
{
                    "app": "Crmeb",
                    "timestamp":"2025-09-18 17:41:33.268",
                    "level": "DEBUG",
                    "thread": "main",
                    "class": "o.s.b.w.e.t.TomcatServletWebServerFactory",
                    "message": "Code archive: E:\2zynt\工作项目\CRMEB-JAVA-ET-V1.2(2025.4.25)\et_java\crmeb-front\target\Crmeb-front.jar" }
                    
{
                    "app": "Crmeb",
                    "timestamp":"2025-09-18 17:41:33.269",
                    "level": "DEBUG",
                    "thread": "main",
                    "class": "o.s.b.w.e.t.TomcatServletWebServerFactory",
                    "message": "None of the document roots [src/main/webapp, public, static] point to a directory and will be ignored." }
                    
{
                    "app": "Crmeb",
                    "timestamp":"2025-09-18 17:41:33.733",
                    "level": "DEBUG",
                    "thread": "main",
                    "class": "o.s.web.context.ContextLoader",
                    "message": "Published root WebApplicationContext as ServletContext attribute with name [org.springframework.web.context.WebApplicationContext.ROOT]" }
                    
{
                    "app": "Crmeb",
                    "timestamp":"2025-09-18 17:41:34.220",
                    "level": "DEBUG",
                    "thread": "main",
                    "class": "o.s.b.w.s.ServletContextInitializerBeans",
                    "message": "Mapping filters: filterRegistrationBean urls=[/*] order=-2147483647, springSecurityFilterChain urls=[/*] order=-100, filterRegistrationBean urls=[/*] order=2147483647, filterRegistrationBean urls=[/*] order=2147483647, characterEncodingFilter urls=[/*] order=-2147483648, formContentFilter urls=[/*] order=-9900, requestContextFilter urls=[/*] order=-105, corsFilter urls=[/*] order=2147483647" }
                    
{
                    "app": "Crmeb",
                    "timestamp":"2025-09-18 17:41:34.221",
                    "level": "DEBUG",
                    "thread": "main",
                    "class": "o.s.b.w.s.ServletContextInitializerBeans",
                    "message": "Mapping servlets: statViewServlet urls=[/druid/*], dispatcherServlet urls=[/]" }
                    
{
                    "app": "Crmeb",
                    "timestamp":"2025-09-18 17:41:34.270",
                    "level": "DEBUG",
                    "thread": "main",
                    "class": "o.s.b.a.m.w.servlet.WebMvcMetricsFilter",
                    "message": "Filter 'webMvcMetricsFilter' configured for use" }
                    
{
                    "app": "Crmeb",
                    "timestamp":"2025-09-18 17:41:34.273",
                    "level": "DEBUG",
                    "thread": "main",
                    "class": "o.s.b.w.s.f.OrderedRequestContextFilter",
                    "message": "Filter 'requestContextFilter' configured for use" }
                    
{
                    "app": "Crmeb",
                    "timestamp":"2025-09-18 17:41:34.274",
                    "level": "DEBUG",
                    "thread": "main",
                    "class": "o.springframework.web.filter.CorsFilter",
                    "message": "Filter 'corsFilter' configured for use" }
                    
{
                    "app": "Crmeb",
                    "timestamp":"2025-09-18 17:41:34.275",
                    "level": "DEBUG",
                    "thread": "main",
                    "class": "o.s.b.w.s.f.OrderedCharacterEncodingFilter",
                    "message": "Filter 'characterEncodingFilter' configured for use" }
                    
{
                    "app": "Crmeb",
                    "timestamp":"2025-09-18 17:41:34.275",
                    "level": "DEBUG",
                    "thread": "main",
                    "class": "o.s.b.w.s.DelegatingFilterProxyRegistrationBean$1",
                    "message": "Filter 'springSecurityFilterChain' configured for use" }
                    
{
                    "app": "Crmeb",
                    "timestamp":"2025-09-18 17:41:34.275",
                    "level": "DEBUG",
                    "thread": "main",
                    "class": "o.s.b.w.s.f.OrderedFormContentFilter",
                    "message": "Filter 'formContentFilter' configured for use" }
                    
{
                    "app": "Crmeb",
                    "timestamp":"2025-09-18 17:41:39.356",
                    "level": "DEBUG",
                    "thread": "main",
                    "class": "o.s.w.s.m.m.a.RequestMappingHandlerMapping",
                    "message": "151 mappings in 'requestMappingHandlerMapping'" }
                    
{
                    "app": "Crmeb",
                    "timestamp":"2025-09-18 17:41:39.729",
                    "level": "DEBUG",
                    "thread": "main",
                    "class": "o.s.w.s.m.m.a.RequestMappingHandlerAdapter",
                    "message": "ControllerAdvice beans: 0 @ModelAttribute, 0 @InitBinder, 1 RequestBodyAdvice, 1 ResponseBodyAdvice" }
                    
{
                    "app": "Crmeb",
                    "timestamp":"2025-09-18 17:41:39.801",
                    "level": "DEBUG",
                    "thread": "main",
                    "class": "o.s.w.s.handler.SimpleUrlHandlerMapping",
                    "message": "Patterns [/webjars/**, /**, /doc.html] in 'resourceHandlerMapping'" }
                    
{
                    "app": "Crmeb",
                    "timestamp":"2025-09-18 17:41:39.812",
                    "level": "DEBUG",
                    "thread": "main",
                    "class": "o.s.w.s.m.m.a.ExceptionHandlerExceptionResolver",
                    "message": "ControllerAdvice beans: 1 @ExceptionHandler, 1 ResponseBodyAdvice" }
                    
{
                    "app": "Crmeb",
                    "timestamp":"2025-09-18 17:41:40.627",
                    "level": "DEBUG",
                    "thread": "main",
                    "class": "o.s.b.c.l.ClasspathLoggingApplicationListener",
                    "message": "Application failed to start with classpath: [jar:file:/E:/2zynt/工作项目/CRMEB-JAVA-ET-V1.2(2025.4.25)/et_java/crmeb-front/target/Crmeb-front.jar!/BOOT-INF/classes!/, jar:file:/E:/2zynt/工作项目/CRMEB-JAVA-ET-V1.2(2025.4.25)/et_java/crmeb-front/target/Crmeb-front.jar!/BOOT-INF/lib/crmeb-service-0.0.1-SNAPSHOT.jar!/, jar:file:/E:/2zynt/工作项目/CRMEB-JAVA-ET-V1.2(2025.4.25)/et_java/crmeb-front/target/Crmeb-front.jar!/BOOT-INF/lib/crmeb-common-0.0.1-SNAPSHOT.jar!/, jar:file:/E:/2zynt/工作项目/CRMEB-JAVA-ET-V1.2(2025.4.25)/et_java/crmeb-front/target/Crmeb-front.jar!/BOOT-INF/lib/javax.servlet-api-4.0.1.jar!/, jar:file:/E:/2zynt/工作项目/CRMEB-JAVA-ET-V1.2(2025.4.25)/et_java/crmeb-front/target/Crmeb-front.jar!/BOOT-INF/lib/jstl-1.2.jar!/, jar:file:/E:/2zynt/工作项目/CRMEB-JAVA-ET-V1.2(2025.4.25)/et_java/crmeb-front/target/Crmeb-front.jar!/BOOT-INF/lib/tomcat-embed-jasper-9.0.33.jar!/, jar:file:/E:/2zynt/工作项目/CRMEB-JAVA-ET-V1.2(2025.4.25)/et_java/crmeb-front/target/Crmeb-front.jar!/BOOT-INF/lib/tomcat-embed-core-9.0.33.jar!/, jar:file:/E:/2zynt/工作项目/CRMEB-JAVA-ET-V1.2(2025.4.25)/et_java/crmeb-front/target/Crmeb-front.jar!/BOOT-INF/lib/tomcat-annotations-api-9.0.33.jar!/, jar:file:/E:/2zynt/工作项目/CRMEB-JAVA-ET-V1.2(2025.4.25)/et_java/crmeb-front/target/Crmeb-front.jar!/BOOT-INF/lib/tomcat-embed-el-9.0.33.jar!/, jar:file:/E:/2zynt/工作项目/CRMEB-JAVA-ET-V1.2(2025.4.25)/et_java/crmeb-front/target/Crmeb-front.jar!/BOOT-INF/lib/ecj-3.18.0.jar!/, jar:file:/E:/2zynt/工作项目/CRMEB-JAVA-ET-V1.2(2025.4.25)/et_java/crmeb-front/target/Crmeb-front.jar!/BOOT-INF/lib/tomcat-jsp-api-9.0.33.jar!/, jar:file:/E:/2zynt/工作项目/CRMEB-JAVA-ET-V1.2(2025.4.25)/et_java/crmeb-front/target/Crmeb-front.jar!/BOOT-INF/lib/tomcat-el-api-9.0.33.jar!/, jar:file:/E:/2zynt/工作项目/CRMEB-JAVA-ET-V1.2(2025.4.25)/et_java/crmeb-front/target/Crmeb-front.jar!/BOOT-INF/lib/tomcat-servlet-api-9.0.33.jar!/, jar:file:/E:/2zynt/工作项目/CRMEB-JAVA-ET-V1.2(2025.4.25)/et_java/crmeb-front/target/Crmeb-front.jar!/BOOT-INF/lib/fastjson-2.0.38.jar!/, jar:file:/E:/2zynt/工作项目/CRMEB-JAVA-ET-V1.2(2025.4.25)/et_java/crmeb-front/target/Crmeb-front.jar!/BOOT-INF/lib/fastjson2-extension-2.0.38.jar!/, jar:file:/E:/2zynt/工作项目/CRMEB-JAVA-ET-V1.2(2025.4.25)/et_java/crmeb-front/target/Crmeb-front.jar!/BOOT-INF/lib/fastjson2-2.0.38.jar!/, jar:file:/E:/2zynt/工作项目/CRMEB-JAVA-ET-V1.2(2025.4.25)/et_java/crmeb-front/target/Crmeb-front.jar!/BOOT-INF/lib/druid-1.1.20.jar!/, jar:file:/E:/2zynt/工作项目/CRMEB-JAVA-ET-V1.2(2025.4.25)/et_java/crmeb-front/target/Crmeb-front.jar!/BOOT-INF/lib/mysql-connector-java-5.1.24.jar!/, jar:file:/E:/2zynt/工作项目/CRMEB-JAVA-ET-V1.2(2025.4.25)/et_java/crmeb-front/target/Crmeb-front.jar!/BOOT-INF/lib/lombok-1.18.12.jar!/, jar:file:/E:/2zynt/工作项目/CRMEB-JAVA-ET-V1.2(2025.4.25)/et_java/crmeb-front/target/Crmeb-front.jar!/BOOT-INF/lib/mybatis-plus-boot-starter-3.3.1.jar!/, jar:file:/E:/2zynt/工作项目/CRMEB-JAVA-ET-V1.2(2025.4.25)/et_java/crmeb-front/target/Crmeb-front.jar!/BOOT-INF/lib/spring-boot-starter-jdbc-2.2.6.RELEASE.jar!/, jar:file:/E:/2zynt/工作项目/CRMEB-JAVA-ET-V1.2(2025.4.25)/et_java/crmeb-front/target/Crmeb-front.jar!/BOOT-INF/lib/HikariCP-3.4.2.jar!/, jar:file:/E:/2zynt/工作项目/CRMEB-JAVA-ET-V1.2(2025.4.25)/et_java/crmeb-front/target/Crmeb-front.jar!/BOOT-INF/lib/spring-jdbc-5.2.5.RELEASE.jar!/, jar:file:/E:/2zynt/工作项目/CRMEB-JAVA-ET-V1.2(2025.4.25)/et_java/crmeb-front/target/Crmeb-front.jar!/BOOT-INF/lib/spring-boot-test-2.2.6.RELEASE.jar!/, jar:file:/E:/2zynt/工作项目/CRMEB-JAVA-ET-V1.2(2025.4.25)/et_java/crmeb-front/target/Crmeb-front.jar!/BOOT-INF/lib/spring-boot-2.2.6.RELEASE.jar!/, jar:file:/E:/2zynt/工作项目/CRMEB-JAVA-ET-V1.2(2025.4.25)/et_java/crmeb-front/target/Crmeb-front.jar!/BOOT-INF/lib/spring-context-5.2.5.RELEASE.jar!/, jar:file:/E:/2zynt/工作项目/CRMEB-JAVA-ET-V1.2(2025.4.25)/et_java/crmeb-front/target/Crmeb-front.jar!/BOOT-INF/lib/spring-test-5.2.5.RELEASE.jar!/, jar:file:/E:/2zynt/工作项目/CRMEB-JAVA-ET-V1.2(2025.4.25)/et_java/crmeb-front/target/Crmeb-front.jar!/BOOT-INF/lib/spring-core-5.2.5.RELEASE.jar!/, jar:file:/E:/2zynt/工作项目/CRMEB-JAVA-ET-V1.2(2025.4.25)/et_java/crmeb-front/target/Crmeb-front.jar!/BOOT-INF/lib/spring-jcl-5.2.5.RELEASE.jar!/, jar:file:/E:/2zynt/工作项目/CRMEB-JAVA-ET-V1.2(2025.4.25)/et_java/crmeb-front/target/Crmeb-front.jar!/BOOT-INF/lib/mybatis-plus-3.3.1.jar!/, jar:file:/E:/2zynt/工作项目/CRMEB-JAVA-ET-V1.2(2025.4.25)/et_java/crmeb-front/target/Crmeb-front.jar!/BOOT-INF/lib/mybatis-plus-extension-3.3.1.jar!/, jar:file:/E:/2zynt/工作项目/CRMEB-JAVA-ET-V1.2(2025.4.25)/et_java/crmeb-front/target/Crmeb-front.jar!/BOOT-INF/lib/mybatis-plus-core-3.3.1.jar!/, jar:file:/E:/2zynt/工作项目/CRMEB-JAVA-ET-V1.2(2025.4.25)/et_java/crmeb-front/target/Crmeb-front.jar!/BOOT-INF/lib/mybatis-plus-annotation-3.3.1.jar!/, jar:file:/E:/2zynt/工作项目/CRMEB-JAVA-ET-V1.2(2025.4.25)/et_java/crmeb-front/target/Crmeb-front.jar!/BOOT-INF/lib/mybatis-3.5.3.jar!/, jar:file:/E:/2zynt/工作项目/CRMEB-JAVA-ET-V1.2(2025.4.25)/et_java/crmeb-front/target/Crmeb-front.jar!/BOOT-INF/lib/mybatis-spring-2.0.3.jar!/, jar:file:/E:/2zynt/工作项目/CRMEB-JAVA-ET-V1.2(2025.4.25)/et_java/crmeb-front/target/Crmeb-front.jar!/BOOT-INF/lib/mybatis-plus-generator-3.3.1.jar!/, jar:file:/E:/2zynt/工作项目/CRMEB-JAVA-ET-V1.2(2025.4.25)/et_java/crmeb-front/target/Crmeb-front.jar!/BOOT-INF/lib/swagger-annotations-1.5.21.jar!/, jar:file:/E:/2zynt/工作项目/CRMEB-JAVA-ET-V1.2(2025.4.25)/et_java/crmeb-front/target/Crmeb-front.jar!/BOOT-INF/lib/springfox-swagger2-2.9.2.jar!/, jar:file:/E:/2zynt/工作项目/CRMEB-JAVA-ET-V1.2(2025.4.25)/et_java/crmeb-front/target/Crmeb-front.jar!/BOOT-INF/lib/springfox-spi-2.9.2.jar!/, jar:file:/E:/2zynt/工作项目/CRMEB-JAVA-ET-V1.2(2025.4.25)/et_java/crmeb-front/target/Crmeb-front.jar!/BOOT-INF/lib/springfox-core-2.9.2.jar!/, jar:file:/E:/2zynt/工作项目/CRMEB-JAVA-ET-V1.2(2025.4.25)/et_java/crmeb-front/target/Crmeb-front.jar!/BOOT-INF/lib/byte-buddy-1.10.8.jar!/, jar:file:/E:/2zynt/工作项目/CRMEB-JAVA-ET-V1.2(2025.4.25)/et_java/crmeb-front/target/Crmeb-front.jar!/BOOT-INF/lib/springfox-schema-2.9.2.jar!/, jar:file:/E:/2zynt/工作项目/CRMEB-JAVA-ET-V1.2(2025.4.25)/et_java/crmeb-front/target/Crmeb-front.jar!/BOOT-INF/lib/springfox-swagger-common-2.9.2.jar!/, jar:file:/E:/2zynt/工作项目/CRMEB-JAVA-ET-V1.2(2025.4.25)/et_java/crmeb-front/target/Crmeb-front.jar!/BOOT-INF/lib/springfox-spring-web-2.9.2.jar!/, jar:file:/E:/2zynt/工作项目/CRMEB-JAVA-ET-V1.2(2025.4.25)/et_java/crmeb-front/target/Crmeb-front.jar!/BOOT-INF/lib/classmate-1.5.1.jar!/, jar:file:/E:/2zynt/工作项目/CRMEB-JAVA-ET-V1.2(2025.4.25)/et_java/crmeb-front/target/Crmeb-front.jar!/BOOT-INF/lib/slf4j-api-1.7.30.jar!/, jar:file:/E:/2zynt/工作项目/CRMEB-JAVA-ET-V1.2(2025.4.25)/et_java/crmeb-front/target/Crmeb-front.jar!/BOOT-INF/lib/spring-plugin-core-1.2.0.RELEASE.jar!/, jar:file:/E:/2zynt/工作项目/CRMEB-JAVA-ET-V1.2(2025.4.25)/et_java/crmeb-front/target/Crmeb-front.jar!/BOOT-INF/lib/spring-plugin-metadata-1.2.0.RELEASE.jar!/, jar:file:/E:/2zynt/工作项目/CRMEB-JAVA-ET-V1.2(2025.4.25)/et_java/crmeb-front/target/Crmeb-front.jar!/BOOT-INF/lib/mapstruct-1.2.0.Final.jar!/, jar:file:/E:/2zynt/工作项目/CRMEB-JAVA-ET-V1.2(2025.4.25)/et_java/crmeb-front/target/Crmeb-front.jar!/BOOT-INF/lib/swagger-models-1.5.22.jar!/, jar:file:/E:/2zynt/工作项目/CRMEB-JAVA-ET-V1.2(2025.4.25)/et_java/crmeb-front/target/Crmeb-front.jar!/BOOT-INF/lib/jackson-annotations-2.10.3.jar!/, jar:file:/E:/2zynt/工作项目/CRMEB-JAVA-ET-V1.2(2025.4.25)/et_java/crmeb-front/target/Crmeb-front.jar!/BOOT-INF/lib/swagger-bootstrap-ui-1.9.3.jar!/, jar:file:/E:/2zynt/工作项目/CRMEB-JAVA-ET-V1.2(2025.4.25)/et_java/crmeb-front/target/Crmeb-front.jar!/BOOT-INF/lib/spring-boot-autoconfigure-2.2.6.RELEASE.jar!/, jar:file:/E:/2zynt/工作项目/CRMEB-JAVA-ET-V1.2(2025.4.25)/et_java/crmeb-front/target/Crmeb-front.jar!/BOOT-INF/lib/logback-classic-1.2.3.jar!/, jar:file:/E:/2zynt/工作项目/CRMEB-JAVA-ET-V1.2(2025.4.25)/et_java/crmeb-front/target/Crmeb-front.jar!/BOOT-INF/lib/logback-core-1.2.3.jar!/, jar:file:/E:/2zynt/工作项目/CRMEB-JAVA-ET-V1.2(2025.4.25)/et_java/crmeb-front/target/Crmeb-front.jar!/BOOT-INF/lib/logstash-logback-encoder-5.3.jar!/, jar:file:/E:/2zynt/工作项目/CRMEB-JAVA-ET-V1.2(2025.4.25)/et_java/crmeb-front/target/Crmeb-front.jar!/BOOT-INF/lib/jackson-databind-2.10.3.jar!/, jar:file:/E:/2zynt/工作项目/CRMEB-JAVA-ET-V1.2(2025.4.25)/et_java/crmeb-front/target/Crmeb-front.jar!/BOOT-INF/lib/spring-boot-starter-web-2.2.6.RELEASE.jar!/, jar:file:/E:/2zynt/工作项目/CRMEB-JAVA-ET-V1.2(2025.4.25)/et_java/crmeb-front/target/Crmeb-front.jar!/BOOT-INF/lib/spring-boot-starter-2.2.6.RELEASE.jar!/, jar:file:/E:/2zynt/工作项目/CRMEB-JAVA-ET-V1.2(2025.4.25)/et_java/crmeb-front/target/Crmeb-front.jar!/BOOT-INF/lib/spring-boot-starter-logging-2.2.6.RELEASE.jar!/, jar:file:/E:/2zynt/工作项目/CRMEB-JAVA-ET-V1.2(2025.4.25)/et_java/crmeb-front/target/Crmeb-front.jar!/BOOT-INF/lib/log4j-to-slf4j-2.12.1.jar!/, jar:file:/E:/2zynt/工作项目/CRMEB-JAVA-ET-V1.2(2025.4.25)/et_java/crmeb-front/target/Crmeb-front.jar!/BOOT-INF/lib/log4j-api-2.12.1.jar!/, jar:file:/E:/2zynt/工作项目/CRMEB-JAVA-ET-V1.2(2025.4.25)/et_java/crmeb-front/target/Crmeb-front.jar!/BOOT-INF/lib/jul-to-slf4j-1.7.30.jar!/, jar:file:/E:/2zynt/工作项目/CRMEB-JAVA-ET-V1.2(2025.4.25)/et_java/crmeb-front/target/Crmeb-front.jar!/BOOT-INF/lib/jakarta.annotation-api-1.3.5.jar!/, jar:file:/E:/2zynt/工作项目/CRMEB-JAVA-ET-V1.2(2025.4.25)/et_java/crmeb-front/target/Crmeb-front.jar!/BOOT-INF/lib/snakeyaml-1.25.jar!/, jar:file:/E:/2zynt/工作项目/CRMEB-JAVA-ET-V1.2(2025.4.25)/et_java/crmeb-front/target/Crmeb-front.jar!/BOOT-INF/lib/spring-boot-starter-json-2.2.6.RELEASE.jar!/, jar:file:/E:/2zynt/工作项目/CRMEB-JAVA-ET-V1.2(2025.4.25)/et_java/crmeb-front/target/Crmeb-front.jar!/BOOT-INF/lib/jackson-datatype-jdk8-2.10.3.jar!/, jar:file:/E:/2zynt/工作项目/CRMEB-JAVA-ET-V1.2(2025.4.25)/et_java/crmeb-front/target/Crmeb-front.jar!/BOOT-INF/lib/jackson-datatype-jsr310-2.10.3.jar!/, jar:file:/E:/2zynt/工作项目/CRMEB-JAVA-ET-V1.2(2025.4.25)/et_java/crmeb-front/target/Crmeb-front.jar!/BOOT-INF/lib/jackson-module-parameter-names-2.10.3.jar!/, jar:file:/E:/2zynt/工作项目/CRMEB-JAVA-ET-V1.2(2025.4.25)/et_java/crmeb-front/target/Crmeb-front.jar!/BOOT-INF/lib/spring-boot-starter-tomcat-2.2.6.RELEASE.jar!/, jar:file:/E:/2zynt/工作项目/CRMEB-JAVA-ET-V1.2(2025.4.25)/et_java/crmeb-front/target/Crmeb-front.jar!/BOOT-INF/lib/tomcat-embed-websocket-9.0.33.jar!/, jar:file:/E:/2zynt/工作项目/CRMEB-JAVA-ET-V1.2(2025.4.25)/et_java/crmeb-front/target/Crmeb-front.jar!/BOOT-INF/lib/spring-boot-starter-validation-2.2.6.RELEASE.jar!/, jar:file:/E:/2zynt/工作项目/CRMEB-JAVA-ET-V1.2(2025.4.25)/et_java/crmeb-front/target/Crmeb-front.jar!/BOOT-INF/lib/jakarta.validation-api-2.0.2.jar!/, jar:file:/E:/2zynt/工作项目/CRMEB-JAVA-ET-V1.2(2025.4.25)/et_java/crmeb-front/target/Crmeb-front.jar!/BOOT-INF/lib/hibernate-validator-6.0.18.Final.jar!/, jar:file:/E:/2zynt/工作项目/CRMEB-JAVA-ET-V1.2(2025.4.25)/et_java/crmeb-front/target/Crmeb-front.jar!/BOOT-INF/lib/jboss-logging-3.4.1.Final.jar!/, jar:file:/E:/2zynt/工作项目/CRMEB-JAVA-ET-V1.2(2025.4.25)/et_java/crmeb-front/target/Crmeb-front.jar!/BOOT-INF/lib/spring-web-5.2.5.RELEASE.jar!/, jar:file:/E:/2zynt/工作项目/CRMEB-JAVA-ET-V1.2(2025.4.25)/et_java/crmeb-front/target/Crmeb-front.jar!/BOOT-INF/lib/spring-webmvc-5.2.5.RELEASE.jar!/, jar:file:/E:/2zynt/工作项目/CRMEB-JAVA-ET-V1.2(2025.4.25)/et_java/crmeb-front/target/Crmeb-front.jar!/BOOT-INF/lib/spring-expression-5.2.5.RELEASE.jar!/, jar:file:/E:/2zynt/工作项目/CRMEB-JAVA-ET-V1.2(2025.4.25)/et_java/crmeb-front/target/Crmeb-front.jar!/BOOT-INF/lib/spring-boot-starter-data-redis-2.2.0.RELEASE.jar!/, jar:file:/E:/2zynt/工作项目/CRMEB-JAVA-ET-V1.2(2025.4.25)/et_java/crmeb-front/target/Crmeb-front.jar!/BOOT-INF/lib/spring-data-redis-2.2.6.RELEASE.jar!/, jar:file:/E:/2zynt/工作项目/CRMEB-JAVA-ET-V1.2(2025.4.25)/et_java/crmeb-front/target/Crmeb-front.jar!/BOOT-INF/lib/spring-data-keyvalue-2.2.6.RELEASE.jar!/, jar:file:/E:/2zynt/工作项目/CRMEB-JAVA-ET-V1.2(2025.4.25)/et_java/crmeb-front/target/Crmeb-front.jar!/BOOT-INF/lib/spring-tx-5.2.5.RELEASE.jar!/, jar:file:/E:/2zynt/工作项目/CRMEB-JAVA-ET-V1.2(2025.4.25)/et_java/crmeb-front/target/Crmeb-front.jar!/BOOT-INF/lib/spring-oxm-5.2.5.RELEASE.jar!/, jar:file:/E:/2zynt/工作项目/CRMEB-JAVA-ET-V1.2(2025.4.25)/et_java/crmeb-front/target/Crmeb-front.jar!/BOOT-INF/lib/lettuce-core-5.2.2.RELEASE.jar!/, jar:file:/E:/2zynt/工作项目/CRMEB-JAVA-ET-V1.2(2025.4.25)/et_java/crmeb-front/target/Crmeb-front.jar!/BOOT-INF/lib/netty-common-4.1.48.Final.jar!/, jar:file:/E:/2zynt/工作项目/CRMEB-JAVA-ET-V1.2(2025.4.25)/et_java/crmeb-front/target/Crmeb-front.jar!/BOOT-INF/lib/netty-handler-4.1.48.Final.jar!/, jar:file:/E:/2zynt/工作项目/CRMEB-JAVA-ET-V1.2(2025.4.25)/et_java/crmeb-front/target/Crmeb-front.jar!/BOOT-INF/lib/netty-resolver-4.1.48.Final.jar!/, jar:file:/E:/2zynt/工作项目/CRMEB-JAVA-ET-V1.2(2025.4.25)/et_java/crmeb-front/target/Crmeb-front.jar!/BOOT-INF/lib/netty-buffer-4.1.48.Final.jar!/, jar:file:/E:/2zynt/工作项目/CRMEB-JAVA-ET-V1.2(2025.4.25)/et_java/crmeb-front/target/Crmeb-front.jar!/BOOT-INF/lib/netty-codec-4.1.48.Final.jar!/, jar:file:/E:/2zynt/工作项目/CRMEB-JAVA-ET-V1.2(2025.4.25)/et_java/crmeb-front/target/Crmeb-front.jar!/BOOT-INF/lib/netty-transport-4.1.48.Final.jar!/, jar:file:/E:/2zynt/工作项目/CRMEB-JAVA-ET-V1.2(2025.4.25)/et_java/crmeb-front/target/Crmeb-front.jar!/BOOT-INF/lib/reactor-core-3.3.4.RELEASE.jar!/, jar:file:/E:/2zynt/工作项目/CRMEB-JAVA-ET-V1.2(2025.4.25)/et_java/crmeb-front/target/Crmeb-front.jar!/BOOT-INF/lib/reactive-streams-1.0.3.jar!/, jar:file:/E:/2zynt/工作项目/CRMEB-JAVA-ET-V1.2(2025.4.25)/et_java/crmeb-front/target/Crmeb-front.jar!/BOOT-INF/lib/jedis-3.1.0.jar!/, jar:file:/E:/2zynt/工作项目/CRMEB-JAVA-ET-V1.2(2025.4.25)/et_java/crmeb-front/target/Crmeb-front.jar!/BOOT-INF/lib/commons-pool2-2.7.0.jar!/, jar:file:/E:/2zynt/工作项目/CRMEB-JAVA-ET-V1.2(2025.4.25)/et_java/crmeb-front/target/Crmeb-front.jar!/BOOT-INF/lib/pagehelper-spring-boot-starter-1.2.5.jar!/, jar:file:/E:/2zynt/工作项目/CRMEB-JAVA-ET-V1.2(2025.4.25)/et_java/crmeb-front/target/Crmeb-front.jar!/BOOT-INF/lib/mybatis-spring-boot-starter-1.3.2.jar!/, jar:file:/E:/2zynt/工作项目/CRMEB-JAVA-ET-V1.2(2025.4.25)/et_java/crmeb-front/target/Crmeb-front.jar!/BOOT-INF/lib/mybatis-spring-boot-autoconfigure-1.3.2.jar!/, jar:file:/E:/2zynt/工作项目/CRMEB-JAVA-ET-V1.2(2025.4.25)/et_java/crmeb-front/target/Crmeb-front.jar!/BOOT-INF/lib/pagehelper-spring-boot-autoconfigure-1.2.5.jar!/, jar:file:/E:/2zynt/工作项目/CRMEB-JAVA-ET-V1.2(2025.4.25)/et_java/crmeb-front/target/Crmeb-front.jar!/BOOT-INF/lib/pagehelper-5.1.4.jar!/, jar:file:/E:/2zynt/工作项目/CRMEB-JAVA-ET-V1.2(2025.4.25)/et_java/crmeb-front/target/Crmeb-front.jar!/BOOT-INF/lib/jsqlparser-1.0.jar!/, jar:file:/E:/2zynt/工作项目/CRMEB-JAVA-ET-V1.2(2025.4.25)/et_java/crmeb-front/target/Crmeb-front.jar!/BOOT-INF/lib/validation-api-1.1.0.Final.jar!/, jar:file:/E:/2zynt/工作项目/CRMEB-JAVA-ET-V1.2(2025.4.25)/et_java/crmeb-front/target/Crmeb-front.jar!/BOOT-INF/lib/spring-data-commons-2.2.6.RELEASE.jar!/, jar:file:/E:/2zynt/工作项目/CRMEB-JAVA-ET-V1.2(2025.4.25)/et_java/crmeb-front/target/Crmeb-front.jar!/BOOT-INF/lib/spring-beans-5.2.5.RELEASE.jar!/, jar:file:/E:/2zynt/工作项目/CRMEB-JAVA-ET-V1.2(2025.4.25)/et_java/crmeb-front/target/Crmeb-front.jar!/BOOT-INF/lib/hutool-all-4.5.7.jar!/, jar:file:/E:/2zynt/工作项目/CRMEB-JAVA-ET-V1.2(2025.4.25)/et_java/crmeb-front/target/Crmeb-front.jar!/BOOT-INF/lib/spring-boot-starter-actuator-2.2.6.RELEASE.jar!/, jar:file:/E:/2zynt/工作项目/CRMEB-JAVA-ET-V1.2(2025.4.25)/et_java/crmeb-front/target/Crmeb-front.jar!/BOOT-INF/lib/spring-boot-actuator-autoconfigure-2.2.6.RELEASE.jar!/, jar:file:/E:/2zynt/工作项目/CRMEB-JAVA-ET-V1.2(2025.4.25)/et_java/crmeb-front/target/Crmeb-front.jar!/BOOT-INF/lib/spring-boot-actuator-2.2.6.RELEASE.jar!/, jar:file:/E:/2zynt/工作项目/CRMEB-JAVA-ET-V1.2(2025.4.25)/et_java/crmeb-front/target/Crmeb-front.jar!/BOOT-INF/lib/micrometer-core-1.3.6.jar!/, jar:file:/E:/2zynt/工作项目/CRMEB-JAVA-ET-V1.2(2025.4.25)/et_java/crmeb-front/target/Crmeb-front.jar!/BOOT-INF/lib/HdrHistogram-2.1.11.jar!/, jar:file:/E:/2zynt/工作项目/CRMEB-JAVA-ET-V1.2(2025.4.25)/et_java/crmeb-front/target/Crmeb-front.jar!/BOOT-INF/lib/LatencyUtils-2.0.3.jar!/, jar:file:/E:/2zynt/工作项目/CRMEB-JAVA-ET-V1.2(2025.4.25)/et_java/crmeb-front/target/Crmeb-front.jar!/BOOT-INF/lib/httpclient-4.5.6.jar!/, jar:file:/E:/2zynt/工作项目/CRMEB-JAVA-ET-V1.2(2025.4.25)/et_java/crmeb-front/target/Crmeb-front.jar!/BOOT-INF/lib/httpcore-4.4.13.jar!/, jar:file:/E:/2zynt/工作项目/CRMEB-JAVA-ET-V1.2(2025.4.25)/et_java/crmeb-front/target/Crmeb-front.jar!/BOOT-INF/lib/commons-logging-1.2.jar!/, jar:file:/E:/2zynt/工作项目/CRMEB-JAVA-ET-V1.2(2025.4.25)/et_java/crmeb-front/target/Crmeb-front.jar!/BOOT-INF/lib/commons-codec-1.13.jar!/, jar:file:/E:/2zynt/工作项目/CRMEB-JAVA-ET-V1.2(2025.4.25)/et_java/crmeb-front/target/Crmeb-front.jar!/BOOT-INF/lib/spring-boot-starter-aop-2.2.6.RELEASE.jar!/, jar:file:/E:/2zynt/工作项目/CRMEB-JAVA-ET-V1.2(2025.4.25)/et_java/crmeb-front/target/Crmeb-front.jar!/BOOT-INF/lib/spring-aop-5.2.5.RELEASE.jar!/, jar:file:/E:/2zynt/工作项目/CRMEB-JAVA-ET-V1.2(2025.4.25)/et_java/crmeb-front/target/Crmeb-front.jar!/BOOT-INF/lib/aspectjweaver-1.9.5.jar!/, jar:file:/E:/2zynt/工作项目/CRMEB-JAVA-ET-V1.2(2025.4.25)/et_java/crmeb-front/target/Crmeb-front.jar!/BOOT-INF/lib/commons-lang3-3.10.jar!/, jar:file:/E:/2zynt/工作项目/CRMEB-JAVA-ET-V1.2(2025.4.25)/et_java/crmeb-front/target/Crmeb-front.jar!/BOOT-INF/lib/poi-3.17.jar!/, jar:file:/E:/2zynt/工作项目/CRMEB-JAVA-ET-V1.2(2025.4.25)/et_java/crmeb-front/target/Crmeb-front.jar!/BOOT-INF/lib/commons-collections4-4.1.jar!/, jar:file:/E:/2zynt/工作项目/CRMEB-JAVA-ET-V1.2(2025.4.25)/et_java/crmeb-front/target/Crmeb-front.jar!/BOOT-INF/lib/poi-ooxml-3.17.jar!/, jar:file:/E:/2zynt/工作项目/CRMEB-JAVA-ET-V1.2(2025.4.25)/et_java/crmeb-front/target/Crmeb-front.jar!/BOOT-INF/lib/poi-ooxml-schemas-3.17.jar!/, jar:file:/E:/2zynt/工作项目/CRMEB-JAVA-ET-V1.2(2025.4.25)/et_java/crmeb-front/target/Crmeb-front.jar!/BOOT-INF/lib/xmlbeans-2.6.0.jar!/, jar:file:/E:/2zynt/工作项目/CRMEB-JAVA-ET-V1.2(2025.4.25)/et_java/crmeb-front/target/Crmeb-front.jar!/BOOT-INF/lib/curvesapi-1.04.jar!/, jar:file:/E:/2zynt/工作项目/CRMEB-JAVA-ET-V1.2(2025.4.25)/et_java/crmeb-front/target/Crmeb-front.jar!/BOOT-INF/lib/commons-fileupload-1.3.3.jar!/, jar:file:/E:/2zynt/工作项目/CRMEB-JAVA-ET-V1.2(2025.4.25)/et_java/crmeb-front/target/Crmeb-front.jar!/BOOT-INF/lib/commons-io-2.4.jar!/, jar:file:/E:/2zynt/工作项目/CRMEB-JAVA-ET-V1.2(2025.4.25)/et_java/crmeb-front/target/Crmeb-front.jar!/BOOT-INF/lib/aliyun-sdk-oss-3.5.0.jar!/, jar:file:/E:/2zynt/工作项目/CRMEB-JAVA-ET-V1.2(2025.4.25)/et_java/crmeb-front/target/Crmeb-front.jar!/BOOT-INF/lib/jdom-1.1.jar!/, jar:file:/E:/2zynt/工作项目/CRMEB-JAVA-ET-V1.2(2025.4.25)/et_java/crmeb-front/target/Crmeb-front.jar!/BOOT-INF/lib/jettison-1.1.jar!/, jar:file:/E:/2zynt/工作项目/CRMEB-JAVA-ET-V1.2(2025.4.25)/et_java/crmeb-front/target/Crmeb-front.jar!/BOOT-INF/lib/stax-api-1.0.1.jar!/, jar:file:/E:/2zynt/工作项目/CRMEB-JAVA-ET-V1.2(2025.4.25)/et_java/crmeb-front/target/Crmeb-front.jar!/BOOT-INF/lib/aliyun-java-sdk-core-3.4.0.jar!/, jar:file:/E:/2zynt/工作项目/CRMEB-JAVA-ET-V1.2(2025.4.25)/et_java/crmeb-front/target/Crmeb-front.jar!/BOOT-INF/lib/aliyun-java-sdk-ram-3.0.0.jar!/, jar:file:/E:/2zynt/工作项目/CRMEB-JAVA-ET-V1.2(2025.4.25)/et_java/crmeb-front/target/Crmeb-front.jar!/BOOT-INF/lib/aliyun-java-sdk-sts-3.0.0.jar!/, jar:file:/E:/2zynt/工作项目/CRMEB-JAVA-ET-V1.2(2025.4.25)/et_java/crmeb-front/target/Crmeb-front.jar!/BOOT-INF/lib/aliyun-java-sdk-ecs-4.2.0.jar!/, jar:file:/E:/2zynt/工作项目/CRMEB-JAVA-ET-V1.2(2025.4.25)/et_java/crmeb-front/target/Crmeb-front.jar!/BOOT-INF/lib/cos_api-5.6.22.jar!/, jar:file:/E:/2zynt/工作项目/CRMEB-JAVA-ET-V1.2(2025.4.25)/et_java/crmeb-front/target/Crmeb-front.jar!/BOOT-INF/lib/joda-time-2.10.5.jar!/, jar:file:/E:/2zynt/工作项目/CRMEB-JAVA-ET-V1.2(2025.4.25)/et_java/crmeb-front/target/Crmeb-front.jar!/BOOT-INF/lib/bcprov-jdk15on-1.64.jar!/, jar:file:/E:/2zynt/工作项目/CRMEB-JAVA-ET-V1.2(2025.4.25)/et_java/crmeb-front/target/Crmeb-front.jar!/BOOT-INF/lib/qiniu-java-sdk-7.2.28.jar!/, jar:file:/E:/2zynt/工作项目/CRMEB-JAVA-ET-V1.2(2025.4.25)/et_java/crmeb-front/target/Crmeb-front.jar!/BOOT-INF/lib/okhttp-3.14.7.jar!/, jar:file:/E:/2zynt/工作项目/CRMEB-JAVA-ET-V1.2(2025.4.25)/et_java/crmeb-front/target/Crmeb-front.jar!/BOOT-INF/lib/okio-1.17.2.jar!/, jar:file:/E:/2zynt/工作项目/CRMEB-JAVA-ET-V1.2(2025.4.25)/et_java/crmeb-front/target/Crmeb-front.jar!/BOOT-INF/lib/gson-2.8.6.jar!/, jar:file:/E:/2zynt/工作项目/CRMEB-JAVA-ET-V1.2(2025.4.25)/et_java/crmeb-front/target/Crmeb-front.jar!/BOOT-INF/lib/dom4j-1.6.1.jar!/, jar:file:/E:/2zynt/工作项目/CRMEB-JAVA-ET-V1.2(2025.4.25)/et_java/crmeb-front/target/Crmeb-front.jar!/BOOT-INF/lib/xml-apis-1.0.b2.jar!/, jar:file:/E:/2zynt/工作项目/CRMEB-JAVA-ET-V1.2(2025.4.25)/et_java/crmeb-front/target/Crmeb-front.jar!/BOOT-INF/lib/xstream-1.4.10.jar!/, jar:file:/E:/2zynt/工作项目/CRMEB-JAVA-ET-V1.2(2025.4.25)/et_java/crmeb-front/target/Crmeb-front.jar!/BOOT-INF/lib/xmlpull-1.1.3.1.jar!/, jar:file:/E:/2zynt/工作项目/CRMEB-JAVA-ET-V1.2(2025.4.25)/et_java/crmeb-front/target/Crmeb-front.jar!/BOOT-INF/lib/xpp3_min-1.1.4c.jar!/, jar:file:/E:/2zynt/工作项目/CRMEB-JAVA-ET-V1.2(2025.4.25)/et_java/crmeb-front/target/Crmeb-front.jar!/BOOT-INF/lib/httpmime-4.5.2.jar!/, jar:file:/E:/2zynt/工作项目/CRMEB-JAVA-ET-V1.2(2025.4.25)/et_java/crmeb-front/target/Crmeb-front.jar!/BOOT-INF/lib/jjwt-0.9.1.jar!/, jar:file:/E:/2zynt/工作项目/CRMEB-JAVA-ET-V1.2(2025.4.25)/et_java/crmeb-front/target/Crmeb-front.jar!/BOOT-INF/lib/jwks-rsa-0.9.0.jar!/, jar:file:/E:/2zynt/工作项目/CRMEB-JAVA-ET-V1.2(2025.4.25)/et_java/crmeb-front/target/Crmeb-front.jar!/BOOT-INF/lib/spring-boot-starter-security-2.2.6.RELEASE.jar!/, jar:file:/E:/2zynt/工作项目/CRMEB-JAVA-ET-V1.2(2025.4.25)/et_java/crmeb-front/target/Crmeb-front.jar!/BOOT-INF/lib/spring-security-config-5.2.2.RELEASE.jar!/, jar:file:/E:/2zynt/工作项目/CRMEB-JAVA-ET-V1.2(2025.4.25)/et_java/crmeb-front/target/Crmeb-front.jar!/BOOT-INF/lib/spring-security-core-5.2.2.RELEASE.jar!/, jar:file:/E:/2zynt/工作项目/CRMEB-JAVA-ET-V1.2(2025.4.25)/et_java/crmeb-front/target/Crmeb-front.jar!/BOOT-INF/lib/spring-security-web-5.2.2.RELEASE.jar!/, jar:file:/E:/2zynt/工作项目/CRMEB-JAVA-ET-V1.2(2025.4.25)/et_java/crmeb-front/target/Crmeb-front.jar!/BOOT-INF/lib/spring-boot-starter-mail-2.2.6.RELEASE.jar!/, jar:file:/E:/2zynt/工作项目/CRMEB-JAVA-ET-V1.2(2025.4.25)/et_java/crmeb-front/target/Crmeb-front.jar!/BOOT-INF/lib/spring-context-support-5.2.5.RELEASE.jar!/, jar:file:/E:/2zynt/工作项目/CRMEB-JAVA-ET-V1.2(2025.4.25)/et_java/crmeb-front/target/Crmeb-front.jar!/BOOT-INF/lib/jakarta.mail-1.6.5.jar!/, jar:file:/E:/2zynt/工作项目/CRMEB-JAVA-ET-V1.2(2025.4.25)/et_java/crmeb-front/target/Crmeb-front.jar!/BOOT-INF/lib/jakarta.activation-1.2.2.jar!/, jar:file:/E:/2zynt/工作项目/CRMEB-JAVA-ET-V1.2(2025.4.25)/et_java/crmeb-front/target/Crmeb-front.jar!/BOOT-INF/lib/checkout-sdk-1.0.4.jar!/, jar:file:/E:/2zynt/工作项目/CRMEB-JAVA-ET-V1.2(2025.4.25)/et_java/crmeb-front/target/Crmeb-front.jar!/BOOT-INF/lib/paypalhttp-1.0.2.jar!/, jar:file:/E:/2zynt/工作项目/CRMEB-JAVA-ET-V1.2(2025.4.25)/et_java/crmeb-front/target/Crmeb-front.jar!/BOOT-INF/lib/dysmsapi20170525-2.0.8.jar!/, jar:file:/E:/2zynt/工作项目/CRMEB-JAVA-ET-V1.2(2025.4.25)/et_java/crmeb-front/target/Crmeb-front.jar!/BOOT-INF/lib/tea-util-0.2.13.jar!/, jar:file:/E:/2zynt/工作项目/CRMEB-JAVA-ET-V1.2(2025.4.25)/et_java/crmeb-front/target/Crmeb-front.jar!/BOOT-INF/lib/endpoint-util-0.0.6.jar!/, jar:file:/E:/2zynt/工作项目/CRMEB-JAVA-ET-V1.2(2025.4.25)/et_java/crmeb-front/target/Crmeb-front.jar!/BOOT-INF/lib/tea-1.1.14.jar!/, jar:file:/E:/2zynt/工作项目/CRMEB-JAVA-ET-V1.2(2025.4.25)/et_java/crmeb-front/target/Crmeb-front.jar!/BOOT-INF/lib/org.jacoco.agent-0.8.4-runtime.jar!/, jar:file:/E:/2zynt/工作项目/CRMEB-JAVA-ET-V1.2(2025.4.25)/et_java/crmeb-front/target/Crmeb-front.jar!/BOOT-INF/lib/tea-openapi-0.1.6.jar!/, jar:file:/E:/2zynt/工作项目/CRMEB-JAVA-ET-V1.2(2025.4.25)/et_java/crmeb-front/target/Crmeb-front.jar!/BOOT-INF/lib/credentials-java-0.2.4.jar!/, jar:file:/E:/2zynt/工作项目/CRMEB-JAVA-ET-V1.2(2025.4.25)/et_java/crmeb-front/target/Crmeb-front.jar!/BOOT-INF/lib/ini4j-0.5.4.jar!/, jar:file:/E:/2zynt/工作项目/CRMEB-JAVA-ET-V1.2(2025.4.25)/et_java/crmeb-front/target/Crmeb-front.jar!/BOOT-INF/lib/jaxb-api-2.3.1.jar!/, jar:file:/E:/2zynt/工作项目/CRMEB-JAVA-ET-V1.2(2025.4.25)/et_java/crmeb-front/target/Crmeb-front.jar!/BOOT-INF/lib/javax.activation-api-1.2.0.jar!/, jar:file:/E:/2zynt/工作项目/CRMEB-JAVA-ET-V1.2(2025.4.25)/et_java/crmeb-front/target/Crmeb-front.jar!/BOOT-INF/lib/jaxb-core-2.3.0.jar!/, jar:file:/E:/2zynt/工作项目/CRMEB-JAVA-ET-V1.2(2025.4.25)/et_java/crmeb-front/target/Crmeb-front.jar!/BOOT-INF/lib/jaxb-impl-2.3.0.jar!/, jar:file:/E:/2zynt/工作项目/CRMEB-JAVA-ET-V1.2(2025.4.25)/et_java/crmeb-front/target/Crmeb-front.jar!/BOOT-INF/lib/openapiutil-0.1.13.jar!/, jar:file:/E:/2zynt/工作项目/CRMEB-JAVA-ET-V1.2(2025.4.25)/et_java/crmeb-front/target/Crmeb-front.jar!/BOOT-INF/lib/sdk-core-java-1.1.7.jar!/, jar:file:/E:/2zynt/工作项目/CRMEB-JAVA-ET-V1.2(2025.4.25)/et_java/crmeb-front/target/Crmeb-front.jar!/BOOT-INF/lib/juniversalchardet-1.0.3.jar!/, jar:file:/E:/2zynt/工作项目/CRMEB-JAVA-ET-V1.2(2025.4.25)/et_java/crmeb-front/target/Crmeb-front.jar!/BOOT-INF/lib/plexus-digest-1.0.jar!/, jar:file:/E:/2zynt/工作项目/CRMEB-JAVA-ET-V1.2(2025.4.25)/et_java/crmeb-front/target/Crmeb-front.jar!/BOOT-INF/lib/plexus-container-default-1.0-alpha-8.jar!/, jar:file:/E:/2zynt/工作项目/CRMEB-JAVA-ET-V1.2(2025.4.25)/et_java/crmeb-front/target/Crmeb-front.jar!/BOOT-INF/lib/plexus-utils-1.0.4.jar!/, jar:file:/E:/2zynt/工作项目/CRMEB-JAVA-ET-V1.2(2025.4.25)/et_java/crmeb-front/target/Crmeb-front.jar!/BOOT-INF/lib/classworlds-1.1-alpha-2.jar!/, jar:file:/E:/2zynt/工作项目/CRMEB-JAVA-ET-V1.2(2025.4.25)/et_java/crmeb-front/target/Crmeb-front.jar!/BOOT-INF/lib/stripe-java-20.124.0.jar!/, jar:file:/E:/2zynt/工作项目/CRMEB-JAVA-ET-V1.2(2025.4.25)/et_java/crmeb-front/target/Crmeb-front.jar!/BOOT-INF/lib/weixin-java-pay-4.5.0.jar!/, jar:file:/E:/2zynt/工作项目/CRMEB-JAVA-ET-V1.2(2025.4.25)/et_java/crmeb-front/target/Crmeb-front.jar!/BOOT-INF/lib/weixin-java-common-4.5.0.jar!/, jar:file:/E:/2zynt/工作项目/CRMEB-JAVA-ET-V1.2(2025.4.25)/et_java/crmeb-front/target/Crmeb-front.jar!/BOOT-INF/lib/jcl-over-slf4j-1.7.30.jar!/, jar:file:/E:/2zynt/工作项目/CRMEB-JAVA-ET-V1.2(2025.4.25)/et_java/crmeb-front/target/Crmeb-front.jar!/BOOT-INF/lib/dom4j-2.1.3.jar!/, jar:file:/E:/2zynt/工作项目/CRMEB-JAVA-ET-V1.2(2025.4.25)/et_java/crmeb-front/target/Crmeb-front.jar!/BOOT-INF/lib/qrcode-utils-1.1.jar!/, jar:file:/E:/2zynt/工作项目/CRMEB-JAVA-ET-V1.2(2025.4.25)/et_java/crmeb-front/target/Crmeb-front.jar!/BOOT-INF/lib/bcpkix-jdk15on-1.68.jar!/, jar:file:/E:/2zynt/工作项目/CRMEB-JAVA-ET-V1.2(2025.4.25)/et_java/crmeb-front/target/Crmeb-front.jar!/BOOT-INF/lib/jodd-http-6.2.1.jar!/, jar:file:/E:/2zynt/工作项目/CRMEB-JAVA-ET-V1.2(2025.4.25)/et_java/crmeb-front/target/Crmeb-front.jar!/BOOT-INF/lib/jodd-util-6.1.0.jar!/, jar:file:/E:/2zynt/工作项目/CRMEB-JAVA-ET-V1.2(2025.4.25)/et_java/crmeb-front/target/Crmeb-front.jar!/BOOT-INF/lib/javase-3.3.3.jar!/, jar:file:/E:/2zynt/工作项目/CRMEB-JAVA-ET-V1.2(2025.4.25)/et_java/crmeb-front/target/Crmeb-front.jar!/BOOT-INF/lib/core-3.3.3.jar!/, jar:file:/E:/2zynt/工作项目/CRMEB-JAVA-ET-V1.2(2025.4.25)/et_java/crmeb-front/target/Crmeb-front.jar!/BOOT-INF/lib/jcommander-1.72.jar!/, jar:file:/E:/2zynt/工作项目/CRMEB-JAVA-ET-V1.2(2025.4.25)/et_java/crmeb-front/target/Crmeb-front.jar!/BOOT-INF/lib/jai-imageio-core-1.4.0.jar!/, jar:file:/E:/2zynt/工作项目/CRMEB-JAVA-ET-V1.2(2025.4.25)/et_java/crmeb-front/target/Crmeb-front.jar!/BOOT-INF/lib/google-api-client-1.30.10.jar!/, jar:file:/E:/2zynt/工作项目/CRMEB-JAVA-ET-V1.2(2025.4.25)/et_java/crmeb-front/target/Crmeb-front.jar!/BOOT-INF/lib/google-oauth-client-1.31.0.jar!/, jar:file:/E:/2zynt/工作项目/CRMEB-JAVA-ET-V1.2(2025.4.25)/et_java/crmeb-front/target/Crmeb-front.jar!/BOOT-INF/lib/google-http-client-1.35.0.jar!/, jar:file:/E:/2zynt/工作项目/CRMEB-JAVA-ET-V1.2(2025.4.25)/et_java/crmeb-front/target/Crmeb-front.jar!/BOOT-INF/lib/opencensus-api-0.24.0.jar!/, jar:file:/E:/2zynt/工作项目/CRMEB-JAVA-ET-V1.2(2025.4.25)/et_java/crmeb-front/target/Crmeb-front.jar!/BOOT-INF/lib/grpc-context-1.22.1.jar!/, jar:file:/E:/2zynt/工作项目/CRMEB-JAVA-ET-V1.2(2025.4.25)/et_java/crmeb-front/target/Crmeb-front.jar!/BOOT-INF/lib/opencensus-contrib-http-util-0.24.0.jar!/, jar:file:/E:/2zynt/工作项目/CRMEB-JAVA-ET-V1.2(2025.4.25)/et_java/crmeb-front/target/Crmeb-front.jar!/BOOT-INF/lib/jsr305-3.0.2.jar!/, jar:file:/E:/2zynt/工作项目/CRMEB-JAVA-ET-V1.2(2025.4.25)/et_java/crmeb-front/target/Crmeb-front.jar!/BOOT-INF/lib/google-http-client-jackson2-1.36.0.jar!/, jar:file:/E:/2zynt/工作项目/CRMEB-JAVA-ET-V1.2(2025.4.25)/et_java/crmeb-front/target/Crmeb-front.jar!/BOOT-INF/lib/jackson-core-2.10.3.jar!/, jar:file:/E:/2zynt/工作项目/CRMEB-JAVA-ET-V1.2(2025.4.25)/et_java/crmeb-front/target/Crmeb-front.jar!/BOOT-INF/lib/guava-29.0-android.jar!/, jar:file:/E:/2zynt/工作项目/CRMEB-JAVA-ET-V1.2(2025.4.25)/et_java/crmeb-front/target/Crmeb-front.jar!/BOOT-INF/lib/failureaccess-1.0.1.jar!/, jar:file:/E:/2zynt/工作项目/CRMEB-JAVA-ET-V1.2(2025.4.25)/et_java/crmeb-front/target/Crmeb-front.jar!/BOOT-INF/lib/listenablefuture-9999.0-empty-to-avoid-conflict-with-guava.jar!/, jar:file:/E:/2zynt/工作项目/CRMEB-JAVA-ET-V1.2(2025.4.25)/et_java/crmeb-front/target/Crmeb-front.jar!/BOOT-INF/lib/checker-compat-qual-2.5.5.jar!/, jar:file:/E:/2zynt/工作项目/CRMEB-JAVA-ET-V1.2(2025.4.25)/et_java/crmeb-front/target/Crmeb-front.jar!/BOOT-INF/lib/error_prone_annotations-2.3.4.jar!/, jar:file:/E:/2zynt/工作项目/CRMEB-JAVA-ET-V1.2(2025.4.25)/et_java/crmeb-front/target/Crmeb-front.jar!/BOOT-INF/lib/j2objc-annotations-1.3.jar!/, jar:file:/E:/2zynt/工作项目/CRMEB-JAVA-ET-V1.2(2025.4.25)/et_java/crmeb-front/target/Crmeb-front.jar!/BOOT-INF/lib/twitter4j-core-4.0.7.jar!/, jar:file:/E:/2zynt/工作项目/CRMEB-JAVA-ET-V1.2(2025.4.25)/et_java/crmeb-front/target/Crmeb-front.jar!/BOOT-INF/lib/spring-boot-jarmode-layertools-2.6.6.jar!/]" }
                    
{
                    "app": "Crmeb",
                    "timestamp":"2025-09-18 17:41:40.632",
                    "level": "DEBUG",
                    "thread": "main",
                    "class": "o.s.b.d.LoggingFailureAnalysisReporter",
                    "message": "Application failed to start due to an exception" }
                    
org.springframework.boot.web.server.PortInUseException: Port 8081 is already in use
	at org.springframework.boot.web.embedded.tomcat.TomcatWebServer.start(TomcatWebServer.java:213)
	at org.springframework.boot.web.servlet.context.ServletWebServerApplicationContext.startWebServer(ServletWebServerApplicationContext.java:297)
	at org.springframework.boot.web.servlet.context.ServletWebServerApplicationContext.finishRefresh(ServletWebServerApplicationContext.java:163)
	at org.springframework.context.support.AbstractApplicationContext.refresh(AbstractApplicationContext.java:553)
	at org.springframework.boot.web.servlet.context.ServletWebServerApplicationContext.refresh(ServletWebServerApplicationContext.java:141)
	at org.springframework.boot.SpringApplication.refresh(SpringApplication.java:747)
	at org.springframework.boot.SpringApplication.refreshContext(SpringApplication.java:397)
	at org.springframework.boot.SpringApplication.run(SpringApplication.java:315)
	at org.springframework.boot.SpringApplication.run(SpringApplication.java:1226)
	at org.springframework.boot.SpringApplication.run(SpringApplication.java:1215)
	at com.zbkj.front.CrmebFrontApplication.main(CrmebFrontApplication.java:34)
	at sun.reflect.NativeMethodAccessorImpl.invoke0(Native Method)
	at sun.reflect.NativeMethodAccessorImpl.invoke(NativeMethodAccessorImpl.java:62)
	at sun.reflect.DelegatingMethodAccessorImpl.invoke(DelegatingMethodAccessorImpl.java:43)
	at java.lang.reflect.Method.invoke(Method.java:498)
	at org.springframework.boot.loader.MainMethodRunner.run(MainMethodRunner.java:49)
	at org.springframework.boot.loader.Launcher.launch(Launcher.java:108)
	at org.springframework.boot.loader.Launcher.launch(Launcher.java:58)
	at org.springframework.boot.loader.JarLauncher.main(JarLauncher.java:88)
{
                    "app": "Crmeb",
                    "timestamp":"2025-09-18 17:41:40.633",
                    "level": "DEBUG",
                    "thread": "main",
                    "class": "o.s.b.w.s.c.AnnotationConfigServletWebServerApplicationContext",
                    "message": "Closing org.springframework.boot.web.servlet.context.AnnotationConfigServletWebServerApplicationContext@4520ebad, started on Thu Sep 18 17:41:31 CST 2025" }
                    
{
                    "app": "Crmeb",
                    "timestamp":"2025-09-18 17:45:49.972",
                    "level": "DEBUG",
                    "thread": "main",
                    "class": "o.s.b.c.l.ClasspathLoggingApplicationListener",
                    "message": "Application started with classpath: [jar:file:/E:/2zynt/工作项目/CRMEB-JAVA-ET-V1.2(2025.4.25)/et_java/crmeb-front/target/Crmeb-front.jar!/BOOT-INF/classes!/, jar:file:/E:/2zynt/工作项目/CRMEB-JAVA-ET-V1.2(2025.4.25)/et_java/crmeb-front/target/Crmeb-front.jar!/BOOT-INF/lib/crmeb-service-0.0.1-SNAPSHOT.jar!/, jar:file:/E:/2zynt/工作项目/CRMEB-JAVA-ET-V1.2(2025.4.25)/et_java/crmeb-front/target/Crmeb-front.jar!/BOOT-INF/lib/crmeb-common-0.0.1-SNAPSHOT.jar!/, jar:file:/E:/2zynt/工作项目/CRMEB-JAVA-ET-V1.2(2025.4.25)/et_java/crmeb-front/target/Crmeb-front.jar!/BOOT-INF/lib/javax.servlet-api-4.0.1.jar!/, jar:file:/E:/2zynt/工作项目/CRMEB-JAVA-ET-V1.2(2025.4.25)/et_java/crmeb-front/target/Crmeb-front.jar!/BOOT-INF/lib/jstl-1.2.jar!/, jar:file:/E:/2zynt/工作项目/CRMEB-JAVA-ET-V1.2(2025.4.25)/et_java/crmeb-front/target/Crmeb-front.jar!/BOOT-INF/lib/tomcat-embed-jasper-9.0.33.jar!/, jar:file:/E:/2zynt/工作项目/CRMEB-JAVA-ET-V1.2(2025.4.25)/et_java/crmeb-front/target/Crmeb-front.jar!/BOOT-INF/lib/tomcat-embed-core-9.0.33.jar!/, jar:file:/E:/2zynt/工作项目/CRMEB-JAVA-ET-V1.2(2025.4.25)/et_java/crmeb-front/target/Crmeb-front.jar!/BOOT-INF/lib/tomcat-annotations-api-9.0.33.jar!/, jar:file:/E:/2zynt/工作项目/CRMEB-JAVA-ET-V1.2(2025.4.25)/et_java/crmeb-front/target/Crmeb-front.jar!/BOOT-INF/lib/tomcat-embed-el-9.0.33.jar!/, jar:file:/E:/2zynt/工作项目/CRMEB-JAVA-ET-V1.2(2025.4.25)/et_java/crmeb-front/target/Crmeb-front.jar!/BOOT-INF/lib/ecj-3.18.0.jar!/, jar:file:/E:/2zynt/工作项目/CRMEB-JAVA-ET-V1.2(2025.4.25)/et_java/crmeb-front/target/Crmeb-front.jar!/BOOT-INF/lib/tomcat-jsp-api-9.0.33.jar!/, jar:file:/E:/2zynt/工作项目/CRMEB-JAVA-ET-V1.2(2025.4.25)/et_java/crmeb-front/target/Crmeb-front.jar!/BOOT-INF/lib/tomcat-el-api-9.0.33.jar!/, jar:file:/E:/2zynt/工作项目/CRMEB-JAVA-ET-V1.2(2025.4.25)/et_java/crmeb-front/target/Crmeb-front.jar!/BOOT-INF/lib/tomcat-servlet-api-9.0.33.jar!/, jar:file:/E:/2zynt/工作项目/CRMEB-JAVA-ET-V1.2(2025.4.25)/et_java/crmeb-front/target/Crmeb-front.jar!/BOOT-INF/lib/fastjson-2.0.38.jar!/, jar:file:/E:/2zynt/工作项目/CRMEB-JAVA-ET-V1.2(2025.4.25)/et_java/crmeb-front/target/Crmeb-front.jar!/BOOT-INF/lib/fastjson2-extension-2.0.38.jar!/, jar:file:/E:/2zynt/工作项目/CRMEB-JAVA-ET-V1.2(2025.4.25)/et_java/crmeb-front/target/Crmeb-front.jar!/BOOT-INF/lib/fastjson2-2.0.38.jar!/, jar:file:/E:/2zynt/工作项目/CRMEB-JAVA-ET-V1.2(2025.4.25)/et_java/crmeb-front/target/Crmeb-front.jar!/BOOT-INF/lib/druid-1.1.20.jar!/, jar:file:/E:/2zynt/工作项目/CRMEB-JAVA-ET-V1.2(2025.4.25)/et_java/crmeb-front/target/Crmeb-front.jar!/BOOT-INF/lib/mysql-connector-java-5.1.24.jar!/, jar:file:/E:/2zynt/工作项目/CRMEB-JAVA-ET-V1.2(2025.4.25)/et_java/crmeb-front/target/Crmeb-front.jar!/BOOT-INF/lib/lombok-1.18.12.jar!/, jar:file:/E:/2zynt/工作项目/CRMEB-JAVA-ET-V1.2(2025.4.25)/et_java/crmeb-front/target/Crmeb-front.jar!/BOOT-INF/lib/mybatis-plus-boot-starter-3.3.1.jar!/, jar:file:/E:/2zynt/工作项目/CRMEB-JAVA-ET-V1.2(2025.4.25)/et_java/crmeb-front/target/Crmeb-front.jar!/BOOT-INF/lib/spring-boot-starter-jdbc-2.2.6.RELEASE.jar!/, jar:file:/E:/2zynt/工作项目/CRMEB-JAVA-ET-V1.2(2025.4.25)/et_java/crmeb-front/target/Crmeb-front.jar!/BOOT-INF/lib/HikariCP-3.4.2.jar!/, jar:file:/E:/2zynt/工作项目/CRMEB-JAVA-ET-V1.2(2025.4.25)/et_java/crmeb-front/target/Crmeb-front.jar!/BOOT-INF/lib/spring-jdbc-5.2.5.RELEASE.jar!/, jar:file:/E:/2zynt/工作项目/CRMEB-JAVA-ET-V1.2(2025.4.25)/et_java/crmeb-front/target/Crmeb-front.jar!/BOOT-INF/lib/spring-boot-test-2.2.6.RELEASE.jar!/, jar:file:/E:/2zynt/工作项目/CRMEB-JAVA-ET-V1.2(2025.4.25)/et_java/crmeb-front/target/Crmeb-front.jar!/BOOT-INF/lib/spring-boot-2.2.6.RELEASE.jar!/, jar:file:/E:/2zynt/工作项目/CRMEB-JAVA-ET-V1.2(2025.4.25)/et_java/crmeb-front/target/Crmeb-front.jar!/BOOT-INF/lib/spring-context-5.2.5.RELEASE.jar!/, jar:file:/E:/2zynt/工作项目/CRMEB-JAVA-ET-V1.2(2025.4.25)/et_java/crmeb-front/target/Crmeb-front.jar!/BOOT-INF/lib/spring-test-5.2.5.RELEASE.jar!/, jar:file:/E:/2zynt/工作项目/CRMEB-JAVA-ET-V1.2(2025.4.25)/et_java/crmeb-front/target/Crmeb-front.jar!/BOOT-INF/lib/spring-core-5.2.5.RELEASE.jar!/, jar:file:/E:/2zynt/工作项目/CRMEB-JAVA-ET-V1.2(2025.4.25)/et_java/crmeb-front/target/Crmeb-front.jar!/BOOT-INF/lib/spring-jcl-5.2.5.RELEASE.jar!/, jar:file:/E:/2zynt/工作项目/CRMEB-JAVA-ET-V1.2(2025.4.25)/et_java/crmeb-front/target/Crmeb-front.jar!/BOOT-INF/lib/mybatis-plus-3.3.1.jar!/, jar:file:/E:/2zynt/工作项目/CRMEB-JAVA-ET-V1.2(2025.4.25)/et_java/crmeb-front/target/Crmeb-front.jar!/BOOT-INF/lib/mybatis-plus-extension-3.3.1.jar!/, jar:file:/E:/2zynt/工作项目/CRMEB-JAVA-ET-V1.2(2025.4.25)/et_java/crmeb-front/target/Crmeb-front.jar!/BOOT-INF/lib/mybatis-plus-core-3.3.1.jar!/, jar:file:/E:/2zynt/工作项目/CRMEB-JAVA-ET-V1.2(2025.4.25)/et_java/crmeb-front/target/Crmeb-front.jar!/BOOT-INF/lib/mybatis-plus-annotation-3.3.1.jar!/, jar:file:/E:/2zynt/工作项目/CRMEB-JAVA-ET-V1.2(2025.4.25)/et_java/crmeb-front/target/Crmeb-front.jar!/BOOT-INF/lib/mybatis-3.5.3.jar!/, jar:file:/E:/2zynt/工作项目/CRMEB-JAVA-ET-V1.2(2025.4.25)/et_java/crmeb-front/target/Crmeb-front.jar!/BOOT-INF/lib/mybatis-spring-2.0.3.jar!/, jar:file:/E:/2zynt/工作项目/CRMEB-JAVA-ET-V1.2(2025.4.25)/et_java/crmeb-front/target/Crmeb-front.jar!/BOOT-INF/lib/mybatis-plus-generator-3.3.1.jar!/, jar:file:/E:/2zynt/工作项目/CRMEB-JAVA-ET-V1.2(2025.4.25)/et_java/crmeb-front/target/Crmeb-front.jar!/BOOT-INF/lib/swagger-annotations-1.5.21.jar!/, jar:file:/E:/2zynt/工作项目/CRMEB-JAVA-ET-V1.2(2025.4.25)/et_java/crmeb-front/target/Crmeb-front.jar!/BOOT-INF/lib/springfox-swagger2-2.9.2.jar!/, jar:file:/E:/2zynt/工作项目/CRMEB-JAVA-ET-V1.2(2025.4.25)/et_java/crmeb-front/target/Crmeb-front.jar!/BOOT-INF/lib/springfox-spi-2.9.2.jar!/, jar:file:/E:/2zynt/工作项目/CRMEB-JAVA-ET-V1.2(2025.4.25)/et_java/crmeb-front/target/Crmeb-front.jar!/BOOT-INF/lib/springfox-core-2.9.2.jar!/, jar:file:/E:/2zynt/工作项目/CRMEB-JAVA-ET-V1.2(2025.4.25)/et_java/crmeb-front/target/Crmeb-front.jar!/BOOT-INF/lib/byte-buddy-1.10.8.jar!/, jar:file:/E:/2zynt/工作项目/CRMEB-JAVA-ET-V1.2(2025.4.25)/et_java/crmeb-front/target/Crmeb-front.jar!/BOOT-INF/lib/springfox-schema-2.9.2.jar!/, jar:file:/E:/2zynt/工作项目/CRMEB-JAVA-ET-V1.2(2025.4.25)/et_java/crmeb-front/target/Crmeb-front.jar!/BOOT-INF/lib/springfox-swagger-common-2.9.2.jar!/, jar:file:/E:/2zynt/工作项目/CRMEB-JAVA-ET-V1.2(2025.4.25)/et_java/crmeb-front/target/Crmeb-front.jar!/BOOT-INF/lib/springfox-spring-web-2.9.2.jar!/, jar:file:/E:/2zynt/工作项目/CRMEB-JAVA-ET-V1.2(2025.4.25)/et_java/crmeb-front/target/Crmeb-front.jar!/BOOT-INF/lib/classmate-1.5.1.jar!/, jar:file:/E:/2zynt/工作项目/CRMEB-JAVA-ET-V1.2(2025.4.25)/et_java/crmeb-front/target/Crmeb-front.jar!/BOOT-INF/lib/slf4j-api-1.7.30.jar!/, jar:file:/E:/2zynt/工作项目/CRMEB-JAVA-ET-V1.2(2025.4.25)/et_java/crmeb-front/target/Crmeb-front.jar!/BOOT-INF/lib/spring-plugin-core-1.2.0.RELEASE.jar!/, jar:file:/E:/2zynt/工作项目/CRMEB-JAVA-ET-V1.2(2025.4.25)/et_java/crmeb-front/target/Crmeb-front.jar!/BOOT-INF/lib/spring-plugin-metadata-1.2.0.RELEASE.jar!/, jar:file:/E:/2zynt/工作项目/CRMEB-JAVA-ET-V1.2(2025.4.25)/et_java/crmeb-front/target/Crmeb-front.jar!/BOOT-INF/lib/mapstruct-1.2.0.Final.jar!/, jar:file:/E:/2zynt/工作项目/CRMEB-JAVA-ET-V1.2(2025.4.25)/et_java/crmeb-front/target/Crmeb-front.jar!/BOOT-INF/lib/swagger-models-1.5.22.jar!/, jar:file:/E:/2zynt/工作项目/CRMEB-JAVA-ET-V1.2(2025.4.25)/et_java/crmeb-front/target/Crmeb-front.jar!/BOOT-INF/lib/jackson-annotations-2.10.3.jar!/, jar:file:/E:/2zynt/工作项目/CRMEB-JAVA-ET-V1.2(2025.4.25)/et_java/crmeb-front/target/Crmeb-front.jar!/BOOT-INF/lib/swagger-bootstrap-ui-1.9.3.jar!/, jar:file:/E:/2zynt/工作项目/CRMEB-JAVA-ET-V1.2(2025.4.25)/et_java/crmeb-front/target/Crmeb-front.jar!/BOOT-INF/lib/spring-boot-autoconfigure-2.2.6.RELEASE.jar!/, jar:file:/E:/2zynt/工作项目/CRMEB-JAVA-ET-V1.2(2025.4.25)/et_java/crmeb-front/target/Crmeb-front.jar!/BOOT-INF/lib/logback-classic-1.2.3.jar!/, jar:file:/E:/2zynt/工作项目/CRMEB-JAVA-ET-V1.2(2025.4.25)/et_java/crmeb-front/target/Crmeb-front.jar!/BOOT-INF/lib/logback-core-1.2.3.jar!/, jar:file:/E:/2zynt/工作项目/CRMEB-JAVA-ET-V1.2(2025.4.25)/et_java/crmeb-front/target/Crmeb-front.jar!/BOOT-INF/lib/logstash-logback-encoder-5.3.jar!/, jar:file:/E:/2zynt/工作项目/CRMEB-JAVA-ET-V1.2(2025.4.25)/et_java/crmeb-front/target/Crmeb-front.jar!/BOOT-INF/lib/jackson-databind-2.10.3.jar!/, jar:file:/E:/2zynt/工作项目/CRMEB-JAVA-ET-V1.2(2025.4.25)/et_java/crmeb-front/target/Crmeb-front.jar!/BOOT-INF/lib/spring-boot-starter-web-2.2.6.RELEASE.jar!/, jar:file:/E:/2zynt/工作项目/CRMEB-JAVA-ET-V1.2(2025.4.25)/et_java/crmeb-front/target/Crmeb-front.jar!/BOOT-INF/lib/spring-boot-starter-2.2.6.RELEASE.jar!/, jar:file:/E:/2zynt/工作项目/CRMEB-JAVA-ET-V1.2(2025.4.25)/et_java/crmeb-front/target/Crmeb-front.jar!/BOOT-INF/lib/spring-boot-starter-logging-2.2.6.RELEASE.jar!/, jar:file:/E:/2zynt/工作项目/CRMEB-JAVA-ET-V1.2(2025.4.25)/et_java/crmeb-front/target/Crmeb-front.jar!/BOOT-INF/lib/log4j-to-slf4j-2.12.1.jar!/, jar:file:/E:/2zynt/工作项目/CRMEB-JAVA-ET-V1.2(2025.4.25)/et_java/crmeb-front/target/Crmeb-front.jar!/BOOT-INF/lib/log4j-api-2.12.1.jar!/, jar:file:/E:/2zynt/工作项目/CRMEB-JAVA-ET-V1.2(2025.4.25)/et_java/crmeb-front/target/Crmeb-front.jar!/BOOT-INF/lib/jul-to-slf4j-1.7.30.jar!/, jar:file:/E:/2zynt/工作项目/CRMEB-JAVA-ET-V1.2(2025.4.25)/et_java/crmeb-front/target/Crmeb-front.jar!/BOOT-INF/lib/jakarta.annotation-api-1.3.5.jar!/, jar:file:/E:/2zynt/工作项目/CRMEB-JAVA-ET-V1.2(2025.4.25)/et_java/crmeb-front/target/Crmeb-front.jar!/BOOT-INF/lib/snakeyaml-1.25.jar!/, jar:file:/E:/2zynt/工作项目/CRMEB-JAVA-ET-V1.2(2025.4.25)/et_java/crmeb-front/target/Crmeb-front.jar!/BOOT-INF/lib/spring-boot-starter-json-2.2.6.RELEASE.jar!/, jar:file:/E:/2zynt/工作项目/CRMEB-JAVA-ET-V1.2(2025.4.25)/et_java/crmeb-front/target/Crmeb-front.jar!/BOOT-INF/lib/jackson-datatype-jdk8-2.10.3.jar!/, jar:file:/E:/2zynt/工作项目/CRMEB-JAVA-ET-V1.2(2025.4.25)/et_java/crmeb-front/target/Crmeb-front.jar!/BOOT-INF/lib/jackson-datatype-jsr310-2.10.3.jar!/, jar:file:/E:/2zynt/工作项目/CRMEB-JAVA-ET-V1.2(2025.4.25)/et_java/crmeb-front/target/Crmeb-front.jar!/BOOT-INF/lib/jackson-module-parameter-names-2.10.3.jar!/, jar:file:/E:/2zynt/工作项目/CRMEB-JAVA-ET-V1.2(2025.4.25)/et_java/crmeb-front/target/Crmeb-front.jar!/BOOT-INF/lib/spring-boot-starter-tomcat-2.2.6.RELEASE.jar!/, jar:file:/E:/2zynt/工作项目/CRMEB-JAVA-ET-V1.2(2025.4.25)/et_java/crmeb-front/target/Crmeb-front.jar!/BOOT-INF/lib/tomcat-embed-websocket-9.0.33.jar!/, jar:file:/E:/2zynt/工作项目/CRMEB-JAVA-ET-V1.2(2025.4.25)/et_java/crmeb-front/target/Crmeb-front.jar!/BOOT-INF/lib/spring-boot-starter-validation-2.2.6.RELEASE.jar!/, jar:file:/E:/2zynt/工作项目/CRMEB-JAVA-ET-V1.2(2025.4.25)/et_java/crmeb-front/target/Crmeb-front.jar!/BOOT-INF/lib/jakarta.validation-api-2.0.2.jar!/, jar:file:/E:/2zynt/工作项目/CRMEB-JAVA-ET-V1.2(2025.4.25)/et_java/crmeb-front/target/Crmeb-front.jar!/BOOT-INF/lib/hibernate-validator-6.0.18.Final.jar!/, jar:file:/E:/2zynt/工作项目/CRMEB-JAVA-ET-V1.2(2025.4.25)/et_java/crmeb-front/target/Crmeb-front.jar!/BOOT-INF/lib/jboss-logging-3.4.1.Final.jar!/, jar:file:/E:/2zynt/工作项目/CRMEB-JAVA-ET-V1.2(2025.4.25)/et_java/crmeb-front/target/Crmeb-front.jar!/BOOT-INF/lib/spring-web-5.2.5.RELEASE.jar!/, jar:file:/E:/2zynt/工作项目/CRMEB-JAVA-ET-V1.2(2025.4.25)/et_java/crmeb-front/target/Crmeb-front.jar!/BOOT-INF/lib/spring-webmvc-5.2.5.RELEASE.jar!/, jar:file:/E:/2zynt/工作项目/CRMEB-JAVA-ET-V1.2(2025.4.25)/et_java/crmeb-front/target/Crmeb-front.jar!/BOOT-INF/lib/spring-expression-5.2.5.RELEASE.jar!/, jar:file:/E:/2zynt/工作项目/CRMEB-JAVA-ET-V1.2(2025.4.25)/et_java/crmeb-front/target/Crmeb-front.jar!/BOOT-INF/lib/spring-boot-starter-data-redis-2.2.0.RELEASE.jar!/, jar:file:/E:/2zynt/工作项目/CRMEB-JAVA-ET-V1.2(2025.4.25)/et_java/crmeb-front/target/Crmeb-front.jar!/BOOT-INF/lib/spring-data-redis-2.2.6.RELEASE.jar!/, jar:file:/E:/2zynt/工作项目/CRMEB-JAVA-ET-V1.2(2025.4.25)/et_java/crmeb-front/target/Crmeb-front.jar!/BOOT-INF/lib/spring-data-keyvalue-2.2.6.RELEASE.jar!/, jar:file:/E:/2zynt/工作项目/CRMEB-JAVA-ET-V1.2(2025.4.25)/et_java/crmeb-front/target/Crmeb-front.jar!/BOOT-INF/lib/spring-tx-5.2.5.RELEASE.jar!/, jar:file:/E:/2zynt/工作项目/CRMEB-JAVA-ET-V1.2(2025.4.25)/et_java/crmeb-front/target/Crmeb-front.jar!/BOOT-INF/lib/spring-oxm-5.2.5.RELEASE.jar!/, jar:file:/E:/2zynt/工作项目/CRMEB-JAVA-ET-V1.2(2025.4.25)/et_java/crmeb-front/target/Crmeb-front.jar!/BOOT-INF/lib/lettuce-core-5.2.2.RELEASE.jar!/, jar:file:/E:/2zynt/工作项目/CRMEB-JAVA-ET-V1.2(2025.4.25)/et_java/crmeb-front/target/Crmeb-front.jar!/BOOT-INF/lib/netty-common-4.1.48.Final.jar!/, jar:file:/E:/2zynt/工作项目/CRMEB-JAVA-ET-V1.2(2025.4.25)/et_java/crmeb-front/target/Crmeb-front.jar!/BOOT-INF/lib/netty-handler-4.1.48.Final.jar!/, jar:file:/E:/2zynt/工作项目/CRMEB-JAVA-ET-V1.2(2025.4.25)/et_java/crmeb-front/target/Crmeb-front.jar!/BOOT-INF/lib/netty-resolver-4.1.48.Final.jar!/, jar:file:/E:/2zynt/工作项目/CRMEB-JAVA-ET-V1.2(2025.4.25)/et_java/crmeb-front/target/Crmeb-front.jar!/BOOT-INF/lib/netty-buffer-4.1.48.Final.jar!/, jar:file:/E:/2zynt/工作项目/CRMEB-JAVA-ET-V1.2(2025.4.25)/et_java/crmeb-front/target/Crmeb-front.jar!/BOOT-INF/lib/netty-codec-4.1.48.Final.jar!/, jar:file:/E:/2zynt/工作项目/CRMEB-JAVA-ET-V1.2(2025.4.25)/et_java/crmeb-front/target/Crmeb-front.jar!/BOOT-INF/lib/netty-transport-4.1.48.Final.jar!/, jar:file:/E:/2zynt/工作项目/CRMEB-JAVA-ET-V1.2(2025.4.25)/et_java/crmeb-front/target/Crmeb-front.jar!/BOOT-INF/lib/reactor-core-3.3.4.RELEASE.jar!/, jar:file:/E:/2zynt/工作项目/CRMEB-JAVA-ET-V1.2(2025.4.25)/et_java/crmeb-front/target/Crmeb-front.jar!/BOOT-INF/lib/reactive-streams-1.0.3.jar!/, jar:file:/E:/2zynt/工作项目/CRMEB-JAVA-ET-V1.2(2025.4.25)/et_java/crmeb-front/target/Crmeb-front.jar!/BOOT-INF/lib/jedis-3.1.0.jar!/, jar:file:/E:/2zynt/工作项目/CRMEB-JAVA-ET-V1.2(2025.4.25)/et_java/crmeb-front/target/Crmeb-front.jar!/BOOT-INF/lib/commons-pool2-2.7.0.jar!/, jar:file:/E:/2zynt/工作项目/CRMEB-JAVA-ET-V1.2(2025.4.25)/et_java/crmeb-front/target/Crmeb-front.jar!/BOOT-INF/lib/pagehelper-spring-boot-starter-1.2.5.jar!/, jar:file:/E:/2zynt/工作项目/CRMEB-JAVA-ET-V1.2(2025.4.25)/et_java/crmeb-front/target/Crmeb-front.jar!/BOOT-INF/lib/mybatis-spring-boot-starter-1.3.2.jar!/, jar:file:/E:/2zynt/工作项目/CRMEB-JAVA-ET-V1.2(2025.4.25)/et_java/crmeb-front/target/Crmeb-front.jar!/BOOT-INF/lib/mybatis-spring-boot-autoconfigure-1.3.2.jar!/, jar:file:/E:/2zynt/工作项目/CRMEB-JAVA-ET-V1.2(2025.4.25)/et_java/crmeb-front/target/Crmeb-front.jar!/BOOT-INF/lib/pagehelper-spring-boot-autoconfigure-1.2.5.jar!/, jar:file:/E:/2zynt/工作项目/CRMEB-JAVA-ET-V1.2(2025.4.25)/et_java/crmeb-front/target/Crmeb-front.jar!/BOOT-INF/lib/pagehelper-5.1.4.jar!/, jar:file:/E:/2zynt/工作项目/CRMEB-JAVA-ET-V1.2(2025.4.25)/et_java/crmeb-front/target/Crmeb-front.jar!/BOOT-INF/lib/jsqlparser-1.0.jar!/, jar:file:/E:/2zynt/工作项目/CRMEB-JAVA-ET-V1.2(2025.4.25)/et_java/crmeb-front/target/Crmeb-front.jar!/BOOT-INF/lib/validation-api-1.1.0.Final.jar!/, jar:file:/E:/2zynt/工作项目/CRMEB-JAVA-ET-V1.2(2025.4.25)/et_java/crmeb-front/target/Crmeb-front.jar!/BOOT-INF/lib/spring-data-commons-2.2.6.RELEASE.jar!/, jar:file:/E:/2zynt/工作项目/CRMEB-JAVA-ET-V1.2(2025.4.25)/et_java/crmeb-front/target/Crmeb-front.jar!/BOOT-INF/lib/spring-beans-5.2.5.RELEASE.jar!/, jar:file:/E:/2zynt/工作项目/CRMEB-JAVA-ET-V1.2(2025.4.25)/et_java/crmeb-front/target/Crmeb-front.jar!/BOOT-INF/lib/hutool-all-4.5.7.jar!/, jar:file:/E:/2zynt/工作项目/CRMEB-JAVA-ET-V1.2(2025.4.25)/et_java/crmeb-front/target/Crmeb-front.jar!/BOOT-INF/lib/spring-boot-starter-actuator-2.2.6.RELEASE.jar!/, jar:file:/E:/2zynt/工作项目/CRMEB-JAVA-ET-V1.2(2025.4.25)/et_java/crmeb-front/target/Crmeb-front.jar!/BOOT-INF/lib/spring-boot-actuator-autoconfigure-2.2.6.RELEASE.jar!/, jar:file:/E:/2zynt/工作项目/CRMEB-JAVA-ET-V1.2(2025.4.25)/et_java/crmeb-front/target/Crmeb-front.jar!/BOOT-INF/lib/spring-boot-actuator-2.2.6.RELEASE.jar!/, jar:file:/E:/2zynt/工作项目/CRMEB-JAVA-ET-V1.2(2025.4.25)/et_java/crmeb-front/target/Crmeb-front.jar!/BOOT-INF/lib/micrometer-core-1.3.6.jar!/, jar:file:/E:/2zynt/工作项目/CRMEB-JAVA-ET-V1.2(2025.4.25)/et_java/crmeb-front/target/Crmeb-front.jar!/BOOT-INF/lib/HdrHistogram-2.1.11.jar!/, jar:file:/E:/2zynt/工作项目/CRMEB-JAVA-ET-V1.2(2025.4.25)/et_java/crmeb-front/target/Crmeb-front.jar!/BOOT-INF/lib/LatencyUtils-2.0.3.jar!/, jar:file:/E:/2zynt/工作项目/CRMEB-JAVA-ET-V1.2(2025.4.25)/et_java/crmeb-front/target/Crmeb-front.jar!/BOOT-INF/lib/httpclient-4.5.6.jar!/, jar:file:/E:/2zynt/工作项目/CRMEB-JAVA-ET-V1.2(2025.4.25)/et_java/crmeb-front/target/Crmeb-front.jar!/BOOT-INF/lib/httpcore-4.4.13.jar!/, jar:file:/E:/2zynt/工作项目/CRMEB-JAVA-ET-V1.2(2025.4.25)/et_java/crmeb-front/target/Crmeb-front.jar!/BOOT-INF/lib/commons-logging-1.2.jar!/, jar:file:/E:/2zynt/工作项目/CRMEB-JAVA-ET-V1.2(2025.4.25)/et_java/crmeb-front/target/Crmeb-front.jar!/BOOT-INF/lib/commons-codec-1.13.jar!/, jar:file:/E:/2zynt/工作项目/CRMEB-JAVA-ET-V1.2(2025.4.25)/et_java/crmeb-front/target/Crmeb-front.jar!/BOOT-INF/lib/spring-boot-starter-aop-2.2.6.RELEASE.jar!/, jar:file:/E:/2zynt/工作项目/CRMEB-JAVA-ET-V1.2(2025.4.25)/et_java/crmeb-front/target/Crmeb-front.jar!/BOOT-INF/lib/spring-aop-5.2.5.RELEASE.jar!/, jar:file:/E:/2zynt/工作项目/CRMEB-JAVA-ET-V1.2(2025.4.25)/et_java/crmeb-front/target/Crmeb-front.jar!/BOOT-INF/lib/aspectjweaver-1.9.5.jar!/, jar:file:/E:/2zynt/工作项目/CRMEB-JAVA-ET-V1.2(2025.4.25)/et_java/crmeb-front/target/Crmeb-front.jar!/BOOT-INF/lib/commons-lang3-3.10.jar!/, jar:file:/E:/2zynt/工作项目/CRMEB-JAVA-ET-V1.2(2025.4.25)/et_java/crmeb-front/target/Crmeb-front.jar!/BOOT-INF/lib/poi-3.17.jar!/, jar:file:/E:/2zynt/工作项目/CRMEB-JAVA-ET-V1.2(2025.4.25)/et_java/crmeb-front/target/Crmeb-front.jar!/BOOT-INF/lib/commons-collections4-4.1.jar!/, jar:file:/E:/2zynt/工作项目/CRMEB-JAVA-ET-V1.2(2025.4.25)/et_java/crmeb-front/target/Crmeb-front.jar!/BOOT-INF/lib/poi-ooxml-3.17.jar!/, jar:file:/E:/2zynt/工作项目/CRMEB-JAVA-ET-V1.2(2025.4.25)/et_java/crmeb-front/target/Crmeb-front.jar!/BOOT-INF/lib/poi-ooxml-schemas-3.17.jar!/, jar:file:/E:/2zynt/工作项目/CRMEB-JAVA-ET-V1.2(2025.4.25)/et_java/crmeb-front/target/Crmeb-front.jar!/BOOT-INF/lib/xmlbeans-2.6.0.jar!/, jar:file:/E:/2zynt/工作项目/CRMEB-JAVA-ET-V1.2(2025.4.25)/et_java/crmeb-front/target/Crmeb-front.jar!/BOOT-INF/lib/curvesapi-1.04.jar!/, jar:file:/E:/2zynt/工作项目/CRMEB-JAVA-ET-V1.2(2025.4.25)/et_java/crmeb-front/target/Crmeb-front.jar!/BOOT-INF/lib/commons-fileupload-1.3.3.jar!/, jar:file:/E:/2zynt/工作项目/CRMEB-JAVA-ET-V1.2(2025.4.25)/et_java/crmeb-front/target/Crmeb-front.jar!/BOOT-INF/lib/commons-io-2.4.jar!/, jar:file:/E:/2zynt/工作项目/CRMEB-JAVA-ET-V1.2(2025.4.25)/et_java/crmeb-front/target/Crmeb-front.jar!/BOOT-INF/lib/aliyun-sdk-oss-3.5.0.jar!/, jar:file:/E:/2zynt/工作项目/CRMEB-JAVA-ET-V1.2(2025.4.25)/et_java/crmeb-front/target/Crmeb-front.jar!/BOOT-INF/lib/jdom-1.1.jar!/, jar:file:/E:/2zynt/工作项目/CRMEB-JAVA-ET-V1.2(2025.4.25)/et_java/crmeb-front/target/Crmeb-front.jar!/BOOT-INF/lib/jettison-1.1.jar!/, jar:file:/E:/2zynt/工作项目/CRMEB-JAVA-ET-V1.2(2025.4.25)/et_java/crmeb-front/target/Crmeb-front.jar!/BOOT-INF/lib/stax-api-1.0.1.jar!/, jar:file:/E:/2zynt/工作项目/CRMEB-JAVA-ET-V1.2(2025.4.25)/et_java/crmeb-front/target/Crmeb-front.jar!/BOOT-INF/lib/aliyun-java-sdk-core-3.4.0.jar!/, jar:file:/E:/2zynt/工作项目/CRMEB-JAVA-ET-V1.2(2025.4.25)/et_java/crmeb-front/target/Crmeb-front.jar!/BOOT-INF/lib/aliyun-java-sdk-ram-3.0.0.jar!/, jar:file:/E:/2zynt/工作项目/CRMEB-JAVA-ET-V1.2(2025.4.25)/et_java/crmeb-front/target/Crmeb-front.jar!/BOOT-INF/lib/aliyun-java-sdk-sts-3.0.0.jar!/, jar:file:/E:/2zynt/工作项目/CRMEB-JAVA-ET-V1.2(2025.4.25)/et_java/crmeb-front/target/Crmeb-front.jar!/BOOT-INF/lib/aliyun-java-sdk-ecs-4.2.0.jar!/, jar:file:/E:/2zynt/工作项目/CRMEB-JAVA-ET-V1.2(2025.4.25)/et_java/crmeb-front/target/Crmeb-front.jar!/BOOT-INF/lib/cos_api-5.6.22.jar!/, jar:file:/E:/2zynt/工作项目/CRMEB-JAVA-ET-V1.2(2025.4.25)/et_java/crmeb-front/target/Crmeb-front.jar!/BOOT-INF/lib/joda-time-2.10.5.jar!/, jar:file:/E:/2zynt/工作项目/CRMEB-JAVA-ET-V1.2(2025.4.25)/et_java/crmeb-front/target/Crmeb-front.jar!/BOOT-INF/lib/bcprov-jdk15on-1.64.jar!/, jar:file:/E:/2zynt/工作项目/CRMEB-JAVA-ET-V1.2(2025.4.25)/et_java/crmeb-front/target/Crmeb-front.jar!/BOOT-INF/lib/qiniu-java-sdk-7.2.28.jar!/, jar:file:/E:/2zynt/工作项目/CRMEB-JAVA-ET-V1.2(2025.4.25)/et_java/crmeb-front/target/Crmeb-front.jar!/BOOT-INF/lib/okhttp-3.14.7.jar!/, jar:file:/E:/2zynt/工作项目/CRMEB-JAVA-ET-V1.2(2025.4.25)/et_java/crmeb-front/target/Crmeb-front.jar!/BOOT-INF/lib/okio-1.17.2.jar!/, jar:file:/E:/2zynt/工作项目/CRMEB-JAVA-ET-V1.2(2025.4.25)/et_java/crmeb-front/target/Crmeb-front.jar!/BOOT-INF/lib/gson-2.8.6.jar!/, jar:file:/E:/2zynt/工作项目/CRMEB-JAVA-ET-V1.2(2025.4.25)/et_java/crmeb-front/target/Crmeb-front.jar!/BOOT-INF/lib/dom4j-1.6.1.jar!/, jar:file:/E:/2zynt/工作项目/CRMEB-JAVA-ET-V1.2(2025.4.25)/et_java/crmeb-front/target/Crmeb-front.jar!/BOOT-INF/lib/xml-apis-1.0.b2.jar!/, jar:file:/E:/2zynt/工作项目/CRMEB-JAVA-ET-V1.2(2025.4.25)/et_java/crmeb-front/target/Crmeb-front.jar!/BOOT-INF/lib/xstream-1.4.10.jar!/, jar:file:/E:/2zynt/工作项目/CRMEB-JAVA-ET-V1.2(2025.4.25)/et_java/crmeb-front/target/Crmeb-front.jar!/BOOT-INF/lib/xmlpull-1.1.3.1.jar!/, jar:file:/E:/2zynt/工作项目/CRMEB-JAVA-ET-V1.2(2025.4.25)/et_java/crmeb-front/target/Crmeb-front.jar!/BOOT-INF/lib/xpp3_min-1.1.4c.jar!/, jar:file:/E:/2zynt/工作项目/CRMEB-JAVA-ET-V1.2(2025.4.25)/et_java/crmeb-front/target/Crmeb-front.jar!/BOOT-INF/lib/httpmime-4.5.2.jar!/, jar:file:/E:/2zynt/工作项目/CRMEB-JAVA-ET-V1.2(2025.4.25)/et_java/crmeb-front/target/Crmeb-front.jar!/BOOT-INF/lib/jjwt-0.9.1.jar!/, jar:file:/E:/2zynt/工作项目/CRMEB-JAVA-ET-V1.2(2025.4.25)/et_java/crmeb-front/target/Crmeb-front.jar!/BOOT-INF/lib/jwks-rsa-0.9.0.jar!/, jar:file:/E:/2zynt/工作项目/CRMEB-JAVA-ET-V1.2(2025.4.25)/et_java/crmeb-front/target/Crmeb-front.jar!/BOOT-INF/lib/spring-boot-starter-security-2.2.6.RELEASE.jar!/, jar:file:/E:/2zynt/工作项目/CRMEB-JAVA-ET-V1.2(2025.4.25)/et_java/crmeb-front/target/Crmeb-front.jar!/BOOT-INF/lib/spring-security-config-5.2.2.RELEASE.jar!/, jar:file:/E:/2zynt/工作项目/CRMEB-JAVA-ET-V1.2(2025.4.25)/et_java/crmeb-front/target/Crmeb-front.jar!/BOOT-INF/lib/spring-security-core-5.2.2.RELEASE.jar!/, jar:file:/E:/2zynt/工作项目/CRMEB-JAVA-ET-V1.2(2025.4.25)/et_java/crmeb-front/target/Crmeb-front.jar!/BOOT-INF/lib/spring-security-web-5.2.2.RELEASE.jar!/, jar:file:/E:/2zynt/工作项目/CRMEB-JAVA-ET-V1.2(2025.4.25)/et_java/crmeb-front/target/Crmeb-front.jar!/BOOT-INF/lib/spring-boot-starter-mail-2.2.6.RELEASE.jar!/, jar:file:/E:/2zynt/工作项目/CRMEB-JAVA-ET-V1.2(2025.4.25)/et_java/crmeb-front/target/Crmeb-front.jar!/BOOT-INF/lib/spring-context-support-5.2.5.RELEASE.jar!/, jar:file:/E:/2zynt/工作项目/CRMEB-JAVA-ET-V1.2(2025.4.25)/et_java/crmeb-front/target/Crmeb-front.jar!/BOOT-INF/lib/jakarta.mail-1.6.5.jar!/, jar:file:/E:/2zynt/工作项目/CRMEB-JAVA-ET-V1.2(2025.4.25)/et_java/crmeb-front/target/Crmeb-front.jar!/BOOT-INF/lib/jakarta.activation-1.2.2.jar!/, jar:file:/E:/2zynt/工作项目/CRMEB-JAVA-ET-V1.2(2025.4.25)/et_java/crmeb-front/target/Crmeb-front.jar!/BOOT-INF/lib/checkout-sdk-1.0.4.jar!/, jar:file:/E:/2zynt/工作项目/CRMEB-JAVA-ET-V1.2(2025.4.25)/et_java/crmeb-front/target/Crmeb-front.jar!/BOOT-INF/lib/paypalhttp-1.0.2.jar!/, jar:file:/E:/2zynt/工作项目/CRMEB-JAVA-ET-V1.2(2025.4.25)/et_java/crmeb-front/target/Crmeb-front.jar!/BOOT-INF/lib/dysmsapi20170525-2.0.8.jar!/, jar:file:/E:/2zynt/工作项目/CRMEB-JAVA-ET-V1.2(2025.4.25)/et_java/crmeb-front/target/Crmeb-front.jar!/BOOT-INF/lib/tea-util-0.2.13.jar!/, jar:file:/E:/2zynt/工作项目/CRMEB-JAVA-ET-V1.2(2025.4.25)/et_java/crmeb-front/target/Crmeb-front.jar!/BOOT-INF/lib/endpoint-util-0.0.6.jar!/, jar:file:/E:/2zynt/工作项目/CRMEB-JAVA-ET-V1.2(2025.4.25)/et_java/crmeb-front/target/Crmeb-front.jar!/BOOT-INF/lib/tea-1.1.14.jar!/, jar:file:/E:/2zynt/工作项目/CRMEB-JAVA-ET-V1.2(2025.4.25)/et_java/crmeb-front/target/Crmeb-front.jar!/BOOT-INF/lib/org.jacoco.agent-0.8.4-runtime.jar!/, jar:file:/E:/2zynt/工作项目/CRMEB-JAVA-ET-V1.2(2025.4.25)/et_java/crmeb-front/target/Crmeb-front.jar!/BOOT-INF/lib/tea-openapi-0.1.6.jar!/, jar:file:/E:/2zynt/工作项目/CRMEB-JAVA-ET-V1.2(2025.4.25)/et_java/crmeb-front/target/Crmeb-front.jar!/BOOT-INF/lib/credentials-java-0.2.4.jar!/, jar:file:/E:/2zynt/工作项目/CRMEB-JAVA-ET-V1.2(2025.4.25)/et_java/crmeb-front/target/Crmeb-front.jar!/BOOT-INF/lib/ini4j-0.5.4.jar!/, jar:file:/E:/2zynt/工作项目/CRMEB-JAVA-ET-V1.2(2025.4.25)/et_java/crmeb-front/target/Crmeb-front.jar!/BOOT-INF/lib/jaxb-api-2.3.1.jar!/, jar:file:/E:/2zynt/工作项目/CRMEB-JAVA-ET-V1.2(2025.4.25)/et_java/crmeb-front/target/Crmeb-front.jar!/BOOT-INF/lib/javax.activation-api-1.2.0.jar!/, jar:file:/E:/2zynt/工作项目/CRMEB-JAVA-ET-V1.2(2025.4.25)/et_java/crmeb-front/target/Crmeb-front.jar!/BOOT-INF/lib/jaxb-core-2.3.0.jar!/, jar:file:/E:/2zynt/工作项目/CRMEB-JAVA-ET-V1.2(2025.4.25)/et_java/crmeb-front/target/Crmeb-front.jar!/BOOT-INF/lib/jaxb-impl-2.3.0.jar!/, jar:file:/E:/2zynt/工作项目/CRMEB-JAVA-ET-V1.2(2025.4.25)/et_java/crmeb-front/target/Crmeb-front.jar!/BOOT-INF/lib/openapiutil-0.1.13.jar!/, jar:file:/E:/2zynt/工作项目/CRMEB-JAVA-ET-V1.2(2025.4.25)/et_java/crmeb-front/target/Crmeb-front.jar!/BOOT-INF/lib/sdk-core-java-1.1.7.jar!/, jar:file:/E:/2zynt/工作项目/CRMEB-JAVA-ET-V1.2(2025.4.25)/et_java/crmeb-front/target/Crmeb-front.jar!/BOOT-INF/lib/juniversalchardet-1.0.3.jar!/, jar:file:/E:/2zynt/工作项目/CRMEB-JAVA-ET-V1.2(2025.4.25)/et_java/crmeb-front/target/Crmeb-front.jar!/BOOT-INF/lib/plexus-digest-1.0.jar!/, jar:file:/E:/2zynt/工作项目/CRMEB-JAVA-ET-V1.2(2025.4.25)/et_java/crmeb-front/target/Crmeb-front.jar!/BOOT-INF/lib/plexus-container-default-1.0-alpha-8.jar!/, jar:file:/E:/2zynt/工作项目/CRMEB-JAVA-ET-V1.2(2025.4.25)/et_java/crmeb-front/target/Crmeb-front.jar!/BOOT-INF/lib/plexus-utils-1.0.4.jar!/, jar:file:/E:/2zynt/工作项目/CRMEB-JAVA-ET-V1.2(2025.4.25)/et_java/crmeb-front/target/Crmeb-front.jar!/BOOT-INF/lib/classworlds-1.1-alpha-2.jar!/, jar:file:/E:/2zynt/工作项目/CRMEB-JAVA-ET-V1.2(2025.4.25)/et_java/crmeb-front/target/Crmeb-front.jar!/BOOT-INF/lib/stripe-java-20.124.0.jar!/, jar:file:/E:/2zynt/工作项目/CRMEB-JAVA-ET-V1.2(2025.4.25)/et_java/crmeb-front/target/Crmeb-front.jar!/BOOT-INF/lib/weixin-java-pay-4.5.0.jar!/, jar:file:/E:/2zynt/工作项目/CRMEB-JAVA-ET-V1.2(2025.4.25)/et_java/crmeb-front/target/Crmeb-front.jar!/BOOT-INF/lib/weixin-java-common-4.5.0.jar!/, jar:file:/E:/2zynt/工作项目/CRMEB-JAVA-ET-V1.2(2025.4.25)/et_java/crmeb-front/target/Crmeb-front.jar!/BOOT-INF/lib/jcl-over-slf4j-1.7.30.jar!/, jar:file:/E:/2zynt/工作项目/CRMEB-JAVA-ET-V1.2(2025.4.25)/et_java/crmeb-front/target/Crmeb-front.jar!/BOOT-INF/lib/dom4j-2.1.3.jar!/, jar:file:/E:/2zynt/工作项目/CRMEB-JAVA-ET-V1.2(2025.4.25)/et_java/crmeb-front/target/Crmeb-front.jar!/BOOT-INF/lib/qrcode-utils-1.1.jar!/, jar:file:/E:/2zynt/工作项目/CRMEB-JAVA-ET-V1.2(2025.4.25)/et_java/crmeb-front/target/Crmeb-front.jar!/BOOT-INF/lib/bcpkix-jdk15on-1.68.jar!/, jar:file:/E:/2zynt/工作项目/CRMEB-JAVA-ET-V1.2(2025.4.25)/et_java/crmeb-front/target/Crmeb-front.jar!/BOOT-INF/lib/jodd-http-6.2.1.jar!/, jar:file:/E:/2zynt/工作项目/CRMEB-JAVA-ET-V1.2(2025.4.25)/et_java/crmeb-front/target/Crmeb-front.jar!/BOOT-INF/lib/jodd-util-6.1.0.jar!/, jar:file:/E:/2zynt/工作项目/CRMEB-JAVA-ET-V1.2(2025.4.25)/et_java/crmeb-front/target/Crmeb-front.jar!/BOOT-INF/lib/javase-3.3.3.jar!/, jar:file:/E:/2zynt/工作项目/CRMEB-JAVA-ET-V1.2(2025.4.25)/et_java/crmeb-front/target/Crmeb-front.jar!/BOOT-INF/lib/core-3.3.3.jar!/, jar:file:/E:/2zynt/工作项目/CRMEB-JAVA-ET-V1.2(2025.4.25)/et_java/crmeb-front/target/Crmeb-front.jar!/BOOT-INF/lib/jcommander-1.72.jar!/, jar:file:/E:/2zynt/工作项目/CRMEB-JAVA-ET-V1.2(2025.4.25)/et_java/crmeb-front/target/Crmeb-front.jar!/BOOT-INF/lib/jai-imageio-core-1.4.0.jar!/, jar:file:/E:/2zynt/工作项目/CRMEB-JAVA-ET-V1.2(2025.4.25)/et_java/crmeb-front/target/Crmeb-front.jar!/BOOT-INF/lib/google-api-client-1.30.10.jar!/, jar:file:/E:/2zynt/工作项目/CRMEB-JAVA-ET-V1.2(2025.4.25)/et_java/crmeb-front/target/Crmeb-front.jar!/BOOT-INF/lib/google-oauth-client-1.31.0.jar!/, jar:file:/E:/2zynt/工作项目/CRMEB-JAVA-ET-V1.2(2025.4.25)/et_java/crmeb-front/target/Crmeb-front.jar!/BOOT-INF/lib/google-http-client-1.35.0.jar!/, jar:file:/E:/2zynt/工作项目/CRMEB-JAVA-ET-V1.2(2025.4.25)/et_java/crmeb-front/target/Crmeb-front.jar!/BOOT-INF/lib/opencensus-api-0.24.0.jar!/, jar:file:/E:/2zynt/工作项目/CRMEB-JAVA-ET-V1.2(2025.4.25)/et_java/crmeb-front/target/Crmeb-front.jar!/BOOT-INF/lib/grpc-context-1.22.1.jar!/, jar:file:/E:/2zynt/工作项目/CRMEB-JAVA-ET-V1.2(2025.4.25)/et_java/crmeb-front/target/Crmeb-front.jar!/BOOT-INF/lib/opencensus-contrib-http-util-0.24.0.jar!/, jar:file:/E:/2zynt/工作项目/CRMEB-JAVA-ET-V1.2(2025.4.25)/et_java/crmeb-front/target/Crmeb-front.jar!/BOOT-INF/lib/jsr305-3.0.2.jar!/, jar:file:/E:/2zynt/工作项目/CRMEB-JAVA-ET-V1.2(2025.4.25)/et_java/crmeb-front/target/Crmeb-front.jar!/BOOT-INF/lib/google-http-client-jackson2-1.36.0.jar!/, jar:file:/E:/2zynt/工作项目/CRMEB-JAVA-ET-V1.2(2025.4.25)/et_java/crmeb-front/target/Crmeb-front.jar!/BOOT-INF/lib/jackson-core-2.10.3.jar!/, jar:file:/E:/2zynt/工作项目/CRMEB-JAVA-ET-V1.2(2025.4.25)/et_java/crmeb-front/target/Crmeb-front.jar!/BOOT-INF/lib/guava-29.0-android.jar!/, jar:file:/E:/2zynt/工作项目/CRMEB-JAVA-ET-V1.2(2025.4.25)/et_java/crmeb-front/target/Crmeb-front.jar!/BOOT-INF/lib/failureaccess-1.0.1.jar!/, jar:file:/E:/2zynt/工作项目/CRMEB-JAVA-ET-V1.2(2025.4.25)/et_java/crmeb-front/target/Crmeb-front.jar!/BOOT-INF/lib/listenablefuture-9999.0-empty-to-avoid-conflict-with-guava.jar!/, jar:file:/E:/2zynt/工作项目/CRMEB-JAVA-ET-V1.2(2025.4.25)/et_java/crmeb-front/target/Crmeb-front.jar!/BOOT-INF/lib/checker-compat-qual-2.5.5.jar!/, jar:file:/E:/2zynt/工作项目/CRMEB-JAVA-ET-V1.2(2025.4.25)/et_java/crmeb-front/target/Crmeb-front.jar!/BOOT-INF/lib/error_prone_annotations-2.3.4.jar!/, jar:file:/E:/2zynt/工作项目/CRMEB-JAVA-ET-V1.2(2025.4.25)/et_java/crmeb-front/target/Crmeb-front.jar!/BOOT-INF/lib/j2objc-annotations-1.3.jar!/, jar:file:/E:/2zynt/工作项目/CRMEB-JAVA-ET-V1.2(2025.4.25)/et_java/crmeb-front/target/Crmeb-front.jar!/BOOT-INF/lib/twitter4j-core-4.0.7.jar!/, jar:file:/E:/2zynt/工作项目/CRMEB-JAVA-ET-V1.2(2025.4.25)/et_java/crmeb-front/target/Crmeb-front.jar!/BOOT-INF/lib/spring-boot-jarmode-layertools-2.6.6.jar!/]" }
                    
{
                    "app": "Crmeb",
                    "timestamp":"2025-09-18 17:45:50.074",
                    "level": "DEBUG",
                    "thread": "main",
                    "class": "o.springframework.boot.SpringApplication",
                    "message": "Loading source class com.zbkj.front.CrmebFrontApplication" }
                    
{
                    "app": "Crmeb",
                    "timestamp":"2025-09-18 17:45:50.130",
                    "level": "DEBUG",
                    "thread": "main",
                    "class": "o.s.b.c.c.ConfigFileApplicationListener",
                    "message": "Loaded config file 'jar:file:/E:/2zynt/%E5%B7%A5%E4%BD%9C%E9%A1%B9%E7%9B%AE/CRMEB-JAVA-ET-V1.2(2025.4.25)/et_java/crmeb-front/target/Crmeb-front.jar!/BOOT-INF/classes!/application.yml' (classpath:/application.yml)" }
                    
{
                    "app": "Crmeb",
                    "timestamp":"2025-09-18 17:45:50.131",
                    "level": "DEBUG",
                    "thread": "main",
                    "class": "o.s.b.w.s.c.AnnotationConfigServletWebServerApplicationContext",
                    "message": "Refreshing org.springframework.boot.web.servlet.context.AnnotationConfigServletWebServerApplicationContext@20e2cbe0" }
                    
{
                    "app": "Crmeb",
                    "timestamp":"2025-09-18 17:45:52.191",
                    "level": "DEBUG",
                    "thread": "main",
                    "class": "o.s.b.w.e.t.TomcatServletWebServerFactory",
                    "message": "Code archive: E:\2zynt\工作项目\CRMEB-JAVA-ET-V1.2(2025.4.25)\et_java\crmeb-front\target\Crmeb-front.jar" }
                    
{
                    "app": "Crmeb",
                    "timestamp":"2025-09-18 17:45:52.192",
                    "level": "DEBUG",
                    "thread": "main",
                    "class": "o.s.b.w.e.t.TomcatServletWebServerFactory",
                    "message": "Code archive: E:\2zynt\工作项目\CRMEB-JAVA-ET-V1.2(2025.4.25)\et_java\crmeb-front\target\Crmeb-front.jar" }
                    
{
                    "app": "Crmeb",
                    "timestamp":"2025-09-18 17:45:52.194",
                    "level": "DEBUG",
                    "thread": "main",
                    "class": "o.s.b.w.e.t.TomcatServletWebServerFactory",
                    "message": "None of the document roots [src/main/webapp, public, static] point to a directory and will be ignored." }
                    
{
                    "app": "Crmeb",
                    "timestamp":"2025-09-18 17:45:52.660",
                    "level": "DEBUG",
                    "thread": "main",
                    "class": "o.s.web.context.ContextLoader",
                    "message": "Published root WebApplicationContext as ServletContext attribute with name [org.springframework.web.context.WebApplicationContext.ROOT]" }
                    
{
                    "app": "Crmeb",
                    "timestamp":"2025-09-18 17:45:53.092",
                    "level": "DEBUG",
                    "thread": "main",
                    "class": "o.s.b.w.s.ServletContextInitializerBeans",
                    "message": "Mapping filters: filterRegistrationBean urls=[/*] order=-2147483647, springSecurityFilterChain urls=[/*] order=-100, filterRegistrationBean urls=[/*] order=2147483647, filterRegistrationBean urls=[/*] order=2147483647, characterEncodingFilter urls=[/*] order=-2147483648, formContentFilter urls=[/*] order=-9900, requestContextFilter urls=[/*] order=-105, corsFilter urls=[/*] order=2147483647" }
                    
{
                    "app": "Crmeb",
                    "timestamp":"2025-09-18 17:45:53.093",
                    "level": "DEBUG",
                    "thread": "main",
                    "class": "o.s.b.w.s.ServletContextInitializerBeans",
                    "message": "Mapping servlets: statViewServlet urls=[/druid/*], dispatcherServlet urls=[/]" }
                    
{
                    "app": "Crmeb",
                    "timestamp":"2025-09-18 17:45:53.136",
                    "level": "DEBUG",
                    "thread": "main",
                    "class": "o.s.b.a.m.w.servlet.WebMvcMetricsFilter",
                    "message": "Filter 'webMvcMetricsFilter' configured for use" }
                    
{
                    "app": "Crmeb",
                    "timestamp":"2025-09-18 17:45:53.137",
                    "level": "DEBUG",
                    "thread": "main",
                    "class": "o.s.b.w.s.f.OrderedRequestContextFilter",
                    "message": "Filter 'requestContextFilter' configured for use" }
                    
{
                    "app": "Crmeb",
                    "timestamp":"2025-09-18 17:45:53.138",
                    "level": "DEBUG",
                    "thread": "main",
                    "class": "o.springframework.web.filter.CorsFilter",
                    "message": "Filter 'corsFilter' configured for use" }
                    
{
                    "app": "Crmeb",
                    "timestamp":"2025-09-18 17:45:53.138",
                    "level": "DEBUG",
                    "thread": "main",
                    "class": "o.s.b.w.s.f.OrderedCharacterEncodingFilter",
                    "message": "Filter 'characterEncodingFilter' configured for use" }
                    
{
                    "app": "Crmeb",
                    "timestamp":"2025-09-18 17:45:53.138",
                    "level": "DEBUG",
                    "thread": "main",
                    "class": "o.s.b.w.s.DelegatingFilterProxyRegistrationBean$1",
                    "message": "Filter 'springSecurityFilterChain' configured for use" }
                    
{
                    "app": "Crmeb",
                    "timestamp":"2025-09-18 17:45:53.138",
                    "level": "DEBUG",
                    "thread": "main",
                    "class": "o.s.b.w.s.f.OrderedFormContentFilter",
                    "message": "Filter 'formContentFilter' configured for use" }
                    
{
                    "app": "Crmeb",
                    "timestamp":"2025-09-18 17:45:58.053",
                    "level": "DEBUG",
                    "thread": "main",
                    "class": "o.s.w.s.m.m.a.RequestMappingHandlerMapping",
                    "message": "151 mappings in 'requestMappingHandlerMapping'" }
                    
{
                    "app": "Crmeb",
                    "timestamp":"2025-09-18 17:45:58.424",
                    "level": "DEBUG",
                    "thread": "main",
                    "class": "o.s.w.s.m.m.a.RequestMappingHandlerAdapter",
                    "message": "ControllerAdvice beans: 0 @ModelAttribute, 0 @InitBinder, 1 RequestBodyAdvice, 1 ResponseBodyAdvice" }
                    
{
                    "app": "Crmeb",
                    "timestamp":"2025-09-18 17:45:58.499",
                    "level": "DEBUG",
                    "thread": "main",
                    "class": "o.s.w.s.handler.SimpleUrlHandlerMapping",
                    "message": "Patterns [/webjars/**, /**, /doc.html] in 'resourceHandlerMapping'" }
                    
{
                    "app": "Crmeb",
                    "timestamp":"2025-09-18 17:45:58.509",
                    "level": "DEBUG",
                    "thread": "main",
                    "class": "o.s.w.s.m.m.a.ExceptionHandlerExceptionResolver",
                    "message": "ControllerAdvice beans: 1 @ExceptionHandler, 1 ResponseBodyAdvice" }
                    
{
                    "app": "Crmeb",
                    "timestamp":"2025-09-18 17:49:42.265",
                    "level": "DEBUG",
                    "thread": "http-nio-8081-exec-4",
                    "class": "o.s.web.servlet.DispatcherServlet",
                    "message": "Detected StandardServletMultipartResolver" }
                    
{
                    "app": "Crmeb",
                    "timestamp":"2025-09-18 17:49:42.266",
                    "level": "DEBUG",
                    "thread": "http-nio-8081-exec-4",
                    "class": "o.s.web.servlet.DispatcherServlet",
                    "message": "Detected I18nLocaleResolver" }
                    
{
                    "app": "Crmeb",
                    "timestamp":"2025-09-18 17:49:42.271",
                    "level": "DEBUG",
                    "thread": "http-nio-8081-exec-4",
                    "class": "o.s.web.servlet.DispatcherServlet",
                    "message": "enableLoggingRequestDetails='false': request parameters and headers will be masked to prevent unsafe logging of potentially sensitive data" }
                    
{
                    "app": "Crmeb",
                    "timestamp":"2025-09-18 17:49:42.306",
                    "level": "DEBUG",
                    "thread": "http-nio-8081-exec-16",
                    "class": "o.s.web.servlet.DispatcherServlet",
                    "message": "GET "/api/front/index/product?page=1&limit=13", parameters={masked}" }
                    
{
                    "app": "Crmeb",
                    "timestamp":"2025-09-18 17:49:42.306",
                    "level": "DEBUG",
                    "thread": "http-nio-8081-exec-5",
                    "class": "o.s.web.servlet.DispatcherServlet",
                    "message": "GET "/api/front/merchant/street", parameters={}" }
                    
{
                    "app": "Crmeb",
                    "timestamp":"2025-09-18 17:49:42.306",
                    "level": "DEBUG",
                    "thread": "http-nio-8081-exec-6",
                    "class": "o.s.web.servlet.DispatcherServlet",
                    "message": "GET "/api/pc/home/index", parameters={}" }
                    
{
                    "app": "Crmeb",
                    "timestamp":"2025-09-18 17:49:42.306",
                    "level": "DEBUG",
                    "thread": "http-nio-8081-exec-8",
                    "class": "o.s.web.servlet.DispatcherServlet",
                    "message": "GET "/api/front/product/leaderboard", parameters={}" }
                    
{
                    "app": "Crmeb",
                    "timestamp":"2025-09-18 17:49:42.306",
                    "level": "DEBUG",
                    "thread": "http-nio-8081-exec-10",
                    "class": "o.s.web.servlet.DispatcherServlet",
                    "message": "GET "/api/front/activity/index/list", parameters={}" }
                    
{
                    "app": "Crmeb",
                    "timestamp":"2025-09-18 17:49:42.310",
                    "level": "DEBUG",
                    "thread": "http-nio-8081-exec-8",
                    "class": "o.s.w.s.m.m.a.RequestMappingHandlerMapping",
                    "message": "Mapped to com.zbkj.front.controller.ProductController#getLeaderboard()" }
                    
{
                    "app": "Crmeb",
                    "timestamp":"2025-09-18 17:49:42.310",
                    "level": "DEBUG",
                    "thread": "http-nio-8081-exec-6",
                    "class": "o.s.w.s.m.m.a.RequestMappingHandlerMapping",
                    "message": "Mapped to com.zbkj.front.pc.controller.PcIndexController#getIndexInfo()" }
                    
{
                    "app": "Crmeb",
                    "timestamp":"2025-09-18 17:49:42.310",
                    "level": "DEBUG",
                    "thread": "http-nio-8081-exec-16",
                    "class": "o.s.w.s.m.m.a.RequestMappingHandlerMapping",
                    "message": "Mapped to com.zbkj.front.controller.IndexController#getProductList(PageParamRequest)" }
                    
{
                    "app": "Crmeb",
                    "timestamp":"2025-09-18 17:49:42.310",
                    "level": "DEBUG",
                    "thread": "http-nio-8081-exec-5",
                    "class": "o.s.w.s.m.m.a.RequestMappingHandlerMapping",
                    "message": "Mapped to com.zbkj.front.controller.MerchantController#getStreet(PageParamRequest)" }
                    
{
                    "app": "Crmeb",
                    "timestamp":"2025-09-18 17:49:42.310",
                    "level": "DEBUG",
                    "thread": "http-nio-8081-exec-10",
                    "class": "o.s.w.s.m.m.a.RequestMappingHandlerMapping",
                    "message": "Mapped to com.zbkj.front.controller.ActivityController#getIndexList()" }
                    
{
                    "app": "Crmeb",
                    "timestamp":"2025-09-18 17:49:42.884",
                    "level": "DEBUG",
                    "thread": "http-nio-8081-exec-19",
                    "class": "o.s.web.servlet.DispatcherServlet",
                    "message": "GET "/api/pc/home/index", parameters={}" }
                    
{
                    "app": "Crmeb",
                    "timestamp":"2025-09-18 17:49:42.884",
                    "level": "DEBUG",
                    "thread": "http-nio-8081-exec-21",
                    "class": "o.s.web.servlet.DispatcherServlet",
                    "message": "GET "/api/front/index/product?page=1&limit=13", parameters={masked}" }
                    
{
                    "app": "Crmeb",
                    "timestamp":"2025-09-18 17:49:42.885",
                    "level": "DEBUG",
                    "thread": "http-nio-8081-exec-23",
                    "class": "o.s.web.servlet.DispatcherServlet",
                    "message": "GET "/api/front/activity/index/list", parameters={}" }
                    
{
                    "app": "Crmeb",
                    "timestamp":"2025-09-18 17:49:42.885",
                    "level": "DEBUG",
                    "thread": "http-nio-8081-exec-20",
                    "class": "o.s.web.servlet.DispatcherServlet",
                    "message": "GET "/api/front/merchant/street", parameters={}" }
                    
{
                    "app": "Crmeb",
                    "timestamp":"2025-09-18 17:49:42.885",
                    "level": "DEBUG",
                    "thread": "http-nio-8081-exec-22",
                    "class": "o.s.web.servlet.DispatcherServlet",
                    "message": "GET "/api/front/product/leaderboard", parameters={}" }
                    
{
                    "app": "Crmeb",
                    "timestamp":"2025-09-18 17:49:42.885",
                    "level": "DEBUG",
                    "thread": "http-nio-8081-exec-19",
                    "class": "o.s.w.s.m.m.a.RequestMappingHandlerMapping",
                    "message": "Mapped to com.zbkj.front.pc.controller.PcIndexController#getIndexInfo()" }
                    
{
                    "app": "Crmeb",
                    "timestamp":"2025-09-18 17:49:42.886",
                    "level": "DEBUG",
                    "thread": "http-nio-8081-exec-21",
                    "class": "o.s.w.s.m.m.a.RequestMappingHandlerMapping",
                    "message": "Mapped to com.zbkj.front.controller.IndexController#getProductList(PageParamRequest)" }
                    
{
                    "app": "Crmeb",
                    "timestamp":"2025-09-18 17:49:42.886",
                    "level": "DEBUG",
                    "thread": "http-nio-8081-exec-23",
                    "class": "o.s.w.s.m.m.a.RequestMappingHandlerMapping",
                    "message": "Mapped to com.zbkj.front.controller.ActivityController#getIndexList()" }
                    
{
                    "app": "Crmeb",
                    "timestamp":"2025-09-18 17:49:42.886",
                    "level": "DEBUG",
                    "thread": "http-nio-8081-exec-20",
                    "class": "o.s.w.s.m.m.a.RequestMappingHandlerMapping",
                    "message": "Mapped to com.zbkj.front.controller.MerchantController#getStreet(PageParamRequest)" }
                    
{
                    "app": "Crmeb",
                    "timestamp":"2025-09-18 17:49:42.886",
                    "level": "DEBUG",
                    "thread": "http-nio-8081-exec-22",
                    "class": "o.s.w.s.m.m.a.RequestMappingHandlerMapping",
                    "message": "Mapped to com.zbkj.front.controller.ProductController#getLeaderboard()" }
                    
{
                    "app": "Crmeb",
                    "timestamp":"2025-09-18 17:50:02.319",
                    "level": "DEBUG",
                    "thread": "http-nio-8081-exec-28",
                    "class": "o.s.web.servlet.DispatcherServlet",
                    "message": "GET "/api/front/activity/index/list", parameters={}" }
                    
{
                    "app": "Crmeb",
                    "timestamp":"2025-09-18 17:50:02.891",
                    "level": "DEBUG",
                    "thread": "http-nio-8081-exec-24",
                    "class": "o.s.web.servlet.DispatcherServlet",
                    "message": "GET "/api/front/activity/index/list", parameters={}" }
                    
{
                    "app": "Crmeb",
                    "timestamp":"2025-09-18 17:50:03.499",
                    "level": "DEBUG",
                    "thread": "http-nio-8081-exec-24",
                    "class": "o.s.w.s.m.m.a.RequestMappingHandlerMapping",
                    "message": "Mapped to com.zbkj.front.controller.ActivityController#getIndexList()" }
                    
{
                    "app": "Crmeb",
                    "timestamp":"2025-09-18 17:50:03.500",
                    "level": "DEBUG",
                    "thread": "http-nio-8081-exec-28",
                    "class": "o.s.w.s.m.m.a.RequestMappingHandlerMapping",
                    "message": "Mapped to com.zbkj.front.controller.ActivityController#getIndexList()" }
                    
{
                    "app": "Crmeb",
                    "timestamp":"2025-09-18 17:51:11.940",
                    "level": "DEBUG",
                    "thread": "http-nio-8081-exec-4",
                    "class": "o.s.web.servlet.DispatcherServlet",
                    "message": "GET "/api/pc/home/index", parameters={}" }
                    
{
                    "app": "Crmeb",
                    "timestamp":"2025-09-18 17:51:11.941",
                    "level": "DEBUG",
                    "thread": "http-nio-8081-exec-29",
                    "class": "o.s.web.servlet.DispatcherServlet",
                    "message": "GET "/api/front/activity/index/list", parameters={}" }
                    
{
                    "app": "Crmeb",
                    "timestamp":"2025-09-18 17:51:11.941",
                    "level": "DEBUG",
                    "thread": "http-nio-8081-exec-7",
                    "class": "o.s.web.servlet.DispatcherServlet",
                    "message": "GET "/api/front/index/product?page=1&limit=13", parameters={masked}" }
                    
{
                    "app": "Crmeb",
                    "timestamp":"2025-09-18 17:51:11.941",
                    "level": "DEBUG",
                    "thread": "http-nio-8081-exec-2",
                    "class": "o.s.web.servlet.DispatcherServlet",
                    "message": "GET "/api/front/product/leaderboard", parameters={}" }
                    
{
                    "app": "Crmeb",
                    "timestamp":"2025-09-18 17:51:11.944",
                    "level": "DEBUG",
                    "thread": "http-nio-8081-exec-7",
                    "class": "o.s.w.s.m.m.a.RequestMappingHandlerMapping",
                    "message": "Mapped to com.zbkj.front.controller.IndexController#getProductList(PageParamRequest)" }
                    
{
                    "app": "Crmeb",
                    "timestamp":"2025-09-18 17:51:11.941",
                    "level": "DEBUG",
                    "thread": "http-nio-8081-exec-26",
                    "class": "o.s.web.servlet.DispatcherServlet",
                    "message": "GET "/api/front/merchant/street", parameters={}" }
                    
{
                    "app": "Crmeb",
                    "timestamp":"2025-09-18 17:51:11.941",
                    "level": "DEBUG",
                    "thread": "http-nio-8081-exec-4",
                    "class": "o.s.w.s.m.m.a.RequestMappingHandlerMapping",
                    "message": "Mapped to com.zbkj.front.pc.controller.PcIndexController#getIndexInfo()" }
                    
{
                    "app": "Crmeb",
                    "timestamp":"2025-09-18 17:51:11.943",
                    "level": "DEBUG",
                    "thread": "http-nio-8081-exec-29",
                    "class": "o.s.w.s.m.m.a.RequestMappingHandlerMapping",
                    "message": "Mapped to com.zbkj.front.controller.ActivityController#getIndexList()" }
                    
{
                    "app": "Crmeb",
                    "timestamp":"2025-09-18 17:51:11.944",
                    "level": "DEBUG",
                    "thread": "http-nio-8081-exec-2",
                    "class": "o.s.w.s.m.m.a.RequestMappingHandlerMapping",
                    "message": "Mapped to com.zbkj.front.controller.ProductController#getLeaderboard()" }
                    
{
                    "app": "Crmeb",
                    "timestamp":"2025-09-18 17:51:11.945",
                    "level": "DEBUG",
                    "thread": "http-nio-8081-exec-26",
                    "class": "o.s.w.s.m.m.a.RequestMappingHandlerMapping",
                    "message": "Mapped to com.zbkj.front.controller.MerchantController#getStreet(PageParamRequest)" }
                    
{
                    "app": "Crmeb",
                    "timestamp":"2025-09-18 17:51:31.952",
                    "level": "DEBUG",
                    "thread": "http-nio-8081-exec-1",
                    "class": "o.s.web.servlet.DispatcherServlet",
                    "message": "GET "/api/front/activity/index/list", parameters={}" }
                    
{
                    "app": "Crmeb",
                    "timestamp":"2025-09-18 17:51:31.953",
                    "level": "DEBUG",
                    "thread": "http-nio-8081-exec-1",
                    "class": "o.s.w.s.m.m.a.RequestMappingHandlerMapping",
                    "message": "Mapped to com.zbkj.front.controller.ActivityController#getIndexList()" }
                    
{
                    "app": "Crmeb",
                    "timestamp":"2025-09-18 17:52:11.926",
                    "level": "DEBUG",
                    "thread": "http-nio-8081-exec-15",
                    "class": "o.s.web.servlet.DispatcherServlet",
                    "message": "GET "/api/front/product/leaderboard", parameters={}" }
                    
{
                    "app": "Crmeb",
                    "timestamp":"2025-09-18 17:52:11.926",
                    "level": "DEBUG",
                    "thread": "http-nio-8081-exec-9",
                    "class": "o.s.web.servlet.DispatcherServlet",
                    "message": "GET "/api/front/merchant/street", parameters={}" }
                    
{
                    "app": "Crmeb",
                    "timestamp":"2025-09-18 17:52:11.926",
                    "level": "DEBUG",
                    "thread": "http-nio-8081-exec-18",
                    "class": "o.s.web.servlet.DispatcherServlet",
                    "message": "GET "/api/front/index/product?page=1&limit=13", parameters={masked}" }
                    
{
                    "app": "Crmeb",
                    "timestamp":"2025-09-18 17:52:11.926",
                    "level": "DEBUG",
                    "thread": "http-nio-8081-exec-25",
                    "class": "o.s.web.servlet.DispatcherServlet",
                    "message": "GET "/api/pc/home/index", parameters={}" }
                    
{
                    "app": "Crmeb",
                    "timestamp":"2025-09-18 17:52:11.926",
                    "level": "DEBUG",
                    "thread": "http-nio-8081-exec-27",
                    "class": "o.s.web.servlet.DispatcherServlet",
                    "message": "GET "/api/front/activity/index/list", parameters={}" }
                    
{
                    "app": "Crmeb",
                    "timestamp":"2025-09-18 17:52:11.927",
                    "level": "DEBUG",
                    "thread": "http-nio-8081-exec-9",
                    "class": "o.s.w.s.m.m.a.RequestMappingHandlerMapping",
                    "message": "Mapped to com.zbkj.front.controller.MerchantController#getStreet(PageParamRequest)" }
                    
{
                    "app": "Crmeb",
                    "timestamp":"2025-09-18 17:52:11.927",
                    "level": "DEBUG",
                    "thread": "http-nio-8081-exec-15",
                    "class": "o.s.w.s.m.m.a.RequestMappingHandlerMapping",
                    "message": "Mapped to com.zbkj.front.controller.ProductController#getLeaderboard()" }
                    
{
                    "app": "Crmeb",
                    "timestamp":"2025-09-18 17:52:11.927",
                    "level": "DEBUG",
                    "thread": "http-nio-8081-exec-18",
                    "class": "o.s.w.s.m.m.a.RequestMappingHandlerMapping",
                    "message": "Mapped to com.zbkj.front.controller.IndexController#getProductList(PageParamRequest)" }
                    
{
                    "app": "Crmeb",
                    "timestamp":"2025-09-18 17:52:11.928",
                    "level": "DEBUG",
                    "thread": "http-nio-8081-exec-25",
                    "class": "o.s.w.s.m.m.a.RequestMappingHandlerMapping",
                    "message": "Mapped to com.zbkj.front.pc.controller.PcIndexController#getIndexInfo()" }
                    
{
                    "app": "Crmeb",
                    "timestamp":"2025-09-18 17:52:11.928",
                    "level": "DEBUG",
                    "thread": "http-nio-8081-exec-27",
                    "class": "o.s.w.s.m.m.a.RequestMappingHandlerMapping",
                    "message": "Mapped to com.zbkj.front.controller.ActivityController#getIndexList()" }
                    
{
                    "app": "Crmeb",
                    "timestamp":"2025-09-18 17:52:31.931",
                    "level": "DEBUG",
                    "thread": "http-nio-8081-exec-30",
                    "class": "o.s.web.servlet.DispatcherServlet",
                    "message": "GET "/api/front/activity/index/list", parameters={}" }
                    
{
                    "app": "Crmeb",
                    "timestamp":"2025-09-18 17:52:31.934",
                    "level": "DEBUG",
                    "thread": "http-nio-8081-exec-30",
                    "class": "o.s.w.s.m.m.a.RequestMappingHandlerMapping",
                    "message": "Mapped to com.zbkj.front.controller.ActivityController#getIndexList()" }
                    
{
                    "app": "Crmeb",
                    "timestamp":"2025-09-18 17:57:18.770",
                    "level": "DEBUG",
                    "thread": "main",
                    "class": "o.s.b.c.l.ClasspathLoggingApplicationListener",
                    "message": "Application started with classpath: [jar:file:/E:/2zynt/工作项目/CRMEB-JAVA-ET-V1.2(2025.4.25)/et_java/crmeb-front/target/Crmeb-front.jar!/BOOT-INF/classes!/, jar:file:/E:/2zynt/工作项目/CRMEB-JAVA-ET-V1.2(2025.4.25)/et_java/crmeb-front/target/Crmeb-front.jar!/BOOT-INF/lib/crmeb-service-0.0.1-SNAPSHOT.jar!/, jar:file:/E:/2zynt/工作项目/CRMEB-JAVA-ET-V1.2(2025.4.25)/et_java/crmeb-front/target/Crmeb-front.jar!/BOOT-INF/lib/crmeb-common-0.0.1-SNAPSHOT.jar!/, jar:file:/E:/2zynt/工作项目/CRMEB-JAVA-ET-V1.2(2025.4.25)/et_java/crmeb-front/target/Crmeb-front.jar!/BOOT-INF/lib/javax.servlet-api-4.0.1.jar!/, jar:file:/E:/2zynt/工作项目/CRMEB-JAVA-ET-V1.2(2025.4.25)/et_java/crmeb-front/target/Crmeb-front.jar!/BOOT-INF/lib/jstl-1.2.jar!/, jar:file:/E:/2zynt/工作项目/CRMEB-JAVA-ET-V1.2(2025.4.25)/et_java/crmeb-front/target/Crmeb-front.jar!/BOOT-INF/lib/tomcat-embed-jasper-9.0.33.jar!/, jar:file:/E:/2zynt/工作项目/CRMEB-JAVA-ET-V1.2(2025.4.25)/et_java/crmeb-front/target/Crmeb-front.jar!/BOOT-INF/lib/tomcat-embed-core-9.0.33.jar!/, jar:file:/E:/2zynt/工作项目/CRMEB-JAVA-ET-V1.2(2025.4.25)/et_java/crmeb-front/target/Crmeb-front.jar!/BOOT-INF/lib/tomcat-annotations-api-9.0.33.jar!/, jar:file:/E:/2zynt/工作项目/CRMEB-JAVA-ET-V1.2(2025.4.25)/et_java/crmeb-front/target/Crmeb-front.jar!/BOOT-INF/lib/tomcat-embed-el-9.0.33.jar!/, jar:file:/E:/2zynt/工作项目/CRMEB-JAVA-ET-V1.2(2025.4.25)/et_java/crmeb-front/target/Crmeb-front.jar!/BOOT-INF/lib/ecj-3.18.0.jar!/, jar:file:/E:/2zynt/工作项目/CRMEB-JAVA-ET-V1.2(2025.4.25)/et_java/crmeb-front/target/Crmeb-front.jar!/BOOT-INF/lib/tomcat-jsp-api-9.0.33.jar!/, jar:file:/E:/2zynt/工作项目/CRMEB-JAVA-ET-V1.2(2025.4.25)/et_java/crmeb-front/target/Crmeb-front.jar!/BOOT-INF/lib/tomcat-el-api-9.0.33.jar!/, jar:file:/E:/2zynt/工作项目/CRMEB-JAVA-ET-V1.2(2025.4.25)/et_java/crmeb-front/target/Crmeb-front.jar!/BOOT-INF/lib/tomcat-servlet-api-9.0.33.jar!/, jar:file:/E:/2zynt/工作项目/CRMEB-JAVA-ET-V1.2(2025.4.25)/et_java/crmeb-front/target/Crmeb-front.jar!/BOOT-INF/lib/fastjson-2.0.38.jar!/, jar:file:/E:/2zynt/工作项目/CRMEB-JAVA-ET-V1.2(2025.4.25)/et_java/crmeb-front/target/Crmeb-front.jar!/BOOT-INF/lib/fastjson2-extension-2.0.38.jar!/, jar:file:/E:/2zynt/工作项目/CRMEB-JAVA-ET-V1.2(2025.4.25)/et_java/crmeb-front/target/Crmeb-front.jar!/BOOT-INF/lib/fastjson2-2.0.38.jar!/, jar:file:/E:/2zynt/工作项目/CRMEB-JAVA-ET-V1.2(2025.4.25)/et_java/crmeb-front/target/Crmeb-front.jar!/BOOT-INF/lib/druid-1.1.20.jar!/, jar:file:/E:/2zynt/工作项目/CRMEB-JAVA-ET-V1.2(2025.4.25)/et_java/crmeb-front/target/Crmeb-front.jar!/BOOT-INF/lib/mysql-connector-java-5.1.24.jar!/, jar:file:/E:/2zynt/工作项目/CRMEB-JAVA-ET-V1.2(2025.4.25)/et_java/crmeb-front/target/Crmeb-front.jar!/BOOT-INF/lib/lombok-1.18.12.jar!/, jar:file:/E:/2zynt/工作项目/CRMEB-JAVA-ET-V1.2(2025.4.25)/et_java/crmeb-front/target/Crmeb-front.jar!/BOOT-INF/lib/mybatis-plus-boot-starter-3.3.1.jar!/, jar:file:/E:/2zynt/工作项目/CRMEB-JAVA-ET-V1.2(2025.4.25)/et_java/crmeb-front/target/Crmeb-front.jar!/BOOT-INF/lib/spring-boot-starter-jdbc-2.2.6.RELEASE.jar!/, jar:file:/E:/2zynt/工作项目/CRMEB-JAVA-ET-V1.2(2025.4.25)/et_java/crmeb-front/target/Crmeb-front.jar!/BOOT-INF/lib/HikariCP-3.4.2.jar!/, jar:file:/E:/2zynt/工作项目/CRMEB-JAVA-ET-V1.2(2025.4.25)/et_java/crmeb-front/target/Crmeb-front.jar!/BOOT-INF/lib/spring-jdbc-5.2.5.RELEASE.jar!/, jar:file:/E:/2zynt/工作项目/CRMEB-JAVA-ET-V1.2(2025.4.25)/et_java/crmeb-front/target/Crmeb-front.jar!/BOOT-INF/lib/spring-boot-test-2.2.6.RELEASE.jar!/, jar:file:/E:/2zynt/工作项目/CRMEB-JAVA-ET-V1.2(2025.4.25)/et_java/crmeb-front/target/Crmeb-front.jar!/BOOT-INF/lib/spring-boot-2.2.6.RELEASE.jar!/, jar:file:/E:/2zynt/工作项目/CRMEB-JAVA-ET-V1.2(2025.4.25)/et_java/crmeb-front/target/Crmeb-front.jar!/BOOT-INF/lib/spring-context-5.2.5.RELEASE.jar!/, jar:file:/E:/2zynt/工作项目/CRMEB-JAVA-ET-V1.2(2025.4.25)/et_java/crmeb-front/target/Crmeb-front.jar!/BOOT-INF/lib/spring-test-5.2.5.RELEASE.jar!/, jar:file:/E:/2zynt/工作项目/CRMEB-JAVA-ET-V1.2(2025.4.25)/et_java/crmeb-front/target/Crmeb-front.jar!/BOOT-INF/lib/spring-core-5.2.5.RELEASE.jar!/, jar:file:/E:/2zynt/工作项目/CRMEB-JAVA-ET-V1.2(2025.4.25)/et_java/crmeb-front/target/Crmeb-front.jar!/BOOT-INF/lib/spring-jcl-5.2.5.RELEASE.jar!/, jar:file:/E:/2zynt/工作项目/CRMEB-JAVA-ET-V1.2(2025.4.25)/et_java/crmeb-front/target/Crmeb-front.jar!/BOOT-INF/lib/mybatis-plus-3.3.1.jar!/, jar:file:/E:/2zynt/工作项目/CRMEB-JAVA-ET-V1.2(2025.4.25)/et_java/crmeb-front/target/Crmeb-front.jar!/BOOT-INF/lib/mybatis-plus-extension-3.3.1.jar!/, jar:file:/E:/2zynt/工作项目/CRMEB-JAVA-ET-V1.2(2025.4.25)/et_java/crmeb-front/target/Crmeb-front.jar!/BOOT-INF/lib/mybatis-plus-core-3.3.1.jar!/, jar:file:/E:/2zynt/工作项目/CRMEB-JAVA-ET-V1.2(2025.4.25)/et_java/crmeb-front/target/Crmeb-front.jar!/BOOT-INF/lib/mybatis-plus-annotation-3.3.1.jar!/, jar:file:/E:/2zynt/工作项目/CRMEB-JAVA-ET-V1.2(2025.4.25)/et_java/crmeb-front/target/Crmeb-front.jar!/BOOT-INF/lib/mybatis-3.5.3.jar!/, jar:file:/E:/2zynt/工作项目/CRMEB-JAVA-ET-V1.2(2025.4.25)/et_java/crmeb-front/target/Crmeb-front.jar!/BOOT-INF/lib/mybatis-spring-2.0.3.jar!/, jar:file:/E:/2zynt/工作项目/CRMEB-JAVA-ET-V1.2(2025.4.25)/et_java/crmeb-front/target/Crmeb-front.jar!/BOOT-INF/lib/mybatis-plus-generator-3.3.1.jar!/, jar:file:/E:/2zynt/工作项目/CRMEB-JAVA-ET-V1.2(2025.4.25)/et_java/crmeb-front/target/Crmeb-front.jar!/BOOT-INF/lib/swagger-annotations-1.5.21.jar!/, jar:file:/E:/2zynt/工作项目/CRMEB-JAVA-ET-V1.2(2025.4.25)/et_java/crmeb-front/target/Crmeb-front.jar!/BOOT-INF/lib/springfox-swagger2-2.9.2.jar!/, jar:file:/E:/2zynt/工作项目/CRMEB-JAVA-ET-V1.2(2025.4.25)/et_java/crmeb-front/target/Crmeb-front.jar!/BOOT-INF/lib/springfox-spi-2.9.2.jar!/, jar:file:/E:/2zynt/工作项目/CRMEB-JAVA-ET-V1.2(2025.4.25)/et_java/crmeb-front/target/Crmeb-front.jar!/BOOT-INF/lib/springfox-core-2.9.2.jar!/, jar:file:/E:/2zynt/工作项目/CRMEB-JAVA-ET-V1.2(2025.4.25)/et_java/crmeb-front/target/Crmeb-front.jar!/BOOT-INF/lib/byte-buddy-1.10.8.jar!/, jar:file:/E:/2zynt/工作项目/CRMEB-JAVA-ET-V1.2(2025.4.25)/et_java/crmeb-front/target/Crmeb-front.jar!/BOOT-INF/lib/springfox-schema-2.9.2.jar!/, jar:file:/E:/2zynt/工作项目/CRMEB-JAVA-ET-V1.2(2025.4.25)/et_java/crmeb-front/target/Crmeb-front.jar!/BOOT-INF/lib/springfox-swagger-common-2.9.2.jar!/, jar:file:/E:/2zynt/工作项目/CRMEB-JAVA-ET-V1.2(2025.4.25)/et_java/crmeb-front/target/Crmeb-front.jar!/BOOT-INF/lib/springfox-spring-web-2.9.2.jar!/, jar:file:/E:/2zynt/工作项目/CRMEB-JAVA-ET-V1.2(2025.4.25)/et_java/crmeb-front/target/Crmeb-front.jar!/BOOT-INF/lib/classmate-1.5.1.jar!/, jar:file:/E:/2zynt/工作项目/CRMEB-JAVA-ET-V1.2(2025.4.25)/et_java/crmeb-front/target/Crmeb-front.jar!/BOOT-INF/lib/slf4j-api-1.7.30.jar!/, jar:file:/E:/2zynt/工作项目/CRMEB-JAVA-ET-V1.2(2025.4.25)/et_java/crmeb-front/target/Crmeb-front.jar!/BOOT-INF/lib/spring-plugin-core-1.2.0.RELEASE.jar!/, jar:file:/E:/2zynt/工作项目/CRMEB-JAVA-ET-V1.2(2025.4.25)/et_java/crmeb-front/target/Crmeb-front.jar!/BOOT-INF/lib/spring-plugin-metadata-1.2.0.RELEASE.jar!/, jar:file:/E:/2zynt/工作项目/CRMEB-JAVA-ET-V1.2(2025.4.25)/et_java/crmeb-front/target/Crmeb-front.jar!/BOOT-INF/lib/mapstruct-1.2.0.Final.jar!/, jar:file:/E:/2zynt/工作项目/CRMEB-JAVA-ET-V1.2(2025.4.25)/et_java/crmeb-front/target/Crmeb-front.jar!/BOOT-INF/lib/swagger-models-1.5.22.jar!/, jar:file:/E:/2zynt/工作项目/CRMEB-JAVA-ET-V1.2(2025.4.25)/et_java/crmeb-front/target/Crmeb-front.jar!/BOOT-INF/lib/jackson-annotations-2.10.3.jar!/, jar:file:/E:/2zynt/工作项目/CRMEB-JAVA-ET-V1.2(2025.4.25)/et_java/crmeb-front/target/Crmeb-front.jar!/BOOT-INF/lib/swagger-bootstrap-ui-1.9.3.jar!/, jar:file:/E:/2zynt/工作项目/CRMEB-JAVA-ET-V1.2(2025.4.25)/et_java/crmeb-front/target/Crmeb-front.jar!/BOOT-INF/lib/spring-boot-autoconfigure-2.2.6.RELEASE.jar!/, jar:file:/E:/2zynt/工作项目/CRMEB-JAVA-ET-V1.2(2025.4.25)/et_java/crmeb-front/target/Crmeb-front.jar!/BOOT-INF/lib/logback-classic-1.2.3.jar!/, jar:file:/E:/2zynt/工作项目/CRMEB-JAVA-ET-V1.2(2025.4.25)/et_java/crmeb-front/target/Crmeb-front.jar!/BOOT-INF/lib/logback-core-1.2.3.jar!/, jar:file:/E:/2zynt/工作项目/CRMEB-JAVA-ET-V1.2(2025.4.25)/et_java/crmeb-front/target/Crmeb-front.jar!/BOOT-INF/lib/logstash-logback-encoder-5.3.jar!/, jar:file:/E:/2zynt/工作项目/CRMEB-JAVA-ET-V1.2(2025.4.25)/et_java/crmeb-front/target/Crmeb-front.jar!/BOOT-INF/lib/jackson-databind-2.10.3.jar!/, jar:file:/E:/2zynt/工作项目/CRMEB-JAVA-ET-V1.2(2025.4.25)/et_java/crmeb-front/target/Crmeb-front.jar!/BOOT-INF/lib/spring-boot-starter-web-2.2.6.RELEASE.jar!/, jar:file:/E:/2zynt/工作项目/CRMEB-JAVA-ET-V1.2(2025.4.25)/et_java/crmeb-front/target/Crmeb-front.jar!/BOOT-INF/lib/spring-boot-starter-2.2.6.RELEASE.jar!/, jar:file:/E:/2zynt/工作项目/CRMEB-JAVA-ET-V1.2(2025.4.25)/et_java/crmeb-front/target/Crmeb-front.jar!/BOOT-INF/lib/spring-boot-starter-logging-2.2.6.RELEASE.jar!/, jar:file:/E:/2zynt/工作项目/CRMEB-JAVA-ET-V1.2(2025.4.25)/et_java/crmeb-front/target/Crmeb-front.jar!/BOOT-INF/lib/log4j-to-slf4j-2.12.1.jar!/, jar:file:/E:/2zynt/工作项目/CRMEB-JAVA-ET-V1.2(2025.4.25)/et_java/crmeb-front/target/Crmeb-front.jar!/BOOT-INF/lib/log4j-api-2.12.1.jar!/, jar:file:/E:/2zynt/工作项目/CRMEB-JAVA-ET-V1.2(2025.4.25)/et_java/crmeb-front/target/Crmeb-front.jar!/BOOT-INF/lib/jul-to-slf4j-1.7.30.jar!/, jar:file:/E:/2zynt/工作项目/CRMEB-JAVA-ET-V1.2(2025.4.25)/et_java/crmeb-front/target/Crmeb-front.jar!/BOOT-INF/lib/jakarta.annotation-api-1.3.5.jar!/, jar:file:/E:/2zynt/工作项目/CRMEB-JAVA-ET-V1.2(2025.4.25)/et_java/crmeb-front/target/Crmeb-front.jar!/BOOT-INF/lib/snakeyaml-1.25.jar!/, jar:file:/E:/2zynt/工作项目/CRMEB-JAVA-ET-V1.2(2025.4.25)/et_java/crmeb-front/target/Crmeb-front.jar!/BOOT-INF/lib/spring-boot-starter-json-2.2.6.RELEASE.jar!/, jar:file:/E:/2zynt/工作项目/CRMEB-JAVA-ET-V1.2(2025.4.25)/et_java/crmeb-front/target/Crmeb-front.jar!/BOOT-INF/lib/jackson-datatype-jdk8-2.10.3.jar!/, jar:file:/E:/2zynt/工作项目/CRMEB-JAVA-ET-V1.2(2025.4.25)/et_java/crmeb-front/target/Crmeb-front.jar!/BOOT-INF/lib/jackson-datatype-jsr310-2.10.3.jar!/, jar:file:/E:/2zynt/工作项目/CRMEB-JAVA-ET-V1.2(2025.4.25)/et_java/crmeb-front/target/Crmeb-front.jar!/BOOT-INF/lib/jackson-module-parameter-names-2.10.3.jar!/, jar:file:/E:/2zynt/工作项目/CRMEB-JAVA-ET-V1.2(2025.4.25)/et_java/crmeb-front/target/Crmeb-front.jar!/BOOT-INF/lib/spring-boot-starter-tomcat-2.2.6.RELEASE.jar!/, jar:file:/E:/2zynt/工作项目/CRMEB-JAVA-ET-V1.2(2025.4.25)/et_java/crmeb-front/target/Crmeb-front.jar!/BOOT-INF/lib/tomcat-embed-websocket-9.0.33.jar!/, jar:file:/E:/2zynt/工作项目/CRMEB-JAVA-ET-V1.2(2025.4.25)/et_java/crmeb-front/target/Crmeb-front.jar!/BOOT-INF/lib/spring-boot-starter-validation-2.2.6.RELEASE.jar!/, jar:file:/E:/2zynt/工作项目/CRMEB-JAVA-ET-V1.2(2025.4.25)/et_java/crmeb-front/target/Crmeb-front.jar!/BOOT-INF/lib/jakarta.validation-api-2.0.2.jar!/, jar:file:/E:/2zynt/工作项目/CRMEB-JAVA-ET-V1.2(2025.4.25)/et_java/crmeb-front/target/Crmeb-front.jar!/BOOT-INF/lib/hibernate-validator-6.0.18.Final.jar!/, jar:file:/E:/2zynt/工作项目/CRMEB-JAVA-ET-V1.2(2025.4.25)/et_java/crmeb-front/target/Crmeb-front.jar!/BOOT-INF/lib/jboss-logging-3.4.1.Final.jar!/, jar:file:/E:/2zynt/工作项目/CRMEB-JAVA-ET-V1.2(2025.4.25)/et_java/crmeb-front/target/Crmeb-front.jar!/BOOT-INF/lib/spring-web-5.2.5.RELEASE.jar!/, jar:file:/E:/2zynt/工作项目/CRMEB-JAVA-ET-V1.2(2025.4.25)/et_java/crmeb-front/target/Crmeb-front.jar!/BOOT-INF/lib/spring-webmvc-5.2.5.RELEASE.jar!/, jar:file:/E:/2zynt/工作项目/CRMEB-JAVA-ET-V1.2(2025.4.25)/et_java/crmeb-front/target/Crmeb-front.jar!/BOOT-INF/lib/spring-expression-5.2.5.RELEASE.jar!/, jar:file:/E:/2zynt/工作项目/CRMEB-JAVA-ET-V1.2(2025.4.25)/et_java/crmeb-front/target/Crmeb-front.jar!/BOOT-INF/lib/spring-boot-starter-data-redis-2.2.0.RELEASE.jar!/, jar:file:/E:/2zynt/工作项目/CRMEB-JAVA-ET-V1.2(2025.4.25)/et_java/crmeb-front/target/Crmeb-front.jar!/BOOT-INF/lib/spring-data-redis-2.2.6.RELEASE.jar!/, jar:file:/E:/2zynt/工作项目/CRMEB-JAVA-ET-V1.2(2025.4.25)/et_java/crmeb-front/target/Crmeb-front.jar!/BOOT-INF/lib/spring-data-keyvalue-2.2.6.RELEASE.jar!/, jar:file:/E:/2zynt/工作项目/CRMEB-JAVA-ET-V1.2(2025.4.25)/et_java/crmeb-front/target/Crmeb-front.jar!/BOOT-INF/lib/spring-tx-5.2.5.RELEASE.jar!/, jar:file:/E:/2zynt/工作项目/CRMEB-JAVA-ET-V1.2(2025.4.25)/et_java/crmeb-front/target/Crmeb-front.jar!/BOOT-INF/lib/spring-oxm-5.2.5.RELEASE.jar!/, jar:file:/E:/2zynt/工作项目/CRMEB-JAVA-ET-V1.2(2025.4.25)/et_java/crmeb-front/target/Crmeb-front.jar!/BOOT-INF/lib/lettuce-core-5.2.2.RELEASE.jar!/, jar:file:/E:/2zynt/工作项目/CRMEB-JAVA-ET-V1.2(2025.4.25)/et_java/crmeb-front/target/Crmeb-front.jar!/BOOT-INF/lib/netty-common-4.1.48.Final.jar!/, jar:file:/E:/2zynt/工作项目/CRMEB-JAVA-ET-V1.2(2025.4.25)/et_java/crmeb-front/target/Crmeb-front.jar!/BOOT-INF/lib/netty-handler-4.1.48.Final.jar!/, jar:file:/E:/2zynt/工作项目/CRMEB-JAVA-ET-V1.2(2025.4.25)/et_java/crmeb-front/target/Crmeb-front.jar!/BOOT-INF/lib/netty-resolver-4.1.48.Final.jar!/, jar:file:/E:/2zynt/工作项目/CRMEB-JAVA-ET-V1.2(2025.4.25)/et_java/crmeb-front/target/Crmeb-front.jar!/BOOT-INF/lib/netty-buffer-4.1.48.Final.jar!/, jar:file:/E:/2zynt/工作项目/CRMEB-JAVA-ET-V1.2(2025.4.25)/et_java/crmeb-front/target/Crmeb-front.jar!/BOOT-INF/lib/netty-codec-4.1.48.Final.jar!/, jar:file:/E:/2zynt/工作项目/CRMEB-JAVA-ET-V1.2(2025.4.25)/et_java/crmeb-front/target/Crmeb-front.jar!/BOOT-INF/lib/netty-transport-4.1.48.Final.jar!/, jar:file:/E:/2zynt/工作项目/CRMEB-JAVA-ET-V1.2(2025.4.25)/et_java/crmeb-front/target/Crmeb-front.jar!/BOOT-INF/lib/reactor-core-3.3.4.RELEASE.jar!/, jar:file:/E:/2zynt/工作项目/CRMEB-JAVA-ET-V1.2(2025.4.25)/et_java/crmeb-front/target/Crmeb-front.jar!/BOOT-INF/lib/reactive-streams-1.0.3.jar!/, jar:file:/E:/2zynt/工作项目/CRMEB-JAVA-ET-V1.2(2025.4.25)/et_java/crmeb-front/target/Crmeb-front.jar!/BOOT-INF/lib/jedis-3.1.0.jar!/, jar:file:/E:/2zynt/工作项目/CRMEB-JAVA-ET-V1.2(2025.4.25)/et_java/crmeb-front/target/Crmeb-front.jar!/BOOT-INF/lib/commons-pool2-2.7.0.jar!/, jar:file:/E:/2zynt/工作项目/CRMEB-JAVA-ET-V1.2(2025.4.25)/et_java/crmeb-front/target/Crmeb-front.jar!/BOOT-INF/lib/pagehelper-spring-boot-starter-1.2.5.jar!/, jar:file:/E:/2zynt/工作项目/CRMEB-JAVA-ET-V1.2(2025.4.25)/et_java/crmeb-front/target/Crmeb-front.jar!/BOOT-INF/lib/mybatis-spring-boot-starter-1.3.2.jar!/, jar:file:/E:/2zynt/工作项目/CRMEB-JAVA-ET-V1.2(2025.4.25)/et_java/crmeb-front/target/Crmeb-front.jar!/BOOT-INF/lib/mybatis-spring-boot-autoconfigure-1.3.2.jar!/, jar:file:/E:/2zynt/工作项目/CRMEB-JAVA-ET-V1.2(2025.4.25)/et_java/crmeb-front/target/Crmeb-front.jar!/BOOT-INF/lib/pagehelper-spring-boot-autoconfigure-1.2.5.jar!/, jar:file:/E:/2zynt/工作项目/CRMEB-JAVA-ET-V1.2(2025.4.25)/et_java/crmeb-front/target/Crmeb-front.jar!/BOOT-INF/lib/pagehelper-5.1.4.jar!/, jar:file:/E:/2zynt/工作项目/CRMEB-JAVA-ET-V1.2(2025.4.25)/et_java/crmeb-front/target/Crmeb-front.jar!/BOOT-INF/lib/jsqlparser-1.0.jar!/, jar:file:/E:/2zynt/工作项目/CRMEB-JAVA-ET-V1.2(2025.4.25)/et_java/crmeb-front/target/Crmeb-front.jar!/BOOT-INF/lib/validation-api-1.1.0.Final.jar!/, jar:file:/E:/2zynt/工作项目/CRMEB-JAVA-ET-V1.2(2025.4.25)/et_java/crmeb-front/target/Crmeb-front.jar!/BOOT-INF/lib/spring-data-commons-2.2.6.RELEASE.jar!/, jar:file:/E:/2zynt/工作项目/CRMEB-JAVA-ET-V1.2(2025.4.25)/et_java/crmeb-front/target/Crmeb-front.jar!/BOOT-INF/lib/spring-beans-5.2.5.RELEASE.jar!/, jar:file:/E:/2zynt/工作项目/CRMEB-JAVA-ET-V1.2(2025.4.25)/et_java/crmeb-front/target/Crmeb-front.jar!/BOOT-INF/lib/hutool-all-4.5.7.jar!/, jar:file:/E:/2zynt/工作项目/CRMEB-JAVA-ET-V1.2(2025.4.25)/et_java/crmeb-front/target/Crmeb-front.jar!/BOOT-INF/lib/spring-boot-starter-actuator-2.2.6.RELEASE.jar!/, jar:file:/E:/2zynt/工作项目/CRMEB-JAVA-ET-V1.2(2025.4.25)/et_java/crmeb-front/target/Crmeb-front.jar!/BOOT-INF/lib/spring-boot-actuator-autoconfigure-2.2.6.RELEASE.jar!/, jar:file:/E:/2zynt/工作项目/CRMEB-JAVA-ET-V1.2(2025.4.25)/et_java/crmeb-front/target/Crmeb-front.jar!/BOOT-INF/lib/spring-boot-actuator-2.2.6.RELEASE.jar!/, jar:file:/E:/2zynt/工作项目/CRMEB-JAVA-ET-V1.2(2025.4.25)/et_java/crmeb-front/target/Crmeb-front.jar!/BOOT-INF/lib/micrometer-core-1.3.6.jar!/, jar:file:/E:/2zynt/工作项目/CRMEB-JAVA-ET-V1.2(2025.4.25)/et_java/crmeb-front/target/Crmeb-front.jar!/BOOT-INF/lib/HdrHistogram-2.1.11.jar!/, jar:file:/E:/2zynt/工作项目/CRMEB-JAVA-ET-V1.2(2025.4.25)/et_java/crmeb-front/target/Crmeb-front.jar!/BOOT-INF/lib/LatencyUtils-2.0.3.jar!/, jar:file:/E:/2zynt/工作项目/CRMEB-JAVA-ET-V1.2(2025.4.25)/et_java/crmeb-front/target/Crmeb-front.jar!/BOOT-INF/lib/httpclient-4.5.6.jar!/, jar:file:/E:/2zynt/工作项目/CRMEB-JAVA-ET-V1.2(2025.4.25)/et_java/crmeb-front/target/Crmeb-front.jar!/BOOT-INF/lib/httpcore-4.4.13.jar!/, jar:file:/E:/2zynt/工作项目/CRMEB-JAVA-ET-V1.2(2025.4.25)/et_java/crmeb-front/target/Crmeb-front.jar!/BOOT-INF/lib/commons-logging-1.2.jar!/, jar:file:/E:/2zynt/工作项目/CRMEB-JAVA-ET-V1.2(2025.4.25)/et_java/crmeb-front/target/Crmeb-front.jar!/BOOT-INF/lib/commons-codec-1.13.jar!/, jar:file:/E:/2zynt/工作项目/CRMEB-JAVA-ET-V1.2(2025.4.25)/et_java/crmeb-front/target/Crmeb-front.jar!/BOOT-INF/lib/spring-boot-starter-aop-2.2.6.RELEASE.jar!/, jar:file:/E:/2zynt/工作项目/CRMEB-JAVA-ET-V1.2(2025.4.25)/et_java/crmeb-front/target/Crmeb-front.jar!/BOOT-INF/lib/spring-aop-5.2.5.RELEASE.jar!/, jar:file:/E:/2zynt/工作项目/CRMEB-JAVA-ET-V1.2(2025.4.25)/et_java/crmeb-front/target/Crmeb-front.jar!/BOOT-INF/lib/aspectjweaver-1.9.5.jar!/, jar:file:/E:/2zynt/工作项目/CRMEB-JAVA-ET-V1.2(2025.4.25)/et_java/crmeb-front/target/Crmeb-front.jar!/BOOT-INF/lib/commons-lang3-3.10.jar!/, jar:file:/E:/2zynt/工作项目/CRMEB-JAVA-ET-V1.2(2025.4.25)/et_java/crmeb-front/target/Crmeb-front.jar!/BOOT-INF/lib/poi-3.17.jar!/, jar:file:/E:/2zynt/工作项目/CRMEB-JAVA-ET-V1.2(2025.4.25)/et_java/crmeb-front/target/Crmeb-front.jar!/BOOT-INF/lib/commons-collections4-4.1.jar!/, jar:file:/E:/2zynt/工作项目/CRMEB-JAVA-ET-V1.2(2025.4.25)/et_java/crmeb-front/target/Crmeb-front.jar!/BOOT-INF/lib/poi-ooxml-3.17.jar!/, jar:file:/E:/2zynt/工作项目/CRMEB-JAVA-ET-V1.2(2025.4.25)/et_java/crmeb-front/target/Crmeb-front.jar!/BOOT-INF/lib/poi-ooxml-schemas-3.17.jar!/, jar:file:/E:/2zynt/工作项目/CRMEB-JAVA-ET-V1.2(2025.4.25)/et_java/crmeb-front/target/Crmeb-front.jar!/BOOT-INF/lib/xmlbeans-2.6.0.jar!/, jar:file:/E:/2zynt/工作项目/CRMEB-JAVA-ET-V1.2(2025.4.25)/et_java/crmeb-front/target/Crmeb-front.jar!/BOOT-INF/lib/curvesapi-1.04.jar!/, jar:file:/E:/2zynt/工作项目/CRMEB-JAVA-ET-V1.2(2025.4.25)/et_java/crmeb-front/target/Crmeb-front.jar!/BOOT-INF/lib/commons-fileupload-1.3.3.jar!/, jar:file:/E:/2zynt/工作项目/CRMEB-JAVA-ET-V1.2(2025.4.25)/et_java/crmeb-front/target/Crmeb-front.jar!/BOOT-INF/lib/commons-io-2.4.jar!/, jar:file:/E:/2zynt/工作项目/CRMEB-JAVA-ET-V1.2(2025.4.25)/et_java/crmeb-front/target/Crmeb-front.jar!/BOOT-INF/lib/aliyun-sdk-oss-3.5.0.jar!/, jar:file:/E:/2zynt/工作项目/CRMEB-JAVA-ET-V1.2(2025.4.25)/et_java/crmeb-front/target/Crmeb-front.jar!/BOOT-INF/lib/jdom-1.1.jar!/, jar:file:/E:/2zynt/工作项目/CRMEB-JAVA-ET-V1.2(2025.4.25)/et_java/crmeb-front/target/Crmeb-front.jar!/BOOT-INF/lib/jettison-1.1.jar!/, jar:file:/E:/2zynt/工作项目/CRMEB-JAVA-ET-V1.2(2025.4.25)/et_java/crmeb-front/target/Crmeb-front.jar!/BOOT-INF/lib/stax-api-1.0.1.jar!/, jar:file:/E:/2zynt/工作项目/CRMEB-JAVA-ET-V1.2(2025.4.25)/et_java/crmeb-front/target/Crmeb-front.jar!/BOOT-INF/lib/aliyun-java-sdk-core-3.4.0.jar!/, jar:file:/E:/2zynt/工作项目/CRMEB-JAVA-ET-V1.2(2025.4.25)/et_java/crmeb-front/target/Crmeb-front.jar!/BOOT-INF/lib/aliyun-java-sdk-ram-3.0.0.jar!/, jar:file:/E:/2zynt/工作项目/CRMEB-JAVA-ET-V1.2(2025.4.25)/et_java/crmeb-front/target/Crmeb-front.jar!/BOOT-INF/lib/aliyun-java-sdk-sts-3.0.0.jar!/, jar:file:/E:/2zynt/工作项目/CRMEB-JAVA-ET-V1.2(2025.4.25)/et_java/crmeb-front/target/Crmeb-front.jar!/BOOT-INF/lib/aliyun-java-sdk-ecs-4.2.0.jar!/, jar:file:/E:/2zynt/工作项目/CRMEB-JAVA-ET-V1.2(2025.4.25)/et_java/crmeb-front/target/Crmeb-front.jar!/BOOT-INF/lib/cos_api-5.6.22.jar!/, jar:file:/E:/2zynt/工作项目/CRMEB-JAVA-ET-V1.2(2025.4.25)/et_java/crmeb-front/target/Crmeb-front.jar!/BOOT-INF/lib/joda-time-2.10.5.jar!/, jar:file:/E:/2zynt/工作项目/CRMEB-JAVA-ET-V1.2(2025.4.25)/et_java/crmeb-front/target/Crmeb-front.jar!/BOOT-INF/lib/bcprov-jdk15on-1.64.jar!/, jar:file:/E:/2zynt/工作项目/CRMEB-JAVA-ET-V1.2(2025.4.25)/et_java/crmeb-front/target/Crmeb-front.jar!/BOOT-INF/lib/qiniu-java-sdk-7.2.28.jar!/, jar:file:/E:/2zynt/工作项目/CRMEB-JAVA-ET-V1.2(2025.4.25)/et_java/crmeb-front/target/Crmeb-front.jar!/BOOT-INF/lib/okhttp-3.14.7.jar!/, jar:file:/E:/2zynt/工作项目/CRMEB-JAVA-ET-V1.2(2025.4.25)/et_java/crmeb-front/target/Crmeb-front.jar!/BOOT-INF/lib/okio-1.17.2.jar!/, jar:file:/E:/2zynt/工作项目/CRMEB-JAVA-ET-V1.2(2025.4.25)/et_java/crmeb-front/target/Crmeb-front.jar!/BOOT-INF/lib/gson-2.8.6.jar!/, jar:file:/E:/2zynt/工作项目/CRMEB-JAVA-ET-V1.2(2025.4.25)/et_java/crmeb-front/target/Crmeb-front.jar!/BOOT-INF/lib/dom4j-1.6.1.jar!/, jar:file:/E:/2zynt/工作项目/CRMEB-JAVA-ET-V1.2(2025.4.25)/et_java/crmeb-front/target/Crmeb-front.jar!/BOOT-INF/lib/xml-apis-1.0.b2.jar!/, jar:file:/E:/2zynt/工作项目/CRMEB-JAVA-ET-V1.2(2025.4.25)/et_java/crmeb-front/target/Crmeb-front.jar!/BOOT-INF/lib/xstream-1.4.10.jar!/, jar:file:/E:/2zynt/工作项目/CRMEB-JAVA-ET-V1.2(2025.4.25)/et_java/crmeb-front/target/Crmeb-front.jar!/BOOT-INF/lib/xmlpull-1.1.3.1.jar!/, jar:file:/E:/2zynt/工作项目/CRMEB-JAVA-ET-V1.2(2025.4.25)/et_java/crmeb-front/target/Crmeb-front.jar!/BOOT-INF/lib/xpp3_min-1.1.4c.jar!/, jar:file:/E:/2zynt/工作项目/CRMEB-JAVA-ET-V1.2(2025.4.25)/et_java/crmeb-front/target/Crmeb-front.jar!/BOOT-INF/lib/httpmime-4.5.2.jar!/, jar:file:/E:/2zynt/工作项目/CRMEB-JAVA-ET-V1.2(2025.4.25)/et_java/crmeb-front/target/Crmeb-front.jar!/BOOT-INF/lib/jjwt-0.9.1.jar!/, jar:file:/E:/2zynt/工作项目/CRMEB-JAVA-ET-V1.2(2025.4.25)/et_java/crmeb-front/target/Crmeb-front.jar!/BOOT-INF/lib/jwks-rsa-0.9.0.jar!/, jar:file:/E:/2zynt/工作项目/CRMEB-JAVA-ET-V1.2(2025.4.25)/et_java/crmeb-front/target/Crmeb-front.jar!/BOOT-INF/lib/spring-boot-starter-security-2.2.6.RELEASE.jar!/, jar:file:/E:/2zynt/工作项目/CRMEB-JAVA-ET-V1.2(2025.4.25)/et_java/crmeb-front/target/Crmeb-front.jar!/BOOT-INF/lib/spring-security-config-5.2.2.RELEASE.jar!/, jar:file:/E:/2zynt/工作项目/CRMEB-JAVA-ET-V1.2(2025.4.25)/et_java/crmeb-front/target/Crmeb-front.jar!/BOOT-INF/lib/spring-security-core-5.2.2.RELEASE.jar!/, jar:file:/E:/2zynt/工作项目/CRMEB-JAVA-ET-V1.2(2025.4.25)/et_java/crmeb-front/target/Crmeb-front.jar!/BOOT-INF/lib/spring-security-web-5.2.2.RELEASE.jar!/, jar:file:/E:/2zynt/工作项目/CRMEB-JAVA-ET-V1.2(2025.4.25)/et_java/crmeb-front/target/Crmeb-front.jar!/BOOT-INF/lib/spring-boot-starter-mail-2.2.6.RELEASE.jar!/, jar:file:/E:/2zynt/工作项目/CRMEB-JAVA-ET-V1.2(2025.4.25)/et_java/crmeb-front/target/Crmeb-front.jar!/BOOT-INF/lib/spring-context-support-5.2.5.RELEASE.jar!/, jar:file:/E:/2zynt/工作项目/CRMEB-JAVA-ET-V1.2(2025.4.25)/et_java/crmeb-front/target/Crmeb-front.jar!/BOOT-INF/lib/jakarta.mail-1.6.5.jar!/, jar:file:/E:/2zynt/工作项目/CRMEB-JAVA-ET-V1.2(2025.4.25)/et_java/crmeb-front/target/Crmeb-front.jar!/BOOT-INF/lib/jakarta.activation-1.2.2.jar!/, jar:file:/E:/2zynt/工作项目/CRMEB-JAVA-ET-V1.2(2025.4.25)/et_java/crmeb-front/target/Crmeb-front.jar!/BOOT-INF/lib/checkout-sdk-1.0.4.jar!/, jar:file:/E:/2zynt/工作项目/CRMEB-JAVA-ET-V1.2(2025.4.25)/et_java/crmeb-front/target/Crmeb-front.jar!/BOOT-INF/lib/paypalhttp-1.0.2.jar!/, jar:file:/E:/2zynt/工作项目/CRMEB-JAVA-ET-V1.2(2025.4.25)/et_java/crmeb-front/target/Crmeb-front.jar!/BOOT-INF/lib/dysmsapi20170525-2.0.8.jar!/, jar:file:/E:/2zynt/工作项目/CRMEB-JAVA-ET-V1.2(2025.4.25)/et_java/crmeb-front/target/Crmeb-front.jar!/BOOT-INF/lib/tea-util-0.2.13.jar!/, jar:file:/E:/2zynt/工作项目/CRMEB-JAVA-ET-V1.2(2025.4.25)/et_java/crmeb-front/target/Crmeb-front.jar!/BOOT-INF/lib/endpoint-util-0.0.6.jar!/, jar:file:/E:/2zynt/工作项目/CRMEB-JAVA-ET-V1.2(2025.4.25)/et_java/crmeb-front/target/Crmeb-front.jar!/BOOT-INF/lib/tea-1.1.14.jar!/, jar:file:/E:/2zynt/工作项目/CRMEB-JAVA-ET-V1.2(2025.4.25)/et_java/crmeb-front/target/Crmeb-front.jar!/BOOT-INF/lib/org.jacoco.agent-0.8.4-runtime.jar!/, jar:file:/E:/2zynt/工作项目/CRMEB-JAVA-ET-V1.2(2025.4.25)/et_java/crmeb-front/target/Crmeb-front.jar!/BOOT-INF/lib/tea-openapi-0.1.6.jar!/, jar:file:/E:/2zynt/工作项目/CRMEB-JAVA-ET-V1.2(2025.4.25)/et_java/crmeb-front/target/Crmeb-front.jar!/BOOT-INF/lib/credentials-java-0.2.4.jar!/, jar:file:/E:/2zynt/工作项目/CRMEB-JAVA-ET-V1.2(2025.4.25)/et_java/crmeb-front/target/Crmeb-front.jar!/BOOT-INF/lib/ini4j-0.5.4.jar!/, jar:file:/E:/2zynt/工作项目/CRMEB-JAVA-ET-V1.2(2025.4.25)/et_java/crmeb-front/target/Crmeb-front.jar!/BOOT-INF/lib/jaxb-api-2.3.1.jar!/, jar:file:/E:/2zynt/工作项目/CRMEB-JAVA-ET-V1.2(2025.4.25)/et_java/crmeb-front/target/Crmeb-front.jar!/BOOT-INF/lib/javax.activation-api-1.2.0.jar!/, jar:file:/E:/2zynt/工作项目/CRMEB-JAVA-ET-V1.2(2025.4.25)/et_java/crmeb-front/target/Crmeb-front.jar!/BOOT-INF/lib/jaxb-core-2.3.0.jar!/, jar:file:/E:/2zynt/工作项目/CRMEB-JAVA-ET-V1.2(2025.4.25)/et_java/crmeb-front/target/Crmeb-front.jar!/BOOT-INF/lib/jaxb-impl-2.3.0.jar!/, jar:file:/E:/2zynt/工作项目/CRMEB-JAVA-ET-V1.2(2025.4.25)/et_java/crmeb-front/target/Crmeb-front.jar!/BOOT-INF/lib/openapiutil-0.1.13.jar!/, jar:file:/E:/2zynt/工作项目/CRMEB-JAVA-ET-V1.2(2025.4.25)/et_java/crmeb-front/target/Crmeb-front.jar!/BOOT-INF/lib/sdk-core-java-1.1.7.jar!/, jar:file:/E:/2zynt/工作项目/CRMEB-JAVA-ET-V1.2(2025.4.25)/et_java/crmeb-front/target/Crmeb-front.jar!/BOOT-INF/lib/juniversalchardet-1.0.3.jar!/, jar:file:/E:/2zynt/工作项目/CRMEB-JAVA-ET-V1.2(2025.4.25)/et_java/crmeb-front/target/Crmeb-front.jar!/BOOT-INF/lib/plexus-digest-1.0.jar!/, jar:file:/E:/2zynt/工作项目/CRMEB-JAVA-ET-V1.2(2025.4.25)/et_java/crmeb-front/target/Crmeb-front.jar!/BOOT-INF/lib/plexus-container-default-1.0-alpha-8.jar!/, jar:file:/E:/2zynt/工作项目/CRMEB-JAVA-ET-V1.2(2025.4.25)/et_java/crmeb-front/target/Crmeb-front.jar!/BOOT-INF/lib/plexus-utils-1.0.4.jar!/, jar:file:/E:/2zynt/工作项目/CRMEB-JAVA-ET-V1.2(2025.4.25)/et_java/crmeb-front/target/Crmeb-front.jar!/BOOT-INF/lib/classworlds-1.1-alpha-2.jar!/, jar:file:/E:/2zynt/工作项目/CRMEB-JAVA-ET-V1.2(2025.4.25)/et_java/crmeb-front/target/Crmeb-front.jar!/BOOT-INF/lib/stripe-java-20.124.0.jar!/, jar:file:/E:/2zynt/工作项目/CRMEB-JAVA-ET-V1.2(2025.4.25)/et_java/crmeb-front/target/Crmeb-front.jar!/BOOT-INF/lib/weixin-java-pay-4.5.0.jar!/, jar:file:/E:/2zynt/工作项目/CRMEB-JAVA-ET-V1.2(2025.4.25)/et_java/crmeb-front/target/Crmeb-front.jar!/BOOT-INF/lib/weixin-java-common-4.5.0.jar!/, jar:file:/E:/2zynt/工作项目/CRMEB-JAVA-ET-V1.2(2025.4.25)/et_java/crmeb-front/target/Crmeb-front.jar!/BOOT-INF/lib/jcl-over-slf4j-1.7.30.jar!/, jar:file:/E:/2zynt/工作项目/CRMEB-JAVA-ET-V1.2(2025.4.25)/et_java/crmeb-front/target/Crmeb-front.jar!/BOOT-INF/lib/dom4j-2.1.3.jar!/, jar:file:/E:/2zynt/工作项目/CRMEB-JAVA-ET-V1.2(2025.4.25)/et_java/crmeb-front/target/Crmeb-front.jar!/BOOT-INF/lib/qrcode-utils-1.1.jar!/, jar:file:/E:/2zynt/工作项目/CRMEB-JAVA-ET-V1.2(2025.4.25)/et_java/crmeb-front/target/Crmeb-front.jar!/BOOT-INF/lib/bcpkix-jdk15on-1.68.jar!/, jar:file:/E:/2zynt/工作项目/CRMEB-JAVA-ET-V1.2(2025.4.25)/et_java/crmeb-front/target/Crmeb-front.jar!/BOOT-INF/lib/jodd-http-6.2.1.jar!/, jar:file:/E:/2zynt/工作项目/CRMEB-JAVA-ET-V1.2(2025.4.25)/et_java/crmeb-front/target/Crmeb-front.jar!/BOOT-INF/lib/jodd-util-6.1.0.jar!/, jar:file:/E:/2zynt/工作项目/CRMEB-JAVA-ET-V1.2(2025.4.25)/et_java/crmeb-front/target/Crmeb-front.jar!/BOOT-INF/lib/javase-3.3.3.jar!/, jar:file:/E:/2zynt/工作项目/CRMEB-JAVA-ET-V1.2(2025.4.25)/et_java/crmeb-front/target/Crmeb-front.jar!/BOOT-INF/lib/core-3.3.3.jar!/, jar:file:/E:/2zynt/工作项目/CRMEB-JAVA-ET-V1.2(2025.4.25)/et_java/crmeb-front/target/Crmeb-front.jar!/BOOT-INF/lib/jcommander-1.72.jar!/, jar:file:/E:/2zynt/工作项目/CRMEB-JAVA-ET-V1.2(2025.4.25)/et_java/crmeb-front/target/Crmeb-front.jar!/BOOT-INF/lib/jai-imageio-core-1.4.0.jar!/, jar:file:/E:/2zynt/工作项目/CRMEB-JAVA-ET-V1.2(2025.4.25)/et_java/crmeb-front/target/Crmeb-front.jar!/BOOT-INF/lib/google-api-client-1.30.10.jar!/, jar:file:/E:/2zynt/工作项目/CRMEB-JAVA-ET-V1.2(2025.4.25)/et_java/crmeb-front/target/Crmeb-front.jar!/BOOT-INF/lib/google-oauth-client-1.31.0.jar!/, jar:file:/E:/2zynt/工作项目/CRMEB-JAVA-ET-V1.2(2025.4.25)/et_java/crmeb-front/target/Crmeb-front.jar!/BOOT-INF/lib/google-http-client-1.35.0.jar!/, jar:file:/E:/2zynt/工作项目/CRMEB-JAVA-ET-V1.2(2025.4.25)/et_java/crmeb-front/target/Crmeb-front.jar!/BOOT-INF/lib/opencensus-api-0.24.0.jar!/, jar:file:/E:/2zynt/工作项目/CRMEB-JAVA-ET-V1.2(2025.4.25)/et_java/crmeb-front/target/Crmeb-front.jar!/BOOT-INF/lib/grpc-context-1.22.1.jar!/, jar:file:/E:/2zynt/工作项目/CRMEB-JAVA-ET-V1.2(2025.4.25)/et_java/crmeb-front/target/Crmeb-front.jar!/BOOT-INF/lib/opencensus-contrib-http-util-0.24.0.jar!/, jar:file:/E:/2zynt/工作项目/CRMEB-JAVA-ET-V1.2(2025.4.25)/et_java/crmeb-front/target/Crmeb-front.jar!/BOOT-INF/lib/jsr305-3.0.2.jar!/, jar:file:/E:/2zynt/工作项目/CRMEB-JAVA-ET-V1.2(2025.4.25)/et_java/crmeb-front/target/Crmeb-front.jar!/BOOT-INF/lib/google-http-client-jackson2-1.36.0.jar!/, jar:file:/E:/2zynt/工作项目/CRMEB-JAVA-ET-V1.2(2025.4.25)/et_java/crmeb-front/target/Crmeb-front.jar!/BOOT-INF/lib/jackson-core-2.10.3.jar!/, jar:file:/E:/2zynt/工作项目/CRMEB-JAVA-ET-V1.2(2025.4.25)/et_java/crmeb-front/target/Crmeb-front.jar!/BOOT-INF/lib/guava-29.0-android.jar!/, jar:file:/E:/2zynt/工作项目/CRMEB-JAVA-ET-V1.2(2025.4.25)/et_java/crmeb-front/target/Crmeb-front.jar!/BOOT-INF/lib/failureaccess-1.0.1.jar!/, jar:file:/E:/2zynt/工作项目/CRMEB-JAVA-ET-V1.2(2025.4.25)/et_java/crmeb-front/target/Crmeb-front.jar!/BOOT-INF/lib/listenablefuture-9999.0-empty-to-avoid-conflict-with-guava.jar!/, jar:file:/E:/2zynt/工作项目/CRMEB-JAVA-ET-V1.2(2025.4.25)/et_java/crmeb-front/target/Crmeb-front.jar!/BOOT-INF/lib/checker-compat-qual-2.5.5.jar!/, jar:file:/E:/2zynt/工作项目/CRMEB-JAVA-ET-V1.2(2025.4.25)/et_java/crmeb-front/target/Crmeb-front.jar!/BOOT-INF/lib/error_prone_annotations-2.3.4.jar!/, jar:file:/E:/2zynt/工作项目/CRMEB-JAVA-ET-V1.2(2025.4.25)/et_java/crmeb-front/target/Crmeb-front.jar!/BOOT-INF/lib/j2objc-annotations-1.3.jar!/, jar:file:/E:/2zynt/工作项目/CRMEB-JAVA-ET-V1.2(2025.4.25)/et_java/crmeb-front/target/Crmeb-front.jar!/BOOT-INF/lib/twitter4j-core-4.0.7.jar!/, jar:file:/E:/2zynt/工作项目/CRMEB-JAVA-ET-V1.2(2025.4.25)/et_java/crmeb-front/target/Crmeb-front.jar!/BOOT-INF/lib/spring-boot-jarmode-layertools-2.6.6.jar!/]" }
                    
{
                    "app": "Crmeb",
                    "timestamp":"2025-09-18 17:57:18.879",
                    "level": "DEBUG",
                    "thread": "main",
                    "class": "o.springframework.boot.SpringApplication",
                    "message": "Loading source class com.zbkj.front.CrmebFrontApplication" }
                    
{
                    "app": "Crmeb",
                    "timestamp":"2025-09-18 17:57:18.926",
                    "level": "DEBUG",
                    "thread": "main",
                    "class": "o.s.b.c.c.ConfigFileApplicationListener",
                    "message": "Loaded config file 'jar:file:/E:/2zynt/%E5%B7%A5%E4%BD%9C%E9%A1%B9%E7%9B%AE/CRMEB-JAVA-ET-V1.2(2025.4.25)/et_java/crmeb-front/target/Crmeb-front.jar!/BOOT-INF/classes!/application.yml' (classpath:/application.yml)" }
                    
{
                    "app": "Crmeb",
                    "timestamp":"2025-09-18 17:57:18.927",
                    "level": "DEBUG",
                    "thread": "main",
                    "class": "o.s.b.w.s.c.AnnotationConfigServletWebServerApplicationContext",
                    "message": "Refreshing org.springframework.boot.web.servlet.context.AnnotationConfigServletWebServerApplicationContext@51efea79" }
                    
{
                    "app": "Crmeb",
                    "timestamp":"2025-09-18 17:57:21.263",
                    "level": "DEBUG",
                    "thread": "main",
                    "class": "o.s.b.w.e.t.TomcatServletWebServerFactory",
                    "message": "Code archive: E:\2zynt\工作项目\CRMEB-JAVA-ET-V1.2(2025.4.25)\et_java\crmeb-front\target\Crmeb-front.jar" }
                    
{
                    "app": "Crmeb",
                    "timestamp":"2025-09-18 17:57:21.264",
                    "level": "DEBUG",
                    "thread": "main",
                    "class": "o.s.b.w.e.t.TomcatServletWebServerFactory",
                    "message": "Code archive: E:\2zynt\工作项目\CRMEB-JAVA-ET-V1.2(2025.4.25)\et_java\crmeb-front\target\Crmeb-front.jar" }
                    
{
                    "app": "Crmeb",
                    "timestamp":"2025-09-18 17:57:21.266",
                    "level": "DEBUG",
                    "thread": "main",
                    "class": "o.s.b.w.e.t.TomcatServletWebServerFactory",
                    "message": "None of the document roots [src/main/webapp, public, static] point to a directory and will be ignored." }
                    
{
                    "app": "Crmeb",
                    "timestamp":"2025-09-18 17:57:21.807",
                    "level": "DEBUG",
                    "thread": "main",
                    "class": "o.s.web.context.ContextLoader",
                    "message": "Published root WebApplicationContext as ServletContext attribute with name [org.springframework.web.context.WebApplicationContext.ROOT]" }
                    
{
                    "app": "Crmeb",
                    "timestamp":"2025-09-18 17:57:22.268",
                    "level": "DEBUG",
                    "thread": "main",
                    "class": "o.s.b.w.s.ServletContextInitializerBeans",
                    "message": "Mapping filters: filterRegistrationBean urls=[/*] order=-2147483647, springSecurityFilterChain urls=[/*] order=-100, filterRegistrationBean urls=[/*] order=2147483647, filterRegistrationBean urls=[/*] order=2147483647, characterEncodingFilter urls=[/*] order=-2147483648, formContentFilter urls=[/*] order=-9900, requestContextFilter urls=[/*] order=-105, corsFilter urls=[/*] order=2147483647" }
                    
{
                    "app": "Crmeb",
                    "timestamp":"2025-09-18 17:57:22.269",
                    "level": "DEBUG",
                    "thread": "main",
                    "class": "o.s.b.w.s.ServletContextInitializerBeans",
                    "message": "Mapping servlets: statViewServlet urls=[/druid/*], dispatcherServlet urls=[/]" }
                    
{
                    "app": "Crmeb",
                    "timestamp":"2025-09-18 17:57:22.320",
                    "level": "DEBUG",
                    "thread": "main",
                    "class": "o.s.b.a.m.w.servlet.WebMvcMetricsFilter",
                    "message": "Filter 'webMvcMetricsFilter' configured for use" }
                    
{
                    "app": "Crmeb",
                    "timestamp":"2025-09-18 17:57:22.322",
                    "level": "DEBUG",
                    "thread": "main",
                    "class": "o.s.b.w.s.f.OrderedRequestContextFilter",
                    "message": "Filter 'requestContextFilter' configured for use" }
                    
{
                    "app": "Crmeb",
                    "timestamp":"2025-09-18 17:57:22.323",
                    "level": "DEBUG",
                    "thread": "main",
                    "class": "o.springframework.web.filter.CorsFilter",
                    "message": "Filter 'corsFilter' configured for use" }
                    
{
                    "app": "Crmeb",
                    "timestamp":"2025-09-18 17:57:22.324",
                    "level": "DEBUG",
                    "thread": "main",
                    "class": "o.s.b.w.s.f.OrderedCharacterEncodingFilter",
                    "message": "Filter 'characterEncodingFilter' configured for use" }
                    
{
                    "app": "Crmeb",
                    "timestamp":"2025-09-18 17:57:22.325",
                    "level": "DEBUG",
                    "thread": "main",
                    "class": "o.s.b.w.s.DelegatingFilterProxyRegistrationBean$1",
                    "message": "Filter 'springSecurityFilterChain' configured for use" }
                    
{
                    "app": "Crmeb",
                    "timestamp":"2025-09-18 17:57:22.325",
                    "level": "DEBUG",
                    "thread": "main",
                    "class": "o.s.b.w.s.f.OrderedFormContentFilter",
                    "message": "Filter 'formContentFilter' configured for use" }
                    
{
                    "app": "Crmeb",
                    "timestamp":"2025-09-18 17:57:26.832",
                    "level": "DEBUG",
                    "thread": "main",
                    "class": "o.s.w.s.m.m.a.RequestMappingHandlerMapping",
                    "message": "151 mappings in 'requestMappingHandlerMapping'" }
                    
{
                    "app": "Crmeb",
                    "timestamp":"2025-09-18 17:57:27.151",
                    "level": "DEBUG",
                    "thread": "main",
                    "class": "o.s.w.s.m.m.a.RequestMappingHandlerAdapter",
                    "message": "ControllerAdvice beans: 0 @ModelAttribute, 0 @InitBinder, 1 RequestBodyAdvice, 1 ResponseBodyAdvice" }
                    
{
                    "app": "Crmeb",
                    "timestamp":"2025-09-18 17:57:27.222",
                    "level": "DEBUG",
                    "thread": "main",
                    "class": "o.s.w.s.handler.SimpleUrlHandlerMapping",
                    "message": "Patterns [/webjars/**, /**, /doc.html] in 'resourceHandlerMapping'" }
                    
{
                    "app": "Crmeb",
                    "timestamp":"2025-09-18 17:57:27.235",
                    "level": "DEBUG",
                    "thread": "main",
                    "class": "o.s.w.s.m.m.a.ExceptionHandlerExceptionResolver",
                    "message": "ControllerAdvice beans: 1 @ExceptionHandler, 1 ResponseBodyAdvice" }
                    
{
                    "app": "Crmeb",
                    "timestamp":"2025-09-18 17:58:40.164",
                    "level": "DEBUG",
                    "thread": "http-nio-8081-exec-4",
                    "class": "o.s.web.servlet.DispatcherServlet",
                    "message": "Detected StandardServletMultipartResolver" }
                    
{
                    "app": "Crmeb",
                    "timestamp":"2025-09-18 17:58:40.164",
                    "level": "DEBUG",
                    "thread": "http-nio-8081-exec-4",
                    "class": "o.s.web.servlet.DispatcherServlet",
                    "message": "Detected I18nLocaleResolver" }
                    
{
                    "app": "Crmeb",
                    "timestamp":"2025-09-18 17:58:40.175",
                    "level": "DEBUG",
                    "thread": "http-nio-8081-exec-4",
                    "class": "o.s.web.servlet.DispatcherServlet",
                    "message": "enableLoggingRequestDetails='false': request parameters and headers will be masked to prevent unsafe logging of potentially sensitive data" }
                    
{
                    "app": "Crmeb",
                    "timestamp":"2025-09-18 17:58:40.229",
                    "level": "DEBUG",
                    "thread": "http-nio-8081-exec-7",
                    "class": "o.s.web.servlet.DispatcherServlet",
                    "message": "GET "/api/front/merchant/street", parameters={}" }
                    
{
                    "app": "Crmeb",
                    "timestamp":"2025-09-18 17:58:40.229",
                    "level": "DEBUG",
                    "thread": "http-nio-8081-exec-15",
                    "class": "o.s.web.servlet.DispatcherServlet",
                    "message": "GET "/api/front/index/product?page=1&limit=13", parameters={masked}" }
                    
{
                    "app": "Crmeb",
                    "timestamp":"2025-09-18 17:58:40.229",
                    "level": "DEBUG",
                    "thread": "http-nio-8081-exec-9",
                    "class": "o.s.web.servlet.DispatcherServlet",
                    "message": "GET "/api/pc/home/index", parameters={}" }
                    
{
                    "app": "Crmeb",
                    "timestamp":"2025-09-18 17:58:40.229",
                    "level": "DEBUG",
                    "thread": "http-nio-8081-exec-13",
                    "class": "o.s.web.servlet.DispatcherServlet",
                    "message": "GET "/api/front/activity/index/list", parameters={}" }
                    
{
                    "app": "Crmeb",
                    "timestamp":"2025-09-18 17:58:40.229",
                    "level": "DEBUG",
                    "thread": "http-nio-8081-exec-16",
                    "class": "o.s.web.servlet.DispatcherServlet",
                    "message": "GET "/api/front/product/leaderboard", parameters={}" }
                    
{
                    "app": "Crmeb",
                    "timestamp":"2025-09-18 17:58:40.233",
                    "level": "DEBUG",
                    "thread": "http-nio-8081-exec-13",
                    "class": "o.s.w.s.m.m.a.RequestMappingHandlerMapping",
                    "message": "Mapped to com.zbkj.front.controller.ActivityController#getIndexList()" }
                    
{
                    "app": "Crmeb",
                    "timestamp":"2025-09-18 17:58:40.233",
                    "level": "DEBUG",
                    "thread": "http-nio-8081-exec-7",
                    "class": "o.s.w.s.m.m.a.RequestMappingHandlerMapping",
                    "message": "Mapped to com.zbkj.front.controller.MerchantController#getStreet(PageParamRequest)" }
                    
{
                    "app": "Crmeb",
                    "timestamp":"2025-09-18 17:58:40.233",
                    "level": "DEBUG",
                    "thread": "http-nio-8081-exec-9",
                    "class": "o.s.w.s.m.m.a.RequestMappingHandlerMapping",
                    "message": "Mapped to com.zbkj.front.pc.controller.PcIndexController#getIndexInfo()" }
                    
{
                    "app": "Crmeb",
                    "timestamp":"2025-09-18 17:58:40.233",
                    "level": "DEBUG",
                    "thread": "http-nio-8081-exec-15",
                    "class": "o.s.w.s.m.m.a.RequestMappingHandlerMapping",
                    "message": "Mapped to com.zbkj.front.controller.IndexController#getProductList(PageParamRequest)" }
                    
{
                    "app": "Crmeb",
                    "timestamp":"2025-09-18 17:58:40.233",
                    "level": "DEBUG",
                    "thread": "http-nio-8081-exec-16",
                    "class": "o.s.w.s.m.m.a.RequestMappingHandlerMapping",
                    "message": "Mapped to com.zbkj.front.controller.ProductController#getLeaderboard()" }
                    
{
                    "app": "Crmeb",
                    "timestamp":"2025-09-18 17:59:00.224",
                    "level": "DEBUG",
                    "thread": "http-nio-8081-exec-18",
                    "class": "o.s.web.servlet.DispatcherServlet",
                    "message": "GET "/api/front/activity/index/list", parameters={}" }
                    
{
                    "app": "Crmeb",
                    "timestamp":"2025-09-18 17:59:00.225",
                    "level": "DEBUG",
                    "thread": "http-nio-8081-exec-18",
                    "class": "o.s.w.s.m.m.a.RequestMappingHandlerMapping",
                    "message": "Mapped to com.zbkj.front.controller.ActivityController#getIndexList()" }
                    
{
                    "app": "Crmeb",
                    "timestamp":"2025-09-18 18:02:36.144",
                    "level": "DEBUG",
                    "thread": "main",
                    "class": "o.s.b.c.l.ClasspathLoggingApplicationListener",
                    "message": "Application started with classpath: [jar:file:/E:/2zynt/工作项目/CRMEB-JAVA-ET-V1.2(2025.4.25)/et_java/crmeb-front/target/Crmeb-front.jar!/BOOT-INF/classes!/, jar:file:/E:/2zynt/工作项目/CRMEB-JAVA-ET-V1.2(2025.4.25)/et_java/crmeb-front/target/Crmeb-front.jar!/BOOT-INF/lib/crmeb-service-0.0.1-SNAPSHOT.jar!/, jar:file:/E:/2zynt/工作项目/CRMEB-JAVA-ET-V1.2(2025.4.25)/et_java/crmeb-front/target/Crmeb-front.jar!/BOOT-INF/lib/crmeb-common-0.0.1-SNAPSHOT.jar!/, jar:file:/E:/2zynt/工作项目/CRMEB-JAVA-ET-V1.2(2025.4.25)/et_java/crmeb-front/target/Crmeb-front.jar!/BOOT-INF/lib/javax.servlet-api-4.0.1.jar!/, jar:file:/E:/2zynt/工作项目/CRMEB-JAVA-ET-V1.2(2025.4.25)/et_java/crmeb-front/target/Crmeb-front.jar!/BOOT-INF/lib/jstl-1.2.jar!/, jar:file:/E:/2zynt/工作项目/CRMEB-JAVA-ET-V1.2(2025.4.25)/et_java/crmeb-front/target/Crmeb-front.jar!/BOOT-INF/lib/tomcat-embed-jasper-9.0.33.jar!/, jar:file:/E:/2zynt/工作项目/CRMEB-JAVA-ET-V1.2(2025.4.25)/et_java/crmeb-front/target/Crmeb-front.jar!/BOOT-INF/lib/tomcat-embed-core-9.0.33.jar!/, jar:file:/E:/2zynt/工作项目/CRMEB-JAVA-ET-V1.2(2025.4.25)/et_java/crmeb-front/target/Crmeb-front.jar!/BOOT-INF/lib/tomcat-annotations-api-9.0.33.jar!/, jar:file:/E:/2zynt/工作项目/CRMEB-JAVA-ET-V1.2(2025.4.25)/et_java/crmeb-front/target/Crmeb-front.jar!/BOOT-INF/lib/tomcat-embed-el-9.0.33.jar!/, jar:file:/E:/2zynt/工作项目/CRMEB-JAVA-ET-V1.2(2025.4.25)/et_java/crmeb-front/target/Crmeb-front.jar!/BOOT-INF/lib/ecj-3.18.0.jar!/, jar:file:/E:/2zynt/工作项目/CRMEB-JAVA-ET-V1.2(2025.4.25)/et_java/crmeb-front/target/Crmeb-front.jar!/BOOT-INF/lib/tomcat-jsp-api-9.0.33.jar!/, jar:file:/E:/2zynt/工作项目/CRMEB-JAVA-ET-V1.2(2025.4.25)/et_java/crmeb-front/target/Crmeb-front.jar!/BOOT-INF/lib/tomcat-el-api-9.0.33.jar!/, jar:file:/E:/2zynt/工作项目/CRMEB-JAVA-ET-V1.2(2025.4.25)/et_java/crmeb-front/target/Crmeb-front.jar!/BOOT-INF/lib/tomcat-servlet-api-9.0.33.jar!/, jar:file:/E:/2zynt/工作项目/CRMEB-JAVA-ET-V1.2(2025.4.25)/et_java/crmeb-front/target/Crmeb-front.jar!/BOOT-INF/lib/fastjson-2.0.38.jar!/, jar:file:/E:/2zynt/工作项目/CRMEB-JAVA-ET-V1.2(2025.4.25)/et_java/crmeb-front/target/Crmeb-front.jar!/BOOT-INF/lib/fastjson2-extension-2.0.38.jar!/, jar:file:/E:/2zynt/工作项目/CRMEB-JAVA-ET-V1.2(2025.4.25)/et_java/crmeb-front/target/Crmeb-front.jar!/BOOT-INF/lib/fastjson2-2.0.38.jar!/, jar:file:/E:/2zynt/工作项目/CRMEB-JAVA-ET-V1.2(2025.4.25)/et_java/crmeb-front/target/Crmeb-front.jar!/BOOT-INF/lib/druid-1.1.20.jar!/, jar:file:/E:/2zynt/工作项目/CRMEB-JAVA-ET-V1.2(2025.4.25)/et_java/crmeb-front/target/Crmeb-front.jar!/BOOT-INF/lib/mysql-connector-java-5.1.24.jar!/, jar:file:/E:/2zynt/工作项目/CRMEB-JAVA-ET-V1.2(2025.4.25)/et_java/crmeb-front/target/Crmeb-front.jar!/BOOT-INF/lib/lombok-1.18.12.jar!/, jar:file:/E:/2zynt/工作项目/CRMEB-JAVA-ET-V1.2(2025.4.25)/et_java/crmeb-front/target/Crmeb-front.jar!/BOOT-INF/lib/mybatis-plus-boot-starter-3.3.1.jar!/, jar:file:/E:/2zynt/工作项目/CRMEB-JAVA-ET-V1.2(2025.4.25)/et_java/crmeb-front/target/Crmeb-front.jar!/BOOT-INF/lib/spring-boot-starter-jdbc-2.2.6.RELEASE.jar!/, jar:file:/E:/2zynt/工作项目/CRMEB-JAVA-ET-V1.2(2025.4.25)/et_java/crmeb-front/target/Crmeb-front.jar!/BOOT-INF/lib/HikariCP-3.4.2.jar!/, jar:file:/E:/2zynt/工作项目/CRMEB-JAVA-ET-V1.2(2025.4.25)/et_java/crmeb-front/target/Crmeb-front.jar!/BOOT-INF/lib/spring-jdbc-5.2.5.RELEASE.jar!/, jar:file:/E:/2zynt/工作项目/CRMEB-JAVA-ET-V1.2(2025.4.25)/et_java/crmeb-front/target/Crmeb-front.jar!/BOOT-INF/lib/spring-boot-test-2.2.6.RELEASE.jar!/, jar:file:/E:/2zynt/工作项目/CRMEB-JAVA-ET-V1.2(2025.4.25)/et_java/crmeb-front/target/Crmeb-front.jar!/BOOT-INF/lib/spring-boot-2.2.6.RELEASE.jar!/, jar:file:/E:/2zynt/工作项目/CRMEB-JAVA-ET-V1.2(2025.4.25)/et_java/crmeb-front/target/Crmeb-front.jar!/BOOT-INF/lib/spring-context-5.2.5.RELEASE.jar!/, jar:file:/E:/2zynt/工作项目/CRMEB-JAVA-ET-V1.2(2025.4.25)/et_java/crmeb-front/target/Crmeb-front.jar!/BOOT-INF/lib/spring-test-5.2.5.RELEASE.jar!/, jar:file:/E:/2zynt/工作项目/CRMEB-JAVA-ET-V1.2(2025.4.25)/et_java/crmeb-front/target/Crmeb-front.jar!/BOOT-INF/lib/spring-core-5.2.5.RELEASE.jar!/, jar:file:/E:/2zynt/工作项目/CRMEB-JAVA-ET-V1.2(2025.4.25)/et_java/crmeb-front/target/Crmeb-front.jar!/BOOT-INF/lib/spring-jcl-5.2.5.RELEASE.jar!/, jar:file:/E:/2zynt/工作项目/CRMEB-JAVA-ET-V1.2(2025.4.25)/et_java/crmeb-front/target/Crmeb-front.jar!/BOOT-INF/lib/mybatis-plus-3.3.1.jar!/, jar:file:/E:/2zynt/工作项目/CRMEB-JAVA-ET-V1.2(2025.4.25)/et_java/crmeb-front/target/Crmeb-front.jar!/BOOT-INF/lib/mybatis-plus-extension-3.3.1.jar!/, jar:file:/E:/2zynt/工作项目/CRMEB-JAVA-ET-V1.2(2025.4.25)/et_java/crmeb-front/target/Crmeb-front.jar!/BOOT-INF/lib/mybatis-plus-core-3.3.1.jar!/, jar:file:/E:/2zynt/工作项目/CRMEB-JAVA-ET-V1.2(2025.4.25)/et_java/crmeb-front/target/Crmeb-front.jar!/BOOT-INF/lib/mybatis-plus-annotation-3.3.1.jar!/, jar:file:/E:/2zynt/工作项目/CRMEB-JAVA-ET-V1.2(2025.4.25)/et_java/crmeb-front/target/Crmeb-front.jar!/BOOT-INF/lib/mybatis-3.5.3.jar!/, jar:file:/E:/2zynt/工作项目/CRMEB-JAVA-ET-V1.2(2025.4.25)/et_java/crmeb-front/target/Crmeb-front.jar!/BOOT-INF/lib/mybatis-spring-2.0.3.jar!/, jar:file:/E:/2zynt/工作项目/CRMEB-JAVA-ET-V1.2(2025.4.25)/et_java/crmeb-front/target/Crmeb-front.jar!/BOOT-INF/lib/mybatis-plus-generator-3.3.1.jar!/, jar:file:/E:/2zynt/工作项目/CRMEB-JAVA-ET-V1.2(2025.4.25)/et_java/crmeb-front/target/Crmeb-front.jar!/BOOT-INF/lib/swagger-annotations-1.5.21.jar!/, jar:file:/E:/2zynt/工作项目/CRMEB-JAVA-ET-V1.2(2025.4.25)/et_java/crmeb-front/target/Crmeb-front.jar!/BOOT-INF/lib/springfox-swagger2-2.9.2.jar!/, jar:file:/E:/2zynt/工作项目/CRMEB-JAVA-ET-V1.2(2025.4.25)/et_java/crmeb-front/target/Crmeb-front.jar!/BOOT-INF/lib/springfox-spi-2.9.2.jar!/, jar:file:/E:/2zynt/工作项目/CRMEB-JAVA-ET-V1.2(2025.4.25)/et_java/crmeb-front/target/Crmeb-front.jar!/BOOT-INF/lib/springfox-core-2.9.2.jar!/, jar:file:/E:/2zynt/工作项目/CRMEB-JAVA-ET-V1.2(2025.4.25)/et_java/crmeb-front/target/Crmeb-front.jar!/BOOT-INF/lib/byte-buddy-1.10.8.jar!/, jar:file:/E:/2zynt/工作项目/CRMEB-JAVA-ET-V1.2(2025.4.25)/et_java/crmeb-front/target/Crmeb-front.jar!/BOOT-INF/lib/springfox-schema-2.9.2.jar!/, jar:file:/E:/2zynt/工作项目/CRMEB-JAVA-ET-V1.2(2025.4.25)/et_java/crmeb-front/target/Crmeb-front.jar!/BOOT-INF/lib/springfox-swagger-common-2.9.2.jar!/, jar:file:/E:/2zynt/工作项目/CRMEB-JAVA-ET-V1.2(2025.4.25)/et_java/crmeb-front/target/Crmeb-front.jar!/BOOT-INF/lib/springfox-spring-web-2.9.2.jar!/, jar:file:/E:/2zynt/工作项目/CRMEB-JAVA-ET-V1.2(2025.4.25)/et_java/crmeb-front/target/Crmeb-front.jar!/BOOT-INF/lib/classmate-1.5.1.jar!/, jar:file:/E:/2zynt/工作项目/CRMEB-JAVA-ET-V1.2(2025.4.25)/et_java/crmeb-front/target/Crmeb-front.jar!/BOOT-INF/lib/slf4j-api-1.7.30.jar!/, jar:file:/E:/2zynt/工作项目/CRMEB-JAVA-ET-V1.2(2025.4.25)/et_java/crmeb-front/target/Crmeb-front.jar!/BOOT-INF/lib/spring-plugin-core-1.2.0.RELEASE.jar!/, jar:file:/E:/2zynt/工作项目/CRMEB-JAVA-ET-V1.2(2025.4.25)/et_java/crmeb-front/target/Crmeb-front.jar!/BOOT-INF/lib/spring-plugin-metadata-1.2.0.RELEASE.jar!/, jar:file:/E:/2zynt/工作项目/CRMEB-JAVA-ET-V1.2(2025.4.25)/et_java/crmeb-front/target/Crmeb-front.jar!/BOOT-INF/lib/mapstruct-1.2.0.Final.jar!/, jar:file:/E:/2zynt/工作项目/CRMEB-JAVA-ET-V1.2(2025.4.25)/et_java/crmeb-front/target/Crmeb-front.jar!/BOOT-INF/lib/swagger-models-1.5.22.jar!/, jar:file:/E:/2zynt/工作项目/CRMEB-JAVA-ET-V1.2(2025.4.25)/et_java/crmeb-front/target/Crmeb-front.jar!/BOOT-INF/lib/jackson-annotations-2.10.3.jar!/, jar:file:/E:/2zynt/工作项目/CRMEB-JAVA-ET-V1.2(2025.4.25)/et_java/crmeb-front/target/Crmeb-front.jar!/BOOT-INF/lib/swagger-bootstrap-ui-1.9.3.jar!/, jar:file:/E:/2zynt/工作项目/CRMEB-JAVA-ET-V1.2(2025.4.25)/et_java/crmeb-front/target/Crmeb-front.jar!/BOOT-INF/lib/spring-boot-autoconfigure-2.2.6.RELEASE.jar!/, jar:file:/E:/2zynt/工作项目/CRMEB-JAVA-ET-V1.2(2025.4.25)/et_java/crmeb-front/target/Crmeb-front.jar!/BOOT-INF/lib/logback-classic-1.2.3.jar!/, jar:file:/E:/2zynt/工作项目/CRMEB-JAVA-ET-V1.2(2025.4.25)/et_java/crmeb-front/target/Crmeb-front.jar!/BOOT-INF/lib/logback-core-1.2.3.jar!/, jar:file:/E:/2zynt/工作项目/CRMEB-JAVA-ET-V1.2(2025.4.25)/et_java/crmeb-front/target/Crmeb-front.jar!/BOOT-INF/lib/logstash-logback-encoder-5.3.jar!/, jar:file:/E:/2zynt/工作项目/CRMEB-JAVA-ET-V1.2(2025.4.25)/et_java/crmeb-front/target/Crmeb-front.jar!/BOOT-INF/lib/jackson-databind-2.10.3.jar!/, jar:file:/E:/2zynt/工作项目/CRMEB-JAVA-ET-V1.2(2025.4.25)/et_java/crmeb-front/target/Crmeb-front.jar!/BOOT-INF/lib/spring-boot-starter-web-2.2.6.RELEASE.jar!/, jar:file:/E:/2zynt/工作项目/CRMEB-JAVA-ET-V1.2(2025.4.25)/et_java/crmeb-front/target/Crmeb-front.jar!/BOOT-INF/lib/spring-boot-starter-2.2.6.RELEASE.jar!/, jar:file:/E:/2zynt/工作项目/CRMEB-JAVA-ET-V1.2(2025.4.25)/et_java/crmeb-front/target/Crmeb-front.jar!/BOOT-INF/lib/spring-boot-starter-logging-2.2.6.RELEASE.jar!/, jar:file:/E:/2zynt/工作项目/CRMEB-JAVA-ET-V1.2(2025.4.25)/et_java/crmeb-front/target/Crmeb-front.jar!/BOOT-INF/lib/log4j-to-slf4j-2.12.1.jar!/, jar:file:/E:/2zynt/工作项目/CRMEB-JAVA-ET-V1.2(2025.4.25)/et_java/crmeb-front/target/Crmeb-front.jar!/BOOT-INF/lib/log4j-api-2.12.1.jar!/, jar:file:/E:/2zynt/工作项目/CRMEB-JAVA-ET-V1.2(2025.4.25)/et_java/crmeb-front/target/Crmeb-front.jar!/BOOT-INF/lib/jul-to-slf4j-1.7.30.jar!/, jar:file:/E:/2zynt/工作项目/CRMEB-JAVA-ET-V1.2(2025.4.25)/et_java/crmeb-front/target/Crmeb-front.jar!/BOOT-INF/lib/jakarta.annotation-api-1.3.5.jar!/, jar:file:/E:/2zynt/工作项目/CRMEB-JAVA-ET-V1.2(2025.4.25)/et_java/crmeb-front/target/Crmeb-front.jar!/BOOT-INF/lib/snakeyaml-1.25.jar!/, jar:file:/E:/2zynt/工作项目/CRMEB-JAVA-ET-V1.2(2025.4.25)/et_java/crmeb-front/target/Crmeb-front.jar!/BOOT-INF/lib/spring-boot-starter-json-2.2.6.RELEASE.jar!/, jar:file:/E:/2zynt/工作项目/CRMEB-JAVA-ET-V1.2(2025.4.25)/et_java/crmeb-front/target/Crmeb-front.jar!/BOOT-INF/lib/jackson-datatype-jdk8-2.10.3.jar!/, jar:file:/E:/2zynt/工作项目/CRMEB-JAVA-ET-V1.2(2025.4.25)/et_java/crmeb-front/target/Crmeb-front.jar!/BOOT-INF/lib/jackson-datatype-jsr310-2.10.3.jar!/, jar:file:/E:/2zynt/工作项目/CRMEB-JAVA-ET-V1.2(2025.4.25)/et_java/crmeb-front/target/Crmeb-front.jar!/BOOT-INF/lib/jackson-module-parameter-names-2.10.3.jar!/, jar:file:/E:/2zynt/工作项目/CRMEB-JAVA-ET-V1.2(2025.4.25)/et_java/crmeb-front/target/Crmeb-front.jar!/BOOT-INF/lib/spring-boot-starter-tomcat-2.2.6.RELEASE.jar!/, jar:file:/E:/2zynt/工作项目/CRMEB-JAVA-ET-V1.2(2025.4.25)/et_java/crmeb-front/target/Crmeb-front.jar!/BOOT-INF/lib/tomcat-embed-websocket-9.0.33.jar!/, jar:file:/E:/2zynt/工作项目/CRMEB-JAVA-ET-V1.2(2025.4.25)/et_java/crmeb-front/target/Crmeb-front.jar!/BOOT-INF/lib/spring-boot-starter-validation-2.2.6.RELEASE.jar!/, jar:file:/E:/2zynt/工作项目/CRMEB-JAVA-ET-V1.2(2025.4.25)/et_java/crmeb-front/target/Crmeb-front.jar!/BOOT-INF/lib/jakarta.validation-api-2.0.2.jar!/, jar:file:/E:/2zynt/工作项目/CRMEB-JAVA-ET-V1.2(2025.4.25)/et_java/crmeb-front/target/Crmeb-front.jar!/BOOT-INF/lib/hibernate-validator-6.0.18.Final.jar!/, jar:file:/E:/2zynt/工作项目/CRMEB-JAVA-ET-V1.2(2025.4.25)/et_java/crmeb-front/target/Crmeb-front.jar!/BOOT-INF/lib/jboss-logging-3.4.1.Final.jar!/, jar:file:/E:/2zynt/工作项目/CRMEB-JAVA-ET-V1.2(2025.4.25)/et_java/crmeb-front/target/Crmeb-front.jar!/BOOT-INF/lib/spring-web-5.2.5.RELEASE.jar!/, jar:file:/E:/2zynt/工作项目/CRMEB-JAVA-ET-V1.2(2025.4.25)/et_java/crmeb-front/target/Crmeb-front.jar!/BOOT-INF/lib/spring-webmvc-5.2.5.RELEASE.jar!/, jar:file:/E:/2zynt/工作项目/CRMEB-JAVA-ET-V1.2(2025.4.25)/et_java/crmeb-front/target/Crmeb-front.jar!/BOOT-INF/lib/spring-expression-5.2.5.RELEASE.jar!/, jar:file:/E:/2zynt/工作项目/CRMEB-JAVA-ET-V1.2(2025.4.25)/et_java/crmeb-front/target/Crmeb-front.jar!/BOOT-INF/lib/spring-boot-starter-data-redis-2.2.0.RELEASE.jar!/, jar:file:/E:/2zynt/工作项目/CRMEB-JAVA-ET-V1.2(2025.4.25)/et_java/crmeb-front/target/Crmeb-front.jar!/BOOT-INF/lib/spring-data-redis-2.2.6.RELEASE.jar!/, jar:file:/E:/2zynt/工作项目/CRMEB-JAVA-ET-V1.2(2025.4.25)/et_java/crmeb-front/target/Crmeb-front.jar!/BOOT-INF/lib/spring-data-keyvalue-2.2.6.RELEASE.jar!/, jar:file:/E:/2zynt/工作项目/CRMEB-JAVA-ET-V1.2(2025.4.25)/et_java/crmeb-front/target/Crmeb-front.jar!/BOOT-INF/lib/spring-tx-5.2.5.RELEASE.jar!/, jar:file:/E:/2zynt/工作项目/CRMEB-JAVA-ET-V1.2(2025.4.25)/et_java/crmeb-front/target/Crmeb-front.jar!/BOOT-INF/lib/spring-oxm-5.2.5.RELEASE.jar!/, jar:file:/E:/2zynt/工作项目/CRMEB-JAVA-ET-V1.2(2025.4.25)/et_java/crmeb-front/target/Crmeb-front.jar!/BOOT-INF/lib/lettuce-core-5.2.2.RELEASE.jar!/, jar:file:/E:/2zynt/工作项目/CRMEB-JAVA-ET-V1.2(2025.4.25)/et_java/crmeb-front/target/Crmeb-front.jar!/BOOT-INF/lib/netty-common-4.1.48.Final.jar!/, jar:file:/E:/2zynt/工作项目/CRMEB-JAVA-ET-V1.2(2025.4.25)/et_java/crmeb-front/target/Crmeb-front.jar!/BOOT-INF/lib/netty-handler-4.1.48.Final.jar!/, jar:file:/E:/2zynt/工作项目/CRMEB-JAVA-ET-V1.2(2025.4.25)/et_java/crmeb-front/target/Crmeb-front.jar!/BOOT-INF/lib/netty-resolver-4.1.48.Final.jar!/, jar:file:/E:/2zynt/工作项目/CRMEB-JAVA-ET-V1.2(2025.4.25)/et_java/crmeb-front/target/Crmeb-front.jar!/BOOT-INF/lib/netty-buffer-4.1.48.Final.jar!/, jar:file:/E:/2zynt/工作项目/CRMEB-JAVA-ET-V1.2(2025.4.25)/et_java/crmeb-front/target/Crmeb-front.jar!/BOOT-INF/lib/netty-codec-4.1.48.Final.jar!/, jar:file:/E:/2zynt/工作项目/CRMEB-JAVA-ET-V1.2(2025.4.25)/et_java/crmeb-front/target/Crmeb-front.jar!/BOOT-INF/lib/netty-transport-4.1.48.Final.jar!/, jar:file:/E:/2zynt/工作项目/CRMEB-JAVA-ET-V1.2(2025.4.25)/et_java/crmeb-front/target/Crmeb-front.jar!/BOOT-INF/lib/reactor-core-3.3.4.RELEASE.jar!/, jar:file:/E:/2zynt/工作项目/CRMEB-JAVA-ET-V1.2(2025.4.25)/et_java/crmeb-front/target/Crmeb-front.jar!/BOOT-INF/lib/reactive-streams-1.0.3.jar!/, jar:file:/E:/2zynt/工作项目/CRMEB-JAVA-ET-V1.2(2025.4.25)/et_java/crmeb-front/target/Crmeb-front.jar!/BOOT-INF/lib/jedis-3.1.0.jar!/, jar:file:/E:/2zynt/工作项目/CRMEB-JAVA-ET-V1.2(2025.4.25)/et_java/crmeb-front/target/Crmeb-front.jar!/BOOT-INF/lib/commons-pool2-2.7.0.jar!/, jar:file:/E:/2zynt/工作项目/CRMEB-JAVA-ET-V1.2(2025.4.25)/et_java/crmeb-front/target/Crmeb-front.jar!/BOOT-INF/lib/pagehelper-spring-boot-starter-1.2.5.jar!/, jar:file:/E:/2zynt/工作项目/CRMEB-JAVA-ET-V1.2(2025.4.25)/et_java/crmeb-front/target/Crmeb-front.jar!/BOOT-INF/lib/mybatis-spring-boot-starter-1.3.2.jar!/, jar:file:/E:/2zynt/工作项目/CRMEB-JAVA-ET-V1.2(2025.4.25)/et_java/crmeb-front/target/Crmeb-front.jar!/BOOT-INF/lib/mybatis-spring-boot-autoconfigure-1.3.2.jar!/, jar:file:/E:/2zynt/工作项目/CRMEB-JAVA-ET-V1.2(2025.4.25)/et_java/crmeb-front/target/Crmeb-front.jar!/BOOT-INF/lib/pagehelper-spring-boot-autoconfigure-1.2.5.jar!/, jar:file:/E:/2zynt/工作项目/CRMEB-JAVA-ET-V1.2(2025.4.25)/et_java/crmeb-front/target/Crmeb-front.jar!/BOOT-INF/lib/pagehelper-5.1.4.jar!/, jar:file:/E:/2zynt/工作项目/CRMEB-JAVA-ET-V1.2(2025.4.25)/et_java/crmeb-front/target/Crmeb-front.jar!/BOOT-INF/lib/jsqlparser-1.0.jar!/, jar:file:/E:/2zynt/工作项目/CRMEB-JAVA-ET-V1.2(2025.4.25)/et_java/crmeb-front/target/Crmeb-front.jar!/BOOT-INF/lib/validation-api-1.1.0.Final.jar!/, jar:file:/E:/2zynt/工作项目/CRMEB-JAVA-ET-V1.2(2025.4.25)/et_java/crmeb-front/target/Crmeb-front.jar!/BOOT-INF/lib/spring-data-commons-2.2.6.RELEASE.jar!/, jar:file:/E:/2zynt/工作项目/CRMEB-JAVA-ET-V1.2(2025.4.25)/et_java/crmeb-front/target/Crmeb-front.jar!/BOOT-INF/lib/spring-beans-5.2.5.RELEASE.jar!/, jar:file:/E:/2zynt/工作项目/CRMEB-JAVA-ET-V1.2(2025.4.25)/et_java/crmeb-front/target/Crmeb-front.jar!/BOOT-INF/lib/hutool-all-4.5.7.jar!/, jar:file:/E:/2zynt/工作项目/CRMEB-JAVA-ET-V1.2(2025.4.25)/et_java/crmeb-front/target/Crmeb-front.jar!/BOOT-INF/lib/spring-boot-starter-actuator-2.2.6.RELEASE.jar!/, jar:file:/E:/2zynt/工作项目/CRMEB-JAVA-ET-V1.2(2025.4.25)/et_java/crmeb-front/target/Crmeb-front.jar!/BOOT-INF/lib/spring-boot-actuator-autoconfigure-2.2.6.RELEASE.jar!/, jar:file:/E:/2zynt/工作项目/CRMEB-JAVA-ET-V1.2(2025.4.25)/et_java/crmeb-front/target/Crmeb-front.jar!/BOOT-INF/lib/spring-boot-actuator-2.2.6.RELEASE.jar!/, jar:file:/E:/2zynt/工作项目/CRMEB-JAVA-ET-V1.2(2025.4.25)/et_java/crmeb-front/target/Crmeb-front.jar!/BOOT-INF/lib/micrometer-core-1.3.6.jar!/, jar:file:/E:/2zynt/工作项目/CRMEB-JAVA-ET-V1.2(2025.4.25)/et_java/crmeb-front/target/Crmeb-front.jar!/BOOT-INF/lib/HdrHistogram-2.1.11.jar!/, jar:file:/E:/2zynt/工作项目/CRMEB-JAVA-ET-V1.2(2025.4.25)/et_java/crmeb-front/target/Crmeb-front.jar!/BOOT-INF/lib/LatencyUtils-2.0.3.jar!/, jar:file:/E:/2zynt/工作项目/CRMEB-JAVA-ET-V1.2(2025.4.25)/et_java/crmeb-front/target/Crmeb-front.jar!/BOOT-INF/lib/httpclient-4.5.6.jar!/, jar:file:/E:/2zynt/工作项目/CRMEB-JAVA-ET-V1.2(2025.4.25)/et_java/crmeb-front/target/Crmeb-front.jar!/BOOT-INF/lib/httpcore-4.4.13.jar!/, jar:file:/E:/2zynt/工作项目/CRMEB-JAVA-ET-V1.2(2025.4.25)/et_java/crmeb-front/target/Crmeb-front.jar!/BOOT-INF/lib/commons-logging-1.2.jar!/, jar:file:/E:/2zynt/工作项目/CRMEB-JAVA-ET-V1.2(2025.4.25)/et_java/crmeb-front/target/Crmeb-front.jar!/BOOT-INF/lib/commons-codec-1.13.jar!/, jar:file:/E:/2zynt/工作项目/CRMEB-JAVA-ET-V1.2(2025.4.25)/et_java/crmeb-front/target/Crmeb-front.jar!/BOOT-INF/lib/spring-boot-starter-aop-2.2.6.RELEASE.jar!/, jar:file:/E:/2zynt/工作项目/CRMEB-JAVA-ET-V1.2(2025.4.25)/et_java/crmeb-front/target/Crmeb-front.jar!/BOOT-INF/lib/spring-aop-5.2.5.RELEASE.jar!/, jar:file:/E:/2zynt/工作项目/CRMEB-JAVA-ET-V1.2(2025.4.25)/et_java/crmeb-front/target/Crmeb-front.jar!/BOOT-INF/lib/aspectjweaver-1.9.5.jar!/, jar:file:/E:/2zynt/工作项目/CRMEB-JAVA-ET-V1.2(2025.4.25)/et_java/crmeb-front/target/Crmeb-front.jar!/BOOT-INF/lib/commons-lang3-3.10.jar!/, jar:file:/E:/2zynt/工作项目/CRMEB-JAVA-ET-V1.2(2025.4.25)/et_java/crmeb-front/target/Crmeb-front.jar!/BOOT-INF/lib/poi-3.17.jar!/, jar:file:/E:/2zynt/工作项目/CRMEB-JAVA-ET-V1.2(2025.4.25)/et_java/crmeb-front/target/Crmeb-front.jar!/BOOT-INF/lib/commons-collections4-4.1.jar!/, jar:file:/E:/2zynt/工作项目/CRMEB-JAVA-ET-V1.2(2025.4.25)/et_java/crmeb-front/target/Crmeb-front.jar!/BOOT-INF/lib/poi-ooxml-3.17.jar!/, jar:file:/E:/2zynt/工作项目/CRMEB-JAVA-ET-V1.2(2025.4.25)/et_java/crmeb-front/target/Crmeb-front.jar!/BOOT-INF/lib/poi-ooxml-schemas-3.17.jar!/, jar:file:/E:/2zynt/工作项目/CRMEB-JAVA-ET-V1.2(2025.4.25)/et_java/crmeb-front/target/Crmeb-front.jar!/BOOT-INF/lib/xmlbeans-2.6.0.jar!/, jar:file:/E:/2zynt/工作项目/CRMEB-JAVA-ET-V1.2(2025.4.25)/et_java/crmeb-front/target/Crmeb-front.jar!/BOOT-INF/lib/curvesapi-1.04.jar!/, jar:file:/E:/2zynt/工作项目/CRMEB-JAVA-ET-V1.2(2025.4.25)/et_java/crmeb-front/target/Crmeb-front.jar!/BOOT-INF/lib/commons-fileupload-1.3.3.jar!/, jar:file:/E:/2zynt/工作项目/CRMEB-JAVA-ET-V1.2(2025.4.25)/et_java/crmeb-front/target/Crmeb-front.jar!/BOOT-INF/lib/commons-io-2.4.jar!/, jar:file:/E:/2zynt/工作项目/CRMEB-JAVA-ET-V1.2(2025.4.25)/et_java/crmeb-front/target/Crmeb-front.jar!/BOOT-INF/lib/aliyun-sdk-oss-3.5.0.jar!/, jar:file:/E:/2zynt/工作项目/CRMEB-JAVA-ET-V1.2(2025.4.25)/et_java/crmeb-front/target/Crmeb-front.jar!/BOOT-INF/lib/jdom-1.1.jar!/, jar:file:/E:/2zynt/工作项目/CRMEB-JAVA-ET-V1.2(2025.4.25)/et_java/crmeb-front/target/Crmeb-front.jar!/BOOT-INF/lib/jettison-1.1.jar!/, jar:file:/E:/2zynt/工作项目/CRMEB-JAVA-ET-V1.2(2025.4.25)/et_java/crmeb-front/target/Crmeb-front.jar!/BOOT-INF/lib/stax-api-1.0.1.jar!/, jar:file:/E:/2zynt/工作项目/CRMEB-JAVA-ET-V1.2(2025.4.25)/et_java/crmeb-front/target/Crmeb-front.jar!/BOOT-INF/lib/aliyun-java-sdk-core-3.4.0.jar!/, jar:file:/E:/2zynt/工作项目/CRMEB-JAVA-ET-V1.2(2025.4.25)/et_java/crmeb-front/target/Crmeb-front.jar!/BOOT-INF/lib/aliyun-java-sdk-ram-3.0.0.jar!/, jar:file:/E:/2zynt/工作项目/CRMEB-JAVA-ET-V1.2(2025.4.25)/et_java/crmeb-front/target/Crmeb-front.jar!/BOOT-INF/lib/aliyun-java-sdk-sts-3.0.0.jar!/, jar:file:/E:/2zynt/工作项目/CRMEB-JAVA-ET-V1.2(2025.4.25)/et_java/crmeb-front/target/Crmeb-front.jar!/BOOT-INF/lib/aliyun-java-sdk-ecs-4.2.0.jar!/, jar:file:/E:/2zynt/工作项目/CRMEB-JAVA-ET-V1.2(2025.4.25)/et_java/crmeb-front/target/Crmeb-front.jar!/BOOT-INF/lib/cos_api-5.6.22.jar!/, jar:file:/E:/2zynt/工作项目/CRMEB-JAVA-ET-V1.2(2025.4.25)/et_java/crmeb-front/target/Crmeb-front.jar!/BOOT-INF/lib/joda-time-2.10.5.jar!/, jar:file:/E:/2zynt/工作项目/CRMEB-JAVA-ET-V1.2(2025.4.25)/et_java/crmeb-front/target/Crmeb-front.jar!/BOOT-INF/lib/bcprov-jdk15on-1.64.jar!/, jar:file:/E:/2zynt/工作项目/CRMEB-JAVA-ET-V1.2(2025.4.25)/et_java/crmeb-front/target/Crmeb-front.jar!/BOOT-INF/lib/qiniu-java-sdk-7.2.28.jar!/, jar:file:/E:/2zynt/工作项目/CRMEB-JAVA-ET-V1.2(2025.4.25)/et_java/crmeb-front/target/Crmeb-front.jar!/BOOT-INF/lib/okhttp-3.14.7.jar!/, jar:file:/E:/2zynt/工作项目/CRMEB-JAVA-ET-V1.2(2025.4.25)/et_java/crmeb-front/target/Crmeb-front.jar!/BOOT-INF/lib/okio-1.17.2.jar!/, jar:file:/E:/2zynt/工作项目/CRMEB-JAVA-ET-V1.2(2025.4.25)/et_java/crmeb-front/target/Crmeb-front.jar!/BOOT-INF/lib/gson-2.8.6.jar!/, jar:file:/E:/2zynt/工作项目/CRMEB-JAVA-ET-V1.2(2025.4.25)/et_java/crmeb-front/target/Crmeb-front.jar!/BOOT-INF/lib/dom4j-1.6.1.jar!/, jar:file:/E:/2zynt/工作项目/CRMEB-JAVA-ET-V1.2(2025.4.25)/et_java/crmeb-front/target/Crmeb-front.jar!/BOOT-INF/lib/xml-apis-1.0.b2.jar!/, jar:file:/E:/2zynt/工作项目/CRMEB-JAVA-ET-V1.2(2025.4.25)/et_java/crmeb-front/target/Crmeb-front.jar!/BOOT-INF/lib/xstream-1.4.10.jar!/, jar:file:/E:/2zynt/工作项目/CRMEB-JAVA-ET-V1.2(2025.4.25)/et_java/crmeb-front/target/Crmeb-front.jar!/BOOT-INF/lib/xmlpull-1.1.3.1.jar!/, jar:file:/E:/2zynt/工作项目/CRMEB-JAVA-ET-V1.2(2025.4.25)/et_java/crmeb-front/target/Crmeb-front.jar!/BOOT-INF/lib/xpp3_min-1.1.4c.jar!/, jar:file:/E:/2zynt/工作项目/CRMEB-JAVA-ET-V1.2(2025.4.25)/et_java/crmeb-front/target/Crmeb-front.jar!/BOOT-INF/lib/httpmime-4.5.2.jar!/, jar:file:/E:/2zynt/工作项目/CRMEB-JAVA-ET-V1.2(2025.4.25)/et_java/crmeb-front/target/Crmeb-front.jar!/BOOT-INF/lib/jjwt-0.9.1.jar!/, jar:file:/E:/2zynt/工作项目/CRMEB-JAVA-ET-V1.2(2025.4.25)/et_java/crmeb-front/target/Crmeb-front.jar!/BOOT-INF/lib/jwks-rsa-0.9.0.jar!/, jar:file:/E:/2zynt/工作项目/CRMEB-JAVA-ET-V1.2(2025.4.25)/et_java/crmeb-front/target/Crmeb-front.jar!/BOOT-INF/lib/spring-boot-starter-security-2.2.6.RELEASE.jar!/, jar:file:/E:/2zynt/工作项目/CRMEB-JAVA-ET-V1.2(2025.4.25)/et_java/crmeb-front/target/Crmeb-front.jar!/BOOT-INF/lib/spring-security-config-5.2.2.RELEASE.jar!/, jar:file:/E:/2zynt/工作项目/CRMEB-JAVA-ET-V1.2(2025.4.25)/et_java/crmeb-front/target/Crmeb-front.jar!/BOOT-INF/lib/spring-security-core-5.2.2.RELEASE.jar!/, jar:file:/E:/2zynt/工作项目/CRMEB-JAVA-ET-V1.2(2025.4.25)/et_java/crmeb-front/target/Crmeb-front.jar!/BOOT-INF/lib/spring-security-web-5.2.2.RELEASE.jar!/, jar:file:/E:/2zynt/工作项目/CRMEB-JAVA-ET-V1.2(2025.4.25)/et_java/crmeb-front/target/Crmeb-front.jar!/BOOT-INF/lib/spring-boot-starter-mail-2.2.6.RELEASE.jar!/, jar:file:/E:/2zynt/工作项目/CRMEB-JAVA-ET-V1.2(2025.4.25)/et_java/crmeb-front/target/Crmeb-front.jar!/BOOT-INF/lib/spring-context-support-5.2.5.RELEASE.jar!/, jar:file:/E:/2zynt/工作项目/CRMEB-JAVA-ET-V1.2(2025.4.25)/et_java/crmeb-front/target/Crmeb-front.jar!/BOOT-INF/lib/jakarta.mail-1.6.5.jar!/, jar:file:/E:/2zynt/工作项目/CRMEB-JAVA-ET-V1.2(2025.4.25)/et_java/crmeb-front/target/Crmeb-front.jar!/BOOT-INF/lib/jakarta.activation-1.2.2.jar!/, jar:file:/E:/2zynt/工作项目/CRMEB-JAVA-ET-V1.2(2025.4.25)/et_java/crmeb-front/target/Crmeb-front.jar!/BOOT-INF/lib/checkout-sdk-1.0.4.jar!/, jar:file:/E:/2zynt/工作项目/CRMEB-JAVA-ET-V1.2(2025.4.25)/et_java/crmeb-front/target/Crmeb-front.jar!/BOOT-INF/lib/paypalhttp-1.0.2.jar!/, jar:file:/E:/2zynt/工作项目/CRMEB-JAVA-ET-V1.2(2025.4.25)/et_java/crmeb-front/target/Crmeb-front.jar!/BOOT-INF/lib/dysmsapi20170525-2.0.8.jar!/, jar:file:/E:/2zynt/工作项目/CRMEB-JAVA-ET-V1.2(2025.4.25)/et_java/crmeb-front/target/Crmeb-front.jar!/BOOT-INF/lib/tea-util-0.2.13.jar!/, jar:file:/E:/2zynt/工作项目/CRMEB-JAVA-ET-V1.2(2025.4.25)/et_java/crmeb-front/target/Crmeb-front.jar!/BOOT-INF/lib/endpoint-util-0.0.6.jar!/, jar:file:/E:/2zynt/工作项目/CRMEB-JAVA-ET-V1.2(2025.4.25)/et_java/crmeb-front/target/Crmeb-front.jar!/BOOT-INF/lib/tea-1.1.14.jar!/, jar:file:/E:/2zynt/工作项目/CRMEB-JAVA-ET-V1.2(2025.4.25)/et_java/crmeb-front/target/Crmeb-front.jar!/BOOT-INF/lib/org.jacoco.agent-0.8.4-runtime.jar!/, jar:file:/E:/2zynt/工作项目/CRMEB-JAVA-ET-V1.2(2025.4.25)/et_java/crmeb-front/target/Crmeb-front.jar!/BOOT-INF/lib/tea-openapi-0.1.6.jar!/, jar:file:/E:/2zynt/工作项目/CRMEB-JAVA-ET-V1.2(2025.4.25)/et_java/crmeb-front/target/Crmeb-front.jar!/BOOT-INF/lib/credentials-java-0.2.4.jar!/, jar:file:/E:/2zynt/工作项目/CRMEB-JAVA-ET-V1.2(2025.4.25)/et_java/crmeb-front/target/Crmeb-front.jar!/BOOT-INF/lib/ini4j-0.5.4.jar!/, jar:file:/E:/2zynt/工作项目/CRMEB-JAVA-ET-V1.2(2025.4.25)/et_java/crmeb-front/target/Crmeb-front.jar!/BOOT-INF/lib/jaxb-api-2.3.1.jar!/, jar:file:/E:/2zynt/工作项目/CRMEB-JAVA-ET-V1.2(2025.4.25)/et_java/crmeb-front/target/Crmeb-front.jar!/BOOT-INF/lib/javax.activation-api-1.2.0.jar!/, jar:file:/E:/2zynt/工作项目/CRMEB-JAVA-ET-V1.2(2025.4.25)/et_java/crmeb-front/target/Crmeb-front.jar!/BOOT-INF/lib/jaxb-core-2.3.0.jar!/, jar:file:/E:/2zynt/工作项目/CRMEB-JAVA-ET-V1.2(2025.4.25)/et_java/crmeb-front/target/Crmeb-front.jar!/BOOT-INF/lib/jaxb-impl-2.3.0.jar!/, jar:file:/E:/2zynt/工作项目/CRMEB-JAVA-ET-V1.2(2025.4.25)/et_java/crmeb-front/target/Crmeb-front.jar!/BOOT-INF/lib/openapiutil-0.1.13.jar!/, jar:file:/E:/2zynt/工作项目/CRMEB-JAVA-ET-V1.2(2025.4.25)/et_java/crmeb-front/target/Crmeb-front.jar!/BOOT-INF/lib/sdk-core-java-1.1.7.jar!/, jar:file:/E:/2zynt/工作项目/CRMEB-JAVA-ET-V1.2(2025.4.25)/et_java/crmeb-front/target/Crmeb-front.jar!/BOOT-INF/lib/juniversalchardet-1.0.3.jar!/, jar:file:/E:/2zynt/工作项目/CRMEB-JAVA-ET-V1.2(2025.4.25)/et_java/crmeb-front/target/Crmeb-front.jar!/BOOT-INF/lib/plexus-digest-1.0.jar!/, jar:file:/E:/2zynt/工作项目/CRMEB-JAVA-ET-V1.2(2025.4.25)/et_java/crmeb-front/target/Crmeb-front.jar!/BOOT-INF/lib/plexus-container-default-1.0-alpha-8.jar!/, jar:file:/E:/2zynt/工作项目/CRMEB-JAVA-ET-V1.2(2025.4.25)/et_java/crmeb-front/target/Crmeb-front.jar!/BOOT-INF/lib/plexus-utils-1.0.4.jar!/, jar:file:/E:/2zynt/工作项目/CRMEB-JAVA-ET-V1.2(2025.4.25)/et_java/crmeb-front/target/Crmeb-front.jar!/BOOT-INF/lib/classworlds-1.1-alpha-2.jar!/, jar:file:/E:/2zynt/工作项目/CRMEB-JAVA-ET-V1.2(2025.4.25)/et_java/crmeb-front/target/Crmeb-front.jar!/BOOT-INF/lib/stripe-java-20.124.0.jar!/, jar:file:/E:/2zynt/工作项目/CRMEB-JAVA-ET-V1.2(2025.4.25)/et_java/crmeb-front/target/Crmeb-front.jar!/BOOT-INF/lib/weixin-java-pay-4.5.0.jar!/, jar:file:/E:/2zynt/工作项目/CRMEB-JAVA-ET-V1.2(2025.4.25)/et_java/crmeb-front/target/Crmeb-front.jar!/BOOT-INF/lib/weixin-java-common-4.5.0.jar!/, jar:file:/E:/2zynt/工作项目/CRMEB-JAVA-ET-V1.2(2025.4.25)/et_java/crmeb-front/target/Crmeb-front.jar!/BOOT-INF/lib/jcl-over-slf4j-1.7.30.jar!/, jar:file:/E:/2zynt/工作项目/CRMEB-JAVA-ET-V1.2(2025.4.25)/et_java/crmeb-front/target/Crmeb-front.jar!/BOOT-INF/lib/dom4j-2.1.3.jar!/, jar:file:/E:/2zynt/工作项目/CRMEB-JAVA-ET-V1.2(2025.4.25)/et_java/crmeb-front/target/Crmeb-front.jar!/BOOT-INF/lib/qrcode-utils-1.1.jar!/, jar:file:/E:/2zynt/工作项目/CRMEB-JAVA-ET-V1.2(2025.4.25)/et_java/crmeb-front/target/Crmeb-front.jar!/BOOT-INF/lib/bcpkix-jdk15on-1.68.jar!/, jar:file:/E:/2zynt/工作项目/CRMEB-JAVA-ET-V1.2(2025.4.25)/et_java/crmeb-front/target/Crmeb-front.jar!/BOOT-INF/lib/jodd-http-6.2.1.jar!/, jar:file:/E:/2zynt/工作项目/CRMEB-JAVA-ET-V1.2(2025.4.25)/et_java/crmeb-front/target/Crmeb-front.jar!/BOOT-INF/lib/jodd-util-6.1.0.jar!/, jar:file:/E:/2zynt/工作项目/CRMEB-JAVA-ET-V1.2(2025.4.25)/et_java/crmeb-front/target/Crmeb-front.jar!/BOOT-INF/lib/javase-3.3.3.jar!/, jar:file:/E:/2zynt/工作项目/CRMEB-JAVA-ET-V1.2(2025.4.25)/et_java/crmeb-front/target/Crmeb-front.jar!/BOOT-INF/lib/core-3.3.3.jar!/, jar:file:/E:/2zynt/工作项目/CRMEB-JAVA-ET-V1.2(2025.4.25)/et_java/crmeb-front/target/Crmeb-front.jar!/BOOT-INF/lib/jcommander-1.72.jar!/, jar:file:/E:/2zynt/工作项目/CRMEB-JAVA-ET-V1.2(2025.4.25)/et_java/crmeb-front/target/Crmeb-front.jar!/BOOT-INF/lib/jai-imageio-core-1.4.0.jar!/, jar:file:/E:/2zynt/工作项目/CRMEB-JAVA-ET-V1.2(2025.4.25)/et_java/crmeb-front/target/Crmeb-front.jar!/BOOT-INF/lib/google-api-client-1.30.10.jar!/, jar:file:/E:/2zynt/工作项目/CRMEB-JAVA-ET-V1.2(2025.4.25)/et_java/crmeb-front/target/Crmeb-front.jar!/BOOT-INF/lib/google-oauth-client-1.31.0.jar!/, jar:file:/E:/2zynt/工作项目/CRMEB-JAVA-ET-V1.2(2025.4.25)/et_java/crmeb-front/target/Crmeb-front.jar!/BOOT-INF/lib/google-http-client-1.35.0.jar!/, jar:file:/E:/2zynt/工作项目/CRMEB-JAVA-ET-V1.2(2025.4.25)/et_java/crmeb-front/target/Crmeb-front.jar!/BOOT-INF/lib/opencensus-api-0.24.0.jar!/, jar:file:/E:/2zynt/工作项目/CRMEB-JAVA-ET-V1.2(2025.4.25)/et_java/crmeb-front/target/Crmeb-front.jar!/BOOT-INF/lib/grpc-context-1.22.1.jar!/, jar:file:/E:/2zynt/工作项目/CRMEB-JAVA-ET-V1.2(2025.4.25)/et_java/crmeb-front/target/Crmeb-front.jar!/BOOT-INF/lib/opencensus-contrib-http-util-0.24.0.jar!/, jar:file:/E:/2zynt/工作项目/CRMEB-JAVA-ET-V1.2(2025.4.25)/et_java/crmeb-front/target/Crmeb-front.jar!/BOOT-INF/lib/jsr305-3.0.2.jar!/, jar:file:/E:/2zynt/工作项目/CRMEB-JAVA-ET-V1.2(2025.4.25)/et_java/crmeb-front/target/Crmeb-front.jar!/BOOT-INF/lib/google-http-client-jackson2-1.36.0.jar!/, jar:file:/E:/2zynt/工作项目/CRMEB-JAVA-ET-V1.2(2025.4.25)/et_java/crmeb-front/target/Crmeb-front.jar!/BOOT-INF/lib/jackson-core-2.10.3.jar!/, jar:file:/E:/2zynt/工作项目/CRMEB-JAVA-ET-V1.2(2025.4.25)/et_java/crmeb-front/target/Crmeb-front.jar!/BOOT-INF/lib/guava-29.0-android.jar!/, jar:file:/E:/2zynt/工作项目/CRMEB-JAVA-ET-V1.2(2025.4.25)/et_java/crmeb-front/target/Crmeb-front.jar!/BOOT-INF/lib/failureaccess-1.0.1.jar!/, jar:file:/E:/2zynt/工作项目/CRMEB-JAVA-ET-V1.2(2025.4.25)/et_java/crmeb-front/target/Crmeb-front.jar!/BOOT-INF/lib/listenablefuture-9999.0-empty-to-avoid-conflict-with-guava.jar!/, jar:file:/E:/2zynt/工作项目/CRMEB-JAVA-ET-V1.2(2025.4.25)/et_java/crmeb-front/target/Crmeb-front.jar!/BOOT-INF/lib/checker-compat-qual-2.5.5.jar!/, jar:file:/E:/2zynt/工作项目/CRMEB-JAVA-ET-V1.2(2025.4.25)/et_java/crmeb-front/target/Crmeb-front.jar!/BOOT-INF/lib/error_prone_annotations-2.3.4.jar!/, jar:file:/E:/2zynt/工作项目/CRMEB-JAVA-ET-V1.2(2025.4.25)/et_java/crmeb-front/target/Crmeb-front.jar!/BOOT-INF/lib/j2objc-annotations-1.3.jar!/, jar:file:/E:/2zynt/工作项目/CRMEB-JAVA-ET-V1.2(2025.4.25)/et_java/crmeb-front/target/Crmeb-front.jar!/BOOT-INF/lib/twitter4j-core-4.0.7.jar!/, jar:file:/E:/2zynt/工作项目/CRMEB-JAVA-ET-V1.2(2025.4.25)/et_java/crmeb-front/target/Crmeb-front.jar!/BOOT-INF/lib/spring-boot-jarmode-layertools-2.6.6.jar!/]" }
                    
{
                    "app": "Crmeb",
                    "timestamp":"2025-09-18 18:02:36.241",
                    "level": "DEBUG",
                    "thread": "main",
                    "class": "o.springframework.boot.SpringApplication",
                    "message": "Loading source class com.zbkj.front.CrmebFrontApplication" }
                    
{
                    "app": "Crmeb",
                    "timestamp":"2025-09-18 18:02:36.286",
                    "level": "DEBUG",
                    "thread": "main",
                    "class": "o.s.b.c.c.ConfigFileApplicationListener",
                    "message": "Loaded config file 'jar:file:/E:/2zynt/%E5%B7%A5%E4%BD%9C%E9%A1%B9%E7%9B%AE/CRMEB-JAVA-ET-V1.2(2025.4.25)/et_java/crmeb-front/target/Crmeb-front.jar!/BOOT-INF/classes!/application.yml' (classpath:/application.yml)" }
                    
{
                    "app": "Crmeb",
                    "timestamp":"2025-09-18 18:02:36.287",
                    "level": "DEBUG",
                    "thread": "main",
                    "class": "o.s.b.w.s.c.AnnotationConfigServletWebServerApplicationContext",
                    "message": "Refreshing org.springframework.boot.web.servlet.context.AnnotationConfigServletWebServerApplicationContext@2a2d45ba" }
                    
{
                    "app": "Crmeb",
                    "timestamp":"2025-09-18 18:02:38.598",
                    "level": "DEBUG",
                    "thread": "main",
                    "class": "o.s.b.w.e.t.TomcatServletWebServerFactory",
                    "message": "Code archive: E:\2zynt\工作项目\CRMEB-JAVA-ET-V1.2(2025.4.25)\et_java\crmeb-front\target\Crmeb-front.jar" }
                    
{
                    "app": "Crmeb",
                    "timestamp":"2025-09-18 18:02:38.599",
                    "level": "DEBUG",
                    "thread": "main",
                    "class": "o.s.b.w.e.t.TomcatServletWebServerFactory",
                    "message": "Code archive: E:\2zynt\工作项目\CRMEB-JAVA-ET-V1.2(2025.4.25)\et_java\crmeb-front\target\Crmeb-front.jar" }
                    
{
                    "app": "Crmeb",
                    "timestamp":"2025-09-18 18:02:38.601",
                    "level": "DEBUG",
                    "thread": "main",
                    "class": "o.s.b.w.e.t.TomcatServletWebServerFactory",
                    "message": "None of the document roots [src/main/webapp, public, static] point to a directory and will be ignored." }
                    
{
                    "app": "Crmeb",
                    "timestamp":"2025-09-18 18:02:39.230",
                    "level": "DEBUG",
                    "thread": "main",
                    "class": "o.s.web.context.ContextLoader",
                    "message": "Published root WebApplicationContext as ServletContext attribute with name [org.springframework.web.context.WebApplicationContext.ROOT]" }
                    
{
                    "app": "Crmeb",
                    "timestamp":"2025-09-18 18:02:39.833",
                    "level": "DEBUG",
                    "thread": "main",
                    "class": "o.s.b.w.s.ServletContextInitializerBeans",
                    "message": "Mapping filters: filterRegistrationBean urls=[/*] order=-2147483647, springSecurityFilterChain urls=[/*] order=-100, filterRegistrationBean urls=[/*] order=2147483647, filterRegistrationBean urls=[/*] order=2147483647, characterEncodingFilter urls=[/*] order=-2147483648, formContentFilter urls=[/*] order=-9900, requestContextFilter urls=[/*] order=-105, corsFilter urls=[/*] order=2147483647" }
                    
{
                    "app": "Crmeb",
                    "timestamp":"2025-09-18 18:02:39.834",
                    "level": "DEBUG",
                    "thread": "main",
                    "class": "o.s.b.w.s.ServletContextInitializerBeans",
                    "message": "Mapping servlets: statViewServlet urls=[/druid/*], dispatcherServlet urls=[/]" }
                    
{
                    "app": "Crmeb",
                    "timestamp":"2025-09-18 18:02:39.885",
                    "level": "DEBUG",
                    "thread": "main",
                    "class": "o.s.b.a.m.w.servlet.WebMvcMetricsFilter",
                    "message": "Filter 'webMvcMetricsFilter' configured for use" }
                    
{
                    "app": "Crmeb",
                    "timestamp":"2025-09-18 18:02:39.886",
                    "level": "DEBUG",
                    "thread": "main",
                    "class": "o.s.b.w.s.f.OrderedRequestContextFilter",
                    "message": "Filter 'requestContextFilter' configured for use" }
                    
{
                    "app": "Crmeb",
                    "timestamp":"2025-09-18 18:02:39.889",
                    "level": "DEBUG",
                    "thread": "main",
                    "class": "o.springframework.web.filter.CorsFilter",
                    "message": "Filter 'corsFilter' configured for use" }
                    
{
                    "app": "Crmeb",
                    "timestamp":"2025-09-18 18:02:39.890",
                    "level": "DEBUG",
                    "thread": "main",
                    "class": "o.s.b.w.s.f.OrderedCharacterEncodingFilter",
                    "message": "Filter 'characterEncodingFilter' configured for use" }
                    
{
                    "app": "Crmeb",
                    "timestamp":"2025-09-18 18:02:39.890",
                    "level": "DEBUG",
                    "thread": "main",
                    "class": "o.s.b.w.s.DelegatingFilterProxyRegistrationBean$1",
                    "message": "Filter 'springSecurityFilterChain' configured for use" }
                    
{
                    "app": "Crmeb",
                    "timestamp":"2025-09-18 18:02:39.891",
                    "level": "DEBUG",
                    "thread": "main",
                    "class": "o.s.b.w.s.f.OrderedFormContentFilter",
                    "message": "Filter 'formContentFilter' configured for use" }
                    
{
                    "app": "Crmeb",
                    "timestamp":"2025-09-18 18:02:45.277",
                    "level": "DEBUG",
                    "thread": "main",
                    "class": "o.s.w.s.m.m.a.RequestMappingHandlerMapping",
                    "message": "151 mappings in 'requestMappingHandlerMapping'" }
                    
{
                    "app": "Crmeb",
                    "timestamp":"2025-09-18 18:02:45.599",
                    "level": "DEBUG",
                    "thread": "main",
                    "class": "o.s.w.s.m.m.a.RequestMappingHandlerAdapter",
                    "message": "ControllerAdvice beans: 0 @ModelAttribute, 0 @InitBinder, 1 RequestBodyAdvice, 1 ResponseBodyAdvice" }
                    
{
                    "app": "Crmeb",
                    "timestamp":"2025-09-18 18:02:45.695",
                    "level": "DEBUG",
                    "thread": "main",
                    "class": "o.s.w.s.handler.SimpleUrlHandlerMapping",
                    "message": "Patterns [/webjars/**, /**, /doc.html] in 'resourceHandlerMapping'" }
                    
{
                    "app": "Crmeb",
                    "timestamp":"2025-09-18 18:02:45.709",
                    "level": "DEBUG",
                    "thread": "main",
                    "class": "o.s.w.s.m.m.a.ExceptionHandlerExceptionResolver",
                    "message": "ControllerAdvice beans: 1 @ExceptionHandler, 1 ResponseBodyAdvice" }
                    
{
                    "app": "Crmeb",
                    "timestamp":"2025-09-18 18:03:29.037",
                    "level": "DEBUG",
                    "thread": "http-nio-8081-exec-3",
                    "class": "o.s.web.servlet.DispatcherServlet",
                    "message": "Detected StandardServletMultipartResolver" }
                    
{
                    "app": "Crmeb",
                    "timestamp":"2025-09-18 18:03:29.037",
                    "level": "DEBUG",
                    "thread": "http-nio-8081-exec-3",
                    "class": "o.s.web.servlet.DispatcherServlet",
                    "message": "Detected I18nLocaleResolver" }
                    
{
                    "app": "Crmeb",
                    "timestamp":"2025-09-18 18:03:29.043",
                    "level": "DEBUG",
                    "thread": "http-nio-8081-exec-3",
                    "class": "o.s.web.servlet.DispatcherServlet",
                    "message": "enableLoggingRequestDetails='false': request parameters and headers will be masked to prevent unsafe logging of potentially sensitive data" }
                    
{
                    "app": "Crmeb",
                    "timestamp":"2025-09-18 18:03:29.083",
                    "level": "DEBUG",
                    "thread": "http-nio-8081-exec-10",
                    "class": "o.s.web.servlet.DispatcherServlet",
                    "message": "GET "/api/front/product/leaderboard", parameters={}" }
                    
{
                    "app": "Crmeb",
                    "timestamp":"2025-09-18 18:03:29.083",
                    "level": "DEBUG",
                    "thread": "http-nio-8081-exec-8",
                    "class": "o.s.web.servlet.DispatcherServlet",
                    "message": "GET "/api/front/index/product?page=1&limit=13", parameters={masked}" }
                    
{
                    "app": "Crmeb",
                    "timestamp":"2025-09-18 18:03:29.083",
                    "level": "DEBUG",
                    "thread": "http-nio-8081-exec-2",
                    "class": "o.s.web.servlet.DispatcherServlet",
                    "message": "GET "/api/front/activity/index/list", parameters={}" }
                    
{
                    "app": "Crmeb",
                    "timestamp":"2025-09-18 18:03:29.083",
                    "level": "DEBUG",
                    "thread": "http-nio-8081-exec-9",
                    "class": "o.s.web.servlet.DispatcherServlet",
                    "message": "GET "/api/pc/home/index", parameters={}" }
                    
{
                    "app": "Crmeb",
                    "timestamp":"2025-09-18 18:03:29.083",
                    "level": "DEBUG",
                    "thread": "http-nio-8081-exec-11",
                    "class": "o.s.web.servlet.DispatcherServlet",
                    "message": "GET "/api/front/merchant/street", parameters={}" }
                    
{
                    "app": "Crmeb",
                    "timestamp":"2025-09-18 18:03:29.087",
                    "level": "DEBUG",
                    "thread": "http-nio-8081-exec-8",
                    "class": "o.s.w.s.m.m.a.RequestMappingHandlerMapping",
                    "message": "Mapped to com.zbkj.front.controller.IndexController#getProductList(PageParamRequest)" }
                    
{
                    "app": "Crmeb",
                    "timestamp":"2025-09-18 18:03:29.087",
                    "level": "DEBUG",
                    "thread": "http-nio-8081-exec-2",
                    "class": "o.s.w.s.m.m.a.RequestMappingHandlerMapping",
                    "message": "Mapped to com.zbkj.front.controller.ActivityController#getIndexList()" }
                    
{
                    "app": "Crmeb",
                    "timestamp":"2025-09-18 18:03:29.087",
                    "level": "DEBUG",
                    "thread": "http-nio-8081-exec-10",
                    "class": "o.s.w.s.m.m.a.RequestMappingHandlerMapping",
                    "message": "Mapped to com.zbkj.front.controller.ProductController#getLeaderboard()" }
                    
{
                    "app": "Crmeb",
                    "timestamp":"2025-09-18 18:03:29.087",
                    "level": "DEBUG",
                    "thread": "http-nio-8081-exec-9",
                    "class": "o.s.w.s.m.m.a.RequestMappingHandlerMapping",
                    "message": "Mapped to com.zbkj.front.pc.controller.PcIndexController#getIndexInfo()" }
                    
{
                    "app": "Crmeb",
                    "timestamp":"2025-09-18 18:03:29.087",
                    "level": "DEBUG",
                    "thread": "http-nio-8081-exec-11",
                    "class": "o.s.w.s.m.m.a.RequestMappingHandlerMapping",
                    "message": "Mapped to com.zbkj.front.controller.MerchantController#getStreet(PageParamRequest)" }
                    
{
                    "app": "Crmeb",
                    "timestamp":"2025-09-18 18:03:49.095",
                    "level": "DEBUG",
                    "thread": "http-nio-8081-exec-5",
                    "class": "o.s.web.servlet.DispatcherServlet",
                    "message": "GET "/api/front/activity/index/list", parameters={}" }
                    
{
                    "app": "Crmeb",
                    "timestamp":"2025-09-18 18:03:53.705",
                    "level": "DEBUG",
                    "thread": "http-nio-8081-exec-5",
                    "class": "o.s.w.s.m.m.a.RequestMappingHandlerMapping",
                    "message": "Mapped to com.zbkj.front.controller.ActivityController#getIndexList()" }
                    
{
                    "app": "Crmeb",
                    "timestamp":"2025-09-18 18:18:02.415",
                    "level": "DEBUG",
                    "thread": "main",
                    "class": "o.s.b.c.l.ClasspathLoggingApplicationListener",
                    "message": "Application started with classpath: [jar:file:/E:/2zynt/工作项目/CRMEB-JAVA-ET-V1.2(2025.4.25)/et_java/crmeb-front/target/Crmeb-front.jar!/BOOT-INF/classes!/, jar:file:/E:/2zynt/工作项目/CRMEB-JAVA-ET-V1.2(2025.4.25)/et_java/crmeb-front/target/Crmeb-front.jar!/BOOT-INF/lib/crmeb-service-0.0.1-SNAPSHOT.jar!/, jar:file:/E:/2zynt/工作项目/CRMEB-JAVA-ET-V1.2(2025.4.25)/et_java/crmeb-front/target/Crmeb-front.jar!/BOOT-INF/lib/crmeb-common-0.0.1-SNAPSHOT.jar!/, jar:file:/E:/2zynt/工作项目/CRMEB-JAVA-ET-V1.2(2025.4.25)/et_java/crmeb-front/target/Crmeb-front.jar!/BOOT-INF/lib/javax.servlet-api-4.0.1.jar!/, jar:file:/E:/2zynt/工作项目/CRMEB-JAVA-ET-V1.2(2025.4.25)/et_java/crmeb-front/target/Crmeb-front.jar!/BOOT-INF/lib/jstl-1.2.jar!/, jar:file:/E:/2zynt/工作项目/CRMEB-JAVA-ET-V1.2(2025.4.25)/et_java/crmeb-front/target/Crmeb-front.jar!/BOOT-INF/lib/tomcat-embed-jasper-9.0.33.jar!/, jar:file:/E:/2zynt/工作项目/CRMEB-JAVA-ET-V1.2(2025.4.25)/et_java/crmeb-front/target/Crmeb-front.jar!/BOOT-INF/lib/tomcat-embed-core-9.0.33.jar!/, jar:file:/E:/2zynt/工作项目/CRMEB-JAVA-ET-V1.2(2025.4.25)/et_java/crmeb-front/target/Crmeb-front.jar!/BOOT-INF/lib/tomcat-annotations-api-9.0.33.jar!/, jar:file:/E:/2zynt/工作项目/CRMEB-JAVA-ET-V1.2(2025.4.25)/et_java/crmeb-front/target/Crmeb-front.jar!/BOOT-INF/lib/tomcat-embed-el-9.0.33.jar!/, jar:file:/E:/2zynt/工作项目/CRMEB-JAVA-ET-V1.2(2025.4.25)/et_java/crmeb-front/target/Crmeb-front.jar!/BOOT-INF/lib/ecj-3.18.0.jar!/, jar:file:/E:/2zynt/工作项目/CRMEB-JAVA-ET-V1.2(2025.4.25)/et_java/crmeb-front/target/Crmeb-front.jar!/BOOT-INF/lib/tomcat-jsp-api-9.0.33.jar!/, jar:file:/E:/2zynt/工作项目/CRMEB-JAVA-ET-V1.2(2025.4.25)/et_java/crmeb-front/target/Crmeb-front.jar!/BOOT-INF/lib/tomcat-el-api-9.0.33.jar!/, jar:file:/E:/2zynt/工作项目/CRMEB-JAVA-ET-V1.2(2025.4.25)/et_java/crmeb-front/target/Crmeb-front.jar!/BOOT-INF/lib/tomcat-servlet-api-9.0.33.jar!/, jar:file:/E:/2zynt/工作项目/CRMEB-JAVA-ET-V1.2(2025.4.25)/et_java/crmeb-front/target/Crmeb-front.jar!/BOOT-INF/lib/fastjson-2.0.38.jar!/, jar:file:/E:/2zynt/工作项目/CRMEB-JAVA-ET-V1.2(2025.4.25)/et_java/crmeb-front/target/Crmeb-front.jar!/BOOT-INF/lib/fastjson2-extension-2.0.38.jar!/, jar:file:/E:/2zynt/工作项目/CRMEB-JAVA-ET-V1.2(2025.4.25)/et_java/crmeb-front/target/Crmeb-front.jar!/BOOT-INF/lib/fastjson2-2.0.38.jar!/, jar:file:/E:/2zynt/工作项目/CRMEB-JAVA-ET-V1.2(2025.4.25)/et_java/crmeb-front/target/Crmeb-front.jar!/BOOT-INF/lib/druid-1.1.20.jar!/, jar:file:/E:/2zynt/工作项目/CRMEB-JAVA-ET-V1.2(2025.4.25)/et_java/crmeb-front/target/Crmeb-front.jar!/BOOT-INF/lib/mysql-connector-j-8.0.33.jar!/, jar:file:/E:/2zynt/工作项目/CRMEB-JAVA-ET-V1.2(2025.4.25)/et_java/crmeb-front/target/Crmeb-front.jar!/BOOT-INF/lib/protobuf-java-3.21.9.jar!/, jar:file:/E:/2zynt/工作项目/CRMEB-JAVA-ET-V1.2(2025.4.25)/et_java/crmeb-front/target/Crmeb-front.jar!/BOOT-INF/lib/lombok-1.18.12.jar!/, jar:file:/E:/2zynt/工作项目/CRMEB-JAVA-ET-V1.2(2025.4.25)/et_java/crmeb-front/target/Crmeb-front.jar!/BOOT-INF/lib/mybatis-plus-boot-starter-3.3.1.jar!/, jar:file:/E:/2zynt/工作项目/CRMEB-JAVA-ET-V1.2(2025.4.25)/et_java/crmeb-front/target/Crmeb-front.jar!/BOOT-INF/lib/spring-boot-starter-jdbc-2.2.6.RELEASE.jar!/, jar:file:/E:/2zynt/工作项目/CRMEB-JAVA-ET-V1.2(2025.4.25)/et_java/crmeb-front/target/Crmeb-front.jar!/BOOT-INF/lib/HikariCP-3.4.2.jar!/, jar:file:/E:/2zynt/工作项目/CRMEB-JAVA-ET-V1.2(2025.4.25)/et_java/crmeb-front/target/Crmeb-front.jar!/BOOT-INF/lib/spring-jdbc-5.2.5.RELEASE.jar!/, jar:file:/E:/2zynt/工作项目/CRMEB-JAVA-ET-V1.2(2025.4.25)/et_java/crmeb-front/target/Crmeb-front.jar!/BOOT-INF/lib/spring-boot-test-2.2.6.RELEASE.jar!/, jar:file:/E:/2zynt/工作项目/CRMEB-JAVA-ET-V1.2(2025.4.25)/et_java/crmeb-front/target/Crmeb-front.jar!/BOOT-INF/lib/spring-boot-2.2.6.RELEASE.jar!/, jar:file:/E:/2zynt/工作项目/CRMEB-JAVA-ET-V1.2(2025.4.25)/et_java/crmeb-front/target/Crmeb-front.jar!/BOOT-INF/lib/spring-context-5.2.5.RELEASE.jar!/, jar:file:/E:/2zynt/工作项目/CRMEB-JAVA-ET-V1.2(2025.4.25)/et_java/crmeb-front/target/Crmeb-front.jar!/BOOT-INF/lib/spring-test-5.2.5.RELEASE.jar!/, jar:file:/E:/2zynt/工作项目/CRMEB-JAVA-ET-V1.2(2025.4.25)/et_java/crmeb-front/target/Crmeb-front.jar!/BOOT-INF/lib/spring-core-5.2.5.RELEASE.jar!/, jar:file:/E:/2zynt/工作项目/CRMEB-JAVA-ET-V1.2(2025.4.25)/et_java/crmeb-front/target/Crmeb-front.jar!/BOOT-INF/lib/spring-jcl-5.2.5.RELEASE.jar!/, jar:file:/E:/2zynt/工作项目/CRMEB-JAVA-ET-V1.2(2025.4.25)/et_java/crmeb-front/target/Crmeb-front.jar!/BOOT-INF/lib/mybatis-plus-3.3.1.jar!/, jar:file:/E:/2zynt/工作项目/CRMEB-JAVA-ET-V1.2(2025.4.25)/et_java/crmeb-front/target/Crmeb-front.jar!/BOOT-INF/lib/mybatis-plus-extension-3.3.1.jar!/, jar:file:/E:/2zynt/工作项目/CRMEB-JAVA-ET-V1.2(2025.4.25)/et_java/crmeb-front/target/Crmeb-front.jar!/BOOT-INF/lib/mybatis-plus-core-3.3.1.jar!/, jar:file:/E:/2zynt/工作项目/CRMEB-JAVA-ET-V1.2(2025.4.25)/et_java/crmeb-front/target/Crmeb-front.jar!/BOOT-INF/lib/mybatis-plus-annotation-3.3.1.jar!/, jar:file:/E:/2zynt/工作项目/CRMEB-JAVA-ET-V1.2(2025.4.25)/et_java/crmeb-front/target/Crmeb-front.jar!/BOOT-INF/lib/mybatis-3.5.3.jar!/, jar:file:/E:/2zynt/工作项目/CRMEB-JAVA-ET-V1.2(2025.4.25)/et_java/crmeb-front/target/Crmeb-front.jar!/BOOT-INF/lib/mybatis-spring-2.0.3.jar!/, jar:file:/E:/2zynt/工作项目/CRMEB-JAVA-ET-V1.2(2025.4.25)/et_java/crmeb-front/target/Crmeb-front.jar!/BOOT-INF/lib/mybatis-plus-generator-3.3.1.jar!/, jar:file:/E:/2zynt/工作项目/CRMEB-JAVA-ET-V1.2(2025.4.25)/et_java/crmeb-front/target/Crmeb-front.jar!/BOOT-INF/lib/swagger-annotations-1.5.21.jar!/, jar:file:/E:/2zynt/工作项目/CRMEB-JAVA-ET-V1.2(2025.4.25)/et_java/crmeb-front/target/Crmeb-front.jar!/BOOT-INF/lib/springfox-swagger2-2.9.2.jar!/, jar:file:/E:/2zynt/工作项目/CRMEB-JAVA-ET-V1.2(2025.4.25)/et_java/crmeb-front/target/Crmeb-front.jar!/BOOT-INF/lib/springfox-spi-2.9.2.jar!/, jar:file:/E:/2zynt/工作项目/CRMEB-JAVA-ET-V1.2(2025.4.25)/et_java/crmeb-front/target/Crmeb-front.jar!/BOOT-INF/lib/springfox-core-2.9.2.jar!/, jar:file:/E:/2zynt/工作项目/CRMEB-JAVA-ET-V1.2(2025.4.25)/et_java/crmeb-front/target/Crmeb-front.jar!/BOOT-INF/lib/byte-buddy-1.10.8.jar!/, jar:file:/E:/2zynt/工作项目/CRMEB-JAVA-ET-V1.2(2025.4.25)/et_java/crmeb-front/target/Crmeb-front.jar!/BOOT-INF/lib/springfox-schema-2.9.2.jar!/, jar:file:/E:/2zynt/工作项目/CRMEB-JAVA-ET-V1.2(2025.4.25)/et_java/crmeb-front/target/Crmeb-front.jar!/BOOT-INF/lib/springfox-swagger-common-2.9.2.jar!/, jar:file:/E:/2zynt/工作项目/CRMEB-JAVA-ET-V1.2(2025.4.25)/et_java/crmeb-front/target/Crmeb-front.jar!/BOOT-INF/lib/springfox-spring-web-2.9.2.jar!/, jar:file:/E:/2zynt/工作项目/CRMEB-JAVA-ET-V1.2(2025.4.25)/et_java/crmeb-front/target/Crmeb-front.jar!/BOOT-INF/lib/classmate-1.5.1.jar!/, jar:file:/E:/2zynt/工作项目/CRMEB-JAVA-ET-V1.2(2025.4.25)/et_java/crmeb-front/target/Crmeb-front.jar!/BOOT-INF/lib/slf4j-api-1.7.30.jar!/, jar:file:/E:/2zynt/工作项目/CRMEB-JAVA-ET-V1.2(2025.4.25)/et_java/crmeb-front/target/Crmeb-front.jar!/BOOT-INF/lib/spring-plugin-core-1.2.0.RELEASE.jar!/, jar:file:/E:/2zynt/工作项目/CRMEB-JAVA-ET-V1.2(2025.4.25)/et_java/crmeb-front/target/Crmeb-front.jar!/BOOT-INF/lib/spring-plugin-metadata-1.2.0.RELEASE.jar!/, jar:file:/E:/2zynt/工作项目/CRMEB-JAVA-ET-V1.2(2025.4.25)/et_java/crmeb-front/target/Crmeb-front.jar!/BOOT-INF/lib/mapstruct-1.2.0.Final.jar!/, jar:file:/E:/2zynt/工作项目/CRMEB-JAVA-ET-V1.2(2025.4.25)/et_java/crmeb-front/target/Crmeb-front.jar!/BOOT-INF/lib/swagger-models-1.5.22.jar!/, jar:file:/E:/2zynt/工作项目/CRMEB-JAVA-ET-V1.2(2025.4.25)/et_java/crmeb-front/target/Crmeb-front.jar!/BOOT-INF/lib/jackson-annotations-2.10.3.jar!/, jar:file:/E:/2zynt/工作项目/CRMEB-JAVA-ET-V1.2(2025.4.25)/et_java/crmeb-front/target/Crmeb-front.jar!/BOOT-INF/lib/swagger-bootstrap-ui-1.9.3.jar!/, jar:file:/E:/2zynt/工作项目/CRMEB-JAVA-ET-V1.2(2025.4.25)/et_java/crmeb-front/target/Crmeb-front.jar!/BOOT-INF/lib/spring-boot-autoconfigure-2.2.6.RELEASE.jar!/, jar:file:/E:/2zynt/工作项目/CRMEB-JAVA-ET-V1.2(2025.4.25)/et_java/crmeb-front/target/Crmeb-front.jar!/BOOT-INF/lib/logback-classic-1.2.3.jar!/, jar:file:/E:/2zynt/工作项目/CRMEB-JAVA-ET-V1.2(2025.4.25)/et_java/crmeb-front/target/Crmeb-front.jar!/BOOT-INF/lib/logback-core-1.2.3.jar!/, jar:file:/E:/2zynt/工作项目/CRMEB-JAVA-ET-V1.2(2025.4.25)/et_java/crmeb-front/target/Crmeb-front.jar!/BOOT-INF/lib/logstash-logback-encoder-5.3.jar!/, jar:file:/E:/2zynt/工作项目/CRMEB-JAVA-ET-V1.2(2025.4.25)/et_java/crmeb-front/target/Crmeb-front.jar!/BOOT-INF/lib/jackson-databind-2.10.3.jar!/, jar:file:/E:/2zynt/工作项目/CRMEB-JAVA-ET-V1.2(2025.4.25)/et_java/crmeb-front/target/Crmeb-front.jar!/BOOT-INF/lib/spring-boot-starter-web-2.2.6.RELEASE.jar!/, jar:file:/E:/2zynt/工作项目/CRMEB-JAVA-ET-V1.2(2025.4.25)/et_java/crmeb-front/target/Crmeb-front.jar!/BOOT-INF/lib/spring-boot-starter-2.2.6.RELEASE.jar!/, jar:file:/E:/2zynt/工作项目/CRMEB-JAVA-ET-V1.2(2025.4.25)/et_java/crmeb-front/target/Crmeb-front.jar!/BOOT-INF/lib/spring-boot-starter-logging-2.2.6.RELEASE.jar!/, jar:file:/E:/2zynt/工作项目/CRMEB-JAVA-ET-V1.2(2025.4.25)/et_java/crmeb-front/target/Crmeb-front.jar!/BOOT-INF/lib/log4j-to-slf4j-2.12.1.jar!/, jar:file:/E:/2zynt/工作项目/CRMEB-JAVA-ET-V1.2(2025.4.25)/et_java/crmeb-front/target/Crmeb-front.jar!/BOOT-INF/lib/log4j-api-2.12.1.jar!/, jar:file:/E:/2zynt/工作项目/CRMEB-JAVA-ET-V1.2(2025.4.25)/et_java/crmeb-front/target/Crmeb-front.jar!/BOOT-INF/lib/jul-to-slf4j-1.7.30.jar!/, jar:file:/E:/2zynt/工作项目/CRMEB-JAVA-ET-V1.2(2025.4.25)/et_java/crmeb-front/target/Crmeb-front.jar!/BOOT-INF/lib/jakarta.annotation-api-1.3.5.jar!/, jar:file:/E:/2zynt/工作项目/CRMEB-JAVA-ET-V1.2(2025.4.25)/et_java/crmeb-front/target/Crmeb-front.jar!/BOOT-INF/lib/snakeyaml-1.25.jar!/, jar:file:/E:/2zynt/工作项目/CRMEB-JAVA-ET-V1.2(2025.4.25)/et_java/crmeb-front/target/Crmeb-front.jar!/BOOT-INF/lib/spring-boot-starter-json-2.2.6.RELEASE.jar!/, jar:file:/E:/2zynt/工作项目/CRMEB-JAVA-ET-V1.2(2025.4.25)/et_java/crmeb-front/target/Crmeb-front.jar!/BOOT-INF/lib/jackson-datatype-jdk8-2.10.3.jar!/, jar:file:/E:/2zynt/工作项目/CRMEB-JAVA-ET-V1.2(2025.4.25)/et_java/crmeb-front/target/Crmeb-front.jar!/BOOT-INF/lib/jackson-datatype-jsr310-2.10.3.jar!/, jar:file:/E:/2zynt/工作项目/CRMEB-JAVA-ET-V1.2(2025.4.25)/et_java/crmeb-front/target/Crmeb-front.jar!/BOOT-INF/lib/jackson-module-parameter-names-2.10.3.jar!/, jar:file:/E:/2zynt/工作项目/CRMEB-JAVA-ET-V1.2(2025.4.25)/et_java/crmeb-front/target/Crmeb-front.jar!/BOOT-INF/lib/spring-boot-starter-tomcat-2.2.6.RELEASE.jar!/, jar:file:/E:/2zynt/工作项目/CRMEB-JAVA-ET-V1.2(2025.4.25)/et_java/crmeb-front/target/Crmeb-front.jar!/BOOT-INF/lib/tomcat-embed-websocket-9.0.33.jar!/, jar:file:/E:/2zynt/工作项目/CRMEB-JAVA-ET-V1.2(2025.4.25)/et_java/crmeb-front/target/Crmeb-front.jar!/BOOT-INF/lib/spring-boot-starter-validation-2.2.6.RELEASE.jar!/, jar:file:/E:/2zynt/工作项目/CRMEB-JAVA-ET-V1.2(2025.4.25)/et_java/crmeb-front/target/Crmeb-front.jar!/BOOT-INF/lib/jakarta.validation-api-2.0.2.jar!/, jar:file:/E:/2zynt/工作项目/CRMEB-JAVA-ET-V1.2(2025.4.25)/et_java/crmeb-front/target/Crmeb-front.jar!/BOOT-INF/lib/hibernate-validator-6.0.18.Final.jar!/, jar:file:/E:/2zynt/工作项目/CRMEB-JAVA-ET-V1.2(2025.4.25)/et_java/crmeb-front/target/Crmeb-front.jar!/BOOT-INF/lib/jboss-logging-3.4.1.Final.jar!/, jar:file:/E:/2zynt/工作项目/CRMEB-JAVA-ET-V1.2(2025.4.25)/et_java/crmeb-front/target/Crmeb-front.jar!/BOOT-INF/lib/spring-web-5.2.5.RELEASE.jar!/, jar:file:/E:/2zynt/工作项目/CRMEB-JAVA-ET-V1.2(2025.4.25)/et_java/crmeb-front/target/Crmeb-front.jar!/BOOT-INF/lib/spring-webmvc-5.2.5.RELEASE.jar!/, jar:file:/E:/2zynt/工作项目/CRMEB-JAVA-ET-V1.2(2025.4.25)/et_java/crmeb-front/target/Crmeb-front.jar!/BOOT-INF/lib/spring-expression-5.2.5.RELEASE.jar!/, jar:file:/E:/2zynt/工作项目/CRMEB-JAVA-ET-V1.2(2025.4.25)/et_java/crmeb-front/target/Crmeb-front.jar!/BOOT-INF/lib/spring-boot-starter-data-redis-2.2.0.RELEASE.jar!/, jar:file:/E:/2zynt/工作项目/CRMEB-JAVA-ET-V1.2(2025.4.25)/et_java/crmeb-front/target/Crmeb-front.jar!/BOOT-INF/lib/spring-data-redis-2.2.6.RELEASE.jar!/, jar:file:/E:/2zynt/工作项目/CRMEB-JAVA-ET-V1.2(2025.4.25)/et_java/crmeb-front/target/Crmeb-front.jar!/BOOT-INF/lib/spring-data-keyvalue-2.2.6.RELEASE.jar!/, jar:file:/E:/2zynt/工作项目/CRMEB-JAVA-ET-V1.2(2025.4.25)/et_java/crmeb-front/target/Crmeb-front.jar!/BOOT-INF/lib/spring-tx-5.2.5.RELEASE.jar!/, jar:file:/E:/2zynt/工作项目/CRMEB-JAVA-ET-V1.2(2025.4.25)/et_java/crmeb-front/target/Crmeb-front.jar!/BOOT-INF/lib/spring-oxm-5.2.5.RELEASE.jar!/, jar:file:/E:/2zynt/工作项目/CRMEB-JAVA-ET-V1.2(2025.4.25)/et_java/crmeb-front/target/Crmeb-front.jar!/BOOT-INF/lib/lettuce-core-5.2.2.RELEASE.jar!/, jar:file:/E:/2zynt/工作项目/CRMEB-JAVA-ET-V1.2(2025.4.25)/et_java/crmeb-front/target/Crmeb-front.jar!/BOOT-INF/lib/netty-common-4.1.48.Final.jar!/, jar:file:/E:/2zynt/工作项目/CRMEB-JAVA-ET-V1.2(2025.4.25)/et_java/crmeb-front/target/Crmeb-front.jar!/BOOT-INF/lib/netty-handler-4.1.48.Final.jar!/, jar:file:/E:/2zynt/工作项目/CRMEB-JAVA-ET-V1.2(2025.4.25)/et_java/crmeb-front/target/Crmeb-front.jar!/BOOT-INF/lib/netty-resolver-4.1.48.Final.jar!/, jar:file:/E:/2zynt/工作项目/CRMEB-JAVA-ET-V1.2(2025.4.25)/et_java/crmeb-front/target/Crmeb-front.jar!/BOOT-INF/lib/netty-buffer-4.1.48.Final.jar!/, jar:file:/E:/2zynt/工作项目/CRMEB-JAVA-ET-V1.2(2025.4.25)/et_java/crmeb-front/target/Crmeb-front.jar!/BOOT-INF/lib/netty-codec-4.1.48.Final.jar!/, jar:file:/E:/2zynt/工作项目/CRMEB-JAVA-ET-V1.2(2025.4.25)/et_java/crmeb-front/target/Crmeb-front.jar!/BOOT-INF/lib/netty-transport-4.1.48.Final.jar!/, jar:file:/E:/2zynt/工作项目/CRMEB-JAVA-ET-V1.2(2025.4.25)/et_java/crmeb-front/target/Crmeb-front.jar!/BOOT-INF/lib/reactor-core-3.3.4.RELEASE.jar!/, jar:file:/E:/2zynt/工作项目/CRMEB-JAVA-ET-V1.2(2025.4.25)/et_java/crmeb-front/target/Crmeb-front.jar!/BOOT-INF/lib/reactive-streams-1.0.3.jar!/, jar:file:/E:/2zynt/工作项目/CRMEB-JAVA-ET-V1.2(2025.4.25)/et_java/crmeb-front/target/Crmeb-front.jar!/BOOT-INF/lib/jedis-3.1.0.jar!/, jar:file:/E:/2zynt/工作项目/CRMEB-JAVA-ET-V1.2(2025.4.25)/et_java/crmeb-front/target/Crmeb-front.jar!/BOOT-INF/lib/commons-pool2-2.7.0.jar!/, jar:file:/E:/2zynt/工作项目/CRMEB-JAVA-ET-V1.2(2025.4.25)/et_java/crmeb-front/target/Crmeb-front.jar!/BOOT-INF/lib/pagehelper-spring-boot-starter-1.2.5.jar!/, jar:file:/E:/2zynt/工作项目/CRMEB-JAVA-ET-V1.2(2025.4.25)/et_java/crmeb-front/target/Crmeb-front.jar!/BOOT-INF/lib/mybatis-spring-boot-starter-1.3.2.jar!/, jar:file:/E:/2zynt/工作项目/CRMEB-JAVA-ET-V1.2(2025.4.25)/et_java/crmeb-front/target/Crmeb-front.jar!/BOOT-INF/lib/mybatis-spring-boot-autoconfigure-1.3.2.jar!/, jar:file:/E:/2zynt/工作项目/CRMEB-JAVA-ET-V1.2(2025.4.25)/et_java/crmeb-front/target/Crmeb-front.jar!/BOOT-INF/lib/pagehelper-spring-boot-autoconfigure-1.2.5.jar!/, jar:file:/E:/2zynt/工作项目/CRMEB-JAVA-ET-V1.2(2025.4.25)/et_java/crmeb-front/target/Crmeb-front.jar!/BOOT-INF/lib/pagehelper-5.1.4.jar!/, jar:file:/E:/2zynt/工作项目/CRMEB-JAVA-ET-V1.2(2025.4.25)/et_java/crmeb-front/target/Crmeb-front.jar!/BOOT-INF/lib/jsqlparser-1.0.jar!/, jar:file:/E:/2zynt/工作项目/CRMEB-JAVA-ET-V1.2(2025.4.25)/et_java/crmeb-front/target/Crmeb-front.jar!/BOOT-INF/lib/validation-api-1.1.0.Final.jar!/, jar:file:/E:/2zynt/工作项目/CRMEB-JAVA-ET-V1.2(2025.4.25)/et_java/crmeb-front/target/Crmeb-front.jar!/BOOT-INF/lib/spring-data-commons-2.2.6.RELEASE.jar!/, jar:file:/E:/2zynt/工作项目/CRMEB-JAVA-ET-V1.2(2025.4.25)/et_java/crmeb-front/target/Crmeb-front.jar!/BOOT-INF/lib/spring-beans-5.2.5.RELEASE.jar!/, jar:file:/E:/2zynt/工作项目/CRMEB-JAVA-ET-V1.2(2025.4.25)/et_java/crmeb-front/target/Crmeb-front.jar!/BOOT-INF/lib/hutool-all-4.5.7.jar!/, jar:file:/E:/2zynt/工作项目/CRMEB-JAVA-ET-V1.2(2025.4.25)/et_java/crmeb-front/target/Crmeb-front.jar!/BOOT-INF/lib/spring-boot-starter-actuator-2.2.6.RELEASE.jar!/, jar:file:/E:/2zynt/工作项目/CRMEB-JAVA-ET-V1.2(2025.4.25)/et_java/crmeb-front/target/Crmeb-front.jar!/BOOT-INF/lib/spring-boot-actuator-autoconfigure-2.2.6.RELEASE.jar!/, jar:file:/E:/2zynt/工作项目/CRMEB-JAVA-ET-V1.2(2025.4.25)/et_java/crmeb-front/target/Crmeb-front.jar!/BOOT-INF/lib/spring-boot-actuator-2.2.6.RELEASE.jar!/, jar:file:/E:/2zynt/工作项目/CRMEB-JAVA-ET-V1.2(2025.4.25)/et_java/crmeb-front/target/Crmeb-front.jar!/BOOT-INF/lib/micrometer-core-1.3.6.jar!/, jar:file:/E:/2zynt/工作项目/CRMEB-JAVA-ET-V1.2(2025.4.25)/et_java/crmeb-front/target/Crmeb-front.jar!/BOOT-INF/lib/HdrHistogram-2.1.11.jar!/, jar:file:/E:/2zynt/工作项目/CRMEB-JAVA-ET-V1.2(2025.4.25)/et_java/crmeb-front/target/Crmeb-front.jar!/BOOT-INF/lib/LatencyUtils-2.0.3.jar!/, jar:file:/E:/2zynt/工作项目/CRMEB-JAVA-ET-V1.2(2025.4.25)/et_java/crmeb-front/target/Crmeb-front.jar!/BOOT-INF/lib/httpclient-4.5.6.jar!/, jar:file:/E:/2zynt/工作项目/CRMEB-JAVA-ET-V1.2(2025.4.25)/et_java/crmeb-front/target/Crmeb-front.jar!/BOOT-INF/lib/httpcore-4.4.13.jar!/, jar:file:/E:/2zynt/工作项目/CRMEB-JAVA-ET-V1.2(2025.4.25)/et_java/crmeb-front/target/Crmeb-front.jar!/BOOT-INF/lib/commons-logging-1.2.jar!/, jar:file:/E:/2zynt/工作项目/CRMEB-JAVA-ET-V1.2(2025.4.25)/et_java/crmeb-front/target/Crmeb-front.jar!/BOOT-INF/lib/commons-codec-1.13.jar!/, jar:file:/E:/2zynt/工作项目/CRMEB-JAVA-ET-V1.2(2025.4.25)/et_java/crmeb-front/target/Crmeb-front.jar!/BOOT-INF/lib/spring-boot-starter-aop-2.2.6.RELEASE.jar!/, jar:file:/E:/2zynt/工作项目/CRMEB-JAVA-ET-V1.2(2025.4.25)/et_java/crmeb-front/target/Crmeb-front.jar!/BOOT-INF/lib/spring-aop-5.2.5.RELEASE.jar!/, jar:file:/E:/2zynt/工作项目/CRMEB-JAVA-ET-V1.2(2025.4.25)/et_java/crmeb-front/target/Crmeb-front.jar!/BOOT-INF/lib/aspectjweaver-1.9.5.jar!/, jar:file:/E:/2zynt/工作项目/CRMEB-JAVA-ET-V1.2(2025.4.25)/et_java/crmeb-front/target/Crmeb-front.jar!/BOOT-INF/lib/commons-lang3-3.10.jar!/, jar:file:/E:/2zynt/工作项目/CRMEB-JAVA-ET-V1.2(2025.4.25)/et_java/crmeb-front/target/Crmeb-front.jar!/BOOT-INF/lib/poi-3.17.jar!/, jar:file:/E:/2zynt/工作项目/CRMEB-JAVA-ET-V1.2(2025.4.25)/et_java/crmeb-front/target/Crmeb-front.jar!/BOOT-INF/lib/commons-collections4-4.1.jar!/, jar:file:/E:/2zynt/工作项目/CRMEB-JAVA-ET-V1.2(2025.4.25)/et_java/crmeb-front/target/Crmeb-front.jar!/BOOT-INF/lib/poi-ooxml-3.17.jar!/, jar:file:/E:/2zynt/工作项目/CRMEB-JAVA-ET-V1.2(2025.4.25)/et_java/crmeb-front/target/Crmeb-front.jar!/BOOT-INF/lib/poi-ooxml-schemas-3.17.jar!/, jar:file:/E:/2zynt/工作项目/CRMEB-JAVA-ET-V1.2(2025.4.25)/et_java/crmeb-front/target/Crmeb-front.jar!/BOOT-INF/lib/xmlbeans-2.6.0.jar!/, jar:file:/E:/2zynt/工作项目/CRMEB-JAVA-ET-V1.2(2025.4.25)/et_java/crmeb-front/target/Crmeb-front.jar!/BOOT-INF/lib/curvesapi-1.04.jar!/, jar:file:/E:/2zynt/工作项目/CRMEB-JAVA-ET-V1.2(2025.4.25)/et_java/crmeb-front/target/Crmeb-front.jar!/BOOT-INF/lib/commons-fileupload-1.3.3.jar!/, jar:file:/E:/2zynt/工作项目/CRMEB-JAVA-ET-V1.2(2025.4.25)/et_java/crmeb-front/target/Crmeb-front.jar!/BOOT-INF/lib/commons-io-2.4.jar!/, jar:file:/E:/2zynt/工作项目/CRMEB-JAVA-ET-V1.2(2025.4.25)/et_java/crmeb-front/target/Crmeb-front.jar!/BOOT-INF/lib/aliyun-sdk-oss-3.5.0.jar!/, jar:file:/E:/2zynt/工作项目/CRMEB-JAVA-ET-V1.2(2025.4.25)/et_java/crmeb-front/target/Crmeb-front.jar!/BOOT-INF/lib/jdom-1.1.jar!/, jar:file:/E:/2zynt/工作项目/CRMEB-JAVA-ET-V1.2(2025.4.25)/et_java/crmeb-front/target/Crmeb-front.jar!/BOOT-INF/lib/jettison-1.1.jar!/, jar:file:/E:/2zynt/工作项目/CRMEB-JAVA-ET-V1.2(2025.4.25)/et_java/crmeb-front/target/Crmeb-front.jar!/BOOT-INF/lib/stax-api-1.0.1.jar!/, jar:file:/E:/2zynt/工作项目/CRMEB-JAVA-ET-V1.2(2025.4.25)/et_java/crmeb-front/target/Crmeb-front.jar!/BOOT-INF/lib/aliyun-java-sdk-core-3.4.0.jar!/, jar:file:/E:/2zynt/工作项目/CRMEB-JAVA-ET-V1.2(2025.4.25)/et_java/crmeb-front/target/Crmeb-front.jar!/BOOT-INF/lib/aliyun-java-sdk-ram-3.0.0.jar!/, jar:file:/E:/2zynt/工作项目/CRMEB-JAVA-ET-V1.2(2025.4.25)/et_java/crmeb-front/target/Crmeb-front.jar!/BOOT-INF/lib/aliyun-java-sdk-sts-3.0.0.jar!/, jar:file:/E:/2zynt/工作项目/CRMEB-JAVA-ET-V1.2(2025.4.25)/et_java/crmeb-front/target/Crmeb-front.jar!/BOOT-INF/lib/aliyun-java-sdk-ecs-4.2.0.jar!/, jar:file:/E:/2zynt/工作项目/CRMEB-JAVA-ET-V1.2(2025.4.25)/et_java/crmeb-front/target/Crmeb-front.jar!/BOOT-INF/lib/cos_api-5.6.22.jar!/, jar:file:/E:/2zynt/工作项目/CRMEB-JAVA-ET-V1.2(2025.4.25)/et_java/crmeb-front/target/Crmeb-front.jar!/BOOT-INF/lib/joda-time-2.10.5.jar!/, jar:file:/E:/2zynt/工作项目/CRMEB-JAVA-ET-V1.2(2025.4.25)/et_java/crmeb-front/target/Crmeb-front.jar!/BOOT-INF/lib/bcprov-jdk15on-1.64.jar!/, jar:file:/E:/2zynt/工作项目/CRMEB-JAVA-ET-V1.2(2025.4.25)/et_java/crmeb-front/target/Crmeb-front.jar!/BOOT-INF/lib/qiniu-java-sdk-7.2.28.jar!/, jar:file:/E:/2zynt/工作项目/CRMEB-JAVA-ET-V1.2(2025.4.25)/et_java/crmeb-front/target/Crmeb-front.jar!/BOOT-INF/lib/okhttp-3.14.7.jar!/, jar:file:/E:/2zynt/工作项目/CRMEB-JAVA-ET-V1.2(2025.4.25)/et_java/crmeb-front/target/Crmeb-front.jar!/BOOT-INF/lib/okio-1.17.2.jar!/, jar:file:/E:/2zynt/工作项目/CRMEB-JAVA-ET-V1.2(2025.4.25)/et_java/crmeb-front/target/Crmeb-front.jar!/BOOT-INF/lib/gson-2.8.6.jar!/, jar:file:/E:/2zynt/工作项目/CRMEB-JAVA-ET-V1.2(2025.4.25)/et_java/crmeb-front/target/Crmeb-front.jar!/BOOT-INF/lib/dom4j-1.6.1.jar!/, jar:file:/E:/2zynt/工作项目/CRMEB-JAVA-ET-V1.2(2025.4.25)/et_java/crmeb-front/target/Crmeb-front.jar!/BOOT-INF/lib/xml-apis-1.0.b2.jar!/, jar:file:/E:/2zynt/工作项目/CRMEB-JAVA-ET-V1.2(2025.4.25)/et_java/crmeb-front/target/Crmeb-front.jar!/BOOT-INF/lib/xstream-1.4.10.jar!/, jar:file:/E:/2zynt/工作项目/CRMEB-JAVA-ET-V1.2(2025.4.25)/et_java/crmeb-front/target/Crmeb-front.jar!/BOOT-INF/lib/xmlpull-1.1.3.1.jar!/, jar:file:/E:/2zynt/工作项目/CRMEB-JAVA-ET-V1.2(2025.4.25)/et_java/crmeb-front/target/Crmeb-front.jar!/BOOT-INF/lib/xpp3_min-1.1.4c.jar!/, jar:file:/E:/2zynt/工作项目/CRMEB-JAVA-ET-V1.2(2025.4.25)/et_java/crmeb-front/target/Crmeb-front.jar!/BOOT-INF/lib/httpmime-4.5.2.jar!/, jar:file:/E:/2zynt/工作项目/CRMEB-JAVA-ET-V1.2(2025.4.25)/et_java/crmeb-front/target/Crmeb-front.jar!/BOOT-INF/lib/jjwt-0.9.1.jar!/, jar:file:/E:/2zynt/工作项目/CRMEB-JAVA-ET-V1.2(2025.4.25)/et_java/crmeb-front/target/Crmeb-front.jar!/BOOT-INF/lib/jwks-rsa-0.9.0.jar!/, jar:file:/E:/2zynt/工作项目/CRMEB-JAVA-ET-V1.2(2025.4.25)/et_java/crmeb-front/target/Crmeb-front.jar!/BOOT-INF/lib/spring-boot-starter-security-2.2.6.RELEASE.jar!/, jar:file:/E:/2zynt/工作项目/CRMEB-JAVA-ET-V1.2(2025.4.25)/et_java/crmeb-front/target/Crmeb-front.jar!/BOOT-INF/lib/spring-security-config-5.2.2.RELEASE.jar!/, jar:file:/E:/2zynt/工作项目/CRMEB-JAVA-ET-V1.2(2025.4.25)/et_java/crmeb-front/target/Crmeb-front.jar!/BOOT-INF/lib/spring-security-core-5.2.2.RELEASE.jar!/, jar:file:/E:/2zynt/工作项目/CRMEB-JAVA-ET-V1.2(2025.4.25)/et_java/crmeb-front/target/Crmeb-front.jar!/BOOT-INF/lib/spring-security-web-5.2.2.RELEASE.jar!/, jar:file:/E:/2zynt/工作项目/CRMEB-JAVA-ET-V1.2(2025.4.25)/et_java/crmeb-front/target/Crmeb-front.jar!/BOOT-INF/lib/spring-boot-starter-mail-2.2.6.RELEASE.jar!/, jar:file:/E:/2zynt/工作项目/CRMEB-JAVA-ET-V1.2(2025.4.25)/et_java/crmeb-front/target/Crmeb-front.jar!/BOOT-INF/lib/spring-context-support-5.2.5.RELEASE.jar!/, jar:file:/E:/2zynt/工作项目/CRMEB-JAVA-ET-V1.2(2025.4.25)/et_java/crmeb-front/target/Crmeb-front.jar!/BOOT-INF/lib/jakarta.mail-1.6.5.jar!/, jar:file:/E:/2zynt/工作项目/CRMEB-JAVA-ET-V1.2(2025.4.25)/et_java/crmeb-front/target/Crmeb-front.jar!/BOOT-INF/lib/jakarta.activation-1.2.2.jar!/, jar:file:/E:/2zynt/工作项目/CRMEB-JAVA-ET-V1.2(2025.4.25)/et_java/crmeb-front/target/Crmeb-front.jar!/BOOT-INF/lib/checkout-sdk-1.0.4.jar!/, jar:file:/E:/2zynt/工作项目/CRMEB-JAVA-ET-V1.2(2025.4.25)/et_java/crmeb-front/target/Crmeb-front.jar!/BOOT-INF/lib/paypalhttp-1.0.2.jar!/, jar:file:/E:/2zynt/工作项目/CRMEB-JAVA-ET-V1.2(2025.4.25)/et_java/crmeb-front/target/Crmeb-front.jar!/BOOT-INF/lib/dysmsapi20170525-2.0.8.jar!/, jar:file:/E:/2zynt/工作项目/CRMEB-JAVA-ET-V1.2(2025.4.25)/et_java/crmeb-front/target/Crmeb-front.jar!/BOOT-INF/lib/tea-util-0.2.13.jar!/, jar:file:/E:/2zynt/工作项目/CRMEB-JAVA-ET-V1.2(2025.4.25)/et_java/crmeb-front/target/Crmeb-front.jar!/BOOT-INF/lib/endpoint-util-0.0.6.jar!/, jar:file:/E:/2zynt/工作项目/CRMEB-JAVA-ET-V1.2(2025.4.25)/et_java/crmeb-front/target/Crmeb-front.jar!/BOOT-INF/lib/tea-1.1.14.jar!/, jar:file:/E:/2zynt/工作项目/CRMEB-JAVA-ET-V1.2(2025.4.25)/et_java/crmeb-front/target/Crmeb-front.jar!/BOOT-INF/lib/org.jacoco.agent-0.8.4-runtime.jar!/, jar:file:/E:/2zynt/工作项目/CRMEB-JAVA-ET-V1.2(2025.4.25)/et_java/crmeb-front/target/Crmeb-front.jar!/BOOT-INF/lib/tea-openapi-0.1.6.jar!/, jar:file:/E:/2zynt/工作项目/CRMEB-JAVA-ET-V1.2(2025.4.25)/et_java/crmeb-front/target/Crmeb-front.jar!/BOOT-INF/lib/credentials-java-0.2.4.jar!/, jar:file:/E:/2zynt/工作项目/CRMEB-JAVA-ET-V1.2(2025.4.25)/et_java/crmeb-front/target/Crmeb-front.jar!/BOOT-INF/lib/ini4j-0.5.4.jar!/, jar:file:/E:/2zynt/工作项目/CRMEB-JAVA-ET-V1.2(2025.4.25)/et_java/crmeb-front/target/Crmeb-front.jar!/BOOT-INF/lib/jaxb-api-2.3.1.jar!/, jar:file:/E:/2zynt/工作项目/CRMEB-JAVA-ET-V1.2(2025.4.25)/et_java/crmeb-front/target/Crmeb-front.jar!/BOOT-INF/lib/javax.activation-api-1.2.0.jar!/, jar:file:/E:/2zynt/工作项目/CRMEB-JAVA-ET-V1.2(2025.4.25)/et_java/crmeb-front/target/Crmeb-front.jar!/BOOT-INF/lib/jaxb-core-2.3.0.jar!/, jar:file:/E:/2zynt/工作项目/CRMEB-JAVA-ET-V1.2(2025.4.25)/et_java/crmeb-front/target/Crmeb-front.jar!/BOOT-INF/lib/jaxb-impl-2.3.0.jar!/, jar:file:/E:/2zynt/工作项目/CRMEB-JAVA-ET-V1.2(2025.4.25)/et_java/crmeb-front/target/Crmeb-front.jar!/BOOT-INF/lib/openapiutil-0.1.13.jar!/, jar:file:/E:/2zynt/工作项目/CRMEB-JAVA-ET-V1.2(2025.4.25)/et_java/crmeb-front/target/Crmeb-front.jar!/BOOT-INF/lib/sdk-core-java-1.1.7.jar!/, jar:file:/E:/2zynt/工作项目/CRMEB-JAVA-ET-V1.2(2025.4.25)/et_java/crmeb-front/target/Crmeb-front.jar!/BOOT-INF/lib/juniversalchardet-1.0.3.jar!/, jar:file:/E:/2zynt/工作项目/CRMEB-JAVA-ET-V1.2(2025.4.25)/et_java/crmeb-front/target/Crmeb-front.jar!/BOOT-INF/lib/plexus-digest-1.0.jar!/, jar:file:/E:/2zynt/工作项目/CRMEB-JAVA-ET-V1.2(2025.4.25)/et_java/crmeb-front/target/Crmeb-front.jar!/BOOT-INF/lib/plexus-container-default-1.0-alpha-8.jar!/, jar:file:/E:/2zynt/工作项目/CRMEB-JAVA-ET-V1.2(2025.4.25)/et_java/crmeb-front/target/Crmeb-front.jar!/BOOT-INF/lib/plexus-utils-1.0.4.jar!/, jar:file:/E:/2zynt/工作项目/CRMEB-JAVA-ET-V1.2(2025.4.25)/et_java/crmeb-front/target/Crmeb-front.jar!/BOOT-INF/lib/classworlds-1.1-alpha-2.jar!/, jar:file:/E:/2zynt/工作项目/CRMEB-JAVA-ET-V1.2(2025.4.25)/et_java/crmeb-front/target/Crmeb-front.jar!/BOOT-INF/lib/stripe-java-20.124.0.jar!/, jar:file:/E:/2zynt/工作项目/CRMEB-JAVA-ET-V1.2(2025.4.25)/et_java/crmeb-front/target/Crmeb-front.jar!/BOOT-INF/lib/weixin-java-pay-4.5.0.jar!/, jar:file:/E:/2zynt/工作项目/CRMEB-JAVA-ET-V1.2(2025.4.25)/et_java/crmeb-front/target/Crmeb-front.jar!/BOOT-INF/lib/weixin-java-common-4.5.0.jar!/, jar:file:/E:/2zynt/工作项目/CRMEB-JAVA-ET-V1.2(2025.4.25)/et_java/crmeb-front/target/Crmeb-front.jar!/BOOT-INF/lib/jcl-over-slf4j-1.7.30.jar!/, jar:file:/E:/2zynt/工作项目/CRMEB-JAVA-ET-V1.2(2025.4.25)/et_java/crmeb-front/target/Crmeb-front.jar!/BOOT-INF/lib/dom4j-2.1.3.jar!/, jar:file:/E:/2zynt/工作项目/CRMEB-JAVA-ET-V1.2(2025.4.25)/et_java/crmeb-front/target/Crmeb-front.jar!/BOOT-INF/lib/qrcode-utils-1.1.jar!/, jar:file:/E:/2zynt/工作项目/CRMEB-JAVA-ET-V1.2(2025.4.25)/et_java/crmeb-front/target/Crmeb-front.jar!/BOOT-INF/lib/bcpkix-jdk15on-1.68.jar!/, jar:file:/E:/2zynt/工作项目/CRMEB-JAVA-ET-V1.2(2025.4.25)/et_java/crmeb-front/target/Crmeb-front.jar!/BOOT-INF/lib/jodd-http-6.2.1.jar!/, jar:file:/E:/2zynt/工作项目/CRMEB-JAVA-ET-V1.2(2025.4.25)/et_java/crmeb-front/target/Crmeb-front.jar!/BOOT-INF/lib/jodd-util-6.1.0.jar!/, jar:file:/E:/2zynt/工作项目/CRMEB-JAVA-ET-V1.2(2025.4.25)/et_java/crmeb-front/target/Crmeb-front.jar!/BOOT-INF/lib/javase-3.3.3.jar!/, jar:file:/E:/2zynt/工作项目/CRMEB-JAVA-ET-V1.2(2025.4.25)/et_java/crmeb-front/target/Crmeb-front.jar!/BOOT-INF/lib/core-3.3.3.jar!/, jar:file:/E:/2zynt/工作项目/CRMEB-JAVA-ET-V1.2(2025.4.25)/et_java/crmeb-front/target/Crmeb-front.jar!/BOOT-INF/lib/jcommander-1.72.jar!/, jar:file:/E:/2zynt/工作项目/CRMEB-JAVA-ET-V1.2(2025.4.25)/et_java/crmeb-front/target/Crmeb-front.jar!/BOOT-INF/lib/jai-imageio-core-1.4.0.jar!/, jar:file:/E:/2zynt/工作项目/CRMEB-JAVA-ET-V1.2(2025.4.25)/et_java/crmeb-front/target/Crmeb-front.jar!/BOOT-INF/lib/google-api-client-1.30.10.jar!/, jar:file:/E:/2zynt/工作项目/CRMEB-JAVA-ET-V1.2(2025.4.25)/et_java/crmeb-front/target/Crmeb-front.jar!/BOOT-INF/lib/google-oauth-client-1.31.0.jar!/, jar:file:/E:/2zynt/工作项目/CRMEB-JAVA-ET-V1.2(2025.4.25)/et_java/crmeb-front/target/Crmeb-front.jar!/BOOT-INF/lib/google-http-client-1.35.0.jar!/, jar:file:/E:/2zynt/工作项目/CRMEB-JAVA-ET-V1.2(2025.4.25)/et_java/crmeb-front/target/Crmeb-front.jar!/BOOT-INF/lib/opencensus-api-0.24.0.jar!/, jar:file:/E:/2zynt/工作项目/CRMEB-JAVA-ET-V1.2(2025.4.25)/et_java/crmeb-front/target/Crmeb-front.jar!/BOOT-INF/lib/grpc-context-1.22.1.jar!/, jar:file:/E:/2zynt/工作项目/CRMEB-JAVA-ET-V1.2(2025.4.25)/et_java/crmeb-front/target/Crmeb-front.jar!/BOOT-INF/lib/opencensus-contrib-http-util-0.24.0.jar!/, jar:file:/E:/2zynt/工作项目/CRMEB-JAVA-ET-V1.2(2025.4.25)/et_java/crmeb-front/target/Crmeb-front.jar!/BOOT-INF/lib/jsr305-3.0.2.jar!/, jar:file:/E:/2zynt/工作项目/CRMEB-JAVA-ET-V1.2(2025.4.25)/et_java/crmeb-front/target/Crmeb-front.jar!/BOOT-INF/lib/google-http-client-jackson2-1.36.0.jar!/, jar:file:/E:/2zynt/工作项目/CRMEB-JAVA-ET-V1.2(2025.4.25)/et_java/crmeb-front/target/Crmeb-front.jar!/BOOT-INF/lib/jackson-core-2.10.3.jar!/, jar:file:/E:/2zynt/工作项目/CRMEB-JAVA-ET-V1.2(2025.4.25)/et_java/crmeb-front/target/Crmeb-front.jar!/BOOT-INF/lib/guava-29.0-android.jar!/, jar:file:/E:/2zynt/工作项目/CRMEB-JAVA-ET-V1.2(2025.4.25)/et_java/crmeb-front/target/Crmeb-front.jar!/BOOT-INF/lib/failureaccess-1.0.1.jar!/, jar:file:/E:/2zynt/工作项目/CRMEB-JAVA-ET-V1.2(2025.4.25)/et_java/crmeb-front/target/Crmeb-front.jar!/BOOT-INF/lib/listenablefuture-9999.0-empty-to-avoid-conflict-with-guava.jar!/, jar:file:/E:/2zynt/工作项目/CRMEB-JAVA-ET-V1.2(2025.4.25)/et_java/crmeb-front/target/Crmeb-front.jar!/BOOT-INF/lib/checker-compat-qual-2.5.5.jar!/, jar:file:/E:/2zynt/工作项目/CRMEB-JAVA-ET-V1.2(2025.4.25)/et_java/crmeb-front/target/Crmeb-front.jar!/BOOT-INF/lib/error_prone_annotations-2.3.4.jar!/, jar:file:/E:/2zynt/工作项目/CRMEB-JAVA-ET-V1.2(2025.4.25)/et_java/crmeb-front/target/Crmeb-front.jar!/BOOT-INF/lib/j2objc-annotations-1.3.jar!/, jar:file:/E:/2zynt/工作项目/CRMEB-JAVA-ET-V1.2(2025.4.25)/et_java/crmeb-front/target/Crmeb-front.jar!/BOOT-INF/lib/twitter4j-core-4.0.7.jar!/, jar:file:/E:/2zynt/工作项目/CRMEB-JAVA-ET-V1.2(2025.4.25)/et_java/crmeb-front/target/Crmeb-front.jar!/BOOT-INF/lib/spring-boot-jarmode-layertools-2.6.6.jar!/]" }
                    
{
                    "app": "Crmeb",
                    "timestamp":"2025-09-18 18:18:02.516",
                    "level": "DEBUG",
                    "thread": "main",
                    "class": "o.springframework.boot.SpringApplication",
                    "message": "Loading source class com.zbkj.front.CrmebFrontApplication" }
                    
{
                    "app": "Crmeb",
                    "timestamp":"2025-09-18 18:18:02.560",
                    "level": "DEBUG",
                    "thread": "main",
                    "class": "o.s.b.c.c.ConfigFileApplicationListener",
                    "message": "Loaded config file 'jar:file:/E:/2zynt/%E5%B7%A5%E4%BD%9C%E9%A1%B9%E7%9B%AE/CRMEB-JAVA-ET-V1.2(2025.4.25)/et_java/crmeb-front/target/Crmeb-front.jar!/BOOT-INF/classes!/application.yml' (classpath:/application.yml)" }
                    
{
                    "app": "Crmeb",
                    "timestamp":"2025-09-18 18:18:02.561",
                    "level": "DEBUG",
                    "thread": "main",
                    "class": "o.s.b.w.s.c.AnnotationConfigServletWebServerApplicationContext",
                    "message": "Refreshing org.springframework.boot.web.servlet.context.AnnotationConfigServletWebServerApplicationContext@68be2bc2" }
                    
{
                    "app": "Crmeb",
                    "timestamp":"2025-09-18 18:18:04.633",
                    "level": "DEBUG",
                    "thread": "main",
                    "class": "o.s.b.w.e.t.TomcatServletWebServerFactory",
                    "message": "Code archive: E:\2zynt\工作项目\CRMEB-JAVA-ET-V1.2(2025.4.25)\et_java\crmeb-front\target\Crmeb-front.jar" }
                    
{
                    "app": "Crmeb",
                    "timestamp":"2025-09-18 18:18:04.636",
                    "level": "DEBUG",
                    "thread": "main",
                    "class": "o.s.b.w.e.t.TomcatServletWebServerFactory",
                    "message": "Code archive: E:\2zynt\工作项目\CRMEB-JAVA-ET-V1.2(2025.4.25)\et_java\crmeb-front\target\Crmeb-front.jar" }
                    
{
                    "app": "Crmeb",
                    "timestamp":"2025-09-18 18:18:04.642",
                    "level": "DEBUG",
                    "thread": "main",
                    "class": "o.s.b.w.e.t.TomcatServletWebServerFactory",
                    "message": "None of the document roots [src/main/webapp, public, static] point to a directory and will be ignored." }
                    
{
                    "app": "Crmeb",
                    "timestamp":"2025-09-18 18:18:05.121",
                    "level": "DEBUG",
                    "thread": "main",
                    "class": "o.s.web.context.ContextLoader",
                    "message": "Published root WebApplicationContext as ServletContext attribute with name [org.springframework.web.context.WebApplicationContext.ROOT]" }
                    
{
                    "app": "Crmeb",
                    "timestamp":"2025-09-18 18:18:05.691",
                    "level": "DEBUG",
                    "thread": "main",
                    "class": "o.s.b.w.s.ServletContextInitializerBeans",
                    "message": "Mapping filters: filterRegistrationBean urls=[/*] order=-2147483647, springSecurityFilterChain urls=[/*] order=-100, filterRegistrationBean urls=[/*] order=2147483647, filterRegistrationBean urls=[/*] order=2147483647, characterEncodingFilter urls=[/*] order=-2147483648, formContentFilter urls=[/*] order=-9900, requestContextFilter urls=[/*] order=-105, corsFilter urls=[/*] order=2147483647" }
                    
{
                    "app": "Crmeb",
                    "timestamp":"2025-09-18 18:18:05.692",
                    "level": "DEBUG",
                    "thread": "main",
                    "class": "o.s.b.w.s.ServletContextInitializerBeans",
                    "message": "Mapping servlets: statViewServlet urls=[/druid/*], dispatcherServlet urls=[/]" }
                    
{
                    "app": "Crmeb",
                    "timestamp":"2025-09-18 18:18:05.738",
                    "level": "DEBUG",
                    "thread": "main",
                    "class": "o.s.b.a.m.w.servlet.WebMvcMetricsFilter",
                    "message": "Filter 'webMvcMetricsFilter' configured for use" }
                    
{
                    "app": "Crmeb",
                    "timestamp":"2025-09-18 18:18:05.739",
                    "level": "DEBUG",
                    "thread": "main",
                    "class": "o.s.b.w.s.f.OrderedRequestContextFilter",
                    "message": "Filter 'requestContextFilter' configured for use" }
                    
{
                    "app": "Crmeb",
                    "timestamp":"2025-09-18 18:18:05.741",
                    "level": "DEBUG",
                    "thread": "main",
                    "class": "o.springframework.web.filter.CorsFilter",
                    "message": "Filter 'corsFilter' configured for use" }
                    
{
                    "app": "Crmeb",
                    "timestamp":"2025-09-18 18:18:05.742",
                    "level": "DEBUG",
                    "thread": "main",
                    "class": "o.s.b.w.s.f.OrderedCharacterEncodingFilter",
                    "message": "Filter 'characterEncodingFilter' configured for use" }
                    
{
                    "app": "Crmeb",
                    "timestamp":"2025-09-18 18:18:05.742",
                    "level": "DEBUG",
                    "thread": "main",
                    "class": "o.s.b.w.s.DelegatingFilterProxyRegistrationBean$1",
                    "message": "Filter 'springSecurityFilterChain' configured for use" }
                    
{
                    "app": "Crmeb",
                    "timestamp":"2025-09-18 18:18:05.743",
                    "level": "DEBUG",
                    "thread": "main",
                    "class": "o.s.b.w.s.f.OrderedFormContentFilter",
                    "message": "Filter 'formContentFilter' configured for use" }
                    
{
                    "app": "Crmeb",
                    "timestamp":"2025-09-18 18:18:10.642",
                    "level": "DEBUG",
                    "thread": "main",
                    "class": "o.s.w.s.m.m.a.RequestMappingHandlerMapping",
                    "message": "151 mappings in 'requestMappingHandlerMapping'" }
                    
{
                    "app": "Crmeb",
                    "timestamp":"2025-09-18 18:18:11.005",
                    "level": "DEBUG",
                    "thread": "main",
                    "class": "o.s.w.s.m.m.a.RequestMappingHandlerAdapter",
                    "message": "ControllerAdvice beans: 0 @ModelAttribute, 0 @InitBinder, 1 RequestBodyAdvice, 1 ResponseBodyAdvice" }
                    
{
                    "app": "Crmeb",
                    "timestamp":"2025-09-18 18:18:11.092",
                    "level": "DEBUG",
                    "thread": "main",
                    "class": "o.s.w.s.handler.SimpleUrlHandlerMapping",
                    "message": "Patterns [/webjars/**, /**, /doc.html] in 'resourceHandlerMapping'" }
                    
{
                    "app": "Crmeb",
                    "timestamp":"2025-09-18 18:18:11.105",
                    "level": "DEBUG",
                    "thread": "main",
                    "class": "o.s.w.s.m.m.a.ExceptionHandlerExceptionResolver",
                    "message": "ControllerAdvice beans: 1 @ExceptionHandler, 1 ResponseBodyAdvice" }
                    
{
                    "app": "Crmeb",
                    "timestamp":"2025-09-18 18:18:31.236",
                    "level": "DEBUG",
                    "thread": "http-nio-8081-exec-3",
                    "class": "o.s.web.servlet.DispatcherServlet",
                    "message": "Detected StandardServletMultipartResolver" }
                    
{
                    "app": "Crmeb",
                    "timestamp":"2025-09-18 18:18:31.236",
                    "level": "DEBUG",
                    "thread": "http-nio-8081-exec-3",
                    "class": "o.s.web.servlet.DispatcherServlet",
                    "message": "Detected I18nLocaleResolver" }
                    
{
                    "app": "Crmeb",
                    "timestamp":"2025-09-18 18:18:31.242",
                    "level": "DEBUG",
                    "thread": "http-nio-8081-exec-3",
                    "class": "o.s.web.servlet.DispatcherServlet",
                    "message": "enableLoggingRequestDetails='false': request parameters and headers will be masked to prevent unsafe logging of potentially sensitive data" }
                    
{
                    "app": "Crmeb",
                    "timestamp":"2025-09-18 18:18:31.278",
                    "level": "DEBUG",
                    "thread": "http-nio-8081-exec-7",
                    "class": "o.s.web.servlet.DispatcherServlet",
                    "message": "GET "/api/front/activity/index/list", parameters={}" }
                    
{
                    "app": "Crmeb",
                    "timestamp":"2025-09-18 18:18:31.278",
                    "level": "DEBUG",
                    "thread": "http-nio-8081-exec-4",
                    "class": "o.s.web.servlet.DispatcherServlet",
                    "message": "GET "/api/front/product/leaderboard", parameters={}" }
                    
{
                    "app": "Crmeb",
                    "timestamp":"2025-09-18 18:18:31.278",
                    "level": "DEBUG",
                    "thread": "http-nio-8081-exec-10",
                    "class": "o.s.web.servlet.DispatcherServlet",
                    "message": "GET "/api/pc/home/index", parameters={}" }
                    
{
                    "app": "Crmeb",
                    "timestamp":"2025-09-18 18:18:31.278",
                    "level": "DEBUG",
                    "thread": "http-nio-8081-exec-11",
                    "class": "o.s.web.servlet.DispatcherServlet",
                    "message": "GET "/api/front/index/product?page=1&limit=13", parameters={masked}" }
                    
{
                    "app": "Crmeb",
                    "timestamp":"2025-09-18 18:18:31.278",
                    "level": "DEBUG",
                    "thread": "http-nio-8081-exec-8",
                    "class": "o.s.web.servlet.DispatcherServlet",
                    "message": "GET "/api/front/merchant/street", parameters={}" }
                    
{
                    "app": "Crmeb",
                    "timestamp":"2025-09-18 18:18:31.282",
                    "level": "DEBUG",
                    "thread": "http-nio-8081-exec-7",
                    "class": "o.s.w.s.m.m.a.RequestMappingHandlerMapping",
                    "message": "Mapped to com.zbkj.front.controller.ActivityController#getIndexList()" }
                    
{
                    "app": "Crmeb",
                    "timestamp":"2025-09-18 18:18:31.282",
                    "level": "DEBUG",
                    "thread": "http-nio-8081-exec-10",
                    "class": "o.s.w.s.m.m.a.RequestMappingHandlerMapping",
                    "message": "Mapped to com.zbkj.front.pc.controller.PcIndexController#getIndexInfo()" }
                    
{
                    "app": "Crmeb",
                    "timestamp":"2025-09-18 18:18:31.282",
                    "level": "DEBUG",
                    "thread": "http-nio-8081-exec-4",
                    "class": "o.s.w.s.m.m.a.RequestMappingHandlerMapping",
                    "message": "Mapped to com.zbkj.front.controller.ProductController#getLeaderboard()" }
                    
{
                    "app": "Crmeb",
                    "timestamp":"2025-09-18 18:18:31.282",
                    "level": "DEBUG",
                    "thread": "http-nio-8081-exec-8",
                    "class": "o.s.w.s.m.m.a.RequestMappingHandlerMapping",
                    "message": "Mapped to com.zbkj.front.controller.MerchantController#getStreet(PageParamRequest)" }
                    
{
                    "app": "Crmeb",
                    "timestamp":"2025-09-18 18:18:31.282",
                    "level": "DEBUG",
                    "thread": "http-nio-8081-exec-11",
                    "class": "o.s.w.s.m.m.a.RequestMappingHandlerMapping",
                    "message": "Mapped to com.zbkj.front.controller.IndexController#getProductList(PageParamRequest)" }
                    
{
                    "app": "Crmeb",
                    "timestamp":"2025-09-18 18:18:31.548",
                    "level": "DEBUG",
                    "thread": "http-nio-8081-exec-4",
                    "class": "o.s.w.s.m.m.a.RequestResponseBodyMethodProcessor",
                    "message": "Using 'application/json', given [application/json, text/plain, */*] and supported [application/json, application/*+json, application/json, application/*+json]" }
                    
{
                    "app": "Crmeb",
                    "timestamp":"2025-09-18 18:18:31.549",
                    "level": "DEBUG",
                    "thread": "http-nio-8081-exec-4",
                    "class": "o.s.w.s.m.m.a.RequestResponseBodyMethodProcessor",
                    "message": "Writing [com.zbkj.common.response.CommonResult@6559dbe4]" }
                    
{
                    "app": "Crmeb",
                    "timestamp":"2025-09-18 18:18:31.564",
                    "level": "DEBUG",
                    "thread": "http-nio-8081-exec-4",
                    "class": "o.s.web.servlet.DispatcherServlet",
                    "message": "Completed 200 OK" }
                    
{
                    "app": "Crmeb",
                    "timestamp":"2025-09-18 18:18:31.580",
                    "level": "DEBUG",
                    "thread": "http-nio-8081-exec-8",
                    "class": "o.s.w.s.m.m.a.RequestResponseBodyMethodProcessor",
                    "message": "Using 'application/json', given [application/json, text/plain, */*] and supported [application/json, application/*+json, application/json, application/*+json]" }
                    
{
                    "app": "Crmeb",
                    "timestamp":"2025-09-18 18:18:31.581",
                    "level": "DEBUG",
                    "thread": "http-nio-8081-exec-8",
                    "class": "o.s.w.s.m.m.a.RequestResponseBodyMethodProcessor",
                    "message": "Writing [com.zbkj.common.response.CommonResult@727aa539]" }
                    
{
                    "app": "Crmeb",
                    "timestamp":"2025-09-18 18:18:31.588",
                    "level": "DEBUG",
                    "thread": "http-nio-8081-exec-11",
                    "class": "o.s.w.s.m.m.a.ExceptionHandlerExceptionResolver",
                    "message": "Using @ExceptionHandler com.zbkj.common.exception.GlobalExceptionHandler#defaultExceptionHandler(Exception)" }
                    
{
                    "app": "Crmeb",
                    "timestamp":"2025-09-18 18:18:31.595",
                    "level": "DEBUG",
                    "thread": "http-nio-8081-exec-8",
                    "class": "o.s.web.servlet.DispatcherServlet",
                    "message": "Completed 200 OK" }
                    
{
                    "app": "Crmeb",
                    "timestamp":"2025-09-18 18:18:31.653",
                    "level": "DEBUG",
                    "thread": "http-nio-8081-exec-7",
                    "class": "o.s.w.s.m.m.a.RequestResponseBodyMethodProcessor",
                    "message": "Using 'application/json', given [application/json, text/plain, */*] and supported [application/json, application/*+json, application/json, application/*+json]" }
                    
{
                    "app": "Crmeb",
                    "timestamp":"2025-09-18 18:18:31.654",
                    "level": "DEBUG",
                    "thread": "http-nio-8081-exec-7",
                    "class": "o.s.w.s.m.m.a.RequestResponseBodyMethodProcessor",
                    "message": "Writing [com.zbkj.common.response.CommonResult@4b744a6f]" }
                    
{
                    "app": "Crmeb",
                    "timestamp":"2025-09-18 18:18:31.659",
                    "level": "DEBUG",
                    "thread": "http-nio-8081-exec-7",
                    "class": "o.s.web.servlet.DispatcherServlet",
                    "message": "Completed 200 OK" }
                    
{
                    "app": "Crmeb",
                    "timestamp":"2025-09-18 18:18:31.675",
                    "level": "DEBUG",
                    "thread": "http-nio-8081-exec-11",
                    "class": "o.s.w.s.m.m.a.RequestResponseBodyMethodProcessor",
                    "message": "Using 'application/json', given [application/json, text/plain, */*] and supported [application/json, application/*+json, application/json, application/*+json]" }
                    
{
                    "app": "Crmeb",
                    "timestamp":"2025-09-18 18:18:31.676",
                    "level": "DEBUG",
                    "thread": "http-nio-8081-exec-11",
                    "class": "o.s.w.s.m.m.a.RequestResponseBodyMethodProcessor",
                    "message": "Writing [com.zbkj.common.response.CommonResult@32f0998]" }
                    
{
                    "app": "Crmeb",
                    "timestamp":"2025-09-18 18:18:31.677",
                    "level": "DEBUG",
                    "thread": "http-nio-8081-exec-11",
                    "class": "o.s.w.s.m.m.a.ExceptionHandlerExceptionResolver",
                    "message": "Resolved [org.springframework.jdbc.BadSqlGrammarException: 
### Error querying database.  Cause: java.sql.SQLSyntaxErrorException: You have an error in your SQL syntax; check the manual that corresponds to your MySQL server version for the right syntax to use near 'DESC,id DESC LIMIT 13' at line 5
### The error may exist in com/zbkj/service/dao/StoreProductDao.java (best guess)
### The error may involve defaultParameterMap
### The error occurred while setting parameters
### SQL: SELECT   id,image,store_name,price,ot_price,sales,ficti   FROM eb_store_product     WHERE (is_del = ? AND is_recycle = ? AND is_show = ? AND is_forced = ? AND audit_status = ? AND stock > ?) ORDER BY rank DESC,id DESC LIMIT ?
### Cause: java.sql.SQLSyntaxErrorException: You have an error in your SQL syntax; check the manual that corresponds to your MySQL server version for the right syntax to use near 'DESC,id DESC LIMIT 13' at line 5
; bad SQL grammar []; nested exception is java.sql.SQLSyntaxErrorException: You have an error in your SQL syntax; check the manual that corresponds to your MySQL server version for the right syntax to use near 'DESC,id DESC LIMIT 13' at line 5]" }
                    
{
                    "app": "Crmeb",
                    "timestamp":"2025-09-18 18:18:31.677",
                    "level": "DEBUG",
                    "thread": "http-nio-8081-exec-12",
                    "class": "o.s.web.servlet.DispatcherServlet",
                    "message": "GET "/api/front/activity/index/list", parameters={}" }
                    
{
                    "app": "Crmeb",
                    "timestamp":"2025-09-18 18:18:31.677",
                    "level": "DEBUG",
                    "thread": "http-nio-8081-exec-11",
                    "class": "o.s.web.servlet.DispatcherServlet",
                    "message": "Completed 200 OK" }
                    
{
                    "app": "Crmeb",
                    "timestamp":"2025-09-18 18:18:31.678",
                    "level": "DEBUG",
                    "thread": "http-nio-8081-exec-12",
                    "class": "o.s.w.s.m.m.a.RequestMappingHandlerMapping",
                    "message": "Mapped to com.zbkj.front.controller.ActivityController#getIndexList()" }
                    
{
                    "app": "Crmeb",
                    "timestamp":"2025-09-18 18:18:31.710",
                    "level": "DEBUG",
                    "thread": "http-nio-8081-exec-13",
                    "class": "o.s.web.servlet.DispatcherServlet",
                    "message": "GET "/api/front/index/product?page=1&limit=13", parameters={masked}" }
                    
{
                    "app": "Crmeb",
                    "timestamp":"2025-09-18 18:18:31.715",
                    "level": "DEBUG",
                    "thread": "http-nio-8081-exec-13",
                    "class": "o.s.w.s.m.m.a.RequestMappingHandlerMapping",
                    "message": "Mapped to com.zbkj.front.controller.IndexController#getProductList(PageParamRequest)" }
                    
{
                    "app": "Crmeb",
                    "timestamp":"2025-09-18 18:18:31.717",
                    "level": "DEBUG",
                    "thread": "http-nio-8081-exec-17",
                    "class": "o.s.web.servlet.DispatcherServlet",
                    "message": "GET "/api/front/product/category", parameters={}" }
                    
{
                    "app": "Crmeb",
                    "timestamp":"2025-09-18 18:18:31.718",
                    "level": "DEBUG",
                    "thread": "http-nio-8081-exec-18",
                    "class": "o.s.web.servlet.DispatcherServlet",
                    "message": "GET "/api/front/search/keyword", parameters={}" }
                    
{
                    "app": "Crmeb",
                    "timestamp":"2025-09-18 18:18:31.718",
                    "level": "DEBUG",
                    "thread": "http-nio-8081-exec-17",
                    "class": "o.s.w.s.m.m.a.RequestMappingHandlerMapping",
                    "message": "Mapped to com.zbkj.front.controller.ProductController#getCategory()" }
                    
{
                    "app": "Crmeb",
                    "timestamp":"2025-09-18 18:18:31.719",
                    "level": "DEBUG",
                    "thread": "http-nio-8081-exec-19",
                    "class": "o.s.web.servlet.DispatcherServlet",
                    "message": "POST "/api/front/login/token/is/exist", parameters={}" }
                    
{
                    "app": "Crmeb",
                    "timestamp":"2025-09-18 18:18:31.720",
                    "level": "DEBUG",
                    "thread": "http-nio-8081-exec-18",
                    "class": "o.s.w.s.m.m.a.RequestMappingHandlerMapping",
                    "message": "Mapped to com.zbkj.front.controller.IndexController#hotKeywords()" }
                    
{
                    "app": "Crmeb",
                    "timestamp":"2025-09-18 18:18:31.721",
                    "level": "DEBUG",
                    "thread": "http-nio-8081-exec-19",
                    "class": "o.s.w.s.m.m.a.RequestMappingHandlerMapping",
                    "message": "Mapped to com.zbkj.front.controller.LoginController#tokenIsExist()" }
                    
{
                    "app": "Crmeb",
                    "timestamp":"2025-09-18 18:18:31.741",
                    "level": "DEBUG",
                    "thread": "http-nio-8081-exec-13",
                    "class": "o.s.w.s.m.m.a.ExceptionHandlerExceptionResolver",
                    "message": "Using @ExceptionHandler com.zbkj.common.exception.GlobalExceptionHandler#defaultExceptionHandler(Exception)" }
                    
{
                    "app": "Crmeb",
                    "timestamp":"2025-09-18 18:18:31.744",
                    "level": "DEBUG",
                    "thread": "http-nio-8081-exec-19",
                    "class": "o.s.w.s.m.m.a.RequestResponseBodyMethodProcessor",
                    "message": "Using 'application/json', given [application/json, text/plain, */*] and supported [application/json, application/*+json, application/json, application/*+json]" }
                    
{
                    "app": "Crmeb",
                    "timestamp":"2025-09-18 18:18:31.746",
                    "level": "DEBUG",
                    "thread": "http-nio-8081-exec-19",
                    "class": "o.s.w.s.m.m.a.RequestResponseBodyMethodProcessor",
                    "message": "Writing [com.zbkj.common.response.CommonResult@71bf1297]" }
                    
{
                    "app": "Crmeb",
                    "timestamp":"2025-09-18 18:18:31.747",
                    "level": "DEBUG",
                    "thread": "http-nio-8081-exec-19",
                    "class": "o.s.web.servlet.DispatcherServlet",
                    "message": "Completed 200 OK" }
                    
{
                    "app": "Crmeb",
                    "timestamp":"2025-09-18 18:18:31.754",
                    "level": "DEBUG",
                    "thread": "http-nio-8081-exec-18",
                    "class": "o.s.w.s.m.m.a.RequestResponseBodyMethodProcessor",
                    "message": "Using 'application/json', given [application/json, text/plain, */*] and supported [application/json, application/*+json, application/json, application/*+json]" }
                    
{
                    "app": "Crmeb",
                    "timestamp":"2025-09-18 18:18:31.754",
                    "level": "DEBUG",
                    "thread": "http-nio-8081-exec-18",
                    "class": "o.s.w.s.m.m.a.RequestResponseBodyMethodProcessor",
                    "message": "Writing [com.zbkj.common.response.CommonResult@1c8bc1dc]" }
                    
{
                    "app": "Crmeb",
                    "timestamp":"2025-09-18 18:18:31.762",
                    "level": "DEBUG",
                    "thread": "http-nio-8081-exec-18",
                    "class": "o.s.web.servlet.DispatcherServlet",
                    "message": "Completed 200 OK" }
                    
{
                    "app": "Crmeb",
                    "timestamp":"2025-09-18 18:18:31.800",
                    "level": "DEBUG",
                    "thread": "http-nio-8081-exec-12",
                    "class": "o.s.w.s.m.m.a.RequestResponseBodyMethodProcessor",
                    "message": "Using 'application/json', given [application/json, text/plain, */*] and supported [application/json, application/*+json, application/json, application/*+json]" }
                    
{
                    "app": "Crmeb",
                    "timestamp":"2025-09-18 18:18:31.801",
                    "level": "DEBUG",
                    "thread": "http-nio-8081-exec-12",
                    "class": "o.s.w.s.m.m.a.RequestResponseBodyMethodProcessor",
                    "message": "Writing [com.zbkj.common.response.CommonResult@654d8259]" }
                    
{
                    "app": "Crmeb",
                    "timestamp":"2025-09-18 18:18:31.802",
                    "level": "DEBUG",
                    "thread": "http-nio-8081-exec-12",
                    "class": "o.s.web.servlet.DispatcherServlet",
                    "message": "Completed 200 OK" }
                    
{
                    "app": "Crmeb",
                    "timestamp":"2025-09-18 18:18:31.863",
                    "level": "DEBUG",
                    "thread": "http-nio-8081-exec-10",
                    "class": "o.s.w.s.m.m.a.RequestResponseBodyMethodProcessor",
                    "message": "Using 'application/json', given [application/json, text/plain, */*] and supported [application/json, application/*+json, application/json, application/*+json]" }
                    
{
                    "app": "Crmeb",
                    "timestamp":"2025-09-18 18:18:31.866",
                    "level": "DEBUG",
                    "thread": "http-nio-8081-exec-10",
                    "class": "o.s.w.s.m.m.a.RequestResponseBodyMethodProcessor",
                    "message": "Writing [com.zbkj.common.response.CommonResult@640517f7]" }
                    
{
                    "app": "Crmeb",
                    "timestamp":"2025-09-18 18:18:31.868",
                    "level": "DEBUG",
                    "thread": "http-nio-8081-exec-10",
                    "class": "o.s.web.servlet.DispatcherServlet",
                    "message": "Completed 200 OK" }
                    
{
                    "app": "Crmeb",
                    "timestamp":"2025-09-18 18:18:31.869",
                    "level": "DEBUG",
                    "thread": "http-nio-8081-exec-13",
                    "class": "o.s.w.s.m.m.a.RequestResponseBodyMethodProcessor",
                    "message": "Using 'application/json', given [application/json, text/plain, */*] and supported [application/json, application/*+json, application/json, application/*+json]" }
                    
{
                    "app": "Crmeb",
                    "timestamp":"2025-09-18 18:18:31.870",
                    "level": "DEBUG",
                    "thread": "http-nio-8081-exec-13",
                    "class": "o.s.w.s.m.m.a.RequestResponseBodyMethodProcessor",
                    "message": "Writing [com.zbkj.common.response.CommonResult@7f595acb]" }
                    
{
                    "app": "Crmeb",
                    "timestamp":"2025-09-18 18:18:31.872",
                    "level": "DEBUG",
                    "thread": "http-nio-8081-exec-13",
                    "class": "o.s.w.s.m.m.a.ExceptionHandlerExceptionResolver",
                    "message": "Resolved [org.springframework.jdbc.BadSqlGrammarException: 
### Error querying database.  Cause: java.sql.SQLSyntaxErrorException: You have an error in your SQL syntax; check the manual that corresponds to your MySQL server version for the right syntax to use near 'DESC,id DESC LIMIT 13' at line 5
### The error may exist in com/zbkj/service/dao/StoreProductDao.java (best guess)
### The error may involve defaultParameterMap
### The error occurred while setting parameters
### SQL: SELECT   id,image,store_name,price,ot_price,sales,ficti   FROM eb_store_product     WHERE (is_del = ? AND is_recycle = ? AND is_show = ? AND is_forced = ? AND audit_status = ? AND stock > ?) ORDER BY rank DESC,id DESC LIMIT ?
### Cause: java.sql.SQLSyntaxErrorException: You have an error in your SQL syntax; check the manual that corresponds to your MySQL server version for the right syntax to use near 'DESC,id DESC LIMIT 13' at line 5
; bad SQL grammar []; nested exception is java.sql.SQLSyntaxErrorException: You have an error in your SQL syntax; check the manual that corresponds to your MySQL server version for the right syntax to use near 'DESC,id DESC LIMIT 13' at line 5]" }
                    
{
                    "app": "Crmeb",
                    "timestamp":"2025-09-18 18:18:31.873",
                    "level": "DEBUG",
                    "thread": "http-nio-8081-exec-13",
                    "class": "o.s.web.servlet.DispatcherServlet",
                    "message": "Completed 200 OK" }
                    
{
                    "app": "Crmeb",
                    "timestamp":"2025-09-18 18:18:31.894",
                    "level": "DEBUG",
                    "thread": "http-nio-8081-exec-10",
                    "class": "o.s.web.servlet.DispatcherServlet",
                    "message": "GET "/api/pc/home/index", parameters={}" }
                    
{
                    "app": "Crmeb",
                    "timestamp":"2025-09-18 18:18:31.898",
                    "level": "DEBUG",
                    "thread": "http-nio-8081-exec-10",
                    "class": "o.s.w.s.m.m.a.RequestMappingHandlerMapping",
                    "message": "Mapped to com.zbkj.front.pc.controller.PcIndexController#getIndexInfo()" }
                    
{
                    "app": "Crmeb",
                    "timestamp":"2025-09-18 18:18:31.994",
                    "level": "DEBUG",
                    "thread": "http-nio-8081-exec-10",
                    "class": "o.s.w.s.m.m.a.RequestResponseBodyMethodProcessor",
                    "message": "Using 'application/json', given [application/json, text/plain, */*] and supported [application/json, application/*+json, application/json, application/*+json]" }
                    
{
                    "app": "Crmeb",
                    "timestamp":"2025-09-18 18:18:31.994",
                    "level": "DEBUG",
                    "thread": "http-nio-8081-exec-10",
                    "class": "o.s.w.s.m.m.a.RequestResponseBodyMethodProcessor",
                    "message": "Writing [com.zbkj.common.response.CommonResult@50bd9b34]" }
                    
{
                    "app": "Crmeb",
                    "timestamp":"2025-09-18 18:18:31.995",
                    "level": "DEBUG",
                    "thread": "http-nio-8081-exec-10",
                    "class": "o.s.web.servlet.DispatcherServlet",
                    "message": "Completed 200 OK" }
                    
{
                    "app": "Crmeb",
                    "timestamp":"2025-09-18 18:18:32.084",
                    "level": "DEBUG",
                    "thread": "http-nio-8081-exec-17",
                    "class": "o.s.w.s.m.m.a.RequestResponseBodyMethodProcessor",
                    "message": "Using 'application/json', given [application/json, text/plain, */*] and supported [application/json, application/*+json, application/json, application/*+json]" }
                    
{
                    "app": "Crmeb",
                    "timestamp":"2025-09-18 18:18:32.084",
                    "level": "DEBUG",
                    "thread": "http-nio-8081-exec-17",
                    "class": "o.s.w.s.m.m.a.RequestResponseBodyMethodProcessor",
                    "message": "Writing [com.zbkj.common.response.CommonResult@4998bc7]" }
                    
{
                    "app": "Crmeb",
                    "timestamp":"2025-09-18 18:18:32.087",
                    "level": "DEBUG",
                    "thread": "http-nio-8081-exec-17",
                    "class": "o.s.web.servlet.DispatcherServlet",
                    "message": "Completed 200 OK" }
                    
{
                    "app": "Crmeb",
                    "timestamp":"2025-09-18 18:18:38.246",
                    "level": "DEBUG",
                    "thread": "http-nio-8081-exec-25",
                    "class": "o.s.web.servlet.DispatcherServlet",
                    "message": "GET "/api/pc/home/index", parameters={}" }
                    
{
                    "app": "Crmeb",
                    "timestamp":"2025-09-18 18:18:38.247",
                    "level": "DEBUG",
                    "thread": "http-nio-8081-exec-25",
                    "class": "o.s.w.s.m.m.a.RequestMappingHandlerMapping",
                    "message": "Mapped to com.zbkj.front.pc.controller.PcIndexController#getIndexInfo()" }
                    
{
                    "app": "Crmeb",
                    "timestamp":"2025-09-18 18:18:38.249",
                    "level": "DEBUG",
                    "thread": "http-nio-8081-exec-22",
                    "class": "o.s.web.servlet.DispatcherServlet",
                    "message": "GET "/api/front/activity/index/list", parameters={}" }
                    
{
                    "app": "Crmeb",
                    "timestamp":"2025-09-18 18:18:38.249",
                    "level": "DEBUG",
                    "thread": "http-nio-8081-exec-29",
                    "class": "o.s.web.servlet.DispatcherServlet",
                    "message": "GET "/api/front/product/leaderboard", parameters={}" }
                    
{
                    "app": "Crmeb",
                    "timestamp":"2025-09-18 18:18:38.249",
                    "level": "DEBUG",
                    "thread": "http-nio-8081-exec-1",
                    "class": "o.s.web.servlet.DispatcherServlet",
                    "message": "GET "/api/front/index/product?page=1&limit=13", parameters={masked}" }
                    
{
                    "app": "Crmeb",
                    "timestamp":"2025-09-18 18:18:38.249",
                    "level": "DEBUG",
                    "thread": "http-nio-8081-exec-30",
                    "class": "o.s.web.servlet.DispatcherServlet",
                    "message": "GET "/api/front/merchant/street", parameters={}" }
                    
{
                    "app": "Crmeb",
                    "timestamp":"2025-09-18 18:18:38.250",
                    "level": "DEBUG",
                    "thread": "http-nio-8081-exec-29",
                    "class": "o.s.w.s.m.m.a.RequestMappingHandlerMapping",
                    "message": "Mapped to com.zbkj.front.controller.ProductController#getLeaderboard()" }
                    
{
                    "app": "Crmeb",
                    "timestamp":"2025-09-18 18:18:38.250",
                    "level": "DEBUG",
                    "thread": "http-nio-8081-exec-22",
                    "class": "o.s.w.s.m.m.a.RequestMappingHandlerMapping",
                    "message": "Mapped to com.zbkj.front.controller.ActivityController#getIndexList()" }
                    
{
                    "app": "Crmeb",
                    "timestamp":"2025-09-18 18:18:38.250",
                    "level": "DEBUG",
                    "thread": "http-nio-8081-exec-1",
                    "class": "o.s.w.s.m.m.a.RequestMappingHandlerMapping",
                    "message": "Mapped to com.zbkj.front.controller.IndexController#getProductList(PageParamRequest)" }
                    
{
                    "app": "Crmeb",
                    "timestamp":"2025-09-18 18:18:38.251",
                    "level": "DEBUG",
                    "thread": "http-nio-8081-exec-30",
                    "class": "o.s.w.s.m.m.a.RequestMappingHandlerMapping",
                    "message": "Mapped to com.zbkj.front.controller.MerchantController#getStreet(PageParamRequest)" }
                    
{
                    "app": "Crmeb",
                    "timestamp":"2025-09-18 18:18:38.274",
                    "level": "DEBUG",
                    "thread": "http-nio-8081-exec-29",
                    "class": "o.s.w.s.m.m.a.RequestResponseBodyMethodProcessor",
                    "message": "Using 'application/json', given [application/json, text/plain, */*] and supported [application/json, application/*+json, application/json, application/*+json]" }
                    
{
                    "app": "Crmeb",
                    "timestamp":"2025-09-18 18:18:38.274",
                    "level": "DEBUG",
                    "thread": "http-nio-8081-exec-1",
                    "class": "o.s.w.s.m.m.a.ExceptionHandlerExceptionResolver",
                    "message": "Using @ExceptionHandler com.zbkj.common.exception.GlobalExceptionHandler#defaultExceptionHandler(Exception)" }
                    
{
                    "app": "Crmeb",
                    "timestamp":"2025-09-18 18:18:38.274",
                    "level": "DEBUG",
                    "thread": "http-nio-8081-exec-29",
                    "class": "o.s.w.s.m.m.a.RequestResponseBodyMethodProcessor",
                    "message": "Writing [com.zbkj.common.response.CommonResult@71f2c7c7]" }
                    
{
                    "app": "Crmeb",
                    "timestamp":"2025-09-18 18:18:38.279",
                    "level": "DEBUG",
                    "thread": "http-nio-8081-exec-29",
                    "class": "o.s.web.servlet.DispatcherServlet",
                    "message": "Completed 200 OK" }
                    
{
                    "app": "Crmeb",
                    "timestamp":"2025-09-18 18:18:38.296",
                    "level": "DEBUG",
                    "thread": "http-nio-8081-exec-30",
                    "class": "o.s.w.s.m.m.a.RequestResponseBodyMethodProcessor",
                    "message": "Using 'application/json', given [application/json, text/plain, */*] and supported [application/json, application/*+json, application/json, application/*+json]" }
                    
{
                    "app": "Crmeb",
                    "timestamp":"2025-09-18 18:18:38.297",
                    "level": "DEBUG",
                    "thread": "http-nio-8081-exec-30",
                    "class": "o.s.w.s.m.m.a.RequestResponseBodyMethodProcessor",
                    "message": "Writing [com.zbkj.common.response.CommonResult@4698a068]" }
                    
{
                    "app": "Crmeb",
                    "timestamp":"2025-09-18 18:18:38.298",
                    "level": "DEBUG",
                    "thread": "http-nio-8081-exec-30",
                    "class": "o.s.web.servlet.DispatcherServlet",
                    "message": "Completed 200 OK" }
                    
{
                    "app": "Crmeb",
                    "timestamp":"2025-09-18 18:18:38.368",
                    "level": "DEBUG",
                    "thread": "http-nio-8081-exec-1",
                    "class": "o.s.w.s.m.m.a.RequestResponseBodyMethodProcessor",
                    "message": "Using 'application/json', given [application/json, text/plain, */*] and supported [application/json, application/*+json, application/json, application/*+json]" }
                    
{
                    "app": "Crmeb",
                    "timestamp":"2025-09-18 18:18:38.368",
                    "level": "DEBUG",
                    "thread": "http-nio-8081-exec-1",
                    "class": "o.s.w.s.m.m.a.RequestResponseBodyMethodProcessor",
                    "message": "Writing [com.zbkj.common.response.CommonResult@3a5a7b70]" }
                    
{
                    "app": "Crmeb",
                    "timestamp":"2025-09-18 18:18:38.368",
                    "level": "DEBUG",
                    "thread": "http-nio-8081-exec-1",
                    "class": "o.s.w.s.m.m.a.ExceptionHandlerExceptionResolver",
                    "message": "Resolved [org.springframework.jdbc.BadSqlGrammarException: 
### Error querying database.  Cause: java.sql.SQLSyntaxErrorException: You have an error in your SQL syntax; check the manual that corresponds to your MySQL server version for the right syntax to use near 'DESC,id DESC LIMIT 13' at line 5
### The error may exist in com/zbkj/service/dao/StoreProductDao.java (best guess)
### The error may involve defaultParameterMap
### The error occurred while setting parameters
### SQL: SELECT   id,image,store_name,price,ot_price,sales,ficti   FROM eb_store_product     WHERE (is_del = ? AND is_recycle = ? AND is_show = ? AND is_forced = ? AND audit_status = ? AND stock > ?) ORDER BY rank DESC,id DESC LIMIT ?
### Cause: java.sql.SQLSyntaxErrorException: You have an error in your SQL syntax; check the manual that corresponds to your MySQL server version for the right syntax to use near 'DESC,id DESC LIMIT 13' at line 5
; bad SQL grammar []; nested exception is java.sql.SQLSyntaxErrorException: You have an error in your SQL syntax; check the manual that corresponds to your MySQL server version for the right syntax to use near 'DESC,id DESC LIMIT 13' at line 5]" }
                    
{
                    "app": "Crmeb",
                    "timestamp":"2025-09-18 18:18:38.370",
                    "level": "DEBUG",
                    "thread": "http-nio-8081-exec-1",
                    "class": "o.s.web.servlet.DispatcherServlet",
                    "message": "Completed 200 OK" }
                    
{
                    "app": "Crmeb",
                    "timestamp":"2025-09-18 18:18:38.380",
                    "level": "DEBUG",
                    "thread": "http-nio-8081-exec-22",
                    "class": "o.s.w.s.m.m.a.RequestResponseBodyMethodProcessor",
                    "message": "Using 'application/json', given [application/json, text/plain, */*] and supported [application/json, application/*+json, application/json, application/*+json]" }
                    
{
                    "app": "Crmeb",
                    "timestamp":"2025-09-18 18:18:38.381",
                    "level": "DEBUG",
                    "thread": "http-nio-8081-exec-22",
                    "class": "o.s.w.s.m.m.a.RequestResponseBodyMethodProcessor",
                    "message": "Writing [com.zbkj.common.response.CommonResult@165af7]" }
                    
{
                    "app": "Crmeb",
                    "timestamp":"2025-09-18 18:18:38.381",
                    "level": "DEBUG",
                    "thread": "http-nio-8081-exec-22",
                    "class": "o.s.web.servlet.DispatcherServlet",
                    "message": "Completed 200 OK" }
                    
{
                    "app": "Crmeb",
                    "timestamp":"2025-09-18 18:18:38.391",
                    "level": "DEBUG",
                    "thread": "http-nio-8081-exec-25",
                    "class": "o.s.w.s.m.m.a.RequestResponseBodyMethodProcessor",
                    "message": "Using 'application/json', given [application/json, text/plain, */*] and supported [application/json, application/*+json, application/json, application/*+json]" }
                    
{
                    "app": "Crmeb",
                    "timestamp":"2025-09-18 18:18:38.392",
                    "level": "DEBUG",
                    "thread": "http-nio-8081-exec-25",
                    "class": "o.s.w.s.m.m.a.RequestResponseBodyMethodProcessor",
                    "message": "Writing [com.zbkj.common.response.CommonResult@148d9111]" }
                    
{
                    "app": "Crmeb",
                    "timestamp":"2025-09-18 18:18:38.395",
                    "level": "DEBUG",
                    "thread": "http-nio-8081-exec-25",
                    "class": "o.s.web.servlet.DispatcherServlet",
                    "message": "Completed 200 OK" }
                    
{
                    "app": "Crmeb",
                    "timestamp":"2025-09-18 18:18:38.397",
                    "level": "DEBUG",
                    "thread": "http-nio-8081-exec-3",
                    "class": "o.s.web.servlet.DispatcherServlet",
                    "message": "GET "/api/front/index/product?page=1&limit=13", parameters={masked}" }
                    
{
                    "app": "Crmeb",
                    "timestamp":"2025-09-18 18:18:38.399",
                    "level": "DEBUG",
                    "thread": "http-nio-8081-exec-6",
                    "class": "o.s.web.servlet.DispatcherServlet",
                    "message": "POST "/api/front/login/token/is/exist", parameters={}" }
                    
{
                    "app": "Crmeb",
                    "timestamp":"2025-09-18 18:18:38.399",
                    "level": "DEBUG",
                    "thread": "http-nio-8081-exec-3",
                    "class": "o.s.w.s.m.m.a.RequestMappingHandlerMapping",
                    "message": "Mapped to com.zbkj.front.controller.IndexController#getProductList(PageParamRequest)" }
                    
{
                    "app": "Crmeb",
                    "timestamp":"2025-09-18 18:18:38.400",
                    "level": "DEBUG",
                    "thread": "http-nio-8081-exec-8",
                    "class": "o.s.web.servlet.DispatcherServlet",
                    "message": "GET "/api/front/search/keyword", parameters={}" }
                    
{
                    "app": "Crmeb",
                    "timestamp":"2025-09-18 18:18:38.400",
                    "level": "DEBUG",
                    "thread": "http-nio-8081-exec-4",
                    "class": "o.s.web.servlet.DispatcherServlet",
                    "message": "GET "/api/front/product/category", parameters={}" }
                    
{
                    "app": "Crmeb",
                    "timestamp":"2025-09-18 18:18:38.405",
                    "level": "DEBUG",
                    "thread": "http-nio-8081-exec-6",
                    "class": "o.s.w.s.m.m.a.RequestMappingHandlerMapping",
                    "message": "Mapped to com.zbkj.front.controller.LoginController#tokenIsExist()" }
                    
{
                    "app": "Crmeb",
                    "timestamp":"2025-09-18 18:18:38.407",
                    "level": "DEBUG",
                    "thread": "http-nio-8081-exec-8",
                    "class": "o.s.w.s.m.m.a.RequestMappingHandlerMapping",
                    "message": "Mapped to com.zbkj.front.controller.IndexController#hotKeywords()" }
                    
{
                    "app": "Crmeb",
                    "timestamp":"2025-09-18 18:18:38.408",
                    "level": "DEBUG",
                    "thread": "http-nio-8081-exec-4",
                    "class": "o.s.w.s.m.m.a.RequestMappingHandlerMapping",
                    "message": "Mapped to com.zbkj.front.controller.ProductController#getCategory()" }
                    
{
                    "app": "Crmeb",
                    "timestamp":"2025-09-18 18:18:38.409",
                    "level": "DEBUG",
                    "thread": "http-nio-8081-exec-7",
                    "class": "o.s.web.servlet.DispatcherServlet",
                    "message": "GET "/api/front/activity/index/list", parameters={}" }
                    
{
                    "app": "Crmeb",
                    "timestamp":"2025-09-18 18:18:38.409",
                    "level": "DEBUG",
                    "thread": "http-nio-8081-exec-6",
                    "class": "o.s.w.s.m.m.a.RequestResponseBodyMethodProcessor",
                    "message": "Using 'application/json', given [application/json, text/plain, */*] and supported [application/json, application/*+json, application/json, application/*+json]" }
                    
{
                    "app": "Crmeb",
                    "timestamp":"2025-09-18 18:18:38.411",
                    "level": "DEBUG",
                    "thread": "http-nio-8081-exec-6",
                    "class": "o.s.w.s.m.m.a.RequestResponseBodyMethodProcessor",
                    "message": "Writing [com.zbkj.common.response.CommonResult@541dd069]" }
                    
{
                    "app": "Crmeb",
                    "timestamp":"2025-09-18 18:18:38.412",
                    "level": "DEBUG",
                    "thread": "http-nio-8081-exec-7",
                    "class": "o.s.w.s.m.m.a.RequestMappingHandlerMapping",
                    "message": "Mapped to com.zbkj.front.controller.ActivityController#getIndexList()" }
                    
{
                    "app": "Crmeb",
                    "timestamp":"2025-09-18 18:18:38.420",
                    "level": "DEBUG",
                    "thread": "http-nio-8081-exec-6",
                    "class": "o.s.web.servlet.DispatcherServlet",
                    "message": "Completed 200 OK" }
                    
{
                    "app": "Crmeb",
                    "timestamp":"2025-09-18 18:18:38.432",
                    "level": "DEBUG",
                    "thread": "http-nio-8081-exec-3",
                    "class": "o.s.w.s.m.m.a.ExceptionHandlerExceptionResolver",
                    "message": "Using @ExceptionHandler com.zbkj.common.exception.GlobalExceptionHandler#defaultExceptionHandler(Exception)" }
                    
{
                    "app": "Crmeb",
                    "timestamp":"2025-09-18 18:18:38.446",
                    "level": "DEBUG",
                    "thread": "http-nio-8081-exec-8",
                    "class": "o.s.w.s.m.m.a.RequestResponseBodyMethodProcessor",
                    "message": "Using 'application/json', given [application/json, text/plain, */*] and supported [application/json, application/*+json, application/json, application/*+json]" }
                    
{
                    "app": "Crmeb",
                    "timestamp":"2025-09-18 18:18:38.447",
                    "level": "DEBUG",
                    "thread": "http-nio-8081-exec-8",
                    "class": "o.s.w.s.m.m.a.RequestResponseBodyMethodProcessor",
                    "message": "Writing [com.zbkj.common.response.CommonResult@64c2eaaa]" }
                    
{
                    "app": "Crmeb",
                    "timestamp":"2025-09-18 18:18:38.448",
                    "level": "DEBUG",
                    "thread": "http-nio-8081-exec-8",
                    "class": "o.s.web.servlet.DispatcherServlet",
                    "message": "Completed 200 OK" }
                    
{
                    "app": "Crmeb",
                    "timestamp":"2025-09-18 18:18:38.502",
                    "level": "DEBUG",
                    "thread": "http-nio-8081-exec-7",
                    "class": "o.s.w.s.m.m.a.RequestResponseBodyMethodProcessor",
                    "message": "Using 'application/json', given [application/json, text/plain, */*] and supported [application/json, application/*+json, application/json, application/*+json]" }
                    
{
                    "app": "Crmeb",
                    "timestamp":"2025-09-18 18:18:38.502",
                    "level": "DEBUG",
                    "thread": "http-nio-8081-exec-7",
                    "class": "o.s.w.s.m.m.a.RequestResponseBodyMethodProcessor",
                    "message": "Writing [com.zbkj.common.response.CommonResult@1d9e6ecb]" }
                    
{
                    "app": "Crmeb",
                    "timestamp":"2025-09-18 18:18:38.504",
                    "level": "DEBUG",
                    "thread": "http-nio-8081-exec-7",
                    "class": "o.s.web.servlet.DispatcherServlet",
                    "message": "Completed 200 OK" }
                    
{
                    "app": "Crmeb",
                    "timestamp":"2025-09-18 18:18:38.562",
                    "level": "DEBUG",
                    "thread": "http-nio-8081-exec-3",
                    "class": "o.s.w.s.m.m.a.RequestResponseBodyMethodProcessor",
                    "message": "Using 'application/json', given [application/json, text/plain, */*] and supported [application/json, application/*+json, application/json, application/*+json]" }
                    
{
                    "app": "Crmeb",
                    "timestamp":"2025-09-18 18:18:38.562",
                    "level": "DEBUG",
                    "thread": "http-nio-8081-exec-3",
                    "class": "o.s.w.s.m.m.a.RequestResponseBodyMethodProcessor",
                    "message": "Writing [com.zbkj.common.response.CommonResult@4c94cca0]" }
                    
{
                    "app": "Crmeb",
                    "timestamp":"2025-09-18 18:18:38.563",
                    "level": "DEBUG",
                    "thread": "http-nio-8081-exec-3",
                    "class": "o.s.w.s.m.m.a.ExceptionHandlerExceptionResolver",
                    "message": "Resolved [org.springframework.jdbc.BadSqlGrammarException: 
### Error querying database.  Cause: java.sql.SQLSyntaxErrorException: You have an error in your SQL syntax; check the manual that corresponds to your MySQL server version for the right syntax to use near 'DESC,id DESC LIMIT 13' at line 5
### The error may exist in com/zbkj/service/dao/StoreProductDao.java (best guess)
### The error may involve defaultParameterMap
### The error occurred while setting parameters
### SQL: SELECT   id,image,store_name,price,ot_price,sales,ficti   FROM eb_store_product     WHERE (is_del = ? AND is_recycle = ? AND is_show = ? AND is_forced = ? AND audit_status = ? AND stock > ?) ORDER BY rank DESC,id DESC LIMIT ?
### Cause: java.sql.SQLSyntaxErrorException: You have an error in your SQL syntax; check the manual that corresponds to your MySQL server version for the right syntax to use near 'DESC,id DESC LIMIT 13' at line 5
; bad SQL grammar []; nested exception is java.sql.SQLSyntaxErrorException: You have an error in your SQL syntax; check the manual that corresponds to your MySQL server version for the right syntax to use near 'DESC,id DESC LIMIT 13' at line 5]" }
                    
{
                    "app": "Crmeb",
                    "timestamp":"2025-09-18 18:18:38.563",
                    "level": "DEBUG",
                    "thread": "http-nio-8081-exec-3",
                    "class": "o.s.web.servlet.DispatcherServlet",
                    "message": "Completed 200 OK" }
                    
{
                    "app": "Crmeb",
                    "timestamp":"2025-09-18 18:18:38.609",
                    "level": "DEBUG",
                    "thread": "http-nio-8081-exec-4",
                    "class": "o.s.w.s.m.m.a.RequestResponseBodyMethodProcessor",
                    "message": "Using 'application/json', given [application/json, text/plain, */*] and supported [application/json, application/*+json, application/json, application/*+json]" }
                    
{
                    "app": "Crmeb",
                    "timestamp":"2025-09-18 18:18:38.610",
                    "level": "DEBUG",
                    "thread": "http-nio-8081-exec-4",
                    "class": "o.s.w.s.m.m.a.RequestResponseBodyMethodProcessor",
                    "message": "Writing [com.zbkj.common.response.CommonResult@89c0b24]" }
                    
{
                    "app": "Crmeb",
                    "timestamp":"2025-09-18 18:18:38.611",
                    "level": "DEBUG",
                    "thread": "http-nio-8081-exec-4",
                    "class": "o.s.web.servlet.DispatcherServlet",
                    "message": "Completed 200 OK" }
                    
{
                    "app": "Crmeb",
                    "timestamp":"2025-09-18 18:20:29.183",
                    "level": "DEBUG",
                    "thread": "http-nio-8081-exec-10",
                    "class": "o.s.web.servlet.DispatcherServlet",
                    "message": "GET "/api/front/product/list?page=1&limit=20&priceOrder=&salesOrder=&keyword=%EF%BF%BD%EF%BF%BD%EF%BF%BD%EF%BF%BD", parameters={masked}" }
                    
{
                    "app": "Crmeb",
                    "timestamp":"2025-09-18 18:20:29.183",
                    "level": "DEBUG",
                    "thread": "http-nio-8081-exec-20",
                    "class": "o.s.web.servlet.DispatcherServlet",
                    "message": "GET "/api/front/merchant/search/list?keywords=%EF%BF%BD%EF%BF%BD%EF%BF%BD%EF%BF%BD&page=1&limit=20", parameters={masked}" }
                    
{
                    "app": "Crmeb",
                    "timestamp":"2025-09-18 18:20:29.184",
                    "level": "DEBUG",
                    "thread": "http-nio-8081-exec-10",
                    "class": "o.s.w.s.m.m.a.RequestMappingHandlerMapping",
                    "message": "Mapped to com.zbkj.front.controller.ProductController#getList(ProductRequest, PageParamRequest)" }
                    
{
                    "app": "Crmeb",
                    "timestamp":"2025-09-18 18:20:29.186",
                    "level": "DEBUG",
                    "thread": "http-nio-8081-exec-20",
                    "class": "o.s.w.s.m.m.a.RequestMappingHandlerMapping",
                    "message": "Mapped to com.zbkj.front.controller.MerchantController#searchList(MerchantMoveSearchRequest, PageParamRequest)" }
                    
{
                    "app": "Crmeb",
                    "timestamp":"2025-09-18 18:20:29.206",
                    "level": "DEBUG",
                    "thread": "http-nio-8081-exec-20",
                    "class": "o.s.w.s.m.m.a.RequestResponseBodyMethodProcessor",
                    "message": "Using 'application/json', given [application/json, text/plain, */*] and supported [application/json, application/*+json, application/json, application/*+json]" }
                    
{
                    "app": "Crmeb",
                    "timestamp":"2025-09-18 18:20:29.206",
                    "level": "DEBUG",
                    "thread": "http-nio-8081-exec-20",
                    "class": "o.s.w.s.m.m.a.RequestResponseBodyMethodProcessor",
                    "message": "Writing [com.zbkj.common.response.CommonResult@2f7e8769]" }
                    
{
                    "app": "Crmeb",
                    "timestamp":"2025-09-18 18:20:29.207",
                    "level": "DEBUG",
                    "thread": "http-nio-8081-exec-20",
                    "class": "o.s.web.servlet.DispatcherServlet",
                    "message": "Completed 200 OK" }
                    
{
                    "app": "Crmeb",
                    "timestamp":"2025-09-18 18:20:29.224",
                    "level": "DEBUG",
                    "thread": "http-nio-8081-exec-10",
                    "class": "o.s.w.s.m.m.a.RequestResponseBodyMethodProcessor",
                    "message": "Using 'application/json', given [application/json, text/plain, */*] and supported [application/json, application/*+json, application/json, application/*+json]" }
                    
{
                    "app": "Crmeb",
                    "timestamp":"2025-09-18 18:20:29.225",
                    "level": "DEBUG",
                    "thread": "http-nio-8081-exec-10",
                    "class": "o.s.w.s.m.m.a.RequestResponseBodyMethodProcessor",
                    "message": "Writing [com.zbkj.common.response.CommonResult@32eaca14]" }
                    
{
                    "app": "Crmeb",
                    "timestamp":"2025-09-18 18:20:29.225",
                    "level": "DEBUG",
                    "thread": "http-nio-8081-exec-10",
                    "class": "o.s.web.servlet.DispatcherServlet",
                    "message": "Completed 200 OK" }
                    
{
                    "app": "Crmeb",
                    "timestamp":"2025-09-18 18:20:30.320",
                    "level": "DEBUG",
                    "thread": "http-nio-8081-exec-27",
                    "class": "o.s.web.servlet.DispatcherServlet",
                    "message": "GET "/api/front/product/list?page=1&limit=20&priceOrder=&salesOrder=&keyword=%EF%BF%BD%EF%BF%BD%D2%B6", parameters={masked}" }
                    
{
                    "app": "Crmeb",
                    "timestamp":"2025-09-18 18:20:30.320",
                    "level": "DEBUG",
                    "thread": "http-nio-8081-exec-28",
                    "class": "o.s.web.servlet.DispatcherServlet",
                    "message": "GET "/api/front/merchant/search/list?keywords=%EF%BF%BD%EF%BF%BD%D2%B6&page=1&limit=20", parameters={masked}" }
                    
{
                    "app": "Crmeb",
                    "timestamp":"2025-09-18 18:20:30.321",
                    "level": "DEBUG",
                    "thread": "http-nio-8081-exec-27",
                    "class": "o.s.w.s.m.m.a.RequestMappingHandlerMapping",
                    "message": "Mapped to com.zbkj.front.controller.ProductController#getList(ProductRequest, PageParamRequest)" }
                    
{
                    "app": "Crmeb",
                    "timestamp":"2025-09-18 18:20:30.322",
                    "level": "DEBUG",
                    "thread": "http-nio-8081-exec-28",
                    "class": "o.s.w.s.m.m.a.RequestMappingHandlerMapping",
                    "message": "Mapped to com.zbkj.front.controller.MerchantController#searchList(MerchantMoveSearchRequest, PageParamRequest)" }
                    
{
                    "app": "Crmeb",
                    "timestamp":"2025-09-18 18:20:30.332",
                    "level": "DEBUG",
                    "thread": "http-nio-8081-exec-27",
                    "class": "o.s.w.s.m.m.a.RequestResponseBodyMethodProcessor",
                    "message": "Using 'application/json', given [application/json, text/plain, */*] and supported [application/json, application/*+json, application/json, application/*+json]" }
                    
{
                    "app": "Crmeb",
                    "timestamp":"2025-09-18 18:20:30.333",
                    "level": "DEBUG",
                    "thread": "http-nio-8081-exec-27",
                    "class": "o.s.w.s.m.m.a.RequestResponseBodyMethodProcessor",
                    "message": "Writing [com.zbkj.common.response.CommonResult@609bc644]" }
                    
{
                    "app": "Crmeb",
                    "timestamp":"2025-09-18 18:20:30.333",
                    "level": "DEBUG",
                    "thread": "http-nio-8081-exec-28",
                    "class": "o.s.w.s.m.m.a.RequestResponseBodyMethodProcessor",
                    "message": "Using 'application/json', given [application/json, text/plain, */*] and supported [application/json, application/*+json, application/json, application/*+json]" }
                    
{
                    "app": "Crmeb",
                    "timestamp":"2025-09-18 18:20:30.334",
                    "level": "DEBUG",
                    "thread": "http-nio-8081-exec-28",
                    "class": "o.s.w.s.m.m.a.RequestResponseBodyMethodProcessor",
                    "message": "Writing [com.zbkj.common.response.CommonResult@62d246ed]" }
                    
{
                    "app": "Crmeb",
                    "timestamp":"2025-09-18 18:20:30.334",
                    "level": "DEBUG",
                    "thread": "http-nio-8081-exec-27",
                    "class": "o.s.web.servlet.DispatcherServlet",
                    "message": "Completed 200 OK" }
                    
{
                    "app": "Crmeb",
                    "timestamp":"2025-09-18 18:20:30.334",
                    "level": "DEBUG",
                    "thread": "http-nio-8081-exec-28",
                    "class": "o.s.web.servlet.DispatcherServlet",
                    "message": "Completed 200 OK" }
                    
{
                    "app": "Crmeb",
                    "timestamp":"2025-09-18 18:20:33.911",
                    "level": "DEBUG",
                    "thread": "http-nio-8081-exec-23",
                    "class": "o.s.web.servlet.DispatcherServlet",
                    "message": "GET "/api/front/user/menu/user", parameters={}" }
                    
{
                    "app": "Crmeb",
                    "timestamp":"2025-09-18 18:20:33.912",
                    "level": "DEBUG",
                    "thread": "http-nio-8081-exec-23",
                    "class": "o.s.w.s.m.m.a.RequestMappingHandlerMapping",
                    "message": "Mapped to com.zbkj.front.controller.UserController#getMenuUser()" }
                    
{
                    "app": "Crmeb",
                    "timestamp":"2025-09-18 18:20:33.934",
                    "level": "DEBUG",
                    "thread": "http-nio-8081-exec-23",
                    "class": "o.s.web.servlet.DispatcherServlet",
                    "message": "Completed 200 OK" }
                    
{
                    "app": "Crmeb",
                    "timestamp":"2025-09-18 18:20:33.963",
                    "level": "DEBUG",
                    "thread": "http-nio-8081-exec-30",
                    "class": "o.s.web.servlet.DispatcherServlet",
                    "message": "GET "/api/front/login/method/info", parameters={}" }
                    
{
                    "app": "Crmeb",
                    "timestamp":"2025-09-18 18:20:33.963",
                    "level": "DEBUG",
                    "thread": "http-nio-8081-exec-1",
                    "class": "o.s.web.servlet.DispatcherServlet",
                    "message": "GET "/api/pc/login/getLoginPic", parameters={}" }
                    
{
                    "app": "Crmeb",
                    "timestamp":"2025-09-18 18:20:33.965",
                    "level": "DEBUG",
                    "thread": "http-nio-8081-exec-30",
                    "class": "o.s.w.s.m.m.a.RequestMappingHandlerMapping",
                    "message": "Mapped to com.zbkj.front.controller.LoginController#getLoginMethod()" }
                    
{
                    "app": "Crmeb",
                    "timestamp":"2025-09-18 18:20:33.967",
                    "level": "DEBUG",
                    "thread": "http-nio-8081-exec-1",
                    "class": "o.s.w.s.m.m.a.RequestMappingHandlerMapping",
                    "message": "Mapped to com.zbkj.front.pc.controller.PcLoginController#getLoginPic()" }
                    
{
                    "app": "Crmeb",
                    "timestamp":"2025-09-18 18:20:34.006",
                    "level": "DEBUG",
                    "thread": "http-nio-8081-exec-1",
                    "class": "o.s.w.s.m.m.a.RequestResponseBodyMethodProcessor",
                    "message": "Using 'application/json', given [application/json, text/plain, */*] and supported [application/json, application/*+json, application/json, application/*+json]" }
                    
{
                    "app": "Crmeb",
                    "timestamp":"2025-09-18 18:20:34.007",
                    "level": "DEBUG",
                    "thread": "http-nio-8081-exec-1",
                    "class": "o.s.w.s.m.m.a.RequestResponseBodyMethodProcessor",
                    "message": "Writing [com.zbkj.common.response.CommonResult@36173f69]" }
                    
{
                    "app": "Crmeb",
                    "timestamp":"2025-09-18 18:20:34.008",
                    "level": "DEBUG",
                    "thread": "http-nio-8081-exec-1",
                    "class": "o.s.web.servlet.DispatcherServlet",
                    "message": "Completed 200 OK" }
                    
{
                    "app": "Crmeb",
                    "timestamp":"2025-09-18 18:20:34.038",
                    "level": "DEBUG",
                    "thread": "http-nio-8081-exec-30",
                    "class": "o.s.w.s.m.m.a.RequestResponseBodyMethodProcessor",
                    "message": "Using 'application/json', given [application/json, text/plain, */*] and supported [application/json, application/*+json, application/json, application/*+json]" }
                    
{
                    "app": "Crmeb",
                    "timestamp":"2025-09-18 18:20:34.039",
                    "level": "DEBUG",
                    "thread": "http-nio-8081-exec-30",
                    "class": "o.s.w.s.m.m.a.RequestResponseBodyMethodProcessor",
                    "message": "Writing [com.zbkj.common.response.CommonResult@ddafaac]" }
                    
{
                    "app": "Crmeb",
                    "timestamp":"2025-09-18 18:20:34.041",
                    "level": "DEBUG",
                    "thread": "http-nio-8081-exec-30",
                    "class": "o.s.web.servlet.DispatcherServlet",
                    "message": "Completed 200 OK" }
                    
{
                    "app": "Crmeb",
                    "timestamp":"2025-09-18 18:20:38.968",
                    "level": "DEBUG",
                    "thread": "http-nio-8081-exec-9",
                    "class": "o.s.web.servlet.DispatcherServlet",
                    "message": "GET "/api/front/product/list?cid=23&page=1&limit=20&priceOrder=&salesOrder=&keyword=", parameters={masked}" }
                    
{
                    "app": "Crmeb",
                    "timestamp":"2025-09-18 18:20:38.970",
                    "level": "DEBUG",
                    "thread": "http-nio-8081-exec-22",
                    "class": "o.s.web.servlet.DispatcherServlet",
                    "message": "GET "/api/front/merchant/search/list?keywords=&page=1&limit=20", parameters={masked}" }
                    
{
                    "app": "Crmeb",
                    "timestamp":"2025-09-18 18:20:38.971",
                    "level": "DEBUG",
                    "thread": "http-nio-8081-exec-9",
                    "class": "o.s.w.s.m.m.a.RequestMappingHandlerMapping",
                    "message": "Mapped to com.zbkj.front.controller.ProductController#getList(ProductRequest, PageParamRequest)" }
                    
{
                    "app": "Crmeb",
                    "timestamp":"2025-09-18 18:20:38.972",
                    "level": "DEBUG",
                    "thread": "http-nio-8081-exec-22",
                    "class": "o.s.w.s.m.m.a.RequestMappingHandlerMapping",
                    "message": "Mapped to com.zbkj.front.controller.MerchantController#searchList(MerchantMoveSearchRequest, PageParamRequest)" }
                    
{
                    "app": "Crmeb",
                    "timestamp":"2025-09-18 18:20:38.981",
                    "level": "DEBUG",
                    "thread": "http-nio-8081-exec-9",
                    "class": "o.s.w.s.m.m.a.RequestResponseBodyMethodProcessor",
                    "message": "Using 'application/json', given [application/json, text/plain, */*] and supported [application/json, application/*+json, application/json, application/*+json]" }
                    
{
                    "app": "Crmeb",
                    "timestamp":"2025-09-18 18:20:38.981",
                    "level": "DEBUG",
                    "thread": "http-nio-8081-exec-9",
                    "class": "o.s.w.s.m.m.a.RequestResponseBodyMethodProcessor",
                    "message": "Writing [com.zbkj.common.response.CommonResult@495a8965]" }
                    
{
                    "app": "Crmeb",
                    "timestamp":"2025-09-18 18:20:38.982",
                    "level": "DEBUG",
                    "thread": "http-nio-8081-exec-9",
                    "class": "o.s.web.servlet.DispatcherServlet",
                    "message": "Completed 200 OK" }
                    
{
                    "app": "Crmeb",
                    "timestamp":"2025-09-18 18:20:38.989",
                    "level": "DEBUG",
                    "thread": "http-nio-8081-exec-22",
                    "class": "o.s.w.s.m.m.a.RequestResponseBodyMethodProcessor",
                    "message": "Using 'application/json', given [application/json, text/plain, */*] and supported [application/json, application/*+json, application/json, application/*+json]" }
                    
{
                    "app": "Crmeb",
                    "timestamp":"2025-09-18 18:20:38.989",
                    "level": "DEBUG",
                    "thread": "http-nio-8081-exec-22",
                    "class": "o.s.w.s.m.m.a.RequestResponseBodyMethodProcessor",
                    "message": "Writing [com.zbkj.common.response.CommonResult@c280322]" }
                    
{
                    "app": "Crmeb",
                    "timestamp":"2025-09-18 18:20:38.990",
                    "level": "DEBUG",
                    "thread": "http-nio-8081-exec-22",
                    "class": "o.s.web.servlet.DispatcherServlet",
                    "message": "Completed 200 OK" }
                    
{
                    "app": "Crmeb",
                    "timestamp":"2025-09-18 18:20:44.562",
                    "level": "DEBUG",
                    "thread": "http-nio-8081-exec-8",
                    "class": "o.s.web.servlet.DispatcherServlet",
                    "message": "GET "/api/front/merchant/search/list?keywords=&page=1&limit=20", parameters={masked}" }
                    
{
                    "app": "Crmeb",
                    "timestamp":"2025-09-18 18:20:44.562",
                    "level": "DEBUG",
                    "thread": "http-nio-8081-exec-7",
                    "class": "o.s.web.servlet.DispatcherServlet",
                    "message": "GET "/api/front/product/list?cid=27&page=1&limit=20&priceOrder=&salesOrder=&keyword=", parameters={masked}" }
                    
{
                    "app": "Crmeb",
                    "timestamp":"2025-09-18 18:20:44.565",
                    "level": "DEBUG",
                    "thread": "http-nio-8081-exec-8",
                    "class": "o.s.w.s.m.m.a.RequestMappingHandlerMapping",
                    "message": "Mapped to com.zbkj.front.controller.MerchantController#searchList(MerchantMoveSearchRequest, PageParamRequest)" }
                    
{
                    "app": "Crmeb",
                    "timestamp":"2025-09-18 18:20:44.565",
                    "level": "DEBUG",
                    "thread": "http-nio-8081-exec-7",
                    "class": "o.s.w.s.m.m.a.RequestMappingHandlerMapping",
                    "message": "Mapped to com.zbkj.front.controller.ProductController#getList(ProductRequest, PageParamRequest)" }
                    
{
                    "app": "Crmeb",
                    "timestamp":"2025-09-18 18:20:44.572",
                    "level": "DEBUG",
                    "thread": "http-nio-8081-exec-7",
                    "class": "o.s.w.s.m.m.a.RequestResponseBodyMethodProcessor",
                    "message": "Using 'application/json', given [application/json, text/plain, */*] and supported [application/json, application/*+json, application/json, application/*+json]" }
                    
{
                    "app": "Crmeb",
                    "timestamp":"2025-09-18 18:20:44.573",
                    "level": "DEBUG",
                    "thread": "http-nio-8081-exec-7",
                    "class": "o.s.w.s.m.m.a.RequestResponseBodyMethodProcessor",
                    "message": "Writing [com.zbkj.common.response.CommonResult@459ca093]" }
                    
{
                    "app": "Crmeb",
                    "timestamp":"2025-09-18 18:20:44.574",
                    "level": "DEBUG",
                    "thread": "http-nio-8081-exec-7",
                    "class": "o.s.web.servlet.DispatcherServlet",
                    "message": "Completed 200 OK" }
                    
{
                    "app": "Crmeb",
                    "timestamp":"2025-09-18 18:20:44.583",
                    "level": "DEBUG",
                    "thread": "http-nio-8081-exec-8",
                    "class": "o.s.w.s.m.m.a.RequestResponseBodyMethodProcessor",
                    "message": "Using 'application/json', given [application/json, text/plain, */*] and supported [application/json, application/*+json, application/json, application/*+json]" }
                    
{
                    "app": "Crmeb",
                    "timestamp":"2025-09-18 18:20:44.583",
                    "level": "DEBUG",
                    "thread": "http-nio-8081-exec-8",
                    "class": "o.s.w.s.m.m.a.RequestResponseBodyMethodProcessor",
                    "message": "Writing [com.zbkj.common.response.CommonResult@6afda8fe]" }
                    
{
                    "app": "Crmeb",
                    "timestamp":"2025-09-18 18:20:44.584",
                    "level": "DEBUG",
                    "thread": "http-nio-8081-exec-8",
                    "class": "o.s.web.servlet.DispatcherServlet",
                    "message": "Completed 200 OK" }
                    
{
                    "app": "Crmeb",
                    "timestamp":"2025-09-18 18:20:47.398",
                    "level": "DEBUG",
                    "thread": "http-nio-8081-exec-4",
                    "class": "o.s.web.servlet.DispatcherServlet",
                    "message": "GET "/api/front/merchant/search/list?keywords=&page=1&limit=20", parameters={masked}" }
                    
{
                    "app": "Crmeb",
                    "timestamp":"2025-09-18 18:20:47.399",
                    "level": "DEBUG",
                    "thread": "http-nio-8081-exec-4",
                    "class": "o.s.w.s.m.m.a.RequestMappingHandlerMapping",
                    "message": "Mapped to com.zbkj.front.controller.MerchantController#searchList(MerchantMoveSearchRequest, PageParamRequest)" }
                    
{
                    "app": "Crmeb",
                    "timestamp":"2025-09-18 18:20:47.402",
                    "level": "DEBUG",
                    "thread": "http-nio-8081-exec-18",
                    "class": "o.s.web.servlet.DispatcherServlet",
                    "message": "GET "/api/front/product/list?cid=24&page=1&limit=20&priceOrder=&salesOrder=&keyword=", parameters={masked}" }
                    
{
                    "app": "Crmeb",
                    "timestamp":"2025-09-18 18:20:47.403",
                    "level": "DEBUG",
                    "thread": "http-nio-8081-exec-18",
                    "class": "o.s.w.s.m.m.a.RequestMappingHandlerMapping",
                    "message": "Mapped to com.zbkj.front.controller.ProductController#getList(ProductRequest, PageParamRequest)" }
                    
{
                    "app": "Crmeb",
                    "timestamp":"2025-09-18 18:20:47.413",
                    "level": "DEBUG",
                    "thread": "http-nio-8081-exec-18",
                    "class": "o.s.w.s.m.m.a.RequestResponseBodyMethodProcessor",
                    "message": "Using 'application/json', given [application/json, text/plain, */*] and supported [application/json, application/*+json, application/json, application/*+json]" }
                    
{
                    "app": "Crmeb",
                    "timestamp":"2025-09-18 18:20:47.413",
                    "level": "DEBUG",
                    "thread": "http-nio-8081-exec-18",
                    "class": "o.s.w.s.m.m.a.RequestResponseBodyMethodProcessor",
                    "message": "Writing [com.zbkj.common.response.CommonResult@576dec69]" }
                    
{
                    "app": "Crmeb",
                    "timestamp":"2025-09-18 18:20:47.414",
                    "level": "DEBUG",
                    "thread": "http-nio-8081-exec-18",
                    "class": "o.s.web.servlet.DispatcherServlet",
                    "message": "Completed 200 OK" }
                    
{
                    "app": "Crmeb",
                    "timestamp":"2025-09-18 18:20:47.419",
                    "level": "DEBUG",
                    "thread": "http-nio-8081-exec-4",
                    "class": "o.s.w.s.m.m.a.RequestResponseBodyMethodProcessor",
                    "message": "Using 'application/json', given [application/json, text/plain, */*] and supported [application/json, application/*+json, application/json, application/*+json]" }
                    
{
                    "app": "Crmeb",
                    "timestamp":"2025-09-18 18:20:47.419",
                    "level": "DEBUG",
                    "thread": "http-nio-8081-exec-4",
                    "class": "o.s.w.s.m.m.a.RequestResponseBodyMethodProcessor",
                    "message": "Writing [com.zbkj.common.response.CommonResult@f16be1e]" }
                    
{
                    "app": "Crmeb",
                    "timestamp":"2025-09-18 18:20:47.419",
                    "level": "DEBUG",
                    "thread": "http-nio-8081-exec-4",
                    "class": "o.s.web.servlet.DispatcherServlet",
                    "message": "Completed 200 OK" }
                    
{
                    "app": "Crmeb",
                    "timestamp":"2025-09-18 18:20:49.874",
                    "level": "DEBUG",
                    "thread": "http-nio-8081-exec-11",
                    "class": "o.s.web.servlet.DispatcherServlet",
                    "message": "GET "/api/front/merchant/search/list?keywords=&page=1&limit=20", parameters={masked}" }
                    
{
                    "app": "Crmeb",
                    "timestamp":"2025-09-18 18:20:49.874",
                    "level": "DEBUG",
                    "thread": "http-nio-8081-exec-19",
                    "class": "o.s.web.servlet.DispatcherServlet",
                    "message": "GET "/api/front/product/list?cid=82&page=1&limit=20&priceOrder=&salesOrder=&keyword=", parameters={masked}" }
                    
{
                    "app": "Crmeb",
                    "timestamp":"2025-09-18 18:20:49.876",
                    "level": "DEBUG",
                    "thread": "http-nio-8081-exec-11",
                    "class": "o.s.w.s.m.m.a.RequestMappingHandlerMapping",
                    "message": "Mapped to com.zbkj.front.controller.MerchantController#searchList(MerchantMoveSearchRequest, PageParamRequest)" }
                    
{
                    "app": "Crmeb",
                    "timestamp":"2025-09-18 18:20:49.876",
                    "level": "DEBUG",
                    "thread": "http-nio-8081-exec-19",
                    "class": "o.s.w.s.m.m.a.RequestMappingHandlerMapping",
                    "message": "Mapped to com.zbkj.front.controller.ProductController#getList(ProductRequest, PageParamRequest)" }
                    
{
                    "app": "Crmeb",
                    "timestamp":"2025-09-18 18:20:49.889",
                    "level": "DEBUG",
                    "thread": "http-nio-8081-exec-19",
                    "class": "o.s.w.s.m.m.a.RequestResponseBodyMethodProcessor",
                    "message": "Using 'application/json', given [application/json, text/plain, */*] and supported [application/json, application/*+json, application/json, application/*+json]" }
                    
{
                    "app": "Crmeb",
                    "timestamp":"2025-09-18 18:20:49.889",
                    "level": "DEBUG",
                    "thread": "http-nio-8081-exec-19",
                    "class": "o.s.w.s.m.m.a.RequestResponseBodyMethodProcessor",
                    "message": "Writing [com.zbkj.common.response.CommonResult@5e6a07a4]" }
                    
{
                    "app": "Crmeb",
                    "timestamp":"2025-09-18 18:20:49.890",
                    "level": "DEBUG",
                    "thread": "http-nio-8081-exec-19",
                    "class": "o.s.web.servlet.DispatcherServlet",
                    "message": "Completed 200 OK" }
                    
{
                    "app": "Crmeb",
                    "timestamp":"2025-09-18 18:20:49.896",
                    "level": "DEBUG",
                    "thread": "http-nio-8081-exec-11",
                    "class": "o.s.w.s.m.m.a.RequestResponseBodyMethodProcessor",
                    "message": "Using 'application/json', given [application/json, text/plain, */*] and supported [application/json, application/*+json, application/json, application/*+json]" }
                    
{
                    "app": "Crmeb",
                    "timestamp":"2025-09-18 18:20:49.896",
                    "level": "DEBUG",
                    "thread": "http-nio-8081-exec-11",
                    "class": "o.s.w.s.m.m.a.RequestResponseBodyMethodProcessor",
                    "message": "Writing [com.zbkj.common.response.CommonResult@62214a2b]" }
                    
{
                    "app": "Crmeb",
                    "timestamp":"2025-09-18 18:20:50.033",
                    "level": "DEBUG",
                    "thread": "http-nio-8081-exec-11",
                    "class": "o.s.web.servlet.DispatcherServlet",
                    "message": "Completed 200 OK" }
                    
{
                    "app": "Crmeb",
                    "timestamp":"2025-09-18 18:21:05.986",
                    "level": "DEBUG",
                    "thread": "http-nio-8081-exec-17",
                    "class": "o.s.web.servlet.DispatcherServlet",
                    "message": "GET "/api/pc/home/index", parameters={}" }
                    
{
                    "app": "Crmeb",
                    "timestamp":"2025-09-18 18:21:05.986",
                    "level": "DEBUG",
                    "thread": "http-nio-8081-exec-28",
                    "class": "o.s.web.servlet.DispatcherServlet",
                    "message": "GET "/api/front/merchant/street", parameters={}" }
                    
{
                    "app": "Crmeb",
                    "timestamp":"2025-09-18 18:21:05.986",
                    "level": "DEBUG",
                    "thread": "http-nio-8081-exec-27",
                    "class": "o.s.web.servlet.DispatcherServlet",
                    "message": "GET "/api/front/index/product?page=1&limit=13", parameters={masked}" }
                    
{
                    "app": "Crmeb",
                    "timestamp":"2025-09-18 18:21:05.987",
                    "level": "DEBUG",
                    "thread": "http-nio-8081-exec-21",
                    "class": "o.s.web.servlet.DispatcherServlet",
                    "message": "GET "/api/front/product/leaderboard", parameters={}" }
                    
{
                    "app": "Crmeb",
                    "timestamp":"2025-09-18 18:21:05.987",
                    "level": "DEBUG",
                    "thread": "http-nio-8081-exec-24",
                    "class": "o.s.web.servlet.DispatcherServlet",
                    "message": "GET "/api/front/activity/index/list", parameters={}" }
                    
{
                    "app": "Crmeb",
                    "timestamp":"2025-09-18 18:21:05.988",
                    "level": "DEBUG",
                    "thread": "http-nio-8081-exec-17",
                    "class": "o.s.w.s.m.m.a.RequestMappingHandlerMapping",
                    "message": "Mapped to com.zbkj.front.pc.controller.PcIndexController#getIndexInfo()" }
                    
{
                    "app": "Crmeb",
                    "timestamp":"2025-09-18 18:21:05.989",
                    "level": "DEBUG",
                    "thread": "http-nio-8081-exec-28",
                    "class": "o.s.w.s.m.m.a.RequestMappingHandlerMapping",
                    "message": "Mapped to com.zbkj.front.controller.MerchantController#getStreet(PageParamRequest)" }
                    
{
                    "app": "Crmeb",
                    "timestamp":"2025-09-18 18:21:05.989",
                    "level": "DEBUG",
                    "thread": "http-nio-8081-exec-27",
                    "class": "o.s.w.s.m.m.a.RequestMappingHandlerMapping",
                    "message": "Mapped to com.zbkj.front.controller.IndexController#getProductList(PageParamRequest)" }
                    
{
                    "app": "Crmeb",
                    "timestamp":"2025-09-18 18:21:05.990",
                    "level": "DEBUG",
                    "thread": "http-nio-8081-exec-21",
                    "class": "o.s.w.s.m.m.a.RequestMappingHandlerMapping",
                    "message": "Mapped to com.zbkj.front.controller.ProductController#getLeaderboard()" }
                    
{
                    "app": "Crmeb",
                    "timestamp":"2025-09-18 18:21:05.990",
                    "level": "DEBUG",
                    "thread": "http-nio-8081-exec-24",
                    "class": "o.s.w.s.m.m.a.RequestMappingHandlerMapping",
                    "message": "Mapped to com.zbkj.front.controller.ActivityController#getIndexList()" }
                    
{
                    "app": "Crmeb",
                    "timestamp":"2025-09-18 18:21:06.015",
                    "level": "DEBUG",
                    "thread": "http-nio-8081-exec-27",
                    "class": "o.s.w.s.m.m.a.ExceptionHandlerExceptionResolver",
                    "message": "Using @ExceptionHandler com.zbkj.common.exception.GlobalExceptionHandler#defaultExceptionHandler(Exception)" }
                    
{
                    "app": "Crmeb",
                    "timestamp":"2025-09-18 18:21:06.030",
                    "level": "DEBUG",
                    "thread": "http-nio-8081-exec-21",
                    "class": "o.s.w.s.m.m.a.RequestResponseBodyMethodProcessor",
                    "message": "Using 'application/json', given [application/json, text/plain, */*] and supported [application/json, application/*+json, application/json, application/*+json]" }
                    
{
                    "app": "Crmeb",
                    "timestamp":"2025-09-18 18:21:06.031",
                    "level": "DEBUG",
                    "thread": "http-nio-8081-exec-21",
                    "class": "o.s.w.s.m.m.a.RequestResponseBodyMethodProcessor",
                    "message": "Writing [com.zbkj.common.response.CommonResult@22cf0022]" }
                    
{
                    "app": "Crmeb",
                    "timestamp":"2025-09-18 18:21:06.035",
                    "level": "DEBUG",
                    "thread": "http-nio-8081-exec-21",
                    "class": "o.s.web.servlet.DispatcherServlet",
                    "message": "Completed 200 OK" }
                    
{
                    "app": "Crmeb",
                    "timestamp":"2025-09-18 18:21:06.036",
                    "level": "DEBUG",
                    "thread": "http-nio-8081-exec-28",
                    "class": "o.s.w.s.m.m.a.RequestResponseBodyMethodProcessor",
                    "message": "Using 'application/json', given [application/json, text/plain, */*] and supported [application/json, application/*+json, application/json, application/*+json]" }
                    
{
                    "app": "Crmeb",
                    "timestamp":"2025-09-18 18:21:06.037",
                    "level": "DEBUG",
                    "thread": "http-nio-8081-exec-28",
                    "class": "o.s.w.s.m.m.a.RequestResponseBodyMethodProcessor",
                    "message": "Writing [com.zbkj.common.response.CommonResult@15834d1b]" }
                    
{
                    "app": "Crmeb",
                    "timestamp":"2025-09-18 18:21:06.040",
                    "level": "DEBUG",
                    "thread": "http-nio-8081-exec-28",
                    "class": "o.s.web.servlet.DispatcherServlet",
                    "message": "Completed 200 OK" }
                    
{
                    "app": "Crmeb",
                    "timestamp":"2025-09-18 18:21:06.099",
                    "level": "DEBUG",
                    "thread": "http-nio-8081-exec-27",
                    "class": "o.s.w.s.m.m.a.RequestResponseBodyMethodProcessor",
                    "message": "Using 'application/json', given [application/json, text/plain, */*] and supported [application/json, application/*+json, application/json, application/*+json]" }
                    
{
                    "app": "Crmeb",
                    "timestamp":"2025-09-18 18:21:06.099",
                    "level": "DEBUG",
                    "thread": "http-nio-8081-exec-27",
                    "class": "o.s.w.s.m.m.a.RequestResponseBodyMethodProcessor",
                    "message": "Writing [com.zbkj.common.response.CommonResult@3d757fd]" }
                    
{
                    "app": "Crmeb",
                    "timestamp":"2025-09-18 18:21:06.100",
                    "level": "DEBUG",
                    "thread": "http-nio-8081-exec-27",
                    "class": "o.s.w.s.m.m.a.ExceptionHandlerExceptionResolver",
                    "message": "Resolved [org.springframework.jdbc.BadSqlGrammarException: 
### Error querying database.  Cause: java.sql.SQLSyntaxErrorException: You have an error in your SQL syntax; check the manual that corresponds to your MySQL server version for the right syntax to use near 'DESC,id DESC LIMIT 13' at line 5
### The error may exist in com/zbkj/service/dao/StoreProductDao.java (best guess)
### The error may involve defaultParameterMap
### The error occurred while setting parameters
### SQL: SELECT   id,image,store_name,price,ot_price,sales,ficti   FROM eb_store_product     WHERE (is_del = ? AND is_recycle = ? AND is_show = ? AND is_forced = ? AND audit_status = ? AND stock > ?) ORDER BY rank DESC,id DESC LIMIT ?
### Cause: java.sql.SQLSyntaxErrorException: You have an error in your SQL syntax; check the manual that corresponds to your MySQL server version for the right syntax to use near 'DESC,id DESC LIMIT 13' at line 5
; bad SQL grammar []; nested exception is java.sql.SQLSyntaxErrorException: You have an error in your SQL syntax; check the manual that corresponds to your MySQL server version for the right syntax to use near 'DESC,id DESC LIMIT 13' at line 5]" }
                    
{
                    "app": "Crmeb",
                    "timestamp":"2025-09-18 18:21:06.100",
                    "level": "DEBUG",
                    "thread": "http-nio-8081-exec-27",
                    "class": "o.s.web.servlet.DispatcherServlet",
                    "message": "Completed 200 OK" }
                    
{
                    "app": "Crmeb",
                    "timestamp":"2025-09-18 18:21:06.123",
                    "level": "DEBUG",
                    "thread": "http-nio-8081-exec-24",
                    "class": "o.s.w.s.m.m.a.RequestResponseBodyMethodProcessor",
                    "message": "Using 'application/json', given [application/json, text/plain, */*] and supported [application/json, application/*+json, application/json, application/*+json]" }
                    
{
                    "app": "Crmeb",
                    "timestamp":"2025-09-18 18:21:06.123",
                    "level": "DEBUG",
                    "thread": "http-nio-8081-exec-24",
                    "class": "o.s.w.s.m.m.a.RequestResponseBodyMethodProcessor",
                    "message": "Writing [com.zbkj.common.response.CommonResult@4de207f4]" }
                    
{
                    "app": "Crmeb",
                    "timestamp":"2025-09-18 18:21:06.124",
                    "level": "DEBUG",
                    "thread": "http-nio-8081-exec-24",
                    "class": "o.s.web.servlet.DispatcherServlet",
                    "message": "Completed 200 OK" }
                    
{
                    "app": "Crmeb",
                    "timestamp":"2025-09-18 18:21:06.139",
                    "level": "DEBUG",
                    "thread": "http-nio-8081-exec-17",
                    "class": "o.s.w.s.m.m.a.RequestResponseBodyMethodProcessor",
                    "message": "Using 'application/json', given [application/json, text/plain, */*] and supported [application/json, application/*+json, application/json, application/*+json]" }
                    
{
                    "app": "Crmeb",
                    "timestamp":"2025-09-18 18:21:06.140",
                    "level": "DEBUG",
                    "thread": "http-nio-8081-exec-17",
                    "class": "o.s.w.s.m.m.a.RequestResponseBodyMethodProcessor",
                    "message": "Writing [com.zbkj.common.response.CommonResult@5087563f]" }
                    
{
                    "app": "Crmeb",
                    "timestamp":"2025-09-18 18:21:06.142",
                    "level": "DEBUG",
                    "thread": "http-nio-8081-exec-26",
                    "class": "o.s.web.servlet.DispatcherServlet",
                    "message": "GET "/api/front/activity/index/list", parameters={}" }
                    
{
                    "app": "Crmeb",
                    "timestamp":"2025-09-18 18:21:06.143",
                    "level": "DEBUG",
                    "thread": "http-nio-8081-exec-17",
                    "class": "o.s.web.servlet.DispatcherServlet",
                    "message": "Completed 200 OK" }
                    
{
                    "app": "Crmeb",
                    "timestamp":"2025-09-18 18:21:06.143",
                    "level": "DEBUG",
                    "thread": "http-nio-8081-exec-26",
                    "class": "o.s.w.s.m.m.a.RequestMappingHandlerMapping",
                    "message": "Mapped to com.zbkj.front.controller.ActivityController#getIndexList()" }
                    
{
                    "app": "Crmeb",
                    "timestamp":"2025-09-18 18:21:06.186",
                    "level": "DEBUG",
                    "thread": "http-nio-8081-exec-26",
                    "class": "o.s.w.s.m.m.a.RequestResponseBodyMethodProcessor",
                    "message": "Using 'application/json', given [application/json, text/plain, */*] and supported [application/json, application/*+json, application/json, application/*+json]" }
                    
{
                    "app": "Crmeb",
                    "timestamp":"2025-09-18 18:21:06.186",
                    "level": "DEBUG",
                    "thread": "http-nio-8081-exec-26",
                    "class": "o.s.w.s.m.m.a.RequestResponseBodyMethodProcessor",
                    "message": "Writing [com.zbkj.common.response.CommonResult@364dc0b9]" }
                    
{
                    "app": "Crmeb",
                    "timestamp":"2025-09-18 18:21:06.187",
                    "level": "DEBUG",
                    "thread": "http-nio-8081-exec-26",
                    "class": "o.s.web.servlet.DispatcherServlet",
                    "message": "Completed 200 OK" }
                    
{
                    "app": "Crmeb",
                    "timestamp":"2025-09-18 18:21:10.142",
                    "level": "DEBUG",
                    "thread": "http-nio-8081-exec-1",
                    "class": "o.s.web.servlet.DispatcherServlet",
                    "message": "GET "/api/front/user/menu/user", parameters={}" }
                    
{
                    "app": "Crmeb",
                    "timestamp":"2025-09-18 18:21:10.143",
                    "level": "DEBUG",
                    "thread": "http-nio-8081-exec-1",
                    "class": "o.s.w.s.m.m.a.RequestMappingHandlerMapping",
                    "message": "Mapped to com.zbkj.front.controller.UserController#getMenuUser()" }
                    
{
                    "app": "Crmeb",
                    "timestamp":"2025-09-18 18:21:10.144",
                    "level": "DEBUG",
                    "thread": "http-nio-8081-exec-1",
                    "class": "o.s.web.servlet.DispatcherServlet",
                    "message": "Completed 200 OK" }
                    
{
                    "app": "Crmeb",
                    "timestamp":"2025-09-18 18:21:17.805",
                    "level": "DEBUG",
                    "thread": "http-nio-8081-exec-5",
                    "class": "o.s.web.servlet.DispatcherServlet",
                    "message": "GET "/api/front/login/method/info", parameters={}" }
                    
{
                    "app": "Crmeb",
                    "timestamp":"2025-09-18 18:21:17.805",
                    "level": "DEBUG",
                    "thread": "http-nio-8081-exec-9",
                    "class": "o.s.web.servlet.DispatcherServlet",
                    "message": "GET "/api/pc/login/getLoginPic", parameters={}" }
                    
{
                    "app": "Crmeb",
                    "timestamp":"2025-09-18 18:21:17.806",
                    "level": "DEBUG",
                    "thread": "http-nio-8081-exec-5",
                    "class": "o.s.w.s.m.m.a.RequestMappingHandlerMapping",
                    "message": "Mapped to com.zbkj.front.controller.LoginController#getLoginMethod()" }
                    
{
                    "app": "Crmeb",
                    "timestamp":"2025-09-18 18:21:17.809",
                    "level": "DEBUG",
                    "thread": "http-nio-8081-exec-9",
                    "class": "o.s.w.s.m.m.a.RequestMappingHandlerMapping",
                    "message": "Mapped to com.zbkj.front.pc.controller.PcLoginController#getLoginPic()" }
                    
{
                    "app": "Crmeb",
                    "timestamp":"2025-09-18 18:21:17.815",
                    "level": "DEBUG",
                    "thread": "http-nio-8081-exec-9",
                    "class": "o.s.w.s.m.m.a.RequestResponseBodyMethodProcessor",
                    "message": "Using 'application/json', given [application/json, text/plain, */*] and supported [application/json, application/*+json, application/json, application/*+json]" }
                    
{
                    "app": "Crmeb",
                    "timestamp":"2025-09-18 18:21:17.815",
                    "level": "DEBUG",
                    "thread": "http-nio-8081-exec-9",
                    "class": "o.s.w.s.m.m.a.RequestResponseBodyMethodProcessor",
                    "message": "Writing [com.zbkj.common.response.CommonResult@746c4951]" }
                    
{
                    "app": "Crmeb",
                    "timestamp":"2025-09-18 18:21:17.816",
                    "level": "DEBUG",
                    "thread": "http-nio-8081-exec-9",
                    "class": "o.s.web.servlet.DispatcherServlet",
                    "message": "Completed 200 OK" }
                    
{
                    "app": "Crmeb",
                    "timestamp":"2025-09-18 18:21:17.836",
                    "level": "DEBUG",
                    "thread": "http-nio-8081-exec-5",
                    "class": "o.s.w.s.m.m.a.RequestResponseBodyMethodProcessor",
                    "message": "Using 'application/json', given [application/json, text/plain, */*] and supported [application/json, application/*+json, application/json, application/*+json]" }
                    
{
                    "app": "Crmeb",
                    "timestamp":"2025-09-18 18:21:17.837",
                    "level": "DEBUG",
                    "thread": "http-nio-8081-exec-5",
                    "class": "o.s.w.s.m.m.a.RequestResponseBodyMethodProcessor",
                    "message": "Writing [com.zbkj.common.response.CommonResult@664d22a3]" }
                    
{
                    "app": "Crmeb",
                    "timestamp":"2025-09-18 18:21:17.837",
                    "level": "DEBUG",
                    "thread": "http-nio-8081-exec-5",
                    "class": "o.s.web.servlet.DispatcherServlet",
                    "message": "Completed 200 OK" }
                    
{
                    "app": "Crmeb",
                    "timestamp":"2025-09-18 18:21:29.664",
                    "level": "DEBUG",
                    "thread": "http-nio-8081-exec-19",
                    "class": "o.s.web.servlet.DispatcherServlet",
                    "message": "GET "/api/front/product/leaderboard", parameters={}" }
                    
{
                    "app": "Crmeb",
                    "timestamp":"2025-09-18 18:21:29.664",
                    "level": "DEBUG",
                    "thread": "http-nio-8081-exec-18",
                    "class": "o.s.web.servlet.DispatcherServlet",
                    "message": "GET "/api/front/merchant/street", parameters={}" }
                    
{
                    "app": "Crmeb",
                    "timestamp":"2025-09-18 18:21:29.664",
                    "level": "DEBUG",
                    "thread": "http-nio-8081-exec-4",
                    "class": "o.s.web.servlet.DispatcherServlet",
                    "message": "GET "/api/front/activity/index/list", parameters={}" }
                    
{
                    "app": "Crmeb",
                    "timestamp":"2025-09-18 18:21:29.664",
                    "level": "DEBUG",
                    "thread": "http-nio-8081-exec-14",
                    "class": "o.s.web.servlet.DispatcherServlet",
                    "message": "GET "/api/pc/home/index", parameters={}" }
                    
{
                    "app": "Crmeb",
                    "timestamp":"2025-09-18 18:21:29.665",
                    "level": "DEBUG",
                    "thread": "http-nio-8081-exec-19",
                    "class": "o.s.w.s.m.m.a.RequestMappingHandlerMapping",
                    "message": "Mapped to com.zbkj.front.controller.ProductController#getLeaderboard()" }
                    
{
                    "app": "Crmeb",
                    "timestamp":"2025-09-18 18:21:29.665",
                    "level": "DEBUG",
                    "thread": "http-nio-8081-exec-15",
                    "class": "o.s.web.servlet.DispatcherServlet",
                    "message": "GET "/api/front/index/product?page=1&limit=13", parameters={masked}" }
                    
{
                    "app": "Crmeb",
                    "timestamp":"2025-09-18 18:21:29.666",
                    "level": "DEBUG",
                    "thread": "http-nio-8081-exec-18",
                    "class": "o.s.w.s.m.m.a.RequestMappingHandlerMapping",
                    "message": "Mapped to com.zbkj.front.controller.MerchantController#getStreet(PageParamRequest)" }
                    
{
                    "app": "Crmeb",
                    "timestamp":"2025-09-18 18:21:29.666",
                    "level": "DEBUG",
                    "thread": "http-nio-8081-exec-14",
                    "class": "o.s.w.s.m.m.a.RequestMappingHandlerMapping",
                    "message": "Mapped to com.zbkj.front.pc.controller.PcIndexController#getIndexInfo()" }
                    
{
                    "app": "Crmeb",
                    "timestamp":"2025-09-18 18:21:29.666",
                    "level": "DEBUG",
                    "thread": "http-nio-8081-exec-4",
                    "class": "o.s.w.s.m.m.a.RequestMappingHandlerMapping",
                    "message": "Mapped to com.zbkj.front.controller.ActivityController#getIndexList()" }
                    
{
                    "app": "Crmeb",
                    "timestamp":"2025-09-18 18:21:29.667",
                    "level": "DEBUG",
                    "thread": "http-nio-8081-exec-15",
                    "class": "o.s.w.s.m.m.a.RequestMappingHandlerMapping",
                    "message": "Mapped to com.zbkj.front.controller.IndexController#getProductList(PageParamRequest)" }
                    
{
                    "app": "Crmeb",
                    "timestamp":"2025-09-18 18:21:29.692",
                    "level": "DEBUG",
                    "thread": "http-nio-8081-exec-15",
                    "class": "o.s.w.s.m.m.a.ExceptionHandlerExceptionResolver",
                    "message": "Using @ExceptionHandler com.zbkj.common.exception.GlobalExceptionHandler#defaultExceptionHandler(Exception)" }
                    
{
                    "app": "Crmeb",
                    "timestamp":"2025-09-18 18:21:29.698",
                    "level": "DEBUG",
                    "thread": "http-nio-8081-exec-19",
                    "class": "o.s.w.s.m.m.a.RequestResponseBodyMethodProcessor",
                    "message": "Using 'application/json', given [application/json, text/plain, */*] and supported [application/json, application/*+json, application/json, application/*+json]" }
                    
{
                    "app": "Crmeb",
                    "timestamp":"2025-09-18 18:21:29.699",
                    "level": "DEBUG",
                    "thread": "http-nio-8081-exec-19",
                    "class": "o.s.w.s.m.m.a.RequestResponseBodyMethodProcessor",
                    "message": "Writing [com.zbkj.common.response.CommonResult@54fdd763]" }
                    
{
                    "app": "Crmeb",
                    "timestamp":"2025-09-18 18:21:29.701",
                    "level": "DEBUG",
                    "thread": "http-nio-8081-exec-19",
                    "class": "o.s.web.servlet.DispatcherServlet",
                    "message": "Completed 200 OK" }
                    
{
                    "app": "Crmeb",
                    "timestamp":"2025-09-18 18:21:29.706",
                    "level": "DEBUG",
                    "thread": "http-nio-8081-exec-18",
                    "class": "o.s.w.s.m.m.a.RequestResponseBodyMethodProcessor",
                    "message": "Using 'application/json', given [application/json, text/plain, */*] and supported [application/json, application/*+json, application/json, application/*+json]" }
                    
{
                    "app": "Crmeb",
                    "timestamp":"2025-09-18 18:21:29.707",
                    "level": "DEBUG",
                    "thread": "http-nio-8081-exec-18",
                    "class": "o.s.w.s.m.m.a.RequestResponseBodyMethodProcessor",
                    "message": "Writing [com.zbkj.common.response.CommonResult@6b2dc0a7]" }
                    
{
                    "app": "Crmeb",
                    "timestamp":"2025-09-18 18:21:29.710",
                    "level": "DEBUG",
                    "thread": "http-nio-8081-exec-18",
                    "class": "o.s.web.servlet.DispatcherServlet",
                    "message": "Completed 200 OK" }
                    
{
                    "app": "Crmeb",
                    "timestamp":"2025-09-18 18:21:29.741",
                    "level": "DEBUG",
                    "thread": "http-nio-8081-exec-15",
                    "class": "o.s.w.s.m.m.a.RequestResponseBodyMethodProcessor",
                    "message": "Using 'application/json', given [application/json, text/plain, */*] and supported [application/json, application/*+json, application/json, application/*+json]" }
                    
{
                    "app": "Crmeb",
                    "timestamp":"2025-09-18 18:21:29.741",
                    "level": "DEBUG",
                    "thread": "http-nio-8081-exec-15",
                    "class": "o.s.w.s.m.m.a.RequestResponseBodyMethodProcessor",
                    "message": "Writing [com.zbkj.common.response.CommonResult@1490b392]" }
                    
{
                    "app": "Crmeb",
                    "timestamp":"2025-09-18 18:21:29.743",
                    "level": "DEBUG",
                    "thread": "http-nio-8081-exec-15",
                    "class": "o.s.w.s.m.m.a.ExceptionHandlerExceptionResolver",
                    "message": "Resolved [org.springframework.jdbc.BadSqlGrammarException: 
### Error querying database.  Cause: java.sql.SQLSyntaxErrorException: You have an error in your SQL syntax; check the manual that corresponds to your MySQL server version for the right syntax to use near 'DESC,id DESC LIMIT 13' at line 5
### The error may exist in com/zbkj/service/dao/StoreProductDao.java (best guess)
### The error may involve defaultParameterMap
### The error occurred while setting parameters
### SQL: SELECT   id,image,store_name,price,ot_price,sales,ficti   FROM eb_store_product     WHERE (is_del = ? AND is_recycle = ? AND is_show = ? AND is_forced = ? AND audit_status = ? AND stock > ?) ORDER BY rank DESC,id DESC LIMIT ?
### Cause: java.sql.SQLSyntaxErrorException: You have an error in your SQL syntax; check the manual that corresponds to your MySQL server version for the right syntax to use near 'DESC,id DESC LIMIT 13' at line 5
; bad SQL grammar []; nested exception is java.sql.SQLSyntaxErrorException: You have an error in your SQL syntax; check the manual that corresponds to your MySQL server version for the right syntax to use near 'DESC,id DESC LIMIT 13' at line 5]" }
                    
{
                    "app": "Crmeb",
                    "timestamp":"2025-09-18 18:21:29.743",
                    "level": "DEBUG",
                    "thread": "http-nio-8081-exec-15",
                    "class": "o.s.web.servlet.DispatcherServlet",
                    "message": "Completed 200 OK" }
                    
{
                    "app": "Crmeb",
                    "timestamp":"2025-09-18 18:21:29.751",
                    "level": "DEBUG",
                    "thread": "http-nio-8081-exec-4",
                    "class": "o.s.w.s.m.m.a.RequestResponseBodyMethodProcessor",
                    "message": "Using 'application/json', given [application/json, text/plain, */*] and supported [application/json, application/*+json, application/json, application/*+json]" }
                    
{
                    "app": "Crmeb",
                    "timestamp":"2025-09-18 18:21:29.751",
                    "level": "DEBUG",
                    "thread": "http-nio-8081-exec-4",
                    "class": "o.s.w.s.m.m.a.RequestResponseBodyMethodProcessor",
                    "message": "Writing [com.zbkj.common.response.CommonResult@73ff88aa]" }
                    
{
                    "app": "Crmeb",
                    "timestamp":"2025-09-18 18:21:29.752",
                    "level": "DEBUG",
                    "thread": "http-nio-8081-exec-4",
                    "class": "o.s.web.servlet.DispatcherServlet",
                    "message": "Completed 200 OK" }
                    
{
                    "app": "Crmeb",
                    "timestamp":"2025-09-18 18:21:29.760",
                    "level": "DEBUG",
                    "thread": "http-nio-8081-exec-14",
                    "class": "o.s.w.s.m.m.a.RequestResponseBodyMethodProcessor",
                    "message": "Using 'application/json', given [application/json, text/plain, */*] and supported [application/json, application/*+json, application/json, application/*+json]" }
                    
{
                    "app": "Crmeb",
                    "timestamp":"2025-09-18 18:21:29.761",
                    "level": "DEBUG",
                    "thread": "http-nio-8081-exec-14",
                    "class": "o.s.w.s.m.m.a.RequestResponseBodyMethodProcessor",
                    "message": "Writing [com.zbkj.common.response.CommonResult@4e024256]" }
                    
{
                    "app": "Crmeb",
                    "timestamp":"2025-09-18 18:21:29.761",
                    "level": "DEBUG",
                    "thread": "http-nio-8081-exec-14",
                    "class": "o.s.web.servlet.DispatcherServlet",
                    "message": "Completed 200 OK" }
                    
{
                    "app": "Crmeb",
                    "timestamp":"2025-09-18 18:21:29.764",
                    "level": "DEBUG",
                    "thread": "http-nio-8081-exec-11",
                    "class": "o.s.web.servlet.DispatcherServlet",
                    "message": "GET "/api/front/activity/index/list", parameters={}" }
                    
{
                    "app": "Crmeb",
                    "timestamp":"2025-09-18 18:21:29.765",
                    "level": "DEBUG",
                    "thread": "http-nio-8081-exec-11",
                    "class": "o.s.w.s.m.m.a.RequestMappingHandlerMapping",
                    "message": "Mapped to com.zbkj.front.controller.ActivityController#getIndexList()" }
                    
{
                    "app": "Crmeb",
                    "timestamp":"2025-09-18 18:21:29.782",
                    "level": "DEBUG",
                    "thread": "http-nio-8081-exec-11",
                    "class": "o.s.w.s.m.m.a.RequestResponseBodyMethodProcessor",
                    "message": "Using 'application/json', given [application/json, text/plain, */*] and supported [application/json, application/*+json, application/json, application/*+json]" }
                    
{
                    "app": "Crmeb",
                    "timestamp":"2025-09-18 18:21:29.782",
                    "level": "DEBUG",
                    "thread": "http-nio-8081-exec-11",
                    "class": "o.s.w.s.m.m.a.RequestResponseBodyMethodProcessor",
                    "message": "Writing [com.zbkj.common.response.CommonResult@4b68aa2e]" }
                    
{
                    "app": "Crmeb",
                    "timestamp":"2025-09-18 18:21:29.783",
                    "level": "DEBUG",
                    "thread": "http-nio-8081-exec-11",
                    "class": "o.s.web.servlet.DispatcherServlet",
                    "message": "Completed 200 OK" }
                    
{
                    "app": "Crmeb",
                    "timestamp":"2025-09-18 18:21:39.101",
                    "level": "DEBUG",
                    "thread": "http-nio-8081-exec-17",
                    "class": "o.s.web.servlet.DispatcherServlet",
                    "message": "GET "/api/front/index/product?page=1&limit=13", parameters={masked}" }
                    
{
                    "app": "Crmeb",
                    "timestamp":"2025-09-18 18:21:39.102",
                    "level": "DEBUG",
                    "thread": "http-nio-8081-exec-24",
                    "class": "o.s.web.servlet.DispatcherServlet",
                    "message": "GET "/api/front/product/leaderboard", parameters={}" }
                    
{
                    "app": "Crmeb",
                    "timestamp":"2025-09-18 18:21:39.102",
                    "level": "DEBUG",
                    "thread": "http-nio-8081-exec-28",
                    "class": "o.s.web.servlet.DispatcherServlet",
                    "message": "GET "/api/front/activity/index/list", parameters={}" }
                    
{
                    "app": "Crmeb",
                    "timestamp":"2025-09-18 18:21:39.102",
                    "level": "DEBUG",
                    "thread": "http-nio-8081-exec-21",
                    "class": "o.s.web.servlet.DispatcherServlet",
                    "message": "GET "/api/pc/home/index", parameters={}" }
                    
{
                    "app": "Crmeb",
                    "timestamp":"2025-09-18 18:21:39.102",
                    "level": "DEBUG",
                    "thread": "http-nio-8081-exec-27",
                    "class": "o.s.web.servlet.DispatcherServlet",
                    "message": "GET "/api/front/merchant/street", parameters={}" }
                    
{
                    "app": "Crmeb",
                    "timestamp":"2025-09-18 18:21:39.103",
                    "level": "DEBUG",
                    "thread": "http-nio-8081-exec-17",
                    "class": "o.s.w.s.m.m.a.RequestMappingHandlerMapping",
                    "message": "Mapped to com.zbkj.front.controller.IndexController#getProductList(PageParamRequest)" }
                    
{
                    "app": "Crmeb",
                    "timestamp":"2025-09-18 18:21:39.104",
                    "level": "DEBUG",
                    "thread": "http-nio-8081-exec-27",
                    "class": "o.s.w.s.m.m.a.RequestMappingHandlerMapping",
                    "message": "Mapped to com.zbkj.front.controller.MerchantController#getStreet(PageParamRequest)" }
                    
{
                    "app": "Crmeb",
                    "timestamp":"2025-09-18 18:21:39.104",
                    "level": "DEBUG",
                    "thread": "http-nio-8081-exec-28",
                    "class": "o.s.w.s.m.m.a.RequestMappingHandlerMapping",
                    "message": "Mapped to com.zbkj.front.controller.ActivityController#getIndexList()" }
                    
{
                    "app": "Crmeb",
                    "timestamp":"2025-09-18 18:21:39.104",
                    "level": "DEBUG",
                    "thread": "http-nio-8081-exec-24",
                    "class": "o.s.w.s.m.m.a.RequestMappingHandlerMapping",
                    "message": "Mapped to com.zbkj.front.controller.ProductController#getLeaderboard()" }
                    
{
                    "app": "Crmeb",
                    "timestamp":"2025-09-18 18:21:39.104",
                    "level": "DEBUG",
                    "thread": "http-nio-8081-exec-21",
                    "class": "o.s.w.s.m.m.a.RequestMappingHandlerMapping",
                    "message": "Mapped to com.zbkj.front.pc.controller.PcIndexController#getIndexInfo()" }
                    
{
                    "app": "Crmeb",
                    "timestamp":"2025-09-18 18:21:39.111",
                    "level": "DEBUG",
                    "thread": "http-nio-8081-exec-17",
                    "class": "o.s.w.s.m.m.a.ExceptionHandlerExceptionResolver",
                    "message": "Using @ExceptionHandler com.zbkj.common.exception.GlobalExceptionHandler#defaultExceptionHandler(Exception)" }
                    
{
                    "app": "Crmeb",
                    "timestamp":"2025-09-18 18:21:39.111",
                    "level": "DEBUG",
                    "thread": "http-nio-8081-exec-24",
                    "class": "o.s.w.s.m.m.a.RequestResponseBodyMethodProcessor",
                    "message": "Using 'application/json', given [application/json, text/plain, */*] and supported [application/json, application/*+json, application/json, application/*+json]" }
                    
{
                    "app": "Crmeb",
                    "timestamp":"2025-09-18 18:21:39.111",
                    "level": "DEBUG",
                    "thread": "http-nio-8081-exec-24",
                    "class": "o.s.w.s.m.m.a.RequestResponseBodyMethodProcessor",
                    "message": "Writing [com.zbkj.common.response.CommonResult@265786b3]" }
                    
{
                    "app": "Crmeb",
                    "timestamp":"2025-09-18 18:21:39.112",
                    "level": "DEBUG",
                    "thread": "http-nio-8081-exec-24",
                    "class": "o.s.web.servlet.DispatcherServlet",
                    "message": "Completed 200 OK" }
                    
{
                    "app": "Crmeb",
                    "timestamp":"2025-09-18 18:21:39.120",
                    "level": "DEBUG",
                    "thread": "http-nio-8081-exec-27",
                    "class": "o.s.w.s.m.m.a.RequestResponseBodyMethodProcessor",
                    "message": "Using 'application/json', given [application/json, text/plain, */*] and supported [application/json, application/*+json, application/json, application/*+json]" }
                    
{
                    "app": "Crmeb",
                    "timestamp":"2025-09-18 18:21:39.120",
                    "level": "DEBUG",
                    "thread": "http-nio-8081-exec-27",
                    "class": "o.s.w.s.m.m.a.RequestResponseBodyMethodProcessor",
                    "message": "Writing [com.zbkj.common.response.CommonResult@63afa0db]" }
                    
{
                    "app": "Crmeb",
                    "timestamp":"2025-09-18 18:21:39.121",
                    "level": "DEBUG",
                    "thread": "http-nio-8081-exec-27",
                    "class": "o.s.web.servlet.DispatcherServlet",
                    "message": "Completed 200 OK" }
                    
{
                    "app": "Crmeb",
                    "timestamp":"2025-09-18 18:21:39.127",
                    "level": "DEBUG",
                    "thread": "http-nio-8081-exec-17",
                    "class": "o.s.w.s.m.m.a.RequestResponseBodyMethodProcessor",
                    "message": "Using 'application/json', given [application/json, text/plain, */*] and supported [application/json, application/*+json, application/json, application/*+json]" }
                    
{
                    "app": "Crmeb",
                    "timestamp":"2025-09-18 18:21:39.127",
                    "level": "DEBUG",
                    "thread": "http-nio-8081-exec-17",
                    "class": "o.s.w.s.m.m.a.RequestResponseBodyMethodProcessor",
                    "message": "Writing [com.zbkj.common.response.CommonResult@23b25d36]" }
                    
{
                    "app": "Crmeb",
                    "timestamp":"2025-09-18 18:21:39.128",
                    "level": "DEBUG",
                    "thread": "http-nio-8081-exec-17",
                    "class": "o.s.w.s.m.m.a.ExceptionHandlerExceptionResolver",
                    "message": "Resolved [org.springframework.jdbc.BadSqlGrammarException: 
### Error querying database.  Cause: java.sql.SQLSyntaxErrorException: You have an error in your SQL syntax; check the manual that corresponds to your MySQL server version for the right syntax to use near 'DESC,id DESC LIMIT 13' at line 5
### The error may exist in com/zbkj/service/dao/StoreProductDao.java (best guess)
### The error may involve defaultParameterMap
### The error occurred while setting parameters
### SQL: SELECT   id,image,store_name,price,ot_price,sales,ficti   FROM eb_store_product     WHERE (is_del = ? AND is_recycle = ? AND is_show = ? AND is_forced = ? AND audit_status = ? AND stock > ?) ORDER BY rank DESC,id DESC LIMIT ?
### Cause: java.sql.SQLSyntaxErrorException: You have an error in your SQL syntax; check the manual that corresponds to your MySQL server version for the right syntax to use near 'DESC,id DESC LIMIT 13' at line 5
; bad SQL grammar []; nested exception is java.sql.SQLSyntaxErrorException: You have an error in your SQL syntax; check the manual that corresponds to your MySQL server version for the right syntax to use near 'DESC,id DESC LIMIT 13' at line 5]" }
                    
{
                    "app": "Crmeb",
                    "timestamp":"2025-09-18 18:21:39.128",
                    "level": "DEBUG",
                    "thread": "http-nio-8081-exec-17",
                    "class": "o.s.web.servlet.DispatcherServlet",
                    "message": "Completed 200 OK" }
                    
{
                    "app": "Crmeb",
                    "timestamp":"2025-09-18 18:21:39.135",
                    "level": "DEBUG",
                    "thread": "http-nio-8081-exec-28",
                    "class": "o.s.w.s.m.m.a.RequestResponseBodyMethodProcessor",
                    "message": "Using 'application/json', given [application/json, text/plain, */*] and supported [application/json, application/*+json, application/json, application/*+json]" }
                    
{
                    "app": "Crmeb",
                    "timestamp":"2025-09-18 18:21:39.135",
                    "level": "DEBUG",
                    "thread": "http-nio-8081-exec-28",
                    "class": "o.s.w.s.m.m.a.RequestResponseBodyMethodProcessor",
                    "message": "Writing [com.zbkj.common.response.CommonResult@c6e02f9]" }
                    
{
                    "app": "Crmeb",
                    "timestamp":"2025-09-18 18:21:39.135",
                    "level": "DEBUG",
                    "thread": "http-nio-8081-exec-28",
                    "class": "o.s.web.servlet.DispatcherServlet",
                    "message": "Completed 200 OK" }
                    
{
                    "app": "Crmeb",
                    "timestamp":"2025-09-18 18:21:39.137",
                    "level": "DEBUG",
                    "thread": "http-nio-8081-exec-21",
                    "class": "o.s.w.s.m.m.a.RequestResponseBodyMethodProcessor",
                    "message": "Using 'application/json', given [application/json, text/plain, */*] and supported [application/json, application/*+json, application/json, application/*+json]" }
                    
{
                    "app": "Crmeb",
                    "timestamp":"2025-09-18 18:21:39.137",
                    "level": "DEBUG",
                    "thread": "http-nio-8081-exec-21",
                    "class": "o.s.w.s.m.m.a.RequestResponseBodyMethodProcessor",
                    "message": "Writing [com.zbkj.common.response.CommonResult@37d2b1e9]" }
                    
{
                    "app": "Crmeb",
                    "timestamp":"2025-09-18 18:21:39.138",
                    "level": "DEBUG",
                    "thread": "http-nio-8081-exec-21",
                    "class": "o.s.web.servlet.DispatcherServlet",
                    "message": "Completed 200 OK" }
                    
{
                    "app": "Crmeb",
                    "timestamp":"2025-09-18 18:21:39.144",
                    "level": "DEBUG",
                    "thread": "http-nio-8081-exec-26",
                    "class": "o.s.web.servlet.DispatcherServlet",
                    "message": "GET "/api/front/activity/index/list", parameters={}" }
                    
{
                    "app": "Crmeb",
                    "timestamp":"2025-09-18 18:21:39.145",
                    "level": "DEBUG",
                    "thread": "http-nio-8081-exec-26",
                    "class": "o.s.w.s.m.m.a.RequestMappingHandlerMapping",
                    "message": "Mapped to com.zbkj.front.controller.ActivityController#getIndexList()" }
                    
{
                    "app": "Crmeb",
                    "timestamp":"2025-09-18 18:21:39.154",
                    "level": "DEBUG",
                    "thread": "http-nio-8081-exec-9",
                    "class": "o.s.web.servlet.DispatcherServlet",
                    "message": "GET "/api/pc/home/index", parameters={}" }
                    
{
                    "app": "Crmeb",
                    "timestamp":"2025-09-18 18:21:39.154",
                    "level": "DEBUG",
                    "thread": "http-nio-8081-exec-1",
                    "class": "o.s.web.servlet.DispatcherServlet",
                    "message": "GET "/api/front/index/product?page=1&limit=13", parameters={masked}" }
                    
{
                    "app": "Crmeb",
                    "timestamp":"2025-09-18 18:21:39.155",
                    "level": "DEBUG",
                    "thread": "http-nio-8081-exec-9",
                    "class": "o.s.w.s.m.m.a.RequestMappingHandlerMapping",
                    "message": "Mapped to com.zbkj.front.pc.controller.PcIndexController#getIndexInfo()" }
                    
{
                    "app": "Crmeb",
                    "timestamp":"2025-09-18 18:21:39.157",
                    "level": "DEBUG",
                    "thread": "http-nio-8081-exec-1",
                    "class": "o.s.w.s.m.m.a.RequestMappingHandlerMapping",
                    "message": "Mapped to com.zbkj.front.controller.IndexController#getProductList(PageParamRequest)" }
                    
{
                    "app": "Crmeb",
                    "timestamp":"2025-09-18 18:21:39.157",
                    "level": "DEBUG",
                    "thread": "http-nio-8081-exec-5",
                    "class": "o.s.web.servlet.DispatcherServlet",
                    "message": "GET "/api/front/product/category", parameters={}" }
                    
{
                    "app": "Crmeb",
                    "timestamp":"2025-09-18 18:21:39.157",
                    "level": "DEBUG",
                    "thread": "http-nio-8081-exec-25",
                    "class": "o.s.web.servlet.DispatcherServlet",
                    "message": "POST "/api/front/login/token/is/exist", parameters={}" }
                    
{
                    "app": "Crmeb",
                    "timestamp":"2025-09-18 18:21:39.157",
                    "level": "DEBUG",
                    "thread": "http-nio-8081-exec-6",
                    "class": "o.s.web.servlet.DispatcherServlet",
                    "message": "GET "/api/front/search/keyword", parameters={}" }
                    
{
                    "app": "Crmeb",
                    "timestamp":"2025-09-18 18:21:39.157",
                    "level": "DEBUG",
                    "thread": "http-nio-8081-exec-25",
                    "class": "o.s.w.s.m.m.a.RequestMappingHandlerMapping",
                    "message": "Mapped to com.zbkj.front.controller.LoginController#tokenIsExist()" }
                    
{
                    "app": "Crmeb",
                    "timestamp":"2025-09-18 18:21:39.157",
                    "level": "DEBUG",
                    "thread": "http-nio-8081-exec-5",
                    "class": "o.s.w.s.m.m.a.RequestMappingHandlerMapping",
                    "message": "Mapped to com.zbkj.front.controller.ProductController#getCategory()" }
                    
{
                    "app": "Crmeb",
                    "timestamp":"2025-09-18 18:21:39.157",
                    "level": "DEBUG",
                    "thread": "http-nio-8081-exec-6",
                    "class": "o.s.w.s.m.m.a.RequestMappingHandlerMapping",
                    "message": "Mapped to com.zbkj.front.controller.IndexController#hotKeywords()" }
                    
{
                    "app": "Crmeb",
                    "timestamp":"2025-09-18 18:21:39.158",
                    "level": "DEBUG",
                    "thread": "http-nio-8081-exec-25",
                    "class": "o.s.w.s.m.m.a.RequestResponseBodyMethodProcessor",
                    "message": "Using 'application/json', given [application/json, text/plain, */*] and supported [application/json, application/*+json, application/json, application/*+json]" }
                    
{
                    "app": "Crmeb",
                    "timestamp":"2025-09-18 18:21:39.159",
                    "level": "DEBUG",
                    "thread": "http-nio-8081-exec-25",
                    "class": "o.s.w.s.m.m.a.RequestResponseBodyMethodProcessor",
                    "message": "Writing [com.zbkj.common.response.CommonResult@2da7531]" }
                    
{
                    "app": "Crmeb",
                    "timestamp":"2025-09-18 18:21:39.161",
                    "level": "DEBUG",
                    "thread": "http-nio-8081-exec-25",
                    "class": "o.s.web.servlet.DispatcherServlet",
                    "message": "Completed 200 OK" }
                    
{
                    "app": "Crmeb",
                    "timestamp":"2025-09-18 18:21:39.168",
                    "level": "DEBUG",
                    "thread": "http-nio-8081-exec-1",
                    "class": "o.s.w.s.m.m.a.ExceptionHandlerExceptionResolver",
                    "message": "Using @ExceptionHandler com.zbkj.common.exception.GlobalExceptionHandler#defaultExceptionHandler(Exception)" }
                    
{
                    "app": "Crmeb",
                    "timestamp":"2025-09-18 18:21:39.176",
                    "level": "DEBUG",
                    "thread": "http-nio-8081-exec-6",
                    "class": "o.s.w.s.m.m.a.RequestResponseBodyMethodProcessor",
                    "message": "Using 'application/json', given [application/json, text/plain, */*] and supported [application/json, application/*+json, application/json, application/*+json]" }
                    
{
                    "app": "Crmeb",
                    "timestamp":"2025-09-18 18:21:39.177",
                    "level": "DEBUG",
                    "thread": "http-nio-8081-exec-6",
                    "class": "o.s.w.s.m.m.a.RequestResponseBodyMethodProcessor",
                    "message": "Writing [com.zbkj.common.response.CommonResult@58cece96]" }
                    
{
                    "app": "Crmeb",
                    "timestamp":"2025-09-18 18:21:39.178",
                    "level": "DEBUG",
                    "thread": "http-nio-8081-exec-6",
                    "class": "o.s.web.servlet.DispatcherServlet",
                    "message": "Completed 200 OK" }
                    
{
                    "app": "Crmeb",
                    "timestamp":"2025-09-18 18:21:39.183",
                    "level": "DEBUG",
                    "thread": "http-nio-8081-exec-26",
                    "class": "o.s.w.s.m.m.a.RequestResponseBodyMethodProcessor",
                    "message": "Using 'application/json', given [application/json, text/plain, */*] and supported [application/json, application/*+json, application/json, application/*+json]" }
                    
{
                    "app": "Crmeb",
                    "timestamp":"2025-09-18 18:21:39.183",
                    "level": "DEBUG",
                    "thread": "http-nio-8081-exec-26",
                    "class": "o.s.w.s.m.m.a.RequestResponseBodyMethodProcessor",
                    "message": "Writing [com.zbkj.common.response.CommonResult@5cf1c65f]" }
                    
{
                    "app": "Crmeb",
                    "timestamp":"2025-09-18 18:21:39.184",
                    "level": "DEBUG",
                    "thread": "http-nio-8081-exec-26",
                    "class": "o.s.web.servlet.DispatcherServlet",
                    "message": "Completed 200 OK" }
                    
{
                    "app": "Crmeb",
                    "timestamp":"2025-09-18 18:21:39.200",
                    "level": "DEBUG",
                    "thread": "http-nio-8081-exec-1",
                    "class": "o.s.w.s.m.m.a.RequestResponseBodyMethodProcessor",
                    "message": "Using 'application/json', given [application/json, text/plain, */*] and supported [application/json, application/*+json, application/json, application/*+json]" }
                    
{
                    "app": "Crmeb",
                    "timestamp":"2025-09-18 18:21:39.200",
                    "level": "DEBUG",
                    "thread": "http-nio-8081-exec-1",
                    "class": "o.s.w.s.m.m.a.RequestResponseBodyMethodProcessor",
                    "message": "Writing [com.zbkj.common.response.CommonResult@6c3dc8ef]" }
                    
{
                    "app": "Crmeb",
                    "timestamp":"2025-09-18 18:21:39.201",
                    "level": "DEBUG",
                    "thread": "http-nio-8081-exec-1",
                    "class": "o.s.w.s.m.m.a.ExceptionHandlerExceptionResolver",
                    "message": "Resolved [org.springframework.jdbc.BadSqlGrammarException: 
### Error querying database.  Cause: java.sql.SQLSyntaxErrorException: You have an error in your SQL syntax; check the manual that corresponds to your MySQL server version for the right syntax to use near 'DESC,id DESC LIMIT 13' at line 5
### The error may exist in com/zbkj/service/dao/StoreProductDao.java (best guess)
### The error may involve defaultParameterMap
### The error occurred while setting parameters
### SQL: SELECT   id,image,store_name,price,ot_price,sales,ficti   FROM eb_store_product     WHERE (is_del = ? AND is_recycle = ? AND is_show = ? AND is_forced = ? AND audit_status = ? AND stock > ?) ORDER BY rank DESC,id DESC LIMIT ?
### Cause: java.sql.SQLSyntaxErrorException: You have an error in your SQL syntax; check the manual that corresponds to your MySQL server version for the right syntax to use near 'DESC,id DESC LIMIT 13' at line 5
; bad SQL grammar []; nested exception is java.sql.SQLSyntaxErrorException: You have an error in your SQL syntax; check the manual that corresponds to your MySQL server version for the right syntax to use near 'DESC,id DESC LIMIT 13' at line 5]" }
                    
{
                    "app": "Crmeb",
                    "timestamp":"2025-09-18 18:21:39.203",
                    "level": "DEBUG",
                    "thread": "http-nio-8081-exec-1",
                    "class": "o.s.web.servlet.DispatcherServlet",
                    "message": "Completed 200 OK" }
                    
{
                    "app": "Crmeb",
                    "timestamp":"2025-09-18 18:21:39.209",
                    "level": "DEBUG",
                    "thread": "http-nio-8081-exec-9",
                    "class": "o.s.w.s.m.m.a.RequestResponseBodyMethodProcessor",
                    "message": "Using 'application/json', given [application/json, text/plain, */*] and supported [application/json, application/*+json, application/json, application/*+json]" }
                    
{
                    "app": "Crmeb",
                    "timestamp":"2025-09-18 18:21:39.209",
                    "level": "DEBUG",
                    "thread": "http-nio-8081-exec-9",
                    "class": "o.s.w.s.m.m.a.RequestResponseBodyMethodProcessor",
                    "message": "Writing [com.zbkj.common.response.CommonResult@3fad53f4]" }
                    
{
                    "app": "Crmeb",
                    "timestamp":"2025-09-18 18:21:39.210",
                    "level": "DEBUG",
                    "thread": "http-nio-8081-exec-9",
                    "class": "o.s.web.servlet.DispatcherServlet",
                    "message": "Completed 200 OK" }
                    
{
                    "app": "Crmeb",
                    "timestamp":"2025-09-18 18:21:39.220",
                    "level": "DEBUG",
                    "thread": "http-nio-8081-exec-5",
                    "class": "o.s.w.s.m.m.a.RequestResponseBodyMethodProcessor",
                    "message": "Using 'application/json', given [application/json, text/plain, */*] and supported [application/json, application/*+json, application/json, application/*+json]" }
                    
{
                    "app": "Crmeb",
                    "timestamp":"2025-09-18 18:21:39.220",
                    "level": "DEBUG",
                    "thread": "http-nio-8081-exec-5",
                    "class": "o.s.w.s.m.m.a.RequestResponseBodyMethodProcessor",
                    "message": "Writing [com.zbkj.common.response.CommonResult@6cc516ac]" }
                    
{
                    "app": "Crmeb",
                    "timestamp":"2025-09-18 18:21:39.220",
                    "level": "DEBUG",
                    "thread": "http-nio-8081-exec-5",
                    "class": "o.s.web.servlet.DispatcherServlet",
                    "message": "Completed 200 OK" }
                    
{
                    "app": "Crmeb",
                    "timestamp":"2025-09-18 18:21:56.924",
                    "level": "DEBUG",
                    "thread": "http-nio-8081-exec-14",
                    "class": "o.s.web.servlet.DispatcherServlet",
                    "message": "GET "/api/front/activity/index/list", parameters={}" }
                    
{
                    "app": "Crmeb",
                    "timestamp":"2025-09-18 18:21:56.924",
                    "level": "DEBUG",
                    "thread": "http-nio-8081-exec-15",
                    "class": "o.s.web.servlet.DispatcherServlet",
                    "message": "GET "/api/pc/home/index", parameters={}" }
                    
{
                    "app": "Crmeb",
                    "timestamp":"2025-09-18 18:21:56.924",
                    "level": "DEBUG",
                    "thread": "http-nio-8081-exec-11",
                    "class": "o.s.web.servlet.DispatcherServlet",
                    "message": "GET "/api/front/product/leaderboard", parameters={}" }
                    
{
                    "app": "Crmeb",
                    "timestamp":"2025-09-18 18:21:56.924",
                    "level": "DEBUG",
                    "thread": "http-nio-8081-exec-4",
                    "class": "o.s.web.servlet.DispatcherServlet",
                    "message": "GET "/api/front/merchant/street", parameters={}" }
                    
{
                    "app": "Crmeb",
                    "timestamp":"2025-09-18 18:21:56.924",
                    "level": "DEBUG",
                    "thread": "http-nio-8081-exec-14",
                    "class": "o.s.w.s.m.m.a.RequestMappingHandlerMapping",
                    "message": "Mapped to com.zbkj.front.controller.ActivityController#getIndexList()" }
                    
{
                    "app": "Crmeb",
                    "timestamp":"2025-09-18 18:21:56.926",
                    "level": "DEBUG",
                    "thread": "http-nio-8081-exec-4",
                    "class": "o.s.w.s.m.m.a.RequestMappingHandlerMapping",
                    "message": "Mapped to com.zbkj.front.controller.MerchantController#getStreet(PageParamRequest)" }
                    
{
                    "app": "Crmeb",
                    "timestamp":"2025-09-18 18:21:56.925",
                    "level": "DEBUG",
                    "thread": "http-nio-8081-exec-23",
                    "class": "o.s.web.servlet.DispatcherServlet",
                    "message": "GET "/api/front/index/product?page=1&limit=13", parameters={masked}" }
                    
{
                    "app": "Crmeb",
                    "timestamp":"2025-09-18 18:21:56.925",
                    "level": "DEBUG",
                    "thread": "http-nio-8081-exec-15",
                    "class": "o.s.w.s.m.m.a.RequestMappingHandlerMapping",
                    "message": "Mapped to com.zbkj.front.pc.controller.PcIndexController#getIndexInfo()" }
                    
{
                    "app": "Crmeb",
                    "timestamp":"2025-09-18 18:21:56.925",
                    "level": "DEBUG",
                    "thread": "http-nio-8081-exec-11",
                    "class": "o.s.w.s.m.m.a.RequestMappingHandlerMapping",
                    "message": "Mapped to com.zbkj.front.controller.ProductController#getLeaderboard()" }
                    
{
                    "app": "Crmeb",
                    "timestamp":"2025-09-18 18:21:56.927",
                    "level": "DEBUG",
                    "thread": "http-nio-8081-exec-23",
                    "class": "o.s.w.s.m.m.a.RequestMappingHandlerMapping",
                    "message": "Mapped to com.zbkj.front.controller.IndexController#getProductList(PageParamRequest)" }
                    
{
                    "app": "Crmeb",
                    "timestamp":"2025-09-18 18:21:56.936",
                    "level": "DEBUG",
                    "thread": "http-nio-8081-exec-23",
                    "class": "o.s.w.s.m.m.a.ExceptionHandlerExceptionResolver",
                    "message": "Using @ExceptionHandler com.zbkj.common.exception.GlobalExceptionHandler#defaultExceptionHandler(Exception)" }
                    
{
                    "app": "Crmeb",
                    "timestamp":"2025-09-18 18:21:56.936",
                    "level": "DEBUG",
                    "thread": "http-nio-8081-exec-11",
                    "class": "o.s.w.s.m.m.a.RequestResponseBodyMethodProcessor",
                    "message": "Using 'application/json', given [application/json, text/plain, */*] and supported [application/json, application/*+json, application/json, application/*+json]" }
                    
{
                    "app": "Crmeb",
                    "timestamp":"2025-09-18 18:21:56.936",
                    "level": "DEBUG",
                    "thread": "http-nio-8081-exec-11",
                    "class": "o.s.w.s.m.m.a.RequestResponseBodyMethodProcessor",
                    "message": "Writing [com.zbkj.common.response.CommonResult@c7293ce]" }
                    
{
                    "app": "Crmeb",
                    "timestamp":"2025-09-18 18:21:56.937",
                    "level": "DEBUG",
                    "thread": "http-nio-8081-exec-4",
                    "class": "o.s.w.s.m.m.a.RequestResponseBodyMethodProcessor",
                    "message": "Using 'application/json', given [application/json, text/plain, */*] and supported [application/json, application/*+json, application/json, application/*+json]" }
                    
{
                    "app": "Crmeb",
                    "timestamp":"2025-09-18 18:21:56.937",
                    "level": "DEBUG",
                    "thread": "http-nio-8081-exec-11",
                    "class": "o.s.web.servlet.DispatcherServlet",
                    "message": "Completed 200 OK" }
                    
{
                    "app": "Crmeb",
                    "timestamp":"2025-09-18 18:21:56.937",
                    "level": "DEBUG",
                    "thread": "http-nio-8081-exec-4",
                    "class": "o.s.w.s.m.m.a.RequestResponseBodyMethodProcessor",
                    "message": "Writing [com.zbkj.common.response.CommonResult@59e9de33]" }
                    
{
                    "app": "Crmeb",
                    "timestamp":"2025-09-18 18:21:56.938",
                    "level": "DEBUG",
                    "thread": "http-nio-8081-exec-4",
                    "class": "o.s.web.servlet.DispatcherServlet",
                    "message": "Completed 200 OK" }
                    
{
                    "app": "Crmeb",
                    "timestamp":"2025-09-18 18:21:56.950",
                    "level": "DEBUG",
                    "thread": "http-nio-8081-exec-23",
                    "class": "o.s.w.s.m.m.a.RequestResponseBodyMethodProcessor",
                    "message": "Using 'application/json', given [application/json, text/plain, */*] and supported [application/json, application/*+json, application/json, application/*+json]" }
                    
{
                    "app": "Crmeb",
                    "timestamp":"2025-09-18 18:21:56.950",
                    "level": "DEBUG",
                    "thread": "http-nio-8081-exec-23",
                    "class": "o.s.w.s.m.m.a.RequestResponseBodyMethodProcessor",
                    "message": "Writing [com.zbkj.common.response.CommonResult@462acb05]" }
                    
{
                    "app": "Crmeb",
                    "timestamp":"2025-09-18 18:21:56.951",
                    "level": "DEBUG",
                    "thread": "http-nio-8081-exec-23",
                    "class": "o.s.w.s.m.m.a.ExceptionHandlerExceptionResolver",
                    "message": "Resolved [org.springframework.jdbc.BadSqlGrammarException: 
### Error querying database.  Cause: java.sql.SQLSyntaxErrorException: You have an error in your SQL syntax; check the manual that corresponds to your MySQL server version for the right syntax to use near 'DESC,id DESC LIMIT 13' at line 5
### The error may exist in com/zbkj/service/dao/StoreProductDao.java (best guess)
### The error may involve defaultParameterMap
### The error occurred while setting parameters
### SQL: SELECT   id,image,store_name,price,ot_price,sales,ficti   FROM eb_store_product     WHERE (is_del = ? AND is_recycle = ? AND is_show = ? AND is_forced = ? AND audit_status = ? AND stock > ?) ORDER BY rank DESC,id DESC LIMIT ?
### Cause: java.sql.SQLSyntaxErrorException: You have an error in your SQL syntax; check the manual that corresponds to your MySQL server version for the right syntax to use near 'DESC,id DESC LIMIT 13' at line 5
; bad SQL grammar []; nested exception is java.sql.SQLSyntaxErrorException: You have an error in your SQL syntax; check the manual that corresponds to your MySQL server version for the right syntax to use near 'DESC,id DESC LIMIT 13' at line 5]" }
                    
{
                    "app": "Crmeb",
                    "timestamp":"2025-09-18 18:21:56.951",
                    "level": "DEBUG",
                    "thread": "http-nio-8081-exec-23",
                    "class": "o.s.web.servlet.DispatcherServlet",
                    "message": "Completed 200 OK" }
                    
{
                    "app": "Crmeb",
                    "timestamp":"2025-09-18 18:21:56.955",
                    "level": "DEBUG",
                    "thread": "http-nio-8081-exec-14",
                    "class": "o.s.w.s.m.m.a.RequestResponseBodyMethodProcessor",
                    "message": "Using 'application/json', given [application/json, text/plain, */*] and supported [application/json, application/*+json, application/json, application/*+json]" }
                    
{
                    "app": "Crmeb",
                    "timestamp":"2025-09-18 18:21:56.956",
                    "level": "DEBUG",
                    "thread": "http-nio-8081-exec-14",
                    "class": "o.s.w.s.m.m.a.RequestResponseBodyMethodProcessor",
                    "message": "Writing [com.zbkj.common.response.CommonResult@67358890]" }
                    
{
                    "app": "Crmeb",
                    "timestamp":"2025-09-18 18:21:56.957",
                    "level": "DEBUG",
                    "thread": "http-nio-8081-exec-14",
                    "class": "o.s.web.servlet.DispatcherServlet",
                    "message": "Completed 200 OK" }
                    
{
                    "app": "Crmeb",
                    "timestamp":"2025-09-18 18:21:56.961",
                    "level": "DEBUG",
                    "thread": "http-nio-8081-exec-15",
                    "class": "o.s.w.s.m.m.a.RequestResponseBodyMethodProcessor",
                    "message": "Using 'application/json', given [application/json, text/plain, */*] and supported [application/json, application/*+json, application/json, application/*+json]" }
                    
{
                    "app": "Crmeb",
                    "timestamp":"2025-09-18 18:21:56.962",
                    "level": "DEBUG",
                    "thread": "http-nio-8081-exec-15",
                    "class": "o.s.w.s.m.m.a.RequestResponseBodyMethodProcessor",
                    "message": "Writing [com.zbkj.common.response.CommonResult@18d2e4a0]" }
                    
{
                    "app": "Crmeb",
                    "timestamp":"2025-09-18 18:21:56.963",
                    "level": "DEBUG",
                    "thread": "http-nio-8081-exec-15",
                    "class": "o.s.web.servlet.DispatcherServlet",
                    "message": "Completed 200 OK" }
                    
{
                    "app": "Crmeb",
                    "timestamp":"2025-09-18 18:21:56.966",
                    "level": "DEBUG",
                    "thread": "http-nio-8081-exec-14",
                    "class": "o.s.web.servlet.DispatcherServlet",
                    "message": "GET "/api/front/activity/index/list", parameters={}" }
                    
{
                    "app": "Crmeb",
                    "timestamp":"2025-09-18 18:21:56.967",
                    "level": "DEBUG",
                    "thread": "http-nio-8081-exec-14",
                    "class": "o.s.w.s.m.m.a.RequestMappingHandlerMapping",
                    "message": "Mapped to com.zbkj.front.controller.ActivityController#getIndexList()" }
                    
{
                    "app": "Crmeb",
                    "timestamp":"2025-09-18 18:21:56.972",
                    "level": "DEBUG",
                    "thread": "http-nio-8081-exec-13",
                    "class": "o.s.web.servlet.DispatcherServlet",
                    "message": "GET "/api/front/index/product?page=1&limit=13", parameters={masked}" }
                    
{
                    "app": "Crmeb",
                    "timestamp":"2025-09-18 18:21:56.973",
                    "level": "DEBUG",
                    "thread": "http-nio-8081-exec-13",
                    "class": "o.s.w.s.m.m.a.RequestMappingHandlerMapping",
                    "message": "Mapped to com.zbkj.front.controller.IndexController#getProductList(PageParamRequest)" }
                    
{
                    "app": "Crmeb",
                    "timestamp":"2025-09-18 18:21:56.978",
                    "level": "DEBUG",
                    "thread": "http-nio-8081-exec-17",
                    "class": "o.s.web.servlet.DispatcherServlet",
                    "message": "GET "/api/front/search/keyword", parameters={}" }
                    
{
                    "app": "Crmeb",
                    "timestamp":"2025-09-18 18:21:56.978",
                    "level": "DEBUG",
                    "thread": "http-nio-8081-exec-24",
                    "class": "o.s.web.servlet.DispatcherServlet",
                    "message": "GET "/api/front/product/category", parameters={}" }
                    
{
                    "app": "Crmeb",
                    "timestamp":"2025-09-18 18:21:56.979",
                    "level": "DEBUG",
                    "thread": "http-nio-8081-exec-10",
                    "class": "o.s.web.servlet.DispatcherServlet",
                    "message": "POST "/api/front/login/token/is/exist", parameters={}" }
                    
{
                    "app": "Crmeb",
                    "timestamp":"2025-09-18 18:21:56.979",
                    "level": "DEBUG",
                    "thread": "http-nio-8081-exec-24",
                    "class": "o.s.w.s.m.m.a.RequestMappingHandlerMapping",
                    "message": "Mapped to com.zbkj.front.controller.ProductController#getCategory()" }
                    
{
                    "app": "Crmeb",
                    "timestamp":"2025-09-18 18:21:56.979",
                    "level": "DEBUG",
                    "thread": "http-nio-8081-exec-17",
                    "class": "o.s.w.s.m.m.a.RequestMappingHandlerMapping",
                    "message": "Mapped to com.zbkj.front.controller.IndexController#hotKeywords()" }
                    
{
                    "app": "Crmeb",
                    "timestamp":"2025-09-18 18:21:56.980",
                    "level": "DEBUG",
                    "thread": "http-nio-8081-exec-10",
                    "class": "o.s.w.s.m.m.a.RequestMappingHandlerMapping",
                    "message": "Mapped to com.zbkj.front.controller.LoginController#tokenIsExist()" }
                    
{
                    "app": "Crmeb",
                    "timestamp":"2025-09-18 18:21:56.981",
                    "level": "DEBUG",
                    "thread": "http-nio-8081-exec-10",
                    "class": "o.s.w.s.m.m.a.RequestResponseBodyMethodProcessor",
                    "message": "Using 'application/json', given [application/json, text/plain, */*] and supported [application/json, application/*+json, application/json, application/*+json]" }
                    
{
                    "app": "Crmeb",
                    "timestamp":"2025-09-18 18:21:56.982",
                    "level": "DEBUG",
                    "thread": "http-nio-8081-exec-10",
                    "class": "o.s.w.s.m.m.a.RequestResponseBodyMethodProcessor",
                    "message": "Writing [com.zbkj.common.response.CommonResult@769763c5]" }
                    
{
                    "app": "Crmeb",
                    "timestamp":"2025-09-18 18:21:56.982",
                    "level": "DEBUG",
                    "thread": "http-nio-8081-exec-10",
                    "class": "o.s.web.servlet.DispatcherServlet",
                    "message": "Completed 200 OK" }
                    
{
                    "app": "Crmeb",
                    "timestamp":"2025-09-18 18:21:56.986",
                    "level": "DEBUG",
                    "thread": "http-nio-8081-exec-13",
                    "class": "o.s.w.s.m.m.a.ExceptionHandlerExceptionResolver",
                    "message": "Using @ExceptionHandler com.zbkj.common.exception.GlobalExceptionHandler#defaultExceptionHandler(Exception)" }
                    
{
                    "app": "Crmeb",
                    "timestamp":"2025-09-18 18:21:56.988",
                    "level": "DEBUG",
                    "thread": "http-nio-8081-exec-17",
                    "class": "o.s.w.s.m.m.a.RequestResponseBodyMethodProcessor",
                    "message": "Using 'application/json', given [application/json, text/plain, */*] and supported [application/json, application/*+json, application/json, application/*+json]" }
                    
{
                    "app": "Crmeb",
                    "timestamp":"2025-09-18 18:21:56.989",
                    "level": "DEBUG",
                    "thread": "http-nio-8081-exec-17",
                    "class": "o.s.w.s.m.m.a.RequestResponseBodyMethodProcessor",
                    "message": "Writing [com.zbkj.common.response.CommonResult@41b69cfd]" }
                    
{
                    "app": "Crmeb",
                    "timestamp":"2025-09-18 18:21:56.989",
                    "level": "DEBUG",
                    "thread": "http-nio-8081-exec-17",
                    "class": "o.s.web.servlet.DispatcherServlet",
                    "message": "Completed 200 OK" }
                    
{
                    "app": "Crmeb",
                    "timestamp":"2025-09-18 18:21:56.999",
                    "level": "DEBUG",
                    "thread": "http-nio-8081-exec-14",
                    "class": "o.s.w.s.m.m.a.RequestResponseBodyMethodProcessor",
                    "message": "Using 'application/json', given [application/json, text/plain, */*] and supported [application/json, application/*+json, application/json, application/*+json]" }
                    
{
                    "app": "Crmeb",
                    "timestamp":"2025-09-18 18:21:57.000",
                    "level": "DEBUG",
                    "thread": "http-nio-8081-exec-14",
                    "class": "o.s.w.s.m.m.a.RequestResponseBodyMethodProcessor",
                    "message": "Writing [com.zbkj.common.response.CommonResult@570a39b8]" }
                    
{
                    "app": "Crmeb",
                    "timestamp":"2025-09-18 18:21:57.000",
                    "level": "DEBUG",
                    "thread": "http-nio-8081-exec-14",
                    "class": "o.s.web.servlet.DispatcherServlet",
                    "message": "Completed 200 OK" }
                    
{
                    "app": "Crmeb",
                    "timestamp":"2025-09-18 18:21:57.014",
                    "level": "DEBUG",
                    "thread": "http-nio-8081-exec-13",
                    "class": "o.s.w.s.m.m.a.RequestResponseBodyMethodProcessor",
                    "message": "Using 'application/json', given [application/json, text/plain, */*] and supported [application/json, application/*+json, application/json, application/*+json]" }
                    
{
                    "app": "Crmeb",
                    "timestamp":"2025-09-18 18:21:57.014",
                    "level": "DEBUG",
                    "thread": "http-nio-8081-exec-13",
                    "class": "o.s.w.s.m.m.a.RequestResponseBodyMethodProcessor",
                    "message": "Writing [com.zbkj.common.response.CommonResult@12391dbd]" }
                    
{
                    "app": "Crmeb",
                    "timestamp":"2025-09-18 18:21:57.014",
                    "level": "DEBUG",
                    "thread": "http-nio-8081-exec-13",
                    "class": "o.s.w.s.m.m.a.ExceptionHandlerExceptionResolver",
                    "message": "Resolved [org.springframework.jdbc.BadSqlGrammarException: 
### Error querying database.  Cause: java.sql.SQLSyntaxErrorException: You have an error in your SQL syntax; check the manual that corresponds to your MySQL server version for the right syntax to use near 'DESC,id DESC LIMIT 13' at line 5
### The error may exist in com/zbkj/service/dao/StoreProductDao.java (best guess)
### The error may involve defaultParameterMap
### The error occurred while setting parameters
### SQL: SELECT   id,image,store_name,price,ot_price,sales,ficti   FROM eb_store_product     WHERE (is_del = ? AND is_recycle = ? AND is_show = ? AND is_forced = ? AND audit_status = ? AND stock > ?) ORDER BY rank DESC,id DESC LIMIT ?
### Cause: java.sql.SQLSyntaxErrorException: You have an error in your SQL syntax; check the manual that corresponds to your MySQL server version for the right syntax to use near 'DESC,id DESC LIMIT 13' at line 5
; bad SQL grammar []; nested exception is java.sql.SQLSyntaxErrorException: You have an error in your SQL syntax; check the manual that corresponds to your MySQL server version for the right syntax to use near 'DESC,id DESC LIMIT 13' at line 5]" }
                    
{
                    "app": "Crmeb",
                    "timestamp":"2025-09-18 18:21:57.015",
                    "level": "DEBUG",
                    "thread": "http-nio-8081-exec-13",
                    "class": "o.s.web.servlet.DispatcherServlet",
                    "message": "Completed 200 OK" }
                    
{
                    "app": "Crmeb",
                    "timestamp":"2025-09-18 18:21:57.022",
                    "level": "DEBUG",
                    "thread": "http-nio-8081-exec-24",
                    "class": "o.s.w.s.m.m.a.RequestResponseBodyMethodProcessor",
                    "message": "Using 'application/json', given [application/json, text/plain, */*] and supported [application/json, application/*+json, application/json, application/*+json]" }
                    
{
                    "app": "Crmeb",
                    "timestamp":"2025-09-18 18:21:57.023",
                    "level": "DEBUG",
                    "thread": "http-nio-8081-exec-24",
                    "class": "o.s.w.s.m.m.a.RequestResponseBodyMethodProcessor",
                    "message": "Writing [com.zbkj.common.response.CommonResult@190a9a14]" }
                    
{
                    "app": "Crmeb",
                    "timestamp":"2025-09-18 18:21:57.023",
                    "level": "DEBUG",
                    "thread": "http-nio-8081-exec-24",
                    "class": "o.s.web.servlet.DispatcherServlet",
                    "message": "Completed 200 OK" }
                    
{
                    "app": "Crmeb",
                    "timestamp":"2025-09-18 18:24:22.232",
                    "level": "DEBUG",
                    "thread": "http-nio-8081-exec-3",
                    "class": "o.s.web.servlet.DispatcherServlet",
                    "message": "GET "/api/pc/home/index", parameters={}" }
                    
{
                    "app": "Crmeb",
                    "timestamp":"2025-09-18 18:24:22.232",
                    "level": "DEBUG",
                    "thread": "http-nio-8081-exec-8",
                    "class": "o.s.web.servlet.DispatcherServlet",
                    "message": "GET "/api/front/product/leaderboard", parameters={}" }
                    
{
                    "app": "Crmeb",
                    "timestamp":"2025-09-18 18:24:22.232",
                    "level": "DEBUG",
                    "thread": "http-nio-8081-exec-18",
                    "class": "o.s.web.servlet.DispatcherServlet",
                    "message": "GET "/api/front/merchant/street", parameters={}" }
                    
{
                    "app": "Crmeb",
                    "timestamp":"2025-09-18 18:24:22.232",
                    "level": "DEBUG",
                    "thread": "http-nio-8081-exec-22",
                    "class": "o.s.web.servlet.DispatcherServlet",
                    "message": "GET "/api/front/index/product?page=1&limit=13", parameters={masked}" }
                    
{
                    "app": "Crmeb",
                    "timestamp":"2025-09-18 18:24:22.233",
                    "level": "DEBUG",
                    "thread": "http-nio-8081-exec-19",
                    "class": "o.s.web.servlet.DispatcherServlet",
                    "message": "GET "/api/front/activity/index/list", parameters={}" }
                    
{
                    "app": "Crmeb",
                    "timestamp":"2025-09-18 18:24:22.234",
                    "level": "DEBUG",
                    "thread": "http-nio-8081-exec-3",
                    "class": "o.s.w.s.m.m.a.RequestMappingHandlerMapping",
                    "message": "Mapped to com.zbkj.front.pc.controller.PcIndexController#getIndexInfo()" }
                    
{
                    "app": "Crmeb",
                    "timestamp":"2025-09-18 18:24:22.235",
                    "level": "DEBUG",
                    "thread": "http-nio-8081-exec-19",
                    "class": "o.s.w.s.m.m.a.RequestMappingHandlerMapping",
                    "message": "Mapped to com.zbkj.front.controller.ActivityController#getIndexList()" }
                    
{
                    "app": "Crmeb",
                    "timestamp":"2025-09-18 18:24:22.235",
                    "level": "DEBUG",
                    "thread": "http-nio-8081-exec-8",
                    "class": "o.s.w.s.m.m.a.RequestMappingHandlerMapping",
                    "message": "Mapped to com.zbkj.front.controller.ProductController#getLeaderboard()" }
                    
{
                    "app": "Crmeb",
                    "timestamp":"2025-09-18 18:24:22.235",
                    "level": "DEBUG",
                    "thread": "http-nio-8081-exec-18",
                    "class": "o.s.w.s.m.m.a.RequestMappingHandlerMapping",
                    "message": "Mapped to com.zbkj.front.controller.MerchantController#getStreet(PageParamRequest)" }
                    
{
                    "app": "Crmeb",
                    "timestamp":"2025-09-18 18:24:22.235",
                    "level": "DEBUG",
                    "thread": "http-nio-8081-exec-22",
                    "class": "o.s.w.s.m.m.a.RequestMappingHandlerMapping",
                    "message": "Mapped to com.zbkj.front.controller.IndexController#getProductList(PageParamRequest)" }
                    
{
                    "app": "Crmeb",
                    "timestamp":"2025-09-18 18:24:22.245",
                    "level": "DEBUG",
                    "thread": "http-nio-8081-exec-8",
                    "class": "o.s.w.s.m.m.a.RequestResponseBodyMethodProcessor",
                    "message": "Using 'application/json', given [application/json, text/plain, */*] and supported [application/json, application/*+json, application/json, application/*+json]" }
                    
{
                    "app": "Crmeb",
                    "timestamp":"2025-09-18 18:24:22.245",
                    "level": "DEBUG",
                    "thread": "http-nio-8081-exec-22",
                    "class": "o.s.w.s.m.m.a.ExceptionHandlerExceptionResolver",
                    "message": "Using @ExceptionHandler com.zbkj.common.exception.GlobalExceptionHandler#defaultExceptionHandler(Exception)" }
                    
{
                    "app": "Crmeb",
                    "timestamp":"2025-09-18 18:24:22.246",
                    "level": "DEBUG",
                    "thread": "http-nio-8081-exec-8",
                    "class": "o.s.w.s.m.m.a.RequestResponseBodyMethodProcessor",
                    "message": "Writing [com.zbkj.common.response.CommonResult@7025340a]" }
                    
{
                    "app": "Crmeb",
                    "timestamp":"2025-09-18 18:24:22.247",
                    "level": "DEBUG",
                    "thread": "http-nio-8081-exec-8",
                    "class": "o.s.web.servlet.DispatcherServlet",
                    "message": "Completed 200 OK" }
                    
{
                    "app": "Crmeb",
                    "timestamp":"2025-09-18 18:24:22.256",
                    "level": "DEBUG",
                    "thread": "http-nio-8081-exec-18",
                    "class": "o.s.w.s.m.m.a.RequestResponseBodyMethodProcessor",
                    "message": "Using 'application/json', given [application/json, text/plain, */*] and supported [application/json, application/*+json, application/json, application/*+json]" }
                    
{
                    "app": "Crmeb",
                    "timestamp":"2025-09-18 18:24:22.257",
                    "level": "DEBUG",
                    "thread": "http-nio-8081-exec-18",
                    "class": "o.s.w.s.m.m.a.RequestResponseBodyMethodProcessor",
                    "message": "Writing [com.zbkj.common.response.CommonResult@1c704666]" }
                    
{
                    "app": "Crmeb",
                    "timestamp":"2025-09-18 18:24:22.258",
                    "level": "DEBUG",
                    "thread": "http-nio-8081-exec-18",
                    "class": "o.s.web.servlet.DispatcherServlet",
                    "message": "Completed 200 OK" }
                    
{
                    "app": "Crmeb",
                    "timestamp":"2025-09-18 18:24:22.267",
                    "level": "DEBUG",
                    "thread": "http-nio-8081-exec-22",
                    "class": "o.s.w.s.m.m.a.RequestResponseBodyMethodProcessor",
                    "message": "Using 'application/json', given [application/json, text/plain, */*] and supported [application/json, application/*+json, application/json, application/*+json]" }
                    
{
                    "app": "Crmeb",
                    "timestamp":"2025-09-18 18:24:22.267",
                    "level": "DEBUG",
                    "thread": "http-nio-8081-exec-22",
                    "class": "o.s.w.s.m.m.a.RequestResponseBodyMethodProcessor",
                    "message": "Writing [com.zbkj.common.response.CommonResult@1df40b98]" }
                    
{
                    "app": "Crmeb",
                    "timestamp":"2025-09-18 18:24:22.268",
                    "level": "DEBUG",
                    "thread": "http-nio-8081-exec-22",
                    "class": "o.s.w.s.m.m.a.ExceptionHandlerExceptionResolver",
                    "message": "Resolved [org.springframework.jdbc.BadSqlGrammarException: 
### Error querying database.  Cause: java.sql.SQLSyntaxErrorException: You have an error in your SQL syntax; check the manual that corresponds to your MySQL server version for the right syntax to use near 'DESC,id DESC LIMIT 13' at line 5
### The error may exist in com/zbkj/service/dao/StoreProductDao.java (best guess)
### The error may involve defaultParameterMap
### The error occurred while setting parameters
### SQL: SELECT   id,image,store_name,price,ot_price,sales,ficti   FROM eb_store_product     WHERE (is_del = ? AND is_recycle = ? AND is_show = ? AND is_forced = ? AND audit_status = ? AND stock > ?) ORDER BY rank DESC,id DESC LIMIT ?
### Cause: java.sql.SQLSyntaxErrorException: You have an error in your SQL syntax; check the manual that corresponds to your MySQL server version for the right syntax to use near 'DESC,id DESC LIMIT 13' at line 5
; bad SQL grammar []; nested exception is java.sql.SQLSyntaxErrorException: You have an error in your SQL syntax; check the manual that corresponds to your MySQL server version for the right syntax to use near 'DESC,id DESC LIMIT 13' at line 5]" }
                    
{
                    "app": "Crmeb",
                    "timestamp":"2025-09-18 18:24:22.268",
                    "level": "DEBUG",
                    "thread": "http-nio-8081-exec-22",
                    "class": "o.s.web.servlet.DispatcherServlet",
                    "message": "Completed 200 OK" }
                    
{
                    "app": "Crmeb",
                    "timestamp":"2025-09-18 18:24:22.275",
                    "level": "DEBUG",
                    "thread": "http-nio-8081-exec-19",
                    "class": "o.s.w.s.m.m.a.RequestResponseBodyMethodProcessor",
                    "message": "Using 'application/json', given [application/json, text/plain, */*] and supported [application/json, application/*+json, application/json, application/*+json]" }
                    
{
                    "app": "Crmeb",
                    "timestamp":"2025-09-18 18:24:22.275",
                    "level": "DEBUG",
                    "thread": "http-nio-8081-exec-19",
                    "class": "o.s.w.s.m.m.a.RequestResponseBodyMethodProcessor",
                    "message": "Writing [com.zbkj.common.response.CommonResult@3d462fbb]" }
                    
{
                    "app": "Crmeb",
                    "timestamp":"2025-09-18 18:24:22.276",
                    "level": "DEBUG",
                    "thread": "http-nio-8081-exec-19",
                    "class": "o.s.web.servlet.DispatcherServlet",
                    "message": "Completed 200 OK" }
                    
{
                    "app": "Crmeb",
                    "timestamp":"2025-09-18 18:24:22.278",
                    "level": "DEBUG",
                    "thread": "http-nio-8081-exec-3",
                    "class": "o.s.w.s.m.m.a.RequestResponseBodyMethodProcessor",
                    "message": "Using 'application/json', given [application/json, text/plain, */*] and supported [application/json, application/*+json, application/json, application/*+json]" }
                    
{
                    "app": "Crmeb",
                    "timestamp":"2025-09-18 18:24:22.280",
                    "level": "DEBUG",
                    "thread": "http-nio-8081-exec-3",
                    "class": "o.s.w.s.m.m.a.RequestResponseBodyMethodProcessor",
                    "message": "Writing [com.zbkj.common.response.CommonResult@25abbe1]" }
                    
{
                    "app": "Crmeb",
                    "timestamp":"2025-09-18 18:24:22.281",
                    "level": "DEBUG",
                    "thread": "http-nio-8081-exec-3",
                    "class": "o.s.web.servlet.DispatcherServlet",
                    "message": "Completed 200 OK" }
                    
{
                    "app": "Crmeb",
                    "timestamp":"2025-09-18 18:24:22.284",
                    "level": "DEBUG",
                    "thread": "http-nio-8081-exec-7",
                    "class": "o.s.web.servlet.DispatcherServlet",
                    "message": "GET "/api/front/activity/index/list", parameters={}" }
                    
{
                    "app": "Crmeb",
                    "timestamp":"2025-09-18 18:24:22.284",
                    "level": "DEBUG",
                    "thread": "http-nio-8081-exec-7",
                    "class": "o.s.w.s.m.m.a.RequestMappingHandlerMapping",
                    "message": "Mapped to com.zbkj.front.controller.ActivityController#getIndexList()" }
                    
{
                    "app": "Crmeb",
                    "timestamp":"2025-09-18 18:24:22.308",
                    "level": "DEBUG",
                    "thread": "http-nio-8081-exec-7",
                    "class": "o.s.w.s.m.m.a.RequestResponseBodyMethodProcessor",
                    "message": "Using 'application/json', given [application/json, text/plain, */*] and supported [application/json, application/*+json, application/json, application/*+json]" }
                    
{
                    "app": "Crmeb",
                    "timestamp":"2025-09-18 18:24:22.308",
                    "level": "DEBUG",
                    "thread": "http-nio-8081-exec-23",
                    "class": "o.s.web.servlet.DispatcherServlet",
                    "message": "GET "/api/front/index/product?page=1&limit=13", parameters={masked}" }
                    
{
                    "app": "Crmeb",
                    "timestamp":"2025-09-18 18:24:22.308",
                    "level": "DEBUG",
                    "thread": "http-nio-8081-exec-7",
                    "class": "o.s.w.s.m.m.a.RequestResponseBodyMethodProcessor",
                    "message": "Writing [com.zbkj.common.response.CommonResult@14bc4b9e]" }
                    
{
                    "app": "Crmeb",
                    "timestamp":"2025-09-18 18:24:22.309",
                    "level": "DEBUG",
                    "thread": "http-nio-8081-exec-7",
                    "class": "o.s.web.servlet.DispatcherServlet",
                    "message": "Completed 200 OK" }
                    
{
                    "app": "Crmeb",
                    "timestamp":"2025-09-18 18:24:22.309",
                    "level": "DEBUG",
                    "thread": "http-nio-8081-exec-23",
                    "class": "o.s.w.s.m.m.a.RequestMappingHandlerMapping",
                    "message": "Mapped to com.zbkj.front.controller.IndexController#getProductList(PageParamRequest)" }
                    
{
                    "app": "Crmeb",
                    "timestamp":"2025-09-18 18:24:22.310",
                    "level": "DEBUG",
                    "thread": "http-nio-8081-exec-16",
                    "class": "o.s.web.servlet.DispatcherServlet",
                    "message": "GET "/api/front/product/category", parameters={}" }
                    
{
                    "app": "Crmeb",
                    "timestamp":"2025-09-18 18:24:22.310",
                    "level": "DEBUG",
                    "thread": "http-nio-8081-exec-12",
                    "class": "o.s.web.servlet.DispatcherServlet",
                    "message": "POST "/api/front/login/token/is/exist", parameters={}" }
                    
{
                    "app": "Crmeb",
                    "timestamp":"2025-09-18 18:24:22.310",
                    "level": "DEBUG",
                    "thread": "http-nio-8081-exec-20",
                    "class": "o.s.web.servlet.DispatcherServlet",
                    "message": "GET "/api/front/search/keyword", parameters={}" }
                    
{
                    "app": "Crmeb",
                    "timestamp":"2025-09-18 18:24:22.311",
                    "level": "DEBUG",
                    "thread": "http-nio-8081-exec-20",
                    "class": "o.s.w.s.m.m.a.RequestMappingHandlerMapping",
                    "message": "Mapped to com.zbkj.front.controller.IndexController#hotKeywords()" }
                    
{
                    "app": "Crmeb",
                    "timestamp":"2025-09-18 18:24:22.311",
                    "level": "DEBUG",
                    "thread": "http-nio-8081-exec-16",
                    "class": "o.s.w.s.m.m.a.RequestMappingHandlerMapping",
                    "message": "Mapped to com.zbkj.front.controller.ProductController#getCategory()" }
                    
{
                    "app": "Crmeb",
                    "timestamp":"2025-09-18 18:24:22.311",
                    "level": "DEBUG",
                    "thread": "http-nio-8081-exec-12",
                    "class": "o.s.w.s.m.m.a.RequestMappingHandlerMapping",
                    "message": "Mapped to com.zbkj.front.controller.LoginController#tokenIsExist()" }
                    
{
                    "app": "Crmeb",
                    "timestamp":"2025-09-18 18:24:22.314",
                    "level": "DEBUG",
                    "thread": "http-nio-8081-exec-12",
                    "class": "o.s.w.s.m.m.a.RequestResponseBodyMethodProcessor",
                    "message": "Using 'application/json', given [application/json, text/plain, */*] and supported [application/json, application/*+json, application/json, application/*+json]" }
                    
{
                    "app": "Crmeb",
                    "timestamp":"2025-09-18 18:24:22.315",
                    "level": "DEBUG",
                    "thread": "http-nio-8081-exec-12",
                    "class": "o.s.w.s.m.m.a.RequestResponseBodyMethodProcessor",
                    "message": "Writing [com.zbkj.common.response.CommonResult@2b742699]" }
                    
{
                    "app": "Crmeb",
                    "timestamp":"2025-09-18 18:24:22.315",
                    "level": "DEBUG",
                    "thread": "http-nio-8081-exec-12",
                    "class": "o.s.web.servlet.DispatcherServlet",
                    "message": "Completed 200 OK" }
                    
{
                    "app": "Crmeb",
                    "timestamp":"2025-09-18 18:24:22.317",
                    "level": "DEBUG",
                    "thread": "http-nio-8081-exec-23",
                    "class": "o.s.w.s.m.m.a.ExceptionHandlerExceptionResolver",
                    "message": "Using @ExceptionHandler com.zbkj.common.exception.GlobalExceptionHandler#defaultExceptionHandler(Exception)" }
                    
{
                    "app": "Crmeb",
                    "timestamp":"2025-09-18 18:24:22.321",
                    "level": "DEBUG",
                    "thread": "http-nio-8081-exec-20",
                    "class": "o.s.w.s.m.m.a.RequestResponseBodyMethodProcessor",
                    "message": "Using 'application/json', given [application/json, text/plain, */*] and supported [application/json, application/*+json, application/json, application/*+json]" }
                    
{
                    "app": "Crmeb",
                    "timestamp":"2025-09-18 18:24:22.321",
                    "level": "DEBUG",
                    "thread": "http-nio-8081-exec-20",
                    "class": "o.s.w.s.m.m.a.RequestResponseBodyMethodProcessor",
                    "message": "Writing [com.zbkj.common.response.CommonResult@5716219d]" }
                    
{
                    "app": "Crmeb",
                    "timestamp":"2025-09-18 18:24:22.322",
                    "level": "DEBUG",
                    "thread": "http-nio-8081-exec-20",
                    "class": "o.s.web.servlet.DispatcherServlet",
                    "message": "Completed 200 OK" }
                    
{
                    "app": "Crmeb",
                    "timestamp":"2025-09-18 18:24:22.339",
                    "level": "DEBUG",
                    "thread": "http-nio-8081-exec-23",
                    "class": "o.s.w.s.m.m.a.RequestResponseBodyMethodProcessor",
                    "message": "Using 'application/json', given [application/json, text/plain, */*] and supported [application/json, application/*+json, application/json, application/*+json]" }
                    
{
                    "app": "Crmeb",
                    "timestamp":"2025-09-18 18:24:22.339",
                    "level": "DEBUG",
                    "thread": "http-nio-8081-exec-23",
                    "class": "o.s.w.s.m.m.a.RequestResponseBodyMethodProcessor",
                    "message": "Writing [com.zbkj.common.response.CommonResult@51874c05]" }
                    
{
                    "app": "Crmeb",
                    "timestamp":"2025-09-18 18:24:22.339",
                    "level": "DEBUG",
                    "thread": "http-nio-8081-exec-23",
                    "class": "o.s.w.s.m.m.a.ExceptionHandlerExceptionResolver",
                    "message": "Resolved [org.springframework.jdbc.BadSqlGrammarException: 
### Error querying database.  Cause: java.sql.SQLSyntaxErrorException: You have an error in your SQL syntax; check the manual that corresponds to your MySQL server version for the right syntax to use near 'DESC,id DESC LIMIT 13' at line 5
### The error may exist in com/zbkj/service/dao/StoreProductDao.java (best guess)
### The error may involve defaultParameterMap
### The error occurred while setting parameters
### SQL: SELECT   id,image,store_name,price,ot_price,sales,ficti   FROM eb_store_product     WHERE (is_del = ? AND is_recycle = ? AND is_show = ? AND is_forced = ? AND audit_status = ? AND stock > ?) ORDER BY rank DESC,id DESC LIMIT ?
### Cause: java.sql.SQLSyntaxErrorException: You have an error in your SQL syntax; check the manual that corresponds to your MySQL server version for the right syntax to use near 'DESC,id DESC LIMIT 13' at line 5
; bad SQL grammar []; nested exception is java.sql.SQLSyntaxErrorException: You have an error in your SQL syntax; check the manual that corresponds to your MySQL server version for the right syntax to use near 'DESC,id DESC LIMIT 13' at line 5]" }
                    
{
                    "app": "Crmeb",
                    "timestamp":"2025-09-18 18:24:22.340",
                    "level": "DEBUG",
                    "thread": "http-nio-8081-exec-23",
                    "class": "o.s.web.servlet.DispatcherServlet",
                    "message": "Completed 200 OK" }
                    
{
                    "app": "Crmeb",
                    "timestamp":"2025-09-18 18:24:22.349",
                    "level": "DEBUG",
                    "thread": "http-nio-8081-exec-16",
                    "class": "o.s.w.s.m.m.a.RequestResponseBodyMethodProcessor",
                    "message": "Using 'application/json', given [application/json, text/plain, */*] and supported [application/json, application/*+json, application/json, application/*+json]" }
                    
{
                    "app": "Crmeb",
                    "timestamp":"2025-09-18 18:24:22.349",
                    "level": "DEBUG",
                    "thread": "http-nio-8081-exec-16",
                    "class": "o.s.w.s.m.m.a.RequestResponseBodyMethodProcessor",
                    "message": "Writing [com.zbkj.common.response.CommonResult@7aa0bfc4]" }
                    
{
                    "app": "Crmeb",
                    "timestamp":"2025-09-18 18:24:22.349",
                    "level": "DEBUG",
                    "thread": "http-nio-8081-exec-16",
                    "class": "o.s.web.servlet.DispatcherServlet",
                    "message": "Completed 200 OK" }
                    
{
                    "app": "Crmeb",
                    "timestamp":"2025-09-18 18:25:51.237",
                    "level": "DEBUG",
                    "thread": "http-nio-8081-exec-30",
                    "class": "o.s.web.servlet.DispatcherServlet",
                    "message": "GET "/api/front/login/method/info", parameters={}" }
                    
{
                    "app": "Crmeb",
                    "timestamp":"2025-09-18 18:25:51.237",
                    "level": "DEBUG",
                    "thread": "http-nio-8081-exec-28",
                    "class": "o.s.web.servlet.DispatcherServlet",
                    "message": "GET "/api/pc/login/getLoginPic", parameters={}" }
                    
{
                    "app": "Crmeb",
                    "timestamp":"2025-09-18 18:25:51.237",
                    "level": "DEBUG",
                    "thread": "http-nio-8081-exec-30",
                    "class": "o.s.w.s.m.m.a.RequestMappingHandlerMapping",
                    "message": "Mapped to com.zbkj.front.controller.LoginController#getLoginMethod()" }
                    
{
                    "app": "Crmeb",
                    "timestamp":"2025-09-18 18:25:51.238",
                    "level": "DEBUG",
                    "thread": "http-nio-8081-exec-28",
                    "class": "o.s.w.s.m.m.a.RequestMappingHandlerMapping",
                    "message": "Mapped to com.zbkj.front.pc.controller.PcLoginController#getLoginPic()" }
                    
{
                    "app": "Crmeb",
                    "timestamp":"2025-09-18 18:25:51.247",
                    "level": "DEBUG",
                    "thread": "http-nio-8081-exec-28",
                    "class": "o.s.w.s.m.m.a.RequestResponseBodyMethodProcessor",
                    "message": "Using 'application/json', given [application/json, text/plain, */*] and supported [application/json, application/*+json, application/json, application/*+json]" }
                    
{
                    "app": "Crmeb",
                    "timestamp":"2025-09-18 18:25:51.247",
                    "level": "DEBUG",
                    "thread": "http-nio-8081-exec-28",
                    "class": "o.s.w.s.m.m.a.RequestResponseBodyMethodProcessor",
                    "message": "Writing [com.zbkj.common.response.CommonResult@5e52e7fe]" }
                    
{
                    "app": "Crmeb",
                    "timestamp":"2025-09-18 18:25:51.247",
                    "level": "DEBUG",
                    "thread": "http-nio-8081-exec-28",
                    "class": "o.s.web.servlet.DispatcherServlet",
                    "message": "Completed 200 OK" }
                    
{
                    "app": "Crmeb",
                    "timestamp":"2025-09-18 18:25:51.255",
                    "level": "DEBUG",
                    "thread": "http-nio-8081-exec-30",
                    "class": "o.s.w.s.m.m.a.RequestResponseBodyMethodProcessor",
                    "message": "Using 'application/json', given [application/json, text/plain, */*] and supported [application/json, application/*+json, application/json, application/*+json]" }
                    
{
                    "app": "Crmeb",
                    "timestamp":"2025-09-18 18:25:51.255",
                    "level": "DEBUG",
                    "thread": "http-nio-8081-exec-30",
                    "class": "o.s.w.s.m.m.a.RequestResponseBodyMethodProcessor",
                    "message": "Writing [com.zbkj.common.response.CommonResult@589ebfce]" }
                    
{
                    "app": "Crmeb",
                    "timestamp":"2025-09-18 18:25:51.255",
                    "level": "DEBUG",
                    "thread": "http-nio-8081-exec-30",
                    "class": "o.s.web.servlet.DispatcherServlet",
                    "message": "Completed 200 OK" }
                    
{
                    "app": "Crmeb",
                    "timestamp":"2025-09-18 18:39:45.843",
                    "level": "DEBUG",
                    "thread": "main",
                    "class": "o.s.b.c.l.ClasspathLoggingApplicationListener",
                    "message": "Application started with classpath: [jar:file:/E:/2zynt/工作项目/CRMEB-JAVA-ET-V1.2(2025.4.25)/et_java/crmeb-front/target/Crmeb-front.jar!/BOOT-INF/classes!/, jar:file:/E:/2zynt/工作项目/CRMEB-JAVA-ET-V1.2(2025.4.25)/et_java/crmeb-front/target/Crmeb-front.jar!/BOOT-INF/lib/crmeb-service-0.0.1-SNAPSHOT.jar!/, jar:file:/E:/2zynt/工作项目/CRMEB-JAVA-ET-V1.2(2025.4.25)/et_java/crmeb-front/target/Crmeb-front.jar!/BOOT-INF/lib/crmeb-common-0.0.1-SNAPSHOT.jar!/, jar:file:/E:/2zynt/工作项目/CRMEB-JAVA-ET-V1.2(2025.4.25)/et_java/crmeb-front/target/Crmeb-front.jar!/BOOT-INF/lib/javax.servlet-api-4.0.1.jar!/, jar:file:/E:/2zynt/工作项目/CRMEB-JAVA-ET-V1.2(2025.4.25)/et_java/crmeb-front/target/Crmeb-front.jar!/BOOT-INF/lib/jstl-1.2.jar!/, jar:file:/E:/2zynt/工作项目/CRMEB-JAVA-ET-V1.2(2025.4.25)/et_java/crmeb-front/target/Crmeb-front.jar!/BOOT-INF/lib/tomcat-embed-jasper-9.0.33.jar!/, jar:file:/E:/2zynt/工作项目/CRMEB-JAVA-ET-V1.2(2025.4.25)/et_java/crmeb-front/target/Crmeb-front.jar!/BOOT-INF/lib/tomcat-embed-core-9.0.33.jar!/, jar:file:/E:/2zynt/工作项目/CRMEB-JAVA-ET-V1.2(2025.4.25)/et_java/crmeb-front/target/Crmeb-front.jar!/BOOT-INF/lib/tomcat-annotations-api-9.0.33.jar!/, jar:file:/E:/2zynt/工作项目/CRMEB-JAVA-ET-V1.2(2025.4.25)/et_java/crmeb-front/target/Crmeb-front.jar!/BOOT-INF/lib/tomcat-embed-el-9.0.33.jar!/, jar:file:/E:/2zynt/工作项目/CRMEB-JAVA-ET-V1.2(2025.4.25)/et_java/crmeb-front/target/Crmeb-front.jar!/BOOT-INF/lib/ecj-3.18.0.jar!/, jar:file:/E:/2zynt/工作项目/CRMEB-JAVA-ET-V1.2(2025.4.25)/et_java/crmeb-front/target/Crmeb-front.jar!/BOOT-INF/lib/tomcat-jsp-api-9.0.33.jar!/, jar:file:/E:/2zynt/工作项目/CRMEB-JAVA-ET-V1.2(2025.4.25)/et_java/crmeb-front/target/Crmeb-front.jar!/BOOT-INF/lib/tomcat-el-api-9.0.33.jar!/, jar:file:/E:/2zynt/工作项目/CRMEB-JAVA-ET-V1.2(2025.4.25)/et_java/crmeb-front/target/Crmeb-front.jar!/BOOT-INF/lib/tomcat-servlet-api-9.0.33.jar!/, jar:file:/E:/2zynt/工作项目/CRMEB-JAVA-ET-V1.2(2025.4.25)/et_java/crmeb-front/target/Crmeb-front.jar!/BOOT-INF/lib/fastjson-2.0.38.jar!/, jar:file:/E:/2zynt/工作项目/CRMEB-JAVA-ET-V1.2(2025.4.25)/et_java/crmeb-front/target/Crmeb-front.jar!/BOOT-INF/lib/fastjson2-extension-2.0.38.jar!/, jar:file:/E:/2zynt/工作项目/CRMEB-JAVA-ET-V1.2(2025.4.25)/et_java/crmeb-front/target/Crmeb-front.jar!/BOOT-INF/lib/fastjson2-2.0.38.jar!/, jar:file:/E:/2zynt/工作项目/CRMEB-JAVA-ET-V1.2(2025.4.25)/et_java/crmeb-front/target/Crmeb-front.jar!/BOOT-INF/lib/druid-1.1.20.jar!/, jar:file:/E:/2zynt/工作项目/CRMEB-JAVA-ET-V1.2(2025.4.25)/et_java/crmeb-front/target/Crmeb-front.jar!/BOOT-INF/lib/mysql-connector-j-8.0.33.jar!/, jar:file:/E:/2zynt/工作项目/CRMEB-JAVA-ET-V1.2(2025.4.25)/et_java/crmeb-front/target/Crmeb-front.jar!/BOOT-INF/lib/protobuf-java-3.21.9.jar!/, jar:file:/E:/2zynt/工作项目/CRMEB-JAVA-ET-V1.2(2025.4.25)/et_java/crmeb-front/target/Crmeb-front.jar!/BOOT-INF/lib/lombok-1.18.12.jar!/, jar:file:/E:/2zynt/工作项目/CRMEB-JAVA-ET-V1.2(2025.4.25)/et_java/crmeb-front/target/Crmeb-front.jar!/BOOT-INF/lib/mybatis-plus-boot-starter-3.3.1.jar!/, jar:file:/E:/2zynt/工作项目/CRMEB-JAVA-ET-V1.2(2025.4.25)/et_java/crmeb-front/target/Crmeb-front.jar!/BOOT-INF/lib/spring-boot-starter-jdbc-2.2.6.RELEASE.jar!/, jar:file:/E:/2zynt/工作项目/CRMEB-JAVA-ET-V1.2(2025.4.25)/et_java/crmeb-front/target/Crmeb-front.jar!/BOOT-INF/lib/HikariCP-3.4.2.jar!/, jar:file:/E:/2zynt/工作项目/CRMEB-JAVA-ET-V1.2(2025.4.25)/et_java/crmeb-front/target/Crmeb-front.jar!/BOOT-INF/lib/spring-jdbc-5.2.5.RELEASE.jar!/, jar:file:/E:/2zynt/工作项目/CRMEB-JAVA-ET-V1.2(2025.4.25)/et_java/crmeb-front/target/Crmeb-front.jar!/BOOT-INF/lib/spring-boot-test-2.2.6.RELEASE.jar!/, jar:file:/E:/2zynt/工作项目/CRMEB-JAVA-ET-V1.2(2025.4.25)/et_java/crmeb-front/target/Crmeb-front.jar!/BOOT-INF/lib/spring-boot-2.2.6.RELEASE.jar!/, jar:file:/E:/2zynt/工作项目/CRMEB-JAVA-ET-V1.2(2025.4.25)/et_java/crmeb-front/target/Crmeb-front.jar!/BOOT-INF/lib/spring-context-5.2.5.RELEASE.jar!/, jar:file:/E:/2zynt/工作项目/CRMEB-JAVA-ET-V1.2(2025.4.25)/et_java/crmeb-front/target/Crmeb-front.jar!/BOOT-INF/lib/spring-test-5.2.5.RELEASE.jar!/, jar:file:/E:/2zynt/工作项目/CRMEB-JAVA-ET-V1.2(2025.4.25)/et_java/crmeb-front/target/Crmeb-front.jar!/BOOT-INF/lib/spring-core-5.2.5.RELEASE.jar!/, jar:file:/E:/2zynt/工作项目/CRMEB-JAVA-ET-V1.2(2025.4.25)/et_java/crmeb-front/target/Crmeb-front.jar!/BOOT-INF/lib/spring-jcl-5.2.5.RELEASE.jar!/, jar:file:/E:/2zynt/工作项目/CRMEB-JAVA-ET-V1.2(2025.4.25)/et_java/crmeb-front/target/Crmeb-front.jar!/BOOT-INF/lib/mybatis-plus-3.3.1.jar!/, jar:file:/E:/2zynt/工作项目/CRMEB-JAVA-ET-V1.2(2025.4.25)/et_java/crmeb-front/target/Crmeb-front.jar!/BOOT-INF/lib/mybatis-plus-extension-3.3.1.jar!/, jar:file:/E:/2zynt/工作项目/CRMEB-JAVA-ET-V1.2(2025.4.25)/et_java/crmeb-front/target/Crmeb-front.jar!/BOOT-INF/lib/mybatis-plus-core-3.3.1.jar!/, jar:file:/E:/2zynt/工作项目/CRMEB-JAVA-ET-V1.2(2025.4.25)/et_java/crmeb-front/target/Crmeb-front.jar!/BOOT-INF/lib/mybatis-plus-annotation-3.3.1.jar!/, jar:file:/E:/2zynt/工作项目/CRMEB-JAVA-ET-V1.2(2025.4.25)/et_java/crmeb-front/target/Crmeb-front.jar!/BOOT-INF/lib/mybatis-3.5.3.jar!/, jar:file:/E:/2zynt/工作项目/CRMEB-JAVA-ET-V1.2(2025.4.25)/et_java/crmeb-front/target/Crmeb-front.jar!/BOOT-INF/lib/mybatis-spring-2.0.3.jar!/, jar:file:/E:/2zynt/工作项目/CRMEB-JAVA-ET-V1.2(2025.4.25)/et_java/crmeb-front/target/Crmeb-front.jar!/BOOT-INF/lib/mybatis-plus-generator-3.3.1.jar!/, jar:file:/E:/2zynt/工作项目/CRMEB-JAVA-ET-V1.2(2025.4.25)/et_java/crmeb-front/target/Crmeb-front.jar!/BOOT-INF/lib/swagger-annotations-1.5.21.jar!/, jar:file:/E:/2zynt/工作项目/CRMEB-JAVA-ET-V1.2(2025.4.25)/et_java/crmeb-front/target/Crmeb-front.jar!/BOOT-INF/lib/springfox-swagger2-2.9.2.jar!/, jar:file:/E:/2zynt/工作项目/CRMEB-JAVA-ET-V1.2(2025.4.25)/et_java/crmeb-front/target/Crmeb-front.jar!/BOOT-INF/lib/springfox-spi-2.9.2.jar!/, jar:file:/E:/2zynt/工作项目/CRMEB-JAVA-ET-V1.2(2025.4.25)/et_java/crmeb-front/target/Crmeb-front.jar!/BOOT-INF/lib/springfox-core-2.9.2.jar!/, jar:file:/E:/2zynt/工作项目/CRMEB-JAVA-ET-V1.2(2025.4.25)/et_java/crmeb-front/target/Crmeb-front.jar!/BOOT-INF/lib/byte-buddy-1.10.8.jar!/, jar:file:/E:/2zynt/工作项目/CRMEB-JAVA-ET-V1.2(2025.4.25)/et_java/crmeb-front/target/Crmeb-front.jar!/BOOT-INF/lib/springfox-schema-2.9.2.jar!/, jar:file:/E:/2zynt/工作项目/CRMEB-JAVA-ET-V1.2(2025.4.25)/et_java/crmeb-front/target/Crmeb-front.jar!/BOOT-INF/lib/springfox-swagger-common-2.9.2.jar!/, jar:file:/E:/2zynt/工作项目/CRMEB-JAVA-ET-V1.2(2025.4.25)/et_java/crmeb-front/target/Crmeb-front.jar!/BOOT-INF/lib/springfox-spring-web-2.9.2.jar!/, jar:file:/E:/2zynt/工作项目/CRMEB-JAVA-ET-V1.2(2025.4.25)/et_java/crmeb-front/target/Crmeb-front.jar!/BOOT-INF/lib/classmate-1.5.1.jar!/, jar:file:/E:/2zynt/工作项目/CRMEB-JAVA-ET-V1.2(2025.4.25)/et_java/crmeb-front/target/Crmeb-front.jar!/BOOT-INF/lib/slf4j-api-1.7.30.jar!/, jar:file:/E:/2zynt/工作项目/CRMEB-JAVA-ET-V1.2(2025.4.25)/et_java/crmeb-front/target/Crmeb-front.jar!/BOOT-INF/lib/spring-plugin-core-1.2.0.RELEASE.jar!/, jar:file:/E:/2zynt/工作项目/CRMEB-JAVA-ET-V1.2(2025.4.25)/et_java/crmeb-front/target/Crmeb-front.jar!/BOOT-INF/lib/spring-plugin-metadata-1.2.0.RELEASE.jar!/, jar:file:/E:/2zynt/工作项目/CRMEB-JAVA-ET-V1.2(2025.4.25)/et_java/crmeb-front/target/Crmeb-front.jar!/BOOT-INF/lib/mapstruct-1.2.0.Final.jar!/, jar:file:/E:/2zynt/工作项目/CRMEB-JAVA-ET-V1.2(2025.4.25)/et_java/crmeb-front/target/Crmeb-front.jar!/BOOT-INF/lib/swagger-models-1.5.22.jar!/, jar:file:/E:/2zynt/工作项目/CRMEB-JAVA-ET-V1.2(2025.4.25)/et_java/crmeb-front/target/Crmeb-front.jar!/BOOT-INF/lib/jackson-annotations-2.10.3.jar!/, jar:file:/E:/2zynt/工作项目/CRMEB-JAVA-ET-V1.2(2025.4.25)/et_java/crmeb-front/target/Crmeb-front.jar!/BOOT-INF/lib/swagger-bootstrap-ui-1.9.3.jar!/, jar:file:/E:/2zynt/工作项目/CRMEB-JAVA-ET-V1.2(2025.4.25)/et_java/crmeb-front/target/Crmeb-front.jar!/BOOT-INF/lib/spring-boot-autoconfigure-2.2.6.RELEASE.jar!/, jar:file:/E:/2zynt/工作项目/CRMEB-JAVA-ET-V1.2(2025.4.25)/et_java/crmeb-front/target/Crmeb-front.jar!/BOOT-INF/lib/logback-classic-1.2.3.jar!/, jar:file:/E:/2zynt/工作项目/CRMEB-JAVA-ET-V1.2(2025.4.25)/et_java/crmeb-front/target/Crmeb-front.jar!/BOOT-INF/lib/logback-core-1.2.3.jar!/, jar:file:/E:/2zynt/工作项目/CRMEB-JAVA-ET-V1.2(2025.4.25)/et_java/crmeb-front/target/Crmeb-front.jar!/BOOT-INF/lib/logstash-logback-encoder-5.3.jar!/, jar:file:/E:/2zynt/工作项目/CRMEB-JAVA-ET-V1.2(2025.4.25)/et_java/crmeb-front/target/Crmeb-front.jar!/BOOT-INF/lib/jackson-databind-2.10.3.jar!/, jar:file:/E:/2zynt/工作项目/CRMEB-JAVA-ET-V1.2(2025.4.25)/et_java/crmeb-front/target/Crmeb-front.jar!/BOOT-INF/lib/spring-boot-starter-web-2.2.6.RELEASE.jar!/, jar:file:/E:/2zynt/工作项目/CRMEB-JAVA-ET-V1.2(2025.4.25)/et_java/crmeb-front/target/Crmeb-front.jar!/BOOT-INF/lib/spring-boot-starter-2.2.6.RELEASE.jar!/, jar:file:/E:/2zynt/工作项目/CRMEB-JAVA-ET-V1.2(2025.4.25)/et_java/crmeb-front/target/Crmeb-front.jar!/BOOT-INF/lib/spring-boot-starter-logging-2.2.6.RELEASE.jar!/, jar:file:/E:/2zynt/工作项目/CRMEB-JAVA-ET-V1.2(2025.4.25)/et_java/crmeb-front/target/Crmeb-front.jar!/BOOT-INF/lib/log4j-to-slf4j-2.12.1.jar!/, jar:file:/E:/2zynt/工作项目/CRMEB-JAVA-ET-V1.2(2025.4.25)/et_java/crmeb-front/target/Crmeb-front.jar!/BOOT-INF/lib/log4j-api-2.12.1.jar!/, jar:file:/E:/2zynt/工作项目/CRMEB-JAVA-ET-V1.2(2025.4.25)/et_java/crmeb-front/target/Crmeb-front.jar!/BOOT-INF/lib/jul-to-slf4j-1.7.30.jar!/, jar:file:/E:/2zynt/工作项目/CRMEB-JAVA-ET-V1.2(2025.4.25)/et_java/crmeb-front/target/Crmeb-front.jar!/BOOT-INF/lib/jakarta.annotation-api-1.3.5.jar!/, jar:file:/E:/2zynt/工作项目/CRMEB-JAVA-ET-V1.2(2025.4.25)/et_java/crmeb-front/target/Crmeb-front.jar!/BOOT-INF/lib/snakeyaml-1.25.jar!/, jar:file:/E:/2zynt/工作项目/CRMEB-JAVA-ET-V1.2(2025.4.25)/et_java/crmeb-front/target/Crmeb-front.jar!/BOOT-INF/lib/spring-boot-starter-json-2.2.6.RELEASE.jar!/, jar:file:/E:/2zynt/工作项目/CRMEB-JAVA-ET-V1.2(2025.4.25)/et_java/crmeb-front/target/Crmeb-front.jar!/BOOT-INF/lib/jackson-datatype-jdk8-2.10.3.jar!/, jar:file:/E:/2zynt/工作项目/CRMEB-JAVA-ET-V1.2(2025.4.25)/et_java/crmeb-front/target/Crmeb-front.jar!/BOOT-INF/lib/jackson-datatype-jsr310-2.10.3.jar!/, jar:file:/E:/2zynt/工作项目/CRMEB-JAVA-ET-V1.2(2025.4.25)/et_java/crmeb-front/target/Crmeb-front.jar!/BOOT-INF/lib/jackson-module-parameter-names-2.10.3.jar!/, jar:file:/E:/2zynt/工作项目/CRMEB-JAVA-ET-V1.2(2025.4.25)/et_java/crmeb-front/target/Crmeb-front.jar!/BOOT-INF/lib/spring-boot-starter-tomcat-2.2.6.RELEASE.jar!/, jar:file:/E:/2zynt/工作项目/CRMEB-JAVA-ET-V1.2(2025.4.25)/et_java/crmeb-front/target/Crmeb-front.jar!/BOOT-INF/lib/tomcat-embed-websocket-9.0.33.jar!/, jar:file:/E:/2zynt/工作项目/CRMEB-JAVA-ET-V1.2(2025.4.25)/et_java/crmeb-front/target/Crmeb-front.jar!/BOOT-INF/lib/spring-boot-starter-validation-2.2.6.RELEASE.jar!/, jar:file:/E:/2zynt/工作项目/CRMEB-JAVA-ET-V1.2(2025.4.25)/et_java/crmeb-front/target/Crmeb-front.jar!/BOOT-INF/lib/jakarta.validation-api-2.0.2.jar!/, jar:file:/E:/2zynt/工作项目/CRMEB-JAVA-ET-V1.2(2025.4.25)/et_java/crmeb-front/target/Crmeb-front.jar!/BOOT-INF/lib/hibernate-validator-6.0.18.Final.jar!/, jar:file:/E:/2zynt/工作项目/CRMEB-JAVA-ET-V1.2(2025.4.25)/et_java/crmeb-front/target/Crmeb-front.jar!/BOOT-INF/lib/jboss-logging-3.4.1.Final.jar!/, jar:file:/E:/2zynt/工作项目/CRMEB-JAVA-ET-V1.2(2025.4.25)/et_java/crmeb-front/target/Crmeb-front.jar!/BOOT-INF/lib/spring-web-5.2.5.RELEASE.jar!/, jar:file:/E:/2zynt/工作项目/CRMEB-JAVA-ET-V1.2(2025.4.25)/et_java/crmeb-front/target/Crmeb-front.jar!/BOOT-INF/lib/spring-webmvc-5.2.5.RELEASE.jar!/, jar:file:/E:/2zynt/工作项目/CRMEB-JAVA-ET-V1.2(2025.4.25)/et_java/crmeb-front/target/Crmeb-front.jar!/BOOT-INF/lib/spring-expression-5.2.5.RELEASE.jar!/, jar:file:/E:/2zynt/工作项目/CRMEB-JAVA-ET-V1.2(2025.4.25)/et_java/crmeb-front/target/Crmeb-front.jar!/BOOT-INF/lib/spring-boot-starter-data-redis-2.2.0.RELEASE.jar!/, jar:file:/E:/2zynt/工作项目/CRMEB-JAVA-ET-V1.2(2025.4.25)/et_java/crmeb-front/target/Crmeb-front.jar!/BOOT-INF/lib/spring-data-redis-2.2.6.RELEASE.jar!/, jar:file:/E:/2zynt/工作项目/CRMEB-JAVA-ET-V1.2(2025.4.25)/et_java/crmeb-front/target/Crmeb-front.jar!/BOOT-INF/lib/spring-data-keyvalue-2.2.6.RELEASE.jar!/, jar:file:/E:/2zynt/工作项目/CRMEB-JAVA-ET-V1.2(2025.4.25)/et_java/crmeb-front/target/Crmeb-front.jar!/BOOT-INF/lib/spring-tx-5.2.5.RELEASE.jar!/, jar:file:/E:/2zynt/工作项目/CRMEB-JAVA-ET-V1.2(2025.4.25)/et_java/crmeb-front/target/Crmeb-front.jar!/BOOT-INF/lib/spring-oxm-5.2.5.RELEASE.jar!/, jar:file:/E:/2zynt/工作项目/CRMEB-JAVA-ET-V1.2(2025.4.25)/et_java/crmeb-front/target/Crmeb-front.jar!/BOOT-INF/lib/lettuce-core-5.2.2.RELEASE.jar!/, jar:file:/E:/2zynt/工作项目/CRMEB-JAVA-ET-V1.2(2025.4.25)/et_java/crmeb-front/target/Crmeb-front.jar!/BOOT-INF/lib/netty-common-4.1.48.Final.jar!/, jar:file:/E:/2zynt/工作项目/CRMEB-JAVA-ET-V1.2(2025.4.25)/et_java/crmeb-front/target/Crmeb-front.jar!/BOOT-INF/lib/netty-handler-4.1.48.Final.jar!/, jar:file:/E:/2zynt/工作项目/CRMEB-JAVA-ET-V1.2(2025.4.25)/et_java/crmeb-front/target/Crmeb-front.jar!/BOOT-INF/lib/netty-resolver-4.1.48.Final.jar!/, jar:file:/E:/2zynt/工作项目/CRMEB-JAVA-ET-V1.2(2025.4.25)/et_java/crmeb-front/target/Crmeb-front.jar!/BOOT-INF/lib/netty-buffer-4.1.48.Final.jar!/, jar:file:/E:/2zynt/工作项目/CRMEB-JAVA-ET-V1.2(2025.4.25)/et_java/crmeb-front/target/Crmeb-front.jar!/BOOT-INF/lib/netty-codec-4.1.48.Final.jar!/, jar:file:/E:/2zynt/工作项目/CRMEB-JAVA-ET-V1.2(2025.4.25)/et_java/crmeb-front/target/Crmeb-front.jar!/BOOT-INF/lib/netty-transport-4.1.48.Final.jar!/, jar:file:/E:/2zynt/工作项目/CRMEB-JAVA-ET-V1.2(2025.4.25)/et_java/crmeb-front/target/Crmeb-front.jar!/BOOT-INF/lib/reactor-core-3.3.4.RELEASE.jar!/, jar:file:/E:/2zynt/工作项目/CRMEB-JAVA-ET-V1.2(2025.4.25)/et_java/crmeb-front/target/Crmeb-front.jar!/BOOT-INF/lib/reactive-streams-1.0.3.jar!/, jar:file:/E:/2zynt/工作项目/CRMEB-JAVA-ET-V1.2(2025.4.25)/et_java/crmeb-front/target/Crmeb-front.jar!/BOOT-INF/lib/jedis-3.1.0.jar!/, jar:file:/E:/2zynt/工作项目/CRMEB-JAVA-ET-V1.2(2025.4.25)/et_java/crmeb-front/target/Crmeb-front.jar!/BOOT-INF/lib/commons-pool2-2.7.0.jar!/, jar:file:/E:/2zynt/工作项目/CRMEB-JAVA-ET-V1.2(2025.4.25)/et_java/crmeb-front/target/Crmeb-front.jar!/BOOT-INF/lib/pagehelper-spring-boot-starter-1.2.5.jar!/, jar:file:/E:/2zynt/工作项目/CRMEB-JAVA-ET-V1.2(2025.4.25)/et_java/crmeb-front/target/Crmeb-front.jar!/BOOT-INF/lib/mybatis-spring-boot-starter-1.3.2.jar!/, jar:file:/E:/2zynt/工作项目/CRMEB-JAVA-ET-V1.2(2025.4.25)/et_java/crmeb-front/target/Crmeb-front.jar!/BOOT-INF/lib/mybatis-spring-boot-autoconfigure-1.3.2.jar!/, jar:file:/E:/2zynt/工作项目/CRMEB-JAVA-ET-V1.2(2025.4.25)/et_java/crmeb-front/target/Crmeb-front.jar!/BOOT-INF/lib/pagehelper-spring-boot-autoconfigure-1.2.5.jar!/, jar:file:/E:/2zynt/工作项目/CRMEB-JAVA-ET-V1.2(2025.4.25)/et_java/crmeb-front/target/Crmeb-front.jar!/BOOT-INF/lib/pagehelper-5.1.4.jar!/, jar:file:/E:/2zynt/工作项目/CRMEB-JAVA-ET-V1.2(2025.4.25)/et_java/crmeb-front/target/Crmeb-front.jar!/BOOT-INF/lib/jsqlparser-1.0.jar!/, jar:file:/E:/2zynt/工作项目/CRMEB-JAVA-ET-V1.2(2025.4.25)/et_java/crmeb-front/target/Crmeb-front.jar!/BOOT-INF/lib/validation-api-1.1.0.Final.jar!/, jar:file:/E:/2zynt/工作项目/CRMEB-JAVA-ET-V1.2(2025.4.25)/et_java/crmeb-front/target/Crmeb-front.jar!/BOOT-INF/lib/spring-data-commons-2.2.6.RELEASE.jar!/, jar:file:/E:/2zynt/工作项目/CRMEB-JAVA-ET-V1.2(2025.4.25)/et_java/crmeb-front/target/Crmeb-front.jar!/BOOT-INF/lib/spring-beans-5.2.5.RELEASE.jar!/, jar:file:/E:/2zynt/工作项目/CRMEB-JAVA-ET-V1.2(2025.4.25)/et_java/crmeb-front/target/Crmeb-front.jar!/BOOT-INF/lib/hutool-all-4.5.7.jar!/, jar:file:/E:/2zynt/工作项目/CRMEB-JAVA-ET-V1.2(2025.4.25)/et_java/crmeb-front/target/Crmeb-front.jar!/BOOT-INF/lib/spring-boot-starter-actuator-2.2.6.RELEASE.jar!/, jar:file:/E:/2zynt/工作项目/CRMEB-JAVA-ET-V1.2(2025.4.25)/et_java/crmeb-front/target/Crmeb-front.jar!/BOOT-INF/lib/spring-boot-actuator-autoconfigure-2.2.6.RELEASE.jar!/, jar:file:/E:/2zynt/工作项目/CRMEB-JAVA-ET-V1.2(2025.4.25)/et_java/crmeb-front/target/Crmeb-front.jar!/BOOT-INF/lib/spring-boot-actuator-2.2.6.RELEASE.jar!/, jar:file:/E:/2zynt/工作项目/CRMEB-JAVA-ET-V1.2(2025.4.25)/et_java/crmeb-front/target/Crmeb-front.jar!/BOOT-INF/lib/micrometer-core-1.3.6.jar!/, jar:file:/E:/2zynt/工作项目/CRMEB-JAVA-ET-V1.2(2025.4.25)/et_java/crmeb-front/target/Crmeb-front.jar!/BOOT-INF/lib/HdrHistogram-2.1.11.jar!/, jar:file:/E:/2zynt/工作项目/CRMEB-JAVA-ET-V1.2(2025.4.25)/et_java/crmeb-front/target/Crmeb-front.jar!/BOOT-INF/lib/LatencyUtils-2.0.3.jar!/, jar:file:/E:/2zynt/工作项目/CRMEB-JAVA-ET-V1.2(2025.4.25)/et_java/crmeb-front/target/Crmeb-front.jar!/BOOT-INF/lib/httpclient-4.5.6.jar!/, jar:file:/E:/2zynt/工作项目/CRMEB-JAVA-ET-V1.2(2025.4.25)/et_java/crmeb-front/target/Crmeb-front.jar!/BOOT-INF/lib/httpcore-4.4.13.jar!/, jar:file:/E:/2zynt/工作项目/CRMEB-JAVA-ET-V1.2(2025.4.25)/et_java/crmeb-front/target/Crmeb-front.jar!/BOOT-INF/lib/commons-logging-1.2.jar!/, jar:file:/E:/2zynt/工作项目/CRMEB-JAVA-ET-V1.2(2025.4.25)/et_java/crmeb-front/target/Crmeb-front.jar!/BOOT-INF/lib/commons-codec-1.13.jar!/, jar:file:/E:/2zynt/工作项目/CRMEB-JAVA-ET-V1.2(2025.4.25)/et_java/crmeb-front/target/Crmeb-front.jar!/BOOT-INF/lib/spring-boot-starter-aop-2.2.6.RELEASE.jar!/, jar:file:/E:/2zynt/工作项目/CRMEB-JAVA-ET-V1.2(2025.4.25)/et_java/crmeb-front/target/Crmeb-front.jar!/BOOT-INF/lib/spring-aop-5.2.5.RELEASE.jar!/, jar:file:/E:/2zynt/工作项目/CRMEB-JAVA-ET-V1.2(2025.4.25)/et_java/crmeb-front/target/Crmeb-front.jar!/BOOT-INF/lib/aspectjweaver-1.9.5.jar!/, jar:file:/E:/2zynt/工作项目/CRMEB-JAVA-ET-V1.2(2025.4.25)/et_java/crmeb-front/target/Crmeb-front.jar!/BOOT-INF/lib/commons-lang3-3.10.jar!/, jar:file:/E:/2zynt/工作项目/CRMEB-JAVA-ET-V1.2(2025.4.25)/et_java/crmeb-front/target/Crmeb-front.jar!/BOOT-INF/lib/poi-3.17.jar!/, jar:file:/E:/2zynt/工作项目/CRMEB-JAVA-ET-V1.2(2025.4.25)/et_java/crmeb-front/target/Crmeb-front.jar!/BOOT-INF/lib/commons-collections4-4.1.jar!/, jar:file:/E:/2zynt/工作项目/CRMEB-JAVA-ET-V1.2(2025.4.25)/et_java/crmeb-front/target/Crmeb-front.jar!/BOOT-INF/lib/poi-ooxml-3.17.jar!/, jar:file:/E:/2zynt/工作项目/CRMEB-JAVA-ET-V1.2(2025.4.25)/et_java/crmeb-front/target/Crmeb-front.jar!/BOOT-INF/lib/poi-ooxml-schemas-3.17.jar!/, jar:file:/E:/2zynt/工作项目/CRMEB-JAVA-ET-V1.2(2025.4.25)/et_java/crmeb-front/target/Crmeb-front.jar!/BOOT-INF/lib/xmlbeans-2.6.0.jar!/, jar:file:/E:/2zynt/工作项目/CRMEB-JAVA-ET-V1.2(2025.4.25)/et_java/crmeb-front/target/Crmeb-front.jar!/BOOT-INF/lib/curvesapi-1.04.jar!/, jar:file:/E:/2zynt/工作项目/CRMEB-JAVA-ET-V1.2(2025.4.25)/et_java/crmeb-front/target/Crmeb-front.jar!/BOOT-INF/lib/commons-fileupload-1.3.3.jar!/, jar:file:/E:/2zynt/工作项目/CRMEB-JAVA-ET-V1.2(2025.4.25)/et_java/crmeb-front/target/Crmeb-front.jar!/BOOT-INF/lib/commons-io-2.4.jar!/, jar:file:/E:/2zynt/工作项目/CRMEB-JAVA-ET-V1.2(2025.4.25)/et_java/crmeb-front/target/Crmeb-front.jar!/BOOT-INF/lib/aliyun-sdk-oss-3.5.0.jar!/, jar:file:/E:/2zynt/工作项目/CRMEB-JAVA-ET-V1.2(2025.4.25)/et_java/crmeb-front/target/Crmeb-front.jar!/BOOT-INF/lib/jdom-1.1.jar!/, jar:file:/E:/2zynt/工作项目/CRMEB-JAVA-ET-V1.2(2025.4.25)/et_java/crmeb-front/target/Crmeb-front.jar!/BOOT-INF/lib/jettison-1.1.jar!/, jar:file:/E:/2zynt/工作项目/CRMEB-JAVA-ET-V1.2(2025.4.25)/et_java/crmeb-front/target/Crmeb-front.jar!/BOOT-INF/lib/stax-api-1.0.1.jar!/, jar:file:/E:/2zynt/工作项目/CRMEB-JAVA-ET-V1.2(2025.4.25)/et_java/crmeb-front/target/Crmeb-front.jar!/BOOT-INF/lib/aliyun-java-sdk-core-3.4.0.jar!/, jar:file:/E:/2zynt/工作项目/CRMEB-JAVA-ET-V1.2(2025.4.25)/et_java/crmeb-front/target/Crmeb-front.jar!/BOOT-INF/lib/aliyun-java-sdk-ram-3.0.0.jar!/, jar:file:/E:/2zynt/工作项目/CRMEB-JAVA-ET-V1.2(2025.4.25)/et_java/crmeb-front/target/Crmeb-front.jar!/BOOT-INF/lib/aliyun-java-sdk-sts-3.0.0.jar!/, jar:file:/E:/2zynt/工作项目/CRMEB-JAVA-ET-V1.2(2025.4.25)/et_java/crmeb-front/target/Crmeb-front.jar!/BOOT-INF/lib/aliyun-java-sdk-ecs-4.2.0.jar!/, jar:file:/E:/2zynt/工作项目/CRMEB-JAVA-ET-V1.2(2025.4.25)/et_java/crmeb-front/target/Crmeb-front.jar!/BOOT-INF/lib/cos_api-5.6.22.jar!/, jar:file:/E:/2zynt/工作项目/CRMEB-JAVA-ET-V1.2(2025.4.25)/et_java/crmeb-front/target/Crmeb-front.jar!/BOOT-INF/lib/joda-time-2.10.5.jar!/, jar:file:/E:/2zynt/工作项目/CRMEB-JAVA-ET-V1.2(2025.4.25)/et_java/crmeb-front/target/Crmeb-front.jar!/BOOT-INF/lib/bcprov-jdk15on-1.64.jar!/, jar:file:/E:/2zynt/工作项目/CRMEB-JAVA-ET-V1.2(2025.4.25)/et_java/crmeb-front/target/Crmeb-front.jar!/BOOT-INF/lib/qiniu-java-sdk-7.2.28.jar!/, jar:file:/E:/2zynt/工作项目/CRMEB-JAVA-ET-V1.2(2025.4.25)/et_java/crmeb-front/target/Crmeb-front.jar!/BOOT-INF/lib/okhttp-3.14.7.jar!/, jar:file:/E:/2zynt/工作项目/CRMEB-JAVA-ET-V1.2(2025.4.25)/et_java/crmeb-front/target/Crmeb-front.jar!/BOOT-INF/lib/okio-1.17.2.jar!/, jar:file:/E:/2zynt/工作项目/CRMEB-JAVA-ET-V1.2(2025.4.25)/et_java/crmeb-front/target/Crmeb-front.jar!/BOOT-INF/lib/gson-2.8.6.jar!/, jar:file:/E:/2zynt/工作项目/CRMEB-JAVA-ET-V1.2(2025.4.25)/et_java/crmeb-front/target/Crmeb-front.jar!/BOOT-INF/lib/dom4j-1.6.1.jar!/, jar:file:/E:/2zynt/工作项目/CRMEB-JAVA-ET-V1.2(2025.4.25)/et_java/crmeb-front/target/Crmeb-front.jar!/BOOT-INF/lib/xml-apis-1.0.b2.jar!/, jar:file:/E:/2zynt/工作项目/CRMEB-JAVA-ET-V1.2(2025.4.25)/et_java/crmeb-front/target/Crmeb-front.jar!/BOOT-INF/lib/xstream-1.4.10.jar!/, jar:file:/E:/2zynt/工作项目/CRMEB-JAVA-ET-V1.2(2025.4.25)/et_java/crmeb-front/target/Crmeb-front.jar!/BOOT-INF/lib/xmlpull-1.1.3.1.jar!/, jar:file:/E:/2zynt/工作项目/CRMEB-JAVA-ET-V1.2(2025.4.25)/et_java/crmeb-front/target/Crmeb-front.jar!/BOOT-INF/lib/xpp3_min-1.1.4c.jar!/, jar:file:/E:/2zynt/工作项目/CRMEB-JAVA-ET-V1.2(2025.4.25)/et_java/crmeb-front/target/Crmeb-front.jar!/BOOT-INF/lib/httpmime-4.5.2.jar!/, jar:file:/E:/2zynt/工作项目/CRMEB-JAVA-ET-V1.2(2025.4.25)/et_java/crmeb-front/target/Crmeb-front.jar!/BOOT-INF/lib/jjwt-0.9.1.jar!/, jar:file:/E:/2zynt/工作项目/CRMEB-JAVA-ET-V1.2(2025.4.25)/et_java/crmeb-front/target/Crmeb-front.jar!/BOOT-INF/lib/jwks-rsa-0.9.0.jar!/, jar:file:/E:/2zynt/工作项目/CRMEB-JAVA-ET-V1.2(2025.4.25)/et_java/crmeb-front/target/Crmeb-front.jar!/BOOT-INF/lib/spring-boot-starter-security-2.2.6.RELEASE.jar!/, jar:file:/E:/2zynt/工作项目/CRMEB-JAVA-ET-V1.2(2025.4.25)/et_java/crmeb-front/target/Crmeb-front.jar!/BOOT-INF/lib/spring-security-config-5.2.2.RELEASE.jar!/, jar:file:/E:/2zynt/工作项目/CRMEB-JAVA-ET-V1.2(2025.4.25)/et_java/crmeb-front/target/Crmeb-front.jar!/BOOT-INF/lib/spring-security-core-5.2.2.RELEASE.jar!/, jar:file:/E:/2zynt/工作项目/CRMEB-JAVA-ET-V1.2(2025.4.25)/et_java/crmeb-front/target/Crmeb-front.jar!/BOOT-INF/lib/spring-security-web-5.2.2.RELEASE.jar!/, jar:file:/E:/2zynt/工作项目/CRMEB-JAVA-ET-V1.2(2025.4.25)/et_java/crmeb-front/target/Crmeb-front.jar!/BOOT-INF/lib/spring-boot-starter-mail-2.2.6.RELEASE.jar!/, jar:file:/E:/2zynt/工作项目/CRMEB-JAVA-ET-V1.2(2025.4.25)/et_java/crmeb-front/target/Crmeb-front.jar!/BOOT-INF/lib/spring-context-support-5.2.5.RELEASE.jar!/, jar:file:/E:/2zynt/工作项目/CRMEB-JAVA-ET-V1.2(2025.4.25)/et_java/crmeb-front/target/Crmeb-front.jar!/BOOT-INF/lib/jakarta.mail-1.6.5.jar!/, jar:file:/E:/2zynt/工作项目/CRMEB-JAVA-ET-V1.2(2025.4.25)/et_java/crmeb-front/target/Crmeb-front.jar!/BOOT-INF/lib/jakarta.activation-1.2.2.jar!/, jar:file:/E:/2zynt/工作项目/CRMEB-JAVA-ET-V1.2(2025.4.25)/et_java/crmeb-front/target/Crmeb-front.jar!/BOOT-INF/lib/checkout-sdk-1.0.4.jar!/, jar:file:/E:/2zynt/工作项目/CRMEB-JAVA-ET-V1.2(2025.4.25)/et_java/crmeb-front/target/Crmeb-front.jar!/BOOT-INF/lib/paypalhttp-1.0.2.jar!/, jar:file:/E:/2zynt/工作项目/CRMEB-JAVA-ET-V1.2(2025.4.25)/et_java/crmeb-front/target/Crmeb-front.jar!/BOOT-INF/lib/dysmsapi20170525-2.0.8.jar!/, jar:file:/E:/2zynt/工作项目/CRMEB-JAVA-ET-V1.2(2025.4.25)/et_java/crmeb-front/target/Crmeb-front.jar!/BOOT-INF/lib/tea-util-0.2.13.jar!/, jar:file:/E:/2zynt/工作项目/CRMEB-JAVA-ET-V1.2(2025.4.25)/et_java/crmeb-front/target/Crmeb-front.jar!/BOOT-INF/lib/endpoint-util-0.0.6.jar!/, jar:file:/E:/2zynt/工作项目/CRMEB-JAVA-ET-V1.2(2025.4.25)/et_java/crmeb-front/target/Crmeb-front.jar!/BOOT-INF/lib/tea-1.1.14.jar!/, jar:file:/E:/2zynt/工作项目/CRMEB-JAVA-ET-V1.2(2025.4.25)/et_java/crmeb-front/target/Crmeb-front.jar!/BOOT-INF/lib/org.jacoco.agent-0.8.4-runtime.jar!/, jar:file:/E:/2zynt/工作项目/CRMEB-JAVA-ET-V1.2(2025.4.25)/et_java/crmeb-front/target/Crmeb-front.jar!/BOOT-INF/lib/tea-openapi-0.1.6.jar!/, jar:file:/E:/2zynt/工作项目/CRMEB-JAVA-ET-V1.2(2025.4.25)/et_java/crmeb-front/target/Crmeb-front.jar!/BOOT-INF/lib/credentials-java-0.2.4.jar!/, jar:file:/E:/2zynt/工作项目/CRMEB-JAVA-ET-V1.2(2025.4.25)/et_java/crmeb-front/target/Crmeb-front.jar!/BOOT-INF/lib/ini4j-0.5.4.jar!/, jar:file:/E:/2zynt/工作项目/CRMEB-JAVA-ET-V1.2(2025.4.25)/et_java/crmeb-front/target/Crmeb-front.jar!/BOOT-INF/lib/jaxb-api-2.3.1.jar!/, jar:file:/E:/2zynt/工作项目/CRMEB-JAVA-ET-V1.2(2025.4.25)/et_java/crmeb-front/target/Crmeb-front.jar!/BOOT-INF/lib/javax.activation-api-1.2.0.jar!/, jar:file:/E:/2zynt/工作项目/CRMEB-JAVA-ET-V1.2(2025.4.25)/et_java/crmeb-front/target/Crmeb-front.jar!/BOOT-INF/lib/jaxb-core-2.3.0.jar!/, jar:file:/E:/2zynt/工作项目/CRMEB-JAVA-ET-V1.2(2025.4.25)/et_java/crmeb-front/target/Crmeb-front.jar!/BOOT-INF/lib/jaxb-impl-2.3.0.jar!/, jar:file:/E:/2zynt/工作项目/CRMEB-JAVA-ET-V1.2(2025.4.25)/et_java/crmeb-front/target/Crmeb-front.jar!/BOOT-INF/lib/openapiutil-0.1.13.jar!/, jar:file:/E:/2zynt/工作项目/CRMEB-JAVA-ET-V1.2(2025.4.25)/et_java/crmeb-front/target/Crmeb-front.jar!/BOOT-INF/lib/sdk-core-java-1.1.7.jar!/, jar:file:/E:/2zynt/工作项目/CRMEB-JAVA-ET-V1.2(2025.4.25)/et_java/crmeb-front/target/Crmeb-front.jar!/BOOT-INF/lib/juniversalchardet-1.0.3.jar!/, jar:file:/E:/2zynt/工作项目/CRMEB-JAVA-ET-V1.2(2025.4.25)/et_java/crmeb-front/target/Crmeb-front.jar!/BOOT-INF/lib/plexus-digest-1.0.jar!/, jar:file:/E:/2zynt/工作项目/CRMEB-JAVA-ET-V1.2(2025.4.25)/et_java/crmeb-front/target/Crmeb-front.jar!/BOOT-INF/lib/plexus-container-default-1.0-alpha-8.jar!/, jar:file:/E:/2zynt/工作项目/CRMEB-JAVA-ET-V1.2(2025.4.25)/et_java/crmeb-front/target/Crmeb-front.jar!/BOOT-INF/lib/plexus-utils-1.0.4.jar!/, jar:file:/E:/2zynt/工作项目/CRMEB-JAVA-ET-V1.2(2025.4.25)/et_java/crmeb-front/target/Crmeb-front.jar!/BOOT-INF/lib/classworlds-1.1-alpha-2.jar!/, jar:file:/E:/2zynt/工作项目/CRMEB-JAVA-ET-V1.2(2025.4.25)/et_java/crmeb-front/target/Crmeb-front.jar!/BOOT-INF/lib/stripe-java-20.124.0.jar!/, jar:file:/E:/2zynt/工作项目/CRMEB-JAVA-ET-V1.2(2025.4.25)/et_java/crmeb-front/target/Crmeb-front.jar!/BOOT-INF/lib/weixin-java-pay-4.5.0.jar!/, jar:file:/E:/2zynt/工作项目/CRMEB-JAVA-ET-V1.2(2025.4.25)/et_java/crmeb-front/target/Crmeb-front.jar!/BOOT-INF/lib/weixin-java-common-4.5.0.jar!/, jar:file:/E:/2zynt/工作项目/CRMEB-JAVA-ET-V1.2(2025.4.25)/et_java/crmeb-front/target/Crmeb-front.jar!/BOOT-INF/lib/jcl-over-slf4j-1.7.30.jar!/, jar:file:/E:/2zynt/工作项目/CRMEB-JAVA-ET-V1.2(2025.4.25)/et_java/crmeb-front/target/Crmeb-front.jar!/BOOT-INF/lib/dom4j-2.1.3.jar!/, jar:file:/E:/2zynt/工作项目/CRMEB-JAVA-ET-V1.2(2025.4.25)/et_java/crmeb-front/target/Crmeb-front.jar!/BOOT-INF/lib/qrcode-utils-1.1.jar!/, jar:file:/E:/2zynt/工作项目/CRMEB-JAVA-ET-V1.2(2025.4.25)/et_java/crmeb-front/target/Crmeb-front.jar!/BOOT-INF/lib/bcpkix-jdk15on-1.68.jar!/, jar:file:/E:/2zynt/工作项目/CRMEB-JAVA-ET-V1.2(2025.4.25)/et_java/crmeb-front/target/Crmeb-front.jar!/BOOT-INF/lib/jodd-http-6.2.1.jar!/, jar:file:/E:/2zynt/工作项目/CRMEB-JAVA-ET-V1.2(2025.4.25)/et_java/crmeb-front/target/Crmeb-front.jar!/BOOT-INF/lib/jodd-util-6.1.0.jar!/, jar:file:/E:/2zynt/工作项目/CRMEB-JAVA-ET-V1.2(2025.4.25)/et_java/crmeb-front/target/Crmeb-front.jar!/BOOT-INF/lib/javase-3.3.3.jar!/, jar:file:/E:/2zynt/工作项目/CRMEB-JAVA-ET-V1.2(2025.4.25)/et_java/crmeb-front/target/Crmeb-front.jar!/BOOT-INF/lib/core-3.3.3.jar!/, jar:file:/E:/2zynt/工作项目/CRMEB-JAVA-ET-V1.2(2025.4.25)/et_java/crmeb-front/target/Crmeb-front.jar!/BOOT-INF/lib/jcommander-1.72.jar!/, jar:file:/E:/2zynt/工作项目/CRMEB-JAVA-ET-V1.2(2025.4.25)/et_java/crmeb-front/target/Crmeb-front.jar!/BOOT-INF/lib/jai-imageio-core-1.4.0.jar!/, jar:file:/E:/2zynt/工作项目/CRMEB-JAVA-ET-V1.2(2025.4.25)/et_java/crmeb-front/target/Crmeb-front.jar!/BOOT-INF/lib/google-api-client-1.30.10.jar!/, jar:file:/E:/2zynt/工作项目/CRMEB-JAVA-ET-V1.2(2025.4.25)/et_java/crmeb-front/target/Crmeb-front.jar!/BOOT-INF/lib/google-oauth-client-1.31.0.jar!/, jar:file:/E:/2zynt/工作项目/CRMEB-JAVA-ET-V1.2(2025.4.25)/et_java/crmeb-front/target/Crmeb-front.jar!/BOOT-INF/lib/google-http-client-1.35.0.jar!/, jar:file:/E:/2zynt/工作项目/CRMEB-JAVA-ET-V1.2(2025.4.25)/et_java/crmeb-front/target/Crmeb-front.jar!/BOOT-INF/lib/opencensus-api-0.24.0.jar!/, jar:file:/E:/2zynt/工作项目/CRMEB-JAVA-ET-V1.2(2025.4.25)/et_java/crmeb-front/target/Crmeb-front.jar!/BOOT-INF/lib/grpc-context-1.22.1.jar!/, jar:file:/E:/2zynt/工作项目/CRMEB-JAVA-ET-V1.2(2025.4.25)/et_java/crmeb-front/target/Crmeb-front.jar!/BOOT-INF/lib/opencensus-contrib-http-util-0.24.0.jar!/, jar:file:/E:/2zynt/工作项目/CRMEB-JAVA-ET-V1.2(2025.4.25)/et_java/crmeb-front/target/Crmeb-front.jar!/BOOT-INF/lib/jsr305-3.0.2.jar!/, jar:file:/E:/2zynt/工作项目/CRMEB-JAVA-ET-V1.2(2025.4.25)/et_java/crmeb-front/target/Crmeb-front.jar!/BOOT-INF/lib/google-http-client-jackson2-1.36.0.jar!/, jar:file:/E:/2zynt/工作项目/CRMEB-JAVA-ET-V1.2(2025.4.25)/et_java/crmeb-front/target/Crmeb-front.jar!/BOOT-INF/lib/jackson-core-2.10.3.jar!/, jar:file:/E:/2zynt/工作项目/CRMEB-JAVA-ET-V1.2(2025.4.25)/et_java/crmeb-front/target/Crmeb-front.jar!/BOOT-INF/lib/guava-29.0-android.jar!/, jar:file:/E:/2zynt/工作项目/CRMEB-JAVA-ET-V1.2(2025.4.25)/et_java/crmeb-front/target/Crmeb-front.jar!/BOOT-INF/lib/failureaccess-1.0.1.jar!/, jar:file:/E:/2zynt/工作项目/CRMEB-JAVA-ET-V1.2(2025.4.25)/et_java/crmeb-front/target/Crmeb-front.jar!/BOOT-INF/lib/listenablefuture-9999.0-empty-to-avoid-conflict-with-guava.jar!/, jar:file:/E:/2zynt/工作项目/CRMEB-JAVA-ET-V1.2(2025.4.25)/et_java/crmeb-front/target/Crmeb-front.jar!/BOOT-INF/lib/checker-compat-qual-2.5.5.jar!/, jar:file:/E:/2zynt/工作项目/CRMEB-JAVA-ET-V1.2(2025.4.25)/et_java/crmeb-front/target/Crmeb-front.jar!/BOOT-INF/lib/error_prone_annotations-2.3.4.jar!/, jar:file:/E:/2zynt/工作项目/CRMEB-JAVA-ET-V1.2(2025.4.25)/et_java/crmeb-front/target/Crmeb-front.jar!/BOOT-INF/lib/j2objc-annotations-1.3.jar!/, jar:file:/E:/2zynt/工作项目/CRMEB-JAVA-ET-V1.2(2025.4.25)/et_java/crmeb-front/target/Crmeb-front.jar!/BOOT-INF/lib/twitter4j-core-4.0.7.jar!/, jar:file:/E:/2zynt/工作项目/CRMEB-JAVA-ET-V1.2(2025.4.25)/et_java/crmeb-front/target/Crmeb-front.jar!/BOOT-INF/lib/spring-boot-jarmode-layertools-2.6.6.jar!/]" }
                    
{
                    "app": "Crmeb",
                    "timestamp":"2025-09-18 18:39:45.939",
                    "level": "DEBUG",
                    "thread": "main",
                    "class": "o.springframework.boot.SpringApplication",
                    "message": "Loading source class com.zbkj.front.CrmebFrontApplication" }
                    
{
                    "app": "Crmeb",
                    "timestamp":"2025-09-18 18:39:45.989",
                    "level": "DEBUG",
                    "thread": "main",
                    "class": "o.s.b.c.c.ConfigFileApplicationListener",
                    "message": "Loaded config file 'jar:file:/E:/2zynt/%E5%B7%A5%E4%BD%9C%E9%A1%B9%E7%9B%AE/CRMEB-JAVA-ET-V1.2(2025.4.25)/et_java/crmeb-front/target/Crmeb-front.jar!/BOOT-INF/classes!/application.yml' (classpath:/application.yml)" }
                    
{
                    "app": "Crmeb",
                    "timestamp":"2025-09-18 18:39:45.990",
                    "level": "DEBUG",
                    "thread": "main",
                    "class": "o.s.b.w.s.c.AnnotationConfigServletWebServerApplicationContext",
                    "message": "Refreshing org.springframework.boot.web.servlet.context.AnnotationConfigServletWebServerApplicationContext@7f9a81e8" }
                    
{
                    "app": "Crmeb",
                    "timestamp":"2025-09-18 18:39:48.091",
                    "level": "DEBUG",
                    "thread": "main",
                    "class": "o.s.b.w.e.t.TomcatServletWebServerFactory",
                    "message": "Code archive: E:\2zynt\工作项目\CRMEB-JAVA-ET-V1.2(2025.4.25)\et_java\crmeb-front\target\Crmeb-front.jar" }
                    
{
                    "app": "Crmeb",
                    "timestamp":"2025-09-18 18:39:48.092",
                    "level": "DEBUG",
                    "thread": "main",
                    "class": "o.s.b.w.e.t.TomcatServletWebServerFactory",
                    "message": "Code archive: E:\2zynt\工作项目\CRMEB-JAVA-ET-V1.2(2025.4.25)\et_java\crmeb-front\target\Crmeb-front.jar" }
                    
{
                    "app": "Crmeb",
                    "timestamp":"2025-09-18 18:39:48.093",
                    "level": "DEBUG",
                    "thread": "main",
                    "class": "o.s.b.w.e.t.TomcatServletWebServerFactory",
                    "message": "None of the document roots [src/main/webapp, public, static] point to a directory and will be ignored." }
                    
{
                    "app": "Crmeb",
                    "timestamp":"2025-09-18 18:39:48.594",
                    "level": "DEBUG",
                    "thread": "main",
                    "class": "o.s.web.context.ContextLoader",
                    "message": "Published root WebApplicationContext as ServletContext attribute with name [org.springframework.web.context.WebApplicationContext.ROOT]" }
                    
{
                    "app": "Crmeb",
                    "timestamp":"2025-09-18 18:39:49.022",
                    "level": "DEBUG",
                    "thread": "main",
                    "class": "o.s.b.w.s.ServletContextInitializerBeans",
                    "message": "Mapping filters: filterRegistrationBean urls=[/*] order=-2147483647, springSecurityFilterChain urls=[/*] order=-100, filterRegistrationBean urls=[/*] order=2147483647, filterRegistrationBean urls=[/*] order=2147483647, characterEncodingFilter urls=[/*] order=-2147483648, formContentFilter urls=[/*] order=-9900, requestContextFilter urls=[/*] order=-105, corsFilter urls=[/*] order=2147483647" }
                    
{
                    "app": "Crmeb",
                    "timestamp":"2025-09-18 18:39:49.022",
                    "level": "DEBUG",
                    "thread": "main",
                    "class": "o.s.b.w.s.ServletContextInitializerBeans",
                    "message": "Mapping servlets: statViewServlet urls=[/druid/*], dispatcherServlet urls=[/]" }
                    
{
                    "app": "Crmeb",
                    "timestamp":"2025-09-18 18:39:49.065",
                    "level": "DEBUG",
                    "thread": "main",
                    "class": "o.s.b.a.m.w.servlet.WebMvcMetricsFilter",
                    "message": "Filter 'webMvcMetricsFilter' configured for use" }
                    
{
                    "app": "Crmeb",
                    "timestamp":"2025-09-18 18:39:49.065",
                    "level": "DEBUG",
                    "thread": "main",
                    "class": "o.s.b.w.s.f.OrderedRequestContextFilter",
                    "message": "Filter 'requestContextFilter' configured for use" }
                    
{
                    "app": "Crmeb",
                    "timestamp":"2025-09-18 18:39:49.067",
                    "level": "DEBUG",
                    "thread": "main",
                    "class": "o.springframework.web.filter.CorsFilter",
                    "message": "Filter 'corsFilter' configured for use" }
                    
{
                    "app": "Crmeb",
                    "timestamp":"2025-09-18 18:39:49.067",
                    "level": "DEBUG",
                    "thread": "main",
                    "class": "o.s.b.w.s.f.OrderedCharacterEncodingFilter",
                    "message": "Filter 'characterEncodingFilter' configured for use" }
                    
{
                    "app": "Crmeb",
                    "timestamp":"2025-09-18 18:39:49.068",
                    "level": "DEBUG",
                    "thread": "main",
                    "class": "o.s.b.w.s.DelegatingFilterProxyRegistrationBean$1",
                    "message": "Filter 'springSecurityFilterChain' configured for use" }
                    
{
                    "app": "Crmeb",
                    "timestamp":"2025-09-18 18:39:49.068",
                    "level": "DEBUG",
                    "thread": "main",
                    "class": "o.s.b.w.s.f.OrderedFormContentFilter",
                    "message": "Filter 'formContentFilter' configured for use" }
                    
{
                    "app": "Crmeb",
                    "timestamp":"2025-09-18 18:39:53.937",
                    "level": "DEBUG",
                    "thread": "main",
                    "class": "o.s.w.s.m.m.a.RequestMappingHandlerMapping",
                    "message": "151 mappings in 'requestMappingHandlerMapping'" }
                    
{
                    "app": "Crmeb",
                    "timestamp":"2025-09-18 18:39:54.298",
                    "level": "DEBUG",
                    "thread": "main",
                    "class": "o.s.w.s.m.m.a.RequestMappingHandlerAdapter",
                    "message": "ControllerAdvice beans: 0 @ModelAttribute, 0 @InitBinder, 1 RequestBodyAdvice, 1 ResponseBodyAdvice" }
                    
{
                    "app": "Crmeb",
                    "timestamp":"2025-09-18 18:39:54.383",
                    "level": "DEBUG",
                    "thread": "main",
                    "class": "o.s.w.s.handler.SimpleUrlHandlerMapping",
                    "message": "Patterns [/webjars/**, /**, /doc.html] in 'resourceHandlerMapping'" }
                    
{
                    "app": "Crmeb",
                    "timestamp":"2025-09-18 18:39:54.404",
                    "level": "DEBUG",
                    "thread": "main",
                    "class": "o.s.w.s.m.m.a.ExceptionHandlerExceptionResolver",
                    "message": "ControllerAdvice beans: 1 @ExceptionHandler, 1 ResponseBodyAdvice" }
                    
{
                    "app": "Crmeb",
                    "timestamp":"2025-09-18 18:41:14.198",
                    "level": "DEBUG",
                    "thread": "http-nio-8081-exec-7",
                    "class": "o.s.web.servlet.DispatcherServlet",
                    "message": "Detected StandardServletMultipartResolver" }
                    
{
                    "app": "Crmeb",
                    "timestamp":"2025-09-18 18:41:14.198",
                    "level": "DEBUG",
                    "thread": "http-nio-8081-exec-7",
                    "class": "o.s.web.servlet.DispatcherServlet",
                    "message": "Detected I18nLocaleResolver" }
                    
{
                    "app": "Crmeb",
                    "timestamp":"2025-09-18 18:41:14.204",
                    "level": "DEBUG",
                    "thread": "http-nio-8081-exec-7",
                    "class": "o.s.web.servlet.DispatcherServlet",
                    "message": "enableLoggingRequestDetails='false': request parameters and headers will be masked to prevent unsafe logging of potentially sensitive data" }
                    
{
                    "app": "Crmeb",
                    "timestamp":"2025-09-18 18:41:14.242",
                    "level": "DEBUG",
                    "thread": "http-nio-8081-exec-11",
                    "class": "o.s.web.servlet.DispatcherServlet",
                    "message": "GET "/api/front/index/product?page=1&limit=13", parameters={masked}" }
                    
{
                    "app": "Crmeb",
                    "timestamp":"2025-09-18 18:41:14.242",
                    "level": "DEBUG",
                    "thread": "http-nio-8081-exec-6",
                    "class": "o.s.web.servlet.DispatcherServlet",
                    "message": "GET "/api/front/product/leaderboard", parameters={}" }
                    
{
                    "app": "Crmeb",
                    "timestamp":"2025-09-18 18:41:14.242",
                    "level": "DEBUG",
                    "thread": "http-nio-8081-exec-5",
                    "class": "o.s.web.servlet.DispatcherServlet",
                    "message": "GET "/api/pc/home/index", parameters={}" }
                    
{
                    "app": "Crmeb",
                    "timestamp":"2025-09-18 18:41:14.242",
                    "level": "DEBUG",
                    "thread": "http-nio-8081-exec-9",
                    "class": "o.s.web.servlet.DispatcherServlet",
                    "message": "GET "/api/front/activity/index/list", parameters={}" }
                    
{
                    "app": "Crmeb",
                    "timestamp":"2025-09-18 18:41:14.242",
                    "level": "DEBUG",
                    "thread": "http-nio-8081-exec-10",
                    "class": "o.s.web.servlet.DispatcherServlet",
                    "message": "GET "/api/front/merchant/street", parameters={}" }
                    
{
                    "app": "Crmeb",
                    "timestamp":"2025-09-18 18:41:14.246",
                    "level": "DEBUG",
                    "thread": "http-nio-8081-exec-11",
                    "class": "o.s.w.s.m.m.a.RequestMappingHandlerMapping",
                    "message": "Mapped to com.zbkj.front.controller.IndexController#getProductList(PageParamRequest)" }
                    
{
                    "app": "Crmeb",
                    "timestamp":"2025-09-18 18:41:14.246",
                    "level": "DEBUG",
                    "thread": "http-nio-8081-exec-6",
                    "class": "o.s.w.s.m.m.a.RequestMappingHandlerMapping",
                    "message": "Mapped to com.zbkj.front.controller.ProductController#getLeaderboard()" }
                    
{
                    "app": "Crmeb",
                    "timestamp":"2025-09-18 18:41:14.246",
                    "level": "DEBUG",
                    "thread": "http-nio-8081-exec-9",
                    "class": "o.s.w.s.m.m.a.RequestMappingHandlerMapping",
                    "message": "Mapped to com.zbkj.front.controller.ActivityController#getIndexList()" }
                    
{
                    "app": "Crmeb",
                    "timestamp":"2025-09-18 18:41:14.246",
                    "level": "DEBUG",
                    "thread": "http-nio-8081-exec-5",
                    "class": "o.s.w.s.m.m.a.RequestMappingHandlerMapping",
                    "message": "Mapped to com.zbkj.front.pc.controller.PcIndexController#getIndexInfo()" }
                    
{
                    "app": "Crmeb",
                    "timestamp":"2025-09-18 18:41:14.246",
                    "level": "DEBUG",
                    "thread": "http-nio-8081-exec-10",
                    "class": "o.s.w.s.m.m.a.RequestMappingHandlerMapping",
                    "message": "Mapped to com.zbkj.front.controller.MerchantController#getStreet(PageParamRequest)" }
                    
{
                    "app": "Crmeb",
                    "timestamp":"2025-09-18 18:41:14.518",
                    "level": "DEBUG",
                    "thread": "http-nio-8081-exec-6",
                    "class": "o.s.w.s.m.m.a.RequestResponseBodyMethodProcessor",
                    "message": "Using 'application/json', given [application/json, text/plain, */*] and supported [application/json, application/*+json, application/json, application/*+json]" }
                    
{
                    "app": "Crmeb",
                    "timestamp":"2025-09-18 18:41:14.519",
                    "level": "DEBUG",
                    "thread": "http-nio-8081-exec-6",
                    "class": "o.s.w.s.m.m.a.RequestResponseBodyMethodProcessor",
                    "message": "Writing [com.zbkj.common.response.CommonResult@601852d8]" }
                    
{
                    "app": "Crmeb",
                    "timestamp":"2025-09-18 18:41:14.540",
                    "level": "DEBUG",
                    "thread": "http-nio-8081-exec-6",
                    "class": "o.s.web.servlet.DispatcherServlet",
                    "message": "Completed 200 OK" }
                    
{
                    "app": "Crmeb",
                    "timestamp":"2025-09-18 18:41:14.549",
                    "level": "DEBUG",
                    "thread": "http-nio-8081-exec-10",
                    "class": "o.s.w.s.m.m.a.RequestResponseBodyMethodProcessor",
                    "message": "Using 'application/json', given [application/json, text/plain, */*] and supported [application/json, application/*+json, application/json, application/*+json]" }
                    
{
                    "app": "Crmeb",
                    "timestamp":"2025-09-18 18:41:14.550",
                    "level": "DEBUG",
                    "thread": "http-nio-8081-exec-10",
                    "class": "o.s.w.s.m.m.a.RequestResponseBodyMethodProcessor",
                    "message": "Writing [com.zbkj.common.response.CommonResult@4783d255]" }
                    
{
                    "app": "Crmeb",
                    "timestamp":"2025-09-18 18:41:14.550",
                    "level": "DEBUG",
                    "thread": "http-nio-8081-exec-11",
                    "class": "o.s.w.s.m.m.a.ExceptionHandlerExceptionResolver",
                    "message": "Using @ExceptionHandler com.zbkj.common.exception.GlobalExceptionHandler#defaultExceptionHandler(Exception)" }
                    
{
                    "app": "Crmeb",
                    "timestamp":"2025-09-18 18:41:14.562",
                    "level": "DEBUG",
                    "thread": "http-nio-8081-exec-10",
                    "class": "o.s.web.servlet.DispatcherServlet",
                    "message": "Completed 200 OK" }
                    
{
                    "app": "Crmeb",
                    "timestamp":"2025-09-18 18:41:14.629",
                    "level": "DEBUG",
                    "thread": "http-nio-8081-exec-9",
                    "class": "o.s.w.s.m.m.a.RequestResponseBodyMethodProcessor",
                    "message": "Using 'application/json', given [application/json, text/plain, */*] and supported [application/json, application/*+json, application/json, application/*+json]" }
                    
{
                    "app": "Crmeb",
                    "timestamp":"2025-09-18 18:41:14.633",
                    "level": "DEBUG",
                    "thread": "http-nio-8081-exec-9",
                    "class": "o.s.w.s.m.m.a.RequestResponseBodyMethodProcessor",
                    "message": "Writing [com.zbkj.common.response.CommonResult@1c0650ec]" }
                    
{
                    "app": "Crmeb",
                    "timestamp":"2025-09-18 18:41:14.642",
                    "level": "DEBUG",
                    "thread": "http-nio-8081-exec-9",
                    "class": "o.s.web.servlet.DispatcherServlet",
                    "message": "Completed 200 OK" }
                    
{
                    "app": "Crmeb",
                    "timestamp":"2025-09-18 18:41:14.649",
                    "level": "DEBUG",
                    "thread": "http-nio-8081-exec-11",
                    "class": "o.s.w.s.m.m.a.RequestResponseBodyMethodProcessor",
                    "message": "Using 'application/json', given [application/json, text/plain, */*] and supported [application/json, application/*+json, application/json, application/*+json]" }
                    
{
                    "app": "Crmeb",
                    "timestamp":"2025-09-18 18:41:14.649",
                    "level": "DEBUG",
                    "thread": "http-nio-8081-exec-11",
                    "class": "o.s.w.s.m.m.a.RequestResponseBodyMethodProcessor",
                    "message": "Writing [com.zbkj.common.response.CommonResult@7c3af5cd]" }
                    
{
                    "app": "Crmeb",
                    "timestamp":"2025-09-18 18:41:14.650",
                    "level": "DEBUG",
                    "thread": "http-nio-8081-exec-11",
                    "class": "o.s.w.s.m.m.a.ExceptionHandlerExceptionResolver",
                    "message": "Resolved [org.springframework.jdbc.BadSqlGrammarException: 
### Error querying database.  Cause: java.sql.SQLSyntaxErrorException: You have an error in your SQL syntax; check the manual that corresponds to your MySQL server version for the right syntax to use near 'DESC,id DESC LIMIT 13' at line 5
### The error may exist in com/zbkj/service/dao/StoreProductDao.java (best guess)
### The error may involve defaultParameterMap
### The error occurred while setting parameters
### SQL: SELECT   id,image,store_name,price,ot_price,sales,ficti   FROM eb_store_product     WHERE (is_del = ? AND is_recycle = ? AND is_show = ? AND is_forced = ? AND audit_status = ? AND stock > ?) ORDER BY rank DESC,id DESC LIMIT ?
### Cause: java.sql.SQLSyntaxErrorException: You have an error in your SQL syntax; check the manual that corresponds to your MySQL server version for the right syntax to use near 'DESC,id DESC LIMIT 13' at line 5
; bad SQL grammar []; nested exception is java.sql.SQLSyntaxErrorException: You have an error in your SQL syntax; check the manual that corresponds to your MySQL server version for the right syntax to use near 'DESC,id DESC LIMIT 13' at line 5]" }
                    
{
                    "app": "Crmeb",
                    "timestamp":"2025-09-18 18:41:14.650",
                    "level": "DEBUG",
                    "thread": "http-nio-8081-exec-11",
                    "class": "o.s.web.servlet.DispatcherServlet",
                    "message": "Completed 200 OK" }
                    
{
                    "app": "Crmeb",
                    "timestamp":"2025-09-18 18:41:14.658",
                    "level": "DEBUG",
                    "thread": "http-nio-8081-exec-9",
                    "class": "o.s.web.servlet.DispatcherServlet",
                    "message": "GET "/api/front/activity/index/list", parameters={}" }
                    
{
                    "app": "Crmeb",
                    "timestamp":"2025-09-18 18:41:14.660",
                    "level": "DEBUG",
                    "thread": "http-nio-8081-exec-9",
                    "class": "o.s.w.s.m.m.a.RequestMappingHandlerMapping",
                    "message": "Mapped to com.zbkj.front.controller.ActivityController#getIndexList()" }
                    
{
                    "app": "Crmeb",
                    "timestamp":"2025-09-18 18:41:14.688",
                    "level": "DEBUG",
                    "thread": "http-nio-8081-exec-20",
                    "class": "o.s.web.servlet.DispatcherServlet",
                    "message": "GET "/api/front/index/product?page=1&limit=13", parameters={masked}" }
                    
{
                    "app": "Crmeb",
                    "timestamp":"2025-09-18 18:41:14.690",
                    "level": "DEBUG",
                    "thread": "http-nio-8081-exec-20",
                    "class": "o.s.w.s.m.m.a.RequestMappingHandlerMapping",
                    "message": "Mapped to com.zbkj.front.controller.IndexController#getProductList(PageParamRequest)" }
                    
{
                    "app": "Crmeb",
                    "timestamp":"2025-09-18 18:41:14.694",
                    "level": "DEBUG",
                    "thread": "http-nio-8081-exec-17",
                    "class": "o.s.web.servlet.DispatcherServlet",
                    "message": "POST "/api/front/login/token/is/exist", parameters={}" }
                    
{
                    "app": "Crmeb",
                    "timestamp":"2025-09-18 18:41:14.694",
                    "level": "DEBUG",
                    "thread": "http-nio-8081-exec-19",
                    "class": "o.s.web.servlet.DispatcherServlet",
                    "message": "GET "/api/front/search/keyword", parameters={}" }
                    
{
                    "app": "Crmeb",
                    "timestamp":"2025-09-18 18:41:14.694",
                    "level": "DEBUG",
                    "thread": "http-nio-8081-exec-21",
                    "class": "o.s.web.servlet.DispatcherServlet",
                    "message": "GET "/api/front/product/category", parameters={}" }
                    
{
                    "app": "Crmeb",
                    "timestamp":"2025-09-18 18:41:14.699",
                    "level": "DEBUG",
                    "thread": "http-nio-8081-exec-17",
                    "class": "o.s.w.s.m.m.a.RequestMappingHandlerMapping",
                    "message": "Mapped to com.zbkj.front.controller.LoginController#tokenIsExist()" }
                    
{
                    "app": "Crmeb",
                    "timestamp":"2025-09-18 18:41:14.700",
                    "level": "DEBUG",
                    "thread": "http-nio-8081-exec-19",
                    "class": "o.s.w.s.m.m.a.RequestMappingHandlerMapping",
                    "message": "Mapped to com.zbkj.front.controller.IndexController#hotKeywords()" }
                    
{
                    "app": "Crmeb",
                    "timestamp":"2025-09-18 18:41:14.700",
                    "level": "DEBUG",
                    "thread": "http-nio-8081-exec-21",
                    "class": "o.s.w.s.m.m.a.RequestMappingHandlerMapping",
                    "message": "Mapped to com.zbkj.front.controller.ProductController#getCategory()" }
                    
{
                    "app": "Crmeb",
                    "timestamp":"2025-09-18 18:41:14.708",
                    "level": "DEBUG",
                    "thread": "http-nio-8081-exec-20",
                    "class": "o.s.w.s.m.m.a.ExceptionHandlerExceptionResolver",
                    "message": "Using @ExceptionHandler com.zbkj.common.exception.GlobalExceptionHandler#defaultExceptionHandler(Exception)" }
                    
{
                    "app": "Crmeb",
                    "timestamp":"2025-09-18 18:41:14.723",
                    "level": "DEBUG",
                    "thread": "http-nio-8081-exec-17",
                    "class": "o.s.w.s.m.m.a.RequestResponseBodyMethodProcessor",
                    "message": "Using 'application/json', given [application/json, text/plain, */*] and supported [application/json, application/*+json, application/json, application/*+json]" }
                    
{
                    "app": "Crmeb",
                    "timestamp":"2025-09-18 18:41:14.732",
                    "level": "DEBUG",
                    "thread": "http-nio-8081-exec-17",
                    "class": "o.s.w.s.m.m.a.RequestResponseBodyMethodProcessor",
                    "message": "Writing [com.zbkj.common.response.CommonResult@36581b5d]" }
                    
{
                    "app": "Crmeb",
                    "timestamp":"2025-09-18 18:41:14.735",
                    "level": "DEBUG",
                    "thread": "http-nio-8081-exec-17",
                    "class": "o.s.web.servlet.DispatcherServlet",
                    "message": "Completed 200 OK" }
                    
{
                    "app": "Crmeb",
                    "timestamp":"2025-09-18 18:41:14.782",
                    "level": "DEBUG",
                    "thread": "http-nio-8081-exec-19",
                    "class": "o.s.w.s.m.m.a.RequestResponseBodyMethodProcessor",
                    "message": "Using 'application/json', given [application/json, text/plain, */*] and supported [application/json, application/*+json, application/json, application/*+json]" }
                    
{
                    "app": "Crmeb",
                    "timestamp":"2025-09-18 18:41:14.783",
                    "level": "DEBUG",
                    "thread": "http-nio-8081-exec-19",
                    "class": "o.s.w.s.m.m.a.RequestResponseBodyMethodProcessor",
                    "message": "Writing [com.zbkj.common.response.CommonResult@36a9a2f1]" }
                    
{
                    "app": "Crmeb",
                    "timestamp":"2025-09-18 18:41:14.787",
                    "level": "DEBUG",
                    "thread": "http-nio-8081-exec-19",
                    "class": "o.s.web.servlet.DispatcherServlet",
                    "message": "Completed 200 OK" }
                    
{
                    "app": "Crmeb",
                    "timestamp":"2025-09-18 18:41:14.798",
                    "level": "DEBUG",
                    "thread": "http-nio-8081-exec-9",
                    "class": "o.s.w.s.m.m.a.RequestResponseBodyMethodProcessor",
                    "message": "Using 'application/json', given [application/json, text/plain, */*] and supported [application/json, application/*+json, application/json, application/*+json]" }
                    
{
                    "app": "Crmeb",
                    "timestamp":"2025-09-18 18:41:14.798",
                    "level": "DEBUG",
                    "thread": "http-nio-8081-exec-9",
                    "class": "o.s.w.s.m.m.a.RequestResponseBodyMethodProcessor",
                    "message": "Writing [com.zbkj.common.response.CommonResult@4dc770db]" }
                    
{
                    "app": "Crmeb",
                    "timestamp":"2025-09-18 18:41:14.799",
                    "level": "DEBUG",
                    "thread": "http-nio-8081-exec-9",
                    "class": "o.s.web.servlet.DispatcherServlet",
                    "message": "Completed 200 OK" }
                    
{
                    "app": "Crmeb",
                    "timestamp":"2025-09-18 18:41:14.842",
                    "level": "DEBUG",
                    "thread": "http-nio-8081-exec-20",
                    "class": "o.s.w.s.m.m.a.RequestResponseBodyMethodProcessor",
                    "message": "Using 'application/json', given [application/json, text/plain, */*] and supported [application/json, application/*+json, application/json, application/*+json]" }
                    
{
                    "app": "Crmeb",
                    "timestamp":"2025-09-18 18:41:14.842",
                    "level": "DEBUG",
                    "thread": "http-nio-8081-exec-20",
                    "class": "o.s.w.s.m.m.a.RequestResponseBodyMethodProcessor",
                    "message": "Writing [com.zbkj.common.response.CommonResult@50408a0a]" }
                    
{
                    "app": "Crmeb",
                    "timestamp":"2025-09-18 18:41:14.843",
                    "level": "DEBUG",
                    "thread": "http-nio-8081-exec-20",
                    "class": "o.s.w.s.m.m.a.ExceptionHandlerExceptionResolver",
                    "message": "Resolved [org.springframework.jdbc.BadSqlGrammarException: 
### Error querying database.  Cause: java.sql.SQLSyntaxErrorException: You have an error in your SQL syntax; check the manual that corresponds to your MySQL server version for the right syntax to use near 'DESC,id DESC LIMIT 13' at line 5
### The error may exist in com/zbkj/service/dao/StoreProductDao.java (best guess)
### The error may involve defaultParameterMap
### The error occurred while setting parameters
### SQL: SELECT   id,image,store_name,price,ot_price,sales,ficti   FROM eb_store_product     WHERE (is_del = ? AND is_recycle = ? AND is_show = ? AND is_forced = ? AND audit_status = ? AND stock > ?) ORDER BY rank DESC,id DESC LIMIT ?
### Cause: java.sql.SQLSyntaxErrorException: You have an error in your SQL syntax; check the manual that corresponds to your MySQL server version for the right syntax to use near 'DESC,id DESC LIMIT 13' at line 5
; bad SQL grammar []; nested exception is java.sql.SQLSyntaxErrorException: You have an error in your SQL syntax; check the manual that corresponds to your MySQL server version for the right syntax to use near 'DESC,id DESC LIMIT 13' at line 5]" }
                    
{
                    "app": "Crmeb",
                    "timestamp":"2025-09-18 18:41:14.843",
                    "level": "DEBUG",
                    "thread": "http-nio-8081-exec-20",
                    "class": "o.s.web.servlet.DispatcherServlet",
                    "message": "Completed 200 OK" }
                    
{
                    "app": "Crmeb",
                    "timestamp":"2025-09-18 18:41:14.843",
                    "level": "DEBUG",
                    "thread": "http-nio-8081-exec-5",
                    "class": "o.s.w.s.m.m.a.RequestResponseBodyMethodProcessor",
                    "message": "Using 'application/json', given [application/json, text/plain, */*] and supported [application/json, application/*+json, application/json, application/*+json]" }
                    
{
                    "app": "Crmeb",
                    "timestamp":"2025-09-18 18:41:14.846",
                    "level": "DEBUG",
                    "thread": "http-nio-8081-exec-5",
                    "class": "o.s.w.s.m.m.a.RequestResponseBodyMethodProcessor",
                    "message": "Writing [com.zbkj.common.response.CommonResult@52507775]" }
                    
{
                    "app": "Crmeb",
                    "timestamp":"2025-09-18 18:41:14.848",
                    "level": "DEBUG",
                    "thread": "http-nio-8081-exec-5",
                    "class": "o.s.web.servlet.DispatcherServlet",
                    "message": "Completed 200 OK" }
                    
{
                    "app": "Crmeb",
                    "timestamp":"2025-09-18 18:41:15.007",
                    "level": "DEBUG",
                    "thread": "http-nio-8081-exec-21",
                    "class": "o.s.w.s.m.m.a.RequestResponseBodyMethodProcessor",
                    "message": "Using 'application/json', given [application/json, text/plain, */*] and supported [application/json, application/*+json, application/json, application/*+json]" }
                    
{
                    "app": "Crmeb",
                    "timestamp":"2025-09-18 18:41:15.008",
                    "level": "DEBUG",
                    "thread": "http-nio-8081-exec-21",
                    "class": "o.s.w.s.m.m.a.RequestResponseBodyMethodProcessor",
                    "message": "Writing [com.zbkj.common.response.CommonResult@7553d1b4]" }
                    
{
                    "app": "Crmeb",
                    "timestamp":"2025-09-18 18:41:15.010",
                    "level": "DEBUG",
                    "thread": "http-nio-8081-exec-21",
                    "class": "o.s.web.servlet.DispatcherServlet",
                    "message": "Completed 200 OK" }
                    
{
                    "app": "Crmeb",
                    "timestamp":"2025-09-18 18:41:17.075",
                    "level": "DEBUG",
                    "thread": "http-nio-8081-exec-29",
                    "class": "o.s.web.servlet.DispatcherServlet",
                    "message": "GET "/api/pc/home/index", parameters={}" }
                    
{
                    "app": "Crmeb",
                    "timestamp":"2025-09-18 18:41:17.076",
                    "level": "DEBUG",
                    "thread": "http-nio-8081-exec-27",
                    "class": "o.s.web.servlet.DispatcherServlet",
                    "message": "GET "/api/front/merchant/street", parameters={}" }
                    
{
                    "app": "Crmeb",
                    "timestamp":"2025-09-18 18:41:17.076",
                    "level": "DEBUG",
                    "thread": "http-nio-8081-exec-28",
                    "class": "o.s.web.servlet.DispatcherServlet",
                    "message": "GET "/api/front/product/leaderboard", parameters={}" }
                    
{
                    "app": "Crmeb",
                    "timestamp":"2025-09-18 18:41:17.077",
                    "level": "DEBUG",
                    "thread": "http-nio-8081-exec-26",
                    "class": "o.s.web.servlet.DispatcherServlet",
                    "message": "GET "/api/front/activity/index/list", parameters={}" }
                    
{
                    "app": "Crmeb",
                    "timestamp":"2025-09-18 18:41:17.078",
                    "level": "DEBUG",
                    "thread": "http-nio-8081-exec-30",
                    "class": "o.s.web.servlet.DispatcherServlet",
                    "message": "GET "/api/front/index/product?page=1&limit=13", parameters={masked}" }
                    
{
                    "app": "Crmeb",
                    "timestamp":"2025-09-18 18:41:17.079",
                    "level": "DEBUG",
                    "thread": "http-nio-8081-exec-29",
                    "class": "o.s.w.s.m.m.a.RequestMappingHandlerMapping",
                    "message": "Mapped to com.zbkj.front.pc.controller.PcIndexController#getIndexInfo()" }
                    
{
                    "app": "Crmeb",
                    "timestamp":"2025-09-18 18:41:17.088",
                    "level": "DEBUG",
                    "thread": "http-nio-8081-exec-27",
                    "class": "o.s.w.s.m.m.a.RequestMappingHandlerMapping",
                    "message": "Mapped to com.zbkj.front.controller.MerchantController#getStreet(PageParamRequest)" }
                    
{
                    "app": "Crmeb",
                    "timestamp":"2025-09-18 18:41:17.088",
                    "level": "DEBUG",
                    "thread": "http-nio-8081-exec-26",
                    "class": "o.s.w.s.m.m.a.RequestMappingHandlerMapping",
                    "message": "Mapped to com.zbkj.front.controller.ActivityController#getIndexList()" }
                    
{
                    "app": "Crmeb",
                    "timestamp":"2025-09-18 18:41:17.088",
                    "level": "DEBUG",
                    "thread": "http-nio-8081-exec-28",
                    "class": "o.s.w.s.m.m.a.RequestMappingHandlerMapping",
                    "message": "Mapped to com.zbkj.front.controller.ProductController#getLeaderboard()" }
                    
{
                    "app": "Crmeb",
                    "timestamp":"2025-09-18 18:41:17.089",
                    "level": "DEBUG",
                    "thread": "http-nio-8081-exec-30",
                    "class": "o.s.w.s.m.m.a.RequestMappingHandlerMapping",
                    "message": "Mapped to com.zbkj.front.controller.IndexController#getProductList(PageParamRequest)" }
                    
{
                    "app": "Crmeb",
                    "timestamp":"2025-09-18 18:41:17.139",
                    "level": "DEBUG",
                    "thread": "http-nio-8081-exec-30",
                    "class": "o.s.w.s.m.m.a.ExceptionHandlerExceptionResolver",
                    "message": "Using @ExceptionHandler com.zbkj.common.exception.GlobalExceptionHandler#defaultExceptionHandler(Exception)" }
                    
{
                    "app": "Crmeb",
                    "timestamp":"2025-09-18 18:41:17.152",
                    "level": "DEBUG",
                    "thread": "http-nio-8081-exec-28",
                    "class": "o.s.w.s.m.m.a.RequestResponseBodyMethodProcessor",
                    "message": "Using 'application/json', given [application/json, text/plain, */*] and supported [application/json, application/*+json, application/json, application/*+json]" }
                    
{
                    "app": "Crmeb",
                    "timestamp":"2025-09-18 18:41:17.168",
                    "level": "DEBUG",
                    "thread": "http-nio-8081-exec-28",
                    "class": "o.s.w.s.m.m.a.RequestResponseBodyMethodProcessor",
                    "message": "Writing [com.zbkj.common.response.CommonResult@736ba7bf]" }
                    
{
                    "app": "Crmeb",
                    "timestamp":"2025-09-18 18:41:17.172",
                    "level": "DEBUG",
                    "thread": "http-nio-8081-exec-28",
                    "class": "o.s.web.servlet.DispatcherServlet",
                    "message": "Completed 200 OK" }
                    
{
                    "app": "Crmeb",
                    "timestamp":"2025-09-18 18:41:17.209",
                    "level": "DEBUG",
                    "thread": "http-nio-8081-exec-27",
                    "class": "o.s.w.s.m.m.a.RequestResponseBodyMethodProcessor",
                    "message": "Using 'application/json', given [application/json, text/plain, */*] and supported [application/json, application/*+json, application/json, application/*+json]" }
                    
{
                    "app": "Crmeb",
                    "timestamp":"2025-09-18 18:41:17.211",
                    "level": "DEBUG",
                    "thread": "http-nio-8081-exec-27",
                    "class": "o.s.w.s.m.m.a.RequestResponseBodyMethodProcessor",
                    "message": "Writing [com.zbkj.common.response.CommonResult@62f21a59]" }
                    
{
                    "app": "Crmeb",
                    "timestamp":"2025-09-18 18:41:17.216",
                    "level": "DEBUG",
                    "thread": "http-nio-8081-exec-27",
                    "class": "o.s.web.servlet.DispatcherServlet",
                    "message": "Completed 200 OK" }
                    
{
                    "app": "Crmeb",
                    "timestamp":"2025-09-18 18:41:17.328",
                    "level": "DEBUG",
                    "thread": "http-nio-8081-exec-30",
                    "class": "o.s.w.s.m.m.a.RequestResponseBodyMethodProcessor",
                    "message": "Using 'application/json', given [application/json, text/plain, */*] and supported [application/json, application/*+json, application/json, application/*+json]" }
                    
{
                    "app": "Crmeb",
                    "timestamp":"2025-09-18 18:41:17.331",
                    "level": "DEBUG",
                    "thread": "http-nio-8081-exec-30",
                    "class": "o.s.w.s.m.m.a.RequestResponseBodyMethodProcessor",
                    "message": "Writing [com.zbkj.common.response.CommonResult@62301128]" }
                    
{
                    "app": "Crmeb",
                    "timestamp":"2025-09-18 18:41:17.332",
                    "level": "DEBUG",
                    "thread": "http-nio-8081-exec-30",
                    "class": "o.s.w.s.m.m.a.ExceptionHandlerExceptionResolver",
                    "message": "Resolved [org.springframework.jdbc.BadSqlGrammarException: 
### Error querying database.  Cause: java.sql.SQLSyntaxErrorException: You have an error in your SQL syntax; check the manual that corresponds to your MySQL server version for the right syntax to use near 'DESC,id DESC LIMIT 13' at line 5
### The error may exist in com/zbkj/service/dao/StoreProductDao.java (best guess)
### The error may involve defaultParameterMap
### The error occurred while setting parameters
### SQL: SELECT   id,image,store_name,price,ot_price,sales,ficti   FROM eb_store_product     WHERE (is_del = ? AND is_recycle = ? AND is_show = ? AND is_forced = ? AND audit_status = ? AND stock > ?) ORDER BY rank DESC,id DESC LIMIT ?
### Cause: java.sql.SQLSyntaxErrorException: You have an error in your SQL syntax; check the manual that corresponds to your MySQL server version for the right syntax to use near 'DESC,id DESC LIMIT 13' at line 5
; bad SQL grammar []; nested exception is java.sql.SQLSyntaxErrorException: You have an error in your SQL syntax; check the manual that corresponds to your MySQL server version for the right syntax to use near 'DESC,id DESC LIMIT 13' at line 5]" }
                    
{
                    "app": "Crmeb",
                    "timestamp":"2025-09-18 18:41:17.333",
                    "level": "DEBUG",
                    "thread": "http-nio-8081-exec-30",
                    "class": "o.s.web.servlet.DispatcherServlet",
                    "message": "Completed 200 OK" }
                    
{
                    "app": "Crmeb",
                    "timestamp":"2025-09-18 18:41:17.343",
                    "level": "DEBUG",
                    "thread": "http-nio-8081-exec-26",
                    "class": "o.s.w.s.m.m.a.RequestResponseBodyMethodProcessor",
                    "message": "Using 'application/json', given [application/json, text/plain, */*] and supported [application/json, application/*+json, application/json, application/*+json]" }
                    
{
                    "app": "Crmeb",
                    "timestamp":"2025-09-18 18:41:17.344",
                    "level": "DEBUG",
                    "thread": "http-nio-8081-exec-26",
                    "class": "o.s.w.s.m.m.a.RequestResponseBodyMethodProcessor",
                    "message": "Writing [com.zbkj.common.response.CommonResult@6ab434a1]" }
                    
{
                    "app": "Crmeb",
                    "timestamp":"2025-09-18 18:41:17.345",
                    "level": "DEBUG",
                    "thread": "http-nio-8081-exec-26",
                    "class": "o.s.web.servlet.DispatcherServlet",
                    "message": "Completed 200 OK" }
                    
{
                    "app": "Crmeb",
                    "timestamp":"2025-09-18 18:41:17.351",
                    "level": "DEBUG",
                    "thread": "http-nio-8081-exec-29",
                    "class": "o.s.w.s.m.m.a.RequestResponseBodyMethodProcessor",
                    "message": "Using 'application/json', given [application/json, text/plain, */*] and supported [application/json, application/*+json, application/json, application/*+json]" }
                    
{
                    "app": "Crmeb",
                    "timestamp":"2025-09-18 18:41:17.352",
                    "level": "DEBUG",
                    "thread": "http-nio-8081-exec-29",
                    "class": "o.s.w.s.m.m.a.RequestResponseBodyMethodProcessor",
                    "message": "Writing [com.zbkj.common.response.CommonResult@786ac818]" }
                    
{
                    "app": "Crmeb",
                    "timestamp":"2025-09-18 18:41:17.353",
                    "level": "DEBUG",
                    "thread": "http-nio-8081-exec-29",
                    "class": "o.s.web.servlet.DispatcherServlet",
                    "message": "Completed 200 OK" }
                    
{
                    "app": "Crmeb",
                    "timestamp":"2025-09-18 18:41:17.363",
                    "level": "DEBUG",
                    "thread": "http-nio-8081-exec-3",
                    "class": "o.s.web.servlet.DispatcherServlet",
                    "message": "GET "/api/front/activity/index/list", parameters={}" }
                    
{
                    "app": "Crmeb",
                    "timestamp":"2025-09-18 18:41:17.366",
                    "level": "DEBUG",
                    "thread": "http-nio-8081-exec-3",
                    "class": "o.s.w.s.m.m.a.RequestMappingHandlerMapping",
                    "message": "Mapped to com.zbkj.front.controller.ActivityController#getIndexList()" }
                    
{
                    "app": "Crmeb",
                    "timestamp":"2025-09-18 18:41:17.391",
                    "level": "DEBUG",
                    "thread": "http-nio-8081-exec-4",
                    "class": "o.s.web.servlet.DispatcherServlet",
                    "message": "GET "/api/pc/home/index", parameters={}" }
                    
{
                    "app": "Crmeb",
                    "timestamp":"2025-09-18 18:41:17.391",
                    "level": "DEBUG",
                    "thread": "http-nio-8081-exec-2",
                    "class": "o.s.web.servlet.DispatcherServlet",
                    "message": "GET "/api/front/index/product?page=1&limit=13", parameters={masked}" }
                    
{
                    "app": "Crmeb",
                    "timestamp":"2025-09-18 18:41:17.393",
                    "level": "DEBUG",
                    "thread": "http-nio-8081-exec-4",
                    "class": "o.s.w.s.m.m.a.RequestMappingHandlerMapping",
                    "message": "Mapped to com.zbkj.front.pc.controller.PcIndexController#getIndexInfo()" }
                    
{
                    "app": "Crmeb",
                    "timestamp":"2025-09-18 18:41:17.393",
                    "level": "DEBUG",
                    "thread": "http-nio-8081-exec-2",
                    "class": "o.s.w.s.m.m.a.RequestMappingHandlerMapping",
                    "message": "Mapped to com.zbkj.front.controller.IndexController#getProductList(PageParamRequest)" }
                    
{
                    "app": "Crmeb",
                    "timestamp":"2025-09-18 18:41:17.397",
                    "level": "DEBUG",
                    "thread": "http-nio-8081-exec-10",
                    "class": "o.s.web.servlet.DispatcherServlet",
                    "message": "GET "/api/front/product/category", parameters={}" }
                    
{
                    "app": "Crmeb",
                    "timestamp":"2025-09-18 18:41:17.397",
                    "level": "DEBUG",
                    "thread": "http-nio-8081-exec-11",
                    "class": "o.s.web.servlet.DispatcherServlet",
                    "message": "GET "/api/front/search/keyword", parameters={}" }
                    
{
                    "app": "Crmeb",
                    "timestamp":"2025-09-18 18:41:17.397",
                    "level": "DEBUG",
                    "thread": "http-nio-8081-exec-6",
                    "class": "o.s.web.servlet.DispatcherServlet",
                    "message": "POST "/api/front/login/token/is/exist", parameters={}" }
                    
{
                    "app": "Crmeb",
                    "timestamp":"2025-09-18 18:41:17.398",
                    "level": "DEBUG",
                    "thread": "http-nio-8081-exec-11",
                    "class": "o.s.w.s.m.m.a.RequestMappingHandlerMapping",
                    "message": "Mapped to com.zbkj.front.controller.IndexController#hotKeywords()" }
                    
{
                    "app": "Crmeb",
                    "timestamp":"2025-09-18 18:41:17.398",
                    "level": "DEBUG",
                    "thread": "http-nio-8081-exec-10",
                    "class": "o.s.w.s.m.m.a.RequestMappingHandlerMapping",
                    "message": "Mapped to com.zbkj.front.controller.ProductController#getCategory()" }
                    
{
                    "app": "Crmeb",
                    "timestamp":"2025-09-18 18:41:17.399",
                    "level": "DEBUG",
                    "thread": "http-nio-8081-exec-6",
                    "class": "o.s.w.s.m.m.a.RequestMappingHandlerMapping",
                    "message": "Mapped to com.zbkj.front.controller.LoginController#tokenIsExist()" }
                    
{
                    "app": "Crmeb",
                    "timestamp":"2025-09-18 18:41:17.402",
                    "level": "DEBUG",
                    "thread": "http-nio-8081-exec-6",
                    "class": "o.s.w.s.m.m.a.RequestResponseBodyMethodProcessor",
                    "message": "Using 'application/json', given [application/json, text/plain, */*] and supported [application/json, application/*+json, application/json, application/*+json]" }
                    
{
                    "app": "Crmeb",
                    "timestamp":"2025-09-18 18:41:17.405",
                    "level": "DEBUG",
                    "thread": "http-nio-8081-exec-6",
                    "class": "o.s.w.s.m.m.a.RequestResponseBodyMethodProcessor",
                    "message": "Writing [com.zbkj.common.response.CommonResult@b2f1c89]" }
                    
{
                    "app": "Crmeb",
                    "timestamp":"2025-09-18 18:41:17.407",
                    "level": "DEBUG",
                    "thread": "http-nio-8081-exec-6",
                    "class": "o.s.web.servlet.DispatcherServlet",
                    "message": "Completed 200 OK" }
                    
{
                    "app": "Crmeb",
                    "timestamp":"2025-09-18 18:41:17.444",
                    "level": "DEBUG",
                    "thread": "http-nio-8081-exec-2",
                    "class": "o.s.w.s.m.m.a.ExceptionHandlerExceptionResolver",
                    "message": "Using @ExceptionHandler com.zbkj.common.exception.GlobalExceptionHandler#defaultExceptionHandler(Exception)" }
                    
{
                    "app": "Crmeb",
                    "timestamp":"2025-09-18 18:41:17.472",
                    "level": "DEBUG",
                    "thread": "http-nio-8081-exec-11",
                    "class": "o.s.w.s.m.m.a.RequestResponseBodyMethodProcessor",
                    "message": "Using 'application/json', given [application/json, text/plain, */*] and supported [application/json, application/*+json, application/json, application/*+json]" }
                    
{
                    "app": "Crmeb",
                    "timestamp":"2025-09-18 18:41:17.474",
                    "level": "DEBUG",
                    "thread": "http-nio-8081-exec-11",
                    "class": "o.s.w.s.m.m.a.RequestResponseBodyMethodProcessor",
                    "message": "Writing [com.zbkj.common.response.CommonResult@690efab5]" }
                    
{
                    "app": "Crmeb",
                    "timestamp":"2025-09-18 18:41:17.475",
                    "level": "DEBUG",
                    "thread": "http-nio-8081-exec-11",
                    "class": "o.s.web.servlet.DispatcherServlet",
                    "message": "Completed 200 OK" }
                    
{
                    "app": "Crmeb",
                    "timestamp":"2025-09-18 18:41:17.551",
                    "level": "DEBUG",
                    "thread": "http-nio-8081-exec-3",
                    "class": "o.s.w.s.m.m.a.RequestResponseBodyMethodProcessor",
                    "message": "Using 'application/json', given [application/json, text/plain, */*] and supported [application/json, application/*+json, application/json, application/*+json]" }
                    
{
                    "app": "Crmeb",
                    "timestamp":"2025-09-18 18:41:17.555",
                    "level": "DEBUG",
                    "thread": "http-nio-8081-exec-3",
                    "class": "o.s.w.s.m.m.a.RequestResponseBodyMethodProcessor",
                    "message": "Writing [com.zbkj.common.response.CommonResult@35eee834]" }
                    
{
                    "app": "Crmeb",
                    "timestamp":"2025-09-18 18:41:17.556",
                    "level": "DEBUG",
                    "thread": "http-nio-8081-exec-3",
                    "class": "o.s.web.servlet.DispatcherServlet",
                    "message": "Completed 200 OK" }
                    
{
                    "app": "Crmeb",
                    "timestamp":"2025-09-18 18:41:17.653",
                    "level": "DEBUG",
                    "thread": "http-nio-8081-exec-4",
                    "class": "o.s.w.s.m.m.a.RequestResponseBodyMethodProcessor",
                    "message": "Using 'application/json', given [application/json, text/plain, */*] and supported [application/json, application/*+json, application/json, application/*+json]" }
                    
{
                    "app": "Crmeb",
                    "timestamp":"2025-09-18 18:41:17.654",
                    "level": "DEBUG",
                    "thread": "http-nio-8081-exec-4",
                    "class": "o.s.w.s.m.m.a.RequestResponseBodyMethodProcessor",
                    "message": "Writing [com.zbkj.common.response.CommonResult@35e214b4]" }
                    
{
                    "app": "Crmeb",
                    "timestamp":"2025-09-18 18:41:17.656",
                    "level": "DEBUG",
                    "thread": "http-nio-8081-exec-4",
                    "class": "o.s.web.servlet.DispatcherServlet",
                    "message": "Completed 200 OK" }
                    
{
                    "app": "Crmeb",
                    "timestamp":"2025-09-18 18:41:17.686",
                    "level": "DEBUG",
                    "thread": "http-nio-8081-exec-2",
                    "class": "o.s.w.s.m.m.a.RequestResponseBodyMethodProcessor",
                    "message": "Using 'application/json', given [application/json, text/plain, */*] and supported [application/json, application/*+json, application/json, application/*+json]" }
                    
{
                    "app": "Crmeb",
                    "timestamp":"2025-09-18 18:41:17.686",
                    "level": "DEBUG",
                    "thread": "http-nio-8081-exec-2",
                    "class": "o.s.w.s.m.m.a.RequestResponseBodyMethodProcessor",
                    "message": "Writing [com.zbkj.common.response.CommonResult@65950238]" }
                    
{
                    "app": "Crmeb",
                    "timestamp":"2025-09-18 18:41:17.686",
                    "level": "DEBUG",
                    "thread": "http-nio-8081-exec-2",
                    "class": "o.s.w.s.m.m.a.ExceptionHandlerExceptionResolver",
                    "message": "Resolved [org.springframework.jdbc.BadSqlGrammarException: 
### Error querying database.  Cause: java.sql.SQLSyntaxErrorException: You have an error in your SQL syntax; check the manual that corresponds to your MySQL server version for the right syntax to use near 'DESC,id DESC LIMIT 13' at line 5
### The error may exist in com/zbkj/service/dao/StoreProductDao.java (best guess)
### The error may involve defaultParameterMap
### The error occurred while setting parameters
### SQL: SELECT   id,image,store_name,price,ot_price,sales,ficti   FROM eb_store_product     WHERE (is_del = ? AND is_recycle = ? AND is_show = ? AND is_forced = ? AND audit_status = ? AND stock > ?) ORDER BY rank DESC,id DESC LIMIT ?
### Cause: java.sql.SQLSyntaxErrorException: You have an error in your SQL syntax; check the manual that corresponds to your MySQL server version for the right syntax to use near 'DESC,id DESC LIMIT 13' at line 5
; bad SQL grammar []; nested exception is java.sql.SQLSyntaxErrorException: You have an error in your SQL syntax; check the manual that corresponds to your MySQL server version for the right syntax to use near 'DESC,id DESC LIMIT 13' at line 5]" }
                    
{
                    "app": "Crmeb",
                    "timestamp":"2025-09-18 18:41:17.687",
                    "level": "DEBUG",
                    "thread": "http-nio-8081-exec-2",
                    "class": "o.s.web.servlet.DispatcherServlet",
                    "message": "Completed 200 OK" }
                    
{
                    "app": "Crmeb",
                    "timestamp":"2025-09-18 18:41:17.725",
                    "level": "DEBUG",
                    "thread": "http-nio-8081-exec-10",
                    "class": "o.s.w.s.m.m.a.RequestResponseBodyMethodProcessor",
                    "message": "Using 'application/json', given [application/json, text/plain, */*] and supported [application/json, application/*+json, application/json, application/*+json]" }
                    
{
                    "app": "Crmeb",
                    "timestamp":"2025-09-18 18:41:17.725",
                    "level": "DEBUG",
                    "thread": "http-nio-8081-exec-10",
                    "class": "o.s.w.s.m.m.a.RequestResponseBodyMethodProcessor",
                    "message": "Writing [com.zbkj.common.response.CommonResult@7085d842]" }
                    
{
                    "app": "Crmeb",
                    "timestamp":"2025-09-18 18:41:17.728",
                    "level": "DEBUG",
                    "thread": "http-nio-8081-exec-10",
                    "class": "o.s.web.servlet.DispatcherServlet",
                    "message": "Completed 200 OK" }
                    
{
                    "app": "Crmeb",
                    "timestamp":"2025-09-18 18:46:11.617",
                    "level": "DEBUG",
                    "thread": "main",
                    "class": "o.s.b.c.l.ClasspathLoggingApplicationListener",
                    "message": "Application started with classpath: [jar:file:/E:/2zynt/工作项目/CRMEB-JAVA-ET-V1.2(2025.4.25)/et_java/crmeb-front/target/Crmeb-front.jar!/BOOT-INF/classes!/, jar:file:/E:/2zynt/工作项目/CRMEB-JAVA-ET-V1.2(2025.4.25)/et_java/crmeb-front/target/Crmeb-front.jar!/BOOT-INF/lib/crmeb-service-0.0.1-SNAPSHOT.jar!/, jar:file:/E:/2zynt/工作项目/CRMEB-JAVA-ET-V1.2(2025.4.25)/et_java/crmeb-front/target/Crmeb-front.jar!/BOOT-INF/lib/crmeb-common-0.0.1-SNAPSHOT.jar!/, jar:file:/E:/2zynt/工作项目/CRMEB-JAVA-ET-V1.2(2025.4.25)/et_java/crmeb-front/target/Crmeb-front.jar!/BOOT-INF/lib/javax.servlet-api-4.0.1.jar!/, jar:file:/E:/2zynt/工作项目/CRMEB-JAVA-ET-V1.2(2025.4.25)/et_java/crmeb-front/target/Crmeb-front.jar!/BOOT-INF/lib/jstl-1.2.jar!/, jar:file:/E:/2zynt/工作项目/CRMEB-JAVA-ET-V1.2(2025.4.25)/et_java/crmeb-front/target/Crmeb-front.jar!/BOOT-INF/lib/tomcat-embed-jasper-9.0.33.jar!/, jar:file:/E:/2zynt/工作项目/CRMEB-JAVA-ET-V1.2(2025.4.25)/et_java/crmeb-front/target/Crmeb-front.jar!/BOOT-INF/lib/tomcat-embed-core-9.0.33.jar!/, jar:file:/E:/2zynt/工作项目/CRMEB-JAVA-ET-V1.2(2025.4.25)/et_java/crmeb-front/target/Crmeb-front.jar!/BOOT-INF/lib/tomcat-annotations-api-9.0.33.jar!/, jar:file:/E:/2zynt/工作项目/CRMEB-JAVA-ET-V1.2(2025.4.25)/et_java/crmeb-front/target/Crmeb-front.jar!/BOOT-INF/lib/tomcat-embed-el-9.0.33.jar!/, jar:file:/E:/2zynt/工作项目/CRMEB-JAVA-ET-V1.2(2025.4.25)/et_java/crmeb-front/target/Crmeb-front.jar!/BOOT-INF/lib/ecj-3.18.0.jar!/, jar:file:/E:/2zynt/工作项目/CRMEB-JAVA-ET-V1.2(2025.4.25)/et_java/crmeb-front/target/Crmeb-front.jar!/BOOT-INF/lib/tomcat-jsp-api-9.0.33.jar!/, jar:file:/E:/2zynt/工作项目/CRMEB-JAVA-ET-V1.2(2025.4.25)/et_java/crmeb-front/target/Crmeb-front.jar!/BOOT-INF/lib/tomcat-el-api-9.0.33.jar!/, jar:file:/E:/2zynt/工作项目/CRMEB-JAVA-ET-V1.2(2025.4.25)/et_java/crmeb-front/target/Crmeb-front.jar!/BOOT-INF/lib/tomcat-servlet-api-9.0.33.jar!/, jar:file:/E:/2zynt/工作项目/CRMEB-JAVA-ET-V1.2(2025.4.25)/et_java/crmeb-front/target/Crmeb-front.jar!/BOOT-INF/lib/fastjson-2.0.38.jar!/, jar:file:/E:/2zynt/工作项目/CRMEB-JAVA-ET-V1.2(2025.4.25)/et_java/crmeb-front/target/Crmeb-front.jar!/BOOT-INF/lib/fastjson2-extension-2.0.38.jar!/, jar:file:/E:/2zynt/工作项目/CRMEB-JAVA-ET-V1.2(2025.4.25)/et_java/crmeb-front/target/Crmeb-front.jar!/BOOT-INF/lib/fastjson2-2.0.38.jar!/, jar:file:/E:/2zynt/工作项目/CRMEB-JAVA-ET-V1.2(2025.4.25)/et_java/crmeb-front/target/Crmeb-front.jar!/BOOT-INF/lib/druid-1.1.20.jar!/, jar:file:/E:/2zynt/工作项目/CRMEB-JAVA-ET-V1.2(2025.4.25)/et_java/crmeb-front/target/Crmeb-front.jar!/BOOT-INF/lib/mysql-connector-j-8.0.33.jar!/, jar:file:/E:/2zynt/工作项目/CRMEB-JAVA-ET-V1.2(2025.4.25)/et_java/crmeb-front/target/Crmeb-front.jar!/BOOT-INF/lib/protobuf-java-3.21.9.jar!/, jar:file:/E:/2zynt/工作项目/CRMEB-JAVA-ET-V1.2(2025.4.25)/et_java/crmeb-front/target/Crmeb-front.jar!/BOOT-INF/lib/lombok-1.18.12.jar!/, jar:file:/E:/2zynt/工作项目/CRMEB-JAVA-ET-V1.2(2025.4.25)/et_java/crmeb-front/target/Crmeb-front.jar!/BOOT-INF/lib/mybatis-plus-boot-starter-3.3.1.jar!/, jar:file:/E:/2zynt/工作项目/CRMEB-JAVA-ET-V1.2(2025.4.25)/et_java/crmeb-front/target/Crmeb-front.jar!/BOOT-INF/lib/spring-boot-starter-jdbc-2.2.6.RELEASE.jar!/, jar:file:/E:/2zynt/工作项目/CRMEB-JAVA-ET-V1.2(2025.4.25)/et_java/crmeb-front/target/Crmeb-front.jar!/BOOT-INF/lib/HikariCP-3.4.2.jar!/, jar:file:/E:/2zynt/工作项目/CRMEB-JAVA-ET-V1.2(2025.4.25)/et_java/crmeb-front/target/Crmeb-front.jar!/BOOT-INF/lib/spring-jdbc-5.2.5.RELEASE.jar!/, jar:file:/E:/2zynt/工作项目/CRMEB-JAVA-ET-V1.2(2025.4.25)/et_java/crmeb-front/target/Crmeb-front.jar!/BOOT-INF/lib/spring-boot-test-2.2.6.RELEASE.jar!/, jar:file:/E:/2zynt/工作项目/CRMEB-JAVA-ET-V1.2(2025.4.25)/et_java/crmeb-front/target/Crmeb-front.jar!/BOOT-INF/lib/spring-boot-2.2.6.RELEASE.jar!/, jar:file:/E:/2zynt/工作项目/CRMEB-JAVA-ET-V1.2(2025.4.25)/et_java/crmeb-front/target/Crmeb-front.jar!/BOOT-INF/lib/spring-context-5.2.5.RELEASE.jar!/, jar:file:/E:/2zynt/工作项目/CRMEB-JAVA-ET-V1.2(2025.4.25)/et_java/crmeb-front/target/Crmeb-front.jar!/BOOT-INF/lib/spring-test-5.2.5.RELEASE.jar!/, jar:file:/E:/2zynt/工作项目/CRMEB-JAVA-ET-V1.2(2025.4.25)/et_java/crmeb-front/target/Crmeb-front.jar!/BOOT-INF/lib/spring-core-5.2.5.RELEASE.jar!/, jar:file:/E:/2zynt/工作项目/CRMEB-JAVA-ET-V1.2(2025.4.25)/et_java/crmeb-front/target/Crmeb-front.jar!/BOOT-INF/lib/spring-jcl-5.2.5.RELEASE.jar!/, jar:file:/E:/2zynt/工作项目/CRMEB-JAVA-ET-V1.2(2025.4.25)/et_java/crmeb-front/target/Crmeb-front.jar!/BOOT-INF/lib/mybatis-plus-3.3.1.jar!/, jar:file:/E:/2zynt/工作项目/CRMEB-JAVA-ET-V1.2(2025.4.25)/et_java/crmeb-front/target/Crmeb-front.jar!/BOOT-INF/lib/mybatis-plus-extension-3.3.1.jar!/, jar:file:/E:/2zynt/工作项目/CRMEB-JAVA-ET-V1.2(2025.4.25)/et_java/crmeb-front/target/Crmeb-front.jar!/BOOT-INF/lib/mybatis-plus-core-3.3.1.jar!/, jar:file:/E:/2zynt/工作项目/CRMEB-JAVA-ET-V1.2(2025.4.25)/et_java/crmeb-front/target/Crmeb-front.jar!/BOOT-INF/lib/mybatis-plus-annotation-3.3.1.jar!/, jar:file:/E:/2zynt/工作项目/CRMEB-JAVA-ET-V1.2(2025.4.25)/et_java/crmeb-front/target/Crmeb-front.jar!/BOOT-INF/lib/mybatis-3.5.3.jar!/, jar:file:/E:/2zynt/工作项目/CRMEB-JAVA-ET-V1.2(2025.4.25)/et_java/crmeb-front/target/Crmeb-front.jar!/BOOT-INF/lib/mybatis-spring-2.0.3.jar!/, jar:file:/E:/2zynt/工作项目/CRMEB-JAVA-ET-V1.2(2025.4.25)/et_java/crmeb-front/target/Crmeb-front.jar!/BOOT-INF/lib/mybatis-plus-generator-3.3.1.jar!/, jar:file:/E:/2zynt/工作项目/CRMEB-JAVA-ET-V1.2(2025.4.25)/et_java/crmeb-front/target/Crmeb-front.jar!/BOOT-INF/lib/swagger-annotations-1.5.21.jar!/, jar:file:/E:/2zynt/工作项目/CRMEB-JAVA-ET-V1.2(2025.4.25)/et_java/crmeb-front/target/Crmeb-front.jar!/BOOT-INF/lib/springfox-swagger2-2.9.2.jar!/, jar:file:/E:/2zynt/工作项目/CRMEB-JAVA-ET-V1.2(2025.4.25)/et_java/crmeb-front/target/Crmeb-front.jar!/BOOT-INF/lib/springfox-spi-2.9.2.jar!/, jar:file:/E:/2zynt/工作项目/CRMEB-JAVA-ET-V1.2(2025.4.25)/et_java/crmeb-front/target/Crmeb-front.jar!/BOOT-INF/lib/springfox-core-2.9.2.jar!/, jar:file:/E:/2zynt/工作项目/CRMEB-JAVA-ET-V1.2(2025.4.25)/et_java/crmeb-front/target/Crmeb-front.jar!/BOOT-INF/lib/byte-buddy-1.10.8.jar!/, jar:file:/E:/2zynt/工作项目/CRMEB-JAVA-ET-V1.2(2025.4.25)/et_java/crmeb-front/target/Crmeb-front.jar!/BOOT-INF/lib/springfox-schema-2.9.2.jar!/, jar:file:/E:/2zynt/工作项目/CRMEB-JAVA-ET-V1.2(2025.4.25)/et_java/crmeb-front/target/Crmeb-front.jar!/BOOT-INF/lib/springfox-swagger-common-2.9.2.jar!/, jar:file:/E:/2zynt/工作项目/CRMEB-JAVA-ET-V1.2(2025.4.25)/et_java/crmeb-front/target/Crmeb-front.jar!/BOOT-INF/lib/springfox-spring-web-2.9.2.jar!/, jar:file:/E:/2zynt/工作项目/CRMEB-JAVA-ET-V1.2(2025.4.25)/et_java/crmeb-front/target/Crmeb-front.jar!/BOOT-INF/lib/classmate-1.5.1.jar!/, jar:file:/E:/2zynt/工作项目/CRMEB-JAVA-ET-V1.2(2025.4.25)/et_java/crmeb-front/target/Crmeb-front.jar!/BOOT-INF/lib/slf4j-api-1.7.30.jar!/, jar:file:/E:/2zynt/工作项目/CRMEB-JAVA-ET-V1.2(2025.4.25)/et_java/crmeb-front/target/Crmeb-front.jar!/BOOT-INF/lib/spring-plugin-core-1.2.0.RELEASE.jar!/, jar:file:/E:/2zynt/工作项目/CRMEB-JAVA-ET-V1.2(2025.4.25)/et_java/crmeb-front/target/Crmeb-front.jar!/BOOT-INF/lib/spring-plugin-metadata-1.2.0.RELEASE.jar!/, jar:file:/E:/2zynt/工作项目/CRMEB-JAVA-ET-V1.2(2025.4.25)/et_java/crmeb-front/target/Crmeb-front.jar!/BOOT-INF/lib/mapstruct-1.2.0.Final.jar!/, jar:file:/E:/2zynt/工作项目/CRMEB-JAVA-ET-V1.2(2025.4.25)/et_java/crmeb-front/target/Crmeb-front.jar!/BOOT-INF/lib/swagger-models-1.5.22.jar!/, jar:file:/E:/2zynt/工作项目/CRMEB-JAVA-ET-V1.2(2025.4.25)/et_java/crmeb-front/target/Crmeb-front.jar!/BOOT-INF/lib/jackson-annotations-2.10.3.jar!/, jar:file:/E:/2zynt/工作项目/CRMEB-JAVA-ET-V1.2(2025.4.25)/et_java/crmeb-front/target/Crmeb-front.jar!/BOOT-INF/lib/swagger-bootstrap-ui-1.9.3.jar!/, jar:file:/E:/2zynt/工作项目/CRMEB-JAVA-ET-V1.2(2025.4.25)/et_java/crmeb-front/target/Crmeb-front.jar!/BOOT-INF/lib/spring-boot-autoconfigure-2.2.6.RELEASE.jar!/, jar:file:/E:/2zynt/工作项目/CRMEB-JAVA-ET-V1.2(2025.4.25)/et_java/crmeb-front/target/Crmeb-front.jar!/BOOT-INF/lib/logback-classic-1.2.3.jar!/, jar:file:/E:/2zynt/工作项目/CRMEB-JAVA-ET-V1.2(2025.4.25)/et_java/crmeb-front/target/Crmeb-front.jar!/BOOT-INF/lib/logback-core-1.2.3.jar!/, jar:file:/E:/2zynt/工作项目/CRMEB-JAVA-ET-V1.2(2025.4.25)/et_java/crmeb-front/target/Crmeb-front.jar!/BOOT-INF/lib/logstash-logback-encoder-5.3.jar!/, jar:file:/E:/2zynt/工作项目/CRMEB-JAVA-ET-V1.2(2025.4.25)/et_java/crmeb-front/target/Crmeb-front.jar!/BOOT-INF/lib/jackson-databind-2.10.3.jar!/, jar:file:/E:/2zynt/工作项目/CRMEB-JAVA-ET-V1.2(2025.4.25)/et_java/crmeb-front/target/Crmeb-front.jar!/BOOT-INF/lib/spring-boot-starter-web-2.2.6.RELEASE.jar!/, jar:file:/E:/2zynt/工作项目/CRMEB-JAVA-ET-V1.2(2025.4.25)/et_java/crmeb-front/target/Crmeb-front.jar!/BOOT-INF/lib/spring-boot-starter-2.2.6.RELEASE.jar!/, jar:file:/E:/2zynt/工作项目/CRMEB-JAVA-ET-V1.2(2025.4.25)/et_java/crmeb-front/target/Crmeb-front.jar!/BOOT-INF/lib/spring-boot-starter-logging-2.2.6.RELEASE.jar!/, jar:file:/E:/2zynt/工作项目/CRMEB-JAVA-ET-V1.2(2025.4.25)/et_java/crmeb-front/target/Crmeb-front.jar!/BOOT-INF/lib/log4j-to-slf4j-2.12.1.jar!/, jar:file:/E:/2zynt/工作项目/CRMEB-JAVA-ET-V1.2(2025.4.25)/et_java/crmeb-front/target/Crmeb-front.jar!/BOOT-INF/lib/log4j-api-2.12.1.jar!/, jar:file:/E:/2zynt/工作项目/CRMEB-JAVA-ET-V1.2(2025.4.25)/et_java/crmeb-front/target/Crmeb-front.jar!/BOOT-INF/lib/jul-to-slf4j-1.7.30.jar!/, jar:file:/E:/2zynt/工作项目/CRMEB-JAVA-ET-V1.2(2025.4.25)/et_java/crmeb-front/target/Crmeb-front.jar!/BOOT-INF/lib/jakarta.annotation-api-1.3.5.jar!/, jar:file:/E:/2zynt/工作项目/CRMEB-JAVA-ET-V1.2(2025.4.25)/et_java/crmeb-front/target/Crmeb-front.jar!/BOOT-INF/lib/snakeyaml-1.25.jar!/, jar:file:/E:/2zynt/工作项目/CRMEB-JAVA-ET-V1.2(2025.4.25)/et_java/crmeb-front/target/Crmeb-front.jar!/BOOT-INF/lib/spring-boot-starter-json-2.2.6.RELEASE.jar!/, jar:file:/E:/2zynt/工作项目/CRMEB-JAVA-ET-V1.2(2025.4.25)/et_java/crmeb-front/target/Crmeb-front.jar!/BOOT-INF/lib/jackson-datatype-jdk8-2.10.3.jar!/, jar:file:/E:/2zynt/工作项目/CRMEB-JAVA-ET-V1.2(2025.4.25)/et_java/crmeb-front/target/Crmeb-front.jar!/BOOT-INF/lib/jackson-datatype-jsr310-2.10.3.jar!/, jar:file:/E:/2zynt/工作项目/CRMEB-JAVA-ET-V1.2(2025.4.25)/et_java/crmeb-front/target/Crmeb-front.jar!/BOOT-INF/lib/jackson-module-parameter-names-2.10.3.jar!/, jar:file:/E:/2zynt/工作项目/CRMEB-JAVA-ET-V1.2(2025.4.25)/et_java/crmeb-front/target/Crmeb-front.jar!/BOOT-INF/lib/spring-boot-starter-tomcat-2.2.6.RELEASE.jar!/, jar:file:/E:/2zynt/工作项目/CRMEB-JAVA-ET-V1.2(2025.4.25)/et_java/crmeb-front/target/Crmeb-front.jar!/BOOT-INF/lib/tomcat-embed-websocket-9.0.33.jar!/, jar:file:/E:/2zynt/工作项目/CRMEB-JAVA-ET-V1.2(2025.4.25)/et_java/crmeb-front/target/Crmeb-front.jar!/BOOT-INF/lib/spring-boot-starter-validation-2.2.6.RELEASE.jar!/, jar:file:/E:/2zynt/工作项目/CRMEB-JAVA-ET-V1.2(2025.4.25)/et_java/crmeb-front/target/Crmeb-front.jar!/BOOT-INF/lib/jakarta.validation-api-2.0.2.jar!/, jar:file:/E:/2zynt/工作项目/CRMEB-JAVA-ET-V1.2(2025.4.25)/et_java/crmeb-front/target/Crmeb-front.jar!/BOOT-INF/lib/hibernate-validator-6.0.18.Final.jar!/, jar:file:/E:/2zynt/工作项目/CRMEB-JAVA-ET-V1.2(2025.4.25)/et_java/crmeb-front/target/Crmeb-front.jar!/BOOT-INF/lib/jboss-logging-3.4.1.Final.jar!/, jar:file:/E:/2zynt/工作项目/CRMEB-JAVA-ET-V1.2(2025.4.25)/et_java/crmeb-front/target/Crmeb-front.jar!/BOOT-INF/lib/spring-web-5.2.5.RELEASE.jar!/, jar:file:/E:/2zynt/工作项目/CRMEB-JAVA-ET-V1.2(2025.4.25)/et_java/crmeb-front/target/Crmeb-front.jar!/BOOT-INF/lib/spring-webmvc-5.2.5.RELEASE.jar!/, jar:file:/E:/2zynt/工作项目/CRMEB-JAVA-ET-V1.2(2025.4.25)/et_java/crmeb-front/target/Crmeb-front.jar!/BOOT-INF/lib/spring-expression-5.2.5.RELEASE.jar!/, jar:file:/E:/2zynt/工作项目/CRMEB-JAVA-ET-V1.2(2025.4.25)/et_java/crmeb-front/target/Crmeb-front.jar!/BOOT-INF/lib/spring-boot-starter-data-redis-2.2.0.RELEASE.jar!/, jar:file:/E:/2zynt/工作项目/CRMEB-JAVA-ET-V1.2(2025.4.25)/et_java/crmeb-front/target/Crmeb-front.jar!/BOOT-INF/lib/spring-data-redis-2.2.6.RELEASE.jar!/, jar:file:/E:/2zynt/工作项目/CRMEB-JAVA-ET-V1.2(2025.4.25)/et_java/crmeb-front/target/Crmeb-front.jar!/BOOT-INF/lib/spring-data-keyvalue-2.2.6.RELEASE.jar!/, jar:file:/E:/2zynt/工作项目/CRMEB-JAVA-ET-V1.2(2025.4.25)/et_java/crmeb-front/target/Crmeb-front.jar!/BOOT-INF/lib/spring-tx-5.2.5.RELEASE.jar!/, jar:file:/E:/2zynt/工作项目/CRMEB-JAVA-ET-V1.2(2025.4.25)/et_java/crmeb-front/target/Crmeb-front.jar!/BOOT-INF/lib/spring-oxm-5.2.5.RELEASE.jar!/, jar:file:/E:/2zynt/工作项目/CRMEB-JAVA-ET-V1.2(2025.4.25)/et_java/crmeb-front/target/Crmeb-front.jar!/BOOT-INF/lib/lettuce-core-5.2.2.RELEASE.jar!/, jar:file:/E:/2zynt/工作项目/CRMEB-JAVA-ET-V1.2(2025.4.25)/et_java/crmeb-front/target/Crmeb-front.jar!/BOOT-INF/lib/netty-common-4.1.48.Final.jar!/, jar:file:/E:/2zynt/工作项目/CRMEB-JAVA-ET-V1.2(2025.4.25)/et_java/crmeb-front/target/Crmeb-front.jar!/BOOT-INF/lib/netty-handler-4.1.48.Final.jar!/, jar:file:/E:/2zynt/工作项目/CRMEB-JAVA-ET-V1.2(2025.4.25)/et_java/crmeb-front/target/Crmeb-front.jar!/BOOT-INF/lib/netty-resolver-4.1.48.Final.jar!/, jar:file:/E:/2zynt/工作项目/CRMEB-JAVA-ET-V1.2(2025.4.25)/et_java/crmeb-front/target/Crmeb-front.jar!/BOOT-INF/lib/netty-buffer-4.1.48.Final.jar!/, jar:file:/E:/2zynt/工作项目/CRMEB-JAVA-ET-V1.2(2025.4.25)/et_java/crmeb-front/target/Crmeb-front.jar!/BOOT-INF/lib/netty-codec-4.1.48.Final.jar!/, jar:file:/E:/2zynt/工作项目/CRMEB-JAVA-ET-V1.2(2025.4.25)/et_java/crmeb-front/target/Crmeb-front.jar!/BOOT-INF/lib/netty-transport-4.1.48.Final.jar!/, jar:file:/E:/2zynt/工作项目/CRMEB-JAVA-ET-V1.2(2025.4.25)/et_java/crmeb-front/target/Crmeb-front.jar!/BOOT-INF/lib/reactor-core-3.3.4.RELEASE.jar!/, jar:file:/E:/2zynt/工作项目/CRMEB-JAVA-ET-V1.2(2025.4.25)/et_java/crmeb-front/target/Crmeb-front.jar!/BOOT-INF/lib/reactive-streams-1.0.3.jar!/, jar:file:/E:/2zynt/工作项目/CRMEB-JAVA-ET-V1.2(2025.4.25)/et_java/crmeb-front/target/Crmeb-front.jar!/BOOT-INF/lib/jedis-3.1.0.jar!/, jar:file:/E:/2zynt/工作项目/CRMEB-JAVA-ET-V1.2(2025.4.25)/et_java/crmeb-front/target/Crmeb-front.jar!/BOOT-INF/lib/commons-pool2-2.7.0.jar!/, jar:file:/E:/2zynt/工作项目/CRMEB-JAVA-ET-V1.2(2025.4.25)/et_java/crmeb-front/target/Crmeb-front.jar!/BOOT-INF/lib/pagehelper-spring-boot-starter-1.2.5.jar!/, jar:file:/E:/2zynt/工作项目/CRMEB-JAVA-ET-V1.2(2025.4.25)/et_java/crmeb-front/target/Crmeb-front.jar!/BOOT-INF/lib/mybatis-spring-boot-starter-1.3.2.jar!/, jar:file:/E:/2zynt/工作项目/CRMEB-JAVA-ET-V1.2(2025.4.25)/et_java/crmeb-front/target/Crmeb-front.jar!/BOOT-INF/lib/mybatis-spring-boot-autoconfigure-1.3.2.jar!/, jar:file:/E:/2zynt/工作项目/CRMEB-JAVA-ET-V1.2(2025.4.25)/et_java/crmeb-front/target/Crmeb-front.jar!/BOOT-INF/lib/pagehelper-spring-boot-autoconfigure-1.2.5.jar!/, jar:file:/E:/2zynt/工作项目/CRMEB-JAVA-ET-V1.2(2025.4.25)/et_java/crmeb-front/target/Crmeb-front.jar!/BOOT-INF/lib/pagehelper-5.1.4.jar!/, jar:file:/E:/2zynt/工作项目/CRMEB-JAVA-ET-V1.2(2025.4.25)/et_java/crmeb-front/target/Crmeb-front.jar!/BOOT-INF/lib/jsqlparser-1.0.jar!/, jar:file:/E:/2zynt/工作项目/CRMEB-JAVA-ET-V1.2(2025.4.25)/et_java/crmeb-front/target/Crmeb-front.jar!/BOOT-INF/lib/validation-api-1.1.0.Final.jar!/, jar:file:/E:/2zynt/工作项目/CRMEB-JAVA-ET-V1.2(2025.4.25)/et_java/crmeb-front/target/Crmeb-front.jar!/BOOT-INF/lib/spring-data-commons-2.2.6.RELEASE.jar!/, jar:file:/E:/2zynt/工作项目/CRMEB-JAVA-ET-V1.2(2025.4.25)/et_java/crmeb-front/target/Crmeb-front.jar!/BOOT-INF/lib/spring-beans-5.2.5.RELEASE.jar!/, jar:file:/E:/2zynt/工作项目/CRMEB-JAVA-ET-V1.2(2025.4.25)/et_java/crmeb-front/target/Crmeb-front.jar!/BOOT-INF/lib/hutool-all-4.5.7.jar!/, jar:file:/E:/2zynt/工作项目/CRMEB-JAVA-ET-V1.2(2025.4.25)/et_java/crmeb-front/target/Crmeb-front.jar!/BOOT-INF/lib/spring-boot-starter-actuator-2.2.6.RELEASE.jar!/, jar:file:/E:/2zynt/工作项目/CRMEB-JAVA-ET-V1.2(2025.4.25)/et_java/crmeb-front/target/Crmeb-front.jar!/BOOT-INF/lib/spring-boot-actuator-autoconfigure-2.2.6.RELEASE.jar!/, jar:file:/E:/2zynt/工作项目/CRMEB-JAVA-ET-V1.2(2025.4.25)/et_java/crmeb-front/target/Crmeb-front.jar!/BOOT-INF/lib/spring-boot-actuator-2.2.6.RELEASE.jar!/, jar:file:/E:/2zynt/工作项目/CRMEB-JAVA-ET-V1.2(2025.4.25)/et_java/crmeb-front/target/Crmeb-front.jar!/BOOT-INF/lib/micrometer-core-1.3.6.jar!/, jar:file:/E:/2zynt/工作项目/CRMEB-JAVA-ET-V1.2(2025.4.25)/et_java/crmeb-front/target/Crmeb-front.jar!/BOOT-INF/lib/HdrHistogram-2.1.11.jar!/, jar:file:/E:/2zynt/工作项目/CRMEB-JAVA-ET-V1.2(2025.4.25)/et_java/crmeb-front/target/Crmeb-front.jar!/BOOT-INF/lib/LatencyUtils-2.0.3.jar!/, jar:file:/E:/2zynt/工作项目/CRMEB-JAVA-ET-V1.2(2025.4.25)/et_java/crmeb-front/target/Crmeb-front.jar!/BOOT-INF/lib/httpclient-4.5.6.jar!/, jar:file:/E:/2zynt/工作项目/CRMEB-JAVA-ET-V1.2(2025.4.25)/et_java/crmeb-front/target/Crmeb-front.jar!/BOOT-INF/lib/httpcore-4.4.13.jar!/, jar:file:/E:/2zynt/工作项目/CRMEB-JAVA-ET-V1.2(2025.4.25)/et_java/crmeb-front/target/Crmeb-front.jar!/BOOT-INF/lib/commons-logging-1.2.jar!/, jar:file:/E:/2zynt/工作项目/CRMEB-JAVA-ET-V1.2(2025.4.25)/et_java/crmeb-front/target/Crmeb-front.jar!/BOOT-INF/lib/commons-codec-1.13.jar!/, jar:file:/E:/2zynt/工作项目/CRMEB-JAVA-ET-V1.2(2025.4.25)/et_java/crmeb-front/target/Crmeb-front.jar!/BOOT-INF/lib/spring-boot-starter-aop-2.2.6.RELEASE.jar!/, jar:file:/E:/2zynt/工作项目/CRMEB-JAVA-ET-V1.2(2025.4.25)/et_java/crmeb-front/target/Crmeb-front.jar!/BOOT-INF/lib/spring-aop-5.2.5.RELEASE.jar!/, jar:file:/E:/2zynt/工作项目/CRMEB-JAVA-ET-V1.2(2025.4.25)/et_java/crmeb-front/target/Crmeb-front.jar!/BOOT-INF/lib/aspectjweaver-1.9.5.jar!/, jar:file:/E:/2zynt/工作项目/CRMEB-JAVA-ET-V1.2(2025.4.25)/et_java/crmeb-front/target/Crmeb-front.jar!/BOOT-INF/lib/commons-lang3-3.10.jar!/, jar:file:/E:/2zynt/工作项目/CRMEB-JAVA-ET-V1.2(2025.4.25)/et_java/crmeb-front/target/Crmeb-front.jar!/BOOT-INF/lib/poi-3.17.jar!/, jar:file:/E:/2zynt/工作项目/CRMEB-JAVA-ET-V1.2(2025.4.25)/et_java/crmeb-front/target/Crmeb-front.jar!/BOOT-INF/lib/commons-collections4-4.1.jar!/, jar:file:/E:/2zynt/工作项目/CRMEB-JAVA-ET-V1.2(2025.4.25)/et_java/crmeb-front/target/Crmeb-front.jar!/BOOT-INF/lib/poi-ooxml-3.17.jar!/, jar:file:/E:/2zynt/工作项目/CRMEB-JAVA-ET-V1.2(2025.4.25)/et_java/crmeb-front/target/Crmeb-front.jar!/BOOT-INF/lib/poi-ooxml-schemas-3.17.jar!/, jar:file:/E:/2zynt/工作项目/CRMEB-JAVA-ET-V1.2(2025.4.25)/et_java/crmeb-front/target/Crmeb-front.jar!/BOOT-INF/lib/xmlbeans-2.6.0.jar!/, jar:file:/E:/2zynt/工作项目/CRMEB-JAVA-ET-V1.2(2025.4.25)/et_java/crmeb-front/target/Crmeb-front.jar!/BOOT-INF/lib/curvesapi-1.04.jar!/, jar:file:/E:/2zynt/工作项目/CRMEB-JAVA-ET-V1.2(2025.4.25)/et_java/crmeb-front/target/Crmeb-front.jar!/BOOT-INF/lib/commons-fileupload-1.3.3.jar!/, jar:file:/E:/2zynt/工作项目/CRMEB-JAVA-ET-V1.2(2025.4.25)/et_java/crmeb-front/target/Crmeb-front.jar!/BOOT-INF/lib/commons-io-2.4.jar!/, jar:file:/E:/2zynt/工作项目/CRMEB-JAVA-ET-V1.2(2025.4.25)/et_java/crmeb-front/target/Crmeb-front.jar!/BOOT-INF/lib/aliyun-sdk-oss-3.5.0.jar!/, jar:file:/E:/2zynt/工作项目/CRMEB-JAVA-ET-V1.2(2025.4.25)/et_java/crmeb-front/target/Crmeb-front.jar!/BOOT-INF/lib/jdom-1.1.jar!/, jar:file:/E:/2zynt/工作项目/CRMEB-JAVA-ET-V1.2(2025.4.25)/et_java/crmeb-front/target/Crmeb-front.jar!/BOOT-INF/lib/jettison-1.1.jar!/, jar:file:/E:/2zynt/工作项目/CRMEB-JAVA-ET-V1.2(2025.4.25)/et_java/crmeb-front/target/Crmeb-front.jar!/BOOT-INF/lib/stax-api-1.0.1.jar!/, jar:file:/E:/2zynt/工作项目/CRMEB-JAVA-ET-V1.2(2025.4.25)/et_java/crmeb-front/target/Crmeb-front.jar!/BOOT-INF/lib/aliyun-java-sdk-core-3.4.0.jar!/, jar:file:/E:/2zynt/工作项目/CRMEB-JAVA-ET-V1.2(2025.4.25)/et_java/crmeb-front/target/Crmeb-front.jar!/BOOT-INF/lib/aliyun-java-sdk-ram-3.0.0.jar!/, jar:file:/E:/2zynt/工作项目/CRMEB-JAVA-ET-V1.2(2025.4.25)/et_java/crmeb-front/target/Crmeb-front.jar!/BOOT-INF/lib/aliyun-java-sdk-sts-3.0.0.jar!/, jar:file:/E:/2zynt/工作项目/CRMEB-JAVA-ET-V1.2(2025.4.25)/et_java/crmeb-front/target/Crmeb-front.jar!/BOOT-INF/lib/aliyun-java-sdk-ecs-4.2.0.jar!/, jar:file:/E:/2zynt/工作项目/CRMEB-JAVA-ET-V1.2(2025.4.25)/et_java/crmeb-front/target/Crmeb-front.jar!/BOOT-INF/lib/cos_api-5.6.22.jar!/, jar:file:/E:/2zynt/工作项目/CRMEB-JAVA-ET-V1.2(2025.4.25)/et_java/crmeb-front/target/Crmeb-front.jar!/BOOT-INF/lib/joda-time-2.10.5.jar!/, jar:file:/E:/2zynt/工作项目/CRMEB-JAVA-ET-V1.2(2025.4.25)/et_java/crmeb-front/target/Crmeb-front.jar!/BOOT-INF/lib/bcprov-jdk15on-1.64.jar!/, jar:file:/E:/2zynt/工作项目/CRMEB-JAVA-ET-V1.2(2025.4.25)/et_java/crmeb-front/target/Crmeb-front.jar!/BOOT-INF/lib/qiniu-java-sdk-7.2.28.jar!/, jar:file:/E:/2zynt/工作项目/CRMEB-JAVA-ET-V1.2(2025.4.25)/et_java/crmeb-front/target/Crmeb-front.jar!/BOOT-INF/lib/okhttp-3.14.7.jar!/, jar:file:/E:/2zynt/工作项目/CRMEB-JAVA-ET-V1.2(2025.4.25)/et_java/crmeb-front/target/Crmeb-front.jar!/BOOT-INF/lib/okio-1.17.2.jar!/, jar:file:/E:/2zynt/工作项目/CRMEB-JAVA-ET-V1.2(2025.4.25)/et_java/crmeb-front/target/Crmeb-front.jar!/BOOT-INF/lib/gson-2.8.6.jar!/, jar:file:/E:/2zynt/工作项目/CRMEB-JAVA-ET-V1.2(2025.4.25)/et_java/crmeb-front/target/Crmeb-front.jar!/BOOT-INF/lib/dom4j-1.6.1.jar!/, jar:file:/E:/2zynt/工作项目/CRMEB-JAVA-ET-V1.2(2025.4.25)/et_java/crmeb-front/target/Crmeb-front.jar!/BOOT-INF/lib/xml-apis-1.0.b2.jar!/, jar:file:/E:/2zynt/工作项目/CRMEB-JAVA-ET-V1.2(2025.4.25)/et_java/crmeb-front/target/Crmeb-front.jar!/BOOT-INF/lib/xstream-1.4.10.jar!/, jar:file:/E:/2zynt/工作项目/CRMEB-JAVA-ET-V1.2(2025.4.25)/et_java/crmeb-front/target/Crmeb-front.jar!/BOOT-INF/lib/xmlpull-1.1.3.1.jar!/, jar:file:/E:/2zynt/工作项目/CRMEB-JAVA-ET-V1.2(2025.4.25)/et_java/crmeb-front/target/Crmeb-front.jar!/BOOT-INF/lib/xpp3_min-1.1.4c.jar!/, jar:file:/E:/2zynt/工作项目/CRMEB-JAVA-ET-V1.2(2025.4.25)/et_java/crmeb-front/target/Crmeb-front.jar!/BOOT-INF/lib/httpmime-4.5.2.jar!/, jar:file:/E:/2zynt/工作项目/CRMEB-JAVA-ET-V1.2(2025.4.25)/et_java/crmeb-front/target/Crmeb-front.jar!/BOOT-INF/lib/jjwt-0.9.1.jar!/, jar:file:/E:/2zynt/工作项目/CRMEB-JAVA-ET-V1.2(2025.4.25)/et_java/crmeb-front/target/Crmeb-front.jar!/BOOT-INF/lib/jwks-rsa-0.9.0.jar!/, jar:file:/E:/2zynt/工作项目/CRMEB-JAVA-ET-V1.2(2025.4.25)/et_java/crmeb-front/target/Crmeb-front.jar!/BOOT-INF/lib/spring-boot-starter-security-2.2.6.RELEASE.jar!/, jar:file:/E:/2zynt/工作项目/CRMEB-JAVA-ET-V1.2(2025.4.25)/et_java/crmeb-front/target/Crmeb-front.jar!/BOOT-INF/lib/spring-security-config-5.2.2.RELEASE.jar!/, jar:file:/E:/2zynt/工作项目/CRMEB-JAVA-ET-V1.2(2025.4.25)/et_java/crmeb-front/target/Crmeb-front.jar!/BOOT-INF/lib/spring-security-core-5.2.2.RELEASE.jar!/, jar:file:/E:/2zynt/工作项目/CRMEB-JAVA-ET-V1.2(2025.4.25)/et_java/crmeb-front/target/Crmeb-front.jar!/BOOT-INF/lib/spring-security-web-5.2.2.RELEASE.jar!/, jar:file:/E:/2zynt/工作项目/CRMEB-JAVA-ET-V1.2(2025.4.25)/et_java/crmeb-front/target/Crmeb-front.jar!/BOOT-INF/lib/spring-boot-starter-mail-2.2.6.RELEASE.jar!/, jar:file:/E:/2zynt/工作项目/CRMEB-JAVA-ET-V1.2(2025.4.25)/et_java/crmeb-front/target/Crmeb-front.jar!/BOOT-INF/lib/spring-context-support-5.2.5.RELEASE.jar!/, jar:file:/E:/2zynt/工作项目/CRMEB-JAVA-ET-V1.2(2025.4.25)/et_java/crmeb-front/target/Crmeb-front.jar!/BOOT-INF/lib/jakarta.mail-1.6.5.jar!/, jar:file:/E:/2zynt/工作项目/CRMEB-JAVA-ET-V1.2(2025.4.25)/et_java/crmeb-front/target/Crmeb-front.jar!/BOOT-INF/lib/jakarta.activation-1.2.2.jar!/, jar:file:/E:/2zynt/工作项目/CRMEB-JAVA-ET-V1.2(2025.4.25)/et_java/crmeb-front/target/Crmeb-front.jar!/BOOT-INF/lib/checkout-sdk-1.0.4.jar!/, jar:file:/E:/2zynt/工作项目/CRMEB-JAVA-ET-V1.2(2025.4.25)/et_java/crmeb-front/target/Crmeb-front.jar!/BOOT-INF/lib/paypalhttp-1.0.2.jar!/, jar:file:/E:/2zynt/工作项目/CRMEB-JAVA-ET-V1.2(2025.4.25)/et_java/crmeb-front/target/Crmeb-front.jar!/BOOT-INF/lib/dysmsapi20170525-2.0.8.jar!/, jar:file:/E:/2zynt/工作项目/CRMEB-JAVA-ET-V1.2(2025.4.25)/et_java/crmeb-front/target/Crmeb-front.jar!/BOOT-INF/lib/tea-util-0.2.13.jar!/, jar:file:/E:/2zynt/工作项目/CRMEB-JAVA-ET-V1.2(2025.4.25)/et_java/crmeb-front/target/Crmeb-front.jar!/BOOT-INF/lib/endpoint-util-0.0.6.jar!/, jar:file:/E:/2zynt/工作项目/CRMEB-JAVA-ET-V1.2(2025.4.25)/et_java/crmeb-front/target/Crmeb-front.jar!/BOOT-INF/lib/tea-1.1.14.jar!/, jar:file:/E:/2zynt/工作项目/CRMEB-JAVA-ET-V1.2(2025.4.25)/et_java/crmeb-front/target/Crmeb-front.jar!/BOOT-INF/lib/org.jacoco.agent-0.8.4-runtime.jar!/, jar:file:/E:/2zynt/工作项目/CRMEB-JAVA-ET-V1.2(2025.4.25)/et_java/crmeb-front/target/Crmeb-front.jar!/BOOT-INF/lib/tea-openapi-0.1.6.jar!/, jar:file:/E:/2zynt/工作项目/CRMEB-JAVA-ET-V1.2(2025.4.25)/et_java/crmeb-front/target/Crmeb-front.jar!/BOOT-INF/lib/credentials-java-0.2.4.jar!/, jar:file:/E:/2zynt/工作项目/CRMEB-JAVA-ET-V1.2(2025.4.25)/et_java/crmeb-front/target/Crmeb-front.jar!/BOOT-INF/lib/ini4j-0.5.4.jar!/, jar:file:/E:/2zynt/工作项目/CRMEB-JAVA-ET-V1.2(2025.4.25)/et_java/crmeb-front/target/Crmeb-front.jar!/BOOT-INF/lib/jaxb-api-2.3.1.jar!/, jar:file:/E:/2zynt/工作项目/CRMEB-JAVA-ET-V1.2(2025.4.25)/et_java/crmeb-front/target/Crmeb-front.jar!/BOOT-INF/lib/javax.activation-api-1.2.0.jar!/, jar:file:/E:/2zynt/工作项目/CRMEB-JAVA-ET-V1.2(2025.4.25)/et_java/crmeb-front/target/Crmeb-front.jar!/BOOT-INF/lib/jaxb-core-2.3.0.jar!/, jar:file:/E:/2zynt/工作项目/CRMEB-JAVA-ET-V1.2(2025.4.25)/et_java/crmeb-front/target/Crmeb-front.jar!/BOOT-INF/lib/jaxb-impl-2.3.0.jar!/, jar:file:/E:/2zynt/工作项目/CRMEB-JAVA-ET-V1.2(2025.4.25)/et_java/crmeb-front/target/Crmeb-front.jar!/BOOT-INF/lib/openapiutil-0.1.13.jar!/, jar:file:/E:/2zynt/工作项目/CRMEB-JAVA-ET-V1.2(2025.4.25)/et_java/crmeb-front/target/Crmeb-front.jar!/BOOT-INF/lib/sdk-core-java-1.1.7.jar!/, jar:file:/E:/2zynt/工作项目/CRMEB-JAVA-ET-V1.2(2025.4.25)/et_java/crmeb-front/target/Crmeb-front.jar!/BOOT-INF/lib/juniversalchardet-1.0.3.jar!/, jar:file:/E:/2zynt/工作项目/CRMEB-JAVA-ET-V1.2(2025.4.25)/et_java/crmeb-front/target/Crmeb-front.jar!/BOOT-INF/lib/plexus-digest-1.0.jar!/, jar:file:/E:/2zynt/工作项目/CRMEB-JAVA-ET-V1.2(2025.4.25)/et_java/crmeb-front/target/Crmeb-front.jar!/BOOT-INF/lib/plexus-container-default-1.0-alpha-8.jar!/, jar:file:/E:/2zynt/工作项目/CRMEB-JAVA-ET-V1.2(2025.4.25)/et_java/crmeb-front/target/Crmeb-front.jar!/BOOT-INF/lib/plexus-utils-1.0.4.jar!/, jar:file:/E:/2zynt/工作项目/CRMEB-JAVA-ET-V1.2(2025.4.25)/et_java/crmeb-front/target/Crmeb-front.jar!/BOOT-INF/lib/classworlds-1.1-alpha-2.jar!/, jar:file:/E:/2zynt/工作项目/CRMEB-JAVA-ET-V1.2(2025.4.25)/et_java/crmeb-front/target/Crmeb-front.jar!/BOOT-INF/lib/stripe-java-20.124.0.jar!/, jar:file:/E:/2zynt/工作项目/CRMEB-JAVA-ET-V1.2(2025.4.25)/et_java/crmeb-front/target/Crmeb-front.jar!/BOOT-INF/lib/weixin-java-pay-4.5.0.jar!/, jar:file:/E:/2zynt/工作项目/CRMEB-JAVA-ET-V1.2(2025.4.25)/et_java/crmeb-front/target/Crmeb-front.jar!/BOOT-INF/lib/weixin-java-common-4.5.0.jar!/, jar:file:/E:/2zynt/工作项目/CRMEB-JAVA-ET-V1.2(2025.4.25)/et_java/crmeb-front/target/Crmeb-front.jar!/BOOT-INF/lib/jcl-over-slf4j-1.7.30.jar!/, jar:file:/E:/2zynt/工作项目/CRMEB-JAVA-ET-V1.2(2025.4.25)/et_java/crmeb-front/target/Crmeb-front.jar!/BOOT-INF/lib/dom4j-2.1.3.jar!/, jar:file:/E:/2zynt/工作项目/CRMEB-JAVA-ET-V1.2(2025.4.25)/et_java/crmeb-front/target/Crmeb-front.jar!/BOOT-INF/lib/qrcode-utils-1.1.jar!/, jar:file:/E:/2zynt/工作项目/CRMEB-JAVA-ET-V1.2(2025.4.25)/et_java/crmeb-front/target/Crmeb-front.jar!/BOOT-INF/lib/bcpkix-jdk15on-1.68.jar!/, jar:file:/E:/2zynt/工作项目/CRMEB-JAVA-ET-V1.2(2025.4.25)/et_java/crmeb-front/target/Crmeb-front.jar!/BOOT-INF/lib/jodd-http-6.2.1.jar!/, jar:file:/E:/2zynt/工作项目/CRMEB-JAVA-ET-V1.2(2025.4.25)/et_java/crmeb-front/target/Crmeb-front.jar!/BOOT-INF/lib/jodd-util-6.1.0.jar!/, jar:file:/E:/2zynt/工作项目/CRMEB-JAVA-ET-V1.2(2025.4.25)/et_java/crmeb-front/target/Crmeb-front.jar!/BOOT-INF/lib/javase-3.3.3.jar!/, jar:file:/E:/2zynt/工作项目/CRMEB-JAVA-ET-V1.2(2025.4.25)/et_java/crmeb-front/target/Crmeb-front.jar!/BOOT-INF/lib/core-3.3.3.jar!/, jar:file:/E:/2zynt/工作项目/CRMEB-JAVA-ET-V1.2(2025.4.25)/et_java/crmeb-front/target/Crmeb-front.jar!/BOOT-INF/lib/jcommander-1.72.jar!/, jar:file:/E:/2zynt/工作项目/CRMEB-JAVA-ET-V1.2(2025.4.25)/et_java/crmeb-front/target/Crmeb-front.jar!/BOOT-INF/lib/jai-imageio-core-1.4.0.jar!/, jar:file:/E:/2zynt/工作项目/CRMEB-JAVA-ET-V1.2(2025.4.25)/et_java/crmeb-front/target/Crmeb-front.jar!/BOOT-INF/lib/google-api-client-1.30.10.jar!/, jar:file:/E:/2zynt/工作项目/CRMEB-JAVA-ET-V1.2(2025.4.25)/et_java/crmeb-front/target/Crmeb-front.jar!/BOOT-INF/lib/google-oauth-client-1.31.0.jar!/, jar:file:/E:/2zynt/工作项目/CRMEB-JAVA-ET-V1.2(2025.4.25)/et_java/crmeb-front/target/Crmeb-front.jar!/BOOT-INF/lib/google-http-client-1.35.0.jar!/, jar:file:/E:/2zynt/工作项目/CRMEB-JAVA-ET-V1.2(2025.4.25)/et_java/crmeb-front/target/Crmeb-front.jar!/BOOT-INF/lib/opencensus-api-0.24.0.jar!/, jar:file:/E:/2zynt/工作项目/CRMEB-JAVA-ET-V1.2(2025.4.25)/et_java/crmeb-front/target/Crmeb-front.jar!/BOOT-INF/lib/grpc-context-1.22.1.jar!/, jar:file:/E:/2zynt/工作项目/CRMEB-JAVA-ET-V1.2(2025.4.25)/et_java/crmeb-front/target/Crmeb-front.jar!/BOOT-INF/lib/opencensus-contrib-http-util-0.24.0.jar!/, jar:file:/E:/2zynt/工作项目/CRMEB-JAVA-ET-V1.2(2025.4.25)/et_java/crmeb-front/target/Crmeb-front.jar!/BOOT-INF/lib/jsr305-3.0.2.jar!/, jar:file:/E:/2zynt/工作项目/CRMEB-JAVA-ET-V1.2(2025.4.25)/et_java/crmeb-front/target/Crmeb-front.jar!/BOOT-INF/lib/google-http-client-jackson2-1.36.0.jar!/, jar:file:/E:/2zynt/工作项目/CRMEB-JAVA-ET-V1.2(2025.4.25)/et_java/crmeb-front/target/Crmeb-front.jar!/BOOT-INF/lib/jackson-core-2.10.3.jar!/, jar:file:/E:/2zynt/工作项目/CRMEB-JAVA-ET-V1.2(2025.4.25)/et_java/crmeb-front/target/Crmeb-front.jar!/BOOT-INF/lib/guava-29.0-android.jar!/, jar:file:/E:/2zynt/工作项目/CRMEB-JAVA-ET-V1.2(2025.4.25)/et_java/crmeb-front/target/Crmeb-front.jar!/BOOT-INF/lib/failureaccess-1.0.1.jar!/, jar:file:/E:/2zynt/工作项目/CRMEB-JAVA-ET-V1.2(2025.4.25)/et_java/crmeb-front/target/Crmeb-front.jar!/BOOT-INF/lib/listenablefuture-9999.0-empty-to-avoid-conflict-with-guava.jar!/, jar:file:/E:/2zynt/工作项目/CRMEB-JAVA-ET-V1.2(2025.4.25)/et_java/crmeb-front/target/Crmeb-front.jar!/BOOT-INF/lib/checker-compat-qual-2.5.5.jar!/, jar:file:/E:/2zynt/工作项目/CRMEB-JAVA-ET-V1.2(2025.4.25)/et_java/crmeb-front/target/Crmeb-front.jar!/BOOT-INF/lib/error_prone_annotations-2.3.4.jar!/, jar:file:/E:/2zynt/工作项目/CRMEB-JAVA-ET-V1.2(2025.4.25)/et_java/crmeb-front/target/Crmeb-front.jar!/BOOT-INF/lib/j2objc-annotations-1.3.jar!/, jar:file:/E:/2zynt/工作项目/CRMEB-JAVA-ET-V1.2(2025.4.25)/et_java/crmeb-front/target/Crmeb-front.jar!/BOOT-INF/lib/twitter4j-core-4.0.7.jar!/, jar:file:/E:/2zynt/工作项目/CRMEB-JAVA-ET-V1.2(2025.4.25)/et_java/crmeb-front/target/Crmeb-front.jar!/BOOT-INF/lib/spring-boot-jarmode-layertools-2.6.6.jar!/]" }
                    
{
                    "app": "Crmeb",
                    "timestamp":"2025-09-18 18:46:11.726",
                    "level": "DEBUG",
                    "thread": "main",
                    "class": "o.springframework.boot.SpringApplication",
                    "message": "Loading source class com.zbkj.front.CrmebFrontApplication" }
                    
{
                    "app": "Crmeb",
                    "timestamp":"2025-09-18 18:46:11.772",
                    "level": "DEBUG",
                    "thread": "main",
                    "class": "o.s.b.c.c.ConfigFileApplicationListener",
                    "message": "Loaded config file 'jar:file:/E:/2zynt/%E5%B7%A5%E4%BD%9C%E9%A1%B9%E7%9B%AE/CRMEB-JAVA-ET-V1.2(2025.4.25)/et_java/crmeb-front/target/Crmeb-front.jar!/BOOT-INF/classes!/application.yml' (classpath:/application.yml)" }
                    
{
                    "app": "Crmeb",
                    "timestamp":"2025-09-18 18:46:11.773",
                    "level": "DEBUG",
                    "thread": "main",
                    "class": "o.s.b.w.s.c.AnnotationConfigServletWebServerApplicationContext",
                    "message": "Refreshing org.springframework.boot.web.servlet.context.AnnotationConfigServletWebServerApplicationContext@396a51ab" }
                    
{
                    "app": "Crmeb",
                    "timestamp":"2025-09-18 18:46:13.945",
                    "level": "DEBUG",
                    "thread": "main",
                    "class": "o.s.b.w.e.t.TomcatServletWebServerFactory",
                    "message": "Code archive: E:\2zynt\工作项目\CRMEB-JAVA-ET-V1.2(2025.4.25)\et_java\crmeb-front\target\Crmeb-front.jar" }
                    
{
                    "app": "Crmeb",
                    "timestamp":"2025-09-18 18:46:13.946",
                    "level": "DEBUG",
                    "thread": "main",
                    "class": "o.s.b.w.e.t.TomcatServletWebServerFactory",
                    "message": "Code archive: E:\2zynt\工作项目\CRMEB-JAVA-ET-V1.2(2025.4.25)\et_java\crmeb-front\target\Crmeb-front.jar" }
                    
{
                    "app": "Crmeb",
                    "timestamp":"2025-09-18 18:46:13.947",
                    "level": "DEBUG",
                    "thread": "main",
                    "class": "o.s.b.w.e.t.TomcatServletWebServerFactory",
                    "message": "None of the document roots [src/main/webapp, public, static] point to a directory and will be ignored." }
                    
{
                    "app": "Crmeb",
                    "timestamp":"2025-09-18 18:46:14.447",
                    "level": "DEBUG",
                    "thread": "main",
                    "class": "o.s.web.context.ContextLoader",
                    "message": "Published root WebApplicationContext as ServletContext attribute with name [org.springframework.web.context.WebApplicationContext.ROOT]" }
                    
{
                    "app": "Crmeb",
                    "timestamp":"2025-09-18 18:46:14.920",
                    "level": "DEBUG",
                    "thread": "main",
                    "class": "o.s.b.w.s.ServletContextInitializerBeans",
                    "message": "Mapping filters: filterRegistrationBean urls=[/*] order=-2147483647, springSecurityFilterChain urls=[/*] order=-100, filterRegistrationBean urls=[/*] order=2147483647, filterRegistrationBean urls=[/*] order=2147483647, characterEncodingFilter urls=[/*] order=-2147483648, formContentFilter urls=[/*] order=-9900, requestContextFilter urls=[/*] order=-105, corsFilter urls=[/*] order=2147483647" }
                    
{
                    "app": "Crmeb",
                    "timestamp":"2025-09-18 18:46:14.920",
                    "level": "DEBUG",
                    "thread": "main",
                    "class": "o.s.b.w.s.ServletContextInitializerBeans",
                    "message": "Mapping servlets: statViewServlet urls=[/druid/*], dispatcherServlet urls=[/]" }
                    
{
                    "app": "Crmeb",
                    "timestamp":"2025-09-18 18:46:14.964",
                    "level": "DEBUG",
                    "thread": "main",
                    "class": "o.s.b.a.m.w.servlet.WebMvcMetricsFilter",
                    "message": "Filter 'webMvcMetricsFilter' configured for use" }
                    
{
                    "app": "Crmeb",
                    "timestamp":"2025-09-18 18:46:14.965",
                    "level": "DEBUG",
                    "thread": "main",
                    "class": "o.s.b.w.s.f.OrderedRequestContextFilter",
                    "message": "Filter 'requestContextFilter' configured for use" }
                    
{
                    "app": "Crmeb",
                    "timestamp":"2025-09-18 18:46:14.970",
                    "level": "DEBUG",
                    "thread": "main",
                    "class": "o.springframework.web.filter.CorsFilter",
                    "message": "Filter 'corsFilter' configured for use" }
                    
{
                    "app": "Crmeb",
                    "timestamp":"2025-09-18 18:46:14.970",
                    "level": "DEBUG",
                    "thread": "main",
                    "class": "o.s.b.w.s.f.OrderedCharacterEncodingFilter",
                    "message": "Filter 'characterEncodingFilter' configured for use" }
                    
{
                    "app": "Crmeb",
                    "timestamp":"2025-09-18 18:46:14.971",
                    "level": "DEBUG",
                    "thread": "main",
                    "class": "o.s.b.w.s.DelegatingFilterProxyRegistrationBean$1",
                    "message": "Filter 'springSecurityFilterChain' configured for use" }
                    
{
                    "app": "Crmeb",
                    "timestamp":"2025-09-18 18:46:14.971",
                    "level": "DEBUG",
                    "thread": "main",
                    "class": "o.s.b.w.s.f.OrderedFormContentFilter",
                    "message": "Filter 'formContentFilter' configured for use" }
                    
{
                    "app": "Crmeb",
                    "timestamp":"2025-09-18 18:46:19.961",
                    "level": "DEBUG",
                    "thread": "main",
                    "class": "o.s.w.s.m.m.a.RequestMappingHandlerMapping",
                    "message": "151 mappings in 'requestMappingHandlerMapping'" }
                    
{
                    "app": "Crmeb",
                    "timestamp":"2025-09-18 18:46:20.344",
                    "level": "DEBUG",
                    "thread": "main",
                    "class": "o.s.w.s.m.m.a.RequestMappingHandlerAdapter",
                    "message": "ControllerAdvice beans: 0 @ModelAttribute, 0 @InitBinder, 1 RequestBodyAdvice, 1 ResponseBodyAdvice" }
                    
{
                    "app": "Crmeb",
                    "timestamp":"2025-09-18 18:46:20.437",
                    "level": "DEBUG",
                    "thread": "main",
                    "class": "o.s.w.s.handler.SimpleUrlHandlerMapping",
                    "message": "Patterns [/webjars/**, /**, /doc.html] in 'resourceHandlerMapping'" }
                    
{
                    "app": "Crmeb",
                    "timestamp":"2025-09-18 18:46:20.459",
                    "level": "DEBUG",
                    "thread": "main",
                    "class": "o.s.w.s.m.m.a.ExceptionHandlerExceptionResolver",
                    "message": "ControllerAdvice beans: 1 @ExceptionHandler, 1 ResponseBodyAdvice" }
                    
{
                    "app": "Crmeb",
                    "timestamp":"2025-09-18 18:47:12.008",
                    "level": "DEBUG",
                    "thread": "http-nio-8081-exec-1",
                    "class": "o.s.web.servlet.DispatcherServlet",
                    "message": "Detected StandardServletMultipartResolver" }
                    
{
                    "app": "Crmeb",
                    "timestamp":"2025-09-18 18:47:12.008",
                    "level": "DEBUG",
                    "thread": "http-nio-8081-exec-1",
                    "class": "o.s.web.servlet.DispatcherServlet",
                    "message": "Detected I18nLocaleResolver" }
                    
{
                    "app": "Crmeb",
                    "timestamp":"2025-09-18 18:47:12.013",
                    "level": "DEBUG",
                    "thread": "http-nio-8081-exec-1",
                    "class": "o.s.web.servlet.DispatcherServlet",
                    "message": "enableLoggingRequestDetails='false': request parameters and headers will be masked to prevent unsafe logging of potentially sensitive data" }
                    
{
                    "app": "Crmeb",
                    "timestamp":"2025-09-18 18:47:12.056",
                    "level": "DEBUG",
                    "thread": "http-nio-8081-exec-7",
                    "class": "o.s.web.servlet.DispatcherServlet",
                    "message": "GET "/api/pc/home/index", parameters={}" }
                    
{
                    "app": "Crmeb",
                    "timestamp":"2025-09-18 18:47:12.056",
                    "level": "DEBUG",
                    "thread": "http-nio-8081-exec-8",
                    "class": "o.s.web.servlet.DispatcherServlet",
                    "message": "GET "/api/front/merchant/street", parameters={}" }
                    
{
                    "app": "Crmeb",
                    "timestamp":"2025-09-18 18:47:12.056",
                    "level": "DEBUG",
                    "thread": "http-nio-8081-exec-10",
                    "class": "o.s.web.servlet.DispatcherServlet",
                    "message": "GET "/api/front/product/leaderboard", parameters={}" }
                    
{
                    "app": "Crmeb",
                    "timestamp":"2025-09-18 18:47:12.056",
                    "level": "DEBUG",
                    "thread": "http-nio-8081-exec-18",
                    "class": "o.s.web.servlet.DispatcherServlet",
                    "message": "GET "/api/front/activity/index/list", parameters={}" }
                    
{
                    "app": "Crmeb",
                    "timestamp":"2025-09-18 18:47:12.056",
                    "level": "DEBUG",
                    "thread": "http-nio-8081-exec-11",
                    "class": "o.s.web.servlet.DispatcherServlet",
                    "message": "GET "/api/front/index/product?page=1&limit=13", parameters={masked}" }
                    
{
                    "app": "Crmeb",
                    "timestamp":"2025-09-18 18:47:12.060",
                    "level": "DEBUG",
                    "thread": "http-nio-8081-exec-7",
                    "class": "o.s.w.s.m.m.a.RequestMappingHandlerMapping",
                    "message": "Mapped to com.zbkj.front.pc.controller.PcIndexController#getIndexInfo()" }
                    
{
                    "app": "Crmeb",
                    "timestamp":"2025-09-18 18:47:12.060",
                    "level": "DEBUG",
                    "thread": "http-nio-8081-exec-11",
                    "class": "o.s.w.s.m.m.a.RequestMappingHandlerMapping",
                    "message": "Mapped to com.zbkj.front.controller.IndexController#getProductList(PageParamRequest)" }
                    
{
                    "app": "Crmeb",
                    "timestamp":"2025-09-18 18:47:12.060",
                    "level": "DEBUG",
                    "thread": "http-nio-8081-exec-18",
                    "class": "o.s.w.s.m.m.a.RequestMappingHandlerMapping",
                    "message": "Mapped to com.zbkj.front.controller.ActivityController#getIndexList()" }
                    
{
                    "app": "Crmeb",
                    "timestamp":"2025-09-18 18:47:12.060",
                    "level": "DEBUG",
                    "thread": "http-nio-8081-exec-10",
                    "class": "o.s.w.s.m.m.a.RequestMappingHandlerMapping",
                    "message": "Mapped to com.zbkj.front.controller.ProductController#getLeaderboard()" }
                    
{
                    "app": "Crmeb",
                    "timestamp":"2025-09-18 18:47:12.060",
                    "level": "DEBUG",
                    "thread": "http-nio-8081-exec-8",
                    "class": "o.s.w.s.m.m.a.RequestMappingHandlerMapping",
                    "message": "Mapped to com.zbkj.front.controller.MerchantController#getStreet(PageParamRequest)" }
                    
{
                    "app": "Crmeb",
                    "timestamp":"2025-09-18 18:47:12.331",
                    "level": "DEBUG",
                    "thread": "http-nio-8081-exec-10",
                    "class": "o.s.w.s.m.m.a.RequestResponseBodyMethodProcessor",
                    "message": "Using 'application/json', given [application/json, text/plain, */*] and supported [application/json, application/*+json, application/json, application/*+json]" }
                    
{
                    "app": "Crmeb",
                    "timestamp":"2025-09-18 18:47:12.337",
                    "level": "DEBUG",
                    "thread": "http-nio-8081-exec-10",
                    "class": "o.s.w.s.m.m.a.RequestResponseBodyMethodProcessor",
                    "message": "Writing [com.zbkj.common.response.CommonResult@41869ade]" }
                    
{
                    "app": "Crmeb",
                    "timestamp":"2025-09-18 18:47:12.355",
                    "level": "DEBUG",
                    "thread": "http-nio-8081-exec-10",
                    "class": "o.s.web.servlet.DispatcherServlet",
                    "message": "Completed 200 OK" }
                    
{
                    "app": "Crmeb",
                    "timestamp":"2025-09-18 18:47:12.383",
                    "level": "DEBUG",
                    "thread": "http-nio-8081-exec-11",
                    "class": "o.s.w.s.m.m.a.ExceptionHandlerExceptionResolver",
                    "message": "Using @ExceptionHandler com.zbkj.common.exception.GlobalExceptionHandler#defaultExceptionHandler(Exception)" }
                    
{
                    "app": "Crmeb",
                    "timestamp":"2025-09-18 18:47:12.385",
                    "level": "DEBUG",
                    "thread": "http-nio-8081-exec-8",
                    "class": "o.s.w.s.m.m.a.RequestResponseBodyMethodProcessor",
                    "message": "Using 'application/json', given [application/json, text/plain, */*] and supported [application/json, application/*+json, application/json, application/*+json]" }
                    
{
                    "app": "Crmeb",
                    "timestamp":"2025-09-18 18:47:12.386",
                    "level": "DEBUG",
                    "thread": "http-nio-8081-exec-8",
                    "class": "o.s.w.s.m.m.a.RequestResponseBodyMethodProcessor",
                    "message": "Writing [com.zbkj.common.response.CommonResult@16547e09]" }
                    
{
                    "app": "Crmeb",
                    "timestamp":"2025-09-18 18:47:12.396",
                    "level": "DEBUG",
                    "thread": "http-nio-8081-exec-8",
                    "class": "o.s.web.servlet.DispatcherServlet",
                    "message": "Completed 200 OK" }
                    
{
                    "app": "Crmeb",
                    "timestamp":"2025-09-18 18:47:12.477",
                    "level": "DEBUG",
                    "thread": "http-nio-8081-exec-18",
                    "class": "o.s.w.s.m.m.a.RequestResponseBodyMethodProcessor",
                    "message": "Using 'application/json', given [application/json, text/plain, */*] and supported [application/json, application/*+json, application/json, application/*+json]" }
                    
{
                    "app": "Crmeb",
                    "timestamp":"2025-09-18 18:47:12.478",
                    "level": "DEBUG",
                    "thread": "http-nio-8081-exec-18",
                    "class": "o.s.w.s.m.m.a.RequestResponseBodyMethodProcessor",
                    "message": "Writing [com.zbkj.common.response.CommonResult@4234800c]" }
                    
{
                    "app": "Crmeb",
                    "timestamp":"2025-09-18 18:47:12.483",
                    "level": "DEBUG",
                    "thread": "http-nio-8081-exec-18",
                    "class": "o.s.web.servlet.DispatcherServlet",
                    "message": "Completed 200 OK" }
                    
{
                    "app": "Crmeb",
                    "timestamp":"2025-09-18 18:47:12.484",
                    "level": "DEBUG",
                    "thread": "http-nio-8081-exec-11",
                    "class": "o.s.w.s.m.m.a.RequestResponseBodyMethodProcessor",
                    "message": "Using 'application/json', given [application/json, text/plain, */*] and supported [application/json, application/*+json, application/json, application/*+json]" }
                    
{
                    "app": "Crmeb",
                    "timestamp":"2025-09-18 18:47:12.485",
                    "level": "DEBUG",
                    "thread": "http-nio-8081-exec-11",
                    "class": "o.s.w.s.m.m.a.RequestResponseBodyMethodProcessor",
                    "message": "Writing [com.zbkj.common.response.CommonResult@416ba10d]" }
                    
{
                    "app": "Crmeb",
                    "timestamp":"2025-09-18 18:47:12.486",
                    "level": "DEBUG",
                    "thread": "http-nio-8081-exec-11",
                    "class": "o.s.w.s.m.m.a.ExceptionHandlerExceptionResolver",
                    "message": "Resolved [org.springframework.jdbc.BadSqlGrammarException: 
### Error querying database.  Cause: java.sql.SQLSyntaxErrorException: You have an error in your SQL syntax; check the manual that corresponds to your MySQL server version for the right syntax to use near 'DESC,id DESC LIMIT 13' at line 5
### The error may exist in com/zbkj/service/dao/StoreProductDao.java (best guess)
### The error may involve defaultParameterMap
### The error occurred while setting parameters
### SQL: SELECT   id,image,store_name,price,ot_price,sales,ficti   FROM eb_store_product     WHERE (is_del = ? AND is_recycle = ? AND is_show = ? AND is_forced = ? AND audit_status = ? AND stock > ?) ORDER BY rank DESC,id DESC LIMIT ?
### Cause: java.sql.SQLSyntaxErrorException: You have an error in your SQL syntax; check the manual that corresponds to your MySQL server version for the right syntax to use near 'DESC,id DESC LIMIT 13' at line 5
; bad SQL grammar []; nested exception is java.sql.SQLSyntaxErrorException: You have an error in your SQL syntax; check the manual that corresponds to your MySQL server version for the right syntax to use near 'DESC,id DESC LIMIT 13' at line 5]" }
                    
{
                    "app": "Crmeb",
                    "timestamp":"2025-09-18 18:47:12.487",
                    "level": "DEBUG",
                    "thread": "http-nio-8081-exec-11",
                    "class": "o.s.web.servlet.DispatcherServlet",
                    "message": "Completed 200 OK" }
                    
{
                    "app": "Crmeb",
                    "timestamp":"2025-09-18 18:47:12.499",
                    "level": "DEBUG",
                    "thread": "http-nio-8081-exec-18",
                    "class": "o.s.web.servlet.DispatcherServlet",
                    "message": "GET "/api/front/activity/index/list", parameters={}" }
                    
{
                    "app": "Crmeb",
                    "timestamp":"2025-09-18 18:47:12.500",
                    "level": "DEBUG",
                    "thread": "http-nio-8081-exec-18",
                    "class": "o.s.w.s.m.m.a.RequestMappingHandlerMapping",
                    "message": "Mapped to com.zbkj.front.controller.ActivityController#getIndexList()" }
                    
{
                    "app": "Crmeb",
                    "timestamp":"2025-09-18 18:47:12.527",
                    "level": "DEBUG",
                    "thread": "http-nio-8081-exec-15",
                    "class": "o.s.web.servlet.DispatcherServlet",
                    "message": "GET "/api/front/index/product?page=1&limit=13", parameters={masked}" }
                    
{
                    "app": "Crmeb",
                    "timestamp":"2025-09-18 18:47:12.531",
                    "level": "DEBUG",
                    "thread": "http-nio-8081-exec-15",
                    "class": "o.s.w.s.m.m.a.RequestMappingHandlerMapping",
                    "message": "Mapped to com.zbkj.front.controller.IndexController#getProductList(PageParamRequest)" }
                    
{
                    "app": "Crmeb",
                    "timestamp":"2025-09-18 18:47:12.534",
                    "level": "DEBUG",
                    "thread": "http-nio-8081-exec-14",
                    "class": "o.s.web.servlet.DispatcherServlet",
                    "message": "POST "/api/front/login/token/is/exist", parameters={}" }
                    
{
                    "app": "Crmeb",
                    "timestamp":"2025-09-18 18:47:12.538",
                    "level": "DEBUG",
                    "thread": "http-nio-8081-exec-14",
                    "class": "o.s.w.s.m.m.a.RequestMappingHandlerMapping",
                    "message": "Mapped to com.zbkj.front.controller.LoginController#tokenIsExist()" }
                    
{
                    "app": "Crmeb",
                    "timestamp":"2025-09-18 18:47:12.539",
                    "level": "DEBUG",
                    "thread": "http-nio-8081-exec-2",
                    "class": "o.s.web.servlet.DispatcherServlet",
                    "message": "GET "/api/front/product/category", parameters={}" }
                    
{
                    "app": "Crmeb",
                    "timestamp":"2025-09-18 18:47:12.539",
                    "level": "DEBUG",
                    "thread": "http-nio-8081-exec-19",
                    "class": "o.s.web.servlet.DispatcherServlet",
                    "message": "GET "/api/front/search/keyword", parameters={}" }
                    
{
                    "app": "Crmeb",
                    "timestamp":"2025-09-18 18:47:12.544",
                    "level": "DEBUG",
                    "thread": "http-nio-8081-exec-19",
                    "class": "o.s.w.s.m.m.a.RequestMappingHandlerMapping",
                    "message": "Mapped to com.zbkj.front.controller.IndexController#hotKeywords()" }
                    
{
                    "app": "Crmeb",
                    "timestamp":"2025-09-18 18:47:12.544",
                    "level": "DEBUG",
                    "thread": "http-nio-8081-exec-2",
                    "class": "o.s.w.s.m.m.a.RequestMappingHandlerMapping",
                    "message": "Mapped to com.zbkj.front.controller.ProductController#getCategory()" }
                    
{
                    "app": "Crmeb",
                    "timestamp":"2025-09-18 18:47:12.563",
                    "level": "DEBUG",
                    "thread": "http-nio-8081-exec-15",
                    "class": "o.s.w.s.m.m.a.ExceptionHandlerExceptionResolver",
                    "message": "Using @ExceptionHandler com.zbkj.common.exception.GlobalExceptionHandler#defaultExceptionHandler(Exception)" }
                    
{
                    "app": "Crmeb",
                    "timestamp":"2025-09-18 18:47:12.564",
                    "level": "DEBUG",
                    "thread": "http-nio-8081-exec-14",
                    "class": "o.s.w.s.m.m.a.RequestResponseBodyMethodProcessor",
                    "message": "Using 'application/json', given [application/json, text/plain, */*] and supported [application/json, application/*+json, application/json, application/*+json]" }
                    
{
                    "app": "Crmeb",
                    "timestamp":"2025-09-18 18:47:12.567",
                    "level": "DEBUG",
                    "thread": "http-nio-8081-exec-14",
                    "class": "o.s.w.s.m.m.a.RequestResponseBodyMethodProcessor",
                    "message": "Writing [com.zbkj.common.response.CommonResult@4c4224a2]" }
                    
{
                    "app": "Crmeb",
                    "timestamp":"2025-09-18 18:47:12.577",
                    "level": "DEBUG",
                    "thread": "http-nio-8081-exec-14",
                    "class": "o.s.web.servlet.DispatcherServlet",
                    "message": "Completed 200 OK" }
                    
{
                    "app": "Crmeb",
                    "timestamp":"2025-09-18 18:47:12.588",
                    "level": "DEBUG",
                    "thread": "http-nio-8081-exec-19",
                    "class": "o.s.w.s.m.m.a.RequestResponseBodyMethodProcessor",
                    "message": "Using 'application/json', given [application/json, text/plain, */*] and supported [application/json, application/*+json, application/json, application/*+json]" }
                    
{
                    "app": "Crmeb",
                    "timestamp":"2025-09-18 18:47:12.589",
                    "level": "DEBUG",
                    "thread": "http-nio-8081-exec-19",
                    "class": "o.s.w.s.m.m.a.RequestResponseBodyMethodProcessor",
                    "message": "Writing [com.zbkj.common.response.CommonResult@177dc7f1]" }
                    
{
                    "app": "Crmeb",
                    "timestamp":"2025-09-18 18:47:12.594",
                    "level": "DEBUG",
                    "thread": "http-nio-8081-exec-19",
                    "class": "o.s.web.servlet.DispatcherServlet",
                    "message": "Completed 200 OK" }
                    
{
                    "app": "Crmeb",
                    "timestamp":"2025-09-18 18:47:12.623",
                    "level": "DEBUG",
                    "thread": "http-nio-8081-exec-18",
                    "class": "o.s.w.s.m.m.a.RequestResponseBodyMethodProcessor",
                    "message": "Using 'application/json', given [application/json, text/plain, */*] and supported [application/json, application/*+json, application/json, application/*+json]" }
                    
{
                    "app": "Crmeb",
                    "timestamp":"2025-09-18 18:47:12.624",
                    "level": "DEBUG",
                    "thread": "http-nio-8081-exec-18",
                    "class": "o.s.w.s.m.m.a.RequestResponseBodyMethodProcessor",
                    "message": "Writing [com.zbkj.common.response.CommonResult@11ba83e2]" }
                    
{
                    "app": "Crmeb",
                    "timestamp":"2025-09-18 18:47:12.625",
                    "level": "DEBUG",
                    "thread": "http-nio-8081-exec-18",
                    "class": "o.s.web.servlet.DispatcherServlet",
                    "message": "Completed 200 OK" }
                    
{
                    "app": "Crmeb",
                    "timestamp":"2025-09-18 18:47:12.656",
                    "level": "DEBUG",
                    "thread": "http-nio-8081-exec-7",
                    "class": "o.s.w.s.m.m.a.RequestResponseBodyMethodProcessor",
                    "message": "Using 'application/json', given [application/json, text/plain, */*] and supported [application/json, application/*+json, application/json, application/*+json]" }
                    
{
                    "app": "Crmeb",
                    "timestamp":"2025-09-18 18:47:12.657",
                    "level": "DEBUG",
                    "thread": "http-nio-8081-exec-7",
                    "class": "o.s.w.s.m.m.a.RequestResponseBodyMethodProcessor",
                    "message": "Writing [com.zbkj.common.response.CommonResult@36e0b8ce]" }
                    
{
                    "app": "Crmeb",
                    "timestamp":"2025-09-18 18:47:12.658",
                    "level": "DEBUG",
                    "thread": "http-nio-8081-exec-7",
                    "class": "o.s.web.servlet.DispatcherServlet",
                    "message": "Completed 200 OK" }
                    
{
                    "app": "Crmeb",
                    "timestamp":"2025-09-18 18:47:12.660",
                    "level": "DEBUG",
                    "thread": "http-nio-8081-exec-15",
                    "class": "o.s.w.s.m.m.a.RequestResponseBodyMethodProcessor",
                    "message": "Using 'application/json', given [application/json, text/plain, */*] and supported [application/json, application/*+json, application/json, application/*+json]" }
                    
{
                    "app": "Crmeb",
                    "timestamp":"2025-09-18 18:47:12.661",
                    "level": "DEBUG",
                    "thread": "http-nio-8081-exec-15",
                    "class": "o.s.w.s.m.m.a.RequestResponseBodyMethodProcessor",
                    "message": "Writing [com.zbkj.common.response.CommonResult@64030640]" }
                    
{
                    "app": "Crmeb",
                    "timestamp":"2025-09-18 18:47:12.664",
                    "level": "DEBUG",
                    "thread": "http-nio-8081-exec-15",
                    "class": "o.s.w.s.m.m.a.ExceptionHandlerExceptionResolver",
                    "message": "Resolved [org.springframework.jdbc.BadSqlGrammarException: 
### Error querying database.  Cause: java.sql.SQLSyntaxErrorException: You have an error in your SQL syntax; check the manual that corresponds to your MySQL server version for the right syntax to use near 'DESC,id DESC LIMIT 13' at line 5
### The error may exist in com/zbkj/service/dao/StoreProductDao.java (best guess)
### The error may involve defaultParameterMap
### The error occurred while setting parameters
### SQL: SELECT   id,image,store_name,price,ot_price,sales,ficti   FROM eb_store_product     WHERE (is_del = ? AND is_recycle = ? AND is_show = ? AND is_forced = ? AND audit_status = ? AND stock > ?) ORDER BY rank DESC,id DESC LIMIT ?
### Cause: java.sql.SQLSyntaxErrorException: You have an error in your SQL syntax; check the manual that corresponds to your MySQL server version for the right syntax to use near 'DESC,id DESC LIMIT 13' at line 5
; bad SQL grammar []; nested exception is java.sql.SQLSyntaxErrorException: You have an error in your SQL syntax; check the manual that corresponds to your MySQL server version for the right syntax to use near 'DESC,id DESC LIMIT 13' at line 5]" }
                    
{
                    "app": "Crmeb",
                    "timestamp":"2025-09-18 18:47:12.666",
                    "level": "DEBUG",
                    "thread": "http-nio-8081-exec-15",
                    "class": "o.s.web.servlet.DispatcherServlet",
                    "message": "Completed 200 OK" }
                    
{
                    "app": "Crmeb",
                    "timestamp":"2025-09-18 18:47:12.788",
                    "level": "DEBUG",
                    "thread": "http-nio-8081-exec-2",
                    "class": "o.s.w.s.m.m.a.RequestResponseBodyMethodProcessor",
                    "message": "Using 'application/json', given [application/json, text/plain, */*] and supported [application/json, application/*+json, application/json, application/*+json]" }
                    
{
                    "app": "Crmeb",
                    "timestamp":"2025-09-18 18:47:12.789",
                    "level": "DEBUG",
                    "thread": "http-nio-8081-exec-2",
                    "class": "o.s.w.s.m.m.a.RequestResponseBodyMethodProcessor",
                    "message": "Writing [com.zbkj.common.response.CommonResult@68ea56ef]" }
                    
{
                    "app": "Crmeb",
                    "timestamp":"2025-09-18 18:47:12.791",
                    "level": "DEBUG",
                    "thread": "http-nio-8081-exec-2",
                    "class": "o.s.web.servlet.DispatcherServlet",
                    "message": "Completed 200 OK" }
                    
{
                    "app": "Crmeb",
                    "timestamp":"2025-09-18 18:47:20.513",
                    "level": "DEBUG",
                    "thread": "http-nio-8081-exec-27",
                    "class": "o.s.web.servlet.DispatcherServlet",
                    "message": "GET "/api/front/product/leaderboard", parameters={}" }
                    
{
                    "app": "Crmeb",
                    "timestamp":"2025-09-18 18:47:20.513",
                    "level": "DEBUG",
                    "thread": "http-nio-8081-exec-28",
                    "class": "o.s.web.servlet.DispatcherServlet",
                    "message": "GET "/api/front/activity/index/list", parameters={}" }
                    
{
                    "app": "Crmeb",
                    "timestamp":"2025-09-18 18:47:20.514",
                    "level": "DEBUG",
                    "thread": "http-nio-8081-exec-29",
                    "class": "o.s.web.servlet.DispatcherServlet",
                    "message": "GET "/api/front/merchant/street", parameters={}" }
                    
{
                    "app": "Crmeb",
                    "timestamp":"2025-09-18 18:47:20.514",
                    "level": "DEBUG",
                    "thread": "http-nio-8081-exec-25",
                    "class": "o.s.web.servlet.DispatcherServlet",
                    "message": "GET "/api/pc/home/index", parameters={}" }
                    
{
                    "app": "Crmeb",
                    "timestamp":"2025-09-18 18:47:20.514",
                    "level": "DEBUG",
                    "thread": "http-nio-8081-exec-30",
                    "class": "o.s.web.servlet.DispatcherServlet",
                    "message": "GET "/api/front/index/product?page=1&limit=13", parameters={masked}" }
                    
{
                    "app": "Crmeb",
                    "timestamp":"2025-09-18 18:47:20.514",
                    "level": "DEBUG",
                    "thread": "http-nio-8081-exec-27",
                    "class": "o.s.w.s.m.m.a.RequestMappingHandlerMapping",
                    "message": "Mapped to com.zbkj.front.controller.ProductController#getLeaderboard()" }
                    
{
                    "app": "Crmeb",
                    "timestamp":"2025-09-18 18:47:20.515",
                    "level": "DEBUG",
                    "thread": "http-nio-8081-exec-28",
                    "class": "o.s.w.s.m.m.a.RequestMappingHandlerMapping",
                    "message": "Mapped to com.zbkj.front.controller.ActivityController#getIndexList()" }
                    
{
                    "app": "Crmeb",
                    "timestamp":"2025-09-18 18:47:20.516",
                    "level": "DEBUG",
                    "thread": "http-nio-8081-exec-29",
                    "class": "o.s.w.s.m.m.a.RequestMappingHandlerMapping",
                    "message": "Mapped to com.zbkj.front.controller.MerchantController#getStreet(PageParamRequest)" }
                    
{
                    "app": "Crmeb",
                    "timestamp":"2025-09-18 18:47:20.517",
                    "level": "DEBUG",
                    "thread": "http-nio-8081-exec-25",
                    "class": "o.s.w.s.m.m.a.RequestMappingHandlerMapping",
                    "message": "Mapped to com.zbkj.front.pc.controller.PcIndexController#getIndexInfo()" }
                    
{
                    "app": "Crmeb",
                    "timestamp":"2025-09-18 18:47:20.517",
                    "level": "DEBUG",
                    "thread": "http-nio-8081-exec-30",
                    "class": "o.s.w.s.m.m.a.RequestMappingHandlerMapping",
                    "message": "Mapped to com.zbkj.front.controller.IndexController#getProductList(PageParamRequest)" }
                    
{
                    "app": "Crmeb",
                    "timestamp":"2025-09-18 18:47:20.540",
                    "level": "DEBUG",
                    "thread": "http-nio-8081-exec-27",
                    "class": "o.s.w.s.m.m.a.RequestResponseBodyMethodProcessor",
                    "message": "Using 'application/json', given [application/json, text/plain, */*] and supported [application/json, application/*+json, application/json, application/*+json]" }
                    
{
                    "app": "Crmeb",
                    "timestamp":"2025-09-18 18:47:20.541",
                    "level": "DEBUG",
                    "thread": "http-nio-8081-exec-30",
                    "class": "o.s.w.s.m.m.a.ExceptionHandlerExceptionResolver",
                    "message": "Using @ExceptionHandler com.zbkj.common.exception.GlobalExceptionHandler#defaultExceptionHandler(Exception)" }
                    
{
                    "app": "Crmeb",
                    "timestamp":"2025-09-18 18:47:20.541",
                    "level": "DEBUG",
                    "thread": "http-nio-8081-exec-27",
                    "class": "o.s.w.s.m.m.a.RequestResponseBodyMethodProcessor",
                    "message": "Writing [com.zbkj.common.response.CommonResult@760eafc0]" }
                    
{
                    "app": "Crmeb",
                    "timestamp":"2025-09-18 18:47:20.543",
                    "level": "DEBUG",
                    "thread": "http-nio-8081-exec-27",
                    "class": "o.s.web.servlet.DispatcherServlet",
                    "message": "Completed 200 OK" }
                    
{
                    "app": "Crmeb",
                    "timestamp":"2025-09-18 18:47:20.573",
                    "level": "DEBUG",
                    "thread": "http-nio-8081-exec-29",
                    "class": "o.s.w.s.m.m.a.RequestResponseBodyMethodProcessor",
                    "message": "Using 'application/json', given [application/json, text/plain, */*] and supported [application/json, application/*+json, application/json, application/*+json]" }
                    
{
                    "app": "Crmeb",
                    "timestamp":"2025-09-18 18:47:20.573",
                    "level": "DEBUG",
                    "thread": "http-nio-8081-exec-29",
                    "class": "o.s.w.s.m.m.a.RequestResponseBodyMethodProcessor",
                    "message": "Writing [com.zbkj.common.response.CommonResult@35362888]" }
                    
{
                    "app": "Crmeb",
                    "timestamp":"2025-09-18 18:47:20.575",
                    "level": "DEBUG",
                    "thread": "http-nio-8081-exec-29",
                    "class": "o.s.web.servlet.DispatcherServlet",
                    "message": "Completed 200 OK" }
                    
{
                    "app": "Crmeb",
                    "timestamp":"2025-09-18 18:47:20.628",
                    "level": "DEBUG",
                    "thread": "http-nio-8081-exec-30",
                    "class": "o.s.w.s.m.m.a.RequestResponseBodyMethodProcessor",
                    "message": "Using 'application/json', given [application/json, text/plain, */*] and supported [application/json, application/*+json, application/json, application/*+json]" }
                    
{
                    "app": "Crmeb",
                    "timestamp":"2025-09-18 18:47:20.628",
                    "level": "DEBUG",
                    "thread": "http-nio-8081-exec-30",
                    "class": "o.s.w.s.m.m.a.RequestResponseBodyMethodProcessor",
                    "message": "Writing [com.zbkj.common.response.CommonResult@196bf439]" }
                    
{
                    "app": "Crmeb",
                    "timestamp":"2025-09-18 18:47:20.629",
                    "level": "DEBUG",
                    "thread": "http-nio-8081-exec-30",
                    "class": "o.s.w.s.m.m.a.ExceptionHandlerExceptionResolver",
                    "message": "Resolved [org.springframework.jdbc.BadSqlGrammarException: 
### Error querying database.  Cause: java.sql.SQLSyntaxErrorException: You have an error in your SQL syntax; check the manual that corresponds to your MySQL server version for the right syntax to use near 'DESC,id DESC LIMIT 13' at line 5
### The error may exist in com/zbkj/service/dao/StoreProductDao.java (best guess)
### The error may involve defaultParameterMap
### The error occurred while setting parameters
### SQL: SELECT   id,image,store_name,price,ot_price,sales,ficti   FROM eb_store_product     WHERE (is_del = ? AND is_recycle = ? AND is_show = ? AND is_forced = ? AND audit_status = ? AND stock > ?) ORDER BY rank DESC,id DESC LIMIT ?
### Cause: java.sql.SQLSyntaxErrorException: You have an error in your SQL syntax; check the manual that corresponds to your MySQL server version for the right syntax to use near 'DESC,id DESC LIMIT 13' at line 5
; bad SQL grammar []; nested exception is java.sql.SQLSyntaxErrorException: You have an error in your SQL syntax; check the manual that corresponds to your MySQL server version for the right syntax to use near 'DESC,id DESC LIMIT 13' at line 5]" }
                    
{
                    "app": "Crmeb",
                    "timestamp":"2025-09-18 18:47:20.629",
                    "level": "DEBUG",
                    "thread": "http-nio-8081-exec-30",
                    "class": "o.s.web.servlet.DispatcherServlet",
                    "message": "Completed 200 OK" }
                    
{
                    "app": "Crmeb",
                    "timestamp":"2025-09-18 18:47:20.635",
                    "level": "DEBUG",
                    "thread": "http-nio-8081-exec-28",
                    "class": "o.s.w.s.m.m.a.RequestResponseBodyMethodProcessor",
                    "message": "Using 'application/json', given [application/json, text/plain, */*] and supported [application/json, application/*+json, application/json, application/*+json]" }
                    
{
                    "app": "Crmeb",
                    "timestamp":"2025-09-18 18:47:20.636",
                    "level": "DEBUG",
                    "thread": "http-nio-8081-exec-28",
                    "class": "o.s.w.s.m.m.a.RequestResponseBodyMethodProcessor",
                    "message": "Writing [com.zbkj.common.response.CommonResult@265786b3]" }
                    
{
                    "app": "Crmeb",
                    "timestamp":"2025-09-18 18:47:20.636",
                    "level": "DEBUG",
                    "thread": "http-nio-8081-exec-28",
                    "class": "o.s.web.servlet.DispatcherServlet",
                    "message": "Completed 200 OK" }
                    
{
                    "app": "Crmeb",
                    "timestamp":"2025-09-18 18:47:20.647",
                    "level": "DEBUG",
                    "thread": "http-nio-8081-exec-25",
                    "class": "o.s.w.s.m.m.a.RequestResponseBodyMethodProcessor",
                    "message": "Using 'application/json', given [application/json, text/plain, */*] and supported [application/json, application/*+json, application/json, application/*+json]" }
                    
{
                    "app": "Crmeb",
                    "timestamp":"2025-09-18 18:47:20.647",
                    "level": "DEBUG",
                    "thread": "http-nio-8081-exec-6",
                    "class": "o.s.web.servlet.DispatcherServlet",
                    "message": "GET "/api/front/activity/index/list", parameters={}" }
                    
{
                    "app": "Crmeb",
                    "timestamp":"2025-09-18 18:47:20.647",
                    "level": "DEBUG",
                    "thread": "http-nio-8081-exec-25",
                    "class": "o.s.w.s.m.m.a.RequestResponseBodyMethodProcessor",
                    "message": "Writing [com.zbkj.common.response.CommonResult@7e7cffb2]" }
                    
{
                    "app": "Crmeb",
                    "timestamp":"2025-09-18 18:47:20.648",
                    "level": "DEBUG",
                    "thread": "http-nio-8081-exec-6",
                    "class": "o.s.w.s.m.m.a.RequestMappingHandlerMapping",
                    "message": "Mapped to com.zbkj.front.controller.ActivityController#getIndexList()" }
                    
{
                    "app": "Crmeb",
                    "timestamp":"2025-09-18 18:47:20.649",
                    "level": "DEBUG",
                    "thread": "http-nio-8081-exec-25",
                    "class": "o.s.web.servlet.DispatcherServlet",
                    "message": "Completed 200 OK" }
                    
{
                    "app": "Crmeb",
                    "timestamp":"2025-09-18 18:47:20.683",
                    "level": "DEBUG",
                    "thread": "http-nio-8081-exec-6",
                    "class": "o.s.w.s.m.m.a.RequestResponseBodyMethodProcessor",
                    "message": "Using 'application/json', given [application/json, text/plain, */*] and supported [application/json, application/*+json, application/json, application/*+json]" }
                    
{
                    "app": "Crmeb",
                    "timestamp":"2025-09-18 18:47:20.683",
                    "level": "DEBUG",
                    "thread": "http-nio-8081-exec-6",
                    "class": "o.s.w.s.m.m.a.RequestResponseBodyMethodProcessor",
                    "message": "Writing [com.zbkj.common.response.CommonResult@17d62fe0]" }
                    
{
                    "app": "Crmeb",
                    "timestamp":"2025-09-18 18:47:20.684",
                    "level": "DEBUG",
                    "thread": "http-nio-8081-exec-6",
                    "class": "o.s.web.servlet.DispatcherServlet",
                    "message": "Completed 200 OK" }
                    
{
                    "app": "Crmeb",
                    "timestamp":"2025-09-18 18:47:20.688",
                    "level": "DEBUG",
                    "thread": "http-nio-8081-exec-5",
                    "class": "o.s.web.servlet.DispatcherServlet",
                    "message": "GET "/api/front/index/product?page=1&limit=13", parameters={masked}" }
                    
{
                    "app": "Crmeb",
                    "timestamp":"2025-09-18 18:47:20.688",
                    "level": "DEBUG",
                    "thread": "http-nio-8081-exec-5",
                    "class": "o.s.w.s.m.m.a.RequestMappingHandlerMapping",
                    "message": "Mapped to com.zbkj.front.controller.IndexController#getProductList(PageParamRequest)" }
                    
{
                    "app": "Crmeb",
                    "timestamp":"2025-09-18 18:47:20.690",
                    "level": "DEBUG",
                    "thread": "http-nio-8081-exec-3",
                    "class": "o.s.web.servlet.DispatcherServlet",
                    "message": "GET "/api/front/search/keyword", parameters={}" }
                    
{
                    "app": "Crmeb",
                    "timestamp":"2025-09-18 18:47:20.690",
                    "level": "DEBUG",
                    "thread": "http-nio-8081-exec-8",
                    "class": "o.s.web.servlet.DispatcherServlet",
                    "message": "GET "/api/front/product/category", parameters={}" }
                    
{
                    "app": "Crmeb",
                    "timestamp":"2025-09-18 18:47:20.691",
                    "level": "DEBUG",
                    "thread": "http-nio-8081-exec-8",
                    "class": "o.s.w.s.m.m.a.RequestMappingHandlerMapping",
                    "message": "Mapped to com.zbkj.front.controller.ProductController#getCategory()" }
                    
{
                    "app": "Crmeb",
                    "timestamp":"2025-09-18 18:47:20.691",
                    "level": "DEBUG",
                    "thread": "http-nio-8081-exec-3",
                    "class": "o.s.w.s.m.m.a.RequestMappingHandlerMapping",
                    "message": "Mapped to com.zbkj.front.controller.IndexController#hotKeywords()" }
                    
{
                    "app": "Crmeb",
                    "timestamp":"2025-09-18 18:47:20.691",
                    "level": "DEBUG",
                    "thread": "http-nio-8081-exec-10",
                    "class": "o.s.web.servlet.DispatcherServlet",
                    "message": "POST "/api/front/login/token/is/exist", parameters={}" }
                    
{
                    "app": "Crmeb",
                    "timestamp":"2025-09-18 18:47:20.692",
                    "level": "DEBUG",
                    "thread": "http-nio-8081-exec-10",
                    "class": "o.s.w.s.m.m.a.RequestMappingHandlerMapping",
                    "message": "Mapped to com.zbkj.front.controller.LoginController#tokenIsExist()" }
                    
{
                    "app": "Crmeb",
                    "timestamp":"2025-09-18 18:47:20.694",
                    "level": "DEBUG",
                    "thread": "http-nio-8081-exec-10",
                    "class": "o.s.w.s.m.m.a.RequestResponseBodyMethodProcessor",
                    "message": "Using 'application/json', given [application/json, text/plain, */*] and supported [application/json, application/*+json, application/json, application/*+json]" }
                    
{
                    "app": "Crmeb",
                    "timestamp":"2025-09-18 18:47:20.694",
                    "level": "DEBUG",
                    "thread": "http-nio-8081-exec-10",
                    "class": "o.s.w.s.m.m.a.RequestResponseBodyMethodProcessor",
                    "message": "Writing [com.zbkj.common.response.CommonResult@1b527a71]" }
                    
{
                    "app": "Crmeb",
                    "timestamp":"2025-09-18 18:47:20.696",
                    "level": "DEBUG",
                    "thread": "http-nio-8081-exec-10",
                    "class": "o.s.web.servlet.DispatcherServlet",
                    "message": "Completed 200 OK" }
                    
{
                    "app": "Crmeb",
                    "timestamp":"2025-09-18 18:47:20.697",
                    "level": "DEBUG",
                    "thread": "http-nio-8081-exec-5",
                    "class": "o.s.w.s.m.m.a.ExceptionHandlerExceptionResolver",
                    "message": "Using @ExceptionHandler com.zbkj.common.exception.GlobalExceptionHandler#defaultExceptionHandler(Exception)" }
                    
{
                    "app": "Crmeb",
                    "timestamp":"2025-09-18 18:47:20.702",
                    "level": "DEBUG",
                    "thread": "http-nio-8081-exec-3",
                    "class": "o.s.w.s.m.m.a.RequestResponseBodyMethodProcessor",
                    "message": "Using 'application/json', given [application/json, text/plain, */*] and supported [application/json, application/*+json, application/json, application/*+json]" }
                    
{
                    "app": "Crmeb",
                    "timestamp":"2025-09-18 18:47:20.703",
                    "level": "DEBUG",
                    "thread": "http-nio-8081-exec-3",
                    "class": "o.s.w.s.m.m.a.RequestResponseBodyMethodProcessor",
                    "message": "Writing [com.zbkj.common.response.CommonResult@37a13da8]" }
                    
{
                    "app": "Crmeb",
                    "timestamp":"2025-09-18 18:47:20.703",
                    "level": "DEBUG",
                    "thread": "http-nio-8081-exec-3",
                    "class": "o.s.web.servlet.DispatcherServlet",
                    "message": "Completed 200 OK" }
                    
{
                    "app": "Crmeb",
                    "timestamp":"2025-09-18 18:47:20.720",
                    "level": "DEBUG",
                    "thread": "http-nio-8081-exec-5",
                    "class": "o.s.w.s.m.m.a.RequestResponseBodyMethodProcessor",
                    "message": "Using 'application/json', given [application/json, text/plain, */*] and supported [application/json, application/*+json, application/json, application/*+json]" }
                    
{
                    "app": "Crmeb",
                    "timestamp":"2025-09-18 18:47:20.721",
                    "level": "DEBUG",
                    "thread": "http-nio-8081-exec-5",
                    "class": "o.s.w.s.m.m.a.RequestResponseBodyMethodProcessor",
                    "message": "Writing [com.zbkj.common.response.CommonResult@66782ffe]" }
                    
{
                    "app": "Crmeb",
                    "timestamp":"2025-09-18 18:47:20.721",
                    "level": "DEBUG",
                    "thread": "http-nio-8081-exec-5",
                    "class": "o.s.w.s.m.m.a.ExceptionHandlerExceptionResolver",
                    "message": "Resolved [org.springframework.jdbc.BadSqlGrammarException: 
### Error querying database.  Cause: java.sql.SQLSyntaxErrorException: You have an error in your SQL syntax; check the manual that corresponds to your MySQL server version for the right syntax to use near 'DESC,id DESC LIMIT 13' at line 5
### The error may exist in com/zbkj/service/dao/StoreProductDao.java (best guess)
### The error may involve defaultParameterMap
### The error occurred while setting parameters
### SQL: SELECT   id,image,store_name,price,ot_price,sales,ficti   FROM eb_store_product     WHERE (is_del = ? AND is_recycle = ? AND is_show = ? AND is_forced = ? AND audit_status = ? AND stock > ?) ORDER BY rank DESC,id DESC LIMIT ?
### Cause: java.sql.SQLSyntaxErrorException: You have an error in your SQL syntax; check the manual that corresponds to your MySQL server version for the right syntax to use near 'DESC,id DESC LIMIT 13' at line 5
; bad SQL grammar []; nested exception is java.sql.SQLSyntaxErrorException: You have an error in your SQL syntax; check the manual that corresponds to your MySQL server version for the right syntax to use near 'DESC,id DESC LIMIT 13' at line 5]" }
                    
{
                    "app": "Crmeb",
                    "timestamp":"2025-09-18 18:47:20.721",
                    "level": "DEBUG",
                    "thread": "http-nio-8081-exec-5",
                    "class": "o.s.web.servlet.DispatcherServlet",
                    "message": "Completed 200 OK" }
                    
{
                    "app": "Crmeb",
                    "timestamp":"2025-09-18 18:47:20.730",
                    "level": "DEBUG",
                    "thread": "http-nio-8081-exec-8",
                    "class": "o.s.w.s.m.m.a.RequestResponseBodyMethodProcessor",
                    "message": "Using 'application/json', given [application/json, text/plain, */*] and supported [application/json, application/*+json, application/json, application/*+json]" }
                    
{
                    "app": "Crmeb",
                    "timestamp":"2025-09-18 18:47:20.730",
                    "level": "DEBUG",
                    "thread": "http-nio-8081-exec-8",
                    "class": "o.s.w.s.m.m.a.RequestResponseBodyMethodProcessor",
                    "message": "Writing [com.zbkj.common.response.CommonResult@e7fc65d]" }
                    
{
                    "app": "Crmeb",
                    "timestamp":"2025-09-18 18:47:20.731",
                    "level": "DEBUG",
                    "thread": "http-nio-8081-exec-8",
                    "class": "o.s.web.servlet.DispatcherServlet",
                    "message": "Completed 200 OK" }
                    
{
                    "app": "Crmeb",
                    "timestamp":"2025-09-18 18:57:09.887",
                    "level": "DEBUG",
                    "thread": "main",
                    "class": "o.s.b.c.l.ClasspathLoggingApplicationListener",
                    "message": "Application started with classpath: [jar:file:/E:/2zynt/工作项目/CRMEB-JAVA-ET-V1.2(2025.4.25)/et_java/crmeb-front/target/Crmeb-front.jar!/BOOT-INF/classes!/, jar:file:/E:/2zynt/工作项目/CRMEB-JAVA-ET-V1.2(2025.4.25)/et_java/crmeb-front/target/Crmeb-front.jar!/BOOT-INF/lib/crmeb-service-0.0.1-SNAPSHOT.jar!/, jar:file:/E:/2zynt/工作项目/CRMEB-JAVA-ET-V1.2(2025.4.25)/et_java/crmeb-front/target/Crmeb-front.jar!/BOOT-INF/lib/crmeb-common-0.0.1-SNAPSHOT.jar!/, jar:file:/E:/2zynt/工作项目/CRMEB-JAVA-ET-V1.2(2025.4.25)/et_java/crmeb-front/target/Crmeb-front.jar!/BOOT-INF/lib/javax.servlet-api-4.0.1.jar!/, jar:file:/E:/2zynt/工作项目/CRMEB-JAVA-ET-V1.2(2025.4.25)/et_java/crmeb-front/target/Crmeb-front.jar!/BOOT-INF/lib/jstl-1.2.jar!/, jar:file:/E:/2zynt/工作项目/CRMEB-JAVA-ET-V1.2(2025.4.25)/et_java/crmeb-front/target/Crmeb-front.jar!/BOOT-INF/lib/tomcat-embed-jasper-9.0.33.jar!/, jar:file:/E:/2zynt/工作项目/CRMEB-JAVA-ET-V1.2(2025.4.25)/et_java/crmeb-front/target/Crmeb-front.jar!/BOOT-INF/lib/tomcat-embed-core-9.0.33.jar!/, jar:file:/E:/2zynt/工作项目/CRMEB-JAVA-ET-V1.2(2025.4.25)/et_java/crmeb-front/target/Crmeb-front.jar!/BOOT-INF/lib/tomcat-annotations-api-9.0.33.jar!/, jar:file:/E:/2zynt/工作项目/CRMEB-JAVA-ET-V1.2(2025.4.25)/et_java/crmeb-front/target/Crmeb-front.jar!/BOOT-INF/lib/tomcat-embed-el-9.0.33.jar!/, jar:file:/E:/2zynt/工作项目/CRMEB-JAVA-ET-V1.2(2025.4.25)/et_java/crmeb-front/target/Crmeb-front.jar!/BOOT-INF/lib/ecj-3.18.0.jar!/, jar:file:/E:/2zynt/工作项目/CRMEB-JAVA-ET-V1.2(2025.4.25)/et_java/crmeb-front/target/Crmeb-front.jar!/BOOT-INF/lib/tomcat-jsp-api-9.0.33.jar!/, jar:file:/E:/2zynt/工作项目/CRMEB-JAVA-ET-V1.2(2025.4.25)/et_java/crmeb-front/target/Crmeb-front.jar!/BOOT-INF/lib/tomcat-el-api-9.0.33.jar!/, jar:file:/E:/2zynt/工作项目/CRMEB-JAVA-ET-V1.2(2025.4.25)/et_java/crmeb-front/target/Crmeb-front.jar!/BOOT-INF/lib/tomcat-servlet-api-9.0.33.jar!/, jar:file:/E:/2zynt/工作项目/CRMEB-JAVA-ET-V1.2(2025.4.25)/et_java/crmeb-front/target/Crmeb-front.jar!/BOOT-INF/lib/fastjson-2.0.38.jar!/, jar:file:/E:/2zynt/工作项目/CRMEB-JAVA-ET-V1.2(2025.4.25)/et_java/crmeb-front/target/Crmeb-front.jar!/BOOT-INF/lib/fastjson2-extension-2.0.38.jar!/, jar:file:/E:/2zynt/工作项目/CRMEB-JAVA-ET-V1.2(2025.4.25)/et_java/crmeb-front/target/Crmeb-front.jar!/BOOT-INF/lib/fastjson2-2.0.38.jar!/, jar:file:/E:/2zynt/工作项目/CRMEB-JAVA-ET-V1.2(2025.4.25)/et_java/crmeb-front/target/Crmeb-front.jar!/BOOT-INF/lib/druid-1.1.20.jar!/, jar:file:/E:/2zynt/工作项目/CRMEB-JAVA-ET-V1.2(2025.4.25)/et_java/crmeb-front/target/Crmeb-front.jar!/BOOT-INF/lib/mysql-connector-j-8.0.33.jar!/, jar:file:/E:/2zynt/工作项目/CRMEB-JAVA-ET-V1.2(2025.4.25)/et_java/crmeb-front/target/Crmeb-front.jar!/BOOT-INF/lib/protobuf-java-3.21.9.jar!/, jar:file:/E:/2zynt/工作项目/CRMEB-JAVA-ET-V1.2(2025.4.25)/et_java/crmeb-front/target/Crmeb-front.jar!/BOOT-INF/lib/lombok-1.18.12.jar!/, jar:file:/E:/2zynt/工作项目/CRMEB-JAVA-ET-V1.2(2025.4.25)/et_java/crmeb-front/target/Crmeb-front.jar!/BOOT-INF/lib/mybatis-plus-boot-starter-3.3.1.jar!/, jar:file:/E:/2zynt/工作项目/CRMEB-JAVA-ET-V1.2(2025.4.25)/et_java/crmeb-front/target/Crmeb-front.jar!/BOOT-INF/lib/spring-boot-starter-jdbc-2.2.6.RELEASE.jar!/, jar:file:/E:/2zynt/工作项目/CRMEB-JAVA-ET-V1.2(2025.4.25)/et_java/crmeb-front/target/Crmeb-front.jar!/BOOT-INF/lib/HikariCP-3.4.2.jar!/, jar:file:/E:/2zynt/工作项目/CRMEB-JAVA-ET-V1.2(2025.4.25)/et_java/crmeb-front/target/Crmeb-front.jar!/BOOT-INF/lib/spring-jdbc-5.2.5.RELEASE.jar!/, jar:file:/E:/2zynt/工作项目/CRMEB-JAVA-ET-V1.2(2025.4.25)/et_java/crmeb-front/target/Crmeb-front.jar!/BOOT-INF/lib/spring-boot-test-2.2.6.RELEASE.jar!/, jar:file:/E:/2zynt/工作项目/CRMEB-JAVA-ET-V1.2(2025.4.25)/et_java/crmeb-front/target/Crmeb-front.jar!/BOOT-INF/lib/spring-boot-2.2.6.RELEASE.jar!/, jar:file:/E:/2zynt/工作项目/CRMEB-JAVA-ET-V1.2(2025.4.25)/et_java/crmeb-front/target/Crmeb-front.jar!/BOOT-INF/lib/spring-context-5.2.5.RELEASE.jar!/, jar:file:/E:/2zynt/工作项目/CRMEB-JAVA-ET-V1.2(2025.4.25)/et_java/crmeb-front/target/Crmeb-front.jar!/BOOT-INF/lib/spring-test-5.2.5.RELEASE.jar!/, jar:file:/E:/2zynt/工作项目/CRMEB-JAVA-ET-V1.2(2025.4.25)/et_java/crmeb-front/target/Crmeb-front.jar!/BOOT-INF/lib/spring-core-5.2.5.RELEASE.jar!/, jar:file:/E:/2zynt/工作项目/CRMEB-JAVA-ET-V1.2(2025.4.25)/et_java/crmeb-front/target/Crmeb-front.jar!/BOOT-INF/lib/spring-jcl-5.2.5.RELEASE.jar!/, jar:file:/E:/2zynt/工作项目/CRMEB-JAVA-ET-V1.2(2025.4.25)/et_java/crmeb-front/target/Crmeb-front.jar!/BOOT-INF/lib/mybatis-plus-3.3.1.jar!/, jar:file:/E:/2zynt/工作项目/CRMEB-JAVA-ET-V1.2(2025.4.25)/et_java/crmeb-front/target/Crmeb-front.jar!/BOOT-INF/lib/mybatis-plus-extension-3.3.1.jar!/, jar:file:/E:/2zynt/工作项目/CRMEB-JAVA-ET-V1.2(2025.4.25)/et_java/crmeb-front/target/Crmeb-front.jar!/BOOT-INF/lib/mybatis-plus-core-3.3.1.jar!/, jar:file:/E:/2zynt/工作项目/CRMEB-JAVA-ET-V1.2(2025.4.25)/et_java/crmeb-front/target/Crmeb-front.jar!/BOOT-INF/lib/mybatis-plus-annotation-3.3.1.jar!/, jar:file:/E:/2zynt/工作项目/CRMEB-JAVA-ET-V1.2(2025.4.25)/et_java/crmeb-front/target/Crmeb-front.jar!/BOOT-INF/lib/mybatis-3.5.3.jar!/, jar:file:/E:/2zynt/工作项目/CRMEB-JAVA-ET-V1.2(2025.4.25)/et_java/crmeb-front/target/Crmeb-front.jar!/BOOT-INF/lib/mybatis-spring-2.0.3.jar!/, jar:file:/E:/2zynt/工作项目/CRMEB-JAVA-ET-V1.2(2025.4.25)/et_java/crmeb-front/target/Crmeb-front.jar!/BOOT-INF/lib/mybatis-plus-generator-3.3.1.jar!/, jar:file:/E:/2zynt/工作项目/CRMEB-JAVA-ET-V1.2(2025.4.25)/et_java/crmeb-front/target/Crmeb-front.jar!/BOOT-INF/lib/swagger-annotations-1.5.21.jar!/, jar:file:/E:/2zynt/工作项目/CRMEB-JAVA-ET-V1.2(2025.4.25)/et_java/crmeb-front/target/Crmeb-front.jar!/BOOT-INF/lib/springfox-swagger2-2.9.2.jar!/, jar:file:/E:/2zynt/工作项目/CRMEB-JAVA-ET-V1.2(2025.4.25)/et_java/crmeb-front/target/Crmeb-front.jar!/BOOT-INF/lib/springfox-spi-2.9.2.jar!/, jar:file:/E:/2zynt/工作项目/CRMEB-JAVA-ET-V1.2(2025.4.25)/et_java/crmeb-front/target/Crmeb-front.jar!/BOOT-INF/lib/springfox-core-2.9.2.jar!/, jar:file:/E:/2zynt/工作项目/CRMEB-JAVA-ET-V1.2(2025.4.25)/et_java/crmeb-front/target/Crmeb-front.jar!/BOOT-INF/lib/byte-buddy-1.10.8.jar!/, jar:file:/E:/2zynt/工作项目/CRMEB-JAVA-ET-V1.2(2025.4.25)/et_java/crmeb-front/target/Crmeb-front.jar!/BOOT-INF/lib/springfox-schema-2.9.2.jar!/, jar:file:/E:/2zynt/工作项目/CRMEB-JAVA-ET-V1.2(2025.4.25)/et_java/crmeb-front/target/Crmeb-front.jar!/BOOT-INF/lib/springfox-swagger-common-2.9.2.jar!/, jar:file:/E:/2zynt/工作项目/CRMEB-JAVA-ET-V1.2(2025.4.25)/et_java/crmeb-front/target/Crmeb-front.jar!/BOOT-INF/lib/springfox-spring-web-2.9.2.jar!/, jar:file:/E:/2zynt/工作项目/CRMEB-JAVA-ET-V1.2(2025.4.25)/et_java/crmeb-front/target/Crmeb-front.jar!/BOOT-INF/lib/classmate-1.5.1.jar!/, jar:file:/E:/2zynt/工作项目/CRMEB-JAVA-ET-V1.2(2025.4.25)/et_java/crmeb-front/target/Crmeb-front.jar!/BOOT-INF/lib/slf4j-api-1.7.30.jar!/, jar:file:/E:/2zynt/工作项目/CRMEB-JAVA-ET-V1.2(2025.4.25)/et_java/crmeb-front/target/Crmeb-front.jar!/BOOT-INF/lib/spring-plugin-core-1.2.0.RELEASE.jar!/, jar:file:/E:/2zynt/工作项目/CRMEB-JAVA-ET-V1.2(2025.4.25)/et_java/crmeb-front/target/Crmeb-front.jar!/BOOT-INF/lib/spring-plugin-metadata-1.2.0.RELEASE.jar!/, jar:file:/E:/2zynt/工作项目/CRMEB-JAVA-ET-V1.2(2025.4.25)/et_java/crmeb-front/target/Crmeb-front.jar!/BOOT-INF/lib/mapstruct-1.2.0.Final.jar!/, jar:file:/E:/2zynt/工作项目/CRMEB-JAVA-ET-V1.2(2025.4.25)/et_java/crmeb-front/target/Crmeb-front.jar!/BOOT-INF/lib/swagger-models-1.5.22.jar!/, jar:file:/E:/2zynt/工作项目/CRMEB-JAVA-ET-V1.2(2025.4.25)/et_java/crmeb-front/target/Crmeb-front.jar!/BOOT-INF/lib/jackson-annotations-2.10.3.jar!/, jar:file:/E:/2zynt/工作项目/CRMEB-JAVA-ET-V1.2(2025.4.25)/et_java/crmeb-front/target/Crmeb-front.jar!/BOOT-INF/lib/swagger-bootstrap-ui-1.9.3.jar!/, jar:file:/E:/2zynt/工作项目/CRMEB-JAVA-ET-V1.2(2025.4.25)/et_java/crmeb-front/target/Crmeb-front.jar!/BOOT-INF/lib/spring-boot-autoconfigure-2.2.6.RELEASE.jar!/, jar:file:/E:/2zynt/工作项目/CRMEB-JAVA-ET-V1.2(2025.4.25)/et_java/crmeb-front/target/Crmeb-front.jar!/BOOT-INF/lib/logback-classic-1.2.3.jar!/, jar:file:/E:/2zynt/工作项目/CRMEB-JAVA-ET-V1.2(2025.4.25)/et_java/crmeb-front/target/Crmeb-front.jar!/BOOT-INF/lib/logback-core-1.2.3.jar!/, jar:file:/E:/2zynt/工作项目/CRMEB-JAVA-ET-V1.2(2025.4.25)/et_java/crmeb-front/target/Crmeb-front.jar!/BOOT-INF/lib/logstash-logback-encoder-5.3.jar!/, jar:file:/E:/2zynt/工作项目/CRMEB-JAVA-ET-V1.2(2025.4.25)/et_java/crmeb-front/target/Crmeb-front.jar!/BOOT-INF/lib/jackson-databind-2.10.3.jar!/, jar:file:/E:/2zynt/工作项目/CRMEB-JAVA-ET-V1.2(2025.4.25)/et_java/crmeb-front/target/Crmeb-front.jar!/BOOT-INF/lib/spring-boot-starter-web-2.2.6.RELEASE.jar!/, jar:file:/E:/2zynt/工作项目/CRMEB-JAVA-ET-V1.2(2025.4.25)/et_java/crmeb-front/target/Crmeb-front.jar!/BOOT-INF/lib/spring-boot-starter-2.2.6.RELEASE.jar!/, jar:file:/E:/2zynt/工作项目/CRMEB-JAVA-ET-V1.2(2025.4.25)/et_java/crmeb-front/target/Crmeb-front.jar!/BOOT-INF/lib/spring-boot-starter-logging-2.2.6.RELEASE.jar!/, jar:file:/E:/2zynt/工作项目/CRMEB-JAVA-ET-V1.2(2025.4.25)/et_java/crmeb-front/target/Crmeb-front.jar!/BOOT-INF/lib/log4j-to-slf4j-2.12.1.jar!/, jar:file:/E:/2zynt/工作项目/CRMEB-JAVA-ET-V1.2(2025.4.25)/et_java/crmeb-front/target/Crmeb-front.jar!/BOOT-INF/lib/log4j-api-2.12.1.jar!/, jar:file:/E:/2zynt/工作项目/CRMEB-JAVA-ET-V1.2(2025.4.25)/et_java/crmeb-front/target/Crmeb-front.jar!/BOOT-INF/lib/jul-to-slf4j-1.7.30.jar!/, jar:file:/E:/2zynt/工作项目/CRMEB-JAVA-ET-V1.2(2025.4.25)/et_java/crmeb-front/target/Crmeb-front.jar!/BOOT-INF/lib/jakarta.annotation-api-1.3.5.jar!/, jar:file:/E:/2zynt/工作项目/CRMEB-JAVA-ET-V1.2(2025.4.25)/et_java/crmeb-front/target/Crmeb-front.jar!/BOOT-INF/lib/snakeyaml-1.25.jar!/, jar:file:/E:/2zynt/工作项目/CRMEB-JAVA-ET-V1.2(2025.4.25)/et_java/crmeb-front/target/Crmeb-front.jar!/BOOT-INF/lib/spring-boot-starter-json-2.2.6.RELEASE.jar!/, jar:file:/E:/2zynt/工作项目/CRMEB-JAVA-ET-V1.2(2025.4.25)/et_java/crmeb-front/target/Crmeb-front.jar!/BOOT-INF/lib/jackson-datatype-jdk8-2.10.3.jar!/, jar:file:/E:/2zynt/工作项目/CRMEB-JAVA-ET-V1.2(2025.4.25)/et_java/crmeb-front/target/Crmeb-front.jar!/BOOT-INF/lib/jackson-datatype-jsr310-2.10.3.jar!/, jar:file:/E:/2zynt/工作项目/CRMEB-JAVA-ET-V1.2(2025.4.25)/et_java/crmeb-front/target/Crmeb-front.jar!/BOOT-INF/lib/jackson-module-parameter-names-2.10.3.jar!/, jar:file:/E:/2zynt/工作项目/CRMEB-JAVA-ET-V1.2(2025.4.25)/et_java/crmeb-front/target/Crmeb-front.jar!/BOOT-INF/lib/spring-boot-starter-tomcat-2.2.6.RELEASE.jar!/, jar:file:/E:/2zynt/工作项目/CRMEB-JAVA-ET-V1.2(2025.4.25)/et_java/crmeb-front/target/Crmeb-front.jar!/BOOT-INF/lib/tomcat-embed-websocket-9.0.33.jar!/, jar:file:/E:/2zynt/工作项目/CRMEB-JAVA-ET-V1.2(2025.4.25)/et_java/crmeb-front/target/Crmeb-front.jar!/BOOT-INF/lib/spring-boot-starter-validation-2.2.6.RELEASE.jar!/, jar:file:/E:/2zynt/工作项目/CRMEB-JAVA-ET-V1.2(2025.4.25)/et_java/crmeb-front/target/Crmeb-front.jar!/BOOT-INF/lib/jakarta.validation-api-2.0.2.jar!/, jar:file:/E:/2zynt/工作项目/CRMEB-JAVA-ET-V1.2(2025.4.25)/et_java/crmeb-front/target/Crmeb-front.jar!/BOOT-INF/lib/hibernate-validator-6.0.18.Final.jar!/, jar:file:/E:/2zynt/工作项目/CRMEB-JAVA-ET-V1.2(2025.4.25)/et_java/crmeb-front/target/Crmeb-front.jar!/BOOT-INF/lib/jboss-logging-3.4.1.Final.jar!/, jar:file:/E:/2zynt/工作项目/CRMEB-JAVA-ET-V1.2(2025.4.25)/et_java/crmeb-front/target/Crmeb-front.jar!/BOOT-INF/lib/spring-web-5.2.5.RELEASE.jar!/, jar:file:/E:/2zynt/工作项目/CRMEB-JAVA-ET-V1.2(2025.4.25)/et_java/crmeb-front/target/Crmeb-front.jar!/BOOT-INF/lib/spring-webmvc-5.2.5.RELEASE.jar!/, jar:file:/E:/2zynt/工作项目/CRMEB-JAVA-ET-V1.2(2025.4.25)/et_java/crmeb-front/target/Crmeb-front.jar!/BOOT-INF/lib/spring-expression-5.2.5.RELEASE.jar!/, jar:file:/E:/2zynt/工作项目/CRMEB-JAVA-ET-V1.2(2025.4.25)/et_java/crmeb-front/target/Crmeb-front.jar!/BOOT-INF/lib/spring-boot-starter-data-redis-2.2.0.RELEASE.jar!/, jar:file:/E:/2zynt/工作项目/CRMEB-JAVA-ET-V1.2(2025.4.25)/et_java/crmeb-front/target/Crmeb-front.jar!/BOOT-INF/lib/spring-data-redis-2.2.6.RELEASE.jar!/, jar:file:/E:/2zynt/工作项目/CRMEB-JAVA-ET-V1.2(2025.4.25)/et_java/crmeb-front/target/Crmeb-front.jar!/BOOT-INF/lib/spring-data-keyvalue-2.2.6.RELEASE.jar!/, jar:file:/E:/2zynt/工作项目/CRMEB-JAVA-ET-V1.2(2025.4.25)/et_java/crmeb-front/target/Crmeb-front.jar!/BOOT-INF/lib/spring-tx-5.2.5.RELEASE.jar!/, jar:file:/E:/2zynt/工作项目/CRMEB-JAVA-ET-V1.2(2025.4.25)/et_java/crmeb-front/target/Crmeb-front.jar!/BOOT-INF/lib/spring-oxm-5.2.5.RELEASE.jar!/, jar:file:/E:/2zynt/工作项目/CRMEB-JAVA-ET-V1.2(2025.4.25)/et_java/crmeb-front/target/Crmeb-front.jar!/BOOT-INF/lib/lettuce-core-5.2.2.RELEASE.jar!/, jar:file:/E:/2zynt/工作项目/CRMEB-JAVA-ET-V1.2(2025.4.25)/et_java/crmeb-front/target/Crmeb-front.jar!/BOOT-INF/lib/netty-common-4.1.48.Final.jar!/, jar:file:/E:/2zynt/工作项目/CRMEB-JAVA-ET-V1.2(2025.4.25)/et_java/crmeb-front/target/Crmeb-front.jar!/BOOT-INF/lib/netty-handler-4.1.48.Final.jar!/, jar:file:/E:/2zynt/工作项目/CRMEB-JAVA-ET-V1.2(2025.4.25)/et_java/crmeb-front/target/Crmeb-front.jar!/BOOT-INF/lib/netty-resolver-4.1.48.Final.jar!/, jar:file:/E:/2zynt/工作项目/CRMEB-JAVA-ET-V1.2(2025.4.25)/et_java/crmeb-front/target/Crmeb-front.jar!/BOOT-INF/lib/netty-buffer-4.1.48.Final.jar!/, jar:file:/E:/2zynt/工作项目/CRMEB-JAVA-ET-V1.2(2025.4.25)/et_java/crmeb-front/target/Crmeb-front.jar!/BOOT-INF/lib/netty-codec-4.1.48.Final.jar!/, jar:file:/E:/2zynt/工作项目/CRMEB-JAVA-ET-V1.2(2025.4.25)/et_java/crmeb-front/target/Crmeb-front.jar!/BOOT-INF/lib/netty-transport-4.1.48.Final.jar!/, jar:file:/E:/2zynt/工作项目/CRMEB-JAVA-ET-V1.2(2025.4.25)/et_java/crmeb-front/target/Crmeb-front.jar!/BOOT-INF/lib/reactor-core-3.3.4.RELEASE.jar!/, jar:file:/E:/2zynt/工作项目/CRMEB-JAVA-ET-V1.2(2025.4.25)/et_java/crmeb-front/target/Crmeb-front.jar!/BOOT-INF/lib/reactive-streams-1.0.3.jar!/, jar:file:/E:/2zynt/工作项目/CRMEB-JAVA-ET-V1.2(2025.4.25)/et_java/crmeb-front/target/Crmeb-front.jar!/BOOT-INF/lib/jedis-3.1.0.jar!/, jar:file:/E:/2zynt/工作项目/CRMEB-JAVA-ET-V1.2(2025.4.25)/et_java/crmeb-front/target/Crmeb-front.jar!/BOOT-INF/lib/commons-pool2-2.7.0.jar!/, jar:file:/E:/2zynt/工作项目/CRMEB-JAVA-ET-V1.2(2025.4.25)/et_java/crmeb-front/target/Crmeb-front.jar!/BOOT-INF/lib/pagehelper-spring-boot-starter-1.2.5.jar!/, jar:file:/E:/2zynt/工作项目/CRMEB-JAVA-ET-V1.2(2025.4.25)/et_java/crmeb-front/target/Crmeb-front.jar!/BOOT-INF/lib/mybatis-spring-boot-starter-1.3.2.jar!/, jar:file:/E:/2zynt/工作项目/CRMEB-JAVA-ET-V1.2(2025.4.25)/et_java/crmeb-front/target/Crmeb-front.jar!/BOOT-INF/lib/mybatis-spring-boot-autoconfigure-1.3.2.jar!/, jar:file:/E:/2zynt/工作项目/CRMEB-JAVA-ET-V1.2(2025.4.25)/et_java/crmeb-front/target/Crmeb-front.jar!/BOOT-INF/lib/pagehelper-spring-boot-autoconfigure-1.2.5.jar!/, jar:file:/E:/2zynt/工作项目/CRMEB-JAVA-ET-V1.2(2025.4.25)/et_java/crmeb-front/target/Crmeb-front.jar!/BOOT-INF/lib/pagehelper-5.1.4.jar!/, jar:file:/E:/2zynt/工作项目/CRMEB-JAVA-ET-V1.2(2025.4.25)/et_java/crmeb-front/target/Crmeb-front.jar!/BOOT-INF/lib/jsqlparser-1.0.jar!/, jar:file:/E:/2zynt/工作项目/CRMEB-JAVA-ET-V1.2(2025.4.25)/et_java/crmeb-front/target/Crmeb-front.jar!/BOOT-INF/lib/validation-api-1.1.0.Final.jar!/, jar:file:/E:/2zynt/工作项目/CRMEB-JAVA-ET-V1.2(2025.4.25)/et_java/crmeb-front/target/Crmeb-front.jar!/BOOT-INF/lib/spring-data-commons-2.2.6.RELEASE.jar!/, jar:file:/E:/2zynt/工作项目/CRMEB-JAVA-ET-V1.2(2025.4.25)/et_java/crmeb-front/target/Crmeb-front.jar!/BOOT-INF/lib/spring-beans-5.2.5.RELEASE.jar!/, jar:file:/E:/2zynt/工作项目/CRMEB-JAVA-ET-V1.2(2025.4.25)/et_java/crmeb-front/target/Crmeb-front.jar!/BOOT-INF/lib/hutool-all-4.5.7.jar!/, jar:file:/E:/2zynt/工作项目/CRMEB-JAVA-ET-V1.2(2025.4.25)/et_java/crmeb-front/target/Crmeb-front.jar!/BOOT-INF/lib/spring-boot-starter-actuator-2.2.6.RELEASE.jar!/, jar:file:/E:/2zynt/工作项目/CRMEB-JAVA-ET-V1.2(2025.4.25)/et_java/crmeb-front/target/Crmeb-front.jar!/BOOT-INF/lib/spring-boot-actuator-autoconfigure-2.2.6.RELEASE.jar!/, jar:file:/E:/2zynt/工作项目/CRMEB-JAVA-ET-V1.2(2025.4.25)/et_java/crmeb-front/target/Crmeb-front.jar!/BOOT-INF/lib/spring-boot-actuator-2.2.6.RELEASE.jar!/, jar:file:/E:/2zynt/工作项目/CRMEB-JAVA-ET-V1.2(2025.4.25)/et_java/crmeb-front/target/Crmeb-front.jar!/BOOT-INF/lib/micrometer-core-1.3.6.jar!/, jar:file:/E:/2zynt/工作项目/CRMEB-JAVA-ET-V1.2(2025.4.25)/et_java/crmeb-front/target/Crmeb-front.jar!/BOOT-INF/lib/HdrHistogram-2.1.11.jar!/, jar:file:/E:/2zynt/工作项目/CRMEB-JAVA-ET-V1.2(2025.4.25)/et_java/crmeb-front/target/Crmeb-front.jar!/BOOT-INF/lib/LatencyUtils-2.0.3.jar!/, jar:file:/E:/2zynt/工作项目/CRMEB-JAVA-ET-V1.2(2025.4.25)/et_java/crmeb-front/target/Crmeb-front.jar!/BOOT-INF/lib/httpclient-4.5.6.jar!/, jar:file:/E:/2zynt/工作项目/CRMEB-JAVA-ET-V1.2(2025.4.25)/et_java/crmeb-front/target/Crmeb-front.jar!/BOOT-INF/lib/httpcore-4.4.13.jar!/, jar:file:/E:/2zynt/工作项目/CRMEB-JAVA-ET-V1.2(2025.4.25)/et_java/crmeb-front/target/Crmeb-front.jar!/BOOT-INF/lib/commons-logging-1.2.jar!/, jar:file:/E:/2zynt/工作项目/CRMEB-JAVA-ET-V1.2(2025.4.25)/et_java/crmeb-front/target/Crmeb-front.jar!/BOOT-INF/lib/commons-codec-1.13.jar!/, jar:file:/E:/2zynt/工作项目/CRMEB-JAVA-ET-V1.2(2025.4.25)/et_java/crmeb-front/target/Crmeb-front.jar!/BOOT-INF/lib/spring-boot-starter-aop-2.2.6.RELEASE.jar!/, jar:file:/E:/2zynt/工作项目/CRMEB-JAVA-ET-V1.2(2025.4.25)/et_java/crmeb-front/target/Crmeb-front.jar!/BOOT-INF/lib/spring-aop-5.2.5.RELEASE.jar!/, jar:file:/E:/2zynt/工作项目/CRMEB-JAVA-ET-V1.2(2025.4.25)/et_java/crmeb-front/target/Crmeb-front.jar!/BOOT-INF/lib/aspectjweaver-1.9.5.jar!/, jar:file:/E:/2zynt/工作项目/CRMEB-JAVA-ET-V1.2(2025.4.25)/et_java/crmeb-front/target/Crmeb-front.jar!/BOOT-INF/lib/commons-lang3-3.10.jar!/, jar:file:/E:/2zynt/工作项目/CRMEB-JAVA-ET-V1.2(2025.4.25)/et_java/crmeb-front/target/Crmeb-front.jar!/BOOT-INF/lib/poi-3.17.jar!/, jar:file:/E:/2zynt/工作项目/CRMEB-JAVA-ET-V1.2(2025.4.25)/et_java/crmeb-front/target/Crmeb-front.jar!/BOOT-INF/lib/commons-collections4-4.1.jar!/, jar:file:/E:/2zynt/工作项目/CRMEB-JAVA-ET-V1.2(2025.4.25)/et_java/crmeb-front/target/Crmeb-front.jar!/BOOT-INF/lib/poi-ooxml-3.17.jar!/, jar:file:/E:/2zynt/工作项目/CRMEB-JAVA-ET-V1.2(2025.4.25)/et_java/crmeb-front/target/Crmeb-front.jar!/BOOT-INF/lib/poi-ooxml-schemas-3.17.jar!/, jar:file:/E:/2zynt/工作项目/CRMEB-JAVA-ET-V1.2(2025.4.25)/et_java/crmeb-front/target/Crmeb-front.jar!/BOOT-INF/lib/xmlbeans-2.6.0.jar!/, jar:file:/E:/2zynt/工作项目/CRMEB-JAVA-ET-V1.2(2025.4.25)/et_java/crmeb-front/target/Crmeb-front.jar!/BOOT-INF/lib/curvesapi-1.04.jar!/, jar:file:/E:/2zynt/工作项目/CRMEB-JAVA-ET-V1.2(2025.4.25)/et_java/crmeb-front/target/Crmeb-front.jar!/BOOT-INF/lib/commons-fileupload-1.3.3.jar!/, jar:file:/E:/2zynt/工作项目/CRMEB-JAVA-ET-V1.2(2025.4.25)/et_java/crmeb-front/target/Crmeb-front.jar!/BOOT-INF/lib/commons-io-2.4.jar!/, jar:file:/E:/2zynt/工作项目/CRMEB-JAVA-ET-V1.2(2025.4.25)/et_java/crmeb-front/target/Crmeb-front.jar!/BOOT-INF/lib/aliyun-sdk-oss-3.5.0.jar!/, jar:file:/E:/2zynt/工作项目/CRMEB-JAVA-ET-V1.2(2025.4.25)/et_java/crmeb-front/target/Crmeb-front.jar!/BOOT-INF/lib/jdom-1.1.jar!/, jar:file:/E:/2zynt/工作项目/CRMEB-JAVA-ET-V1.2(2025.4.25)/et_java/crmeb-front/target/Crmeb-front.jar!/BOOT-INF/lib/jettison-1.1.jar!/, jar:file:/E:/2zynt/工作项目/CRMEB-JAVA-ET-V1.2(2025.4.25)/et_java/crmeb-front/target/Crmeb-front.jar!/BOOT-INF/lib/stax-api-1.0.1.jar!/, jar:file:/E:/2zynt/工作项目/CRMEB-JAVA-ET-V1.2(2025.4.25)/et_java/crmeb-front/target/Crmeb-front.jar!/BOOT-INF/lib/aliyun-java-sdk-core-3.4.0.jar!/, jar:file:/E:/2zynt/工作项目/CRMEB-JAVA-ET-V1.2(2025.4.25)/et_java/crmeb-front/target/Crmeb-front.jar!/BOOT-INF/lib/aliyun-java-sdk-ram-3.0.0.jar!/, jar:file:/E:/2zynt/工作项目/CRMEB-JAVA-ET-V1.2(2025.4.25)/et_java/crmeb-front/target/Crmeb-front.jar!/BOOT-INF/lib/aliyun-java-sdk-sts-3.0.0.jar!/, jar:file:/E:/2zynt/工作项目/CRMEB-JAVA-ET-V1.2(2025.4.25)/et_java/crmeb-front/target/Crmeb-front.jar!/BOOT-INF/lib/aliyun-java-sdk-ecs-4.2.0.jar!/, jar:file:/E:/2zynt/工作项目/CRMEB-JAVA-ET-V1.2(2025.4.25)/et_java/crmeb-front/target/Crmeb-front.jar!/BOOT-INF/lib/cos_api-5.6.22.jar!/, jar:file:/E:/2zynt/工作项目/CRMEB-JAVA-ET-V1.2(2025.4.25)/et_java/crmeb-front/target/Crmeb-front.jar!/BOOT-INF/lib/joda-time-2.10.5.jar!/, jar:file:/E:/2zynt/工作项目/CRMEB-JAVA-ET-V1.2(2025.4.25)/et_java/crmeb-front/target/Crmeb-front.jar!/BOOT-INF/lib/bcprov-jdk15on-1.64.jar!/, jar:file:/E:/2zynt/工作项目/CRMEB-JAVA-ET-V1.2(2025.4.25)/et_java/crmeb-front/target/Crmeb-front.jar!/BOOT-INF/lib/qiniu-java-sdk-7.2.28.jar!/, jar:file:/E:/2zynt/工作项目/CRMEB-JAVA-ET-V1.2(2025.4.25)/et_java/crmeb-front/target/Crmeb-front.jar!/BOOT-INF/lib/okhttp-3.14.7.jar!/, jar:file:/E:/2zynt/工作项目/CRMEB-JAVA-ET-V1.2(2025.4.25)/et_java/crmeb-front/target/Crmeb-front.jar!/BOOT-INF/lib/okio-1.17.2.jar!/, jar:file:/E:/2zynt/工作项目/CRMEB-JAVA-ET-V1.2(2025.4.25)/et_java/crmeb-front/target/Crmeb-front.jar!/BOOT-INF/lib/gson-2.8.6.jar!/, jar:file:/E:/2zynt/工作项目/CRMEB-JAVA-ET-V1.2(2025.4.25)/et_java/crmeb-front/target/Crmeb-front.jar!/BOOT-INF/lib/dom4j-1.6.1.jar!/, jar:file:/E:/2zynt/工作项目/CRMEB-JAVA-ET-V1.2(2025.4.25)/et_java/crmeb-front/target/Crmeb-front.jar!/BOOT-INF/lib/xml-apis-1.0.b2.jar!/, jar:file:/E:/2zynt/工作项目/CRMEB-JAVA-ET-V1.2(2025.4.25)/et_java/crmeb-front/target/Crmeb-front.jar!/BOOT-INF/lib/xstream-1.4.10.jar!/, jar:file:/E:/2zynt/工作项目/CRMEB-JAVA-ET-V1.2(2025.4.25)/et_java/crmeb-front/target/Crmeb-front.jar!/BOOT-INF/lib/xmlpull-1.1.3.1.jar!/, jar:file:/E:/2zynt/工作项目/CRMEB-JAVA-ET-V1.2(2025.4.25)/et_java/crmeb-front/target/Crmeb-front.jar!/BOOT-INF/lib/xpp3_min-1.1.4c.jar!/, jar:file:/E:/2zynt/工作项目/CRMEB-JAVA-ET-V1.2(2025.4.25)/et_java/crmeb-front/target/Crmeb-front.jar!/BOOT-INF/lib/httpmime-4.5.2.jar!/, jar:file:/E:/2zynt/工作项目/CRMEB-JAVA-ET-V1.2(2025.4.25)/et_java/crmeb-front/target/Crmeb-front.jar!/BOOT-INF/lib/jjwt-0.9.1.jar!/, jar:file:/E:/2zynt/工作项目/CRMEB-JAVA-ET-V1.2(2025.4.25)/et_java/crmeb-front/target/Crmeb-front.jar!/BOOT-INF/lib/jwks-rsa-0.9.0.jar!/, jar:file:/E:/2zynt/工作项目/CRMEB-JAVA-ET-V1.2(2025.4.25)/et_java/crmeb-front/target/Crmeb-front.jar!/BOOT-INF/lib/spring-boot-starter-security-2.2.6.RELEASE.jar!/, jar:file:/E:/2zynt/工作项目/CRMEB-JAVA-ET-V1.2(2025.4.25)/et_java/crmeb-front/target/Crmeb-front.jar!/BOOT-INF/lib/spring-security-config-5.2.2.RELEASE.jar!/, jar:file:/E:/2zynt/工作项目/CRMEB-JAVA-ET-V1.2(2025.4.25)/et_java/crmeb-front/target/Crmeb-front.jar!/BOOT-INF/lib/spring-security-core-5.2.2.RELEASE.jar!/, jar:file:/E:/2zynt/工作项目/CRMEB-JAVA-ET-V1.2(2025.4.25)/et_java/crmeb-front/target/Crmeb-front.jar!/BOOT-INF/lib/spring-security-web-5.2.2.RELEASE.jar!/, jar:file:/E:/2zynt/工作项目/CRMEB-JAVA-ET-V1.2(2025.4.25)/et_java/crmeb-front/target/Crmeb-front.jar!/BOOT-INF/lib/spring-boot-starter-mail-2.2.6.RELEASE.jar!/, jar:file:/E:/2zynt/工作项目/CRMEB-JAVA-ET-V1.2(2025.4.25)/et_java/crmeb-front/target/Crmeb-front.jar!/BOOT-INF/lib/spring-context-support-5.2.5.RELEASE.jar!/, jar:file:/E:/2zynt/工作项目/CRMEB-JAVA-ET-V1.2(2025.4.25)/et_java/crmeb-front/target/Crmeb-front.jar!/BOOT-INF/lib/jakarta.mail-1.6.5.jar!/, jar:file:/E:/2zynt/工作项目/CRMEB-JAVA-ET-V1.2(2025.4.25)/et_java/crmeb-front/target/Crmeb-front.jar!/BOOT-INF/lib/jakarta.activation-1.2.2.jar!/, jar:file:/E:/2zynt/工作项目/CRMEB-JAVA-ET-V1.2(2025.4.25)/et_java/crmeb-front/target/Crmeb-front.jar!/BOOT-INF/lib/checkout-sdk-1.0.4.jar!/, jar:file:/E:/2zynt/工作项目/CRMEB-JAVA-ET-V1.2(2025.4.25)/et_java/crmeb-front/target/Crmeb-front.jar!/BOOT-INF/lib/paypalhttp-1.0.2.jar!/, jar:file:/E:/2zynt/工作项目/CRMEB-JAVA-ET-V1.2(2025.4.25)/et_java/crmeb-front/target/Crmeb-front.jar!/BOOT-INF/lib/dysmsapi20170525-2.0.8.jar!/, jar:file:/E:/2zynt/工作项目/CRMEB-JAVA-ET-V1.2(2025.4.25)/et_java/crmeb-front/target/Crmeb-front.jar!/BOOT-INF/lib/tea-util-0.2.13.jar!/, jar:file:/E:/2zynt/工作项目/CRMEB-JAVA-ET-V1.2(2025.4.25)/et_java/crmeb-front/target/Crmeb-front.jar!/BOOT-INF/lib/endpoint-util-0.0.6.jar!/, jar:file:/E:/2zynt/工作项目/CRMEB-JAVA-ET-V1.2(2025.4.25)/et_java/crmeb-front/target/Crmeb-front.jar!/BOOT-INF/lib/tea-1.1.14.jar!/, jar:file:/E:/2zynt/工作项目/CRMEB-JAVA-ET-V1.2(2025.4.25)/et_java/crmeb-front/target/Crmeb-front.jar!/BOOT-INF/lib/org.jacoco.agent-0.8.4-runtime.jar!/, jar:file:/E:/2zynt/工作项目/CRMEB-JAVA-ET-V1.2(2025.4.25)/et_java/crmeb-front/target/Crmeb-front.jar!/BOOT-INF/lib/tea-openapi-0.1.6.jar!/, jar:file:/E:/2zynt/工作项目/CRMEB-JAVA-ET-V1.2(2025.4.25)/et_java/crmeb-front/target/Crmeb-front.jar!/BOOT-INF/lib/credentials-java-0.2.4.jar!/, jar:file:/E:/2zynt/工作项目/CRMEB-JAVA-ET-V1.2(2025.4.25)/et_java/crmeb-front/target/Crmeb-front.jar!/BOOT-INF/lib/ini4j-0.5.4.jar!/, jar:file:/E:/2zynt/工作项目/CRMEB-JAVA-ET-V1.2(2025.4.25)/et_java/crmeb-front/target/Crmeb-front.jar!/BOOT-INF/lib/jaxb-api-2.3.1.jar!/, jar:file:/E:/2zynt/工作项目/CRMEB-JAVA-ET-V1.2(2025.4.25)/et_java/crmeb-front/target/Crmeb-front.jar!/BOOT-INF/lib/javax.activation-api-1.2.0.jar!/, jar:file:/E:/2zynt/工作项目/CRMEB-JAVA-ET-V1.2(2025.4.25)/et_java/crmeb-front/target/Crmeb-front.jar!/BOOT-INF/lib/jaxb-core-2.3.0.jar!/, jar:file:/E:/2zynt/工作项目/CRMEB-JAVA-ET-V1.2(2025.4.25)/et_java/crmeb-front/target/Crmeb-front.jar!/BOOT-INF/lib/jaxb-impl-2.3.0.jar!/, jar:file:/E:/2zynt/工作项目/CRMEB-JAVA-ET-V1.2(2025.4.25)/et_java/crmeb-front/target/Crmeb-front.jar!/BOOT-INF/lib/openapiutil-0.1.13.jar!/, jar:file:/E:/2zynt/工作项目/CRMEB-JAVA-ET-V1.2(2025.4.25)/et_java/crmeb-front/target/Crmeb-front.jar!/BOOT-INF/lib/sdk-core-java-1.1.7.jar!/, jar:file:/E:/2zynt/工作项目/CRMEB-JAVA-ET-V1.2(2025.4.25)/et_java/crmeb-front/target/Crmeb-front.jar!/BOOT-INF/lib/juniversalchardet-1.0.3.jar!/, jar:file:/E:/2zynt/工作项目/CRMEB-JAVA-ET-V1.2(2025.4.25)/et_java/crmeb-front/target/Crmeb-front.jar!/BOOT-INF/lib/plexus-digest-1.0.jar!/, jar:file:/E:/2zynt/工作项目/CRMEB-JAVA-ET-V1.2(2025.4.25)/et_java/crmeb-front/target/Crmeb-front.jar!/BOOT-INF/lib/plexus-container-default-1.0-alpha-8.jar!/, jar:file:/E:/2zynt/工作项目/CRMEB-JAVA-ET-V1.2(2025.4.25)/et_java/crmeb-front/target/Crmeb-front.jar!/BOOT-INF/lib/plexus-utils-1.0.4.jar!/, jar:file:/E:/2zynt/工作项目/CRMEB-JAVA-ET-V1.2(2025.4.25)/et_java/crmeb-front/target/Crmeb-front.jar!/BOOT-INF/lib/classworlds-1.1-alpha-2.jar!/, jar:file:/E:/2zynt/工作项目/CRMEB-JAVA-ET-V1.2(2025.4.25)/et_java/crmeb-front/target/Crmeb-front.jar!/BOOT-INF/lib/stripe-java-20.124.0.jar!/, jar:file:/E:/2zynt/工作项目/CRMEB-JAVA-ET-V1.2(2025.4.25)/et_java/crmeb-front/target/Crmeb-front.jar!/BOOT-INF/lib/weixin-java-pay-4.5.0.jar!/, jar:file:/E:/2zynt/工作项目/CRMEB-JAVA-ET-V1.2(2025.4.25)/et_java/crmeb-front/target/Crmeb-front.jar!/BOOT-INF/lib/weixin-java-common-4.5.0.jar!/, jar:file:/E:/2zynt/工作项目/CRMEB-JAVA-ET-V1.2(2025.4.25)/et_java/crmeb-front/target/Crmeb-front.jar!/BOOT-INF/lib/jcl-over-slf4j-1.7.30.jar!/, jar:file:/E:/2zynt/工作项目/CRMEB-JAVA-ET-V1.2(2025.4.25)/et_java/crmeb-front/target/Crmeb-front.jar!/BOOT-INF/lib/dom4j-2.1.3.jar!/, jar:file:/E:/2zynt/工作项目/CRMEB-JAVA-ET-V1.2(2025.4.25)/et_java/crmeb-front/target/Crmeb-front.jar!/BOOT-INF/lib/qrcode-utils-1.1.jar!/, jar:file:/E:/2zynt/工作项目/CRMEB-JAVA-ET-V1.2(2025.4.25)/et_java/crmeb-front/target/Crmeb-front.jar!/BOOT-INF/lib/bcpkix-jdk15on-1.68.jar!/, jar:file:/E:/2zynt/工作项目/CRMEB-JAVA-ET-V1.2(2025.4.25)/et_java/crmeb-front/target/Crmeb-front.jar!/BOOT-INF/lib/jodd-http-6.2.1.jar!/, jar:file:/E:/2zynt/工作项目/CRMEB-JAVA-ET-V1.2(2025.4.25)/et_java/crmeb-front/target/Crmeb-front.jar!/BOOT-INF/lib/jodd-util-6.1.0.jar!/, jar:file:/E:/2zynt/工作项目/CRMEB-JAVA-ET-V1.2(2025.4.25)/et_java/crmeb-front/target/Crmeb-front.jar!/BOOT-INF/lib/javase-3.3.3.jar!/, jar:file:/E:/2zynt/工作项目/CRMEB-JAVA-ET-V1.2(2025.4.25)/et_java/crmeb-front/target/Crmeb-front.jar!/BOOT-INF/lib/core-3.3.3.jar!/, jar:file:/E:/2zynt/工作项目/CRMEB-JAVA-ET-V1.2(2025.4.25)/et_java/crmeb-front/target/Crmeb-front.jar!/BOOT-INF/lib/jcommander-1.72.jar!/, jar:file:/E:/2zynt/工作项目/CRMEB-JAVA-ET-V1.2(2025.4.25)/et_java/crmeb-front/target/Crmeb-front.jar!/BOOT-INF/lib/jai-imageio-core-1.4.0.jar!/, jar:file:/E:/2zynt/工作项目/CRMEB-JAVA-ET-V1.2(2025.4.25)/et_java/crmeb-front/target/Crmeb-front.jar!/BOOT-INF/lib/google-api-client-1.30.10.jar!/, jar:file:/E:/2zynt/工作项目/CRMEB-JAVA-ET-V1.2(2025.4.25)/et_java/crmeb-front/target/Crmeb-front.jar!/BOOT-INF/lib/google-oauth-client-1.31.0.jar!/, jar:file:/E:/2zynt/工作项目/CRMEB-JAVA-ET-V1.2(2025.4.25)/et_java/crmeb-front/target/Crmeb-front.jar!/BOOT-INF/lib/google-http-client-1.35.0.jar!/, jar:file:/E:/2zynt/工作项目/CRMEB-JAVA-ET-V1.2(2025.4.25)/et_java/crmeb-front/target/Crmeb-front.jar!/BOOT-INF/lib/opencensus-api-0.24.0.jar!/, jar:file:/E:/2zynt/工作项目/CRMEB-JAVA-ET-V1.2(2025.4.25)/et_java/crmeb-front/target/Crmeb-front.jar!/BOOT-INF/lib/grpc-context-1.22.1.jar!/, jar:file:/E:/2zynt/工作项目/CRMEB-JAVA-ET-V1.2(2025.4.25)/et_java/crmeb-front/target/Crmeb-front.jar!/BOOT-INF/lib/opencensus-contrib-http-util-0.24.0.jar!/, jar:file:/E:/2zynt/工作项目/CRMEB-JAVA-ET-V1.2(2025.4.25)/et_java/crmeb-front/target/Crmeb-front.jar!/BOOT-INF/lib/jsr305-3.0.2.jar!/, jar:file:/E:/2zynt/工作项目/CRMEB-JAVA-ET-V1.2(2025.4.25)/et_java/crmeb-front/target/Crmeb-front.jar!/BOOT-INF/lib/google-http-client-jackson2-1.36.0.jar!/, jar:file:/E:/2zynt/工作项目/CRMEB-JAVA-ET-V1.2(2025.4.25)/et_java/crmeb-front/target/Crmeb-front.jar!/BOOT-INF/lib/jackson-core-2.10.3.jar!/, jar:file:/E:/2zynt/工作项目/CRMEB-JAVA-ET-V1.2(2025.4.25)/et_java/crmeb-front/target/Crmeb-front.jar!/BOOT-INF/lib/guava-29.0-android.jar!/, jar:file:/E:/2zynt/工作项目/CRMEB-JAVA-ET-V1.2(2025.4.25)/et_java/crmeb-front/target/Crmeb-front.jar!/BOOT-INF/lib/failureaccess-1.0.1.jar!/, jar:file:/E:/2zynt/工作项目/CRMEB-JAVA-ET-V1.2(2025.4.25)/et_java/crmeb-front/target/Crmeb-front.jar!/BOOT-INF/lib/listenablefuture-9999.0-empty-to-avoid-conflict-with-guava.jar!/, jar:file:/E:/2zynt/工作项目/CRMEB-JAVA-ET-V1.2(2025.4.25)/et_java/crmeb-front/target/Crmeb-front.jar!/BOOT-INF/lib/checker-compat-qual-2.5.5.jar!/, jar:file:/E:/2zynt/工作项目/CRMEB-JAVA-ET-V1.2(2025.4.25)/et_java/crmeb-front/target/Crmeb-front.jar!/BOOT-INF/lib/error_prone_annotations-2.3.4.jar!/, jar:file:/E:/2zynt/工作项目/CRMEB-JAVA-ET-V1.2(2025.4.25)/et_java/crmeb-front/target/Crmeb-front.jar!/BOOT-INF/lib/j2objc-annotations-1.3.jar!/, jar:file:/E:/2zynt/工作项目/CRMEB-JAVA-ET-V1.2(2025.4.25)/et_java/crmeb-front/target/Crmeb-front.jar!/BOOT-INF/lib/twitter4j-core-4.0.7.jar!/, jar:file:/E:/2zynt/工作项目/CRMEB-JAVA-ET-V1.2(2025.4.25)/et_java/crmeb-front/target/Crmeb-front.jar!/BOOT-INF/lib/spring-boot-jarmode-layertools-2.6.6.jar!/]" }
                    
{
                    "app": "Crmeb",
                    "timestamp":"2025-09-18 18:57:10.004",
                    "level": "DEBUG",
                    "thread": "main",
                    "class": "o.springframework.boot.SpringApplication",
                    "message": "Loading source class com.zbkj.front.CrmebFrontApplication" }
                    
{
                    "app": "Crmeb",
                    "timestamp":"2025-09-18 18:57:10.050",
                    "level": "DEBUG",
                    "thread": "main",
                    "class": "o.s.b.c.c.ConfigFileApplicationListener",
                    "message": "Loaded config file 'jar:file:/E:/2zynt/%E5%B7%A5%E4%BD%9C%E9%A1%B9%E7%9B%AE/CRMEB-JAVA-ET-V1.2(2025.4.25)/et_java/crmeb-front/target/Crmeb-front.jar!/BOOT-INF/classes!/application.yml' (classpath:/application.yml)" }
                    
{
                    "app": "Crmeb",
                    "timestamp":"2025-09-18 18:57:10.051",
                    "level": "DEBUG",
                    "thread": "main",
                    "class": "o.s.b.w.s.c.AnnotationConfigServletWebServerApplicationContext",
                    "message": "Refreshing org.springframework.boot.web.servlet.context.AnnotationConfigServletWebServerApplicationContext@cb5822" }
                    
{
                    "app": "Crmeb",
                    "timestamp":"2025-09-18 18:57:12.185",
                    "level": "DEBUG",
                    "thread": "main",
                    "class": "o.s.b.w.e.t.TomcatServletWebServerFactory",
                    "message": "Code archive: E:\2zynt\工作项目\CRMEB-JAVA-ET-V1.2(2025.4.25)\et_java\crmeb-front\target\Crmeb-front.jar" }
                    
{
                    "app": "Crmeb",
                    "timestamp":"2025-09-18 18:57:12.186",
                    "level": "DEBUG",
                    "thread": "main",
                    "class": "o.s.b.w.e.t.TomcatServletWebServerFactory",
                    "message": "Code archive: E:\2zynt\工作项目\CRMEB-JAVA-ET-V1.2(2025.4.25)\et_java\crmeb-front\target\Crmeb-front.jar" }
                    
{
                    "app": "Crmeb",
                    "timestamp":"2025-09-18 18:57:12.188",
                    "level": "DEBUG",
                    "thread": "main",
                    "class": "o.s.b.w.e.t.TomcatServletWebServerFactory",
                    "message": "None of the document roots [src/main/webapp, public, static] point to a directory and will be ignored." }
                    
{
                    "app": "Crmeb",
                    "timestamp":"2025-09-18 18:57:12.687",
                    "level": "DEBUG",
                    "thread": "main",
                    "class": "o.s.web.context.ContextLoader",
                    "message": "Published root WebApplicationContext as ServletContext attribute with name [org.springframework.web.context.WebApplicationContext.ROOT]" }
                    
{
                    "app": "Crmeb",
                    "timestamp":"2025-09-18 18:57:13.170",
                    "level": "DEBUG",
                    "thread": "main",
                    "class": "o.s.b.w.s.ServletContextInitializerBeans",
                    "message": "Mapping filters: filterRegistrationBean urls=[/*] order=-2147483647, springSecurityFilterChain urls=[/*] order=-100, filterRegistrationBean urls=[/*] order=2147483647, filterRegistrationBean urls=[/*] order=2147483647, characterEncodingFilter urls=[/*] order=-2147483648, formContentFilter urls=[/*] order=-9900, requestContextFilter urls=[/*] order=-105, corsFilter urls=[/*] order=2147483647" }
                    
{
                    "app": "Crmeb",
                    "timestamp":"2025-09-18 18:57:13.171",
                    "level": "DEBUG",
                    "thread": "main",
                    "class": "o.s.b.w.s.ServletContextInitializerBeans",
                    "message": "Mapping servlets: statViewServlet urls=[/druid/*], dispatcherServlet urls=[/]" }
                    
{
                    "app": "Crmeb",
                    "timestamp":"2025-09-18 18:57:13.222",
                    "level": "DEBUG",
                    "thread": "main",
                    "class": "o.s.b.a.m.w.servlet.WebMvcMetricsFilter",
                    "message": "Filter 'webMvcMetricsFilter' configured for use" }
                    
{
                    "app": "Crmeb",
                    "timestamp":"2025-09-18 18:57:13.223",
                    "level": "DEBUG",
                    "thread": "main",
                    "class": "o.s.b.w.s.f.OrderedRequestContextFilter",
                    "message": "Filter 'requestContextFilter' configured for use" }
                    
{
                    "app": "Crmeb",
                    "timestamp":"2025-09-18 18:57:13.225",
                    "level": "DEBUG",
                    "thread": "main",
                    "class": "o.springframework.web.filter.CorsFilter",
                    "message": "Filter 'corsFilter' configured for use" }
                    
{
                    "app": "Crmeb",
                    "timestamp":"2025-09-18 18:57:13.225",
                    "level": "DEBUG",
                    "thread": "main",
                    "class": "o.s.b.w.s.f.OrderedCharacterEncodingFilter",
                    "message": "Filter 'characterEncodingFilter' configured for use" }
                    
{
                    "app": "Crmeb",
                    "timestamp":"2025-09-18 18:57:13.226",
                    "level": "DEBUG",
                    "thread": "main",
                    "class": "o.s.b.w.s.DelegatingFilterProxyRegistrationBean$1",
                    "message": "Filter 'springSecurityFilterChain' configured for use" }
                    
{
                    "app": "Crmeb",
                    "timestamp":"2025-09-18 18:57:13.226",
                    "level": "DEBUG",
                    "thread": "main",
                    "class": "o.s.b.w.s.f.OrderedFormContentFilter",
                    "message": "Filter 'formContentFilter' configured for use" }
                    
{
                    "app": "Crmeb",
                    "timestamp":"2025-09-18 18:57:18.773",
                    "level": "DEBUG",
                    "thread": "main",
                    "class": "o.s.w.s.m.m.a.RequestMappingHandlerMapping",
                    "message": "151 mappings in 'requestMappingHandlerMapping'" }
                    
{
                    "app": "Crmeb",
                    "timestamp":"2025-09-18 18:57:19.197",
                    "level": "DEBUG",
                    "thread": "main",
                    "class": "o.s.w.s.m.m.a.RequestMappingHandlerAdapter",
                    "message": "ControllerAdvice beans: 0 @ModelAttribute, 0 @InitBinder, 1 RequestBodyAdvice, 1 ResponseBodyAdvice" }
                    
{
                    "app": "Crmeb",
                    "timestamp":"2025-09-18 18:57:19.287",
                    "level": "DEBUG",
                    "thread": "main",
                    "class": "o.s.w.s.handler.SimpleUrlHandlerMapping",
                    "message": "Patterns [/webjars/**, /**, /doc.html] in 'resourceHandlerMapping'" }
                    
{
                    "app": "Crmeb",
                    "timestamp":"2025-09-18 18:57:19.308",
                    "level": "DEBUG",
                    "thread": "main",
                    "class": "o.s.w.s.m.m.a.ExceptionHandlerExceptionResolver",
                    "message": "ControllerAdvice beans: 1 @ExceptionHandler, 1 ResponseBodyAdvice" }
                    
{
                    "app": "Crmeb",
                    "timestamp":"2025-09-18 18:57:34.275",
                    "level": "DEBUG",
                    "thread": "http-nio-8081-exec-1",
                    "class": "o.s.web.servlet.DispatcherServlet",
                    "message": "Detected StandardServletMultipartResolver" }
                    
{
                    "app": "Crmeb",
                    "timestamp":"2025-09-18 18:57:34.276",
                    "level": "DEBUG",
                    "thread": "http-nio-8081-exec-1",
                    "class": "o.s.web.servlet.DispatcherServlet",
                    "message": "Detected I18nLocaleResolver" }
                    
{
                    "app": "Crmeb",
                    "timestamp":"2025-09-18 18:57:34.281",
                    "level": "DEBUG",
                    "thread": "http-nio-8081-exec-1",
                    "class": "o.s.web.servlet.DispatcherServlet",
                    "message": "enableLoggingRequestDetails='false': request parameters and headers will be masked to prevent unsafe logging of potentially sensitive data" }
                    
{
                    "app": "Crmeb",
                    "timestamp":"2025-09-18 18:57:34.315",
                    "level": "DEBUG",
                    "thread": "http-nio-8081-exec-9",
                    "class": "o.s.web.servlet.DispatcherServlet",
                    "message": "GET "/api/front/merchant/street", parameters={}" }
                    
{
                    "app": "Crmeb",
                    "timestamp":"2025-09-18 18:57:34.315",
                    "level": "DEBUG",
                    "thread": "http-nio-8081-exec-10",
                    "class": "o.s.web.servlet.DispatcherServlet",
                    "message": "GET "/api/front/index/product?page=1&limit=13", parameters={masked}" }
                    
{
                    "app": "Crmeb",
                    "timestamp":"2025-09-18 18:57:34.315",
                    "level": "DEBUG",
                    "thread": "http-nio-8081-exec-8",
                    "class": "o.s.web.servlet.DispatcherServlet",
                    "message": "GET "/api/front/activity/index/list", parameters={}" }
                    
{
                    "app": "Crmeb",
                    "timestamp":"2025-09-18 18:57:34.315",
                    "level": "DEBUG",
                    "thread": "http-nio-8081-exec-17",
                    "class": "o.s.web.servlet.DispatcherServlet",
                    "message": "GET "/api/front/product/leaderboard", parameters={}" }
                    
{
                    "app": "Crmeb",
                    "timestamp":"2025-09-18 18:57:34.315",
                    "level": "DEBUG",
                    "thread": "http-nio-8081-exec-6",
                    "class": "o.s.web.servlet.DispatcherServlet",
                    "message": "GET "/api/pc/home/index", parameters={}" }
                    
{
                    "app": "Crmeb",
                    "timestamp":"2025-09-18 18:57:34.319",
                    "level": "DEBUG",
                    "thread": "http-nio-8081-exec-8",
                    "class": "o.s.w.s.m.m.a.RequestMappingHandlerMapping",
                    "message": "Mapped to com.zbkj.front.controller.ActivityController#getIndexList()" }
                    
{
                    "app": "Crmeb",
                    "timestamp":"2025-09-18 18:57:34.319",
                    "level": "DEBUG",
                    "thread": "http-nio-8081-exec-10",
                    "class": "o.s.w.s.m.m.a.RequestMappingHandlerMapping",
                    "message": "Mapped to com.zbkj.front.controller.IndexController#getProductList(PageParamRequest)" }
                    
{
                    "app": "Crmeb",
                    "timestamp":"2025-09-18 18:57:34.319",
                    "level": "DEBUG",
                    "thread": "http-nio-8081-exec-17",
                    "class": "o.s.w.s.m.m.a.RequestMappingHandlerMapping",
                    "message": "Mapped to com.zbkj.front.controller.ProductController#getLeaderboard()" }
                    
{
                    "app": "Crmeb",
                    "timestamp":"2025-09-18 18:57:34.319",
                    "level": "DEBUG",
                    "thread": "http-nio-8081-exec-6",
                    "class": "o.s.w.s.m.m.a.RequestMappingHandlerMapping",
                    "message": "Mapped to com.zbkj.front.pc.controller.PcIndexController#getIndexInfo()" }
                    
{
                    "app": "Crmeb",
                    "timestamp":"2025-09-18 18:57:34.319",
                    "level": "DEBUG",
                    "thread": "http-nio-8081-exec-9",
                    "class": "o.s.w.s.m.m.a.RequestMappingHandlerMapping",
                    "message": "Mapped to com.zbkj.front.controller.MerchantController#getStreet(PageParamRequest)" }
                    
{
                    "app": "Crmeb",
                    "timestamp":"2025-09-18 18:57:34.577",
                    "level": "DEBUG",
                    "thread": "http-nio-8081-exec-17",
                    "class": "o.s.w.s.m.m.a.RequestResponseBodyMethodProcessor",
                    "message": "Using 'application/json', given [application/json, text/plain, */*] and supported [application/json, application/*+json, application/json, application/*+json]" }
                    
{
                    "app": "Crmeb",
                    "timestamp":"2025-09-18 18:57:34.578",
                    "level": "DEBUG",
                    "thread": "http-nio-8081-exec-17",
                    "class": "o.s.w.s.m.m.a.RequestResponseBodyMethodProcessor",
                    "message": "Writing [com.zbkj.common.response.CommonResult@21637101]" }
                    
{
                    "app": "Crmeb",
                    "timestamp":"2025-09-18 18:57:34.595",
                    "level": "DEBUG",
                    "thread": "http-nio-8081-exec-17",
                    "class": "o.s.web.servlet.DispatcherServlet",
                    "message": "Completed 200 OK" }
                    
{
                    "app": "Crmeb",
                    "timestamp":"2025-09-18 18:57:34.605",
                    "level": "DEBUG",
                    "thread": "http-nio-8081-exec-9",
                    "class": "o.s.w.s.m.m.a.RequestResponseBodyMethodProcessor",
                    "message": "Using 'application/json', given [application/json, text/plain, */*] and supported [application/json, application/*+json, application/json, application/*+json]" }
                    
{
                    "app": "Crmeb",
                    "timestamp":"2025-09-18 18:57:34.606",
                    "level": "DEBUG",
                    "thread": "http-nio-8081-exec-9",
                    "class": "o.s.w.s.m.m.a.RequestResponseBodyMethodProcessor",
                    "message": "Writing [com.zbkj.common.response.CommonResult@768b6171]" }
                    
{
                    "app": "Crmeb",
                    "timestamp":"2025-09-18 18:57:34.614",
                    "level": "DEBUG",
                    "thread": "http-nio-8081-exec-10",
                    "class": "o.s.w.s.m.m.a.ExceptionHandlerExceptionResolver",
                    "message": "Using @ExceptionHandler com.zbkj.common.exception.GlobalExceptionHandler#defaultExceptionHandler(Exception)" }
                    
{
                    "app": "Crmeb",
                    "timestamp":"2025-09-18 18:57:34.619",
                    "level": "DEBUG",
                    "thread": "http-nio-8081-exec-9",
                    "class": "o.s.web.servlet.DispatcherServlet",
                    "message": "Completed 200 OK" }
                    
{
                    "app": "Crmeb",
                    "timestamp":"2025-09-18 18:57:34.721",
                    "level": "DEBUG",
                    "thread": "http-nio-8081-exec-8",
                    "class": "o.s.w.s.m.m.a.RequestResponseBodyMethodProcessor",
                    "message": "Using 'application/json', given [application/json, text/plain, */*] and supported [application/json, application/*+json, application/json, application/*+json]" }
                    
{
                    "app": "Crmeb",
                    "timestamp":"2025-09-18 18:57:34.722",
                    "level": "DEBUG",
                    "thread": "http-nio-8081-exec-8",
                    "class": "o.s.w.s.m.m.a.RequestResponseBodyMethodProcessor",
                    "message": "Writing [com.zbkj.common.response.CommonResult@32acc8bf]" }
                    
{
                    "app": "Crmeb",
                    "timestamp":"2025-09-18 18:57:34.730",
                    "level": "DEBUG",
                    "thread": "http-nio-8081-exec-8",
                    "class": "o.s.web.servlet.DispatcherServlet",
                    "message": "Completed 200 OK" }
                    
{
                    "app": "Crmeb",
                    "timestamp":"2025-09-18 18:57:34.737",
                    "level": "DEBUG",
                    "thread": "http-nio-8081-exec-10",
                    "class": "o.s.w.s.m.m.a.RequestResponseBodyMethodProcessor",
                    "message": "Using 'application/json', given [application/json, text/plain, */*] and supported [application/json, application/*+json, application/json, application/*+json]" }
                    
{
                    "app": "Crmeb",
                    "timestamp":"2025-09-18 18:57:34.738",
                    "level": "DEBUG",
                    "thread": "http-nio-8081-exec-10",
                    "class": "o.s.w.s.m.m.a.RequestResponseBodyMethodProcessor",
                    "message": "Writing [com.zbkj.common.response.CommonResult@4024110d]" }
                    
{
                    "app": "Crmeb",
                    "timestamp":"2025-09-18 18:57:34.740",
                    "level": "DEBUG",
                    "thread": "http-nio-8081-exec-10",
                    "class": "o.s.w.s.m.m.a.ExceptionHandlerExceptionResolver",
                    "message": "Resolved [org.springframework.jdbc.BadSqlGrammarException: 
### Error querying database.  Cause: java.sql.SQLSyntaxErrorException: You have an error in your SQL syntax; check the manual that corresponds to your MySQL server version for the right syntax to use near 'DESC,id DESC LIMIT 13' at line 5
### The error may exist in com/zbkj/service/dao/StoreProductDao.java (best guess)
### The error may involve defaultParameterMap
### The error occurred while setting parameters
### SQL: SELECT   id,image,store_name,price,ot_price,sales,ficti   FROM eb_store_product     WHERE (is_del = ? AND is_recycle = ? AND is_show = ? AND is_forced = ? AND audit_status = ? AND stock > ?) ORDER BY rank DESC,id DESC LIMIT ?
### Cause: java.sql.SQLSyntaxErrorException: You have an error in your SQL syntax; check the manual that corresponds to your MySQL server version for the right syntax to use near 'DESC,id DESC LIMIT 13' at line 5
; bad SQL grammar []; nested exception is java.sql.SQLSyntaxErrorException: You have an error in your SQL syntax; check the manual that corresponds to your MySQL server version for the right syntax to use near 'DESC,id DESC LIMIT 13' at line 5]" }
                    
{
                    "app": "Crmeb",
                    "timestamp":"2025-09-18 18:57:34.741",
                    "level": "DEBUG",
                    "thread": "http-nio-8081-exec-10",
                    "class": "o.s.web.servlet.DispatcherServlet",
                    "message": "Completed 200 OK" }
                    
{
                    "app": "Crmeb",
                    "timestamp":"2025-09-18 18:57:34.752",
                    "level": "DEBUG",
                    "thread": "http-nio-8081-exec-12",
                    "class": "o.s.web.servlet.DispatcherServlet",
                    "message": "GET "/api/front/activity/index/list", parameters={}" }
                    
{
                    "app": "Crmeb",
                    "timestamp":"2025-09-18 18:57:34.753",
                    "level": "DEBUG",
                    "thread": "http-nio-8081-exec-12",
                    "class": "o.s.w.s.m.m.a.RequestMappingHandlerMapping",
                    "message": "Mapped to com.zbkj.front.controller.ActivityController#getIndexList()" }
                    
{
                    "app": "Crmeb",
                    "timestamp":"2025-09-18 18:57:34.827",
                    "level": "DEBUG",
                    "thread": "http-nio-8081-exec-14",
                    "class": "o.s.web.servlet.DispatcherServlet",
                    "message": "GET "/api/front/index/product?page=1&limit=13", parameters={masked}" }
                    
{
                    "app": "Crmeb",
                    "timestamp":"2025-09-18 18:57:34.831",
                    "level": "DEBUG",
                    "thread": "http-nio-8081-exec-14",
                    "class": "o.s.w.s.m.m.a.RequestMappingHandlerMapping",
                    "message": "Mapped to com.zbkj.front.controller.IndexController#getProductList(PageParamRequest)" }
                    
{
                    "app": "Crmeb",
                    "timestamp":"2025-09-18 18:57:34.831",
                    "level": "DEBUG",
                    "thread": "http-nio-8081-exec-23",
                    "class": "o.s.web.servlet.DispatcherServlet",
                    "message": "POST "/api/front/login/token/is/exist", parameters={}" }
                    
{
                    "app": "Crmeb",
                    "timestamp":"2025-09-18 18:57:34.831",
                    "level": "DEBUG",
                    "thread": "http-nio-8081-exec-19",
                    "class": "o.s.web.servlet.DispatcherServlet",
                    "message": "GET "/api/front/product/category", parameters={}" }
                    
{
                    "app": "Crmeb",
                    "timestamp":"2025-09-18 18:57:34.832",
                    "level": "DEBUG",
                    "thread": "http-nio-8081-exec-18",
                    "class": "o.s.web.servlet.DispatcherServlet",
                    "message": "GET "/api/front/search/keyword", parameters={}" }
                    
{
                    "app": "Crmeb",
                    "timestamp":"2025-09-18 18:57:34.836",
                    "level": "DEBUG",
                    "thread": "http-nio-8081-exec-23",
                    "class": "o.s.w.s.m.m.a.RequestMappingHandlerMapping",
                    "message": "Mapped to com.zbkj.front.controller.LoginController#tokenIsExist()" }
                    
{
                    "app": "Crmeb",
                    "timestamp":"2025-09-18 18:57:34.840",
                    "level": "DEBUG",
                    "thread": "http-nio-8081-exec-18",
                    "class": "o.s.w.s.m.m.a.RequestMappingHandlerMapping",
                    "message": "Mapped to com.zbkj.front.controller.IndexController#hotKeywords()" }
                    
{
                    "app": "Crmeb",
                    "timestamp":"2025-09-18 18:57:34.838",
                    "level": "DEBUG",
                    "thread": "http-nio-8081-exec-19",
                    "class": "o.s.w.s.m.m.a.RequestMappingHandlerMapping",
                    "message": "Mapped to com.zbkj.front.controller.ProductController#getCategory()" }
                    
{
                    "app": "Crmeb",
                    "timestamp":"2025-09-18 18:57:34.845",
                    "level": "DEBUG",
                    "thread": "http-nio-8081-exec-12",
                    "class": "o.s.w.s.m.m.a.RequestResponseBodyMethodProcessor",
                    "message": "Using 'application/json', given [application/json, text/plain, */*] and supported [application/json, application/*+json, application/json, application/*+json]" }
                    
{
                    "app": "Crmeb",
                    "timestamp":"2025-09-18 18:57:34.846",
                    "level": "DEBUG",
                    "thread": "http-nio-8081-exec-12",
                    "class": "o.s.w.s.m.m.a.RequestResponseBodyMethodProcessor",
                    "message": "Writing [com.zbkj.common.response.CommonResult@3085ed22]" }
                    
{
                    "app": "Crmeb",
                    "timestamp":"2025-09-18 18:57:34.848",
                    "level": "DEBUG",
                    "thread": "http-nio-8081-exec-12",
                    "class": "o.s.web.servlet.DispatcherServlet",
                    "message": "Completed 200 OK" }
                    
{
                    "app": "Crmeb",
                    "timestamp":"2025-09-18 18:57:34.848",
                    "level": "DEBUG",
                    "thread": "http-nio-8081-exec-14",
                    "class": "o.s.w.s.m.m.a.ExceptionHandlerExceptionResolver",
                    "message": "Using @ExceptionHandler com.zbkj.common.exception.GlobalExceptionHandler#defaultExceptionHandler(Exception)" }
                    
{
                    "app": "Crmeb",
                    "timestamp":"2025-09-18 18:57:34.855",
                    "level": "DEBUG",
                    "thread": "http-nio-8081-exec-23",
                    "class": "o.s.w.s.m.m.a.RequestResponseBodyMethodProcessor",
                    "message": "Using 'application/json', given [application/json, text/plain, */*] and supported [application/json, application/*+json, application/json, application/*+json]" }
                    
{
                    "app": "Crmeb",
                    "timestamp":"2025-09-18 18:57:34.857",
                    "level": "DEBUG",
                    "thread": "http-nio-8081-exec-23",
                    "class": "o.s.w.s.m.m.a.RequestResponseBodyMethodProcessor",
                    "message": "Writing [com.zbkj.common.response.CommonResult@f7cd683]" }
                    
{
                    "app": "Crmeb",
                    "timestamp":"2025-09-18 18:57:34.860",
                    "level": "DEBUG",
                    "thread": "http-nio-8081-exec-23",
                    "class": "o.s.web.servlet.DispatcherServlet",
                    "message": "Completed 200 OK" }
                    
{
                    "app": "Crmeb",
                    "timestamp":"2025-09-18 18:57:34.877",
                    "level": "DEBUG",
                    "thread": "http-nio-8081-exec-18",
                    "class": "o.s.w.s.m.m.a.RequestResponseBodyMethodProcessor",
                    "message": "Using 'application/json', given [application/json, text/plain, */*] and supported [application/json, application/*+json, application/json, application/*+json]" }
                    
{
                    "app": "Crmeb",
                    "timestamp":"2025-09-18 18:57:34.878",
                    "level": "DEBUG",
                    "thread": "http-nio-8081-exec-18",
                    "class": "o.s.w.s.m.m.a.RequestResponseBodyMethodProcessor",
                    "message": "Writing [com.zbkj.common.response.CommonResult@51f215a9]" }
                    
{
                    "app": "Crmeb",
                    "timestamp":"2025-09-18 18:57:34.883",
                    "level": "DEBUG",
                    "thread": "http-nio-8081-exec-18",
                    "class": "o.s.web.servlet.DispatcherServlet",
                    "message": "Completed 200 OK" }
                    
{
                    "app": "Crmeb",
                    "timestamp":"2025-09-18 18:57:34.909",
                    "level": "DEBUG",
                    "thread": "http-nio-8081-exec-6",
                    "class": "o.s.w.s.m.m.a.RequestResponseBodyMethodProcessor",
                    "message": "Using 'application/json', given [application/json, text/plain, */*] and supported [application/json, application/*+json, application/json, application/*+json]" }
                    
{
                    "app": "Crmeb",
                    "timestamp":"2025-09-18 18:57:34.910",
                    "level": "DEBUG",
                    "thread": "http-nio-8081-exec-6",
                    "class": "o.s.w.s.m.m.a.RequestResponseBodyMethodProcessor",
                    "message": "Writing [com.zbkj.common.response.CommonResult@2075af4e]" }
                    
{
                    "app": "Crmeb",
                    "timestamp":"2025-09-18 18:57:34.912",
                    "level": "DEBUG",
                    "thread": "http-nio-8081-exec-6",
                    "class": "o.s.web.servlet.DispatcherServlet",
                    "message": "Completed 200 OK" }
                    
{
                    "app": "Crmeb",
                    "timestamp":"2025-09-18 18:57:34.928",
                    "level": "DEBUG",
                    "thread": "http-nio-8081-exec-14",
                    "class": "o.s.w.s.m.m.a.RequestResponseBodyMethodProcessor",
                    "message": "Using 'application/json', given [application/json, text/plain, */*] and supported [application/json, application/*+json, application/json, application/*+json]" }
                    
{
                    "app": "Crmeb",
                    "timestamp":"2025-09-18 18:57:34.932",
                    "level": "DEBUG",
                    "thread": "http-nio-8081-exec-14",
                    "class": "o.s.w.s.m.m.a.RequestResponseBodyMethodProcessor",
                    "message": "Writing [com.zbkj.common.response.CommonResult@1b2005b2]" }
                    
{
                    "app": "Crmeb",
                    "timestamp":"2025-09-18 18:57:34.932",
                    "level": "DEBUG",
                    "thread": "http-nio-8081-exec-14",
                    "class": "o.s.w.s.m.m.a.ExceptionHandlerExceptionResolver",
                    "message": "Resolved [org.springframework.jdbc.BadSqlGrammarException: 
### Error querying database.  Cause: java.sql.SQLSyntaxErrorException: You have an error in your SQL syntax; check the manual that corresponds to your MySQL server version for the right syntax to use near 'DESC,id DESC LIMIT 13' at line 5
### The error may exist in com/zbkj/service/dao/StoreProductDao.java (best guess)
### The error may involve defaultParameterMap
### The error occurred while setting parameters
### SQL: SELECT   id,image,store_name,price,ot_price,sales,ficti   FROM eb_store_product     WHERE (is_del = ? AND is_recycle = ? AND is_show = ? AND is_forced = ? AND audit_status = ? AND stock > ?) ORDER BY rank DESC,id DESC LIMIT ?
### Cause: java.sql.SQLSyntaxErrorException: You have an error in your SQL syntax; check the manual that corresponds to your MySQL server version for the right syntax to use near 'DESC,id DESC LIMIT 13' at line 5
; bad SQL grammar []; nested exception is java.sql.SQLSyntaxErrorException: You have an error in your SQL syntax; check the manual that corresponds to your MySQL server version for the right syntax to use near 'DESC,id DESC LIMIT 13' at line 5]" }
                    
{
                    "app": "Crmeb",
                    "timestamp":"2025-09-18 18:57:34.933",
                    "level": "DEBUG",
                    "thread": "http-nio-8081-exec-14",
                    "class": "o.s.web.servlet.DispatcherServlet",
                    "message": "Completed 200 OK" }
                    
{
                    "app": "Crmeb",
                    "timestamp":"2025-09-18 18:57:35.056",
                    "level": "DEBUG",
                    "thread": "http-nio-8081-exec-19",
                    "class": "o.s.w.s.m.m.a.RequestResponseBodyMethodProcessor",
                    "message": "Using 'application/json', given [application/json, text/plain, */*] and supported [application/json, application/*+json, application/json, application/*+json]" }
                    
{
                    "app": "Crmeb",
                    "timestamp":"2025-09-18 18:57:35.056",
                    "level": "DEBUG",
                    "thread": "http-nio-8081-exec-19",
                    "class": "o.s.w.s.m.m.a.RequestResponseBodyMethodProcessor",
                    "message": "Writing [com.zbkj.common.response.CommonResult@686956a3]" }
                    
{
                    "app": "Crmeb",
                    "timestamp":"2025-09-18 18:57:35.058",
                    "level": "DEBUG",
                    "thread": "http-nio-8081-exec-19",
                    "class": "o.s.web.servlet.DispatcherServlet",
                    "message": "Completed 200 OK" }
                    
{
                    "app": "Crmeb",
                    "timestamp":"2025-09-18 18:57:41.767",
                    "level": "DEBUG",
                    "thread": "http-nio-8081-exec-28",
                    "class": "o.s.web.servlet.DispatcherServlet",
                    "message": "GET "/api/front/activity/index/list", parameters={}" }
                    
{
                    "app": "Crmeb",
                    "timestamp":"2025-09-18 18:57:41.767",
                    "level": "DEBUG",
                    "thread": "http-nio-8081-exec-27",
                    "class": "o.s.web.servlet.DispatcherServlet",
                    "message": "GET "/api/front/product/leaderboard", parameters={}" }
                    
{
                    "app": "Crmeb",
                    "timestamp":"2025-09-18 18:57:41.767",
                    "level": "DEBUG",
                    "thread": "http-nio-8081-exec-28",
                    "class": "o.s.w.s.m.m.a.RequestMappingHandlerMapping",
                    "message": "Mapped to com.zbkj.front.controller.ActivityController#getIndexList()" }
                    
{
                    "app": "Crmeb",
                    "timestamp":"2025-09-18 18:57:41.767",
                    "level": "DEBUG",
                    "thread": "http-nio-8081-exec-30",
                    "class": "o.s.web.servlet.DispatcherServlet",
                    "message": "GET "/api/front/index/product?page=1&limit=13", parameters={masked}" }
                    
{
                    "app": "Crmeb",
                    "timestamp":"2025-09-18 18:57:41.767",
                    "level": "DEBUG",
                    "thread": "http-nio-8081-exec-26",
                    "class": "o.s.web.servlet.DispatcherServlet",
                    "message": "GET "/api/pc/home/index", parameters={}" }
                    
{
                    "app": "Crmeb",
                    "timestamp":"2025-09-18 18:57:41.767",
                    "level": "DEBUG",
                    "thread": "http-nio-8081-exec-27",
                    "class": "o.s.w.s.m.m.a.RequestMappingHandlerMapping",
                    "message": "Mapped to com.zbkj.front.controller.ProductController#getLeaderboard()" }
                    
{
                    "app": "Crmeb",
                    "timestamp":"2025-09-18 18:57:41.768",
                    "level": "DEBUG",
                    "thread": "http-nio-8081-exec-29",
                    "class": "o.s.web.servlet.DispatcherServlet",
                    "message": "GET "/api/front/merchant/street", parameters={}" }
                    
{
                    "app": "Crmeb",
                    "timestamp":"2025-09-18 18:57:41.770",
                    "level": "DEBUG",
                    "thread": "http-nio-8081-exec-30",
                    "class": "o.s.w.s.m.m.a.RequestMappingHandlerMapping",
                    "message": "Mapped to com.zbkj.front.controller.IndexController#getProductList(PageParamRequest)" }
                    
{
                    "app": "Crmeb",
                    "timestamp":"2025-09-18 18:57:41.770",
                    "level": "DEBUG",
                    "thread": "http-nio-8081-exec-26",
                    "class": "o.s.w.s.m.m.a.RequestMappingHandlerMapping",
                    "message": "Mapped to com.zbkj.front.pc.controller.PcIndexController#getIndexInfo()" }
                    
{
                    "app": "Crmeb",
                    "timestamp":"2025-09-18 18:57:41.771",
                    "level": "DEBUG",
                    "thread": "http-nio-8081-exec-29",
                    "class": "o.s.w.s.m.m.a.RequestMappingHandlerMapping",
                    "message": "Mapped to com.zbkj.front.controller.MerchantController#getStreet(PageParamRequest)" }
                    
{
                    "app": "Crmeb",
                    "timestamp":"2025-09-18 18:57:41.788",
                    "level": "DEBUG",
                    "thread": "http-nio-8081-exec-30",
                    "class": "o.s.w.s.m.m.a.ExceptionHandlerExceptionResolver",
                    "message": "Using @ExceptionHandler com.zbkj.common.exception.GlobalExceptionHandler#defaultExceptionHandler(Exception)" }
                    
{
                    "app": "Crmeb",
                    "timestamp":"2025-09-18 18:57:41.798",
                    "level": "DEBUG",
                    "thread": "http-nio-8081-exec-27",
                    "class": "o.s.w.s.m.m.a.RequestResponseBodyMethodProcessor",
                    "message": "Using 'application/json', given [application/json, text/plain, */*] and supported [application/json, application/*+json, application/json, application/*+json]" }
                    
{
                    "app": "Crmeb",
                    "timestamp":"2025-09-18 18:57:41.800",
                    "level": "DEBUG",
                    "thread": "http-nio-8081-exec-27",
                    "class": "o.s.w.s.m.m.a.RequestResponseBodyMethodProcessor",
                    "message": "Writing [com.zbkj.common.response.CommonResult@4b862f0c]" }
                    
{
                    "app": "Crmeb",
                    "timestamp":"2025-09-18 18:57:41.804",
                    "level": "DEBUG",
                    "thread": "http-nio-8081-exec-27",
                    "class": "o.s.web.servlet.DispatcherServlet",
                    "message": "Completed 200 OK" }
                    
{
                    "app": "Crmeb",
                    "timestamp":"2025-09-18 18:57:41.824",
                    "level": "DEBUG",
                    "thread": "http-nio-8081-exec-29",
                    "class": "o.s.w.s.m.m.a.RequestResponseBodyMethodProcessor",
                    "message": "Using 'application/json', given [application/json, text/plain, */*] and supported [application/json, application/*+json, application/json, application/*+json]" }
                    
{
                    "app": "Crmeb",
                    "timestamp":"2025-09-18 18:57:41.824",
                    "level": "DEBUG",
                    "thread": "http-nio-8081-exec-29",
                    "class": "o.s.w.s.m.m.a.RequestResponseBodyMethodProcessor",
                    "message": "Writing [com.zbkj.common.response.CommonResult@5222ab71]" }
                    
{
                    "app": "Crmeb",
                    "timestamp":"2025-09-18 18:57:41.827",
                    "level": "DEBUG",
                    "thread": "http-nio-8081-exec-29",
                    "class": "o.s.web.servlet.DispatcherServlet",
                    "message": "Completed 200 OK" }
                    
{
                    "app": "Crmeb",
                    "timestamp":"2025-09-18 18:57:41.879",
                    "level": "DEBUG",
                    "thread": "http-nio-8081-exec-30",
                    "class": "o.s.w.s.m.m.a.RequestResponseBodyMethodProcessor",
                    "message": "Using 'application/json', given [application/json, text/plain, */*] and supported [application/json, application/*+json, application/json, application/*+json]" }
                    
{
                    "app": "Crmeb",
                    "timestamp":"2025-09-18 18:57:41.881",
                    "level": "DEBUG",
                    "thread": "http-nio-8081-exec-30",
                    "class": "o.s.w.s.m.m.a.RequestResponseBodyMethodProcessor",
                    "message": "Writing [com.zbkj.common.response.CommonResult@672543fe]" }
                    
{
                    "app": "Crmeb",
                    "timestamp":"2025-09-18 18:57:41.882",
                    "level": "DEBUG",
                    "thread": "http-nio-8081-exec-30",
                    "class": "o.s.w.s.m.m.a.ExceptionHandlerExceptionResolver",
                    "message": "Resolved [org.springframework.jdbc.BadSqlGrammarException: 
### Error querying database.  Cause: java.sql.SQLSyntaxErrorException: You have an error in your SQL syntax; check the manual that corresponds to your MySQL server version for the right syntax to use near 'DESC,id DESC LIMIT 13' at line 5
### The error may exist in com/zbkj/service/dao/StoreProductDao.java (best guess)
### The error may involve defaultParameterMap
### The error occurred while setting parameters
### SQL: SELECT   id,image,store_name,price,ot_price,sales,ficti   FROM eb_store_product     WHERE (is_del = ? AND is_recycle = ? AND is_show = ? AND is_forced = ? AND audit_status = ? AND stock > ?) ORDER BY rank DESC,id DESC LIMIT ?
### Cause: java.sql.SQLSyntaxErrorException: You have an error in your SQL syntax; check the manual that corresponds to your MySQL server version for the right syntax to use near 'DESC,id DESC LIMIT 13' at line 5
; bad SQL grammar []; nested exception is java.sql.SQLSyntaxErrorException: You have an error in your SQL syntax; check the manual that corresponds to your MySQL server version for the right syntax to use near 'DESC,id DESC LIMIT 13' at line 5]" }
                    
{
                    "app": "Crmeb",
                    "timestamp":"2025-09-18 18:57:41.882",
                    "level": "DEBUG",
                    "thread": "http-nio-8081-exec-30",
                    "class": "o.s.web.servlet.DispatcherServlet",
                    "message": "Completed 200 OK" }
                    
{
                    "app": "Crmeb",
                    "timestamp":"2025-09-18 18:57:41.896",
                    "level": "DEBUG",
                    "thread": "http-nio-8081-exec-28",
                    "class": "o.s.w.s.m.m.a.RequestResponseBodyMethodProcessor",
                    "message": "Using 'application/json', given [application/json, text/plain, */*] and supported [application/json, application/*+json, application/json, application/*+json]" }
                    
{
                    "app": "Crmeb",
                    "timestamp":"2025-09-18 18:57:41.900",
                    "level": "DEBUG",
                    "thread": "http-nio-8081-exec-28",
                    "class": "o.s.w.s.m.m.a.RequestResponseBodyMethodProcessor",
                    "message": "Writing [com.zbkj.common.response.CommonResult@5bf67d58]" }
                    
{
                    "app": "Crmeb",
                    "timestamp":"2025-09-18 18:57:41.901",
                    "level": "DEBUG",
                    "thread": "http-nio-8081-exec-28",
                    "class": "o.s.web.servlet.DispatcherServlet",
                    "message": "Completed 200 OK" }
                    
{
                    "app": "Crmeb",
                    "timestamp":"2025-09-18 18:57:41.903",
                    "level": "DEBUG",
                    "thread": "http-nio-8081-exec-26",
                    "class": "o.s.w.s.m.m.a.RequestResponseBodyMethodProcessor",
                    "message": "Using 'application/json', given [application/json, text/plain, */*] and supported [application/json, application/*+json, application/json, application/*+json]" }
                    
{
                    "app": "Crmeb",
                    "timestamp":"2025-09-18 18:57:41.904",
                    "level": "DEBUG",
                    "thread": "http-nio-8081-exec-26",
                    "class": "o.s.w.s.m.m.a.RequestResponseBodyMethodProcessor",
                    "message": "Writing [com.zbkj.common.response.CommonResult@10f8954f]" }
                    
{
                    "app": "Crmeb",
                    "timestamp":"2025-09-18 18:57:41.905",
                    "level": "DEBUG",
                    "thread": "http-nio-8081-exec-26",
                    "class": "o.s.web.servlet.DispatcherServlet",
                    "message": "Completed 200 OK" }
                    
{
                    "app": "Crmeb",
                    "timestamp":"2025-09-18 18:57:41.912",
                    "level": "DEBUG",
                    "thread": "http-nio-8081-exec-4",
                    "class": "o.s.web.servlet.DispatcherServlet",
                    "message": "GET "/api/front/index/product?page=1&limit=13", parameters={masked}" }
                    
{
                    "app": "Crmeb",
                    "timestamp":"2025-09-18 18:57:41.915",
                    "level": "DEBUG",
                    "thread": "http-nio-8081-exec-4",
                    "class": "o.s.w.s.m.m.a.RequestMappingHandlerMapping",
                    "message": "Mapped to com.zbkj.front.controller.IndexController#getProductList(PageParamRequest)" }
                    
{
                    "app": "Crmeb",
                    "timestamp":"2025-09-18 18:57:41.917",
                    "level": "DEBUG",
                    "thread": "http-nio-8081-exec-3",
                    "class": "o.s.web.servlet.DispatcherServlet",
                    "message": "GET "/api/front/product/category", parameters={}" }
                    
{
                    "app": "Crmeb",
                    "timestamp":"2025-09-18 18:57:41.917",
                    "level": "DEBUG",
                    "thread": "http-nio-8081-exec-17",
                    "class": "o.s.web.servlet.DispatcherServlet",
                    "message": "GET "/api/front/search/keyword", parameters={}" }
                    
{
                    "app": "Crmeb",
                    "timestamp":"2025-09-18 18:57:41.917",
                    "level": "DEBUG",
                    "thread": "http-nio-8081-exec-1",
                    "class": "o.s.web.servlet.DispatcherServlet",
                    "message": "POST "/api/front/login/token/is/exist", parameters={}" }
                    
{
                    "app": "Crmeb",
                    "timestamp":"2025-09-18 18:57:41.919",
                    "level": "DEBUG",
                    "thread": "http-nio-8081-exec-3",
                    "class": "o.s.w.s.m.m.a.RequestMappingHandlerMapping",
                    "message": "Mapped to com.zbkj.front.controller.ProductController#getCategory()" }
                    
{
                    "app": "Crmeb",
                    "timestamp":"2025-09-18 18:57:41.923",
                    "level": "DEBUG",
                    "thread": "http-nio-8081-exec-17",
                    "class": "o.s.w.s.m.m.a.RequestMappingHandlerMapping",
                    "message": "Mapped to com.zbkj.front.controller.IndexController#hotKeywords()" }
                    
{
                    "app": "Crmeb",
                    "timestamp":"2025-09-18 18:57:41.924",
                    "level": "DEBUG",
                    "thread": "http-nio-8081-exec-1",
                    "class": "o.s.w.s.m.m.a.RequestMappingHandlerMapping",
                    "message": "Mapped to com.zbkj.front.controller.LoginController#tokenIsExist()" }
                    
{
                    "app": "Crmeb",
                    "timestamp":"2025-09-18 18:57:41.933",
                    "level": "DEBUG",
                    "thread": "http-nio-8081-exec-9",
                    "class": "o.s.web.servlet.DispatcherServlet",
                    "message": "GET "/api/front/activity/index/list", parameters={}" }
                    
{
                    "app": "Crmeb",
                    "timestamp":"2025-09-18 18:57:41.937",
                    "level": "DEBUG",
                    "thread": "http-nio-8081-exec-4",
                    "class": "o.s.w.s.m.m.a.ExceptionHandlerExceptionResolver",
                    "message": "Using @ExceptionHandler com.zbkj.common.exception.GlobalExceptionHandler#defaultExceptionHandler(Exception)" }
                    
{
                    "app": "Crmeb",
                    "timestamp":"2025-09-18 18:57:41.937",
                    "level": "DEBUG",
                    "thread": "http-nio-8081-exec-1",
                    "class": "o.s.w.s.m.m.a.RequestResponseBodyMethodProcessor",
                    "message": "Using 'application/json', given [application/json, text/plain, */*] and supported [application/json, application/*+json, application/json, application/*+json]" }
                    
{
                    "app": "Crmeb",
                    "timestamp":"2025-09-18 18:57:41.938",
                    "level": "DEBUG",
                    "thread": "http-nio-8081-exec-9",
                    "class": "o.s.w.s.m.m.a.RequestMappingHandlerMapping",
                    "message": "Mapped to com.zbkj.front.controller.ActivityController#getIndexList()" }
                    
{
                    "app": "Crmeb",
                    "timestamp":"2025-09-18 18:57:41.941",
                    "level": "DEBUG",
                    "thread": "http-nio-8081-exec-1",
                    "class": "o.s.w.s.m.m.a.RequestResponseBodyMethodProcessor",
                    "message": "Writing [com.zbkj.common.response.CommonResult@188e7abd]" }
                    
{
                    "app": "Crmeb",
                    "timestamp":"2025-09-18 18:57:41.945",
                    "level": "DEBUG",
                    "thread": "http-nio-8081-exec-1",
                    "class": "o.s.web.servlet.DispatcherServlet",
                    "message": "Completed 200 OK" }
                    
{
                    "app": "Crmeb",
                    "timestamp":"2025-09-18 18:57:41.959",
                    "level": "DEBUG",
                    "thread": "http-nio-8081-exec-17",
                    "class": "o.s.w.s.m.m.a.RequestResponseBodyMethodProcessor",
                    "message": "Using 'application/json', given [application/json, text/plain, */*] and supported [application/json, application/*+json, application/json, application/*+json]" }
                    
{
                    "app": "Crmeb",
                    "timestamp":"2025-09-18 18:57:41.960",
                    "level": "DEBUG",
                    "thread": "http-nio-8081-exec-17",
                    "class": "o.s.w.s.m.m.a.RequestResponseBodyMethodProcessor",
                    "message": "Writing [com.zbkj.common.response.CommonResult@3a224b7c]" }
                    
{
                    "app": "Crmeb",
                    "timestamp":"2025-09-18 18:57:41.966",
                    "level": "DEBUG",
                    "thread": "http-nio-8081-exec-17",
                    "class": "o.s.web.servlet.DispatcherServlet",
                    "message": "Completed 200 OK" }
                    
{
                    "app": "Crmeb",
                    "timestamp":"2025-09-18 18:57:42.022",
                    "level": "DEBUG",
                    "thread": "http-nio-8081-exec-9",
                    "class": "o.s.w.s.m.m.a.RequestResponseBodyMethodProcessor",
                    "message": "Using 'application/json', given [application/json, text/plain, */*] and supported [application/json, application/*+json, application/json, application/*+json]" }
                    
{
                    "app": "Crmeb",
                    "timestamp":"2025-09-18 18:57:42.023",
                    "level": "DEBUG",
                    "thread": "http-nio-8081-exec-9",
                    "class": "o.s.w.s.m.m.a.RequestResponseBodyMethodProcessor",
                    "message": "Writing [com.zbkj.common.response.CommonResult@56e9dc7d]" }
                    
{
                    "app": "Crmeb",
                    "timestamp":"2025-09-18 18:57:42.023",
                    "level": "DEBUG",
                    "thread": "http-nio-8081-exec-9",
                    "class": "o.s.web.servlet.DispatcherServlet",
                    "message": "Completed 200 OK" }
                    
{
                    "app": "Crmeb",
                    "timestamp":"2025-09-18 18:57:42.100",
                    "level": "DEBUG",
                    "thread": "http-nio-8081-exec-4",
                    "class": "o.s.w.s.m.m.a.RequestResponseBodyMethodProcessor",
                    "message": "Using 'application/json', given [application/json, text/plain, */*] and supported [application/json, application/*+json, application/json, application/*+json]" }
                    
{
                    "app": "Crmeb",
                    "timestamp":"2025-09-18 18:57:42.101",
                    "level": "DEBUG",
                    "thread": "http-nio-8081-exec-4",
                    "class": "o.s.w.s.m.m.a.RequestResponseBodyMethodProcessor",
                    "message": "Writing [com.zbkj.common.response.CommonResult@5ef61357]" }
                    
{
                    "app": "Crmeb",
                    "timestamp":"2025-09-18 18:57:42.101",
                    "level": "DEBUG",
                    "thread": "http-nio-8081-exec-4",
                    "class": "o.s.w.s.m.m.a.ExceptionHandlerExceptionResolver",
                    "message": "Resolved [org.springframework.jdbc.BadSqlGrammarException: 
### Error querying database.  Cause: java.sql.SQLSyntaxErrorException: You have an error in your SQL syntax; check the manual that corresponds to your MySQL server version for the right syntax to use near 'DESC,id DESC LIMIT 13' at line 5
### The error may exist in com/zbkj/service/dao/StoreProductDao.java (best guess)
### The error may involve defaultParameterMap
### The error occurred while setting parameters
### SQL: SELECT   id,image,store_name,price,ot_price,sales,ficti   FROM eb_store_product     WHERE (is_del = ? AND is_recycle = ? AND is_show = ? AND is_forced = ? AND audit_status = ? AND stock > ?) ORDER BY rank DESC,id DESC LIMIT ?
### Cause: java.sql.SQLSyntaxErrorException: You have an error in your SQL syntax; check the manual that corresponds to your MySQL server version for the right syntax to use near 'DESC,id DESC LIMIT 13' at line 5
; bad SQL grammar []; nested exception is java.sql.SQLSyntaxErrorException: You have an error in your SQL syntax; check the manual that corresponds to your MySQL server version for the right syntax to use near 'DESC,id DESC LIMIT 13' at line 5]" }
                    
{
                    "app": "Crmeb",
                    "timestamp":"2025-09-18 18:57:42.101",
                    "level": "DEBUG",
                    "thread": "http-nio-8081-exec-4",
                    "class": "o.s.web.servlet.DispatcherServlet",
                    "message": "Completed 200 OK" }
                    
{
                    "app": "Crmeb",
                    "timestamp":"2025-09-18 18:57:42.144",
                    "level": "DEBUG",
                    "thread": "http-nio-8081-exec-3",
                    "class": "o.s.w.s.m.m.a.RequestResponseBodyMethodProcessor",
                    "message": "Using 'application/json', given [application/json, text/plain, */*] and supported [application/json, application/*+json, application/json, application/*+json]" }
                    
{
                    "app": "Crmeb",
                    "timestamp":"2025-09-18 18:57:42.145",
                    "level": "DEBUG",
                    "thread": "http-nio-8081-exec-3",
                    "class": "o.s.w.s.m.m.a.RequestResponseBodyMethodProcessor",
                    "message": "Writing [com.zbkj.common.response.CommonResult@1cb46222]" }
                    
{
                    "app": "Crmeb",
                    "timestamp":"2025-09-18 18:57:42.146",
                    "level": "DEBUG",
                    "thread": "http-nio-8081-exec-3",
                    "class": "o.s.web.servlet.DispatcherServlet",
                    "message": "Completed 200 OK" }
                    
{
                    "app": "Crmeb",
                    "timestamp":"2025-09-18 19:02:12.994",
                    "level": "DEBUG",
                    "thread": "main",
                    "class": "o.s.b.c.l.ClasspathLoggingApplicationListener",
                    "message": "Application started with classpath: [jar:file:/E:/2zynt/工作项目/CRMEB-JAVA-ET-V1.2(2025.4.25)/et_java/crmeb-front/target/Crmeb-front.jar!/BOOT-INF/classes!/, jar:file:/E:/2zynt/工作项目/CRMEB-JAVA-ET-V1.2(2025.4.25)/et_java/crmeb-front/target/Crmeb-front.jar!/BOOT-INF/lib/crmeb-service-0.0.1-SNAPSHOT.jar!/, jar:file:/E:/2zynt/工作项目/CRMEB-JAVA-ET-V1.2(2025.4.25)/et_java/crmeb-front/target/Crmeb-front.jar!/BOOT-INF/lib/crmeb-common-0.0.1-SNAPSHOT.jar!/, jar:file:/E:/2zynt/工作项目/CRMEB-JAVA-ET-V1.2(2025.4.25)/et_java/crmeb-front/target/Crmeb-front.jar!/BOOT-INF/lib/javax.servlet-api-4.0.1.jar!/, jar:file:/E:/2zynt/工作项目/CRMEB-JAVA-ET-V1.2(2025.4.25)/et_java/crmeb-front/target/Crmeb-front.jar!/BOOT-INF/lib/jstl-1.2.jar!/, jar:file:/E:/2zynt/工作项目/CRMEB-JAVA-ET-V1.2(2025.4.25)/et_java/crmeb-front/target/Crmeb-front.jar!/BOOT-INF/lib/tomcat-embed-jasper-9.0.33.jar!/, jar:file:/E:/2zynt/工作项目/CRMEB-JAVA-ET-V1.2(2025.4.25)/et_java/crmeb-front/target/Crmeb-front.jar!/BOOT-INF/lib/tomcat-embed-core-9.0.33.jar!/, jar:file:/E:/2zynt/工作项目/CRMEB-JAVA-ET-V1.2(2025.4.25)/et_java/crmeb-front/target/Crmeb-front.jar!/BOOT-INF/lib/tomcat-annotations-api-9.0.33.jar!/, jar:file:/E:/2zynt/工作项目/CRMEB-JAVA-ET-V1.2(2025.4.25)/et_java/crmeb-front/target/Crmeb-front.jar!/BOOT-INF/lib/tomcat-embed-el-9.0.33.jar!/, jar:file:/E:/2zynt/工作项目/CRMEB-JAVA-ET-V1.2(2025.4.25)/et_java/crmeb-front/target/Crmeb-front.jar!/BOOT-INF/lib/ecj-3.18.0.jar!/, jar:file:/E:/2zynt/工作项目/CRMEB-JAVA-ET-V1.2(2025.4.25)/et_java/crmeb-front/target/Crmeb-front.jar!/BOOT-INF/lib/tomcat-jsp-api-9.0.33.jar!/, jar:file:/E:/2zynt/工作项目/CRMEB-JAVA-ET-V1.2(2025.4.25)/et_java/crmeb-front/target/Crmeb-front.jar!/BOOT-INF/lib/tomcat-el-api-9.0.33.jar!/, jar:file:/E:/2zynt/工作项目/CRMEB-JAVA-ET-V1.2(2025.4.25)/et_java/crmeb-front/target/Crmeb-front.jar!/BOOT-INF/lib/tomcat-servlet-api-9.0.33.jar!/, jar:file:/E:/2zynt/工作项目/CRMEB-JAVA-ET-V1.2(2025.4.25)/et_java/crmeb-front/target/Crmeb-front.jar!/BOOT-INF/lib/fastjson-2.0.38.jar!/, jar:file:/E:/2zynt/工作项目/CRMEB-JAVA-ET-V1.2(2025.4.25)/et_java/crmeb-front/target/Crmeb-front.jar!/BOOT-INF/lib/fastjson2-extension-2.0.38.jar!/, jar:file:/E:/2zynt/工作项目/CRMEB-JAVA-ET-V1.2(2025.4.25)/et_java/crmeb-front/target/Crmeb-front.jar!/BOOT-INF/lib/fastjson2-2.0.38.jar!/, jar:file:/E:/2zynt/工作项目/CRMEB-JAVA-ET-V1.2(2025.4.25)/et_java/crmeb-front/target/Crmeb-front.jar!/BOOT-INF/lib/druid-1.1.20.jar!/, jar:file:/E:/2zynt/工作项目/CRMEB-JAVA-ET-V1.2(2025.4.25)/et_java/crmeb-front/target/Crmeb-front.jar!/BOOT-INF/lib/mysql-connector-j-8.0.33.jar!/, jar:file:/E:/2zynt/工作项目/CRMEB-JAVA-ET-V1.2(2025.4.25)/et_java/crmeb-front/target/Crmeb-front.jar!/BOOT-INF/lib/protobuf-java-3.21.9.jar!/, jar:file:/E:/2zynt/工作项目/CRMEB-JAVA-ET-V1.2(2025.4.25)/et_java/crmeb-front/target/Crmeb-front.jar!/BOOT-INF/lib/lombok-1.18.12.jar!/, jar:file:/E:/2zynt/工作项目/CRMEB-JAVA-ET-V1.2(2025.4.25)/et_java/crmeb-front/target/Crmeb-front.jar!/BOOT-INF/lib/mybatis-plus-boot-starter-3.3.1.jar!/, jar:file:/E:/2zynt/工作项目/CRMEB-JAVA-ET-V1.2(2025.4.25)/et_java/crmeb-front/target/Crmeb-front.jar!/BOOT-INF/lib/spring-boot-starter-jdbc-2.2.6.RELEASE.jar!/, jar:file:/E:/2zynt/工作项目/CRMEB-JAVA-ET-V1.2(2025.4.25)/et_java/crmeb-front/target/Crmeb-front.jar!/BOOT-INF/lib/HikariCP-3.4.2.jar!/, jar:file:/E:/2zynt/工作项目/CRMEB-JAVA-ET-V1.2(2025.4.25)/et_java/crmeb-front/target/Crmeb-front.jar!/BOOT-INF/lib/spring-jdbc-5.2.5.RELEASE.jar!/, jar:file:/E:/2zynt/工作项目/CRMEB-JAVA-ET-V1.2(2025.4.25)/et_java/crmeb-front/target/Crmeb-front.jar!/BOOT-INF/lib/spring-boot-test-2.2.6.RELEASE.jar!/, jar:file:/E:/2zynt/工作项目/CRMEB-JAVA-ET-V1.2(2025.4.25)/et_java/crmeb-front/target/Crmeb-front.jar!/BOOT-INF/lib/spring-boot-2.2.6.RELEASE.jar!/, jar:file:/E:/2zynt/工作项目/CRMEB-JAVA-ET-V1.2(2025.4.25)/et_java/crmeb-front/target/Crmeb-front.jar!/BOOT-INF/lib/spring-context-5.2.5.RELEASE.jar!/, jar:file:/E:/2zynt/工作项目/CRMEB-JAVA-ET-V1.2(2025.4.25)/et_java/crmeb-front/target/Crmeb-front.jar!/BOOT-INF/lib/spring-test-5.2.5.RELEASE.jar!/, jar:file:/E:/2zynt/工作项目/CRMEB-JAVA-ET-V1.2(2025.4.25)/et_java/crmeb-front/target/Crmeb-front.jar!/BOOT-INF/lib/spring-core-5.2.5.RELEASE.jar!/, jar:file:/E:/2zynt/工作项目/CRMEB-JAVA-ET-V1.2(2025.4.25)/et_java/crmeb-front/target/Crmeb-front.jar!/BOOT-INF/lib/spring-jcl-5.2.5.RELEASE.jar!/, jar:file:/E:/2zynt/工作项目/CRMEB-JAVA-ET-V1.2(2025.4.25)/et_java/crmeb-front/target/Crmeb-front.jar!/BOOT-INF/lib/mybatis-plus-3.3.1.jar!/, jar:file:/E:/2zynt/工作项目/CRMEB-JAVA-ET-V1.2(2025.4.25)/et_java/crmeb-front/target/Crmeb-front.jar!/BOOT-INF/lib/mybatis-plus-extension-3.3.1.jar!/, jar:file:/E:/2zynt/工作项目/CRMEB-JAVA-ET-V1.2(2025.4.25)/et_java/crmeb-front/target/Crmeb-front.jar!/BOOT-INF/lib/mybatis-plus-core-3.3.1.jar!/, jar:file:/E:/2zynt/工作项目/CRMEB-JAVA-ET-V1.2(2025.4.25)/et_java/crmeb-front/target/Crmeb-front.jar!/BOOT-INF/lib/mybatis-plus-annotation-3.3.1.jar!/, jar:file:/E:/2zynt/工作项目/CRMEB-JAVA-ET-V1.2(2025.4.25)/et_java/crmeb-front/target/Crmeb-front.jar!/BOOT-INF/lib/mybatis-3.5.3.jar!/, jar:file:/E:/2zynt/工作项目/CRMEB-JAVA-ET-V1.2(2025.4.25)/et_java/crmeb-front/target/Crmeb-front.jar!/BOOT-INF/lib/mybatis-spring-2.0.3.jar!/, jar:file:/E:/2zynt/工作项目/CRMEB-JAVA-ET-V1.2(2025.4.25)/et_java/crmeb-front/target/Crmeb-front.jar!/BOOT-INF/lib/mybatis-plus-generator-3.3.1.jar!/, jar:file:/E:/2zynt/工作项目/CRMEB-JAVA-ET-V1.2(2025.4.25)/et_java/crmeb-front/target/Crmeb-front.jar!/BOOT-INF/lib/swagger-annotations-1.5.21.jar!/, jar:file:/E:/2zynt/工作项目/CRMEB-JAVA-ET-V1.2(2025.4.25)/et_java/crmeb-front/target/Crmeb-front.jar!/BOOT-INF/lib/springfox-swagger2-2.9.2.jar!/, jar:file:/E:/2zynt/工作项目/CRMEB-JAVA-ET-V1.2(2025.4.25)/et_java/crmeb-front/target/Crmeb-front.jar!/BOOT-INF/lib/springfox-spi-2.9.2.jar!/, jar:file:/E:/2zynt/工作项目/CRMEB-JAVA-ET-V1.2(2025.4.25)/et_java/crmeb-front/target/Crmeb-front.jar!/BOOT-INF/lib/springfox-core-2.9.2.jar!/, jar:file:/E:/2zynt/工作项目/CRMEB-JAVA-ET-V1.2(2025.4.25)/et_java/crmeb-front/target/Crmeb-front.jar!/BOOT-INF/lib/byte-buddy-1.10.8.jar!/, jar:file:/E:/2zynt/工作项目/CRMEB-JAVA-ET-V1.2(2025.4.25)/et_java/crmeb-front/target/Crmeb-front.jar!/BOOT-INF/lib/springfox-schema-2.9.2.jar!/, jar:file:/E:/2zynt/工作项目/CRMEB-JAVA-ET-V1.2(2025.4.25)/et_java/crmeb-front/target/Crmeb-front.jar!/BOOT-INF/lib/springfox-swagger-common-2.9.2.jar!/, jar:file:/E:/2zynt/工作项目/CRMEB-JAVA-ET-V1.2(2025.4.25)/et_java/crmeb-front/target/Crmeb-front.jar!/BOOT-INF/lib/springfox-spring-web-2.9.2.jar!/, jar:file:/E:/2zynt/工作项目/CRMEB-JAVA-ET-V1.2(2025.4.25)/et_java/crmeb-front/target/Crmeb-front.jar!/BOOT-INF/lib/classmate-1.5.1.jar!/, jar:file:/E:/2zynt/工作项目/CRMEB-JAVA-ET-V1.2(2025.4.25)/et_java/crmeb-front/target/Crmeb-front.jar!/BOOT-INF/lib/slf4j-api-1.7.30.jar!/, jar:file:/E:/2zynt/工作项目/CRMEB-JAVA-ET-V1.2(2025.4.25)/et_java/crmeb-front/target/Crmeb-front.jar!/BOOT-INF/lib/spring-plugin-core-1.2.0.RELEASE.jar!/, jar:file:/E:/2zynt/工作项目/CRMEB-JAVA-ET-V1.2(2025.4.25)/et_java/crmeb-front/target/Crmeb-front.jar!/BOOT-INF/lib/spring-plugin-metadata-1.2.0.RELEASE.jar!/, jar:file:/E:/2zynt/工作项目/CRMEB-JAVA-ET-V1.2(2025.4.25)/et_java/crmeb-front/target/Crmeb-front.jar!/BOOT-INF/lib/mapstruct-1.2.0.Final.jar!/, jar:file:/E:/2zynt/工作项目/CRMEB-JAVA-ET-V1.2(2025.4.25)/et_java/crmeb-front/target/Crmeb-front.jar!/BOOT-INF/lib/swagger-models-1.5.22.jar!/, jar:file:/E:/2zynt/工作项目/CRMEB-JAVA-ET-V1.2(2025.4.25)/et_java/crmeb-front/target/Crmeb-front.jar!/BOOT-INF/lib/jackson-annotations-2.10.3.jar!/, jar:file:/E:/2zynt/工作项目/CRMEB-JAVA-ET-V1.2(2025.4.25)/et_java/crmeb-front/target/Crmeb-front.jar!/BOOT-INF/lib/swagger-bootstrap-ui-1.9.3.jar!/, jar:file:/E:/2zynt/工作项目/CRMEB-JAVA-ET-V1.2(2025.4.25)/et_java/crmeb-front/target/Crmeb-front.jar!/BOOT-INF/lib/spring-boot-autoconfigure-2.2.6.RELEASE.jar!/, jar:file:/E:/2zynt/工作项目/CRMEB-JAVA-ET-V1.2(2025.4.25)/et_java/crmeb-front/target/Crmeb-front.jar!/BOOT-INF/lib/logback-classic-1.2.3.jar!/, jar:file:/E:/2zynt/工作项目/CRMEB-JAVA-ET-V1.2(2025.4.25)/et_java/crmeb-front/target/Crmeb-front.jar!/BOOT-INF/lib/logback-core-1.2.3.jar!/, jar:file:/E:/2zynt/工作项目/CRMEB-JAVA-ET-V1.2(2025.4.25)/et_java/crmeb-front/target/Crmeb-front.jar!/BOOT-INF/lib/logstash-logback-encoder-5.3.jar!/, jar:file:/E:/2zynt/工作项目/CRMEB-JAVA-ET-V1.2(2025.4.25)/et_java/crmeb-front/target/Crmeb-front.jar!/BOOT-INF/lib/jackson-databind-2.10.3.jar!/, jar:file:/E:/2zynt/工作项目/CRMEB-JAVA-ET-V1.2(2025.4.25)/et_java/crmeb-front/target/Crmeb-front.jar!/BOOT-INF/lib/spring-boot-starter-web-2.2.6.RELEASE.jar!/, jar:file:/E:/2zynt/工作项目/CRMEB-JAVA-ET-V1.2(2025.4.25)/et_java/crmeb-front/target/Crmeb-front.jar!/BOOT-INF/lib/spring-boot-starter-2.2.6.RELEASE.jar!/, jar:file:/E:/2zynt/工作项目/CRMEB-JAVA-ET-V1.2(2025.4.25)/et_java/crmeb-front/target/Crmeb-front.jar!/BOOT-INF/lib/spring-boot-starter-logging-2.2.6.RELEASE.jar!/, jar:file:/E:/2zynt/工作项目/CRMEB-JAVA-ET-V1.2(2025.4.25)/et_java/crmeb-front/target/Crmeb-front.jar!/BOOT-INF/lib/log4j-to-slf4j-2.12.1.jar!/, jar:file:/E:/2zynt/工作项目/CRMEB-JAVA-ET-V1.2(2025.4.25)/et_java/crmeb-front/target/Crmeb-front.jar!/BOOT-INF/lib/log4j-api-2.12.1.jar!/, jar:file:/E:/2zynt/工作项目/CRMEB-JAVA-ET-V1.2(2025.4.25)/et_java/crmeb-front/target/Crmeb-front.jar!/BOOT-INF/lib/jul-to-slf4j-1.7.30.jar!/, jar:file:/E:/2zynt/工作项目/CRMEB-JAVA-ET-V1.2(2025.4.25)/et_java/crmeb-front/target/Crmeb-front.jar!/BOOT-INF/lib/jakarta.annotation-api-1.3.5.jar!/, jar:file:/E:/2zynt/工作项目/CRMEB-JAVA-ET-V1.2(2025.4.25)/et_java/crmeb-front/target/Crmeb-front.jar!/BOOT-INF/lib/snakeyaml-1.25.jar!/, jar:file:/E:/2zynt/工作项目/CRMEB-JAVA-ET-V1.2(2025.4.25)/et_java/crmeb-front/target/Crmeb-front.jar!/BOOT-INF/lib/spring-boot-starter-json-2.2.6.RELEASE.jar!/, jar:file:/E:/2zynt/工作项目/CRMEB-JAVA-ET-V1.2(2025.4.25)/et_java/crmeb-front/target/Crmeb-front.jar!/BOOT-INF/lib/jackson-datatype-jdk8-2.10.3.jar!/, jar:file:/E:/2zynt/工作项目/CRMEB-JAVA-ET-V1.2(2025.4.25)/et_java/crmeb-front/target/Crmeb-front.jar!/BOOT-INF/lib/jackson-datatype-jsr310-2.10.3.jar!/, jar:file:/E:/2zynt/工作项目/CRMEB-JAVA-ET-V1.2(2025.4.25)/et_java/crmeb-front/target/Crmeb-front.jar!/BOOT-INF/lib/jackson-module-parameter-names-2.10.3.jar!/, jar:file:/E:/2zynt/工作项目/CRMEB-JAVA-ET-V1.2(2025.4.25)/et_java/crmeb-front/target/Crmeb-front.jar!/BOOT-INF/lib/spring-boot-starter-tomcat-2.2.6.RELEASE.jar!/, jar:file:/E:/2zynt/工作项目/CRMEB-JAVA-ET-V1.2(2025.4.25)/et_java/crmeb-front/target/Crmeb-front.jar!/BOOT-INF/lib/tomcat-embed-websocket-9.0.33.jar!/, jar:file:/E:/2zynt/工作项目/CRMEB-JAVA-ET-V1.2(2025.4.25)/et_java/crmeb-front/target/Crmeb-front.jar!/BOOT-INF/lib/spring-boot-starter-validation-2.2.6.RELEASE.jar!/, jar:file:/E:/2zynt/工作项目/CRMEB-JAVA-ET-V1.2(2025.4.25)/et_java/crmeb-front/target/Crmeb-front.jar!/BOOT-INF/lib/jakarta.validation-api-2.0.2.jar!/, jar:file:/E:/2zynt/工作项目/CRMEB-JAVA-ET-V1.2(2025.4.25)/et_java/crmeb-front/target/Crmeb-front.jar!/BOOT-INF/lib/hibernate-validator-6.0.18.Final.jar!/, jar:file:/E:/2zynt/工作项目/CRMEB-JAVA-ET-V1.2(2025.4.25)/et_java/crmeb-front/target/Crmeb-front.jar!/BOOT-INF/lib/jboss-logging-3.4.1.Final.jar!/, jar:file:/E:/2zynt/工作项目/CRMEB-JAVA-ET-V1.2(2025.4.25)/et_java/crmeb-front/target/Crmeb-front.jar!/BOOT-INF/lib/spring-web-5.2.5.RELEASE.jar!/, jar:file:/E:/2zynt/工作项目/CRMEB-JAVA-ET-V1.2(2025.4.25)/et_java/crmeb-front/target/Crmeb-front.jar!/BOOT-INF/lib/spring-webmvc-5.2.5.RELEASE.jar!/, jar:file:/E:/2zynt/工作项目/CRMEB-JAVA-ET-V1.2(2025.4.25)/et_java/crmeb-front/target/Crmeb-front.jar!/BOOT-INF/lib/spring-expression-5.2.5.RELEASE.jar!/, jar:file:/E:/2zynt/工作项目/CRMEB-JAVA-ET-V1.2(2025.4.25)/et_java/crmeb-front/target/Crmeb-front.jar!/BOOT-INF/lib/spring-boot-starter-data-redis-2.2.0.RELEASE.jar!/, jar:file:/E:/2zynt/工作项目/CRMEB-JAVA-ET-V1.2(2025.4.25)/et_java/crmeb-front/target/Crmeb-front.jar!/BOOT-INF/lib/spring-data-redis-2.2.6.RELEASE.jar!/, jar:file:/E:/2zynt/工作项目/CRMEB-JAVA-ET-V1.2(2025.4.25)/et_java/crmeb-front/target/Crmeb-front.jar!/BOOT-INF/lib/spring-data-keyvalue-2.2.6.RELEASE.jar!/, jar:file:/E:/2zynt/工作项目/CRMEB-JAVA-ET-V1.2(2025.4.25)/et_java/crmeb-front/target/Crmeb-front.jar!/BOOT-INF/lib/spring-tx-5.2.5.RELEASE.jar!/, jar:file:/E:/2zynt/工作项目/CRMEB-JAVA-ET-V1.2(2025.4.25)/et_java/crmeb-front/target/Crmeb-front.jar!/BOOT-INF/lib/spring-oxm-5.2.5.RELEASE.jar!/, jar:file:/E:/2zynt/工作项目/CRMEB-JAVA-ET-V1.2(2025.4.25)/et_java/crmeb-front/target/Crmeb-front.jar!/BOOT-INF/lib/lettuce-core-5.2.2.RELEASE.jar!/, jar:file:/E:/2zynt/工作项目/CRMEB-JAVA-ET-V1.2(2025.4.25)/et_java/crmeb-front/target/Crmeb-front.jar!/BOOT-INF/lib/netty-common-4.1.48.Final.jar!/, jar:file:/E:/2zynt/工作项目/CRMEB-JAVA-ET-V1.2(2025.4.25)/et_java/crmeb-front/target/Crmeb-front.jar!/BOOT-INF/lib/netty-handler-4.1.48.Final.jar!/, jar:file:/E:/2zynt/工作项目/CRMEB-JAVA-ET-V1.2(2025.4.25)/et_java/crmeb-front/target/Crmeb-front.jar!/BOOT-INF/lib/netty-resolver-4.1.48.Final.jar!/, jar:file:/E:/2zynt/工作项目/CRMEB-JAVA-ET-V1.2(2025.4.25)/et_java/crmeb-front/target/Crmeb-front.jar!/BOOT-INF/lib/netty-buffer-4.1.48.Final.jar!/, jar:file:/E:/2zynt/工作项目/CRMEB-JAVA-ET-V1.2(2025.4.25)/et_java/crmeb-front/target/Crmeb-front.jar!/BOOT-INF/lib/netty-codec-4.1.48.Final.jar!/, jar:file:/E:/2zynt/工作项目/CRMEB-JAVA-ET-V1.2(2025.4.25)/et_java/crmeb-front/target/Crmeb-front.jar!/BOOT-INF/lib/netty-transport-4.1.48.Final.jar!/, jar:file:/E:/2zynt/工作项目/CRMEB-JAVA-ET-V1.2(2025.4.25)/et_java/crmeb-front/target/Crmeb-front.jar!/BOOT-INF/lib/reactor-core-3.3.4.RELEASE.jar!/, jar:file:/E:/2zynt/工作项目/CRMEB-JAVA-ET-V1.2(2025.4.25)/et_java/crmeb-front/target/Crmeb-front.jar!/BOOT-INF/lib/reactive-streams-1.0.3.jar!/, jar:file:/E:/2zynt/工作项目/CRMEB-JAVA-ET-V1.2(2025.4.25)/et_java/crmeb-front/target/Crmeb-front.jar!/BOOT-INF/lib/jedis-3.1.0.jar!/, jar:file:/E:/2zynt/工作项目/CRMEB-JAVA-ET-V1.2(2025.4.25)/et_java/crmeb-front/target/Crmeb-front.jar!/BOOT-INF/lib/commons-pool2-2.7.0.jar!/, jar:file:/E:/2zynt/工作项目/CRMEB-JAVA-ET-V1.2(2025.4.25)/et_java/crmeb-front/target/Crmeb-front.jar!/BOOT-INF/lib/pagehelper-spring-boot-starter-1.2.5.jar!/, jar:file:/E:/2zynt/工作项目/CRMEB-JAVA-ET-V1.2(2025.4.25)/et_java/crmeb-front/target/Crmeb-front.jar!/BOOT-INF/lib/mybatis-spring-boot-starter-1.3.2.jar!/, jar:file:/E:/2zynt/工作项目/CRMEB-JAVA-ET-V1.2(2025.4.25)/et_java/crmeb-front/target/Crmeb-front.jar!/BOOT-INF/lib/mybatis-spring-boot-autoconfigure-1.3.2.jar!/, jar:file:/E:/2zynt/工作项目/CRMEB-JAVA-ET-V1.2(2025.4.25)/et_java/crmeb-front/target/Crmeb-front.jar!/BOOT-INF/lib/pagehelper-spring-boot-autoconfigure-1.2.5.jar!/, jar:file:/E:/2zynt/工作项目/CRMEB-JAVA-ET-V1.2(2025.4.25)/et_java/crmeb-front/target/Crmeb-front.jar!/BOOT-INF/lib/pagehelper-5.1.4.jar!/, jar:file:/E:/2zynt/工作项目/CRMEB-JAVA-ET-V1.2(2025.4.25)/et_java/crmeb-front/target/Crmeb-front.jar!/BOOT-INF/lib/jsqlparser-1.0.jar!/, jar:file:/E:/2zynt/工作项目/CRMEB-JAVA-ET-V1.2(2025.4.25)/et_java/crmeb-front/target/Crmeb-front.jar!/BOOT-INF/lib/validation-api-1.1.0.Final.jar!/, jar:file:/E:/2zynt/工作项目/CRMEB-JAVA-ET-V1.2(2025.4.25)/et_java/crmeb-front/target/Crmeb-front.jar!/BOOT-INF/lib/spring-data-commons-2.2.6.RELEASE.jar!/, jar:file:/E:/2zynt/工作项目/CRMEB-JAVA-ET-V1.2(2025.4.25)/et_java/crmeb-front/target/Crmeb-front.jar!/BOOT-INF/lib/spring-beans-5.2.5.RELEASE.jar!/, jar:file:/E:/2zynt/工作项目/CRMEB-JAVA-ET-V1.2(2025.4.25)/et_java/crmeb-front/target/Crmeb-front.jar!/BOOT-INF/lib/hutool-all-4.5.7.jar!/, jar:file:/E:/2zynt/工作项目/CRMEB-JAVA-ET-V1.2(2025.4.25)/et_java/crmeb-front/target/Crmeb-front.jar!/BOOT-INF/lib/spring-boot-starter-actuator-2.2.6.RELEASE.jar!/, jar:file:/E:/2zynt/工作项目/CRMEB-JAVA-ET-V1.2(2025.4.25)/et_java/crmeb-front/target/Crmeb-front.jar!/BOOT-INF/lib/spring-boot-actuator-autoconfigure-2.2.6.RELEASE.jar!/, jar:file:/E:/2zynt/工作项目/CRMEB-JAVA-ET-V1.2(2025.4.25)/et_java/crmeb-front/target/Crmeb-front.jar!/BOOT-INF/lib/spring-boot-actuator-2.2.6.RELEASE.jar!/, jar:file:/E:/2zynt/工作项目/CRMEB-JAVA-ET-V1.2(2025.4.25)/et_java/crmeb-front/target/Crmeb-front.jar!/BOOT-INF/lib/micrometer-core-1.3.6.jar!/, jar:file:/E:/2zynt/工作项目/CRMEB-JAVA-ET-V1.2(2025.4.25)/et_java/crmeb-front/target/Crmeb-front.jar!/BOOT-INF/lib/HdrHistogram-2.1.11.jar!/, jar:file:/E:/2zynt/工作项目/CRMEB-JAVA-ET-V1.2(2025.4.25)/et_java/crmeb-front/target/Crmeb-front.jar!/BOOT-INF/lib/LatencyUtils-2.0.3.jar!/, jar:file:/E:/2zynt/工作项目/CRMEB-JAVA-ET-V1.2(2025.4.25)/et_java/crmeb-front/target/Crmeb-front.jar!/BOOT-INF/lib/httpclient-4.5.6.jar!/, jar:file:/E:/2zynt/工作项目/CRMEB-JAVA-ET-V1.2(2025.4.25)/et_java/crmeb-front/target/Crmeb-front.jar!/BOOT-INF/lib/httpcore-4.4.13.jar!/, jar:file:/E:/2zynt/工作项目/CRMEB-JAVA-ET-V1.2(2025.4.25)/et_java/crmeb-front/target/Crmeb-front.jar!/BOOT-INF/lib/commons-logging-1.2.jar!/, jar:file:/E:/2zynt/工作项目/CRMEB-JAVA-ET-V1.2(2025.4.25)/et_java/crmeb-front/target/Crmeb-front.jar!/BOOT-INF/lib/commons-codec-1.13.jar!/, jar:file:/E:/2zynt/工作项目/CRMEB-JAVA-ET-V1.2(2025.4.25)/et_java/crmeb-front/target/Crmeb-front.jar!/BOOT-INF/lib/spring-boot-starter-aop-2.2.6.RELEASE.jar!/, jar:file:/E:/2zynt/工作项目/CRMEB-JAVA-ET-V1.2(2025.4.25)/et_java/crmeb-front/target/Crmeb-front.jar!/BOOT-INF/lib/spring-aop-5.2.5.RELEASE.jar!/, jar:file:/E:/2zynt/工作项目/CRMEB-JAVA-ET-V1.2(2025.4.25)/et_java/crmeb-front/target/Crmeb-front.jar!/BOOT-INF/lib/aspectjweaver-1.9.5.jar!/, jar:file:/E:/2zynt/工作项目/CRMEB-JAVA-ET-V1.2(2025.4.25)/et_java/crmeb-front/target/Crmeb-front.jar!/BOOT-INF/lib/commons-lang3-3.10.jar!/, jar:file:/E:/2zynt/工作项目/CRMEB-JAVA-ET-V1.2(2025.4.25)/et_java/crmeb-front/target/Crmeb-front.jar!/BOOT-INF/lib/poi-3.17.jar!/, jar:file:/E:/2zynt/工作项目/CRMEB-JAVA-ET-V1.2(2025.4.25)/et_java/crmeb-front/target/Crmeb-front.jar!/BOOT-INF/lib/commons-collections4-4.1.jar!/, jar:file:/E:/2zynt/工作项目/CRMEB-JAVA-ET-V1.2(2025.4.25)/et_java/crmeb-front/target/Crmeb-front.jar!/BOOT-INF/lib/poi-ooxml-3.17.jar!/, jar:file:/E:/2zynt/工作项目/CRMEB-JAVA-ET-V1.2(2025.4.25)/et_java/crmeb-front/target/Crmeb-front.jar!/BOOT-INF/lib/poi-ooxml-schemas-3.17.jar!/, jar:file:/E:/2zynt/工作项目/CRMEB-JAVA-ET-V1.2(2025.4.25)/et_java/crmeb-front/target/Crmeb-front.jar!/BOOT-INF/lib/xmlbeans-2.6.0.jar!/, jar:file:/E:/2zynt/工作项目/CRMEB-JAVA-ET-V1.2(2025.4.25)/et_java/crmeb-front/target/Crmeb-front.jar!/BOOT-INF/lib/curvesapi-1.04.jar!/, jar:file:/E:/2zynt/工作项目/CRMEB-JAVA-ET-V1.2(2025.4.25)/et_java/crmeb-front/target/Crmeb-front.jar!/BOOT-INF/lib/commons-fileupload-1.3.3.jar!/, jar:file:/E:/2zynt/工作项目/CRMEB-JAVA-ET-V1.2(2025.4.25)/et_java/crmeb-front/target/Crmeb-front.jar!/BOOT-INF/lib/commons-io-2.4.jar!/, jar:file:/E:/2zynt/工作项目/CRMEB-JAVA-ET-V1.2(2025.4.25)/et_java/crmeb-front/target/Crmeb-front.jar!/BOOT-INF/lib/aliyun-sdk-oss-3.5.0.jar!/, jar:file:/E:/2zynt/工作项目/CRMEB-JAVA-ET-V1.2(2025.4.25)/et_java/crmeb-front/target/Crmeb-front.jar!/BOOT-INF/lib/jdom-1.1.jar!/, jar:file:/E:/2zynt/工作项目/CRMEB-JAVA-ET-V1.2(2025.4.25)/et_java/crmeb-front/target/Crmeb-front.jar!/BOOT-INF/lib/jettison-1.1.jar!/, jar:file:/E:/2zynt/工作项目/CRMEB-JAVA-ET-V1.2(2025.4.25)/et_java/crmeb-front/target/Crmeb-front.jar!/BOOT-INF/lib/stax-api-1.0.1.jar!/, jar:file:/E:/2zynt/工作项目/CRMEB-JAVA-ET-V1.2(2025.4.25)/et_java/crmeb-front/target/Crmeb-front.jar!/BOOT-INF/lib/aliyun-java-sdk-core-3.4.0.jar!/, jar:file:/E:/2zynt/工作项目/CRMEB-JAVA-ET-V1.2(2025.4.25)/et_java/crmeb-front/target/Crmeb-front.jar!/BOOT-INF/lib/aliyun-java-sdk-ram-3.0.0.jar!/, jar:file:/E:/2zynt/工作项目/CRMEB-JAVA-ET-V1.2(2025.4.25)/et_java/crmeb-front/target/Crmeb-front.jar!/BOOT-INF/lib/aliyun-java-sdk-sts-3.0.0.jar!/, jar:file:/E:/2zynt/工作项目/CRMEB-JAVA-ET-V1.2(2025.4.25)/et_java/crmeb-front/target/Crmeb-front.jar!/BOOT-INF/lib/aliyun-java-sdk-ecs-4.2.0.jar!/, jar:file:/E:/2zynt/工作项目/CRMEB-JAVA-ET-V1.2(2025.4.25)/et_java/crmeb-front/target/Crmeb-front.jar!/BOOT-INF/lib/cos_api-5.6.22.jar!/, jar:file:/E:/2zynt/工作项目/CRMEB-JAVA-ET-V1.2(2025.4.25)/et_java/crmeb-front/target/Crmeb-front.jar!/BOOT-INF/lib/joda-time-2.10.5.jar!/, jar:file:/E:/2zynt/工作项目/CRMEB-JAVA-ET-V1.2(2025.4.25)/et_java/crmeb-front/target/Crmeb-front.jar!/BOOT-INF/lib/bcprov-jdk15on-1.64.jar!/, jar:file:/E:/2zynt/工作项目/CRMEB-JAVA-ET-V1.2(2025.4.25)/et_java/crmeb-front/target/Crmeb-front.jar!/BOOT-INF/lib/qiniu-java-sdk-7.2.28.jar!/, jar:file:/E:/2zynt/工作项目/CRMEB-JAVA-ET-V1.2(2025.4.25)/et_java/crmeb-front/target/Crmeb-front.jar!/BOOT-INF/lib/okhttp-3.14.7.jar!/, jar:file:/E:/2zynt/工作项目/CRMEB-JAVA-ET-V1.2(2025.4.25)/et_java/crmeb-front/target/Crmeb-front.jar!/BOOT-INF/lib/okio-1.17.2.jar!/, jar:file:/E:/2zynt/工作项目/CRMEB-JAVA-ET-V1.2(2025.4.25)/et_java/crmeb-front/target/Crmeb-front.jar!/BOOT-INF/lib/gson-2.8.6.jar!/, jar:file:/E:/2zynt/工作项目/CRMEB-JAVA-ET-V1.2(2025.4.25)/et_java/crmeb-front/target/Crmeb-front.jar!/BOOT-INF/lib/dom4j-1.6.1.jar!/, jar:file:/E:/2zynt/工作项目/CRMEB-JAVA-ET-V1.2(2025.4.25)/et_java/crmeb-front/target/Crmeb-front.jar!/BOOT-INF/lib/xml-apis-1.0.b2.jar!/, jar:file:/E:/2zynt/工作项目/CRMEB-JAVA-ET-V1.2(2025.4.25)/et_java/crmeb-front/target/Crmeb-front.jar!/BOOT-INF/lib/xstream-1.4.10.jar!/, jar:file:/E:/2zynt/工作项目/CRMEB-JAVA-ET-V1.2(2025.4.25)/et_java/crmeb-front/target/Crmeb-front.jar!/BOOT-INF/lib/xmlpull-1.1.3.1.jar!/, jar:file:/E:/2zynt/工作项目/CRMEB-JAVA-ET-V1.2(2025.4.25)/et_java/crmeb-front/target/Crmeb-front.jar!/BOOT-INF/lib/xpp3_min-1.1.4c.jar!/, jar:file:/E:/2zynt/工作项目/CRMEB-JAVA-ET-V1.2(2025.4.25)/et_java/crmeb-front/target/Crmeb-front.jar!/BOOT-INF/lib/httpmime-4.5.2.jar!/, jar:file:/E:/2zynt/工作项目/CRMEB-JAVA-ET-V1.2(2025.4.25)/et_java/crmeb-front/target/Crmeb-front.jar!/BOOT-INF/lib/jjwt-0.9.1.jar!/, jar:file:/E:/2zynt/工作项目/CRMEB-JAVA-ET-V1.2(2025.4.25)/et_java/crmeb-front/target/Crmeb-front.jar!/BOOT-INF/lib/jwks-rsa-0.9.0.jar!/, jar:file:/E:/2zynt/工作项目/CRMEB-JAVA-ET-V1.2(2025.4.25)/et_java/crmeb-front/target/Crmeb-front.jar!/BOOT-INF/lib/spring-boot-starter-security-2.2.6.RELEASE.jar!/, jar:file:/E:/2zynt/工作项目/CRMEB-JAVA-ET-V1.2(2025.4.25)/et_java/crmeb-front/target/Crmeb-front.jar!/BOOT-INF/lib/spring-security-config-5.2.2.RELEASE.jar!/, jar:file:/E:/2zynt/工作项目/CRMEB-JAVA-ET-V1.2(2025.4.25)/et_java/crmeb-front/target/Crmeb-front.jar!/BOOT-INF/lib/spring-security-core-5.2.2.RELEASE.jar!/, jar:file:/E:/2zynt/工作项目/CRMEB-JAVA-ET-V1.2(2025.4.25)/et_java/crmeb-front/target/Crmeb-front.jar!/BOOT-INF/lib/spring-security-web-5.2.2.RELEASE.jar!/, jar:file:/E:/2zynt/工作项目/CRMEB-JAVA-ET-V1.2(2025.4.25)/et_java/crmeb-front/target/Crmeb-front.jar!/BOOT-INF/lib/spring-boot-starter-mail-2.2.6.RELEASE.jar!/, jar:file:/E:/2zynt/工作项目/CRMEB-JAVA-ET-V1.2(2025.4.25)/et_java/crmeb-front/target/Crmeb-front.jar!/BOOT-INF/lib/spring-context-support-5.2.5.RELEASE.jar!/, jar:file:/E:/2zynt/工作项目/CRMEB-JAVA-ET-V1.2(2025.4.25)/et_java/crmeb-front/target/Crmeb-front.jar!/BOOT-INF/lib/jakarta.mail-1.6.5.jar!/, jar:file:/E:/2zynt/工作项目/CRMEB-JAVA-ET-V1.2(2025.4.25)/et_java/crmeb-front/target/Crmeb-front.jar!/BOOT-INF/lib/jakarta.activation-1.2.2.jar!/, jar:file:/E:/2zynt/工作项目/CRMEB-JAVA-ET-V1.2(2025.4.25)/et_java/crmeb-front/target/Crmeb-front.jar!/BOOT-INF/lib/checkout-sdk-1.0.4.jar!/, jar:file:/E:/2zynt/工作项目/CRMEB-JAVA-ET-V1.2(2025.4.25)/et_java/crmeb-front/target/Crmeb-front.jar!/BOOT-INF/lib/paypalhttp-1.0.2.jar!/, jar:file:/E:/2zynt/工作项目/CRMEB-JAVA-ET-V1.2(2025.4.25)/et_java/crmeb-front/target/Crmeb-front.jar!/BOOT-INF/lib/dysmsapi20170525-2.0.8.jar!/, jar:file:/E:/2zynt/工作项目/CRMEB-JAVA-ET-V1.2(2025.4.25)/et_java/crmeb-front/target/Crmeb-front.jar!/BOOT-INF/lib/tea-util-0.2.13.jar!/, jar:file:/E:/2zynt/工作项目/CRMEB-JAVA-ET-V1.2(2025.4.25)/et_java/crmeb-front/target/Crmeb-front.jar!/BOOT-INF/lib/endpoint-util-0.0.6.jar!/, jar:file:/E:/2zynt/工作项目/CRMEB-JAVA-ET-V1.2(2025.4.25)/et_java/crmeb-front/target/Crmeb-front.jar!/BOOT-INF/lib/tea-1.1.14.jar!/, jar:file:/E:/2zynt/工作项目/CRMEB-JAVA-ET-V1.2(2025.4.25)/et_java/crmeb-front/target/Crmeb-front.jar!/BOOT-INF/lib/org.jacoco.agent-0.8.4-runtime.jar!/, jar:file:/E:/2zynt/工作项目/CRMEB-JAVA-ET-V1.2(2025.4.25)/et_java/crmeb-front/target/Crmeb-front.jar!/BOOT-INF/lib/tea-openapi-0.1.6.jar!/, jar:file:/E:/2zynt/工作项目/CRMEB-JAVA-ET-V1.2(2025.4.25)/et_java/crmeb-front/target/Crmeb-front.jar!/BOOT-INF/lib/credentials-java-0.2.4.jar!/, jar:file:/E:/2zynt/工作项目/CRMEB-JAVA-ET-V1.2(2025.4.25)/et_java/crmeb-front/target/Crmeb-front.jar!/BOOT-INF/lib/ini4j-0.5.4.jar!/, jar:file:/E:/2zynt/工作项目/CRMEB-JAVA-ET-V1.2(2025.4.25)/et_java/crmeb-front/target/Crmeb-front.jar!/BOOT-INF/lib/jaxb-api-2.3.1.jar!/, jar:file:/E:/2zynt/工作项目/CRMEB-JAVA-ET-V1.2(2025.4.25)/et_java/crmeb-front/target/Crmeb-front.jar!/BOOT-INF/lib/javax.activation-api-1.2.0.jar!/, jar:file:/E:/2zynt/工作项目/CRMEB-JAVA-ET-V1.2(2025.4.25)/et_java/crmeb-front/target/Crmeb-front.jar!/BOOT-INF/lib/jaxb-core-2.3.0.jar!/, jar:file:/E:/2zynt/工作项目/CRMEB-JAVA-ET-V1.2(2025.4.25)/et_java/crmeb-front/target/Crmeb-front.jar!/BOOT-INF/lib/jaxb-impl-2.3.0.jar!/, jar:file:/E:/2zynt/工作项目/CRMEB-JAVA-ET-V1.2(2025.4.25)/et_java/crmeb-front/target/Crmeb-front.jar!/BOOT-INF/lib/openapiutil-0.1.13.jar!/, jar:file:/E:/2zynt/工作项目/CRMEB-JAVA-ET-V1.2(2025.4.25)/et_java/crmeb-front/target/Crmeb-front.jar!/BOOT-INF/lib/sdk-core-java-1.1.7.jar!/, jar:file:/E:/2zynt/工作项目/CRMEB-JAVA-ET-V1.2(2025.4.25)/et_java/crmeb-front/target/Crmeb-front.jar!/BOOT-INF/lib/juniversalchardet-1.0.3.jar!/, jar:file:/E:/2zynt/工作项目/CRMEB-JAVA-ET-V1.2(2025.4.25)/et_java/crmeb-front/target/Crmeb-front.jar!/BOOT-INF/lib/plexus-digest-1.0.jar!/, jar:file:/E:/2zynt/工作项目/CRMEB-JAVA-ET-V1.2(2025.4.25)/et_java/crmeb-front/target/Crmeb-front.jar!/BOOT-INF/lib/plexus-container-default-1.0-alpha-8.jar!/, jar:file:/E:/2zynt/工作项目/CRMEB-JAVA-ET-V1.2(2025.4.25)/et_java/crmeb-front/target/Crmeb-front.jar!/BOOT-INF/lib/plexus-utils-1.0.4.jar!/, jar:file:/E:/2zynt/工作项目/CRMEB-JAVA-ET-V1.2(2025.4.25)/et_java/crmeb-front/target/Crmeb-front.jar!/BOOT-INF/lib/classworlds-1.1-alpha-2.jar!/, jar:file:/E:/2zynt/工作项目/CRMEB-JAVA-ET-V1.2(2025.4.25)/et_java/crmeb-front/target/Crmeb-front.jar!/BOOT-INF/lib/stripe-java-20.124.0.jar!/, jar:file:/E:/2zynt/工作项目/CRMEB-JAVA-ET-V1.2(2025.4.25)/et_java/crmeb-front/target/Crmeb-front.jar!/BOOT-INF/lib/weixin-java-pay-4.5.0.jar!/, jar:file:/E:/2zynt/工作项目/CRMEB-JAVA-ET-V1.2(2025.4.25)/et_java/crmeb-front/target/Crmeb-front.jar!/BOOT-INF/lib/weixin-java-common-4.5.0.jar!/, jar:file:/E:/2zynt/工作项目/CRMEB-JAVA-ET-V1.2(2025.4.25)/et_java/crmeb-front/target/Crmeb-front.jar!/BOOT-INF/lib/jcl-over-slf4j-1.7.30.jar!/, jar:file:/E:/2zynt/工作项目/CRMEB-JAVA-ET-V1.2(2025.4.25)/et_java/crmeb-front/target/Crmeb-front.jar!/BOOT-INF/lib/dom4j-2.1.3.jar!/, jar:file:/E:/2zynt/工作项目/CRMEB-JAVA-ET-V1.2(2025.4.25)/et_java/crmeb-front/target/Crmeb-front.jar!/BOOT-INF/lib/qrcode-utils-1.1.jar!/, jar:file:/E:/2zynt/工作项目/CRMEB-JAVA-ET-V1.2(2025.4.25)/et_java/crmeb-front/target/Crmeb-front.jar!/BOOT-INF/lib/bcpkix-jdk15on-1.68.jar!/, jar:file:/E:/2zynt/工作项目/CRMEB-JAVA-ET-V1.2(2025.4.25)/et_java/crmeb-front/target/Crmeb-front.jar!/BOOT-INF/lib/jodd-http-6.2.1.jar!/, jar:file:/E:/2zynt/工作项目/CRMEB-JAVA-ET-V1.2(2025.4.25)/et_java/crmeb-front/target/Crmeb-front.jar!/BOOT-INF/lib/jodd-util-6.1.0.jar!/, jar:file:/E:/2zynt/工作项目/CRMEB-JAVA-ET-V1.2(2025.4.25)/et_java/crmeb-front/target/Crmeb-front.jar!/BOOT-INF/lib/javase-3.3.3.jar!/, jar:file:/E:/2zynt/工作项目/CRMEB-JAVA-ET-V1.2(2025.4.25)/et_java/crmeb-front/target/Crmeb-front.jar!/BOOT-INF/lib/core-3.3.3.jar!/, jar:file:/E:/2zynt/工作项目/CRMEB-JAVA-ET-V1.2(2025.4.25)/et_java/crmeb-front/target/Crmeb-front.jar!/BOOT-INF/lib/jcommander-1.72.jar!/, jar:file:/E:/2zynt/工作项目/CRMEB-JAVA-ET-V1.2(2025.4.25)/et_java/crmeb-front/target/Crmeb-front.jar!/BOOT-INF/lib/jai-imageio-core-1.4.0.jar!/, jar:file:/E:/2zynt/工作项目/CRMEB-JAVA-ET-V1.2(2025.4.25)/et_java/crmeb-front/target/Crmeb-front.jar!/BOOT-INF/lib/google-api-client-1.30.10.jar!/, jar:file:/E:/2zynt/工作项目/CRMEB-JAVA-ET-V1.2(2025.4.25)/et_java/crmeb-front/target/Crmeb-front.jar!/BOOT-INF/lib/google-oauth-client-1.31.0.jar!/, jar:file:/E:/2zynt/工作项目/CRMEB-JAVA-ET-V1.2(2025.4.25)/et_java/crmeb-front/target/Crmeb-front.jar!/BOOT-INF/lib/google-http-client-1.35.0.jar!/, jar:file:/E:/2zynt/工作项目/CRMEB-JAVA-ET-V1.2(2025.4.25)/et_java/crmeb-front/target/Crmeb-front.jar!/BOOT-INF/lib/opencensus-api-0.24.0.jar!/, jar:file:/E:/2zynt/工作项目/CRMEB-JAVA-ET-V1.2(2025.4.25)/et_java/crmeb-front/target/Crmeb-front.jar!/BOOT-INF/lib/grpc-context-1.22.1.jar!/, jar:file:/E:/2zynt/工作项目/CRMEB-JAVA-ET-V1.2(2025.4.25)/et_java/crmeb-front/target/Crmeb-front.jar!/BOOT-INF/lib/opencensus-contrib-http-util-0.24.0.jar!/, jar:file:/E:/2zynt/工作项目/CRMEB-JAVA-ET-V1.2(2025.4.25)/et_java/crmeb-front/target/Crmeb-front.jar!/BOOT-INF/lib/jsr305-3.0.2.jar!/, jar:file:/E:/2zynt/工作项目/CRMEB-JAVA-ET-V1.2(2025.4.25)/et_java/crmeb-front/target/Crmeb-front.jar!/BOOT-INF/lib/google-http-client-jackson2-1.36.0.jar!/, jar:file:/E:/2zynt/工作项目/CRMEB-JAVA-ET-V1.2(2025.4.25)/et_java/crmeb-front/target/Crmeb-front.jar!/BOOT-INF/lib/jackson-core-2.10.3.jar!/, jar:file:/E:/2zynt/工作项目/CRMEB-JAVA-ET-V1.2(2025.4.25)/et_java/crmeb-front/target/Crmeb-front.jar!/BOOT-INF/lib/guava-29.0-android.jar!/, jar:file:/E:/2zynt/工作项目/CRMEB-JAVA-ET-V1.2(2025.4.25)/et_java/crmeb-front/target/Crmeb-front.jar!/BOOT-INF/lib/failureaccess-1.0.1.jar!/, jar:file:/E:/2zynt/工作项目/CRMEB-JAVA-ET-V1.2(2025.4.25)/et_java/crmeb-front/target/Crmeb-front.jar!/BOOT-INF/lib/listenablefuture-9999.0-empty-to-avoid-conflict-with-guava.jar!/, jar:file:/E:/2zynt/工作项目/CRMEB-JAVA-ET-V1.2(2025.4.25)/et_java/crmeb-front/target/Crmeb-front.jar!/BOOT-INF/lib/checker-compat-qual-2.5.5.jar!/, jar:file:/E:/2zynt/工作项目/CRMEB-JAVA-ET-V1.2(2025.4.25)/et_java/crmeb-front/target/Crmeb-front.jar!/BOOT-INF/lib/error_prone_annotations-2.3.4.jar!/, jar:file:/E:/2zynt/工作项目/CRMEB-JAVA-ET-V1.2(2025.4.25)/et_java/crmeb-front/target/Crmeb-front.jar!/BOOT-INF/lib/j2objc-annotations-1.3.jar!/, jar:file:/E:/2zynt/工作项目/CRMEB-JAVA-ET-V1.2(2025.4.25)/et_java/crmeb-front/target/Crmeb-front.jar!/BOOT-INF/lib/twitter4j-core-4.0.7.jar!/, jar:file:/E:/2zynt/工作项目/CRMEB-JAVA-ET-V1.2(2025.4.25)/et_java/crmeb-front/target/Crmeb-front.jar!/BOOT-INF/lib/spring-boot-jarmode-layertools-2.6.6.jar!/]" }
                    
{
                    "app": "Crmeb",
                    "timestamp":"2025-09-18 19:02:13.093",
                    "level": "DEBUG",
                    "thread": "main",
                    "class": "o.springframework.boot.SpringApplication",
                    "message": "Loading source class com.zbkj.front.CrmebFrontApplication" }
                    
{
                    "app": "Crmeb",
                    "timestamp":"2025-09-18 19:02:13.143",
                    "level": "DEBUG",
                    "thread": "main",
                    "class": "o.s.b.c.c.ConfigFileApplicationListener",
                    "message": "Loaded config file 'jar:file:/E:/2zynt/%E5%B7%A5%E4%BD%9C%E9%A1%B9%E7%9B%AE/CRMEB-JAVA-ET-V1.2(2025.4.25)/et_java/crmeb-front/target/Crmeb-front.jar!/BOOT-INF/classes!/application.yml' (classpath:/application.yml)" }
                    
{
                    "app": "Crmeb",
                    "timestamp":"2025-09-18 19:02:13.144",
                    "level": "DEBUG",
                    "thread": "main",
                    "class": "o.s.b.w.s.c.AnnotationConfigServletWebServerApplicationContext",
                    "message": "Refreshing org.springframework.boot.web.servlet.context.AnnotationConfigServletWebServerApplicationContext@675d3402" }
                    
{
                    "app": "Crmeb",
                    "timestamp":"2025-09-18 19:02:15.346",
                    "level": "DEBUG",
                    "thread": "main",
                    "class": "o.s.b.w.e.t.TomcatServletWebServerFactory",
                    "message": "Code archive: E:\2zynt\工作项目\CRMEB-JAVA-ET-V1.2(2025.4.25)\et_java\crmeb-front\target\Crmeb-front.jar" }
                    
{
                    "app": "Crmeb",
                    "timestamp":"2025-09-18 19:02:15.347",
                    "level": "DEBUG",
                    "thread": "main",
                    "class": "o.s.b.w.e.t.TomcatServletWebServerFactory",
                    "message": "Code archive: E:\2zynt\工作项目\CRMEB-JAVA-ET-V1.2(2025.4.25)\et_java\crmeb-front\target\Crmeb-front.jar" }
                    
{
                    "app": "Crmeb",
                    "timestamp":"2025-09-18 19:02:15.349",
                    "level": "DEBUG",
                    "thread": "main",
                    "class": "o.s.b.w.e.t.TomcatServletWebServerFactory",
                    "message": "None of the document roots [src/main/webapp, public, static] point to a directory and will be ignored." }
                    
{
                    "app": "Crmeb",
                    "timestamp":"2025-09-18 19:02:15.841",
                    "level": "DEBUG",
                    "thread": "main",
                    "class": "o.s.web.context.ContextLoader",
                    "message": "Published root WebApplicationContext as ServletContext attribute with name [org.springframework.web.context.WebApplicationContext.ROOT]" }
                    
{
                    "app": "Crmeb",
                    "timestamp":"2025-09-18 19:02:16.380",
                    "level": "DEBUG",
                    "thread": "main",
                    "class": "o.s.b.w.s.ServletContextInitializerBeans",
                    "message": "Mapping filters: filterRegistrationBean urls=[/*] order=-2147483647, springSecurityFilterChain urls=[/*] order=-100, filterRegistrationBean urls=[/*] order=2147483647, filterRegistrationBean urls=[/*] order=2147483647, characterEncodingFilter urls=[/*] order=-2147483648, formContentFilter urls=[/*] order=-9900, requestContextFilter urls=[/*] order=-105, corsFilter urls=[/*] order=2147483647" }
                    
{
                    "app": "Crmeb",
                    "timestamp":"2025-09-18 19:02:16.381",
                    "level": "DEBUG",
                    "thread": "main",
                    "class": "o.s.b.w.s.ServletContextInitializerBeans",
                    "message": "Mapping servlets: statViewServlet urls=[/druid/*], dispatcherServlet urls=[/]" }
                    
{
                    "app": "Crmeb",
                    "timestamp":"2025-09-18 19:02:16.426",
                    "level": "DEBUG",
                    "thread": "main",
                    "class": "o.s.b.a.m.w.servlet.WebMvcMetricsFilter",
                    "message": "Filter 'webMvcMetricsFilter' configured for use" }
                    
{
                    "app": "Crmeb",
                    "timestamp":"2025-09-18 19:02:16.426",
                    "level": "DEBUG",
                    "thread": "main",
                    "class": "o.s.b.w.s.f.OrderedRequestContextFilter",
                    "message": "Filter 'requestContextFilter' configured for use" }
                    
{
                    "app": "Crmeb",
                    "timestamp":"2025-09-18 19:02:16.429",
                    "level": "DEBUG",
                    "thread": "main",
                    "class": "o.springframework.web.filter.CorsFilter",
                    "message": "Filter 'corsFilter' configured for use" }
                    
{
                    "app": "Crmeb",
                    "timestamp":"2025-09-18 19:02:16.429",
                    "level": "DEBUG",
                    "thread": "main",
                    "class": "o.s.b.w.s.f.OrderedCharacterEncodingFilter",
                    "message": "Filter 'characterEncodingFilter' configured for use" }
                    
{
                    "app": "Crmeb",
                    "timestamp":"2025-09-18 19:02:16.432",
                    "level": "DEBUG",
                    "thread": "main",
                    "class": "o.s.b.w.s.DelegatingFilterProxyRegistrationBean$1",
                    "message": "Filter 'springSecurityFilterChain' configured for use" }
                    
{
                    "app": "Crmeb",
                    "timestamp":"2025-09-18 19:02:16.433",
                    "level": "DEBUG",
                    "thread": "main",
                    "class": "o.s.b.w.s.f.OrderedFormContentFilter",
                    "message": "Filter 'formContentFilter' configured for use" }
                    
{
                    "app": "Crmeb",
                    "timestamp":"2025-09-18 19:02:21.531",
                    "level": "DEBUG",
                    "thread": "main",
                    "class": "o.s.w.s.m.m.a.RequestMappingHandlerMapping",
                    "message": "151 mappings in 'requestMappingHandlerMapping'" }
                    
{
                    "app": "Crmeb",
                    "timestamp":"2025-09-18 19:02:21.914",
                    "level": "DEBUG",
                    "thread": "main",
                    "class": "o.s.w.s.m.m.a.RequestMappingHandlerAdapter",
                    "message": "ControllerAdvice beans: 0 @ModelAttribute, 0 @InitBinder, 1 RequestBodyAdvice, 1 ResponseBodyAdvice" }
                    
{
                    "app": "Crmeb",
                    "timestamp":"2025-09-18 19:02:21.997",
                    "level": "DEBUG",
                    "thread": "main",
                    "class": "o.s.w.s.handler.SimpleUrlHandlerMapping",
                    "message": "Patterns [/webjars/**, /**, /doc.html] in 'resourceHandlerMapping'" }
                    
{
                    "app": "Crmeb",
                    "timestamp":"2025-09-18 19:02:22.014",
                    "level": "DEBUG",
                    "thread": "main",
                    "class": "o.s.w.s.m.m.a.ExceptionHandlerExceptionResolver",
                    "message": "ControllerAdvice beans: 1 @ExceptionHandler, 1 ResponseBodyAdvice" }
                    
{
                    "app": "Crmeb",
                    "timestamp":"2025-09-18 19:03:36.119",
                    "level": "DEBUG",
                    "thread": "http-nio-8081-exec-5",
                    "class": "o.s.web.servlet.DispatcherServlet",
                    "message": "Detected StandardServletMultipartResolver" }
                    
{
                    "app": "Crmeb",
                    "timestamp":"2025-09-18 19:03:36.120",
                    "level": "DEBUG",
                    "thread": "http-nio-8081-exec-5",
                    "class": "o.s.web.servlet.DispatcherServlet",
                    "message": "Detected I18nLocaleResolver" }
                    
{
                    "app": "Crmeb",
                    "timestamp":"2025-09-18 19:03:36.126",
                    "level": "DEBUG",
                    "thread": "http-nio-8081-exec-5",
                    "class": "o.s.web.servlet.DispatcherServlet",
                    "message": "enableLoggingRequestDetails='false': request parameters and headers will be masked to prevent unsafe logging of potentially sensitive data" }
                    
{
                    "app": "Crmeb",
                    "timestamp":"2025-09-18 19:03:36.160",
                    "level": "DEBUG",
                    "thread": "http-nio-8081-exec-18",
                    "class": "o.s.web.servlet.DispatcherServlet",
                    "message": "GET "/api/pc/home/index", parameters={}" }
                    
{
                    "app": "Crmeb",
                    "timestamp":"2025-09-18 19:03:36.160",
                    "level": "DEBUG",
                    "thread": "http-nio-8081-exec-19",
                    "class": "o.s.web.servlet.DispatcherServlet",
                    "message": "GET "/api/front/merchant/street", parameters={}" }
                    
{
                    "app": "Crmeb",
                    "timestamp":"2025-09-18 19:03:36.160",
                    "level": "DEBUG",
                    "thread": "http-nio-8081-exec-8",
                    "class": "o.s.web.servlet.DispatcherServlet",
                    "message": "GET "/api/front/product/leaderboard", parameters={}" }
                    
{
                    "app": "Crmeb",
                    "timestamp":"2025-09-18 19:03:36.160",
                    "level": "DEBUG",
                    "thread": "http-nio-8081-exec-9",
                    "class": "o.s.web.servlet.DispatcherServlet",
                    "message": "GET "/api/front/index/product?page=1&limit=13", parameters={masked}" }
                    
{
                    "app": "Crmeb",
                    "timestamp":"2025-09-18 19:03:36.160",
                    "level": "DEBUG",
                    "thread": "http-nio-8081-exec-14",
                    "class": "o.s.web.servlet.DispatcherServlet",
                    "message": "GET "/api/front/activity/index/list", parameters={}" }
                    
{
                    "app": "Crmeb",
                    "timestamp":"2025-09-18 19:03:36.164",
                    "level": "DEBUG",
                    "thread": "http-nio-8081-exec-9",
                    "class": "o.s.w.s.m.m.a.RequestMappingHandlerMapping",
                    "message": "Mapped to com.zbkj.front.controller.IndexController#getProductList(PageParamRequest)" }
                    
{
                    "app": "Crmeb",
                    "timestamp":"2025-09-18 19:03:36.164",
                    "level": "DEBUG",
                    "thread": "http-nio-8081-exec-8",
                    "class": "o.s.w.s.m.m.a.RequestMappingHandlerMapping",
                    "message": "Mapped to com.zbkj.front.controller.ProductController#getLeaderboard()" }
                    
{
                    "app": "Crmeb",
                    "timestamp":"2025-09-18 19:03:36.164",
                    "level": "DEBUG",
                    "thread": "http-nio-8081-exec-19",
                    "class": "o.s.w.s.m.m.a.RequestMappingHandlerMapping",
                    "message": "Mapped to com.zbkj.front.controller.MerchantController#getStreet(PageParamRequest)" }
                    
{
                    "app": "Crmeb",
                    "timestamp":"2025-09-18 19:03:36.164",
                    "level": "DEBUG",
                    "thread": "http-nio-8081-exec-18",
                    "class": "o.s.w.s.m.m.a.RequestMappingHandlerMapping",
                    "message": "Mapped to com.zbkj.front.pc.controller.PcIndexController#getIndexInfo()" }
                    
{
                    "app": "Crmeb",
                    "timestamp":"2025-09-18 19:03:36.164",
                    "level": "DEBUG",
                    "thread": "http-nio-8081-exec-14",
                    "class": "o.s.w.s.m.m.a.RequestMappingHandlerMapping",
                    "message": "Mapped to com.zbkj.front.controller.ActivityController#getIndexList()" }
                    
{
                    "app": "Crmeb",
                    "timestamp":"2025-09-18 19:03:36.439",
                    "level": "DEBUG",
                    "thread": "http-nio-8081-exec-8",
                    "class": "o.s.w.s.m.m.a.RequestResponseBodyMethodProcessor",
                    "message": "Using 'application/json', given [application/json, text/plain, */*] and supported [application/json, application/*+json, application/json, application/*+json]" }
                    
{
                    "app": "Crmeb",
                    "timestamp":"2025-09-18 19:03:36.439",
                    "level": "DEBUG",
                    "thread": "http-nio-8081-exec-8",
                    "class": "o.s.w.s.m.m.a.RequestResponseBodyMethodProcessor",
                    "message": "Writing [com.zbkj.common.response.CommonResult@4cd7f563]" }
                    
{
                    "app": "Crmeb",
                    "timestamp":"2025-09-18 19:03:36.460",
                    "level": "DEBUG",
                    "thread": "http-nio-8081-exec-8",
                    "class": "o.s.web.servlet.DispatcherServlet",
                    "message": "Completed 200 OK" }
                    
{
                    "app": "Crmeb",
                    "timestamp":"2025-09-18 19:03:36.463",
                    "level": "DEBUG",
                    "thread": "http-nio-8081-exec-9",
                    "class": "o.s.w.s.m.m.a.ExceptionHandlerExceptionResolver",
                    "message": "Using @ExceptionHandler com.zbkj.common.exception.GlobalExceptionHandler#defaultExceptionHandler(Exception)" }
                    
{
                    "app": "Crmeb",
                    "timestamp":"2025-09-18 19:03:36.467",
                    "level": "DEBUG",
                    "thread": "http-nio-8081-exec-19",
                    "class": "o.s.w.s.m.m.a.RequestResponseBodyMethodProcessor",
                    "message": "Using 'application/json', given [application/json, text/plain, */*] and supported [application/json, application/*+json, application/json, application/*+json]" }
                    
{
                    "app": "Crmeb",
                    "timestamp":"2025-09-18 19:03:36.468",
                    "level": "DEBUG",
                    "thread": "http-nio-8081-exec-19",
                    "class": "o.s.w.s.m.m.a.RequestResponseBodyMethodProcessor",
                    "message": "Writing [com.zbkj.common.response.CommonResult@4914cd74]" }
                    
{
                    "app": "Crmeb",
                    "timestamp":"2025-09-18 19:03:36.477",
                    "level": "DEBUG",
                    "thread": "http-nio-8081-exec-19",
                    "class": "o.s.web.servlet.DispatcherServlet",
                    "message": "Completed 200 OK" }
                    
{
                    "app": "Crmeb",
                    "timestamp":"2025-09-18 19:03:36.552",
                    "level": "DEBUG",
                    "thread": "http-nio-8081-exec-14",
                    "class": "o.s.w.s.m.m.a.RequestResponseBodyMethodProcessor",
                    "message": "Using 'application/json', given [application/json, text/plain, */*] and supported [application/json, application/*+json, application/json, application/*+json]" }
                    
{
                    "app": "Crmeb",
                    "timestamp":"2025-09-18 19:03:36.552",
                    "level": "DEBUG",
                    "thread": "http-nio-8081-exec-14",
                    "class": "o.s.w.s.m.m.a.RequestResponseBodyMethodProcessor",
                    "message": "Writing [com.zbkj.common.response.CommonResult@75138175]" }
                    
{
                    "app": "Crmeb",
                    "timestamp":"2025-09-18 19:03:36.558",
                    "level": "DEBUG",
                    "thread": "http-nio-8081-exec-14",
                    "class": "o.s.web.servlet.DispatcherServlet",
                    "message": "Completed 200 OK" }
                    
{
                    "app": "Crmeb",
                    "timestamp":"2025-09-18 19:03:36.560",
                    "level": "DEBUG",
                    "thread": "http-nio-8081-exec-9",
                    "class": "o.s.w.s.m.m.a.RequestResponseBodyMethodProcessor",
                    "message": "Using 'application/json', given [application/json, text/plain, */*] and supported [application/json, application/*+json, application/json, application/*+json]" }
                    
{
                    "app": "Crmeb",
                    "timestamp":"2025-09-18 19:03:36.561",
                    "level": "DEBUG",
                    "thread": "http-nio-8081-exec-9",
                    "class": "o.s.w.s.m.m.a.RequestResponseBodyMethodProcessor",
                    "message": "Writing [com.zbkj.common.response.CommonResult@2257935b]" }
                    
{
                    "app": "Crmeb",
                    "timestamp":"2025-09-18 19:03:36.562",
                    "level": "DEBUG",
                    "thread": "http-nio-8081-exec-9",
                    "class": "o.s.w.s.m.m.a.ExceptionHandlerExceptionResolver",
                    "message": "Resolved [org.springframework.jdbc.BadSqlGrammarException: 
### Error querying database.  Cause: java.sql.SQLSyntaxErrorException: You have an error in your SQL syntax; check the manual that corresponds to your MySQL server version for the right syntax to use near 'DESC,id DESC LIMIT 13' at line 5
### The error may exist in com/zbkj/service/dao/StoreProductDao.java (best guess)
### The error may involve defaultParameterMap
### The error occurred while setting parameters
### SQL: SELECT   id,image,store_name,price,ot_price,sales,ficti   FROM eb_store_product     WHERE (is_del = ? AND is_recycle = ? AND is_show = ? AND is_forced = ? AND audit_status = ? AND stock > ?) ORDER BY rank DESC,id DESC LIMIT ?
### Cause: java.sql.SQLSyntaxErrorException: You have an error in your SQL syntax; check the manual that corresponds to your MySQL server version for the right syntax to use near 'DESC,id DESC LIMIT 13' at line 5
; bad SQL grammar []; nested exception is java.sql.SQLSyntaxErrorException: You have an error in your SQL syntax; check the manual that corresponds to your MySQL server version for the right syntax to use near 'DESC,id DESC LIMIT 13' at line 5]" }
                    
{
                    "app": "Crmeb",
                    "timestamp":"2025-09-18 19:03:36.562",
                    "level": "DEBUG",
                    "thread": "http-nio-8081-exec-9",
                    "class": "o.s.web.servlet.DispatcherServlet",
                    "message": "Completed 200 OK" }
                    
{
                    "app": "Crmeb",
                    "timestamp":"2025-09-18 19:03:36.579",
                    "level": "DEBUG",
                    "thread": "http-nio-8081-exec-12",
                    "class": "o.s.web.servlet.DispatcherServlet",
                    "message": "GET "/api/front/activity/index/list", parameters={}" }
                    
{
                    "app": "Crmeb",
                    "timestamp":"2025-09-18 19:03:36.580",
                    "level": "DEBUG",
                    "thread": "http-nio-8081-exec-12",
                    "class": "o.s.w.s.m.m.a.RequestMappingHandlerMapping",
                    "message": "Mapped to com.zbkj.front.controller.ActivityController#getIndexList()" }
                    
{
                    "app": "Crmeb",
                    "timestamp":"2025-09-18 19:03:36.604",
                    "level": "DEBUG",
                    "thread": "http-nio-8081-exec-16",
                    "class": "o.s.web.servlet.DispatcherServlet",
                    "message": "GET "/api/front/index/product?page=1&limit=13", parameters={masked}" }
                    
{
                    "app": "Crmeb",
                    "timestamp":"2025-09-18 19:03:36.609",
                    "level": "DEBUG",
                    "thread": "http-nio-8081-exec-16",
                    "class": "o.s.w.s.m.m.a.RequestMappingHandlerMapping",
                    "message": "Mapped to com.zbkj.front.controller.IndexController#getProductList(PageParamRequest)" }
                    
{
                    "app": "Crmeb",
                    "timestamp":"2025-09-18 19:03:36.610",
                    "level": "DEBUG",
                    "thread": "http-nio-8081-exec-11",
                    "class": "o.s.web.servlet.DispatcherServlet",
                    "message": "GET "/api/front/search/keyword", parameters={}" }
                    
{
                    "app": "Crmeb",
                    "timestamp":"2025-09-18 19:03:36.610",
                    "level": "DEBUG",
                    "thread": "http-nio-8081-exec-17",
                    "class": "o.s.web.servlet.DispatcherServlet",
                    "message": "POST "/api/front/login/token/is/exist", parameters={}" }
                    
{
                    "app": "Crmeb",
                    "timestamp":"2025-09-18 19:03:36.610",
                    "level": "DEBUG",
                    "thread": "http-nio-8081-exec-10",
                    "class": "o.s.web.servlet.DispatcherServlet",
                    "message": "GET "/api/front/product/category", parameters={}" }
                    
{
                    "app": "Crmeb",
                    "timestamp":"2025-09-18 19:03:36.613",
                    "level": "DEBUG",
                    "thread": "http-nio-8081-exec-17",
                    "class": "o.s.w.s.m.m.a.RequestMappingHandlerMapping",
                    "message": "Mapped to com.zbkj.front.controller.LoginController#tokenIsExist()" }
                    
{
                    "app": "Crmeb",
                    "timestamp":"2025-09-18 19:03:36.613",
                    "level": "DEBUG",
                    "thread": "http-nio-8081-exec-11",
                    "class": "o.s.w.s.m.m.a.RequestMappingHandlerMapping",
                    "message": "Mapped to com.zbkj.front.controller.IndexController#hotKeywords()" }
                    
{
                    "app": "Crmeb",
                    "timestamp":"2025-09-18 19:03:36.613",
                    "level": "DEBUG",
                    "thread": "http-nio-8081-exec-10",
                    "class": "o.s.w.s.m.m.a.RequestMappingHandlerMapping",
                    "message": "Mapped to com.zbkj.front.controller.ProductController#getCategory()" }
                    
{
                    "app": "Crmeb",
                    "timestamp":"2025-09-18 19:03:36.633",
                    "level": "DEBUG",
                    "thread": "http-nio-8081-exec-16",
                    "class": "o.s.w.s.m.m.a.ExceptionHandlerExceptionResolver",
                    "message": "Using @ExceptionHandler com.zbkj.common.exception.GlobalExceptionHandler#defaultExceptionHandler(Exception)" }
                    
{
                    "app": "Crmeb",
                    "timestamp":"2025-09-18 19:03:36.638",
                    "level": "DEBUG",
                    "thread": "http-nio-8081-exec-17",
                    "class": "o.s.w.s.m.m.a.RequestResponseBodyMethodProcessor",
                    "message": "Using 'application/json', given [application/json, text/plain, */*] and supported [application/json, application/*+json, application/json, application/*+json]" }
                    
{
                    "app": "Crmeb",
                    "timestamp":"2025-09-18 19:03:36.641",
                    "level": "DEBUG",
                    "thread": "http-nio-8081-exec-17",
                    "class": "o.s.w.s.m.m.a.RequestResponseBodyMethodProcessor",
                    "message": "Writing [com.zbkj.common.response.CommonResult@241b2d30]" }
                    
{
                    "app": "Crmeb",
                    "timestamp":"2025-09-18 19:03:36.645",
                    "level": "DEBUG",
                    "thread": "http-nio-8081-exec-17",
                    "class": "o.s.web.servlet.DispatcherServlet",
                    "message": "Completed 200 OK" }
                    
{
                    "app": "Crmeb",
                    "timestamp":"2025-09-18 19:03:36.647",
                    "level": "DEBUG",
                    "thread": "http-nio-8081-exec-11",
                    "class": "o.s.w.s.m.m.a.RequestResponseBodyMethodProcessor",
                    "message": "Using 'application/json', given [application/json, text/plain, */*] and supported [application/json, application/*+json, application/json, application/*+json]" }
                    
{
                    "app": "Crmeb",
                    "timestamp":"2025-09-18 19:03:36.652",
                    "level": "DEBUG",
                    "thread": "http-nio-8081-exec-11",
                    "class": "o.s.w.s.m.m.a.RequestResponseBodyMethodProcessor",
                    "message": "Writing [com.zbkj.common.response.CommonResult@300d8e77]" }
                    
{
                    "app": "Crmeb",
                    "timestamp":"2025-09-18 19:03:36.657",
                    "level": "DEBUG",
                    "thread": "http-nio-8081-exec-11",
                    "class": "o.s.web.servlet.DispatcherServlet",
                    "message": "Completed 200 OK" }
                    
{
                    "app": "Crmeb",
                    "timestamp":"2025-09-18 19:03:36.689",
                    "level": "DEBUG",
                    "thread": "http-nio-8081-exec-12",
                    "class": "o.s.w.s.m.m.a.RequestResponseBodyMethodProcessor",
                    "message": "Using 'application/json', given [application/json, text/plain, */*] and supported [application/json, application/*+json, application/json, application/*+json]" }
                    
{
                    "app": "Crmeb",
                    "timestamp":"2025-09-18 19:03:36.690",
                    "level": "DEBUG",
                    "thread": "http-nio-8081-exec-12",
                    "class": "o.s.w.s.m.m.a.RequestResponseBodyMethodProcessor",
                    "message": "Writing [com.zbkj.common.response.CommonResult@5d4c367]" }
                    
{
                    "app": "Crmeb",
                    "timestamp":"2025-09-18 19:03:36.691",
                    "level": "DEBUG",
                    "thread": "http-nio-8081-exec-12",
                    "class": "o.s.web.servlet.DispatcherServlet",
                    "message": "Completed 200 OK" }
                    
{
                    "app": "Crmeb",
                    "timestamp":"2025-09-18 19:03:36.734",
                    "level": "DEBUG",
                    "thread": "http-nio-8081-exec-16",
                    "class": "o.s.w.s.m.m.a.RequestResponseBodyMethodProcessor",
                    "message": "Using 'application/json', given [application/json, text/plain, */*] and supported [application/json, application/*+json, application/json, application/*+json]" }
                    
{
                    "app": "Crmeb",
                    "timestamp":"2025-09-18 19:03:36.734",
                    "level": "DEBUG",
                    "thread": "http-nio-8081-exec-16",
                    "class": "o.s.w.s.m.m.a.RequestResponseBodyMethodProcessor",
                    "message": "Writing [com.zbkj.common.response.CommonResult@1750503]" }
                    
{
                    "app": "Crmeb",
                    "timestamp":"2025-09-18 19:03:36.735",
                    "level": "DEBUG",
                    "thread": "http-nio-8081-exec-16",
                    "class": "o.s.w.s.m.m.a.ExceptionHandlerExceptionResolver",
                    "message": "Resolved [org.springframework.jdbc.BadSqlGrammarException: 
### Error querying database.  Cause: java.sql.SQLSyntaxErrorException: You have an error in your SQL syntax; check the manual that corresponds to your MySQL server version for the right syntax to use near 'DESC,id DESC LIMIT 13' at line 5
### The error may exist in com/zbkj/service/dao/StoreProductDao.java (best guess)
### The error may involve defaultParameterMap
### The error occurred while setting parameters
### SQL: SELECT   id,image,store_name,price,ot_price,sales,ficti   FROM eb_store_product     WHERE (is_del = ? AND is_recycle = ? AND is_show = ? AND is_forced = ? AND audit_status = ? AND stock > ?) ORDER BY rank DESC,id DESC LIMIT ?
### Cause: java.sql.SQLSyntaxErrorException: You have an error in your SQL syntax; check the manual that corresponds to your MySQL server version for the right syntax to use near 'DESC,id DESC LIMIT 13' at line 5
; bad SQL grammar []; nested exception is java.sql.SQLSyntaxErrorException: You have an error in your SQL syntax; check the manual that corresponds to your MySQL server version for the right syntax to use near 'DESC,id DESC LIMIT 13' at line 5]" }
                    
{
                    "app": "Crmeb",
                    "timestamp":"2025-09-18 19:03:36.736",
                    "level": "DEBUG",
                    "thread": "http-nio-8081-exec-16",
                    "class": "o.s.web.servlet.DispatcherServlet",
                    "message": "Completed 200 OK" }
                    
{
                    "app": "Crmeb",
                    "timestamp":"2025-09-18 19:03:36.739",
                    "level": "DEBUG",
                    "thread": "http-nio-8081-exec-18",
                    "class": "o.s.w.s.m.m.a.RequestResponseBodyMethodProcessor",
                    "message": "Using 'application/json', given [application/json, text/plain, */*] and supported [application/json, application/*+json, application/json, application/*+json]" }
                    
{
                    "app": "Crmeb",
                    "timestamp":"2025-09-18 19:03:36.740",
                    "level": "DEBUG",
                    "thread": "http-nio-8081-exec-18",
                    "class": "o.s.w.s.m.m.a.RequestResponseBodyMethodProcessor",
                    "message": "Writing [com.zbkj.common.response.CommonResult@6feefa5e]" }
                    
{
                    "app": "Crmeb",
                    "timestamp":"2025-09-18 19:03:36.741",
                    "level": "DEBUG",
                    "thread": "http-nio-8081-exec-18",
                    "class": "o.s.web.servlet.DispatcherServlet",
                    "message": "Completed 200 OK" }
                    
{
                    "app": "Crmeb",
                    "timestamp":"2025-09-18 19:03:36.861",
                    "level": "DEBUG",
                    "thread": "http-nio-8081-exec-10",
                    "class": "o.s.w.s.m.m.a.RequestResponseBodyMethodProcessor",
                    "message": "Using 'application/json', given [application/json, text/plain, */*] and supported [application/json, application/*+json, application/json, application/*+json]" }
                    
{
                    "app": "Crmeb",
                    "timestamp":"2025-09-18 19:03:36.861",
                    "level": "DEBUG",
                    "thread": "http-nio-8081-exec-10",
                    "class": "o.s.w.s.m.m.a.RequestResponseBodyMethodProcessor",
                    "message": "Writing [com.zbkj.common.response.CommonResult@43d87976]" }
                    
{
                    "app": "Crmeb",
                    "timestamp":"2025-09-18 19:03:36.863",
                    "level": "DEBUG",
                    "thread": "http-nio-8081-exec-10",
                    "class": "o.s.web.servlet.DispatcherServlet",
                    "message": "Completed 200 OK" }
                    
{
                    "app": "Crmeb",
                    "timestamp":"2025-09-18 19:03:42.810",
                    "level": "DEBUG",
                    "thread": "http-nio-8081-exec-15",
                    "class": "o.s.web.servlet.DispatcherServlet",
                    "message": "GET "/api/front/product/leaderboard", parameters={}" }
                    
{
                    "app": "Crmeb",
                    "timestamp":"2025-09-18 19:03:42.812",
                    "level": "DEBUG",
                    "thread": "http-nio-8081-exec-15",
                    "class": "o.s.w.s.m.m.a.RequestMappingHandlerMapping",
                    "message": "Mapped to com.zbkj.front.controller.ProductController#getLeaderboard()" }
                    
{
                    "app": "Crmeb",
                    "timestamp":"2025-09-18 19:03:42.813",
                    "level": "DEBUG",
                    "thread": "http-nio-8081-exec-29",
                    "class": "o.s.web.servlet.DispatcherServlet",
                    "message": "GET "/api/front/merchant/street", parameters={}" }
                    
{
                    "app": "Crmeb",
                    "timestamp":"2025-09-18 19:03:42.813",
                    "level": "DEBUG",
                    "thread": "http-nio-8081-exec-28",
                    "class": "o.s.web.servlet.DispatcherServlet",
                    "message": "GET "/api/front/activity/index/list", parameters={}" }
                    
{
                    "app": "Crmeb",
                    "timestamp":"2025-09-18 19:03:42.813",
                    "level": "DEBUG",
                    "thread": "http-nio-8081-exec-22",
                    "class": "o.s.web.servlet.DispatcherServlet",
                    "message": "GET "/api/pc/home/index", parameters={}" }
                    
{
                    "app": "Crmeb",
                    "timestamp":"2025-09-18 19:03:42.813",
                    "level": "DEBUG",
                    "thread": "http-nio-8081-exec-30",
                    "class": "o.s.web.servlet.DispatcherServlet",
                    "message": "GET "/api/front/index/product?page=1&limit=13", parameters={masked}" }
                    
{
                    "app": "Crmeb",
                    "timestamp":"2025-09-18 19:03:42.815",
                    "level": "DEBUG",
                    "thread": "http-nio-8081-exec-29",
                    "class": "o.s.w.s.m.m.a.RequestMappingHandlerMapping",
                    "message": "Mapped to com.zbkj.front.controller.MerchantController#getStreet(PageParamRequest)" }
                    
{
                    "app": "Crmeb",
                    "timestamp":"2025-09-18 19:03:42.815",
                    "level": "DEBUG",
                    "thread": "http-nio-8081-exec-28",
                    "class": "o.s.w.s.m.m.a.RequestMappingHandlerMapping",
                    "message": "Mapped to com.zbkj.front.controller.ActivityController#getIndexList()" }
                    
{
                    "app": "Crmeb",
                    "timestamp":"2025-09-18 19:03:42.816",
                    "level": "DEBUG",
                    "thread": "http-nio-8081-exec-22",
                    "class": "o.s.w.s.m.m.a.RequestMappingHandlerMapping",
                    "message": "Mapped to com.zbkj.front.pc.controller.PcIndexController#getIndexInfo()" }
                    
{
                    "app": "Crmeb",
                    "timestamp":"2025-09-18 19:03:42.816",
                    "level": "DEBUG",
                    "thread": "http-nio-8081-exec-30",
                    "class": "o.s.w.s.m.m.a.RequestMappingHandlerMapping",
                    "message": "Mapped to com.zbkj.front.controller.IndexController#getProductList(PageParamRequest)" }
                    
{
                    "app": "Crmeb",
                    "timestamp":"2025-09-18 19:03:42.835",
                    "level": "DEBUG",
                    "thread": "http-nio-8081-exec-15",
                    "class": "o.s.w.s.m.m.a.RequestResponseBodyMethodProcessor",
                    "message": "Using 'application/json', given [application/json, text/plain, */*] and supported [application/json, application/*+json, application/json, application/*+json]" }
                    
{
                    "app": "Crmeb",
                    "timestamp":"2025-09-18 19:03:42.837",
                    "level": "DEBUG",
                    "thread": "http-nio-8081-exec-15",
                    "class": "o.s.w.s.m.m.a.RequestResponseBodyMethodProcessor",
                    "message": "Writing [com.zbkj.common.response.CommonResult@43e9ce71]" }
                    
{
                    "app": "Crmeb",
                    "timestamp":"2025-09-18 19:03:42.837",
                    "level": "DEBUG",
                    "thread": "http-nio-8081-exec-30",
                    "class": "o.s.w.s.m.m.a.ExceptionHandlerExceptionResolver",
                    "message": "Using @ExceptionHandler com.zbkj.common.exception.GlobalExceptionHandler#defaultExceptionHandler(Exception)" }
                    
{
                    "app": "Crmeb",
                    "timestamp":"2025-09-18 19:03:42.839",
                    "level": "DEBUG",
                    "thread": "http-nio-8081-exec-15",
                    "class": "o.s.web.servlet.DispatcherServlet",
                    "message": "Completed 200 OK" }
                    
{
                    "app": "Crmeb",
                    "timestamp":"2025-09-18 19:03:42.858",
                    "level": "DEBUG",
                    "thread": "http-nio-8081-exec-29",
                    "class": "o.s.w.s.m.m.a.RequestResponseBodyMethodProcessor",
                    "message": "Using 'application/json', given [application/json, text/plain, */*] and supported [application/json, application/*+json, application/json, application/*+json]" }
                    
{
                    "app": "Crmeb",
                    "timestamp":"2025-09-18 19:03:42.859",
                    "level": "DEBUG",
                    "thread": "http-nio-8081-exec-29",
                    "class": "o.s.w.s.m.m.a.RequestResponseBodyMethodProcessor",
                    "message": "Writing [com.zbkj.common.response.CommonResult@18f43241]" }
                    
{
                    "app": "Crmeb",
                    "timestamp":"2025-09-18 19:03:42.861",
                    "level": "DEBUG",
                    "thread": "http-nio-8081-exec-29",
                    "class": "o.s.web.servlet.DispatcherServlet",
                    "message": "Completed 200 OK" }
                    
{
                    "app": "Crmeb",
                    "timestamp":"2025-09-18 19:03:42.923",
                    "level": "DEBUG",
                    "thread": "http-nio-8081-exec-30",
                    "class": "o.s.w.s.m.m.a.RequestResponseBodyMethodProcessor",
                    "message": "Using 'application/json', given [application/json, text/plain, */*] and supported [application/json, application/*+json, application/json, application/*+json]" }
                    
{
                    "app": "Crmeb",
                    "timestamp":"2025-09-18 19:03:42.924",
                    "level": "DEBUG",
                    "thread": "http-nio-8081-exec-30",
                    "class": "o.s.w.s.m.m.a.RequestResponseBodyMethodProcessor",
                    "message": "Writing [com.zbkj.common.response.CommonResult@1d55250f]" }
                    
{
                    "app": "Crmeb",
                    "timestamp":"2025-09-18 19:03:42.925",
                    "level": "DEBUG",
                    "thread": "http-nio-8081-exec-30",
                    "class": "o.s.w.s.m.m.a.ExceptionHandlerExceptionResolver",
                    "message": "Resolved [org.springframework.jdbc.BadSqlGrammarException: 
### Error querying database.  Cause: java.sql.SQLSyntaxErrorException: You have an error in your SQL syntax; check the manual that corresponds to your MySQL server version for the right syntax to use near 'DESC,id DESC LIMIT 13' at line 5
### The error may exist in com/zbkj/service/dao/StoreProductDao.java (best guess)
### The error may involve defaultParameterMap
### The error occurred while setting parameters
### SQL: SELECT   id,image,store_name,price,ot_price,sales,ficti   FROM eb_store_product     WHERE (is_del = ? AND is_recycle = ? AND is_show = ? AND is_forced = ? AND audit_status = ? AND stock > ?) ORDER BY rank DESC,id DESC LIMIT ?
### Cause: java.sql.SQLSyntaxErrorException: You have an error in your SQL syntax; check the manual that corresponds to your MySQL server version for the right syntax to use near 'DESC,id DESC LIMIT 13' at line 5
; bad SQL grammar []; nested exception is java.sql.SQLSyntaxErrorException: You have an error in your SQL syntax; check the manual that corresponds to your MySQL server version for the right syntax to use near 'DESC,id DESC LIMIT 13' at line 5]" }
                    
{
                    "app": "Crmeb",
                    "timestamp":"2025-09-18 19:03:42.926",
                    "level": "DEBUG",
                    "thread": "http-nio-8081-exec-30",
                    "class": "o.s.web.servlet.DispatcherServlet",
                    "message": "Completed 200 OK" }
                    
{
                    "app": "Crmeb",
                    "timestamp":"2025-09-18 19:03:42.942",
                    "level": "DEBUG",
                    "thread": "http-nio-8081-exec-28",
                    "class": "o.s.w.s.m.m.a.RequestResponseBodyMethodProcessor",
                    "message": "Using 'application/json', given [application/json, text/plain, */*] and supported [application/json, application/*+json, application/json, application/*+json]" }
                    
{
                    "app": "Crmeb",
                    "timestamp":"2025-09-18 19:03:42.942",
                    "level": "DEBUG",
                    "thread": "http-nio-8081-exec-28",
                    "class": "o.s.w.s.m.m.a.RequestResponseBodyMethodProcessor",
                    "message": "Writing [com.zbkj.common.response.CommonResult@5b66854d]" }
                    
{
                    "app": "Crmeb",
                    "timestamp":"2025-09-18 19:03:42.943",
                    "level": "DEBUG",
                    "thread": "http-nio-8081-exec-28",
                    "class": "o.s.web.servlet.DispatcherServlet",
                    "message": "Completed 200 OK" }
                    
{
                    "app": "Crmeb",
                    "timestamp":"2025-09-18 19:03:42.945",
                    "level": "DEBUG",
                    "thread": "http-nio-8081-exec-22",
                    "class": "o.s.w.s.m.m.a.RequestResponseBodyMethodProcessor",
                    "message": "Using 'application/json', given [application/json, text/plain, */*] and supported [application/json, application/*+json, application/json, application/*+json]" }
                    
{
                    "app": "Crmeb",
                    "timestamp":"2025-09-18 19:03:42.945",
                    "level": "DEBUG",
                    "thread": "http-nio-8081-exec-22",
                    "class": "o.s.w.s.m.m.a.RequestResponseBodyMethodProcessor",
                    "message": "Writing [com.zbkj.common.response.CommonResult@6bc7e3f0]" }
                    
{
                    "app": "Crmeb",
                    "timestamp":"2025-09-18 19:03:42.946",
                    "level": "DEBUG",
                    "thread": "http-nio-8081-exec-22",
                    "class": "o.s.web.servlet.DispatcherServlet",
                    "message": "Completed 200 OK" }
                    
{
                    "app": "Crmeb",
                    "timestamp":"2025-09-18 19:03:42.959",
                    "level": "DEBUG",
                    "thread": "http-nio-8081-exec-4",
                    "class": "o.s.web.servlet.DispatcherServlet",
                    "message": "GET "/api/front/activity/index/list", parameters={}" }
                    
{
                    "app": "Crmeb",
                    "timestamp":"2025-09-18 19:03:42.960",
                    "level": "DEBUG",
                    "thread": "http-nio-8081-exec-4",
                    "class": "o.s.w.s.m.m.a.RequestMappingHandlerMapping",
                    "message": "Mapped to com.zbkj.front.controller.ActivityController#getIndexList()" }
                    
{
                    "app": "Crmeb",
                    "timestamp":"2025-09-18 19:03:42.982",
                    "level": "DEBUG",
                    "thread": "http-nio-8081-exec-3",
                    "class": "o.s.web.servlet.DispatcherServlet",
                    "message": "GET "/api/front/index/product?page=1&limit=13", parameters={masked}" }
                    
{
                    "app": "Crmeb",
                    "timestamp":"2025-09-18 19:03:42.984",
                    "level": "DEBUG",
                    "thread": "http-nio-8081-exec-3",
                    "class": "o.s.w.s.m.m.a.RequestMappingHandlerMapping",
                    "message": "Mapped to com.zbkj.front.controller.IndexController#getProductList(PageParamRequest)" }
                    
{
                    "app": "Crmeb",
                    "timestamp":"2025-09-18 19:03:42.986",
                    "level": "DEBUG",
                    "thread": "http-nio-8081-exec-19",
                    "class": "o.s.web.servlet.DispatcherServlet",
                    "message": "GET "/api/front/search/keyword", parameters={}" }
                    
{
                    "app": "Crmeb",
                    "timestamp":"2025-09-18 19:03:42.986",
                    "level": "DEBUG",
                    "thread": "http-nio-8081-exec-8",
                    "class": "o.s.web.servlet.DispatcherServlet",
                    "message": "GET "/api/front/product/category", parameters={}" }
                    
{
                    "app": "Crmeb",
                    "timestamp":"2025-09-18 19:03:42.986",
                    "level": "DEBUG",
                    "thread": "http-nio-8081-exec-2",
                    "class": "o.s.web.servlet.DispatcherServlet",
                    "message": "POST "/api/front/login/token/is/exist", parameters={}" }
                    
{
                    "app": "Crmeb",
                    "timestamp":"2025-09-18 19:03:42.987",
                    "level": "DEBUG",
                    "thread": "http-nio-8081-exec-19",
                    "class": "o.s.w.s.m.m.a.RequestMappingHandlerMapping",
                    "message": "Mapped to com.zbkj.front.controller.IndexController#hotKeywords()" }
                    
{
                    "app": "Crmeb",
                    "timestamp":"2025-09-18 19:03:42.988",
                    "level": "DEBUG",
                    "thread": "http-nio-8081-exec-8",
                    "class": "o.s.w.s.m.m.a.RequestMappingHandlerMapping",
                    "message": "Mapped to com.zbkj.front.controller.ProductController#getCategory()" }
                    
{
                    "app": "Crmeb",
                    "timestamp":"2025-09-18 19:03:42.988",
                    "level": "DEBUG",
                    "thread": "http-nio-8081-exec-2",
                    "class": "o.s.w.s.m.m.a.RequestMappingHandlerMapping",
                    "message": "Mapped to com.zbkj.front.controller.LoginController#tokenIsExist()" }
                    
{
                    "app": "Crmeb",
                    "timestamp":"2025-09-18 19:03:42.993",
                    "level": "DEBUG",
                    "thread": "http-nio-8081-exec-2",
                    "class": "o.s.w.s.m.m.a.RequestResponseBodyMethodProcessor",
                    "message": "Using 'application/json', given [application/json, text/plain, */*] and supported [application/json, application/*+json, application/json, application/*+json]" }
                    
{
                    "app": "Crmeb",
                    "timestamp":"2025-09-18 19:03:42.994",
                    "level": "DEBUG",
                    "thread": "http-nio-8081-exec-2",
                    "class": "o.s.w.s.m.m.a.RequestResponseBodyMethodProcessor",
                    "message": "Writing [com.zbkj.common.response.CommonResult@37f56970]" }
                    
{
                    "app": "Crmeb",
                    "timestamp":"2025-09-18 19:03:42.999",
                    "level": "DEBUG",
                    "thread": "http-nio-8081-exec-2",
                    "class": "o.s.web.servlet.DispatcherServlet",
                    "message": "Completed 200 OK" }
                    
{
                    "app": "Crmeb",
                    "timestamp":"2025-09-18 19:03:43.008",
                    "level": "DEBUG",
                    "thread": "http-nio-8081-exec-3",
                    "class": "o.s.w.s.m.m.a.ExceptionHandlerExceptionResolver",
                    "message": "Using @ExceptionHandler com.zbkj.common.exception.GlobalExceptionHandler#defaultExceptionHandler(Exception)" }
                    
{
                    "app": "Crmeb",
                    "timestamp":"2025-09-18 19:03:43.019",
                    "level": "DEBUG",
                    "thread": "http-nio-8081-exec-19",
                    "class": "o.s.w.s.m.m.a.RequestResponseBodyMethodProcessor",
                    "message": "Using 'application/json', given [application/json, text/plain, */*] and supported [application/json, application/*+json, application/json, application/*+json]" }
                    
{
                    "app": "Crmeb",
                    "timestamp":"2025-09-18 19:03:43.019",
                    "level": "DEBUG",
                    "thread": "http-nio-8081-exec-19",
                    "class": "o.s.w.s.m.m.a.RequestResponseBodyMethodProcessor",
                    "message": "Writing [com.zbkj.common.response.CommonResult@192ac789]" }
                    
{
                    "app": "Crmeb",
                    "timestamp":"2025-09-18 19:03:43.020",
                    "level": "DEBUG",
                    "thread": "http-nio-8081-exec-19",
                    "class": "o.s.web.servlet.DispatcherServlet",
                    "message": "Completed 200 OK" }
                    
{
                    "app": "Crmeb",
                    "timestamp":"2025-09-18 19:03:43.030",
                    "level": "DEBUG",
                    "thread": "http-nio-8081-exec-4",
                    "class": "o.s.w.s.m.m.a.RequestResponseBodyMethodProcessor",
                    "message": "Using 'application/json', given [application/json, text/plain, */*] and supported [application/json, application/*+json, application/json, application/*+json]" }
                    
{
                    "app": "Crmeb",
                    "timestamp":"2025-09-18 19:03:43.031",
                    "level": "DEBUG",
                    "thread": "http-nio-8081-exec-4",
                    "class": "o.s.w.s.m.m.a.RequestResponseBodyMethodProcessor",
                    "message": "Writing [com.zbkj.common.response.CommonResult@1b55401c]" }
                    
{
                    "app": "Crmeb",
                    "timestamp":"2025-09-18 19:03:43.032",
                    "level": "DEBUG",
                    "thread": "http-nio-8081-exec-4",
                    "class": "o.s.web.servlet.DispatcherServlet",
                    "message": "Completed 200 OK" }
                    
{
                    "app": "Crmeb",
                    "timestamp":"2025-09-18 19:03:43.116",
                    "level": "DEBUG",
                    "thread": "http-nio-8081-exec-3",
                    "class": "o.s.w.s.m.m.a.RequestResponseBodyMethodProcessor",
                    "message": "Using 'application/json', given [application/json, text/plain, */*] and supported [application/json, application/*+json, application/json, application/*+json]" }
                    
{
                    "app": "Crmeb",
                    "timestamp":"2025-09-18 19:03:43.117",
                    "level": "DEBUG",
                    "thread": "http-nio-8081-exec-3",
                    "class": "o.s.w.s.m.m.a.RequestResponseBodyMethodProcessor",
                    "message": "Writing [com.zbkj.common.response.CommonResult@de41f66]" }
                    
{
                    "app": "Crmeb",
                    "timestamp":"2025-09-18 19:03:43.117",
                    "level": "DEBUG",
                    "thread": "http-nio-8081-exec-3",
                    "class": "o.s.w.s.m.m.a.ExceptionHandlerExceptionResolver",
                    "message": "Resolved [org.springframework.jdbc.BadSqlGrammarException: 
### Error querying database.  Cause: java.sql.SQLSyntaxErrorException: You have an error in your SQL syntax; check the manual that corresponds to your MySQL server version for the right syntax to use near 'DESC,id DESC LIMIT 13' at line 5
### The error may exist in com/zbkj/service/dao/StoreProductDao.java (best guess)
### The error may involve defaultParameterMap
### The error occurred while setting parameters
### SQL: SELECT   id,image,store_name,price,ot_price,sales,ficti   FROM eb_store_product     WHERE (is_del = ? AND is_recycle = ? AND is_show = ? AND is_forced = ? AND audit_status = ? AND stock > ?) ORDER BY rank DESC,id DESC LIMIT ?
### Cause: java.sql.SQLSyntaxErrorException: You have an error in your SQL syntax; check the manual that corresponds to your MySQL server version for the right syntax to use near 'DESC,id DESC LIMIT 13' at line 5
; bad SQL grammar []; nested exception is java.sql.SQLSyntaxErrorException: You have an error in your SQL syntax; check the manual that corresponds to your MySQL server version for the right syntax to use near 'DESC,id DESC LIMIT 13' at line 5]" }
                    
{
                    "app": "Crmeb",
                    "timestamp":"2025-09-18 19:03:43.118",
                    "level": "DEBUG",
                    "thread": "http-nio-8081-exec-3",
                    "class": "o.s.web.servlet.DispatcherServlet",
                    "message": "Completed 200 OK" }
                    
{
                    "app": "Crmeb",
                    "timestamp":"2025-09-18 19:03:43.150",
                    "level": "DEBUG",
                    "thread": "http-nio-8081-exec-8",
                    "class": "o.s.w.s.m.m.a.RequestResponseBodyMethodProcessor",
                    "message": "Using 'application/json', given [application/json, text/plain, */*] and supported [application/json, application/*+json, application/json, application/*+json]" }
                    
{
                    "app": "Crmeb",
                    "timestamp":"2025-09-18 19:03:43.150",
                    "level": "DEBUG",
                    "thread": "http-nio-8081-exec-8",
                    "class": "o.s.w.s.m.m.a.RequestResponseBodyMethodProcessor",
                    "message": "Writing [com.zbkj.common.response.CommonResult@32eefd47]" }
                    
{
                    "app": "Crmeb",
                    "timestamp":"2025-09-18 19:03:43.151",
                    "level": "DEBUG",
                    "thread": "http-nio-8081-exec-8",
                    "class": "o.s.web.servlet.DispatcherServlet",
                    "message": "Completed 200 OK" }
                    
{
                    "app": "Crmeb",
                    "timestamp":"2025-09-18 19:06:55.833",
                    "level": "DEBUG",
                    "thread": "main",
                    "class": "o.s.b.c.l.ClasspathLoggingApplicationListener",
                    "message": "Application started with classpath: [jar:file:/E:/2zynt/工作项目/CRMEB-JAVA-ET-V1.2(2025.4.25)/et_java/crmeb-front/target/Crmeb-front.jar!/BOOT-INF/classes!/, jar:file:/E:/2zynt/工作项目/CRMEB-JAVA-ET-V1.2(2025.4.25)/et_java/crmeb-front/target/Crmeb-front.jar!/BOOT-INF/lib/crmeb-service-0.0.1-SNAPSHOT.jar!/, jar:file:/E:/2zynt/工作项目/CRMEB-JAVA-ET-V1.2(2025.4.25)/et_java/crmeb-front/target/Crmeb-front.jar!/BOOT-INF/lib/crmeb-common-0.0.1-SNAPSHOT.jar!/, jar:file:/E:/2zynt/工作项目/CRMEB-JAVA-ET-V1.2(2025.4.25)/et_java/crmeb-front/target/Crmeb-front.jar!/BOOT-INF/lib/javax.servlet-api-4.0.1.jar!/, jar:file:/E:/2zynt/工作项目/CRMEB-JAVA-ET-V1.2(2025.4.25)/et_java/crmeb-front/target/Crmeb-front.jar!/BOOT-INF/lib/jstl-1.2.jar!/, jar:file:/E:/2zynt/工作项目/CRMEB-JAVA-ET-V1.2(2025.4.25)/et_java/crmeb-front/target/Crmeb-front.jar!/BOOT-INF/lib/tomcat-embed-jasper-9.0.33.jar!/, jar:file:/E:/2zynt/工作项目/CRMEB-JAVA-ET-V1.2(2025.4.25)/et_java/crmeb-front/target/Crmeb-front.jar!/BOOT-INF/lib/tomcat-embed-core-9.0.33.jar!/, jar:file:/E:/2zynt/工作项目/CRMEB-JAVA-ET-V1.2(2025.4.25)/et_java/crmeb-front/target/Crmeb-front.jar!/BOOT-INF/lib/tomcat-annotations-api-9.0.33.jar!/, jar:file:/E:/2zynt/工作项目/CRMEB-JAVA-ET-V1.2(2025.4.25)/et_java/crmeb-front/target/Crmeb-front.jar!/BOOT-INF/lib/tomcat-embed-el-9.0.33.jar!/, jar:file:/E:/2zynt/工作项目/CRMEB-JAVA-ET-V1.2(2025.4.25)/et_java/crmeb-front/target/Crmeb-front.jar!/BOOT-INF/lib/ecj-3.18.0.jar!/, jar:file:/E:/2zynt/工作项目/CRMEB-JAVA-ET-V1.2(2025.4.25)/et_java/crmeb-front/target/Crmeb-front.jar!/BOOT-INF/lib/tomcat-jsp-api-9.0.33.jar!/, jar:file:/E:/2zynt/工作项目/CRMEB-JAVA-ET-V1.2(2025.4.25)/et_java/crmeb-front/target/Crmeb-front.jar!/BOOT-INF/lib/tomcat-el-api-9.0.33.jar!/, jar:file:/E:/2zynt/工作项目/CRMEB-JAVA-ET-V1.2(2025.4.25)/et_java/crmeb-front/target/Crmeb-front.jar!/BOOT-INF/lib/tomcat-servlet-api-9.0.33.jar!/, jar:file:/E:/2zynt/工作项目/CRMEB-JAVA-ET-V1.2(2025.4.25)/et_java/crmeb-front/target/Crmeb-front.jar!/BOOT-INF/lib/fastjson-2.0.38.jar!/, jar:file:/E:/2zynt/工作项目/CRMEB-JAVA-ET-V1.2(2025.4.25)/et_java/crmeb-front/target/Crmeb-front.jar!/BOOT-INF/lib/fastjson2-extension-2.0.38.jar!/, jar:file:/E:/2zynt/工作项目/CRMEB-JAVA-ET-V1.2(2025.4.25)/et_java/crmeb-front/target/Crmeb-front.jar!/BOOT-INF/lib/fastjson2-2.0.38.jar!/, jar:file:/E:/2zynt/工作项目/CRMEB-JAVA-ET-V1.2(2025.4.25)/et_java/crmeb-front/target/Crmeb-front.jar!/BOOT-INF/lib/druid-1.1.20.jar!/, jar:file:/E:/2zynt/工作项目/CRMEB-JAVA-ET-V1.2(2025.4.25)/et_java/crmeb-front/target/Crmeb-front.jar!/BOOT-INF/lib/mysql-connector-j-8.0.33.jar!/, jar:file:/E:/2zynt/工作项目/CRMEB-JAVA-ET-V1.2(2025.4.25)/et_java/crmeb-front/target/Crmeb-front.jar!/BOOT-INF/lib/protobuf-java-3.21.9.jar!/, jar:file:/E:/2zynt/工作项目/CRMEB-JAVA-ET-V1.2(2025.4.25)/et_java/crmeb-front/target/Crmeb-front.jar!/BOOT-INF/lib/lombok-1.18.12.jar!/, jar:file:/E:/2zynt/工作项目/CRMEB-JAVA-ET-V1.2(2025.4.25)/et_java/crmeb-front/target/Crmeb-front.jar!/BOOT-INF/lib/mybatis-plus-boot-starter-3.3.1.jar!/, jar:file:/E:/2zynt/工作项目/CRMEB-JAVA-ET-V1.2(2025.4.25)/et_java/crmeb-front/target/Crmeb-front.jar!/BOOT-INF/lib/spring-boot-starter-jdbc-2.2.6.RELEASE.jar!/, jar:file:/E:/2zynt/工作项目/CRMEB-JAVA-ET-V1.2(2025.4.25)/et_java/crmeb-front/target/Crmeb-front.jar!/BOOT-INF/lib/HikariCP-3.4.2.jar!/, jar:file:/E:/2zynt/工作项目/CRMEB-JAVA-ET-V1.2(2025.4.25)/et_java/crmeb-front/target/Crmeb-front.jar!/BOOT-INF/lib/spring-jdbc-5.2.5.RELEASE.jar!/, jar:file:/E:/2zynt/工作项目/CRMEB-JAVA-ET-V1.2(2025.4.25)/et_java/crmeb-front/target/Crmeb-front.jar!/BOOT-INF/lib/spring-boot-test-2.2.6.RELEASE.jar!/, jar:file:/E:/2zynt/工作项目/CRMEB-JAVA-ET-V1.2(2025.4.25)/et_java/crmeb-front/target/Crmeb-front.jar!/BOOT-INF/lib/spring-boot-2.2.6.RELEASE.jar!/, jar:file:/E:/2zynt/工作项目/CRMEB-JAVA-ET-V1.2(2025.4.25)/et_java/crmeb-front/target/Crmeb-front.jar!/BOOT-INF/lib/spring-context-5.2.5.RELEASE.jar!/, jar:file:/E:/2zynt/工作项目/CRMEB-JAVA-ET-V1.2(2025.4.25)/et_java/crmeb-front/target/Crmeb-front.jar!/BOOT-INF/lib/spring-test-5.2.5.RELEASE.jar!/, jar:file:/E:/2zynt/工作项目/CRMEB-JAVA-ET-V1.2(2025.4.25)/et_java/crmeb-front/target/Crmeb-front.jar!/BOOT-INF/lib/spring-core-5.2.5.RELEASE.jar!/, jar:file:/E:/2zynt/工作项目/CRMEB-JAVA-ET-V1.2(2025.4.25)/et_java/crmeb-front/target/Crmeb-front.jar!/BOOT-INF/lib/spring-jcl-5.2.5.RELEASE.jar!/, jar:file:/E:/2zynt/工作项目/CRMEB-JAVA-ET-V1.2(2025.4.25)/et_java/crmeb-front/target/Crmeb-front.jar!/BOOT-INF/lib/mybatis-plus-3.3.1.jar!/, jar:file:/E:/2zynt/工作项目/CRMEB-JAVA-ET-V1.2(2025.4.25)/et_java/crmeb-front/target/Crmeb-front.jar!/BOOT-INF/lib/mybatis-plus-extension-3.3.1.jar!/, jar:file:/E:/2zynt/工作项目/CRMEB-JAVA-ET-V1.2(2025.4.25)/et_java/crmeb-front/target/Crmeb-front.jar!/BOOT-INF/lib/mybatis-plus-core-3.3.1.jar!/, jar:file:/E:/2zynt/工作项目/CRMEB-JAVA-ET-V1.2(2025.4.25)/et_java/crmeb-front/target/Crmeb-front.jar!/BOOT-INF/lib/mybatis-plus-annotation-3.3.1.jar!/, jar:file:/E:/2zynt/工作项目/CRMEB-JAVA-ET-V1.2(2025.4.25)/et_java/crmeb-front/target/Crmeb-front.jar!/BOOT-INF/lib/mybatis-3.5.3.jar!/, jar:file:/E:/2zynt/工作项目/CRMEB-JAVA-ET-V1.2(2025.4.25)/et_java/crmeb-front/target/Crmeb-front.jar!/BOOT-INF/lib/mybatis-spring-2.0.3.jar!/, jar:file:/E:/2zynt/工作项目/CRMEB-JAVA-ET-V1.2(2025.4.25)/et_java/crmeb-front/target/Crmeb-front.jar!/BOOT-INF/lib/mybatis-plus-generator-3.3.1.jar!/, jar:file:/E:/2zynt/工作项目/CRMEB-JAVA-ET-V1.2(2025.4.25)/et_java/crmeb-front/target/Crmeb-front.jar!/BOOT-INF/lib/swagger-annotations-1.5.21.jar!/, jar:file:/E:/2zynt/工作项目/CRMEB-JAVA-ET-V1.2(2025.4.25)/et_java/crmeb-front/target/Crmeb-front.jar!/BOOT-INF/lib/springfox-swagger2-2.9.2.jar!/, jar:file:/E:/2zynt/工作项目/CRMEB-JAVA-ET-V1.2(2025.4.25)/et_java/crmeb-front/target/Crmeb-front.jar!/BOOT-INF/lib/springfox-spi-2.9.2.jar!/, jar:file:/E:/2zynt/工作项目/CRMEB-JAVA-ET-V1.2(2025.4.25)/et_java/crmeb-front/target/Crmeb-front.jar!/BOOT-INF/lib/springfox-core-2.9.2.jar!/, jar:file:/E:/2zynt/工作项目/CRMEB-JAVA-ET-V1.2(2025.4.25)/et_java/crmeb-front/target/Crmeb-front.jar!/BOOT-INF/lib/byte-buddy-1.10.8.jar!/, jar:file:/E:/2zynt/工作项目/CRMEB-JAVA-ET-V1.2(2025.4.25)/et_java/crmeb-front/target/Crmeb-front.jar!/BOOT-INF/lib/springfox-schema-2.9.2.jar!/, jar:file:/E:/2zynt/工作项目/CRMEB-JAVA-ET-V1.2(2025.4.25)/et_java/crmeb-front/target/Crmeb-front.jar!/BOOT-INF/lib/springfox-swagger-common-2.9.2.jar!/, jar:file:/E:/2zynt/工作项目/CRMEB-JAVA-ET-V1.2(2025.4.25)/et_java/crmeb-front/target/Crmeb-front.jar!/BOOT-INF/lib/springfox-spring-web-2.9.2.jar!/, jar:file:/E:/2zynt/工作项目/CRMEB-JAVA-ET-V1.2(2025.4.25)/et_java/crmeb-front/target/Crmeb-front.jar!/BOOT-INF/lib/classmate-1.5.1.jar!/, jar:file:/E:/2zynt/工作项目/CRMEB-JAVA-ET-V1.2(2025.4.25)/et_java/crmeb-front/target/Crmeb-front.jar!/BOOT-INF/lib/slf4j-api-1.7.30.jar!/, jar:file:/E:/2zynt/工作项目/CRMEB-JAVA-ET-V1.2(2025.4.25)/et_java/crmeb-front/target/Crmeb-front.jar!/BOOT-INF/lib/spring-plugin-core-1.2.0.RELEASE.jar!/, jar:file:/E:/2zynt/工作项目/CRMEB-JAVA-ET-V1.2(2025.4.25)/et_java/crmeb-front/target/Crmeb-front.jar!/BOOT-INF/lib/spring-plugin-metadata-1.2.0.RELEASE.jar!/, jar:file:/E:/2zynt/工作项目/CRMEB-JAVA-ET-V1.2(2025.4.25)/et_java/crmeb-front/target/Crmeb-front.jar!/BOOT-INF/lib/mapstruct-1.2.0.Final.jar!/, jar:file:/E:/2zynt/工作项目/CRMEB-JAVA-ET-V1.2(2025.4.25)/et_java/crmeb-front/target/Crmeb-front.jar!/BOOT-INF/lib/swagger-models-1.5.22.jar!/, jar:file:/E:/2zynt/工作项目/CRMEB-JAVA-ET-V1.2(2025.4.25)/et_java/crmeb-front/target/Crmeb-front.jar!/BOOT-INF/lib/jackson-annotations-2.10.3.jar!/, jar:file:/E:/2zynt/工作项目/CRMEB-JAVA-ET-V1.2(2025.4.25)/et_java/crmeb-front/target/Crmeb-front.jar!/BOOT-INF/lib/swagger-bootstrap-ui-1.9.3.jar!/, jar:file:/E:/2zynt/工作项目/CRMEB-JAVA-ET-V1.2(2025.4.25)/et_java/crmeb-front/target/Crmeb-front.jar!/BOOT-INF/lib/spring-boot-autoconfigure-2.2.6.RELEASE.jar!/, jar:file:/E:/2zynt/工作项目/CRMEB-JAVA-ET-V1.2(2025.4.25)/et_java/crmeb-front/target/Crmeb-front.jar!/BOOT-INF/lib/logback-classic-1.2.3.jar!/, jar:file:/E:/2zynt/工作项目/CRMEB-JAVA-ET-V1.2(2025.4.25)/et_java/crmeb-front/target/Crmeb-front.jar!/BOOT-INF/lib/logback-core-1.2.3.jar!/, jar:file:/E:/2zynt/工作项目/CRMEB-JAVA-ET-V1.2(2025.4.25)/et_java/crmeb-front/target/Crmeb-front.jar!/BOOT-INF/lib/logstash-logback-encoder-5.3.jar!/, jar:file:/E:/2zynt/工作项目/CRMEB-JAVA-ET-V1.2(2025.4.25)/et_java/crmeb-front/target/Crmeb-front.jar!/BOOT-INF/lib/jackson-databind-2.10.3.jar!/, jar:file:/E:/2zynt/工作项目/CRMEB-JAVA-ET-V1.2(2025.4.25)/et_java/crmeb-front/target/Crmeb-front.jar!/BOOT-INF/lib/spring-boot-starter-web-2.2.6.RELEASE.jar!/, jar:file:/E:/2zynt/工作项目/CRMEB-JAVA-ET-V1.2(2025.4.25)/et_java/crmeb-front/target/Crmeb-front.jar!/BOOT-INF/lib/spring-boot-starter-2.2.6.RELEASE.jar!/, jar:file:/E:/2zynt/工作项目/CRMEB-JAVA-ET-V1.2(2025.4.25)/et_java/crmeb-front/target/Crmeb-front.jar!/BOOT-INF/lib/spring-boot-starter-logging-2.2.6.RELEASE.jar!/, jar:file:/E:/2zynt/工作项目/CRMEB-JAVA-ET-V1.2(2025.4.25)/et_java/crmeb-front/target/Crmeb-front.jar!/BOOT-INF/lib/log4j-to-slf4j-2.12.1.jar!/, jar:file:/E:/2zynt/工作项目/CRMEB-JAVA-ET-V1.2(2025.4.25)/et_java/crmeb-front/target/Crmeb-front.jar!/BOOT-INF/lib/log4j-api-2.12.1.jar!/, jar:file:/E:/2zynt/工作项目/CRMEB-JAVA-ET-V1.2(2025.4.25)/et_java/crmeb-front/target/Crmeb-front.jar!/BOOT-INF/lib/jul-to-slf4j-1.7.30.jar!/, jar:file:/E:/2zynt/工作项目/CRMEB-JAVA-ET-V1.2(2025.4.25)/et_java/crmeb-front/target/Crmeb-front.jar!/BOOT-INF/lib/jakarta.annotation-api-1.3.5.jar!/, jar:file:/E:/2zynt/工作项目/CRMEB-JAVA-ET-V1.2(2025.4.25)/et_java/crmeb-front/target/Crmeb-front.jar!/BOOT-INF/lib/snakeyaml-1.25.jar!/, jar:file:/E:/2zynt/工作项目/CRMEB-JAVA-ET-V1.2(2025.4.25)/et_java/crmeb-front/target/Crmeb-front.jar!/BOOT-INF/lib/spring-boot-starter-json-2.2.6.RELEASE.jar!/, jar:file:/E:/2zynt/工作项目/CRMEB-JAVA-ET-V1.2(2025.4.25)/et_java/crmeb-front/target/Crmeb-front.jar!/BOOT-INF/lib/jackson-datatype-jdk8-2.10.3.jar!/, jar:file:/E:/2zynt/工作项目/CRMEB-JAVA-ET-V1.2(2025.4.25)/et_java/crmeb-front/target/Crmeb-front.jar!/BOOT-INF/lib/jackson-datatype-jsr310-2.10.3.jar!/, jar:file:/E:/2zynt/工作项目/CRMEB-JAVA-ET-V1.2(2025.4.25)/et_java/crmeb-front/target/Crmeb-front.jar!/BOOT-INF/lib/jackson-module-parameter-names-2.10.3.jar!/, jar:file:/E:/2zynt/工作项目/CRMEB-JAVA-ET-V1.2(2025.4.25)/et_java/crmeb-front/target/Crmeb-front.jar!/BOOT-INF/lib/spring-boot-starter-tomcat-2.2.6.RELEASE.jar!/, jar:file:/E:/2zynt/工作项目/CRMEB-JAVA-ET-V1.2(2025.4.25)/et_java/crmeb-front/target/Crmeb-front.jar!/BOOT-INF/lib/tomcat-embed-websocket-9.0.33.jar!/, jar:file:/E:/2zynt/工作项目/CRMEB-JAVA-ET-V1.2(2025.4.25)/et_java/crmeb-front/target/Crmeb-front.jar!/BOOT-INF/lib/spring-boot-starter-validation-2.2.6.RELEASE.jar!/, jar:file:/E:/2zynt/工作项目/CRMEB-JAVA-ET-V1.2(2025.4.25)/et_java/crmeb-front/target/Crmeb-front.jar!/BOOT-INF/lib/jakarta.validation-api-2.0.2.jar!/, jar:file:/E:/2zynt/工作项目/CRMEB-JAVA-ET-V1.2(2025.4.25)/et_java/crmeb-front/target/Crmeb-front.jar!/BOOT-INF/lib/hibernate-validator-6.0.18.Final.jar!/, jar:file:/E:/2zynt/工作项目/CRMEB-JAVA-ET-V1.2(2025.4.25)/et_java/crmeb-front/target/Crmeb-front.jar!/BOOT-INF/lib/jboss-logging-3.4.1.Final.jar!/, jar:file:/E:/2zynt/工作项目/CRMEB-JAVA-ET-V1.2(2025.4.25)/et_java/crmeb-front/target/Crmeb-front.jar!/BOOT-INF/lib/spring-web-5.2.5.RELEASE.jar!/, jar:file:/E:/2zynt/工作项目/CRMEB-JAVA-ET-V1.2(2025.4.25)/et_java/crmeb-front/target/Crmeb-front.jar!/BOOT-INF/lib/spring-webmvc-5.2.5.RELEASE.jar!/, jar:file:/E:/2zynt/工作项目/CRMEB-JAVA-ET-V1.2(2025.4.25)/et_java/crmeb-front/target/Crmeb-front.jar!/BOOT-INF/lib/spring-expression-5.2.5.RELEASE.jar!/, jar:file:/E:/2zynt/工作项目/CRMEB-JAVA-ET-V1.2(2025.4.25)/et_java/crmeb-front/target/Crmeb-front.jar!/BOOT-INF/lib/spring-boot-starter-data-redis-2.2.0.RELEASE.jar!/, jar:file:/E:/2zynt/工作项目/CRMEB-JAVA-ET-V1.2(2025.4.25)/et_java/crmeb-front/target/Crmeb-front.jar!/BOOT-INF/lib/spring-data-redis-2.2.6.RELEASE.jar!/, jar:file:/E:/2zynt/工作项目/CRMEB-JAVA-ET-V1.2(2025.4.25)/et_java/crmeb-front/target/Crmeb-front.jar!/BOOT-INF/lib/spring-data-keyvalue-2.2.6.RELEASE.jar!/, jar:file:/E:/2zynt/工作项目/CRMEB-JAVA-ET-V1.2(2025.4.25)/et_java/crmeb-front/target/Crmeb-front.jar!/BOOT-INF/lib/spring-tx-5.2.5.RELEASE.jar!/, jar:file:/E:/2zynt/工作项目/CRMEB-JAVA-ET-V1.2(2025.4.25)/et_java/crmeb-front/target/Crmeb-front.jar!/BOOT-INF/lib/spring-oxm-5.2.5.RELEASE.jar!/, jar:file:/E:/2zynt/工作项目/CRMEB-JAVA-ET-V1.2(2025.4.25)/et_java/crmeb-front/target/Crmeb-front.jar!/BOOT-INF/lib/lettuce-core-5.2.2.RELEASE.jar!/, jar:file:/E:/2zynt/工作项目/CRMEB-JAVA-ET-V1.2(2025.4.25)/et_java/crmeb-front/target/Crmeb-front.jar!/BOOT-INF/lib/netty-common-4.1.48.Final.jar!/, jar:file:/E:/2zynt/工作项目/CRMEB-JAVA-ET-V1.2(2025.4.25)/et_java/crmeb-front/target/Crmeb-front.jar!/BOOT-INF/lib/netty-handler-4.1.48.Final.jar!/, jar:file:/E:/2zynt/工作项目/CRMEB-JAVA-ET-V1.2(2025.4.25)/et_java/crmeb-front/target/Crmeb-front.jar!/BOOT-INF/lib/netty-resolver-4.1.48.Final.jar!/, jar:file:/E:/2zynt/工作项目/CRMEB-JAVA-ET-V1.2(2025.4.25)/et_java/crmeb-front/target/Crmeb-front.jar!/BOOT-INF/lib/netty-buffer-4.1.48.Final.jar!/, jar:file:/E:/2zynt/工作项目/CRMEB-JAVA-ET-V1.2(2025.4.25)/et_java/crmeb-front/target/Crmeb-front.jar!/BOOT-INF/lib/netty-codec-4.1.48.Final.jar!/, jar:file:/E:/2zynt/工作项目/CRMEB-JAVA-ET-V1.2(2025.4.25)/et_java/crmeb-front/target/Crmeb-front.jar!/BOOT-INF/lib/netty-transport-4.1.48.Final.jar!/, jar:file:/E:/2zynt/工作项目/CRMEB-JAVA-ET-V1.2(2025.4.25)/et_java/crmeb-front/target/Crmeb-front.jar!/BOOT-INF/lib/reactor-core-3.3.4.RELEASE.jar!/, jar:file:/E:/2zynt/工作项目/CRMEB-JAVA-ET-V1.2(2025.4.25)/et_java/crmeb-front/target/Crmeb-front.jar!/BOOT-INF/lib/reactive-streams-1.0.3.jar!/, jar:file:/E:/2zynt/工作项目/CRMEB-JAVA-ET-V1.2(2025.4.25)/et_java/crmeb-front/target/Crmeb-front.jar!/BOOT-INF/lib/jedis-3.1.0.jar!/, jar:file:/E:/2zynt/工作项目/CRMEB-JAVA-ET-V1.2(2025.4.25)/et_java/crmeb-front/target/Crmeb-front.jar!/BOOT-INF/lib/commons-pool2-2.7.0.jar!/, jar:file:/E:/2zynt/工作项目/CRMEB-JAVA-ET-V1.2(2025.4.25)/et_java/crmeb-front/target/Crmeb-front.jar!/BOOT-INF/lib/pagehelper-spring-boot-starter-1.2.5.jar!/, jar:file:/E:/2zynt/工作项目/CRMEB-JAVA-ET-V1.2(2025.4.25)/et_java/crmeb-front/target/Crmeb-front.jar!/BOOT-INF/lib/mybatis-spring-boot-starter-1.3.2.jar!/, jar:file:/E:/2zynt/工作项目/CRMEB-JAVA-ET-V1.2(2025.4.25)/et_java/crmeb-front/target/Crmeb-front.jar!/BOOT-INF/lib/mybatis-spring-boot-autoconfigure-1.3.2.jar!/, jar:file:/E:/2zynt/工作项目/CRMEB-JAVA-ET-V1.2(2025.4.25)/et_java/crmeb-front/target/Crmeb-front.jar!/BOOT-INF/lib/pagehelper-spring-boot-autoconfigure-1.2.5.jar!/, jar:file:/E:/2zynt/工作项目/CRMEB-JAVA-ET-V1.2(2025.4.25)/et_java/crmeb-front/target/Crmeb-front.jar!/BOOT-INF/lib/pagehelper-5.1.4.jar!/, jar:file:/E:/2zynt/工作项目/CRMEB-JAVA-ET-V1.2(2025.4.25)/et_java/crmeb-front/target/Crmeb-front.jar!/BOOT-INF/lib/jsqlparser-1.0.jar!/, jar:file:/E:/2zynt/工作项目/CRMEB-JAVA-ET-V1.2(2025.4.25)/et_java/crmeb-front/target/Crmeb-front.jar!/BOOT-INF/lib/validation-api-1.1.0.Final.jar!/, jar:file:/E:/2zynt/工作项目/CRMEB-JAVA-ET-V1.2(2025.4.25)/et_java/crmeb-front/target/Crmeb-front.jar!/BOOT-INF/lib/spring-data-commons-2.2.6.RELEASE.jar!/, jar:file:/E:/2zynt/工作项目/CRMEB-JAVA-ET-V1.2(2025.4.25)/et_java/crmeb-front/target/Crmeb-front.jar!/BOOT-INF/lib/spring-beans-5.2.5.RELEASE.jar!/, jar:file:/E:/2zynt/工作项目/CRMEB-JAVA-ET-V1.2(2025.4.25)/et_java/crmeb-front/target/Crmeb-front.jar!/BOOT-INF/lib/hutool-all-4.5.7.jar!/, jar:file:/E:/2zynt/工作项目/CRMEB-JAVA-ET-V1.2(2025.4.25)/et_java/crmeb-front/target/Crmeb-front.jar!/BOOT-INF/lib/spring-boot-starter-actuator-2.2.6.RELEASE.jar!/, jar:file:/E:/2zynt/工作项目/CRMEB-JAVA-ET-V1.2(2025.4.25)/et_java/crmeb-front/target/Crmeb-front.jar!/BOOT-INF/lib/spring-boot-actuator-autoconfigure-2.2.6.RELEASE.jar!/, jar:file:/E:/2zynt/工作项目/CRMEB-JAVA-ET-V1.2(2025.4.25)/et_java/crmeb-front/target/Crmeb-front.jar!/BOOT-INF/lib/spring-boot-actuator-2.2.6.RELEASE.jar!/, jar:file:/E:/2zynt/工作项目/CRMEB-JAVA-ET-V1.2(2025.4.25)/et_java/crmeb-front/target/Crmeb-front.jar!/BOOT-INF/lib/micrometer-core-1.3.6.jar!/, jar:file:/E:/2zynt/工作项目/CRMEB-JAVA-ET-V1.2(2025.4.25)/et_java/crmeb-front/target/Crmeb-front.jar!/BOOT-INF/lib/HdrHistogram-2.1.11.jar!/, jar:file:/E:/2zynt/工作项目/CRMEB-JAVA-ET-V1.2(2025.4.25)/et_java/crmeb-front/target/Crmeb-front.jar!/BOOT-INF/lib/LatencyUtils-2.0.3.jar!/, jar:file:/E:/2zynt/工作项目/CRMEB-JAVA-ET-V1.2(2025.4.25)/et_java/crmeb-front/target/Crmeb-front.jar!/BOOT-INF/lib/httpclient-4.5.6.jar!/, jar:file:/E:/2zynt/工作项目/CRMEB-JAVA-ET-V1.2(2025.4.25)/et_java/crmeb-front/target/Crmeb-front.jar!/BOOT-INF/lib/httpcore-4.4.13.jar!/, jar:file:/E:/2zynt/工作项目/CRMEB-JAVA-ET-V1.2(2025.4.25)/et_java/crmeb-front/target/Crmeb-front.jar!/BOOT-INF/lib/commons-logging-1.2.jar!/, jar:file:/E:/2zynt/工作项目/CRMEB-JAVA-ET-V1.2(2025.4.25)/et_java/crmeb-front/target/Crmeb-front.jar!/BOOT-INF/lib/commons-codec-1.13.jar!/, jar:file:/E:/2zynt/工作项目/CRMEB-JAVA-ET-V1.2(2025.4.25)/et_java/crmeb-front/target/Crmeb-front.jar!/BOOT-INF/lib/spring-boot-starter-aop-2.2.6.RELEASE.jar!/, jar:file:/E:/2zynt/工作项目/CRMEB-JAVA-ET-V1.2(2025.4.25)/et_java/crmeb-front/target/Crmeb-front.jar!/BOOT-INF/lib/spring-aop-5.2.5.RELEASE.jar!/, jar:file:/E:/2zynt/工作项目/CRMEB-JAVA-ET-V1.2(2025.4.25)/et_java/crmeb-front/target/Crmeb-front.jar!/BOOT-INF/lib/aspectjweaver-1.9.5.jar!/, jar:file:/E:/2zynt/工作项目/CRMEB-JAVA-ET-V1.2(2025.4.25)/et_java/crmeb-front/target/Crmeb-front.jar!/BOOT-INF/lib/commons-lang3-3.10.jar!/, jar:file:/E:/2zynt/工作项目/CRMEB-JAVA-ET-V1.2(2025.4.25)/et_java/crmeb-front/target/Crmeb-front.jar!/BOOT-INF/lib/poi-3.17.jar!/, jar:file:/E:/2zynt/工作项目/CRMEB-JAVA-ET-V1.2(2025.4.25)/et_java/crmeb-front/target/Crmeb-front.jar!/BOOT-INF/lib/commons-collections4-4.1.jar!/, jar:file:/E:/2zynt/工作项目/CRMEB-JAVA-ET-V1.2(2025.4.25)/et_java/crmeb-front/target/Crmeb-front.jar!/BOOT-INF/lib/poi-ooxml-3.17.jar!/, jar:file:/E:/2zynt/工作项目/CRMEB-JAVA-ET-V1.2(2025.4.25)/et_java/crmeb-front/target/Crmeb-front.jar!/BOOT-INF/lib/poi-ooxml-schemas-3.17.jar!/, jar:file:/E:/2zynt/工作项目/CRMEB-JAVA-ET-V1.2(2025.4.25)/et_java/crmeb-front/target/Crmeb-front.jar!/BOOT-INF/lib/xmlbeans-2.6.0.jar!/, jar:file:/E:/2zynt/工作项目/CRMEB-JAVA-ET-V1.2(2025.4.25)/et_java/crmeb-front/target/Crmeb-front.jar!/BOOT-INF/lib/curvesapi-1.04.jar!/, jar:file:/E:/2zynt/工作项目/CRMEB-JAVA-ET-V1.2(2025.4.25)/et_java/crmeb-front/target/Crmeb-front.jar!/BOOT-INF/lib/commons-fileupload-1.3.3.jar!/, jar:file:/E:/2zynt/工作项目/CRMEB-JAVA-ET-V1.2(2025.4.25)/et_java/crmeb-front/target/Crmeb-front.jar!/BOOT-INF/lib/commons-io-2.4.jar!/, jar:file:/E:/2zynt/工作项目/CRMEB-JAVA-ET-V1.2(2025.4.25)/et_java/crmeb-front/target/Crmeb-front.jar!/BOOT-INF/lib/aliyun-sdk-oss-3.5.0.jar!/, jar:file:/E:/2zynt/工作项目/CRMEB-JAVA-ET-V1.2(2025.4.25)/et_java/crmeb-front/target/Crmeb-front.jar!/BOOT-INF/lib/jdom-1.1.jar!/, jar:file:/E:/2zynt/工作项目/CRMEB-JAVA-ET-V1.2(2025.4.25)/et_java/crmeb-front/target/Crmeb-front.jar!/BOOT-INF/lib/jettison-1.1.jar!/, jar:file:/E:/2zynt/工作项目/CRMEB-JAVA-ET-V1.2(2025.4.25)/et_java/crmeb-front/target/Crmeb-front.jar!/BOOT-INF/lib/stax-api-1.0.1.jar!/, jar:file:/E:/2zynt/工作项目/CRMEB-JAVA-ET-V1.2(2025.4.25)/et_java/crmeb-front/target/Crmeb-front.jar!/BOOT-INF/lib/aliyun-java-sdk-core-3.4.0.jar!/, jar:file:/E:/2zynt/工作项目/CRMEB-JAVA-ET-V1.2(2025.4.25)/et_java/crmeb-front/target/Crmeb-front.jar!/BOOT-INF/lib/aliyun-java-sdk-ram-3.0.0.jar!/, jar:file:/E:/2zynt/工作项目/CRMEB-JAVA-ET-V1.2(2025.4.25)/et_java/crmeb-front/target/Crmeb-front.jar!/BOOT-INF/lib/aliyun-java-sdk-sts-3.0.0.jar!/, jar:file:/E:/2zynt/工作项目/CRMEB-JAVA-ET-V1.2(2025.4.25)/et_java/crmeb-front/target/Crmeb-front.jar!/BOOT-INF/lib/aliyun-java-sdk-ecs-4.2.0.jar!/, jar:file:/E:/2zynt/工作项目/CRMEB-JAVA-ET-V1.2(2025.4.25)/et_java/crmeb-front/target/Crmeb-front.jar!/BOOT-INF/lib/cos_api-5.6.22.jar!/, jar:file:/E:/2zynt/工作项目/CRMEB-JAVA-ET-V1.2(2025.4.25)/et_java/crmeb-front/target/Crmeb-front.jar!/BOOT-INF/lib/joda-time-2.10.5.jar!/, jar:file:/E:/2zynt/工作项目/CRMEB-JAVA-ET-V1.2(2025.4.25)/et_java/crmeb-front/target/Crmeb-front.jar!/BOOT-INF/lib/bcprov-jdk15on-1.64.jar!/, jar:file:/E:/2zynt/工作项目/CRMEB-JAVA-ET-V1.2(2025.4.25)/et_java/crmeb-front/target/Crmeb-front.jar!/BOOT-INF/lib/qiniu-java-sdk-7.2.28.jar!/, jar:file:/E:/2zynt/工作项目/CRMEB-JAVA-ET-V1.2(2025.4.25)/et_java/crmeb-front/target/Crmeb-front.jar!/BOOT-INF/lib/okhttp-3.14.7.jar!/, jar:file:/E:/2zynt/工作项目/CRMEB-JAVA-ET-V1.2(2025.4.25)/et_java/crmeb-front/target/Crmeb-front.jar!/BOOT-INF/lib/okio-1.17.2.jar!/, jar:file:/E:/2zynt/工作项目/CRMEB-JAVA-ET-V1.2(2025.4.25)/et_java/crmeb-front/target/Crmeb-front.jar!/BOOT-INF/lib/gson-2.8.6.jar!/, jar:file:/E:/2zynt/工作项目/CRMEB-JAVA-ET-V1.2(2025.4.25)/et_java/crmeb-front/target/Crmeb-front.jar!/BOOT-INF/lib/dom4j-1.6.1.jar!/, jar:file:/E:/2zynt/工作项目/CRMEB-JAVA-ET-V1.2(2025.4.25)/et_java/crmeb-front/target/Crmeb-front.jar!/BOOT-INF/lib/xml-apis-1.0.b2.jar!/, jar:file:/E:/2zynt/工作项目/CRMEB-JAVA-ET-V1.2(2025.4.25)/et_java/crmeb-front/target/Crmeb-front.jar!/BOOT-INF/lib/xstream-1.4.10.jar!/, jar:file:/E:/2zynt/工作项目/CRMEB-JAVA-ET-V1.2(2025.4.25)/et_java/crmeb-front/target/Crmeb-front.jar!/BOOT-INF/lib/xmlpull-1.1.3.1.jar!/, jar:file:/E:/2zynt/工作项目/CRMEB-JAVA-ET-V1.2(2025.4.25)/et_java/crmeb-front/target/Crmeb-front.jar!/BOOT-INF/lib/xpp3_min-1.1.4c.jar!/, jar:file:/E:/2zynt/工作项目/CRMEB-JAVA-ET-V1.2(2025.4.25)/et_java/crmeb-front/target/Crmeb-front.jar!/BOOT-INF/lib/httpmime-4.5.2.jar!/, jar:file:/E:/2zynt/工作项目/CRMEB-JAVA-ET-V1.2(2025.4.25)/et_java/crmeb-front/target/Crmeb-front.jar!/BOOT-INF/lib/jjwt-0.9.1.jar!/, jar:file:/E:/2zynt/工作项目/CRMEB-JAVA-ET-V1.2(2025.4.25)/et_java/crmeb-front/target/Crmeb-front.jar!/BOOT-INF/lib/jwks-rsa-0.9.0.jar!/, jar:file:/E:/2zynt/工作项目/CRMEB-JAVA-ET-V1.2(2025.4.25)/et_java/crmeb-front/target/Crmeb-front.jar!/BOOT-INF/lib/spring-boot-starter-security-2.2.6.RELEASE.jar!/, jar:file:/E:/2zynt/工作项目/CRMEB-JAVA-ET-V1.2(2025.4.25)/et_java/crmeb-front/target/Crmeb-front.jar!/BOOT-INF/lib/spring-security-config-5.2.2.RELEASE.jar!/, jar:file:/E:/2zynt/工作项目/CRMEB-JAVA-ET-V1.2(2025.4.25)/et_java/crmeb-front/target/Crmeb-front.jar!/BOOT-INF/lib/spring-security-core-5.2.2.RELEASE.jar!/, jar:file:/E:/2zynt/工作项目/CRMEB-JAVA-ET-V1.2(2025.4.25)/et_java/crmeb-front/target/Crmeb-front.jar!/BOOT-INF/lib/spring-security-web-5.2.2.RELEASE.jar!/, jar:file:/E:/2zynt/工作项目/CRMEB-JAVA-ET-V1.2(2025.4.25)/et_java/crmeb-front/target/Crmeb-front.jar!/BOOT-INF/lib/spring-boot-starter-mail-2.2.6.RELEASE.jar!/, jar:file:/E:/2zynt/工作项目/CRMEB-JAVA-ET-V1.2(2025.4.25)/et_java/crmeb-front/target/Crmeb-front.jar!/BOOT-INF/lib/spring-context-support-5.2.5.RELEASE.jar!/, jar:file:/E:/2zynt/工作项目/CRMEB-JAVA-ET-V1.2(2025.4.25)/et_java/crmeb-front/target/Crmeb-front.jar!/BOOT-INF/lib/jakarta.mail-1.6.5.jar!/, jar:file:/E:/2zynt/工作项目/CRMEB-JAVA-ET-V1.2(2025.4.25)/et_java/crmeb-front/target/Crmeb-front.jar!/BOOT-INF/lib/jakarta.activation-1.2.2.jar!/, jar:file:/E:/2zynt/工作项目/CRMEB-JAVA-ET-V1.2(2025.4.25)/et_java/crmeb-front/target/Crmeb-front.jar!/BOOT-INF/lib/checkout-sdk-1.0.4.jar!/, jar:file:/E:/2zynt/工作项目/CRMEB-JAVA-ET-V1.2(2025.4.25)/et_java/crmeb-front/target/Crmeb-front.jar!/BOOT-INF/lib/paypalhttp-1.0.2.jar!/, jar:file:/E:/2zynt/工作项目/CRMEB-JAVA-ET-V1.2(2025.4.25)/et_java/crmeb-front/target/Crmeb-front.jar!/BOOT-INF/lib/dysmsapi20170525-2.0.8.jar!/, jar:file:/E:/2zynt/工作项目/CRMEB-JAVA-ET-V1.2(2025.4.25)/et_java/crmeb-front/target/Crmeb-front.jar!/BOOT-INF/lib/tea-util-0.2.13.jar!/, jar:file:/E:/2zynt/工作项目/CRMEB-JAVA-ET-V1.2(2025.4.25)/et_java/crmeb-front/target/Crmeb-front.jar!/BOOT-INF/lib/endpoint-util-0.0.6.jar!/, jar:file:/E:/2zynt/工作项目/CRMEB-JAVA-ET-V1.2(2025.4.25)/et_java/crmeb-front/target/Crmeb-front.jar!/BOOT-INF/lib/tea-1.1.14.jar!/, jar:file:/E:/2zynt/工作项目/CRMEB-JAVA-ET-V1.2(2025.4.25)/et_java/crmeb-front/target/Crmeb-front.jar!/BOOT-INF/lib/org.jacoco.agent-0.8.4-runtime.jar!/, jar:file:/E:/2zynt/工作项目/CRMEB-JAVA-ET-V1.2(2025.4.25)/et_java/crmeb-front/target/Crmeb-front.jar!/BOOT-INF/lib/tea-openapi-0.1.6.jar!/, jar:file:/E:/2zynt/工作项目/CRMEB-JAVA-ET-V1.2(2025.4.25)/et_java/crmeb-front/target/Crmeb-front.jar!/BOOT-INF/lib/credentials-java-0.2.4.jar!/, jar:file:/E:/2zynt/工作项目/CRMEB-JAVA-ET-V1.2(2025.4.25)/et_java/crmeb-front/target/Crmeb-front.jar!/BOOT-INF/lib/ini4j-0.5.4.jar!/, jar:file:/E:/2zynt/工作项目/CRMEB-JAVA-ET-V1.2(2025.4.25)/et_java/crmeb-front/target/Crmeb-front.jar!/BOOT-INF/lib/jaxb-api-2.3.1.jar!/, jar:file:/E:/2zynt/工作项目/CRMEB-JAVA-ET-V1.2(2025.4.25)/et_java/crmeb-front/target/Crmeb-front.jar!/BOOT-INF/lib/javax.activation-api-1.2.0.jar!/, jar:file:/E:/2zynt/工作项目/CRMEB-JAVA-ET-V1.2(2025.4.25)/et_java/crmeb-front/target/Crmeb-front.jar!/BOOT-INF/lib/jaxb-core-2.3.0.jar!/, jar:file:/E:/2zynt/工作项目/CRMEB-JAVA-ET-V1.2(2025.4.25)/et_java/crmeb-front/target/Crmeb-front.jar!/BOOT-INF/lib/jaxb-impl-2.3.0.jar!/, jar:file:/E:/2zynt/工作项目/CRMEB-JAVA-ET-V1.2(2025.4.25)/et_java/crmeb-front/target/Crmeb-front.jar!/BOOT-INF/lib/openapiutil-0.1.13.jar!/, jar:file:/E:/2zynt/工作项目/CRMEB-JAVA-ET-V1.2(2025.4.25)/et_java/crmeb-front/target/Crmeb-front.jar!/BOOT-INF/lib/sdk-core-java-1.1.7.jar!/, jar:file:/E:/2zynt/工作项目/CRMEB-JAVA-ET-V1.2(2025.4.25)/et_java/crmeb-front/target/Crmeb-front.jar!/BOOT-INF/lib/juniversalchardet-1.0.3.jar!/, jar:file:/E:/2zynt/工作项目/CRMEB-JAVA-ET-V1.2(2025.4.25)/et_java/crmeb-front/target/Crmeb-front.jar!/BOOT-INF/lib/plexus-digest-1.0.jar!/, jar:file:/E:/2zynt/工作项目/CRMEB-JAVA-ET-V1.2(2025.4.25)/et_java/crmeb-front/target/Crmeb-front.jar!/BOOT-INF/lib/plexus-container-default-1.0-alpha-8.jar!/, jar:file:/E:/2zynt/工作项目/CRMEB-JAVA-ET-V1.2(2025.4.25)/et_java/crmeb-front/target/Crmeb-front.jar!/BOOT-INF/lib/plexus-utils-1.0.4.jar!/, jar:file:/E:/2zynt/工作项目/CRMEB-JAVA-ET-V1.2(2025.4.25)/et_java/crmeb-front/target/Crmeb-front.jar!/BOOT-INF/lib/classworlds-1.1-alpha-2.jar!/, jar:file:/E:/2zynt/工作项目/CRMEB-JAVA-ET-V1.2(2025.4.25)/et_java/crmeb-front/target/Crmeb-front.jar!/BOOT-INF/lib/stripe-java-20.124.0.jar!/, jar:file:/E:/2zynt/工作项目/CRMEB-JAVA-ET-V1.2(2025.4.25)/et_java/crmeb-front/target/Crmeb-front.jar!/BOOT-INF/lib/weixin-java-pay-4.5.0.jar!/, jar:file:/E:/2zynt/工作项目/CRMEB-JAVA-ET-V1.2(2025.4.25)/et_java/crmeb-front/target/Crmeb-front.jar!/BOOT-INF/lib/weixin-java-common-4.5.0.jar!/, jar:file:/E:/2zynt/工作项目/CRMEB-JAVA-ET-V1.2(2025.4.25)/et_java/crmeb-front/target/Crmeb-front.jar!/BOOT-INF/lib/jcl-over-slf4j-1.7.30.jar!/, jar:file:/E:/2zynt/工作项目/CRMEB-JAVA-ET-V1.2(2025.4.25)/et_java/crmeb-front/target/Crmeb-front.jar!/BOOT-INF/lib/dom4j-2.1.3.jar!/, jar:file:/E:/2zynt/工作项目/CRMEB-JAVA-ET-V1.2(2025.4.25)/et_java/crmeb-front/target/Crmeb-front.jar!/BOOT-INF/lib/qrcode-utils-1.1.jar!/, jar:file:/E:/2zynt/工作项目/CRMEB-JAVA-ET-V1.2(2025.4.25)/et_java/crmeb-front/target/Crmeb-front.jar!/BOOT-INF/lib/bcpkix-jdk15on-1.68.jar!/, jar:file:/E:/2zynt/工作项目/CRMEB-JAVA-ET-V1.2(2025.4.25)/et_java/crmeb-front/target/Crmeb-front.jar!/BOOT-INF/lib/jodd-http-6.2.1.jar!/, jar:file:/E:/2zynt/工作项目/CRMEB-JAVA-ET-V1.2(2025.4.25)/et_java/crmeb-front/target/Crmeb-front.jar!/BOOT-INF/lib/jodd-util-6.1.0.jar!/, jar:file:/E:/2zynt/工作项目/CRMEB-JAVA-ET-V1.2(2025.4.25)/et_java/crmeb-front/target/Crmeb-front.jar!/BOOT-INF/lib/javase-3.3.3.jar!/, jar:file:/E:/2zynt/工作项目/CRMEB-JAVA-ET-V1.2(2025.4.25)/et_java/crmeb-front/target/Crmeb-front.jar!/BOOT-INF/lib/core-3.3.3.jar!/, jar:file:/E:/2zynt/工作项目/CRMEB-JAVA-ET-V1.2(2025.4.25)/et_java/crmeb-front/target/Crmeb-front.jar!/BOOT-INF/lib/jcommander-1.72.jar!/, jar:file:/E:/2zynt/工作项目/CRMEB-JAVA-ET-V1.2(2025.4.25)/et_java/crmeb-front/target/Crmeb-front.jar!/BOOT-INF/lib/jai-imageio-core-1.4.0.jar!/, jar:file:/E:/2zynt/工作项目/CRMEB-JAVA-ET-V1.2(2025.4.25)/et_java/crmeb-front/target/Crmeb-front.jar!/BOOT-INF/lib/google-api-client-1.30.10.jar!/, jar:file:/E:/2zynt/工作项目/CRMEB-JAVA-ET-V1.2(2025.4.25)/et_java/crmeb-front/target/Crmeb-front.jar!/BOOT-INF/lib/google-oauth-client-1.31.0.jar!/, jar:file:/E:/2zynt/工作项目/CRMEB-JAVA-ET-V1.2(2025.4.25)/et_java/crmeb-front/target/Crmeb-front.jar!/BOOT-INF/lib/google-http-client-1.35.0.jar!/, jar:file:/E:/2zynt/工作项目/CRMEB-JAVA-ET-V1.2(2025.4.25)/et_java/crmeb-front/target/Crmeb-front.jar!/BOOT-INF/lib/opencensus-api-0.24.0.jar!/, jar:file:/E:/2zynt/工作项目/CRMEB-JAVA-ET-V1.2(2025.4.25)/et_java/crmeb-front/target/Crmeb-front.jar!/BOOT-INF/lib/grpc-context-1.22.1.jar!/, jar:file:/E:/2zynt/工作项目/CRMEB-JAVA-ET-V1.2(2025.4.25)/et_java/crmeb-front/target/Crmeb-front.jar!/BOOT-INF/lib/opencensus-contrib-http-util-0.24.0.jar!/, jar:file:/E:/2zynt/工作项目/CRMEB-JAVA-ET-V1.2(2025.4.25)/et_java/crmeb-front/target/Crmeb-front.jar!/BOOT-INF/lib/jsr305-3.0.2.jar!/, jar:file:/E:/2zynt/工作项目/CRMEB-JAVA-ET-V1.2(2025.4.25)/et_java/crmeb-front/target/Crmeb-front.jar!/BOOT-INF/lib/google-http-client-jackson2-1.36.0.jar!/, jar:file:/E:/2zynt/工作项目/CRMEB-JAVA-ET-V1.2(2025.4.25)/et_java/crmeb-front/target/Crmeb-front.jar!/BOOT-INF/lib/jackson-core-2.10.3.jar!/, jar:file:/E:/2zynt/工作项目/CRMEB-JAVA-ET-V1.2(2025.4.25)/et_java/crmeb-front/target/Crmeb-front.jar!/BOOT-INF/lib/guava-29.0-android.jar!/, jar:file:/E:/2zynt/工作项目/CRMEB-JAVA-ET-V1.2(2025.4.25)/et_java/crmeb-front/target/Crmeb-front.jar!/BOOT-INF/lib/failureaccess-1.0.1.jar!/, jar:file:/E:/2zynt/工作项目/CRMEB-JAVA-ET-V1.2(2025.4.25)/et_java/crmeb-front/target/Crmeb-front.jar!/BOOT-INF/lib/listenablefuture-9999.0-empty-to-avoid-conflict-with-guava.jar!/, jar:file:/E:/2zynt/工作项目/CRMEB-JAVA-ET-V1.2(2025.4.25)/et_java/crmeb-front/target/Crmeb-front.jar!/BOOT-INF/lib/checker-compat-qual-2.5.5.jar!/, jar:file:/E:/2zynt/工作项目/CRMEB-JAVA-ET-V1.2(2025.4.25)/et_java/crmeb-front/target/Crmeb-front.jar!/BOOT-INF/lib/error_prone_annotations-2.3.4.jar!/, jar:file:/E:/2zynt/工作项目/CRMEB-JAVA-ET-V1.2(2025.4.25)/et_java/crmeb-front/target/Crmeb-front.jar!/BOOT-INF/lib/j2objc-annotations-1.3.jar!/, jar:file:/E:/2zynt/工作项目/CRMEB-JAVA-ET-V1.2(2025.4.25)/et_java/crmeb-front/target/Crmeb-front.jar!/BOOT-INF/lib/twitter4j-core-4.0.7.jar!/, jar:file:/E:/2zynt/工作项目/CRMEB-JAVA-ET-V1.2(2025.4.25)/et_java/crmeb-front/target/Crmeb-front.jar!/BOOT-INF/lib/spring-boot-jarmode-layertools-2.6.6.jar!/]" }
                    
{
                    "app": "Crmeb",
                    "timestamp":"2025-09-18 19:06:55.934",
                    "level": "DEBUG",
                    "thread": "main",
                    "class": "o.springframework.boot.SpringApplication",
                    "message": "Loading source class com.zbkj.front.CrmebFrontApplication" }
                    
{
                    "app": "Crmeb",
                    "timestamp":"2025-09-18 19:06:55.973",
                    "level": "DEBUG",
                    "thread": "main",
                    "class": "o.s.b.c.c.ConfigFileApplicationListener",
                    "message": "Loaded config file 'jar:file:/E:/2zynt/%E5%B7%A5%E4%BD%9C%E9%A1%B9%E7%9B%AE/CRMEB-JAVA-ET-V1.2(2025.4.25)/et_java/crmeb-front/target/Crmeb-front.jar!/BOOT-INF/classes!/application.yml' (classpath:/application.yml)" }
                    
{
                    "app": "Crmeb",
                    "timestamp":"2025-09-18 19:06:55.974",
                    "level": "DEBUG",
                    "thread": "main",
                    "class": "o.s.b.w.s.c.AnnotationConfigServletWebServerApplicationContext",
                    "message": "Refreshing org.springframework.boot.web.servlet.context.AnnotationConfigServletWebServerApplicationContext@cc285f4" }
                    
{
                    "app": "Crmeb",
                    "timestamp":"2025-09-18 19:06:58.114",
                    "level": "DEBUG",
                    "thread": "main",
                    "class": "o.s.b.w.e.t.TomcatServletWebServerFactory",
                    "message": "Code archive: E:\2zynt\工作项目\CRMEB-JAVA-ET-V1.2(2025.4.25)\et_java\crmeb-front\target\Crmeb-front.jar" }
                    
{
                    "app": "Crmeb",
                    "timestamp":"2025-09-18 19:06:58.115",
                    "level": "DEBUG",
                    "thread": "main",
                    "class": "o.s.b.w.e.t.TomcatServletWebServerFactory",
                    "message": "Code archive: E:\2zynt\工作项目\CRMEB-JAVA-ET-V1.2(2025.4.25)\et_java\crmeb-front\target\Crmeb-front.jar" }
                    
{
                    "app": "Crmeb",
                    "timestamp":"2025-09-18 19:06:58.116",
                    "level": "DEBUG",
                    "thread": "main",
                    "class": "o.s.b.w.e.t.TomcatServletWebServerFactory",
                    "message": "None of the document roots [src/main/webapp, public, static] point to a directory and will be ignored." }
                    
{
                    "app": "Crmeb",
                    "timestamp":"2025-09-18 19:06:58.571",
                    "level": "DEBUG",
                    "thread": "main",
                    "class": "o.s.web.context.ContextLoader",
                    "message": "Published root WebApplicationContext as ServletContext attribute with name [org.springframework.web.context.WebApplicationContext.ROOT]" }
                    
{
                    "app": "Crmeb",
                    "timestamp":"2025-09-18 19:06:59.014",
                    "level": "DEBUG",
                    "thread": "main",
                    "class": "o.s.b.w.s.ServletContextInitializerBeans",
                    "message": "Mapping filters: filterRegistrationBean urls=[/*] order=-2147483647, springSecurityFilterChain urls=[/*] order=-100, filterRegistrationBean urls=[/*] order=2147483647, filterRegistrationBean urls=[/*] order=2147483647, characterEncodingFilter urls=[/*] order=-2147483648, formContentFilter urls=[/*] order=-9900, requestContextFilter urls=[/*] order=-105, corsFilter urls=[/*] order=2147483647" }
                    
{
                    "app": "Crmeb",
                    "timestamp":"2025-09-18 19:06:59.016",
                    "level": "DEBUG",
                    "thread": "main",
                    "class": "o.s.b.w.s.ServletContextInitializerBeans",
                    "message": "Mapping servlets: statViewServlet urls=[/druid/*], dispatcherServlet urls=[/]" }
                    
{
                    "app": "Crmeb",
                    "timestamp":"2025-09-18 19:06:59.065",
                    "level": "DEBUG",
                    "thread": "main",
                    "class": "o.s.b.a.m.w.servlet.WebMvcMetricsFilter",
                    "message": "Filter 'webMvcMetricsFilter' configured for use" }
                    
{
                    "app": "Crmeb",
                    "timestamp":"2025-09-18 19:06:59.067",
                    "level": "DEBUG",
                    "thread": "main",
                    "class": "o.s.b.w.s.f.OrderedRequestContextFilter",
                    "message": "Filter 'requestContextFilter' configured for use" }
                    
{
                    "app": "Crmeb",
                    "timestamp":"2025-09-18 19:06:59.069",
                    "level": "DEBUG",
                    "thread": "main",
                    "class": "o.springframework.web.filter.CorsFilter",
                    "message": "Filter 'corsFilter' configured for use" }
                    
{
                    "app": "Crmeb",
                    "timestamp":"2025-09-18 19:06:59.070",
                    "level": "DEBUG",
                    "thread": "main",
                    "class": "o.s.b.w.s.f.OrderedCharacterEncodingFilter",
                    "message": "Filter 'characterEncodingFilter' configured for use" }
                    
{
                    "app": "Crmeb",
                    "timestamp":"2025-09-18 19:06:59.071",
                    "level": "DEBUG",
                    "thread": "main",
                    "class": "o.s.b.w.s.DelegatingFilterProxyRegistrationBean$1",
                    "message": "Filter 'springSecurityFilterChain' configured for use" }
                    
{
                    "app": "Crmeb",
                    "timestamp":"2025-09-18 19:06:59.071",
                    "level": "DEBUG",
                    "thread": "main",
                    "class": "o.s.b.w.s.f.OrderedFormContentFilter",
                    "message": "Filter 'formContentFilter' configured for use" }
                    
{
                    "app": "Crmeb",
                    "timestamp":"2025-09-18 19:07:04.171",
                    "level": "DEBUG",
                    "thread": "main",
                    "class": "o.s.w.s.m.m.a.RequestMappingHandlerMapping",
                    "message": "151 mappings in 'requestMappingHandlerMapping'" }
                    
{
                    "app": "Crmeb",
                    "timestamp":"2025-09-18 19:07:04.555",
                    "level": "DEBUG",
                    "thread": "main",
                    "class": "o.s.w.s.m.m.a.RequestMappingHandlerAdapter",
                    "message": "ControllerAdvice beans: 0 @ModelAttribute, 0 @InitBinder, 1 RequestBodyAdvice, 1 ResponseBodyAdvice" }
                    
{
                    "app": "Crmeb",
                    "timestamp":"2025-09-18 19:07:04.668",
                    "level": "DEBUG",
                    "thread": "main",
                    "class": "o.s.w.s.handler.SimpleUrlHandlerMapping",
                    "message": "Patterns [/webjars/**, /**, /doc.html] in 'resourceHandlerMapping'" }
                    
{
                    "app": "Crmeb",
                    "timestamp":"2025-09-18 19:07:04.691",
                    "level": "DEBUG",
                    "thread": "main",
                    "class": "o.s.w.s.m.m.a.ExceptionHandlerExceptionResolver",
                    "message": "ControllerAdvice beans: 1 @ExceptionHandler, 1 ResponseBodyAdvice" }
                    
