{
                    "app": "Crmeb",
                    "timestamp":"2025-09-19 09:03:32.027",
                    "level": "DEBUG",
                    "thread": "main",
                    "class": "o.s.b.c.l.ClasspathLoggingApplicationListener",
                    "message": "Application started with classpath: [jar:file:/E:/2zynt/工作项目/CRMEB-JAVA-ET-V1.2(2025.4.25)/et_java/crmeb-front/target/Crmeb-front.jar!/BOOT-INF/classes!/, jar:file:/E:/2zynt/工作项目/CRMEB-JAVA-ET-V1.2(2025.4.25)/et_java/crmeb-front/target/Crmeb-front.jar!/BOOT-INF/lib/crmeb-service-0.0.1-SNAPSHOT.jar!/, jar:file:/E:/2zynt/工作项目/CRMEB-JAVA-ET-V1.2(2025.4.25)/et_java/crmeb-front/target/Crmeb-front.jar!/BOOT-INF/lib/crmeb-common-0.0.1-SNAPSHOT.jar!/, jar:file:/E:/2zynt/工作项目/CRMEB-JAVA-ET-V1.2(2025.4.25)/et_java/crmeb-front/target/Crmeb-front.jar!/BOOT-INF/lib/javax.servlet-api-4.0.1.jar!/, jar:file:/E:/2zynt/工作项目/CRMEB-JAVA-ET-V1.2(2025.4.25)/et_java/crmeb-front/target/Crmeb-front.jar!/BOOT-INF/lib/jstl-1.2.jar!/, jar:file:/E:/2zynt/工作项目/CRMEB-JAVA-ET-V1.2(2025.4.25)/et_java/crmeb-front/target/Crmeb-front.jar!/BOOT-INF/lib/tomcat-embed-jasper-9.0.33.jar!/, jar:file:/E:/2zynt/工作项目/CRMEB-JAVA-ET-V1.2(2025.4.25)/et_java/crmeb-front/target/Crmeb-front.jar!/BOOT-INF/lib/tomcat-embed-core-9.0.33.jar!/, jar:file:/E:/2zynt/工作项目/CRMEB-JAVA-ET-V1.2(2025.4.25)/et_java/crmeb-front/target/Crmeb-front.jar!/BOOT-INF/lib/tomcat-annotations-api-9.0.33.jar!/, jar:file:/E:/2zynt/工作项目/CRMEB-JAVA-ET-V1.2(2025.4.25)/et_java/crmeb-front/target/Crmeb-front.jar!/BOOT-INF/lib/tomcat-embed-el-9.0.33.jar!/, jar:file:/E:/2zynt/工作项目/CRMEB-JAVA-ET-V1.2(2025.4.25)/et_java/crmeb-front/target/Crmeb-front.jar!/BOOT-INF/lib/ecj-3.18.0.jar!/, jar:file:/E:/2zynt/工作项目/CRMEB-JAVA-ET-V1.2(2025.4.25)/et_java/crmeb-front/target/Crmeb-front.jar!/BOOT-INF/lib/tomcat-jsp-api-9.0.33.jar!/, jar:file:/E:/2zynt/工作项目/CRMEB-JAVA-ET-V1.2(2025.4.25)/et_java/crmeb-front/target/Crmeb-front.jar!/BOOT-INF/lib/tomcat-el-api-9.0.33.jar!/, jar:file:/E:/2zynt/工作项目/CRMEB-JAVA-ET-V1.2(2025.4.25)/et_java/crmeb-front/target/Crmeb-front.jar!/BOOT-INF/lib/tomcat-servlet-api-9.0.33.jar!/, jar:file:/E:/2zynt/工作项目/CRMEB-JAVA-ET-V1.2(2025.4.25)/et_java/crmeb-front/target/Crmeb-front.jar!/BOOT-INF/lib/fastjson-2.0.38.jar!/, jar:file:/E:/2zynt/工作项目/CRMEB-JAVA-ET-V1.2(2025.4.25)/et_java/crmeb-front/target/Crmeb-front.jar!/BOOT-INF/lib/fastjson2-extension-2.0.38.jar!/, jar:file:/E:/2zynt/工作项目/CRMEB-JAVA-ET-V1.2(2025.4.25)/et_java/crmeb-front/target/Crmeb-front.jar!/BOOT-INF/lib/fastjson2-2.0.38.jar!/, jar:file:/E:/2zynt/工作项目/CRMEB-JAVA-ET-V1.2(2025.4.25)/et_java/crmeb-front/target/Crmeb-front.jar!/BOOT-INF/lib/druid-1.1.20.jar!/, jar:file:/E:/2zynt/工作项目/CRMEB-JAVA-ET-V1.2(2025.4.25)/et_java/crmeb-front/target/Crmeb-front.jar!/BOOT-INF/lib/mysql-connector-j-8.0.33.jar!/, jar:file:/E:/2zynt/工作项目/CRMEB-JAVA-ET-V1.2(2025.4.25)/et_java/crmeb-front/target/Crmeb-front.jar!/BOOT-INF/lib/protobuf-java-3.21.9.jar!/, jar:file:/E:/2zynt/工作项目/CRMEB-JAVA-ET-V1.2(2025.4.25)/et_java/crmeb-front/target/Crmeb-front.jar!/BOOT-INF/lib/lombok-1.18.12.jar!/, jar:file:/E:/2zynt/工作项目/CRMEB-JAVA-ET-V1.2(2025.4.25)/et_java/crmeb-front/target/Crmeb-front.jar!/BOOT-INF/lib/mybatis-plus-boot-starter-3.3.1.jar!/, jar:file:/E:/2zynt/工作项目/CRMEB-JAVA-ET-V1.2(2025.4.25)/et_java/crmeb-front/target/Crmeb-front.jar!/BOOT-INF/lib/spring-boot-starter-jdbc-2.2.6.RELEASE.jar!/, jar:file:/E:/2zynt/工作项目/CRMEB-JAVA-ET-V1.2(2025.4.25)/et_java/crmeb-front/target/Crmeb-front.jar!/BOOT-INF/lib/HikariCP-3.4.2.jar!/, jar:file:/E:/2zynt/工作项目/CRMEB-JAVA-ET-V1.2(2025.4.25)/et_java/crmeb-front/target/Crmeb-front.jar!/BOOT-INF/lib/spring-jdbc-5.2.5.RELEASE.jar!/, jar:file:/E:/2zynt/工作项目/CRMEB-JAVA-ET-V1.2(2025.4.25)/et_java/crmeb-front/target/Crmeb-front.jar!/BOOT-INF/lib/spring-boot-test-2.2.6.RELEASE.jar!/, jar:file:/E:/2zynt/工作项目/CRMEB-JAVA-ET-V1.2(2025.4.25)/et_java/crmeb-front/target/Crmeb-front.jar!/BOOT-INF/lib/spring-boot-2.2.6.RELEASE.jar!/, jar:file:/E:/2zynt/工作项目/CRMEB-JAVA-ET-V1.2(2025.4.25)/et_java/crmeb-front/target/Crmeb-front.jar!/BOOT-INF/lib/spring-context-5.2.5.RELEASE.jar!/, jar:file:/E:/2zynt/工作项目/CRMEB-JAVA-ET-V1.2(2025.4.25)/et_java/crmeb-front/target/Crmeb-front.jar!/BOOT-INF/lib/spring-test-5.2.5.RELEASE.jar!/, jar:file:/E:/2zynt/工作项目/CRMEB-JAVA-ET-V1.2(2025.4.25)/et_java/crmeb-front/target/Crmeb-front.jar!/BOOT-INF/lib/spring-core-5.2.5.RELEASE.jar!/, jar:file:/E:/2zynt/工作项目/CRMEB-JAVA-ET-V1.2(2025.4.25)/et_java/crmeb-front/target/Crmeb-front.jar!/BOOT-INF/lib/spring-jcl-5.2.5.RELEASE.jar!/, jar:file:/E:/2zynt/工作项目/CRMEB-JAVA-ET-V1.2(2025.4.25)/et_java/crmeb-front/target/Crmeb-front.jar!/BOOT-INF/lib/mybatis-plus-3.3.1.jar!/, jar:file:/E:/2zynt/工作项目/CRMEB-JAVA-ET-V1.2(2025.4.25)/et_java/crmeb-front/target/Crmeb-front.jar!/BOOT-INF/lib/mybatis-plus-extension-3.3.1.jar!/, jar:file:/E:/2zynt/工作项目/CRMEB-JAVA-ET-V1.2(2025.4.25)/et_java/crmeb-front/target/Crmeb-front.jar!/BOOT-INF/lib/mybatis-plus-core-3.3.1.jar!/, jar:file:/E:/2zynt/工作项目/CRMEB-JAVA-ET-V1.2(2025.4.25)/et_java/crmeb-front/target/Crmeb-front.jar!/BOOT-INF/lib/mybatis-plus-annotation-3.3.1.jar!/, jar:file:/E:/2zynt/工作项目/CRMEB-JAVA-ET-V1.2(2025.4.25)/et_java/crmeb-front/target/Crmeb-front.jar!/BOOT-INF/lib/mybatis-3.5.3.jar!/, jar:file:/E:/2zynt/工作项目/CRMEB-JAVA-ET-V1.2(2025.4.25)/et_java/crmeb-front/target/Crmeb-front.jar!/BOOT-INF/lib/mybatis-spring-2.0.3.jar!/, jar:file:/E:/2zynt/工作项目/CRMEB-JAVA-ET-V1.2(2025.4.25)/et_java/crmeb-front/target/Crmeb-front.jar!/BOOT-INF/lib/mybatis-plus-generator-3.3.1.jar!/, jar:file:/E:/2zynt/工作项目/CRMEB-JAVA-ET-V1.2(2025.4.25)/et_java/crmeb-front/target/Crmeb-front.jar!/BOOT-INF/lib/swagger-annotations-1.5.21.jar!/, jar:file:/E:/2zynt/工作项目/CRMEB-JAVA-ET-V1.2(2025.4.25)/et_java/crmeb-front/target/Crmeb-front.jar!/BOOT-INF/lib/springfox-swagger2-2.9.2.jar!/, jar:file:/E:/2zynt/工作项目/CRMEB-JAVA-ET-V1.2(2025.4.25)/et_java/crmeb-front/target/Crmeb-front.jar!/BOOT-INF/lib/springfox-spi-2.9.2.jar!/, jar:file:/E:/2zynt/工作项目/CRMEB-JAVA-ET-V1.2(2025.4.25)/et_java/crmeb-front/target/Crmeb-front.jar!/BOOT-INF/lib/springfox-core-2.9.2.jar!/, jar:file:/E:/2zynt/工作项目/CRMEB-JAVA-ET-V1.2(2025.4.25)/et_java/crmeb-front/target/Crmeb-front.jar!/BOOT-INF/lib/byte-buddy-1.10.8.jar!/, jar:file:/E:/2zynt/工作项目/CRMEB-JAVA-ET-V1.2(2025.4.25)/et_java/crmeb-front/target/Crmeb-front.jar!/BOOT-INF/lib/springfox-schema-2.9.2.jar!/, jar:file:/E:/2zynt/工作项目/CRMEB-JAVA-ET-V1.2(2025.4.25)/et_java/crmeb-front/target/Crmeb-front.jar!/BOOT-INF/lib/springfox-swagger-common-2.9.2.jar!/, jar:file:/E:/2zynt/工作项目/CRMEB-JAVA-ET-V1.2(2025.4.25)/et_java/crmeb-front/target/Crmeb-front.jar!/BOOT-INF/lib/springfox-spring-web-2.9.2.jar!/, jar:file:/E:/2zynt/工作项目/CRMEB-JAVA-ET-V1.2(2025.4.25)/et_java/crmeb-front/target/Crmeb-front.jar!/BOOT-INF/lib/classmate-1.5.1.jar!/, jar:file:/E:/2zynt/工作项目/CRMEB-JAVA-ET-V1.2(2025.4.25)/et_java/crmeb-front/target/Crmeb-front.jar!/BOOT-INF/lib/slf4j-api-1.7.30.jar!/, jar:file:/E:/2zynt/工作项目/CRMEB-JAVA-ET-V1.2(2025.4.25)/et_java/crmeb-front/target/Crmeb-front.jar!/BOOT-INF/lib/spring-plugin-core-1.2.0.RELEASE.jar!/, jar:file:/E:/2zynt/工作项目/CRMEB-JAVA-ET-V1.2(2025.4.25)/et_java/crmeb-front/target/Crmeb-front.jar!/BOOT-INF/lib/spring-plugin-metadata-1.2.0.RELEASE.jar!/, jar:file:/E:/2zynt/工作项目/CRMEB-JAVA-ET-V1.2(2025.4.25)/et_java/crmeb-front/target/Crmeb-front.jar!/BOOT-INF/lib/mapstruct-1.2.0.Final.jar!/, jar:file:/E:/2zynt/工作项目/CRMEB-JAVA-ET-V1.2(2025.4.25)/et_java/crmeb-front/target/Crmeb-front.jar!/BOOT-INF/lib/swagger-models-1.5.22.jar!/, jar:file:/E:/2zynt/工作项目/CRMEB-JAVA-ET-V1.2(2025.4.25)/et_java/crmeb-front/target/Crmeb-front.jar!/BOOT-INF/lib/jackson-annotations-2.10.3.jar!/, jar:file:/E:/2zynt/工作项目/CRMEB-JAVA-ET-V1.2(2025.4.25)/et_java/crmeb-front/target/Crmeb-front.jar!/BOOT-INF/lib/swagger-bootstrap-ui-1.9.3.jar!/, jar:file:/E:/2zynt/工作项目/CRMEB-JAVA-ET-V1.2(2025.4.25)/et_java/crmeb-front/target/Crmeb-front.jar!/BOOT-INF/lib/spring-boot-autoconfigure-2.2.6.RELEASE.jar!/, jar:file:/E:/2zynt/工作项目/CRMEB-JAVA-ET-V1.2(2025.4.25)/et_java/crmeb-front/target/Crmeb-front.jar!/BOOT-INF/lib/logback-classic-1.2.3.jar!/, jar:file:/E:/2zynt/工作项目/CRMEB-JAVA-ET-V1.2(2025.4.25)/et_java/crmeb-front/target/Crmeb-front.jar!/BOOT-INF/lib/logback-core-1.2.3.jar!/, jar:file:/E:/2zynt/工作项目/CRMEB-JAVA-ET-V1.2(2025.4.25)/et_java/crmeb-front/target/Crmeb-front.jar!/BOOT-INF/lib/logstash-logback-encoder-5.3.jar!/, jar:file:/E:/2zynt/工作项目/CRMEB-JAVA-ET-V1.2(2025.4.25)/et_java/crmeb-front/target/Crmeb-front.jar!/BOOT-INF/lib/jackson-databind-2.10.3.jar!/, jar:file:/E:/2zynt/工作项目/CRMEB-JAVA-ET-V1.2(2025.4.25)/et_java/crmeb-front/target/Crmeb-front.jar!/BOOT-INF/lib/spring-boot-starter-web-2.2.6.RELEASE.jar!/, jar:file:/E:/2zynt/工作项目/CRMEB-JAVA-ET-V1.2(2025.4.25)/et_java/crmeb-front/target/Crmeb-front.jar!/BOOT-INF/lib/spring-boot-starter-2.2.6.RELEASE.jar!/, jar:file:/E:/2zynt/工作项目/CRMEB-JAVA-ET-V1.2(2025.4.25)/et_java/crmeb-front/target/Crmeb-front.jar!/BOOT-INF/lib/spring-boot-starter-logging-2.2.6.RELEASE.jar!/, jar:file:/E:/2zynt/工作项目/CRMEB-JAVA-ET-V1.2(2025.4.25)/et_java/crmeb-front/target/Crmeb-front.jar!/BOOT-INF/lib/log4j-to-slf4j-2.12.1.jar!/, jar:file:/E:/2zynt/工作项目/CRMEB-JAVA-ET-V1.2(2025.4.25)/et_java/crmeb-front/target/Crmeb-front.jar!/BOOT-INF/lib/log4j-api-2.12.1.jar!/, jar:file:/E:/2zynt/工作项目/CRMEB-JAVA-ET-V1.2(2025.4.25)/et_java/crmeb-front/target/Crmeb-front.jar!/BOOT-INF/lib/jul-to-slf4j-1.7.30.jar!/, jar:file:/E:/2zynt/工作项目/CRMEB-JAVA-ET-V1.2(2025.4.25)/et_java/crmeb-front/target/Crmeb-front.jar!/BOOT-INF/lib/jakarta.annotation-api-1.3.5.jar!/, jar:file:/E:/2zynt/工作项目/CRMEB-JAVA-ET-V1.2(2025.4.25)/et_java/crmeb-front/target/Crmeb-front.jar!/BOOT-INF/lib/snakeyaml-1.25.jar!/, jar:file:/E:/2zynt/工作项目/CRMEB-JAVA-ET-V1.2(2025.4.25)/et_java/crmeb-front/target/Crmeb-front.jar!/BOOT-INF/lib/spring-boot-starter-json-2.2.6.RELEASE.jar!/, jar:file:/E:/2zynt/工作项目/CRMEB-JAVA-ET-V1.2(2025.4.25)/et_java/crmeb-front/target/Crmeb-front.jar!/BOOT-INF/lib/jackson-datatype-jdk8-2.10.3.jar!/, jar:file:/E:/2zynt/工作项目/CRMEB-JAVA-ET-V1.2(2025.4.25)/et_java/crmeb-front/target/Crmeb-front.jar!/BOOT-INF/lib/jackson-datatype-jsr310-2.10.3.jar!/, jar:file:/E:/2zynt/工作项目/CRMEB-JAVA-ET-V1.2(2025.4.25)/et_java/crmeb-front/target/Crmeb-front.jar!/BOOT-INF/lib/jackson-module-parameter-names-2.10.3.jar!/, jar:file:/E:/2zynt/工作项目/CRMEB-JAVA-ET-V1.2(2025.4.25)/et_java/crmeb-front/target/Crmeb-front.jar!/BOOT-INF/lib/spring-boot-starter-tomcat-2.2.6.RELEASE.jar!/, jar:file:/E:/2zynt/工作项目/CRMEB-JAVA-ET-V1.2(2025.4.25)/et_java/crmeb-front/target/Crmeb-front.jar!/BOOT-INF/lib/tomcat-embed-websocket-9.0.33.jar!/, jar:file:/E:/2zynt/工作项目/CRMEB-JAVA-ET-V1.2(2025.4.25)/et_java/crmeb-front/target/Crmeb-front.jar!/BOOT-INF/lib/spring-boot-starter-validation-2.2.6.RELEASE.jar!/, jar:file:/E:/2zynt/工作项目/CRMEB-JAVA-ET-V1.2(2025.4.25)/et_java/crmeb-front/target/Crmeb-front.jar!/BOOT-INF/lib/jakarta.validation-api-2.0.2.jar!/, jar:file:/E:/2zynt/工作项目/CRMEB-JAVA-ET-V1.2(2025.4.25)/et_java/crmeb-front/target/Crmeb-front.jar!/BOOT-INF/lib/hibernate-validator-6.0.18.Final.jar!/, jar:file:/E:/2zynt/工作项目/CRMEB-JAVA-ET-V1.2(2025.4.25)/et_java/crmeb-front/target/Crmeb-front.jar!/BOOT-INF/lib/jboss-logging-3.4.1.Final.jar!/, jar:file:/E:/2zynt/工作项目/CRMEB-JAVA-ET-V1.2(2025.4.25)/et_java/crmeb-front/target/Crmeb-front.jar!/BOOT-INF/lib/spring-web-5.2.5.RELEASE.jar!/, jar:file:/E:/2zynt/工作项目/CRMEB-JAVA-ET-V1.2(2025.4.25)/et_java/crmeb-front/target/Crmeb-front.jar!/BOOT-INF/lib/spring-webmvc-5.2.5.RELEASE.jar!/, jar:file:/E:/2zynt/工作项目/CRMEB-JAVA-ET-V1.2(2025.4.25)/et_java/crmeb-front/target/Crmeb-front.jar!/BOOT-INF/lib/spring-expression-5.2.5.RELEASE.jar!/, jar:file:/E:/2zynt/工作项目/CRMEB-JAVA-ET-V1.2(2025.4.25)/et_java/crmeb-front/target/Crmeb-front.jar!/BOOT-INF/lib/spring-boot-starter-data-redis-2.2.0.RELEASE.jar!/, jar:file:/E:/2zynt/工作项目/CRMEB-JAVA-ET-V1.2(2025.4.25)/et_java/crmeb-front/target/Crmeb-front.jar!/BOOT-INF/lib/spring-data-redis-2.2.6.RELEASE.jar!/, jar:file:/E:/2zynt/工作项目/CRMEB-JAVA-ET-V1.2(2025.4.25)/et_java/crmeb-front/target/Crmeb-front.jar!/BOOT-INF/lib/spring-data-keyvalue-2.2.6.RELEASE.jar!/, jar:file:/E:/2zynt/工作项目/CRMEB-JAVA-ET-V1.2(2025.4.25)/et_java/crmeb-front/target/Crmeb-front.jar!/BOOT-INF/lib/spring-tx-5.2.5.RELEASE.jar!/, jar:file:/E:/2zynt/工作项目/CRMEB-JAVA-ET-V1.2(2025.4.25)/et_java/crmeb-front/target/Crmeb-front.jar!/BOOT-INF/lib/spring-oxm-5.2.5.RELEASE.jar!/, jar:file:/E:/2zynt/工作项目/CRMEB-JAVA-ET-V1.2(2025.4.25)/et_java/crmeb-front/target/Crmeb-front.jar!/BOOT-INF/lib/lettuce-core-5.2.2.RELEASE.jar!/, jar:file:/E:/2zynt/工作项目/CRMEB-JAVA-ET-V1.2(2025.4.25)/et_java/crmeb-front/target/Crmeb-front.jar!/BOOT-INF/lib/netty-common-4.1.48.Final.jar!/, jar:file:/E:/2zynt/工作项目/CRMEB-JAVA-ET-V1.2(2025.4.25)/et_java/crmeb-front/target/Crmeb-front.jar!/BOOT-INF/lib/netty-handler-4.1.48.Final.jar!/, jar:file:/E:/2zynt/工作项目/CRMEB-JAVA-ET-V1.2(2025.4.25)/et_java/crmeb-front/target/Crmeb-front.jar!/BOOT-INF/lib/netty-resolver-4.1.48.Final.jar!/, jar:file:/E:/2zynt/工作项目/CRMEB-JAVA-ET-V1.2(2025.4.25)/et_java/crmeb-front/target/Crmeb-front.jar!/BOOT-INF/lib/netty-buffer-4.1.48.Final.jar!/, jar:file:/E:/2zynt/工作项目/CRMEB-JAVA-ET-V1.2(2025.4.25)/et_java/crmeb-front/target/Crmeb-front.jar!/BOOT-INF/lib/netty-codec-4.1.48.Final.jar!/, jar:file:/E:/2zynt/工作项目/CRMEB-JAVA-ET-V1.2(2025.4.25)/et_java/crmeb-front/target/Crmeb-front.jar!/BOOT-INF/lib/netty-transport-4.1.48.Final.jar!/, jar:file:/E:/2zynt/工作项目/CRMEB-JAVA-ET-V1.2(2025.4.25)/et_java/crmeb-front/target/Crmeb-front.jar!/BOOT-INF/lib/reactor-core-3.3.4.RELEASE.jar!/, jar:file:/E:/2zynt/工作项目/CRMEB-JAVA-ET-V1.2(2025.4.25)/et_java/crmeb-front/target/Crmeb-front.jar!/BOOT-INF/lib/reactive-streams-1.0.3.jar!/, jar:file:/E:/2zynt/工作项目/CRMEB-JAVA-ET-V1.2(2025.4.25)/et_java/crmeb-front/target/Crmeb-front.jar!/BOOT-INF/lib/jedis-3.1.0.jar!/, jar:file:/E:/2zynt/工作项目/CRMEB-JAVA-ET-V1.2(2025.4.25)/et_java/crmeb-front/target/Crmeb-front.jar!/BOOT-INF/lib/commons-pool2-2.7.0.jar!/, jar:file:/E:/2zynt/工作项目/CRMEB-JAVA-ET-V1.2(2025.4.25)/et_java/crmeb-front/target/Crmeb-front.jar!/BOOT-INF/lib/pagehelper-spring-boot-starter-1.2.5.jar!/, jar:file:/E:/2zynt/工作项目/CRMEB-JAVA-ET-V1.2(2025.4.25)/et_java/crmeb-front/target/Crmeb-front.jar!/BOOT-INF/lib/mybatis-spring-boot-starter-1.3.2.jar!/, jar:file:/E:/2zynt/工作项目/CRMEB-JAVA-ET-V1.2(2025.4.25)/et_java/crmeb-front/target/Crmeb-front.jar!/BOOT-INF/lib/mybatis-spring-boot-autoconfigure-1.3.2.jar!/, jar:file:/E:/2zynt/工作项目/CRMEB-JAVA-ET-V1.2(2025.4.25)/et_java/crmeb-front/target/Crmeb-front.jar!/BOOT-INF/lib/pagehelper-spring-boot-autoconfigure-1.2.5.jar!/, jar:file:/E:/2zynt/工作项目/CRMEB-JAVA-ET-V1.2(2025.4.25)/et_java/crmeb-front/target/Crmeb-front.jar!/BOOT-INF/lib/pagehelper-5.1.4.jar!/, jar:file:/E:/2zynt/工作项目/CRMEB-JAVA-ET-V1.2(2025.4.25)/et_java/crmeb-front/target/Crmeb-front.jar!/BOOT-INF/lib/jsqlparser-1.0.jar!/, jar:file:/E:/2zynt/工作项目/CRMEB-JAVA-ET-V1.2(2025.4.25)/et_java/crmeb-front/target/Crmeb-front.jar!/BOOT-INF/lib/validation-api-1.1.0.Final.jar!/, jar:file:/E:/2zynt/工作项目/CRMEB-JAVA-ET-V1.2(2025.4.25)/et_java/crmeb-front/target/Crmeb-front.jar!/BOOT-INF/lib/spring-data-commons-2.2.6.RELEASE.jar!/, jar:file:/E:/2zynt/工作项目/CRMEB-JAVA-ET-V1.2(2025.4.25)/et_java/crmeb-front/target/Crmeb-front.jar!/BOOT-INF/lib/spring-beans-5.2.5.RELEASE.jar!/, jar:file:/E:/2zynt/工作项目/CRMEB-JAVA-ET-V1.2(2025.4.25)/et_java/crmeb-front/target/Crmeb-front.jar!/BOOT-INF/lib/hutool-all-4.5.7.jar!/, jar:file:/E:/2zynt/工作项目/CRMEB-JAVA-ET-V1.2(2025.4.25)/et_java/crmeb-front/target/Crmeb-front.jar!/BOOT-INF/lib/spring-boot-starter-actuator-2.2.6.RELEASE.jar!/, jar:file:/E:/2zynt/工作项目/CRMEB-JAVA-ET-V1.2(2025.4.25)/et_java/crmeb-front/target/Crmeb-front.jar!/BOOT-INF/lib/spring-boot-actuator-autoconfigure-2.2.6.RELEASE.jar!/, jar:file:/E:/2zynt/工作项目/CRMEB-JAVA-ET-V1.2(2025.4.25)/et_java/crmeb-front/target/Crmeb-front.jar!/BOOT-INF/lib/spring-boot-actuator-2.2.6.RELEASE.jar!/, jar:file:/E:/2zynt/工作项目/CRMEB-JAVA-ET-V1.2(2025.4.25)/et_java/crmeb-front/target/Crmeb-front.jar!/BOOT-INF/lib/micrometer-core-1.3.6.jar!/, jar:file:/E:/2zynt/工作项目/CRMEB-JAVA-ET-V1.2(2025.4.25)/et_java/crmeb-front/target/Crmeb-front.jar!/BOOT-INF/lib/HdrHistogram-2.1.11.jar!/, jar:file:/E:/2zynt/工作项目/CRMEB-JAVA-ET-V1.2(2025.4.25)/et_java/crmeb-front/target/Crmeb-front.jar!/BOOT-INF/lib/LatencyUtils-2.0.3.jar!/, jar:file:/E:/2zynt/工作项目/CRMEB-JAVA-ET-V1.2(2025.4.25)/et_java/crmeb-front/target/Crmeb-front.jar!/BOOT-INF/lib/httpclient-4.5.6.jar!/, jar:file:/E:/2zynt/工作项目/CRMEB-JAVA-ET-V1.2(2025.4.25)/et_java/crmeb-front/target/Crmeb-front.jar!/BOOT-INF/lib/httpcore-4.4.13.jar!/, jar:file:/E:/2zynt/工作项目/CRMEB-JAVA-ET-V1.2(2025.4.25)/et_java/crmeb-front/target/Crmeb-front.jar!/BOOT-INF/lib/commons-logging-1.2.jar!/, jar:file:/E:/2zynt/工作项目/CRMEB-JAVA-ET-V1.2(2025.4.25)/et_java/crmeb-front/target/Crmeb-front.jar!/BOOT-INF/lib/commons-codec-1.13.jar!/, jar:file:/E:/2zynt/工作项目/CRMEB-JAVA-ET-V1.2(2025.4.25)/et_java/crmeb-front/target/Crmeb-front.jar!/BOOT-INF/lib/spring-boot-starter-aop-2.2.6.RELEASE.jar!/, jar:file:/E:/2zynt/工作项目/CRMEB-JAVA-ET-V1.2(2025.4.25)/et_java/crmeb-front/target/Crmeb-front.jar!/BOOT-INF/lib/spring-aop-5.2.5.RELEASE.jar!/, jar:file:/E:/2zynt/工作项目/CRMEB-JAVA-ET-V1.2(2025.4.25)/et_java/crmeb-front/target/Crmeb-front.jar!/BOOT-INF/lib/aspectjweaver-1.9.5.jar!/, jar:file:/E:/2zynt/工作项目/CRMEB-JAVA-ET-V1.2(2025.4.25)/et_java/crmeb-front/target/Crmeb-front.jar!/BOOT-INF/lib/commons-lang3-3.10.jar!/, jar:file:/E:/2zynt/工作项目/CRMEB-JAVA-ET-V1.2(2025.4.25)/et_java/crmeb-front/target/Crmeb-front.jar!/BOOT-INF/lib/poi-3.17.jar!/, jar:file:/E:/2zynt/工作项目/CRMEB-JAVA-ET-V1.2(2025.4.25)/et_java/crmeb-front/target/Crmeb-front.jar!/BOOT-INF/lib/commons-collections4-4.1.jar!/, jar:file:/E:/2zynt/工作项目/CRMEB-JAVA-ET-V1.2(2025.4.25)/et_java/crmeb-front/target/Crmeb-front.jar!/BOOT-INF/lib/poi-ooxml-3.17.jar!/, jar:file:/E:/2zynt/工作项目/CRMEB-JAVA-ET-V1.2(2025.4.25)/et_java/crmeb-front/target/Crmeb-front.jar!/BOOT-INF/lib/poi-ooxml-schemas-3.17.jar!/, jar:file:/E:/2zynt/工作项目/CRMEB-JAVA-ET-V1.2(2025.4.25)/et_java/crmeb-front/target/Crmeb-front.jar!/BOOT-INF/lib/xmlbeans-2.6.0.jar!/, jar:file:/E:/2zynt/工作项目/CRMEB-JAVA-ET-V1.2(2025.4.25)/et_java/crmeb-front/target/Crmeb-front.jar!/BOOT-INF/lib/curvesapi-1.04.jar!/, jar:file:/E:/2zynt/工作项目/CRMEB-JAVA-ET-V1.2(2025.4.25)/et_java/crmeb-front/target/Crmeb-front.jar!/BOOT-INF/lib/commons-fileupload-1.3.3.jar!/, jar:file:/E:/2zynt/工作项目/CRMEB-JAVA-ET-V1.2(2025.4.25)/et_java/crmeb-front/target/Crmeb-front.jar!/BOOT-INF/lib/commons-io-2.4.jar!/, jar:file:/E:/2zynt/工作项目/CRMEB-JAVA-ET-V1.2(2025.4.25)/et_java/crmeb-front/target/Crmeb-front.jar!/BOOT-INF/lib/aliyun-sdk-oss-3.5.0.jar!/, jar:file:/E:/2zynt/工作项目/CRMEB-JAVA-ET-V1.2(2025.4.25)/et_java/crmeb-front/target/Crmeb-front.jar!/BOOT-INF/lib/jdom-1.1.jar!/, jar:file:/E:/2zynt/工作项目/CRMEB-JAVA-ET-V1.2(2025.4.25)/et_java/crmeb-front/target/Crmeb-front.jar!/BOOT-INF/lib/jettison-1.1.jar!/, jar:file:/E:/2zynt/工作项目/CRMEB-JAVA-ET-V1.2(2025.4.25)/et_java/crmeb-front/target/Crmeb-front.jar!/BOOT-INF/lib/stax-api-1.0.1.jar!/, jar:file:/E:/2zynt/工作项目/CRMEB-JAVA-ET-V1.2(2025.4.25)/et_java/crmeb-front/target/Crmeb-front.jar!/BOOT-INF/lib/aliyun-java-sdk-core-3.4.0.jar!/, jar:file:/E:/2zynt/工作项目/CRMEB-JAVA-ET-V1.2(2025.4.25)/et_java/crmeb-front/target/Crmeb-front.jar!/BOOT-INF/lib/aliyun-java-sdk-ram-3.0.0.jar!/, jar:file:/E:/2zynt/工作项目/CRMEB-JAVA-ET-V1.2(2025.4.25)/et_java/crmeb-front/target/Crmeb-front.jar!/BOOT-INF/lib/aliyun-java-sdk-sts-3.0.0.jar!/, jar:file:/E:/2zynt/工作项目/CRMEB-JAVA-ET-V1.2(2025.4.25)/et_java/crmeb-front/target/Crmeb-front.jar!/BOOT-INF/lib/aliyun-java-sdk-ecs-4.2.0.jar!/, jar:file:/E:/2zynt/工作项目/CRMEB-JAVA-ET-V1.2(2025.4.25)/et_java/crmeb-front/target/Crmeb-front.jar!/BOOT-INF/lib/cos_api-5.6.22.jar!/, jar:file:/E:/2zynt/工作项目/CRMEB-JAVA-ET-V1.2(2025.4.25)/et_java/crmeb-front/target/Crmeb-front.jar!/BOOT-INF/lib/joda-time-2.10.5.jar!/, jar:file:/E:/2zynt/工作项目/CRMEB-JAVA-ET-V1.2(2025.4.25)/et_java/crmeb-front/target/Crmeb-front.jar!/BOOT-INF/lib/bcprov-jdk15on-1.64.jar!/, jar:file:/E:/2zynt/工作项目/CRMEB-JAVA-ET-V1.2(2025.4.25)/et_java/crmeb-front/target/Crmeb-front.jar!/BOOT-INF/lib/qiniu-java-sdk-7.2.28.jar!/, jar:file:/E:/2zynt/工作项目/CRMEB-JAVA-ET-V1.2(2025.4.25)/et_java/crmeb-front/target/Crmeb-front.jar!/BOOT-INF/lib/okhttp-3.14.7.jar!/, jar:file:/E:/2zynt/工作项目/CRMEB-JAVA-ET-V1.2(2025.4.25)/et_java/crmeb-front/target/Crmeb-front.jar!/BOOT-INF/lib/okio-1.17.2.jar!/, jar:file:/E:/2zynt/工作项目/CRMEB-JAVA-ET-V1.2(2025.4.25)/et_java/crmeb-front/target/Crmeb-front.jar!/BOOT-INF/lib/gson-2.8.6.jar!/, jar:file:/E:/2zynt/工作项目/CRMEB-JAVA-ET-V1.2(2025.4.25)/et_java/crmeb-front/target/Crmeb-front.jar!/BOOT-INF/lib/dom4j-1.6.1.jar!/, jar:file:/E:/2zynt/工作项目/CRMEB-JAVA-ET-V1.2(2025.4.25)/et_java/crmeb-front/target/Crmeb-front.jar!/BOOT-INF/lib/xml-apis-1.0.b2.jar!/, jar:file:/E:/2zynt/工作项目/CRMEB-JAVA-ET-V1.2(2025.4.25)/et_java/crmeb-front/target/Crmeb-front.jar!/BOOT-INF/lib/xstream-1.4.10.jar!/, jar:file:/E:/2zynt/工作项目/CRMEB-JAVA-ET-V1.2(2025.4.25)/et_java/crmeb-front/target/Crmeb-front.jar!/BOOT-INF/lib/xmlpull-1.1.3.1.jar!/, jar:file:/E:/2zynt/工作项目/CRMEB-JAVA-ET-V1.2(2025.4.25)/et_java/crmeb-front/target/Crmeb-front.jar!/BOOT-INF/lib/xpp3_min-1.1.4c.jar!/, jar:file:/E:/2zynt/工作项目/CRMEB-JAVA-ET-V1.2(2025.4.25)/et_java/crmeb-front/target/Crmeb-front.jar!/BOOT-INF/lib/httpmime-4.5.2.jar!/, jar:file:/E:/2zynt/工作项目/CRMEB-JAVA-ET-V1.2(2025.4.25)/et_java/crmeb-front/target/Crmeb-front.jar!/BOOT-INF/lib/jjwt-0.9.1.jar!/, jar:file:/E:/2zynt/工作项目/CRMEB-JAVA-ET-V1.2(2025.4.25)/et_java/crmeb-front/target/Crmeb-front.jar!/BOOT-INF/lib/jwks-rsa-0.9.0.jar!/, jar:file:/E:/2zynt/工作项目/CRMEB-JAVA-ET-V1.2(2025.4.25)/et_java/crmeb-front/target/Crmeb-front.jar!/BOOT-INF/lib/spring-boot-starter-security-2.2.6.RELEASE.jar!/, jar:file:/E:/2zynt/工作项目/CRMEB-JAVA-ET-V1.2(2025.4.25)/et_java/crmeb-front/target/Crmeb-front.jar!/BOOT-INF/lib/spring-security-config-5.2.2.RELEASE.jar!/, jar:file:/E:/2zynt/工作项目/CRMEB-JAVA-ET-V1.2(2025.4.25)/et_java/crmeb-front/target/Crmeb-front.jar!/BOOT-INF/lib/spring-security-core-5.2.2.RELEASE.jar!/, jar:file:/E:/2zynt/工作项目/CRMEB-JAVA-ET-V1.2(2025.4.25)/et_java/crmeb-front/target/Crmeb-front.jar!/BOOT-INF/lib/spring-security-web-5.2.2.RELEASE.jar!/, jar:file:/E:/2zynt/工作项目/CRMEB-JAVA-ET-V1.2(2025.4.25)/et_java/crmeb-front/target/Crmeb-front.jar!/BOOT-INF/lib/spring-boot-starter-mail-2.2.6.RELEASE.jar!/, jar:file:/E:/2zynt/工作项目/CRMEB-JAVA-ET-V1.2(2025.4.25)/et_java/crmeb-front/target/Crmeb-front.jar!/BOOT-INF/lib/spring-context-support-5.2.5.RELEASE.jar!/, jar:file:/E:/2zynt/工作项目/CRMEB-JAVA-ET-V1.2(2025.4.25)/et_java/crmeb-front/target/Crmeb-front.jar!/BOOT-INF/lib/jakarta.mail-1.6.5.jar!/, jar:file:/E:/2zynt/工作项目/CRMEB-JAVA-ET-V1.2(2025.4.25)/et_java/crmeb-front/target/Crmeb-front.jar!/BOOT-INF/lib/jakarta.activation-1.2.2.jar!/, jar:file:/E:/2zynt/工作项目/CRMEB-JAVA-ET-V1.2(2025.4.25)/et_java/crmeb-front/target/Crmeb-front.jar!/BOOT-INF/lib/checkout-sdk-1.0.4.jar!/, jar:file:/E:/2zynt/工作项目/CRMEB-JAVA-ET-V1.2(2025.4.25)/et_java/crmeb-front/target/Crmeb-front.jar!/BOOT-INF/lib/paypalhttp-1.0.2.jar!/, jar:file:/E:/2zynt/工作项目/CRMEB-JAVA-ET-V1.2(2025.4.25)/et_java/crmeb-front/target/Crmeb-front.jar!/BOOT-INF/lib/dysmsapi20170525-2.0.8.jar!/, jar:file:/E:/2zynt/工作项目/CRMEB-JAVA-ET-V1.2(2025.4.25)/et_java/crmeb-front/target/Crmeb-front.jar!/BOOT-INF/lib/tea-util-0.2.13.jar!/, jar:file:/E:/2zynt/工作项目/CRMEB-JAVA-ET-V1.2(2025.4.25)/et_java/crmeb-front/target/Crmeb-front.jar!/BOOT-INF/lib/endpoint-util-0.0.6.jar!/, jar:file:/E:/2zynt/工作项目/CRMEB-JAVA-ET-V1.2(2025.4.25)/et_java/crmeb-front/target/Crmeb-front.jar!/BOOT-INF/lib/tea-1.1.14.jar!/, jar:file:/E:/2zynt/工作项目/CRMEB-JAVA-ET-V1.2(2025.4.25)/et_java/crmeb-front/target/Crmeb-front.jar!/BOOT-INF/lib/org.jacoco.agent-0.8.4-runtime.jar!/, jar:file:/E:/2zynt/工作项目/CRMEB-JAVA-ET-V1.2(2025.4.25)/et_java/crmeb-front/target/Crmeb-front.jar!/BOOT-INF/lib/tea-openapi-0.1.6.jar!/, jar:file:/E:/2zynt/工作项目/CRMEB-JAVA-ET-V1.2(2025.4.25)/et_java/crmeb-front/target/Crmeb-front.jar!/BOOT-INF/lib/credentials-java-0.2.4.jar!/, jar:file:/E:/2zynt/工作项目/CRMEB-JAVA-ET-V1.2(2025.4.25)/et_java/crmeb-front/target/Crmeb-front.jar!/BOOT-INF/lib/ini4j-0.5.4.jar!/, jar:file:/E:/2zynt/工作项目/CRMEB-JAVA-ET-V1.2(2025.4.25)/et_java/crmeb-front/target/Crmeb-front.jar!/BOOT-INF/lib/jaxb-api-2.3.1.jar!/, jar:file:/E:/2zynt/工作项目/CRMEB-JAVA-ET-V1.2(2025.4.25)/et_java/crmeb-front/target/Crmeb-front.jar!/BOOT-INF/lib/javax.activation-api-1.2.0.jar!/, jar:file:/E:/2zynt/工作项目/CRMEB-JAVA-ET-V1.2(2025.4.25)/et_java/crmeb-front/target/Crmeb-front.jar!/BOOT-INF/lib/jaxb-core-2.3.0.jar!/, jar:file:/E:/2zynt/工作项目/CRMEB-JAVA-ET-V1.2(2025.4.25)/et_java/crmeb-front/target/Crmeb-front.jar!/BOOT-INF/lib/jaxb-impl-2.3.0.jar!/, jar:file:/E:/2zynt/工作项目/CRMEB-JAVA-ET-V1.2(2025.4.25)/et_java/crmeb-front/target/Crmeb-front.jar!/BOOT-INF/lib/openapiutil-0.1.13.jar!/, jar:file:/E:/2zynt/工作项目/CRMEB-JAVA-ET-V1.2(2025.4.25)/et_java/crmeb-front/target/Crmeb-front.jar!/BOOT-INF/lib/sdk-core-java-1.1.7.jar!/, jar:file:/E:/2zynt/工作项目/CRMEB-JAVA-ET-V1.2(2025.4.25)/et_java/crmeb-front/target/Crmeb-front.jar!/BOOT-INF/lib/juniversalchardet-1.0.3.jar!/, jar:file:/E:/2zynt/工作项目/CRMEB-JAVA-ET-V1.2(2025.4.25)/et_java/crmeb-front/target/Crmeb-front.jar!/BOOT-INF/lib/plexus-digest-1.0.jar!/, jar:file:/E:/2zynt/工作项目/CRMEB-JAVA-ET-V1.2(2025.4.25)/et_java/crmeb-front/target/Crmeb-front.jar!/BOOT-INF/lib/plexus-container-default-1.0-alpha-8.jar!/, jar:file:/E:/2zynt/工作项目/CRMEB-JAVA-ET-V1.2(2025.4.25)/et_java/crmeb-front/target/Crmeb-front.jar!/BOOT-INF/lib/plexus-utils-1.0.4.jar!/, jar:file:/E:/2zynt/工作项目/CRMEB-JAVA-ET-V1.2(2025.4.25)/et_java/crmeb-front/target/Crmeb-front.jar!/BOOT-INF/lib/classworlds-1.1-alpha-2.jar!/, jar:file:/E:/2zynt/工作项目/CRMEB-JAVA-ET-V1.2(2025.4.25)/et_java/crmeb-front/target/Crmeb-front.jar!/BOOT-INF/lib/stripe-java-20.124.0.jar!/, jar:file:/E:/2zynt/工作项目/CRMEB-JAVA-ET-V1.2(2025.4.25)/et_java/crmeb-front/target/Crmeb-front.jar!/BOOT-INF/lib/weixin-java-pay-4.5.0.jar!/, jar:file:/E:/2zynt/工作项目/CRMEB-JAVA-ET-V1.2(2025.4.25)/et_java/crmeb-front/target/Crmeb-front.jar!/BOOT-INF/lib/weixin-java-common-4.5.0.jar!/, jar:file:/E:/2zynt/工作项目/CRMEB-JAVA-ET-V1.2(2025.4.25)/et_java/crmeb-front/target/Crmeb-front.jar!/BOOT-INF/lib/jcl-over-slf4j-1.7.30.jar!/, jar:file:/E:/2zynt/工作项目/CRMEB-JAVA-ET-V1.2(2025.4.25)/et_java/crmeb-front/target/Crmeb-front.jar!/BOOT-INF/lib/dom4j-2.1.3.jar!/, jar:file:/E:/2zynt/工作项目/CRMEB-JAVA-ET-V1.2(2025.4.25)/et_java/crmeb-front/target/Crmeb-front.jar!/BOOT-INF/lib/qrcode-utils-1.1.jar!/, jar:file:/E:/2zynt/工作项目/CRMEB-JAVA-ET-V1.2(2025.4.25)/et_java/crmeb-front/target/Crmeb-front.jar!/BOOT-INF/lib/bcpkix-jdk15on-1.68.jar!/, jar:file:/E:/2zynt/工作项目/CRMEB-JAVA-ET-V1.2(2025.4.25)/et_java/crmeb-front/target/Crmeb-front.jar!/BOOT-INF/lib/jodd-http-6.2.1.jar!/, jar:file:/E:/2zynt/工作项目/CRMEB-JAVA-ET-V1.2(2025.4.25)/et_java/crmeb-front/target/Crmeb-front.jar!/BOOT-INF/lib/jodd-util-6.1.0.jar!/, jar:file:/E:/2zynt/工作项目/CRMEB-JAVA-ET-V1.2(2025.4.25)/et_java/crmeb-front/target/Crmeb-front.jar!/BOOT-INF/lib/javase-3.3.3.jar!/, jar:file:/E:/2zynt/工作项目/CRMEB-JAVA-ET-V1.2(2025.4.25)/et_java/crmeb-front/target/Crmeb-front.jar!/BOOT-INF/lib/core-3.3.3.jar!/, jar:file:/E:/2zynt/工作项目/CRMEB-JAVA-ET-V1.2(2025.4.25)/et_java/crmeb-front/target/Crmeb-front.jar!/BOOT-INF/lib/jcommander-1.72.jar!/, jar:file:/E:/2zynt/工作项目/CRMEB-JAVA-ET-V1.2(2025.4.25)/et_java/crmeb-front/target/Crmeb-front.jar!/BOOT-INF/lib/jai-imageio-core-1.4.0.jar!/, jar:file:/E:/2zynt/工作项目/CRMEB-JAVA-ET-V1.2(2025.4.25)/et_java/crmeb-front/target/Crmeb-front.jar!/BOOT-INF/lib/google-api-client-1.30.10.jar!/, jar:file:/E:/2zynt/工作项目/CRMEB-JAVA-ET-V1.2(2025.4.25)/et_java/crmeb-front/target/Crmeb-front.jar!/BOOT-INF/lib/google-oauth-client-1.31.0.jar!/, jar:file:/E:/2zynt/工作项目/CRMEB-JAVA-ET-V1.2(2025.4.25)/et_java/crmeb-front/target/Crmeb-front.jar!/BOOT-INF/lib/google-http-client-1.35.0.jar!/, jar:file:/E:/2zynt/工作项目/CRMEB-JAVA-ET-V1.2(2025.4.25)/et_java/crmeb-front/target/Crmeb-front.jar!/BOOT-INF/lib/opencensus-api-0.24.0.jar!/, jar:file:/E:/2zynt/工作项目/CRMEB-JAVA-ET-V1.2(2025.4.25)/et_java/crmeb-front/target/Crmeb-front.jar!/BOOT-INF/lib/grpc-context-1.22.1.jar!/, jar:file:/E:/2zynt/工作项目/CRMEB-JAVA-ET-V1.2(2025.4.25)/et_java/crmeb-front/target/Crmeb-front.jar!/BOOT-INF/lib/opencensus-contrib-http-util-0.24.0.jar!/, jar:file:/E:/2zynt/工作项目/CRMEB-JAVA-ET-V1.2(2025.4.25)/et_java/crmeb-front/target/Crmeb-front.jar!/BOOT-INF/lib/jsr305-3.0.2.jar!/, jar:file:/E:/2zynt/工作项目/CRMEB-JAVA-ET-V1.2(2025.4.25)/et_java/crmeb-front/target/Crmeb-front.jar!/BOOT-INF/lib/google-http-client-jackson2-1.36.0.jar!/, jar:file:/E:/2zynt/工作项目/CRMEB-JAVA-ET-V1.2(2025.4.25)/et_java/crmeb-front/target/Crmeb-front.jar!/BOOT-INF/lib/jackson-core-2.10.3.jar!/, jar:file:/E:/2zynt/工作项目/CRMEB-JAVA-ET-V1.2(2025.4.25)/et_java/crmeb-front/target/Crmeb-front.jar!/BOOT-INF/lib/guava-29.0-android.jar!/, jar:file:/E:/2zynt/工作项目/CRMEB-JAVA-ET-V1.2(2025.4.25)/et_java/crmeb-front/target/Crmeb-front.jar!/BOOT-INF/lib/failureaccess-1.0.1.jar!/, jar:file:/E:/2zynt/工作项目/CRMEB-JAVA-ET-V1.2(2025.4.25)/et_java/crmeb-front/target/Crmeb-front.jar!/BOOT-INF/lib/listenablefuture-9999.0-empty-to-avoid-conflict-with-guava.jar!/, jar:file:/E:/2zynt/工作项目/CRMEB-JAVA-ET-V1.2(2025.4.25)/et_java/crmeb-front/target/Crmeb-front.jar!/BOOT-INF/lib/checker-compat-qual-2.5.5.jar!/, jar:file:/E:/2zynt/工作项目/CRMEB-JAVA-ET-V1.2(2025.4.25)/et_java/crmeb-front/target/Crmeb-front.jar!/BOOT-INF/lib/error_prone_annotations-2.3.4.jar!/, jar:file:/E:/2zynt/工作项目/CRMEB-JAVA-ET-V1.2(2025.4.25)/et_java/crmeb-front/target/Crmeb-front.jar!/BOOT-INF/lib/j2objc-annotations-1.3.jar!/, jar:file:/E:/2zynt/工作项目/CRMEB-JAVA-ET-V1.2(2025.4.25)/et_java/crmeb-front/target/Crmeb-front.jar!/BOOT-INF/lib/twitter4j-core-4.0.7.jar!/, jar:file:/E:/2zynt/工作项目/CRMEB-JAVA-ET-V1.2(2025.4.25)/et_java/crmeb-front/target/Crmeb-front.jar!/BOOT-INF/lib/spring-boot-jarmode-layertools-2.6.6.jar!/]" }
                    
{
                    "app": "Crmeb",
                    "timestamp":"2025-09-19 09:03:32.128",
                    "level": "DEBUG",
                    "thread": "main",
                    "class": "o.springframework.boot.SpringApplication",
                    "message": "Loading source class com.zbkj.front.CrmebFrontApplication" }
                    
{
                    "app": "Crmeb",
                    "timestamp":"2025-09-19 09:03:32.170",
                    "level": "DEBUG",
                    "thread": "main",
                    "class": "o.s.b.c.c.ConfigFileApplicationListener",
                    "message": "Loaded config file 'jar:file:/E:/2zynt/%E5%B7%A5%E4%BD%9C%E9%A1%B9%E7%9B%AE/CRMEB-JAVA-ET-V1.2(2025.4.25)/et_java/crmeb-front/target/Crmeb-front.jar!/BOOT-INF/classes!/application.yml' (classpath:/application.yml)" }
                    
{
                    "app": "Crmeb",
                    "timestamp":"2025-09-19 09:03:32.172",
                    "level": "DEBUG",
                    "thread": "main",
                    "class": "o.s.b.w.s.c.AnnotationConfigServletWebServerApplicationContext",
                    "message": "Refreshing org.springframework.boot.web.servlet.context.AnnotationConfigServletWebServerApplicationContext@68be2bc2" }
                    
{
                    "app": "Crmeb",
                    "timestamp":"2025-09-19 09:03:34.329",
                    "level": "DEBUG",
                    "thread": "main",
                    "class": "o.s.b.w.e.t.TomcatServletWebServerFactory",
                    "message": "Code archive: E:\2zynt\工作项目\CRMEB-JAVA-ET-V1.2(2025.4.25)\et_java\crmeb-front\target\Crmeb-front.jar" }
                    
{
                    "app": "Crmeb",
                    "timestamp":"2025-09-19 09:03:34.329",
                    "level": "DEBUG",
                    "thread": "main",
                    "class": "o.s.b.w.e.t.TomcatServletWebServerFactory",
                    "message": "Code archive: E:\2zynt\工作项目\CRMEB-JAVA-ET-V1.2(2025.4.25)\et_java\crmeb-front\target\Crmeb-front.jar" }
                    
{
                    "app": "Crmeb",
                    "timestamp":"2025-09-19 09:03:34.329",
                    "level": "DEBUG",
                    "thread": "main",
                    "class": "o.s.b.w.e.t.TomcatServletWebServerFactory",
                    "message": "None of the document roots [src/main/webapp, public, static] point to a directory and will be ignored." }
                    
{
                    "app": "Crmeb",
                    "timestamp":"2025-09-19 09:03:34.811",
                    "level": "DEBUG",
                    "thread": "main",
                    "class": "o.s.web.context.ContextLoader",
                    "message": "Published root WebApplicationContext as ServletContext attribute with name [org.springframework.web.context.WebApplicationContext.ROOT]" }
                    
{
                    "app": "Crmeb",
                    "timestamp":"2025-09-19 09:03:35.239",
                    "level": "DEBUG",
                    "thread": "main",
                    "class": "o.s.b.w.s.ServletContextInitializerBeans",
                    "message": "Mapping filters: filterRegistrationBean urls=[/*] order=-2147483647, springSecurityFilterChain urls=[/*] order=-100, filterRegistrationBean urls=[/*] order=2147483647, filterRegistrationBean urls=[/*] order=2147483647, characterEncodingFilter urls=[/*] order=-2147483648, formContentFilter urls=[/*] order=-9900, requestContextFilter urls=[/*] order=-105, corsFilter urls=[/*] order=2147483647" }
                    
{
                    "app": "Crmeb",
                    "timestamp":"2025-09-19 09:03:35.240",
                    "level": "DEBUG",
                    "thread": "main",
                    "class": "o.s.b.w.s.ServletContextInitializerBeans",
                    "message": "Mapping servlets: statViewServlet urls=[/druid/*], dispatcherServlet urls=[/]" }
                    
{
                    "app": "Crmeb",
                    "timestamp":"2025-09-19 09:03:35.279",
                    "level": "DEBUG",
                    "thread": "main",
                    "class": "o.s.b.a.m.w.servlet.WebMvcMetricsFilter",
                    "message": "Filter 'webMvcMetricsFilter' configured for use" }
                    
{
                    "app": "Crmeb",
                    "timestamp":"2025-09-19 09:03:35.279",
                    "level": "DEBUG",
                    "thread": "main",
                    "class": "o.s.b.w.s.f.OrderedRequestContextFilter",
                    "message": "Filter 'requestContextFilter' configured for use" }
                    
{
                    "app": "Crmeb",
                    "timestamp":"2025-09-19 09:03:35.281",
                    "level": "DEBUG",
                    "thread": "main",
                    "class": "o.springframework.web.filter.CorsFilter",
                    "message": "Filter 'corsFilter' configured for use" }
                    
{
                    "app": "Crmeb",
                    "timestamp":"2025-09-19 09:03:35.281",
                    "level": "DEBUG",
                    "thread": "main",
                    "class": "o.s.b.w.s.f.OrderedCharacterEncodingFilter",
                    "message": "Filter 'characterEncodingFilter' configured for use" }
                    
{
                    "app": "Crmeb",
                    "timestamp":"2025-09-19 09:03:35.281",
                    "level": "DEBUG",
                    "thread": "main",
                    "class": "o.s.b.w.s.DelegatingFilterProxyRegistrationBean$1",
                    "message": "Filter 'springSecurityFilterChain' configured for use" }
                    
{
                    "app": "Crmeb",
                    "timestamp":"2025-09-19 09:03:35.282",
                    "level": "DEBUG",
                    "thread": "main",
                    "class": "o.s.b.w.s.f.OrderedFormContentFilter",
                    "message": "Filter 'formContentFilter' configured for use" }
                    
{
                    "app": "Crmeb",
                    "timestamp":"2025-09-19 09:03:39.609",
                    "level": "DEBUG",
                    "thread": "main",
                    "class": "o.s.w.s.m.m.a.RequestMappingHandlerMapping",
                    "message": "151 mappings in 'requestMappingHandlerMapping'" }
                    
{
                    "app": "Crmeb",
                    "timestamp":"2025-09-19 09:03:39.985",
                    "level": "DEBUG",
                    "thread": "main",
                    "class": "o.s.w.s.m.m.a.RequestMappingHandlerAdapter",
                    "message": "ControllerAdvice beans: 0 @ModelAttribute, 0 @InitBinder, 1 RequestBodyAdvice, 1 ResponseBodyAdvice" }
                    
{
                    "app": "Crmeb",
                    "timestamp":"2025-09-19 09:03:40.052",
                    "level": "DEBUG",
                    "thread": "main",
                    "class": "o.s.w.s.handler.SimpleUrlHandlerMapping",
                    "message": "Patterns [/webjars/**, /**, /doc.html] in 'resourceHandlerMapping'" }
                    
{
                    "app": "Crmeb",
                    "timestamp":"2025-09-19 09:03:40.060",
                    "level": "DEBUG",
                    "thread": "main",
                    "class": "o.s.w.s.m.m.a.ExceptionHandlerExceptionResolver",
                    "message": "ControllerAdvice beans: 1 @ExceptionHandler, 1 ResponseBodyAdvice" }
                    
{
                    "app": "Crmeb",
                    "timestamp":"2025-09-19 09:04:28.222",
                    "level": "DEBUG",
                    "thread": "http-nio-8081-exec-4",
                    "class": "o.s.web.servlet.DispatcherServlet",
                    "message": "Detected StandardServletMultipartResolver" }
                    
{
                    "app": "Crmeb",
                    "timestamp":"2025-09-19 09:04:28.222",
                    "level": "DEBUG",
                    "thread": "http-nio-8081-exec-4",
                    "class": "o.s.web.servlet.DispatcherServlet",
                    "message": "Detected I18nLocaleResolver" }
                    
{
                    "app": "Crmeb",
                    "timestamp":"2025-09-19 09:04:28.229",
                    "level": "DEBUG",
                    "thread": "http-nio-8081-exec-4",
                    "class": "o.s.web.servlet.DispatcherServlet",
                    "message": "enableLoggingRequestDetails='false': request parameters and headers will be masked to prevent unsafe logging of potentially sensitive data" }
                    
{
                    "app": "Crmeb",
                    "timestamp":"2025-09-19 09:04:28.267",
                    "level": "DEBUG",
                    "thread": "http-nio-8081-exec-9",
                    "class": "o.s.web.servlet.DispatcherServlet",
                    "message": "GET "/api/front/merchant/street", parameters={}" }
                    
{
                    "app": "Crmeb",
                    "timestamp":"2025-09-19 09:04:28.267",
                    "level": "DEBUG",
                    "thread": "http-nio-8081-exec-8",
                    "class": "o.s.web.servlet.DispatcherServlet",
                    "message": "GET "/api/front/index/product?page=1&limit=13", parameters={masked}" }
                    
{
                    "app": "Crmeb",
                    "timestamp":"2025-09-19 09:04:28.267",
                    "level": "DEBUG",
                    "thread": "http-nio-8081-exec-11",
                    "class": "o.s.web.servlet.DispatcherServlet",
                    "message": "GET "/api/pc/home/index", parameters={}" }
                    
{
                    "app": "Crmeb",
                    "timestamp":"2025-09-19 09:04:28.267",
                    "level": "DEBUG",
                    "thread": "http-nio-8081-exec-3",
                    "class": "o.s.web.servlet.DispatcherServlet",
                    "message": "GET "/api/front/activity/index/list", parameters={}" }
                    
{
                    "app": "Crmeb",
                    "timestamp":"2025-09-19 09:04:28.267",
                    "level": "DEBUG",
                    "thread": "http-nio-8081-exec-10",
                    "class": "o.s.web.servlet.DispatcherServlet",
                    "message": "GET "/api/front/product/leaderboard", parameters={}" }
                    
{
                    "app": "Crmeb",
                    "timestamp":"2025-09-19 09:04:28.271",
                    "level": "DEBUG",
                    "thread": "http-nio-8081-exec-3",
                    "class": "o.s.w.s.m.m.a.RequestMappingHandlerMapping",
                    "message": "Mapped to com.zbkj.front.controller.ActivityController#getIndexList()" }
                    
{
                    "app": "Crmeb",
                    "timestamp":"2025-09-19 09:04:28.271",
                    "level": "DEBUG",
                    "thread": "http-nio-8081-exec-8",
                    "class": "o.s.w.s.m.m.a.RequestMappingHandlerMapping",
                    "message": "Mapped to com.zbkj.front.controller.IndexController#getProductList(PageParamRequest)" }
                    
{
                    "app": "Crmeb",
                    "timestamp":"2025-09-19 09:04:28.271",
                    "level": "DEBUG",
                    "thread": "http-nio-8081-exec-9",
                    "class": "o.s.w.s.m.m.a.RequestMappingHandlerMapping",
                    "message": "Mapped to com.zbkj.front.controller.MerchantController#getStreet(PageParamRequest)" }
                    
{
                    "app": "Crmeb",
                    "timestamp":"2025-09-19 09:04:28.271",
                    "level": "DEBUG",
                    "thread": "http-nio-8081-exec-10",
                    "class": "o.s.w.s.m.m.a.RequestMappingHandlerMapping",
                    "message": "Mapped to com.zbkj.front.controller.ProductController#getLeaderboard()" }
                    
{
                    "app": "Crmeb",
                    "timestamp":"2025-09-19 09:04:28.271",
                    "level": "DEBUG",
                    "thread": "http-nio-8081-exec-11",
                    "class": "o.s.w.s.m.m.a.RequestMappingHandlerMapping",
                    "message": "Mapped to com.zbkj.front.pc.controller.PcIndexController#getIndexInfo()" }
                    
{
                    "app": "Crmeb",
                    "timestamp":"2025-09-19 09:04:28.551",
                    "level": "DEBUG",
                    "thread": "http-nio-8081-exec-10",
                    "class": "o.s.w.s.m.m.a.RequestResponseBodyMethodProcessor",
                    "message": "Using 'application/json', given [application/json, text/plain, */*] and supported [application/json, application/*+json, application/json, application/*+json]" }
                    
{
                    "app": "Crmeb",
                    "timestamp":"2025-09-19 09:04:28.552",
                    "level": "DEBUG",
                    "thread": "http-nio-8081-exec-10",
                    "class": "o.s.w.s.m.m.a.RequestResponseBodyMethodProcessor",
                    "message": "Writing [com.zbkj.common.response.CommonResult@75b4758c]" }
                    
{
                    "app": "Crmeb",
                    "timestamp":"2025-09-19 09:04:28.569",
                    "level": "DEBUG",
                    "thread": "http-nio-8081-exec-10",
                    "class": "o.s.web.servlet.DispatcherServlet",
                    "message": "Completed 200 OK" }
                    
{
                    "app": "Crmeb",
                    "timestamp":"2025-09-19 09:04:28.580",
                    "level": "DEBUG",
                    "thread": "http-nio-8081-exec-8",
                    "class": "o.s.w.s.m.m.a.ExceptionHandlerExceptionResolver",
                    "message": "Using @ExceptionHandler com.zbkj.common.exception.GlobalExceptionHandler#defaultExceptionHandler(Exception)" }
                    
{
                    "app": "Crmeb",
                    "timestamp":"2025-09-19 09:04:28.584",
                    "level": "DEBUG",
                    "thread": "http-nio-8081-exec-9",
                    "class": "o.s.w.s.m.m.a.RequestResponseBodyMethodProcessor",
                    "message": "Using 'application/json', given [application/json, text/plain, */*] and supported [application/json, application/*+json, application/json, application/*+json]" }
                    
{
                    "app": "Crmeb",
                    "timestamp":"2025-09-19 09:04:28.585",
                    "level": "DEBUG",
                    "thread": "http-nio-8081-exec-9",
                    "class": "o.s.w.s.m.m.a.RequestResponseBodyMethodProcessor",
                    "message": "Writing [com.zbkj.common.response.CommonResult@1b76177]" }
                    
{
                    "app": "Crmeb",
                    "timestamp":"2025-09-19 09:04:28.598",
                    "level": "DEBUG",
                    "thread": "http-nio-8081-exec-9",
                    "class": "o.s.web.servlet.DispatcherServlet",
                    "message": "Completed 200 OK" }
                    
{
                    "app": "Crmeb",
                    "timestamp":"2025-09-19 09:04:28.663",
                    "level": "DEBUG",
                    "thread": "http-nio-8081-exec-3",
                    "class": "o.s.w.s.m.m.a.RequestResponseBodyMethodProcessor",
                    "message": "Using 'application/json', given [application/json, text/plain, */*] and supported [application/json, application/*+json, application/json, application/*+json]" }
                    
{
                    "app": "Crmeb",
                    "timestamp":"2025-09-19 09:04:28.663",
                    "level": "DEBUG",
                    "thread": "http-nio-8081-exec-3",
                    "class": "o.s.w.s.m.m.a.RequestResponseBodyMethodProcessor",
                    "message": "Writing [com.zbkj.common.response.CommonResult@719f46a9]" }
                    
{
                    "app": "Crmeb",
                    "timestamp":"2025-09-19 09:04:28.666",
                    "level": "DEBUG",
                    "thread": "http-nio-8081-exec-3",
                    "class": "o.s.web.servlet.DispatcherServlet",
                    "message": "Completed 200 OK" }
                    
{
                    "app": "Crmeb",
                    "timestamp":"2025-09-19 09:04:28.669",
                    "level": "DEBUG",
                    "thread": "http-nio-8081-exec-8",
                    "class": "o.s.w.s.m.m.a.RequestResponseBodyMethodProcessor",
                    "message": "Using 'application/json', given [application/json, text/plain, */*] and supported [application/json, application/*+json, application/json, application/*+json]" }
                    
{
                    "app": "Crmeb",
                    "timestamp":"2025-09-19 09:04:28.670",
                    "level": "DEBUG",
                    "thread": "http-nio-8081-exec-8",
                    "class": "o.s.w.s.m.m.a.RequestResponseBodyMethodProcessor",
                    "message": "Writing [com.zbkj.common.response.CommonResult@2311d0c]" }
                    
{
                    "app": "Crmeb",
                    "timestamp":"2025-09-19 09:04:28.670",
                    "level": "DEBUG",
                    "thread": "http-nio-8081-exec-8",
                    "class": "o.s.w.s.m.m.a.ExceptionHandlerExceptionResolver",
                    "message": "Resolved [org.springframework.jdbc.BadSqlGrammarException: 
### Error querying database.  Cause: java.sql.SQLSyntaxErrorException: You have an error in your SQL syntax; check the manual that corresponds to your MySQL server version for the right syntax to use near 'DESC,id DESC LIMIT 13' at line 5
### The error may exist in com/zbkj/service/dao/StoreProductDao.java (best guess)
### The error may involve defaultParameterMap
### The error occurred while setting parameters
### SQL: SELECT   id,image,store_name,price,ot_price,sales,ficti   FROM eb_store_product     WHERE (is_del = ? AND is_recycle = ? AND is_show = ? AND is_forced = ? AND audit_status = ? AND stock > ?) ORDER BY rank DESC,id DESC LIMIT ?
### Cause: java.sql.SQLSyntaxErrorException: You have an error in your SQL syntax; check the manual that corresponds to your MySQL server version for the right syntax to use near 'DESC,id DESC LIMIT 13' at line 5
; bad SQL grammar []; nested exception is java.sql.SQLSyntaxErrorException: You have an error in your SQL syntax; check the manual that corresponds to your MySQL server version for the right syntax to use near 'DESC,id DESC LIMIT 13' at line 5]" }
                    
{
                    "app": "Crmeb",
                    "timestamp":"2025-09-19 09:04:28.671",
                    "level": "DEBUG",
                    "thread": "http-nio-8081-exec-8",
                    "class": "o.s.web.servlet.DispatcherServlet",
                    "message": "Completed 200 OK" }
                    
{
                    "app": "Crmeb",
                    "timestamp":"2025-09-19 09:04:28.682",
                    "level": "DEBUG",
                    "thread": "http-nio-8081-exec-12",
                    "class": "o.s.web.servlet.DispatcherServlet",
                    "message": "GET "/api/front/activity/index/list", parameters={}" }
                    
{
                    "app": "Crmeb",
                    "timestamp":"2025-09-19 09:04:28.683",
                    "level": "DEBUG",
                    "thread": "http-nio-8081-exec-12",
                    "class": "o.s.w.s.m.m.a.RequestMappingHandlerMapping",
                    "message": "Mapped to com.zbkj.front.controller.ActivityController#getIndexList()" }
                    
{
                    "app": "Crmeb",
                    "timestamp":"2025-09-19 09:04:28.708",
                    "level": "DEBUG",
                    "thread": "http-nio-8081-exec-13",
                    "class": "o.s.web.servlet.DispatcherServlet",
                    "message": "GET "/api/front/index/product?page=1&limit=13", parameters={masked}" }
                    
{
                    "app": "Crmeb",
                    "timestamp":"2025-09-19 09:04:28.712",
                    "level": "DEBUG",
                    "thread": "http-nio-8081-exec-13",
                    "class": "o.s.w.s.m.m.a.RequestMappingHandlerMapping",
                    "message": "Mapped to com.zbkj.front.controller.IndexController#getProductList(PageParamRequest)" }
                    
{
                    "app": "Crmeb",
                    "timestamp":"2025-09-19 09:04:28.714",
                    "level": "DEBUG",
                    "thread": "http-nio-8081-exec-17",
                    "class": "o.s.web.servlet.DispatcherServlet",
                    "message": "GET "/api/front/search/keyword", parameters={}" }
                    
{
                    "app": "Crmeb",
                    "timestamp":"2025-09-19 09:04:28.714",
                    "level": "DEBUG",
                    "thread": "http-nio-8081-exec-19",
                    "class": "o.s.web.servlet.DispatcherServlet",
                    "message": "GET "/api/front/product/category", parameters={}" }
                    
{
                    "app": "Crmeb",
                    "timestamp":"2025-09-19 09:04:28.714",
                    "level": "DEBUG",
                    "thread": "http-nio-8081-exec-18",
                    "class": "o.s.web.servlet.DispatcherServlet",
                    "message": "POST "/api/front/login/token/is/exist", parameters={}" }
                    
{
                    "app": "Crmeb",
                    "timestamp":"2025-09-19 09:04:28.715",
                    "level": "DEBUG",
                    "thread": "http-nio-8081-exec-17",
                    "class": "o.s.w.s.m.m.a.RequestMappingHandlerMapping",
                    "message": "Mapped to com.zbkj.front.controller.IndexController#hotKeywords()" }
                    
{
                    "app": "Crmeb",
                    "timestamp":"2025-09-19 09:04:28.718",
                    "level": "DEBUG",
                    "thread": "http-nio-8081-exec-18",
                    "class": "o.s.w.s.m.m.a.RequestMappingHandlerMapping",
                    "message": "Mapped to com.zbkj.front.controller.LoginController#tokenIsExist()" }
                    
{
                    "app": "Crmeb",
                    "timestamp":"2025-09-19 09:04:28.718",
                    "level": "DEBUG",
                    "thread": "http-nio-8081-exec-19",
                    "class": "o.s.w.s.m.m.a.RequestMappingHandlerMapping",
                    "message": "Mapped to com.zbkj.front.controller.ProductController#getCategory()" }
                    
{
                    "app": "Crmeb",
                    "timestamp":"2025-09-19 09:04:28.727",
                    "level": "DEBUG",
                    "thread": "http-nio-8081-exec-13",
                    "class": "o.s.w.s.m.m.a.ExceptionHandlerExceptionResolver",
                    "message": "Using @ExceptionHandler com.zbkj.common.exception.GlobalExceptionHandler#defaultExceptionHandler(Exception)" }
                    
{
                    "app": "Crmeb",
                    "timestamp":"2025-09-19 09:04:28.735",
                    "level": "DEBUG",
                    "thread": "http-nio-8081-exec-18",
                    "class": "o.s.w.s.m.m.a.RequestResponseBodyMethodProcessor",
                    "message": "Using 'application/json', given [application/json, text/plain, */*] and supported [application/json, application/*+json, application/json, application/*+json]" }
                    
{
                    "app": "Crmeb",
                    "timestamp":"2025-09-19 09:04:28.738",
                    "level": "DEBUG",
                    "thread": "http-nio-8081-exec-18",
                    "class": "o.s.w.s.m.m.a.RequestResponseBodyMethodProcessor",
                    "message": "Writing [com.zbkj.common.response.CommonResult@56148b3d]" }
                    
{
                    "app": "Crmeb",
                    "timestamp":"2025-09-19 09:04:28.743",
                    "level": "DEBUG",
                    "thread": "http-nio-8081-exec-18",
                    "class": "o.s.web.servlet.DispatcherServlet",
                    "message": "Completed 200 OK" }
                    
{
                    "app": "Crmeb",
                    "timestamp":"2025-09-19 09:04:28.749",
                    "level": "DEBUG",
                    "thread": "http-nio-8081-exec-17",
                    "class": "o.s.w.s.m.m.a.RequestResponseBodyMethodProcessor",
                    "message": "Using 'application/json', given [application/json, text/plain, */*] and supported [application/json, application/*+json, application/json, application/*+json]" }
                    
{
                    "app": "Crmeb",
                    "timestamp":"2025-09-19 09:04:28.752",
                    "level": "DEBUG",
                    "thread": "http-nio-8081-exec-17",
                    "class": "o.s.w.s.m.m.a.RequestResponseBodyMethodProcessor",
                    "message": "Writing [com.zbkj.common.response.CommonResult@5e042fda]" }
                    
{
                    "app": "Crmeb",
                    "timestamp":"2025-09-19 09:04:28.765",
                    "level": "DEBUG",
                    "thread": "http-nio-8081-exec-17",
                    "class": "o.s.web.servlet.DispatcherServlet",
                    "message": "Completed 200 OK" }
                    
{
                    "app": "Crmeb",
                    "timestamp":"2025-09-19 09:04:28.803",
                    "level": "DEBUG",
                    "thread": "http-nio-8081-exec-12",
                    "class": "o.s.w.s.m.m.a.RequestResponseBodyMethodProcessor",
                    "message": "Using 'application/json', given [application/json, text/plain, */*] and supported [application/json, application/*+json, application/json, application/*+json]" }
                    
{
                    "app": "Crmeb",
                    "timestamp":"2025-09-19 09:04:28.804",
                    "level": "DEBUG",
                    "thread": "http-nio-8081-exec-12",
                    "class": "o.s.w.s.m.m.a.RequestResponseBodyMethodProcessor",
                    "message": "Writing [com.zbkj.common.response.CommonResult@255d6ebd]" }
                    
{
                    "app": "Crmeb",
                    "timestamp":"2025-09-19 09:04:28.808",
                    "level": "DEBUG",
                    "thread": "http-nio-8081-exec-12",
                    "class": "o.s.web.servlet.DispatcherServlet",
                    "message": "Completed 200 OK" }
                    
{
                    "app": "Crmeb",
                    "timestamp":"2025-09-19 09:04:28.841",
                    "level": "DEBUG",
                    "thread": "http-nio-8081-exec-13",
                    "class": "o.s.w.s.m.m.a.RequestResponseBodyMethodProcessor",
                    "message": "Using 'application/json', given [application/json, text/plain, */*] and supported [application/json, application/*+json, application/json, application/*+json]" }
                    
{
                    "app": "Crmeb",
                    "timestamp":"2025-09-19 09:04:28.841",
                    "level": "DEBUG",
                    "thread": "http-nio-8081-exec-13",
                    "class": "o.s.w.s.m.m.a.RequestResponseBodyMethodProcessor",
                    "message": "Writing [com.zbkj.common.response.CommonResult@12f9e884]" }
                    
{
                    "app": "Crmeb",
                    "timestamp":"2025-09-19 09:04:28.842",
                    "level": "DEBUG",
                    "thread": "http-nio-8081-exec-13",
                    "class": "o.s.w.s.m.m.a.ExceptionHandlerExceptionResolver",
                    "message": "Resolved [org.springframework.jdbc.BadSqlGrammarException: 
### Error querying database.  Cause: java.sql.SQLSyntaxErrorException: You have an error in your SQL syntax; check the manual that corresponds to your MySQL server version for the right syntax to use near 'DESC,id DESC LIMIT 13' at line 5
### The error may exist in com/zbkj/service/dao/StoreProductDao.java (best guess)
### The error may involve defaultParameterMap
### The error occurred while setting parameters
### SQL: SELECT   id,image,store_name,price,ot_price,sales,ficti   FROM eb_store_product     WHERE (is_del = ? AND is_recycle = ? AND is_show = ? AND is_forced = ? AND audit_status = ? AND stock > ?) ORDER BY rank DESC,id DESC LIMIT ?
### Cause: java.sql.SQLSyntaxErrorException: You have an error in your SQL syntax; check the manual that corresponds to your MySQL server version for the right syntax to use near 'DESC,id DESC LIMIT 13' at line 5
; bad SQL grammar []; nested exception is java.sql.SQLSyntaxErrorException: You have an error in your SQL syntax; check the manual that corresponds to your MySQL server version for the right syntax to use near 'DESC,id DESC LIMIT 13' at line 5]" }
                    
{
                    "app": "Crmeb",
                    "timestamp":"2025-09-19 09:04:28.843",
                    "level": "DEBUG",
                    "thread": "http-nio-8081-exec-13",
                    "class": "o.s.web.servlet.DispatcherServlet",
                    "message": "Completed 200 OK" }
                    
{
                    "app": "Crmeb",
                    "timestamp":"2025-09-19 09:04:28.850",
                    "level": "DEBUG",
                    "thread": "http-nio-8081-exec-11",
                    "class": "o.s.w.s.m.m.a.RequestResponseBodyMethodProcessor",
                    "message": "Using 'application/json', given [application/json, text/plain, */*] and supported [application/json, application/*+json, application/json, application/*+json]" }
                    
{
                    "app": "Crmeb",
                    "timestamp":"2025-09-19 09:04:28.851",
                    "level": "DEBUG",
                    "thread": "http-nio-8081-exec-11",
                    "class": "o.s.w.s.m.m.a.RequestResponseBodyMethodProcessor",
                    "message": "Writing [com.zbkj.common.response.CommonResult@4ea29dac]" }
                    
{
                    "app": "Crmeb",
                    "timestamp":"2025-09-19 09:04:28.852",
                    "level": "DEBUG",
                    "thread": "http-nio-8081-exec-11",
                    "class": "o.s.web.servlet.DispatcherServlet",
                    "message": "Completed 200 OK" }
                    
{
                    "app": "Crmeb",
                    "timestamp":"2025-09-19 09:04:33.005",
                    "level": "DEBUG",
                    "thread": "http-nio-8081-exec-19",
                    "class": "o.s.w.s.m.m.a.RequestResponseBodyMethodProcessor",
                    "message": "Using 'application/json', given [application/json, text/plain, */*] and supported [application/json, application/*+json, application/json, application/*+json]" }
                    
{
                    "app": "Crmeb",
                    "timestamp":"2025-09-19 09:04:33.006",
                    "level": "DEBUG",
                    "thread": "http-nio-8081-exec-19",
                    "class": "o.s.w.s.m.m.a.RequestResponseBodyMethodProcessor",
                    "message": "Writing [com.zbkj.common.response.CommonResult@725a69d9]" }
                    
{
                    "app": "Crmeb",
                    "timestamp":"2025-09-19 09:04:33.009",
                    "level": "DEBUG",
                    "thread": "http-nio-8081-exec-19",
                    "class": "o.s.web.servlet.DispatcherServlet",
                    "message": "Completed 200 OK" }
                    
{
                    "app": "Crmeb",
                    "timestamp":"2025-09-19 09:05:05.649",
                    "level": "DEBUG",
                    "thread": "http-nio-8081-exec-27",
                    "class": "o.s.web.servlet.DispatcherServlet",
                    "message": "GET "/api/pc/home/index", parameters={}" }
                    
{
                    "app": "Crmeb",
                    "timestamp":"2025-09-19 09:05:05.649",
                    "level": "DEBUG",
                    "thread": "http-nio-8081-exec-28",
                    "class": "o.s.web.servlet.DispatcherServlet",
                    "message": "GET "/api/front/index/product?page=1&limit=13", parameters={masked}" }
                    
{
                    "app": "Crmeb",
                    "timestamp":"2025-09-19 09:05:05.649",
                    "level": "DEBUG",
                    "thread": "http-nio-8081-exec-26",
                    "class": "o.s.web.servlet.DispatcherServlet",
                    "message": "GET "/api/front/activity/index/list", parameters={}" }
                    
{
                    "app": "Crmeb",
                    "timestamp":"2025-09-19 09:05:05.649",
                    "level": "DEBUG",
                    "thread": "http-nio-8081-exec-29",
                    "class": "o.s.web.servlet.DispatcherServlet",
                    "message": "GET "/api/front/product/leaderboard", parameters={}" }
                    
{
                    "app": "Crmeb",
                    "timestamp":"2025-09-19 09:05:05.650",
                    "level": "DEBUG",
                    "thread": "http-nio-8081-exec-30",
                    "class": "o.s.web.servlet.DispatcherServlet",
                    "message": "GET "/api/front/merchant/street", parameters={}" }
                    
{
                    "app": "Crmeb",
                    "timestamp":"2025-09-19 09:05:05.650",
                    "level": "DEBUG",
                    "thread": "http-nio-8081-exec-27",
                    "class": "o.s.w.s.m.m.a.RequestMappingHandlerMapping",
                    "message": "Mapped to com.zbkj.front.pc.controller.PcIndexController#getIndexInfo()" }
                    
{
                    "app": "Crmeb",
                    "timestamp":"2025-09-19 09:05:05.651",
                    "level": "DEBUG",
                    "thread": "http-nio-8081-exec-28",
                    "class": "o.s.w.s.m.m.a.RequestMappingHandlerMapping",
                    "message": "Mapped to com.zbkj.front.controller.IndexController#getProductList(PageParamRequest)" }
                    
{
                    "app": "Crmeb",
                    "timestamp":"2025-09-19 09:05:05.651",
                    "level": "DEBUG",
                    "thread": "http-nio-8081-exec-26",
                    "class": "o.s.w.s.m.m.a.RequestMappingHandlerMapping",
                    "message": "Mapped to com.zbkj.front.controller.ActivityController#getIndexList()" }
                    
{
                    "app": "Crmeb",
                    "timestamp":"2025-09-19 09:05:05.652",
                    "level": "DEBUG",
                    "thread": "http-nio-8081-exec-29",
                    "class": "o.s.w.s.m.m.a.RequestMappingHandlerMapping",
                    "message": "Mapped to com.zbkj.front.controller.ProductController#getLeaderboard()" }
                    
{
                    "app": "Crmeb",
                    "timestamp":"2025-09-19 09:05:05.652",
                    "level": "DEBUG",
                    "thread": "http-nio-8081-exec-30",
                    "class": "o.s.w.s.m.m.a.RequestMappingHandlerMapping",
                    "message": "Mapped to com.zbkj.front.controller.MerchantController#getStreet(PageParamRequest)" }
                    
{
                    "app": "Crmeb",
                    "timestamp":"2025-09-19 09:05:05.667",
                    "level": "DEBUG",
                    "thread": "http-nio-8081-exec-28",
                    "class": "o.s.w.s.m.m.a.ExceptionHandlerExceptionResolver",
                    "message": "Using @ExceptionHandler com.zbkj.common.exception.GlobalExceptionHandler#defaultExceptionHandler(Exception)" }
                    
{
                    "app": "Crmeb",
                    "timestamp":"2025-09-19 09:05:05.675",
                    "level": "DEBUG",
                    "thread": "http-nio-8081-exec-29",
                    "class": "o.s.w.s.m.m.a.RequestResponseBodyMethodProcessor",
                    "message": "Using 'application/json', given [application/json, text/plain, */*] and supported [application/json, application/*+json, application/json, application/*+json]" }
                    
{
                    "app": "Crmeb",
                    "timestamp":"2025-09-19 09:05:05.675",
                    "level": "DEBUG",
                    "thread": "http-nio-8081-exec-29",
                    "class": "o.s.w.s.m.m.a.RequestResponseBodyMethodProcessor",
                    "message": "Writing [com.zbkj.common.response.CommonResult@27dadfa9]" }
                    
{
                    "app": "Crmeb",
                    "timestamp":"2025-09-19 09:05:05.677",
                    "level": "DEBUG",
                    "thread": "http-nio-8081-exec-29",
                    "class": "o.s.web.servlet.DispatcherServlet",
                    "message": "Completed 200 OK" }
                    
{
                    "app": "Crmeb",
                    "timestamp":"2025-09-19 09:05:05.708",
                    "level": "DEBUG",
                    "thread": "http-nio-8081-exec-30",
                    "class": "o.s.w.s.m.m.a.RequestResponseBodyMethodProcessor",
                    "message": "Using 'application/json', given [application/json, text/plain, */*] and supported [application/json, application/*+json, application/json, application/*+json]" }
                    
{
                    "app": "Crmeb",
                    "timestamp":"2025-09-19 09:05:05.710",
                    "level": "DEBUG",
                    "thread": "http-nio-8081-exec-30",
                    "class": "o.s.w.s.m.m.a.RequestResponseBodyMethodProcessor",
                    "message": "Writing [com.zbkj.common.response.CommonResult@6954ee47]" }
                    
{
                    "app": "Crmeb",
                    "timestamp":"2025-09-19 09:05:05.712",
                    "level": "DEBUG",
                    "thread": "http-nio-8081-exec-30",
                    "class": "o.s.web.servlet.DispatcherServlet",
                    "message": "Completed 200 OK" }
                    
{
                    "app": "Crmeb",
                    "timestamp":"2025-09-19 09:05:05.764",
                    "level": "DEBUG",
                    "thread": "http-nio-8081-exec-28",
                    "class": "o.s.w.s.m.m.a.RequestResponseBodyMethodProcessor",
                    "message": "Using 'application/json', given [application/json, text/plain, */*] and supported [application/json, application/*+json, application/json, application/*+json]" }
                    
{
                    "app": "Crmeb",
                    "timestamp":"2025-09-19 09:05:05.765",
                    "level": "DEBUG",
                    "thread": "http-nio-8081-exec-28",
                    "class": "o.s.w.s.m.m.a.RequestResponseBodyMethodProcessor",
                    "message": "Writing [com.zbkj.common.response.CommonResult@854426b]" }
                    
{
                    "app": "Crmeb",
                    "timestamp":"2025-09-19 09:05:05.766",
                    "level": "DEBUG",
                    "thread": "http-nio-8081-exec-28",
                    "class": "o.s.w.s.m.m.a.ExceptionHandlerExceptionResolver",
                    "message": "Resolved [org.springframework.jdbc.BadSqlGrammarException: 
### Error querying database.  Cause: java.sql.SQLSyntaxErrorException: You have an error in your SQL syntax; check the manual that corresponds to your MySQL server version for the right syntax to use near 'DESC,id DESC LIMIT 13' at line 5
### The error may exist in com/zbkj/service/dao/StoreProductDao.java (best guess)
### The error may involve defaultParameterMap
### The error occurred while setting parameters
### SQL: SELECT   id,image,store_name,price,ot_price,sales,ficti   FROM eb_store_product     WHERE (is_del = ? AND is_recycle = ? AND is_show = ? AND is_forced = ? AND audit_status = ? AND stock > ?) ORDER BY rank DESC,id DESC LIMIT ?
### Cause: java.sql.SQLSyntaxErrorException: You have an error in your SQL syntax; check the manual that corresponds to your MySQL server version for the right syntax to use near 'DESC,id DESC LIMIT 13' at line 5
; bad SQL grammar []; nested exception is java.sql.SQLSyntaxErrorException: You have an error in your SQL syntax; check the manual that corresponds to your MySQL server version for the right syntax to use near 'DESC,id DESC LIMIT 13' at line 5]" }
                    
{
                    "app": "Crmeb",
                    "timestamp":"2025-09-19 09:05:05.767",
                    "level": "DEBUG",
                    "thread": "http-nio-8081-exec-28",
                    "class": "o.s.web.servlet.DispatcherServlet",
                    "message": "Completed 200 OK" }
                    
{
                    "app": "Crmeb",
                    "timestamp":"2025-09-19 09:05:05.781",
                    "level": "DEBUG",
                    "thread": "http-nio-8081-exec-26",
                    "class": "o.s.w.s.m.m.a.RequestResponseBodyMethodProcessor",
                    "message": "Using 'application/json', given [application/json, text/plain, */*] and supported [application/json, application/*+json, application/json, application/*+json]" }
                    
{
                    "app": "Crmeb",
                    "timestamp":"2025-09-19 09:05:05.782",
                    "level": "DEBUG",
                    "thread": "http-nio-8081-exec-26",
                    "class": "o.s.w.s.m.m.a.RequestResponseBodyMethodProcessor",
                    "message": "Writing [com.zbkj.common.response.CommonResult@3d2bb089]" }
                    
{
                    "app": "Crmeb",
                    "timestamp":"2025-09-19 09:05:05.783",
                    "level": "DEBUG",
                    "thread": "http-nio-8081-exec-26",
                    "class": "o.s.web.servlet.DispatcherServlet",
                    "message": "Completed 200 OK" }
                    
{
                    "app": "Crmeb",
                    "timestamp":"2025-09-19 09:05:05.791",
                    "level": "DEBUG",
                    "thread": "http-nio-8081-exec-27",
                    "class": "o.s.w.s.m.m.a.RequestResponseBodyMethodProcessor",
                    "message": "Using 'application/json', given [application/json, text/plain, */*] and supported [application/json, application/*+json, application/json, application/*+json]" }
                    
{
                    "app": "Crmeb",
                    "timestamp":"2025-09-19 09:05:05.794",
                    "level": "DEBUG",
                    "thread": "http-nio-8081-exec-27",
                    "class": "o.s.w.s.m.m.a.RequestResponseBodyMethodProcessor",
                    "message": "Writing [com.zbkj.common.response.CommonResult@72b4971c]" }
                    
{
                    "app": "Crmeb",
                    "timestamp":"2025-09-19 09:05:05.794",
                    "level": "DEBUG",
                    "thread": "http-nio-8081-exec-6",
                    "class": "o.s.web.servlet.DispatcherServlet",
                    "message": "GET "/api/front/index/product?page=1&limit=13", parameters={masked}" }
                    
{
                    "app": "Crmeb",
                    "timestamp":"2025-09-19 09:05:05.797",
                    "level": "DEBUG",
                    "thread": "http-nio-8081-exec-27",
                    "class": "o.s.web.servlet.DispatcherServlet",
                    "message": "Completed 200 OK" }
                    
{
                    "app": "Crmeb",
                    "timestamp":"2025-09-19 09:05:05.797",
                    "level": "DEBUG",
                    "thread": "http-nio-8081-exec-6",
                    "class": "o.s.w.s.m.m.a.RequestMappingHandlerMapping",
                    "message": "Mapped to com.zbkj.front.controller.IndexController#getProductList(PageParamRequest)" }
                    
{
                    "app": "Crmeb",
                    "timestamp":"2025-09-19 09:05:05.797",
                    "level": "DEBUG",
                    "thread": "http-nio-8081-exec-2",
                    "class": "o.s.web.servlet.DispatcherServlet",
                    "message": "POST "/api/front/login/token/is/exist", parameters={}" }
                    
{
                    "app": "Crmeb",
                    "timestamp":"2025-09-19 09:05:05.798",
                    "level": "DEBUG",
                    "thread": "http-nio-8081-exec-1",
                    "class": "o.s.web.servlet.DispatcherServlet",
                    "message": "GET "/api/front/search/keyword", parameters={}" }
                    
{
                    "app": "Crmeb",
                    "timestamp":"2025-09-19 09:05:05.798",
                    "level": "DEBUG",
                    "thread": "http-nio-8081-exec-9",
                    "class": "o.s.web.servlet.DispatcherServlet",
                    "message": "GET "/api/front/product/category", parameters={}" }
                    
{
                    "app": "Crmeb",
                    "timestamp":"2025-09-19 09:05:05.800",
                    "level": "DEBUG",
                    "thread": "http-nio-8081-exec-2",
                    "class": "o.s.w.s.m.m.a.RequestMappingHandlerMapping",
                    "message": "Mapped to com.zbkj.front.controller.LoginController#tokenIsExist()" }
                    
{
                    "app": "Crmeb",
                    "timestamp":"2025-09-19 09:05:05.802",
                    "level": "DEBUG",
                    "thread": "http-nio-8081-exec-26",
                    "class": "o.s.web.servlet.DispatcherServlet",
                    "message": "GET "/api/front/activity/index/list", parameters={}" }
                    
{
                    "app": "Crmeb",
                    "timestamp":"2025-09-19 09:05:05.801",
                    "level": "DEBUG",
                    "thread": "http-nio-8081-exec-1",
                    "class": "o.s.w.s.m.m.a.RequestMappingHandlerMapping",
                    "message": "Mapped to com.zbkj.front.controller.IndexController#hotKeywords()" }
                    
{
                    "app": "Crmeb",
                    "timestamp":"2025-09-19 09:05:05.802",
                    "level": "DEBUG",
                    "thread": "http-nio-8081-exec-9",
                    "class": "o.s.w.s.m.m.a.RequestMappingHandlerMapping",
                    "message": "Mapped to com.zbkj.front.controller.ProductController#getCategory()" }
                    
{
                    "app": "Crmeb",
                    "timestamp":"2025-09-19 09:05:05.803",
                    "level": "DEBUG",
                    "thread": "http-nio-8081-exec-26",
                    "class": "o.s.w.s.m.m.a.RequestMappingHandlerMapping",
                    "message": "Mapped to com.zbkj.front.controller.ActivityController#getIndexList()" }
                    
{
                    "app": "Crmeb",
                    "timestamp":"2025-09-19 09:05:05.806",
                    "level": "DEBUG",
                    "thread": "http-nio-8081-exec-2",
                    "class": "o.s.w.s.m.m.a.RequestResponseBodyMethodProcessor",
                    "message": "Using 'application/json', given [application/json, text/plain, */*] and supported [application/json, application/*+json, application/json, application/*+json]" }
                    
{
                    "app": "Crmeb",
                    "timestamp":"2025-09-19 09:05:05.807",
                    "level": "DEBUG",
                    "thread": "http-nio-8081-exec-2",
                    "class": "o.s.w.s.m.m.a.RequestResponseBodyMethodProcessor",
                    "message": "Writing [com.zbkj.common.response.CommonResult@3af357e5]" }
                    
{
                    "app": "Crmeb",
                    "timestamp":"2025-09-19 09:05:05.815",
                    "level": "DEBUG",
                    "thread": "http-nio-8081-exec-2",
                    "class": "o.s.web.servlet.DispatcherServlet",
                    "message": "Completed 200 OK" }
                    
{
                    "app": "Crmeb",
                    "timestamp":"2025-09-19 09:05:05.815",
                    "level": "DEBUG",
                    "thread": "http-nio-8081-exec-6",
                    "class": "o.s.w.s.m.m.a.ExceptionHandlerExceptionResolver",
                    "message": "Using @ExceptionHandler com.zbkj.common.exception.GlobalExceptionHandler#defaultExceptionHandler(Exception)" }
                    
{
                    "app": "Crmeb",
                    "timestamp":"2025-09-19 09:05:05.833",
                    "level": "DEBUG",
                    "thread": "http-nio-8081-exec-1",
                    "class": "o.s.w.s.m.m.a.RequestResponseBodyMethodProcessor",
                    "message": "Using 'application/json', given [application/json, text/plain, */*] and supported [application/json, application/*+json, application/json, application/*+json]" }
                    
{
                    "app": "Crmeb",
                    "timestamp":"2025-09-19 09:05:05.834",
                    "level": "DEBUG",
                    "thread": "http-nio-8081-exec-1",
                    "class": "o.s.w.s.m.m.a.RequestResponseBodyMethodProcessor",
                    "message": "Writing [com.zbkj.common.response.CommonResult@1b4d07a6]" }
                    
{
                    "app": "Crmeb",
                    "timestamp":"2025-09-19 09:05:05.835",
                    "level": "DEBUG",
                    "thread": "http-nio-8081-exec-1",
                    "class": "o.s.web.servlet.DispatcherServlet",
                    "message": "Completed 200 OK" }
                    
{
                    "app": "Crmeb",
                    "timestamp":"2025-09-19 09:05:05.887",
                    "level": "DEBUG",
                    "thread": "http-nio-8081-exec-26",
                    "class": "o.s.w.s.m.m.a.RequestResponseBodyMethodProcessor",
                    "message": "Using 'application/json', given [application/json, text/plain, */*] and supported [application/json, application/*+json, application/json, application/*+json]" }
                    
{
                    "app": "Crmeb",
                    "timestamp":"2025-09-19 09:05:05.887",
                    "level": "DEBUG",
                    "thread": "http-nio-8081-exec-26",
                    "class": "o.s.w.s.m.m.a.RequestResponseBodyMethodProcessor",
                    "message": "Writing [com.zbkj.common.response.CommonResult@29cb1237]" }
                    
{
                    "app": "Crmeb",
                    "timestamp":"2025-09-19 09:05:05.888",
                    "level": "DEBUG",
                    "thread": "http-nio-8081-exec-26",
                    "class": "o.s.web.servlet.DispatcherServlet",
                    "message": "Completed 200 OK" }
                    
{
                    "app": "Crmeb",
                    "timestamp":"2025-09-19 09:05:05.892",
                    "level": "DEBUG",
                    "thread": "http-nio-8081-exec-6",
                    "class": "o.s.w.s.m.m.a.RequestResponseBodyMethodProcessor",
                    "message": "Using 'application/json', given [application/json, text/plain, */*] and supported [application/json, application/*+json, application/json, application/*+json]" }
                    
{
                    "app": "Crmeb",
                    "timestamp":"2025-09-19 09:05:05.892",
                    "level": "DEBUG",
                    "thread": "http-nio-8081-exec-6",
                    "class": "o.s.w.s.m.m.a.RequestResponseBodyMethodProcessor",
                    "message": "Writing [com.zbkj.common.response.CommonResult@54fdd763]" }
                    
{
                    "app": "Crmeb",
                    "timestamp":"2025-09-19 09:05:05.893",
                    "level": "DEBUG",
                    "thread": "http-nio-8081-exec-6",
                    "class": "o.s.w.s.m.m.a.ExceptionHandlerExceptionResolver",
                    "message": "Resolved [org.springframework.jdbc.BadSqlGrammarException: 
### Error querying database.  Cause: java.sql.SQLSyntaxErrorException: You have an error in your SQL syntax; check the manual that corresponds to your MySQL server version for the right syntax to use near 'DESC,id DESC LIMIT 13' at line 5
### The error may exist in com/zbkj/service/dao/StoreProductDao.java (best guess)
### The error may involve defaultParameterMap
### The error occurred while setting parameters
### SQL: SELECT   id,image,store_name,price,ot_price,sales,ficti   FROM eb_store_product     WHERE (is_del = ? AND is_recycle = ? AND is_show = ? AND is_forced = ? AND audit_status = ? AND stock > ?) ORDER BY rank DESC,id DESC LIMIT ?
### Cause: java.sql.SQLSyntaxErrorException: You have an error in your SQL syntax; check the manual that corresponds to your MySQL server version for the right syntax to use near 'DESC,id DESC LIMIT 13' at line 5
; bad SQL grammar []; nested exception is java.sql.SQLSyntaxErrorException: You have an error in your SQL syntax; check the manual that corresponds to your MySQL server version for the right syntax to use near 'DESC,id DESC LIMIT 13' at line 5]" }
                    
{
                    "app": "Crmeb",
                    "timestamp":"2025-09-19 09:05:05.893",
                    "level": "DEBUG",
                    "thread": "http-nio-8081-exec-6",
                    "class": "o.s.web.servlet.DispatcherServlet",
                    "message": "Completed 200 OK" }
                    
{
                    "app": "Crmeb",
                    "timestamp":"2025-09-19 09:05:09.997",
                    "level": "DEBUG",
                    "thread": "http-nio-8081-exec-9",
                    "class": "o.s.w.s.m.m.a.RequestResponseBodyMethodProcessor",
                    "message": "Using 'application/json', given [application/json, text/plain, */*] and supported [application/json, application/*+json, application/json, application/*+json]" }
                    
{
                    "app": "Crmeb",
                    "timestamp":"2025-09-19 09:05:09.997",
                    "level": "DEBUG",
                    "thread": "http-nio-8081-exec-9",
                    "class": "o.s.w.s.m.m.a.RequestResponseBodyMethodProcessor",
                    "message": "Writing [com.zbkj.common.response.CommonResult@12f6283]" }
                    
{
                    "app": "Crmeb",
                    "timestamp":"2025-09-19 09:05:09.998",
                    "level": "DEBUG",
                    "thread": "http-nio-8081-exec-9",
                    "class": "o.s.web.servlet.DispatcherServlet",
                    "message": "Completed 200 OK" }
                    
{
                    "app": "Crmeb",
                    "timestamp":"2025-09-19 09:06:49.668",
                    "level": "DEBUG",
                    "thread": "main",
                    "class": "o.s.b.c.l.ClasspathLoggingApplicationListener",
                    "message": "Application started with classpath: [jar:file:/E:/2zynt/工作项目/CRMEB-JAVA-ET-V1.2(2025.4.25)/et_java/crmeb-front/target/Crmeb-front.jar!/BOOT-INF/classes!/, jar:file:/E:/2zynt/工作项目/CRMEB-JAVA-ET-V1.2(2025.4.25)/et_java/crmeb-front/target/Crmeb-front.jar!/BOOT-INF/lib/crmeb-service-0.0.1-SNAPSHOT.jar!/, jar:file:/E:/2zynt/工作项目/CRMEB-JAVA-ET-V1.2(2025.4.25)/et_java/crmeb-front/target/Crmeb-front.jar!/BOOT-INF/lib/crmeb-common-0.0.1-SNAPSHOT.jar!/, jar:file:/E:/2zynt/工作项目/CRMEB-JAVA-ET-V1.2(2025.4.25)/et_java/crmeb-front/target/Crmeb-front.jar!/BOOT-INF/lib/javax.servlet-api-4.0.1.jar!/, jar:file:/E:/2zynt/工作项目/CRMEB-JAVA-ET-V1.2(2025.4.25)/et_java/crmeb-front/target/Crmeb-front.jar!/BOOT-INF/lib/jstl-1.2.jar!/, jar:file:/E:/2zynt/工作项目/CRMEB-JAVA-ET-V1.2(2025.4.25)/et_java/crmeb-front/target/Crmeb-front.jar!/BOOT-INF/lib/tomcat-embed-jasper-9.0.33.jar!/, jar:file:/E:/2zynt/工作项目/CRMEB-JAVA-ET-V1.2(2025.4.25)/et_java/crmeb-front/target/Crmeb-front.jar!/BOOT-INF/lib/tomcat-embed-core-9.0.33.jar!/, jar:file:/E:/2zynt/工作项目/CRMEB-JAVA-ET-V1.2(2025.4.25)/et_java/crmeb-front/target/Crmeb-front.jar!/BOOT-INF/lib/tomcat-annotations-api-9.0.33.jar!/, jar:file:/E:/2zynt/工作项目/CRMEB-JAVA-ET-V1.2(2025.4.25)/et_java/crmeb-front/target/Crmeb-front.jar!/BOOT-INF/lib/tomcat-embed-el-9.0.33.jar!/, jar:file:/E:/2zynt/工作项目/CRMEB-JAVA-ET-V1.2(2025.4.25)/et_java/crmeb-front/target/Crmeb-front.jar!/BOOT-INF/lib/ecj-3.18.0.jar!/, jar:file:/E:/2zynt/工作项目/CRMEB-JAVA-ET-V1.2(2025.4.25)/et_java/crmeb-front/target/Crmeb-front.jar!/BOOT-INF/lib/tomcat-jsp-api-9.0.33.jar!/, jar:file:/E:/2zynt/工作项目/CRMEB-JAVA-ET-V1.2(2025.4.25)/et_java/crmeb-front/target/Crmeb-front.jar!/BOOT-INF/lib/tomcat-el-api-9.0.33.jar!/, jar:file:/E:/2zynt/工作项目/CRMEB-JAVA-ET-V1.2(2025.4.25)/et_java/crmeb-front/target/Crmeb-front.jar!/BOOT-INF/lib/tomcat-servlet-api-9.0.33.jar!/, jar:file:/E:/2zynt/工作项目/CRMEB-JAVA-ET-V1.2(2025.4.25)/et_java/crmeb-front/target/Crmeb-front.jar!/BOOT-INF/lib/fastjson-2.0.38.jar!/, jar:file:/E:/2zynt/工作项目/CRMEB-JAVA-ET-V1.2(2025.4.25)/et_java/crmeb-front/target/Crmeb-front.jar!/BOOT-INF/lib/fastjson2-extension-2.0.38.jar!/, jar:file:/E:/2zynt/工作项目/CRMEB-JAVA-ET-V1.2(2025.4.25)/et_java/crmeb-front/target/Crmeb-front.jar!/BOOT-INF/lib/fastjson2-2.0.38.jar!/, jar:file:/E:/2zynt/工作项目/CRMEB-JAVA-ET-V1.2(2025.4.25)/et_java/crmeb-front/target/Crmeb-front.jar!/BOOT-INF/lib/druid-1.1.20.jar!/, jar:file:/E:/2zynt/工作项目/CRMEB-JAVA-ET-V1.2(2025.4.25)/et_java/crmeb-front/target/Crmeb-front.jar!/BOOT-INF/lib/mysql-connector-j-8.0.33.jar!/, jar:file:/E:/2zynt/工作项目/CRMEB-JAVA-ET-V1.2(2025.4.25)/et_java/crmeb-front/target/Crmeb-front.jar!/BOOT-INF/lib/protobuf-java-3.21.9.jar!/, jar:file:/E:/2zynt/工作项目/CRMEB-JAVA-ET-V1.2(2025.4.25)/et_java/crmeb-front/target/Crmeb-front.jar!/BOOT-INF/lib/lombok-1.18.12.jar!/, jar:file:/E:/2zynt/工作项目/CRMEB-JAVA-ET-V1.2(2025.4.25)/et_java/crmeb-front/target/Crmeb-front.jar!/BOOT-INF/lib/mybatis-plus-boot-starter-3.3.1.jar!/, jar:file:/E:/2zynt/工作项目/CRMEB-JAVA-ET-V1.2(2025.4.25)/et_java/crmeb-front/target/Crmeb-front.jar!/BOOT-INF/lib/spring-boot-starter-jdbc-2.2.6.RELEASE.jar!/, jar:file:/E:/2zynt/工作项目/CRMEB-JAVA-ET-V1.2(2025.4.25)/et_java/crmeb-front/target/Crmeb-front.jar!/BOOT-INF/lib/HikariCP-3.4.2.jar!/, jar:file:/E:/2zynt/工作项目/CRMEB-JAVA-ET-V1.2(2025.4.25)/et_java/crmeb-front/target/Crmeb-front.jar!/BOOT-INF/lib/spring-jdbc-5.2.5.RELEASE.jar!/, jar:file:/E:/2zynt/工作项目/CRMEB-JAVA-ET-V1.2(2025.4.25)/et_java/crmeb-front/target/Crmeb-front.jar!/BOOT-INF/lib/spring-boot-test-2.2.6.RELEASE.jar!/, jar:file:/E:/2zynt/工作项目/CRMEB-JAVA-ET-V1.2(2025.4.25)/et_java/crmeb-front/target/Crmeb-front.jar!/BOOT-INF/lib/spring-boot-2.2.6.RELEASE.jar!/, jar:file:/E:/2zynt/工作项目/CRMEB-JAVA-ET-V1.2(2025.4.25)/et_java/crmeb-front/target/Crmeb-front.jar!/BOOT-INF/lib/spring-context-5.2.5.RELEASE.jar!/, jar:file:/E:/2zynt/工作项目/CRMEB-JAVA-ET-V1.2(2025.4.25)/et_java/crmeb-front/target/Crmeb-front.jar!/BOOT-INF/lib/spring-test-5.2.5.RELEASE.jar!/, jar:file:/E:/2zynt/工作项目/CRMEB-JAVA-ET-V1.2(2025.4.25)/et_java/crmeb-front/target/Crmeb-front.jar!/BOOT-INF/lib/spring-core-5.2.5.RELEASE.jar!/, jar:file:/E:/2zynt/工作项目/CRMEB-JAVA-ET-V1.2(2025.4.25)/et_java/crmeb-front/target/Crmeb-front.jar!/BOOT-INF/lib/spring-jcl-5.2.5.RELEASE.jar!/, jar:file:/E:/2zynt/工作项目/CRMEB-JAVA-ET-V1.2(2025.4.25)/et_java/crmeb-front/target/Crmeb-front.jar!/BOOT-INF/lib/mybatis-plus-3.3.1.jar!/, jar:file:/E:/2zynt/工作项目/CRMEB-JAVA-ET-V1.2(2025.4.25)/et_java/crmeb-front/target/Crmeb-front.jar!/BOOT-INF/lib/mybatis-plus-extension-3.3.1.jar!/, jar:file:/E:/2zynt/工作项目/CRMEB-JAVA-ET-V1.2(2025.4.25)/et_java/crmeb-front/target/Crmeb-front.jar!/BOOT-INF/lib/mybatis-plus-core-3.3.1.jar!/, jar:file:/E:/2zynt/工作项目/CRMEB-JAVA-ET-V1.2(2025.4.25)/et_java/crmeb-front/target/Crmeb-front.jar!/BOOT-INF/lib/mybatis-plus-annotation-3.3.1.jar!/, jar:file:/E:/2zynt/工作项目/CRMEB-JAVA-ET-V1.2(2025.4.25)/et_java/crmeb-front/target/Crmeb-front.jar!/BOOT-INF/lib/mybatis-3.5.3.jar!/, jar:file:/E:/2zynt/工作项目/CRMEB-JAVA-ET-V1.2(2025.4.25)/et_java/crmeb-front/target/Crmeb-front.jar!/BOOT-INF/lib/mybatis-spring-2.0.3.jar!/, jar:file:/E:/2zynt/工作项目/CRMEB-JAVA-ET-V1.2(2025.4.25)/et_java/crmeb-front/target/Crmeb-front.jar!/BOOT-INF/lib/mybatis-plus-generator-3.3.1.jar!/, jar:file:/E:/2zynt/工作项目/CRMEB-JAVA-ET-V1.2(2025.4.25)/et_java/crmeb-front/target/Crmeb-front.jar!/BOOT-INF/lib/swagger-annotations-1.5.21.jar!/, jar:file:/E:/2zynt/工作项目/CRMEB-JAVA-ET-V1.2(2025.4.25)/et_java/crmeb-front/target/Crmeb-front.jar!/BOOT-INF/lib/springfox-swagger2-2.9.2.jar!/, jar:file:/E:/2zynt/工作项目/CRMEB-JAVA-ET-V1.2(2025.4.25)/et_java/crmeb-front/target/Crmeb-front.jar!/BOOT-INF/lib/springfox-spi-2.9.2.jar!/, jar:file:/E:/2zynt/工作项目/CRMEB-JAVA-ET-V1.2(2025.4.25)/et_java/crmeb-front/target/Crmeb-front.jar!/BOOT-INF/lib/springfox-core-2.9.2.jar!/, jar:file:/E:/2zynt/工作项目/CRMEB-JAVA-ET-V1.2(2025.4.25)/et_java/crmeb-front/target/Crmeb-front.jar!/BOOT-INF/lib/byte-buddy-1.10.8.jar!/, jar:file:/E:/2zynt/工作项目/CRMEB-JAVA-ET-V1.2(2025.4.25)/et_java/crmeb-front/target/Crmeb-front.jar!/BOOT-INF/lib/springfox-schema-2.9.2.jar!/, jar:file:/E:/2zynt/工作项目/CRMEB-JAVA-ET-V1.2(2025.4.25)/et_java/crmeb-front/target/Crmeb-front.jar!/BOOT-INF/lib/springfox-swagger-common-2.9.2.jar!/, jar:file:/E:/2zynt/工作项目/CRMEB-JAVA-ET-V1.2(2025.4.25)/et_java/crmeb-front/target/Crmeb-front.jar!/BOOT-INF/lib/springfox-spring-web-2.9.2.jar!/, jar:file:/E:/2zynt/工作项目/CRMEB-JAVA-ET-V1.2(2025.4.25)/et_java/crmeb-front/target/Crmeb-front.jar!/BOOT-INF/lib/classmate-1.5.1.jar!/, jar:file:/E:/2zynt/工作项目/CRMEB-JAVA-ET-V1.2(2025.4.25)/et_java/crmeb-front/target/Crmeb-front.jar!/BOOT-INF/lib/slf4j-api-1.7.30.jar!/, jar:file:/E:/2zynt/工作项目/CRMEB-JAVA-ET-V1.2(2025.4.25)/et_java/crmeb-front/target/Crmeb-front.jar!/BOOT-INF/lib/spring-plugin-core-1.2.0.RELEASE.jar!/, jar:file:/E:/2zynt/工作项目/CRMEB-JAVA-ET-V1.2(2025.4.25)/et_java/crmeb-front/target/Crmeb-front.jar!/BOOT-INF/lib/spring-plugin-metadata-1.2.0.RELEASE.jar!/, jar:file:/E:/2zynt/工作项目/CRMEB-JAVA-ET-V1.2(2025.4.25)/et_java/crmeb-front/target/Crmeb-front.jar!/BOOT-INF/lib/mapstruct-1.2.0.Final.jar!/, jar:file:/E:/2zynt/工作项目/CRMEB-JAVA-ET-V1.2(2025.4.25)/et_java/crmeb-front/target/Crmeb-front.jar!/BOOT-INF/lib/swagger-models-1.5.22.jar!/, jar:file:/E:/2zynt/工作项目/CRMEB-JAVA-ET-V1.2(2025.4.25)/et_java/crmeb-front/target/Crmeb-front.jar!/BOOT-INF/lib/jackson-annotations-2.10.3.jar!/, jar:file:/E:/2zynt/工作项目/CRMEB-JAVA-ET-V1.2(2025.4.25)/et_java/crmeb-front/target/Crmeb-front.jar!/BOOT-INF/lib/swagger-bootstrap-ui-1.9.3.jar!/, jar:file:/E:/2zynt/工作项目/CRMEB-JAVA-ET-V1.2(2025.4.25)/et_java/crmeb-front/target/Crmeb-front.jar!/BOOT-INF/lib/spring-boot-autoconfigure-2.2.6.RELEASE.jar!/, jar:file:/E:/2zynt/工作项目/CRMEB-JAVA-ET-V1.2(2025.4.25)/et_java/crmeb-front/target/Crmeb-front.jar!/BOOT-INF/lib/logback-classic-1.2.3.jar!/, jar:file:/E:/2zynt/工作项目/CRMEB-JAVA-ET-V1.2(2025.4.25)/et_java/crmeb-front/target/Crmeb-front.jar!/BOOT-INF/lib/logback-core-1.2.3.jar!/, jar:file:/E:/2zynt/工作项目/CRMEB-JAVA-ET-V1.2(2025.4.25)/et_java/crmeb-front/target/Crmeb-front.jar!/BOOT-INF/lib/logstash-logback-encoder-5.3.jar!/, jar:file:/E:/2zynt/工作项目/CRMEB-JAVA-ET-V1.2(2025.4.25)/et_java/crmeb-front/target/Crmeb-front.jar!/BOOT-INF/lib/jackson-databind-2.10.3.jar!/, jar:file:/E:/2zynt/工作项目/CRMEB-JAVA-ET-V1.2(2025.4.25)/et_java/crmeb-front/target/Crmeb-front.jar!/BOOT-INF/lib/spring-boot-starter-web-2.2.6.RELEASE.jar!/, jar:file:/E:/2zynt/工作项目/CRMEB-JAVA-ET-V1.2(2025.4.25)/et_java/crmeb-front/target/Crmeb-front.jar!/BOOT-INF/lib/spring-boot-starter-2.2.6.RELEASE.jar!/, jar:file:/E:/2zynt/工作项目/CRMEB-JAVA-ET-V1.2(2025.4.25)/et_java/crmeb-front/target/Crmeb-front.jar!/BOOT-INF/lib/spring-boot-starter-logging-2.2.6.RELEASE.jar!/, jar:file:/E:/2zynt/工作项目/CRMEB-JAVA-ET-V1.2(2025.4.25)/et_java/crmeb-front/target/Crmeb-front.jar!/BOOT-INF/lib/log4j-to-slf4j-2.12.1.jar!/, jar:file:/E:/2zynt/工作项目/CRMEB-JAVA-ET-V1.2(2025.4.25)/et_java/crmeb-front/target/Crmeb-front.jar!/BOOT-INF/lib/log4j-api-2.12.1.jar!/, jar:file:/E:/2zynt/工作项目/CRMEB-JAVA-ET-V1.2(2025.4.25)/et_java/crmeb-front/target/Crmeb-front.jar!/BOOT-INF/lib/jul-to-slf4j-1.7.30.jar!/, jar:file:/E:/2zynt/工作项目/CRMEB-JAVA-ET-V1.2(2025.4.25)/et_java/crmeb-front/target/Crmeb-front.jar!/BOOT-INF/lib/jakarta.annotation-api-1.3.5.jar!/, jar:file:/E:/2zynt/工作项目/CRMEB-JAVA-ET-V1.2(2025.4.25)/et_java/crmeb-front/target/Crmeb-front.jar!/BOOT-INF/lib/snakeyaml-1.25.jar!/, jar:file:/E:/2zynt/工作项目/CRMEB-JAVA-ET-V1.2(2025.4.25)/et_java/crmeb-front/target/Crmeb-front.jar!/BOOT-INF/lib/spring-boot-starter-json-2.2.6.RELEASE.jar!/, jar:file:/E:/2zynt/工作项目/CRMEB-JAVA-ET-V1.2(2025.4.25)/et_java/crmeb-front/target/Crmeb-front.jar!/BOOT-INF/lib/jackson-datatype-jdk8-2.10.3.jar!/, jar:file:/E:/2zynt/工作项目/CRMEB-JAVA-ET-V1.2(2025.4.25)/et_java/crmeb-front/target/Crmeb-front.jar!/BOOT-INF/lib/jackson-datatype-jsr310-2.10.3.jar!/, jar:file:/E:/2zynt/工作项目/CRMEB-JAVA-ET-V1.2(2025.4.25)/et_java/crmeb-front/target/Crmeb-front.jar!/BOOT-INF/lib/jackson-module-parameter-names-2.10.3.jar!/, jar:file:/E:/2zynt/工作项目/CRMEB-JAVA-ET-V1.2(2025.4.25)/et_java/crmeb-front/target/Crmeb-front.jar!/BOOT-INF/lib/spring-boot-starter-tomcat-2.2.6.RELEASE.jar!/, jar:file:/E:/2zynt/工作项目/CRMEB-JAVA-ET-V1.2(2025.4.25)/et_java/crmeb-front/target/Crmeb-front.jar!/BOOT-INF/lib/tomcat-embed-websocket-9.0.33.jar!/, jar:file:/E:/2zynt/工作项目/CRMEB-JAVA-ET-V1.2(2025.4.25)/et_java/crmeb-front/target/Crmeb-front.jar!/BOOT-INF/lib/spring-boot-starter-validation-2.2.6.RELEASE.jar!/, jar:file:/E:/2zynt/工作项目/CRMEB-JAVA-ET-V1.2(2025.4.25)/et_java/crmeb-front/target/Crmeb-front.jar!/BOOT-INF/lib/jakarta.validation-api-2.0.2.jar!/, jar:file:/E:/2zynt/工作项目/CRMEB-JAVA-ET-V1.2(2025.4.25)/et_java/crmeb-front/target/Crmeb-front.jar!/BOOT-INF/lib/hibernate-validator-6.0.18.Final.jar!/, jar:file:/E:/2zynt/工作项目/CRMEB-JAVA-ET-V1.2(2025.4.25)/et_java/crmeb-front/target/Crmeb-front.jar!/BOOT-INF/lib/jboss-logging-3.4.1.Final.jar!/, jar:file:/E:/2zynt/工作项目/CRMEB-JAVA-ET-V1.2(2025.4.25)/et_java/crmeb-front/target/Crmeb-front.jar!/BOOT-INF/lib/spring-web-5.2.5.RELEASE.jar!/, jar:file:/E:/2zynt/工作项目/CRMEB-JAVA-ET-V1.2(2025.4.25)/et_java/crmeb-front/target/Crmeb-front.jar!/BOOT-INF/lib/spring-webmvc-5.2.5.RELEASE.jar!/, jar:file:/E:/2zynt/工作项目/CRMEB-JAVA-ET-V1.2(2025.4.25)/et_java/crmeb-front/target/Crmeb-front.jar!/BOOT-INF/lib/spring-expression-5.2.5.RELEASE.jar!/, jar:file:/E:/2zynt/工作项目/CRMEB-JAVA-ET-V1.2(2025.4.25)/et_java/crmeb-front/target/Crmeb-front.jar!/BOOT-INF/lib/spring-boot-starter-data-redis-2.2.0.RELEASE.jar!/, jar:file:/E:/2zynt/工作项目/CRMEB-JAVA-ET-V1.2(2025.4.25)/et_java/crmeb-front/target/Crmeb-front.jar!/BOOT-INF/lib/spring-data-redis-2.2.6.RELEASE.jar!/, jar:file:/E:/2zynt/工作项目/CRMEB-JAVA-ET-V1.2(2025.4.25)/et_java/crmeb-front/target/Crmeb-front.jar!/BOOT-INF/lib/spring-data-keyvalue-2.2.6.RELEASE.jar!/, jar:file:/E:/2zynt/工作项目/CRMEB-JAVA-ET-V1.2(2025.4.25)/et_java/crmeb-front/target/Crmeb-front.jar!/BOOT-INF/lib/spring-tx-5.2.5.RELEASE.jar!/, jar:file:/E:/2zynt/工作项目/CRMEB-JAVA-ET-V1.2(2025.4.25)/et_java/crmeb-front/target/Crmeb-front.jar!/BOOT-INF/lib/spring-oxm-5.2.5.RELEASE.jar!/, jar:file:/E:/2zynt/工作项目/CRMEB-JAVA-ET-V1.2(2025.4.25)/et_java/crmeb-front/target/Crmeb-front.jar!/BOOT-INF/lib/lettuce-core-5.2.2.RELEASE.jar!/, jar:file:/E:/2zynt/工作项目/CRMEB-JAVA-ET-V1.2(2025.4.25)/et_java/crmeb-front/target/Crmeb-front.jar!/BOOT-INF/lib/netty-common-4.1.48.Final.jar!/, jar:file:/E:/2zynt/工作项目/CRMEB-JAVA-ET-V1.2(2025.4.25)/et_java/crmeb-front/target/Crmeb-front.jar!/BOOT-INF/lib/netty-handler-4.1.48.Final.jar!/, jar:file:/E:/2zynt/工作项目/CRMEB-JAVA-ET-V1.2(2025.4.25)/et_java/crmeb-front/target/Crmeb-front.jar!/BOOT-INF/lib/netty-resolver-4.1.48.Final.jar!/, jar:file:/E:/2zynt/工作项目/CRMEB-JAVA-ET-V1.2(2025.4.25)/et_java/crmeb-front/target/Crmeb-front.jar!/BOOT-INF/lib/netty-buffer-4.1.48.Final.jar!/, jar:file:/E:/2zynt/工作项目/CRMEB-JAVA-ET-V1.2(2025.4.25)/et_java/crmeb-front/target/Crmeb-front.jar!/BOOT-INF/lib/netty-codec-4.1.48.Final.jar!/, jar:file:/E:/2zynt/工作项目/CRMEB-JAVA-ET-V1.2(2025.4.25)/et_java/crmeb-front/target/Crmeb-front.jar!/BOOT-INF/lib/netty-transport-4.1.48.Final.jar!/, jar:file:/E:/2zynt/工作项目/CRMEB-JAVA-ET-V1.2(2025.4.25)/et_java/crmeb-front/target/Crmeb-front.jar!/BOOT-INF/lib/reactor-core-3.3.4.RELEASE.jar!/, jar:file:/E:/2zynt/工作项目/CRMEB-JAVA-ET-V1.2(2025.4.25)/et_java/crmeb-front/target/Crmeb-front.jar!/BOOT-INF/lib/reactive-streams-1.0.3.jar!/, jar:file:/E:/2zynt/工作项目/CRMEB-JAVA-ET-V1.2(2025.4.25)/et_java/crmeb-front/target/Crmeb-front.jar!/BOOT-INF/lib/jedis-3.1.0.jar!/, jar:file:/E:/2zynt/工作项目/CRMEB-JAVA-ET-V1.2(2025.4.25)/et_java/crmeb-front/target/Crmeb-front.jar!/BOOT-INF/lib/commons-pool2-2.7.0.jar!/, jar:file:/E:/2zynt/工作项目/CRMEB-JAVA-ET-V1.2(2025.4.25)/et_java/crmeb-front/target/Crmeb-front.jar!/BOOT-INF/lib/pagehelper-spring-boot-starter-1.2.5.jar!/, jar:file:/E:/2zynt/工作项目/CRMEB-JAVA-ET-V1.2(2025.4.25)/et_java/crmeb-front/target/Crmeb-front.jar!/BOOT-INF/lib/mybatis-spring-boot-starter-1.3.2.jar!/, jar:file:/E:/2zynt/工作项目/CRMEB-JAVA-ET-V1.2(2025.4.25)/et_java/crmeb-front/target/Crmeb-front.jar!/BOOT-INF/lib/mybatis-spring-boot-autoconfigure-1.3.2.jar!/, jar:file:/E:/2zynt/工作项目/CRMEB-JAVA-ET-V1.2(2025.4.25)/et_java/crmeb-front/target/Crmeb-front.jar!/BOOT-INF/lib/pagehelper-spring-boot-autoconfigure-1.2.5.jar!/, jar:file:/E:/2zynt/工作项目/CRMEB-JAVA-ET-V1.2(2025.4.25)/et_java/crmeb-front/target/Crmeb-front.jar!/BOOT-INF/lib/pagehelper-5.1.4.jar!/, jar:file:/E:/2zynt/工作项目/CRMEB-JAVA-ET-V1.2(2025.4.25)/et_java/crmeb-front/target/Crmeb-front.jar!/BOOT-INF/lib/jsqlparser-1.0.jar!/, jar:file:/E:/2zynt/工作项目/CRMEB-JAVA-ET-V1.2(2025.4.25)/et_java/crmeb-front/target/Crmeb-front.jar!/BOOT-INF/lib/validation-api-1.1.0.Final.jar!/, jar:file:/E:/2zynt/工作项目/CRMEB-JAVA-ET-V1.2(2025.4.25)/et_java/crmeb-front/target/Crmeb-front.jar!/BOOT-INF/lib/spring-data-commons-2.2.6.RELEASE.jar!/, jar:file:/E:/2zynt/工作项目/CRMEB-JAVA-ET-V1.2(2025.4.25)/et_java/crmeb-front/target/Crmeb-front.jar!/BOOT-INF/lib/spring-beans-5.2.5.RELEASE.jar!/, jar:file:/E:/2zynt/工作项目/CRMEB-JAVA-ET-V1.2(2025.4.25)/et_java/crmeb-front/target/Crmeb-front.jar!/BOOT-INF/lib/hutool-all-4.5.7.jar!/, jar:file:/E:/2zynt/工作项目/CRMEB-JAVA-ET-V1.2(2025.4.25)/et_java/crmeb-front/target/Crmeb-front.jar!/BOOT-INF/lib/spring-boot-starter-actuator-2.2.6.RELEASE.jar!/, jar:file:/E:/2zynt/工作项目/CRMEB-JAVA-ET-V1.2(2025.4.25)/et_java/crmeb-front/target/Crmeb-front.jar!/BOOT-INF/lib/spring-boot-actuator-autoconfigure-2.2.6.RELEASE.jar!/, jar:file:/E:/2zynt/工作项目/CRMEB-JAVA-ET-V1.2(2025.4.25)/et_java/crmeb-front/target/Crmeb-front.jar!/BOOT-INF/lib/spring-boot-actuator-2.2.6.RELEASE.jar!/, jar:file:/E:/2zynt/工作项目/CRMEB-JAVA-ET-V1.2(2025.4.25)/et_java/crmeb-front/target/Crmeb-front.jar!/BOOT-INF/lib/micrometer-core-1.3.6.jar!/, jar:file:/E:/2zynt/工作项目/CRMEB-JAVA-ET-V1.2(2025.4.25)/et_java/crmeb-front/target/Crmeb-front.jar!/BOOT-INF/lib/HdrHistogram-2.1.11.jar!/, jar:file:/E:/2zynt/工作项目/CRMEB-JAVA-ET-V1.2(2025.4.25)/et_java/crmeb-front/target/Crmeb-front.jar!/BOOT-INF/lib/LatencyUtils-2.0.3.jar!/, jar:file:/E:/2zynt/工作项目/CRMEB-JAVA-ET-V1.2(2025.4.25)/et_java/crmeb-front/target/Crmeb-front.jar!/BOOT-INF/lib/httpclient-4.5.6.jar!/, jar:file:/E:/2zynt/工作项目/CRMEB-JAVA-ET-V1.2(2025.4.25)/et_java/crmeb-front/target/Crmeb-front.jar!/BOOT-INF/lib/httpcore-4.4.13.jar!/, jar:file:/E:/2zynt/工作项目/CRMEB-JAVA-ET-V1.2(2025.4.25)/et_java/crmeb-front/target/Crmeb-front.jar!/BOOT-INF/lib/commons-logging-1.2.jar!/, jar:file:/E:/2zynt/工作项目/CRMEB-JAVA-ET-V1.2(2025.4.25)/et_java/crmeb-front/target/Crmeb-front.jar!/BOOT-INF/lib/commons-codec-1.13.jar!/, jar:file:/E:/2zynt/工作项目/CRMEB-JAVA-ET-V1.2(2025.4.25)/et_java/crmeb-front/target/Crmeb-front.jar!/BOOT-INF/lib/spring-boot-starter-aop-2.2.6.RELEASE.jar!/, jar:file:/E:/2zynt/工作项目/CRMEB-JAVA-ET-V1.2(2025.4.25)/et_java/crmeb-front/target/Crmeb-front.jar!/BOOT-INF/lib/spring-aop-5.2.5.RELEASE.jar!/, jar:file:/E:/2zynt/工作项目/CRMEB-JAVA-ET-V1.2(2025.4.25)/et_java/crmeb-front/target/Crmeb-front.jar!/BOOT-INF/lib/aspectjweaver-1.9.5.jar!/, jar:file:/E:/2zynt/工作项目/CRMEB-JAVA-ET-V1.2(2025.4.25)/et_java/crmeb-front/target/Crmeb-front.jar!/BOOT-INF/lib/commons-lang3-3.10.jar!/, jar:file:/E:/2zynt/工作项目/CRMEB-JAVA-ET-V1.2(2025.4.25)/et_java/crmeb-front/target/Crmeb-front.jar!/BOOT-INF/lib/poi-3.17.jar!/, jar:file:/E:/2zynt/工作项目/CRMEB-JAVA-ET-V1.2(2025.4.25)/et_java/crmeb-front/target/Crmeb-front.jar!/BOOT-INF/lib/commons-collections4-4.1.jar!/, jar:file:/E:/2zynt/工作项目/CRMEB-JAVA-ET-V1.2(2025.4.25)/et_java/crmeb-front/target/Crmeb-front.jar!/BOOT-INF/lib/poi-ooxml-3.17.jar!/, jar:file:/E:/2zynt/工作项目/CRMEB-JAVA-ET-V1.2(2025.4.25)/et_java/crmeb-front/target/Crmeb-front.jar!/BOOT-INF/lib/poi-ooxml-schemas-3.17.jar!/, jar:file:/E:/2zynt/工作项目/CRMEB-JAVA-ET-V1.2(2025.4.25)/et_java/crmeb-front/target/Crmeb-front.jar!/BOOT-INF/lib/xmlbeans-2.6.0.jar!/, jar:file:/E:/2zynt/工作项目/CRMEB-JAVA-ET-V1.2(2025.4.25)/et_java/crmeb-front/target/Crmeb-front.jar!/BOOT-INF/lib/curvesapi-1.04.jar!/, jar:file:/E:/2zynt/工作项目/CRMEB-JAVA-ET-V1.2(2025.4.25)/et_java/crmeb-front/target/Crmeb-front.jar!/BOOT-INF/lib/commons-fileupload-1.3.3.jar!/, jar:file:/E:/2zynt/工作项目/CRMEB-JAVA-ET-V1.2(2025.4.25)/et_java/crmeb-front/target/Crmeb-front.jar!/BOOT-INF/lib/commons-io-2.4.jar!/, jar:file:/E:/2zynt/工作项目/CRMEB-JAVA-ET-V1.2(2025.4.25)/et_java/crmeb-front/target/Crmeb-front.jar!/BOOT-INF/lib/aliyun-sdk-oss-3.5.0.jar!/, jar:file:/E:/2zynt/工作项目/CRMEB-JAVA-ET-V1.2(2025.4.25)/et_java/crmeb-front/target/Crmeb-front.jar!/BOOT-INF/lib/jdom-1.1.jar!/, jar:file:/E:/2zynt/工作项目/CRMEB-JAVA-ET-V1.2(2025.4.25)/et_java/crmeb-front/target/Crmeb-front.jar!/BOOT-INF/lib/jettison-1.1.jar!/, jar:file:/E:/2zynt/工作项目/CRMEB-JAVA-ET-V1.2(2025.4.25)/et_java/crmeb-front/target/Crmeb-front.jar!/BOOT-INF/lib/stax-api-1.0.1.jar!/, jar:file:/E:/2zynt/工作项目/CRMEB-JAVA-ET-V1.2(2025.4.25)/et_java/crmeb-front/target/Crmeb-front.jar!/BOOT-INF/lib/aliyun-java-sdk-core-3.4.0.jar!/, jar:file:/E:/2zynt/工作项目/CRMEB-JAVA-ET-V1.2(2025.4.25)/et_java/crmeb-front/target/Crmeb-front.jar!/BOOT-INF/lib/aliyun-java-sdk-ram-3.0.0.jar!/, jar:file:/E:/2zynt/工作项目/CRMEB-JAVA-ET-V1.2(2025.4.25)/et_java/crmeb-front/target/Crmeb-front.jar!/BOOT-INF/lib/aliyun-java-sdk-sts-3.0.0.jar!/, jar:file:/E:/2zynt/工作项目/CRMEB-JAVA-ET-V1.2(2025.4.25)/et_java/crmeb-front/target/Crmeb-front.jar!/BOOT-INF/lib/aliyun-java-sdk-ecs-4.2.0.jar!/, jar:file:/E:/2zynt/工作项目/CRMEB-JAVA-ET-V1.2(2025.4.25)/et_java/crmeb-front/target/Crmeb-front.jar!/BOOT-INF/lib/cos_api-5.6.22.jar!/, jar:file:/E:/2zynt/工作项目/CRMEB-JAVA-ET-V1.2(2025.4.25)/et_java/crmeb-front/target/Crmeb-front.jar!/BOOT-INF/lib/joda-time-2.10.5.jar!/, jar:file:/E:/2zynt/工作项目/CRMEB-JAVA-ET-V1.2(2025.4.25)/et_java/crmeb-front/target/Crmeb-front.jar!/BOOT-INF/lib/bcprov-jdk15on-1.64.jar!/, jar:file:/E:/2zynt/工作项目/CRMEB-JAVA-ET-V1.2(2025.4.25)/et_java/crmeb-front/target/Crmeb-front.jar!/BOOT-INF/lib/qiniu-java-sdk-7.2.28.jar!/, jar:file:/E:/2zynt/工作项目/CRMEB-JAVA-ET-V1.2(2025.4.25)/et_java/crmeb-front/target/Crmeb-front.jar!/BOOT-INF/lib/okhttp-3.14.7.jar!/, jar:file:/E:/2zynt/工作项目/CRMEB-JAVA-ET-V1.2(2025.4.25)/et_java/crmeb-front/target/Crmeb-front.jar!/BOOT-INF/lib/okio-1.17.2.jar!/, jar:file:/E:/2zynt/工作项目/CRMEB-JAVA-ET-V1.2(2025.4.25)/et_java/crmeb-front/target/Crmeb-front.jar!/BOOT-INF/lib/gson-2.8.6.jar!/, jar:file:/E:/2zynt/工作项目/CRMEB-JAVA-ET-V1.2(2025.4.25)/et_java/crmeb-front/target/Crmeb-front.jar!/BOOT-INF/lib/dom4j-1.6.1.jar!/, jar:file:/E:/2zynt/工作项目/CRMEB-JAVA-ET-V1.2(2025.4.25)/et_java/crmeb-front/target/Crmeb-front.jar!/BOOT-INF/lib/xml-apis-1.0.b2.jar!/, jar:file:/E:/2zynt/工作项目/CRMEB-JAVA-ET-V1.2(2025.4.25)/et_java/crmeb-front/target/Crmeb-front.jar!/BOOT-INF/lib/xstream-1.4.10.jar!/, jar:file:/E:/2zynt/工作项目/CRMEB-JAVA-ET-V1.2(2025.4.25)/et_java/crmeb-front/target/Crmeb-front.jar!/BOOT-INF/lib/xmlpull-1.1.3.1.jar!/, jar:file:/E:/2zynt/工作项目/CRMEB-JAVA-ET-V1.2(2025.4.25)/et_java/crmeb-front/target/Crmeb-front.jar!/BOOT-INF/lib/xpp3_min-1.1.4c.jar!/, jar:file:/E:/2zynt/工作项目/CRMEB-JAVA-ET-V1.2(2025.4.25)/et_java/crmeb-front/target/Crmeb-front.jar!/BOOT-INF/lib/httpmime-4.5.2.jar!/, jar:file:/E:/2zynt/工作项目/CRMEB-JAVA-ET-V1.2(2025.4.25)/et_java/crmeb-front/target/Crmeb-front.jar!/BOOT-INF/lib/jjwt-0.9.1.jar!/, jar:file:/E:/2zynt/工作项目/CRMEB-JAVA-ET-V1.2(2025.4.25)/et_java/crmeb-front/target/Crmeb-front.jar!/BOOT-INF/lib/jwks-rsa-0.9.0.jar!/, jar:file:/E:/2zynt/工作项目/CRMEB-JAVA-ET-V1.2(2025.4.25)/et_java/crmeb-front/target/Crmeb-front.jar!/BOOT-INF/lib/spring-boot-starter-security-2.2.6.RELEASE.jar!/, jar:file:/E:/2zynt/工作项目/CRMEB-JAVA-ET-V1.2(2025.4.25)/et_java/crmeb-front/target/Crmeb-front.jar!/BOOT-INF/lib/spring-security-config-5.2.2.RELEASE.jar!/, jar:file:/E:/2zynt/工作项目/CRMEB-JAVA-ET-V1.2(2025.4.25)/et_java/crmeb-front/target/Crmeb-front.jar!/BOOT-INF/lib/spring-security-core-5.2.2.RELEASE.jar!/, jar:file:/E:/2zynt/工作项目/CRMEB-JAVA-ET-V1.2(2025.4.25)/et_java/crmeb-front/target/Crmeb-front.jar!/BOOT-INF/lib/spring-security-web-5.2.2.RELEASE.jar!/, jar:file:/E:/2zynt/工作项目/CRMEB-JAVA-ET-V1.2(2025.4.25)/et_java/crmeb-front/target/Crmeb-front.jar!/BOOT-INF/lib/spring-boot-starter-mail-2.2.6.RELEASE.jar!/, jar:file:/E:/2zynt/工作项目/CRMEB-JAVA-ET-V1.2(2025.4.25)/et_java/crmeb-front/target/Crmeb-front.jar!/BOOT-INF/lib/spring-context-support-5.2.5.RELEASE.jar!/, jar:file:/E:/2zynt/工作项目/CRMEB-JAVA-ET-V1.2(2025.4.25)/et_java/crmeb-front/target/Crmeb-front.jar!/BOOT-INF/lib/jakarta.mail-1.6.5.jar!/, jar:file:/E:/2zynt/工作项目/CRMEB-JAVA-ET-V1.2(2025.4.25)/et_java/crmeb-front/target/Crmeb-front.jar!/BOOT-INF/lib/jakarta.activation-1.2.2.jar!/, jar:file:/E:/2zynt/工作项目/CRMEB-JAVA-ET-V1.2(2025.4.25)/et_java/crmeb-front/target/Crmeb-front.jar!/BOOT-INF/lib/checkout-sdk-1.0.4.jar!/, jar:file:/E:/2zynt/工作项目/CRMEB-JAVA-ET-V1.2(2025.4.25)/et_java/crmeb-front/target/Crmeb-front.jar!/BOOT-INF/lib/paypalhttp-1.0.2.jar!/, jar:file:/E:/2zynt/工作项目/CRMEB-JAVA-ET-V1.2(2025.4.25)/et_java/crmeb-front/target/Crmeb-front.jar!/BOOT-INF/lib/dysmsapi20170525-2.0.8.jar!/, jar:file:/E:/2zynt/工作项目/CRMEB-JAVA-ET-V1.2(2025.4.25)/et_java/crmeb-front/target/Crmeb-front.jar!/BOOT-INF/lib/tea-util-0.2.13.jar!/, jar:file:/E:/2zynt/工作项目/CRMEB-JAVA-ET-V1.2(2025.4.25)/et_java/crmeb-front/target/Crmeb-front.jar!/BOOT-INF/lib/endpoint-util-0.0.6.jar!/, jar:file:/E:/2zynt/工作项目/CRMEB-JAVA-ET-V1.2(2025.4.25)/et_java/crmeb-front/target/Crmeb-front.jar!/BOOT-INF/lib/tea-1.1.14.jar!/, jar:file:/E:/2zynt/工作项目/CRMEB-JAVA-ET-V1.2(2025.4.25)/et_java/crmeb-front/target/Crmeb-front.jar!/BOOT-INF/lib/org.jacoco.agent-0.8.4-runtime.jar!/, jar:file:/E:/2zynt/工作项目/CRMEB-JAVA-ET-V1.2(2025.4.25)/et_java/crmeb-front/target/Crmeb-front.jar!/BOOT-INF/lib/tea-openapi-0.1.6.jar!/, jar:file:/E:/2zynt/工作项目/CRMEB-JAVA-ET-V1.2(2025.4.25)/et_java/crmeb-front/target/Crmeb-front.jar!/BOOT-INF/lib/credentials-java-0.2.4.jar!/, jar:file:/E:/2zynt/工作项目/CRMEB-JAVA-ET-V1.2(2025.4.25)/et_java/crmeb-front/target/Crmeb-front.jar!/BOOT-INF/lib/ini4j-0.5.4.jar!/, jar:file:/E:/2zynt/工作项目/CRMEB-JAVA-ET-V1.2(2025.4.25)/et_java/crmeb-front/target/Crmeb-front.jar!/BOOT-INF/lib/jaxb-api-2.3.1.jar!/, jar:file:/E:/2zynt/工作项目/CRMEB-JAVA-ET-V1.2(2025.4.25)/et_java/crmeb-front/target/Crmeb-front.jar!/BOOT-INF/lib/javax.activation-api-1.2.0.jar!/, jar:file:/E:/2zynt/工作项目/CRMEB-JAVA-ET-V1.2(2025.4.25)/et_java/crmeb-front/target/Crmeb-front.jar!/BOOT-INF/lib/jaxb-core-2.3.0.jar!/, jar:file:/E:/2zynt/工作项目/CRMEB-JAVA-ET-V1.2(2025.4.25)/et_java/crmeb-front/target/Crmeb-front.jar!/BOOT-INF/lib/jaxb-impl-2.3.0.jar!/, jar:file:/E:/2zynt/工作项目/CRMEB-JAVA-ET-V1.2(2025.4.25)/et_java/crmeb-front/target/Crmeb-front.jar!/BOOT-INF/lib/openapiutil-0.1.13.jar!/, jar:file:/E:/2zynt/工作项目/CRMEB-JAVA-ET-V1.2(2025.4.25)/et_java/crmeb-front/target/Crmeb-front.jar!/BOOT-INF/lib/sdk-core-java-1.1.7.jar!/, jar:file:/E:/2zynt/工作项目/CRMEB-JAVA-ET-V1.2(2025.4.25)/et_java/crmeb-front/target/Crmeb-front.jar!/BOOT-INF/lib/juniversalchardet-1.0.3.jar!/, jar:file:/E:/2zynt/工作项目/CRMEB-JAVA-ET-V1.2(2025.4.25)/et_java/crmeb-front/target/Crmeb-front.jar!/BOOT-INF/lib/plexus-digest-1.0.jar!/, jar:file:/E:/2zynt/工作项目/CRMEB-JAVA-ET-V1.2(2025.4.25)/et_java/crmeb-front/target/Crmeb-front.jar!/BOOT-INF/lib/plexus-container-default-1.0-alpha-8.jar!/, jar:file:/E:/2zynt/工作项目/CRMEB-JAVA-ET-V1.2(2025.4.25)/et_java/crmeb-front/target/Crmeb-front.jar!/BOOT-INF/lib/plexus-utils-1.0.4.jar!/, jar:file:/E:/2zynt/工作项目/CRMEB-JAVA-ET-V1.2(2025.4.25)/et_java/crmeb-front/target/Crmeb-front.jar!/BOOT-INF/lib/classworlds-1.1-alpha-2.jar!/, jar:file:/E:/2zynt/工作项目/CRMEB-JAVA-ET-V1.2(2025.4.25)/et_java/crmeb-front/target/Crmeb-front.jar!/BOOT-INF/lib/stripe-java-20.124.0.jar!/, jar:file:/E:/2zynt/工作项目/CRMEB-JAVA-ET-V1.2(2025.4.25)/et_java/crmeb-front/target/Crmeb-front.jar!/BOOT-INF/lib/weixin-java-pay-4.5.0.jar!/, jar:file:/E:/2zynt/工作项目/CRMEB-JAVA-ET-V1.2(2025.4.25)/et_java/crmeb-front/target/Crmeb-front.jar!/BOOT-INF/lib/weixin-java-common-4.5.0.jar!/, jar:file:/E:/2zynt/工作项目/CRMEB-JAVA-ET-V1.2(2025.4.25)/et_java/crmeb-front/target/Crmeb-front.jar!/BOOT-INF/lib/jcl-over-slf4j-1.7.30.jar!/, jar:file:/E:/2zynt/工作项目/CRMEB-JAVA-ET-V1.2(2025.4.25)/et_java/crmeb-front/target/Crmeb-front.jar!/BOOT-INF/lib/dom4j-2.1.3.jar!/, jar:file:/E:/2zynt/工作项目/CRMEB-JAVA-ET-V1.2(2025.4.25)/et_java/crmeb-front/target/Crmeb-front.jar!/BOOT-INF/lib/qrcode-utils-1.1.jar!/, jar:file:/E:/2zynt/工作项目/CRMEB-JAVA-ET-V1.2(2025.4.25)/et_java/crmeb-front/target/Crmeb-front.jar!/BOOT-INF/lib/bcpkix-jdk15on-1.68.jar!/, jar:file:/E:/2zynt/工作项目/CRMEB-JAVA-ET-V1.2(2025.4.25)/et_java/crmeb-front/target/Crmeb-front.jar!/BOOT-INF/lib/jodd-http-6.2.1.jar!/, jar:file:/E:/2zynt/工作项目/CRMEB-JAVA-ET-V1.2(2025.4.25)/et_java/crmeb-front/target/Crmeb-front.jar!/BOOT-INF/lib/jodd-util-6.1.0.jar!/, jar:file:/E:/2zynt/工作项目/CRMEB-JAVA-ET-V1.2(2025.4.25)/et_java/crmeb-front/target/Crmeb-front.jar!/BOOT-INF/lib/javase-3.3.3.jar!/, jar:file:/E:/2zynt/工作项目/CRMEB-JAVA-ET-V1.2(2025.4.25)/et_java/crmeb-front/target/Crmeb-front.jar!/BOOT-INF/lib/core-3.3.3.jar!/, jar:file:/E:/2zynt/工作项目/CRMEB-JAVA-ET-V1.2(2025.4.25)/et_java/crmeb-front/target/Crmeb-front.jar!/BOOT-INF/lib/jcommander-1.72.jar!/, jar:file:/E:/2zynt/工作项目/CRMEB-JAVA-ET-V1.2(2025.4.25)/et_java/crmeb-front/target/Crmeb-front.jar!/BOOT-INF/lib/jai-imageio-core-1.4.0.jar!/, jar:file:/E:/2zynt/工作项目/CRMEB-JAVA-ET-V1.2(2025.4.25)/et_java/crmeb-front/target/Crmeb-front.jar!/BOOT-INF/lib/google-api-client-1.30.10.jar!/, jar:file:/E:/2zynt/工作项目/CRMEB-JAVA-ET-V1.2(2025.4.25)/et_java/crmeb-front/target/Crmeb-front.jar!/BOOT-INF/lib/google-oauth-client-1.31.0.jar!/, jar:file:/E:/2zynt/工作项目/CRMEB-JAVA-ET-V1.2(2025.4.25)/et_java/crmeb-front/target/Crmeb-front.jar!/BOOT-INF/lib/google-http-client-1.35.0.jar!/, jar:file:/E:/2zynt/工作项目/CRMEB-JAVA-ET-V1.2(2025.4.25)/et_java/crmeb-front/target/Crmeb-front.jar!/BOOT-INF/lib/opencensus-api-0.24.0.jar!/, jar:file:/E:/2zynt/工作项目/CRMEB-JAVA-ET-V1.2(2025.4.25)/et_java/crmeb-front/target/Crmeb-front.jar!/BOOT-INF/lib/grpc-context-1.22.1.jar!/, jar:file:/E:/2zynt/工作项目/CRMEB-JAVA-ET-V1.2(2025.4.25)/et_java/crmeb-front/target/Crmeb-front.jar!/BOOT-INF/lib/opencensus-contrib-http-util-0.24.0.jar!/, jar:file:/E:/2zynt/工作项目/CRMEB-JAVA-ET-V1.2(2025.4.25)/et_java/crmeb-front/target/Crmeb-front.jar!/BOOT-INF/lib/jsr305-3.0.2.jar!/, jar:file:/E:/2zynt/工作项目/CRMEB-JAVA-ET-V1.2(2025.4.25)/et_java/crmeb-front/target/Crmeb-front.jar!/BOOT-INF/lib/google-http-client-jackson2-1.36.0.jar!/, jar:file:/E:/2zynt/工作项目/CRMEB-JAVA-ET-V1.2(2025.4.25)/et_java/crmeb-front/target/Crmeb-front.jar!/BOOT-INF/lib/jackson-core-2.10.3.jar!/, jar:file:/E:/2zynt/工作项目/CRMEB-JAVA-ET-V1.2(2025.4.25)/et_java/crmeb-front/target/Crmeb-front.jar!/BOOT-INF/lib/guava-29.0-android.jar!/, jar:file:/E:/2zynt/工作项目/CRMEB-JAVA-ET-V1.2(2025.4.25)/et_java/crmeb-front/target/Crmeb-front.jar!/BOOT-INF/lib/failureaccess-1.0.1.jar!/, jar:file:/E:/2zynt/工作项目/CRMEB-JAVA-ET-V1.2(2025.4.25)/et_java/crmeb-front/target/Crmeb-front.jar!/BOOT-INF/lib/listenablefuture-9999.0-empty-to-avoid-conflict-with-guava.jar!/, jar:file:/E:/2zynt/工作项目/CRMEB-JAVA-ET-V1.2(2025.4.25)/et_java/crmeb-front/target/Crmeb-front.jar!/BOOT-INF/lib/checker-compat-qual-2.5.5.jar!/, jar:file:/E:/2zynt/工作项目/CRMEB-JAVA-ET-V1.2(2025.4.25)/et_java/crmeb-front/target/Crmeb-front.jar!/BOOT-INF/lib/error_prone_annotations-2.3.4.jar!/, jar:file:/E:/2zynt/工作项目/CRMEB-JAVA-ET-V1.2(2025.4.25)/et_java/crmeb-front/target/Crmeb-front.jar!/BOOT-INF/lib/j2objc-annotations-1.3.jar!/, jar:file:/E:/2zynt/工作项目/CRMEB-JAVA-ET-V1.2(2025.4.25)/et_java/crmeb-front/target/Crmeb-front.jar!/BOOT-INF/lib/twitter4j-core-4.0.7.jar!/, jar:file:/E:/2zynt/工作项目/CRMEB-JAVA-ET-V1.2(2025.4.25)/et_java/crmeb-front/target/Crmeb-front.jar!/BOOT-INF/lib/spring-boot-jarmode-layertools-2.6.6.jar!/]" }
                    
{
                    "app": "Crmeb",
                    "timestamp":"2025-09-19 09:06:49.773",
                    "level": "DEBUG",
                    "thread": "main",
                    "class": "o.springframework.boot.SpringApplication",
                    "message": "Loading source class com.zbkj.front.CrmebFrontApplication" }
                    
{
                    "app": "Crmeb",
                    "timestamp":"2025-09-19 09:06:49.813",
                    "level": "DEBUG",
                    "thread": "main",
                    "class": "o.s.b.c.c.ConfigFileApplicationListener",
                    "message": "Loaded config file 'jar:file:/E:/2zynt/%E5%B7%A5%E4%BD%9C%E9%A1%B9%E7%9B%AE/CRMEB-JAVA-ET-V1.2(2025.4.25)/et_java/crmeb-front/target/Crmeb-front.jar!/BOOT-INF/classes!/application.yml' (classpath:/application.yml)" }
                    
{
                    "app": "Crmeb",
                    "timestamp":"2025-09-19 09:06:49.815",
                    "level": "DEBUG",
                    "thread": "main",
                    "class": "o.s.b.w.s.c.AnnotationConfigServletWebServerApplicationContext",
                    "message": "Refreshing org.springframework.boot.web.servlet.context.AnnotationConfigServletWebServerApplicationContext@2a2d45ba" }
                    
{
                    "app": "Crmeb",
                    "timestamp":"2025-09-19 09:06:51.838",
                    "level": "DEBUG",
                    "thread": "main",
                    "class": "o.s.b.w.e.t.TomcatServletWebServerFactory",
                    "message": "Code archive: E:\2zynt\工作项目\CRMEB-JAVA-ET-V1.2(2025.4.25)\et_java\crmeb-front\target\Crmeb-front.jar" }
                    
{
                    "app": "Crmeb",
                    "timestamp":"2025-09-19 09:06:51.839",
                    "level": "DEBUG",
                    "thread": "main",
                    "class": "o.s.b.w.e.t.TomcatServletWebServerFactory",
                    "message": "Code archive: E:\2zynt\工作项目\CRMEB-JAVA-ET-V1.2(2025.4.25)\et_java\crmeb-front\target\Crmeb-front.jar" }
                    
{
                    "app": "Crmeb",
                    "timestamp":"2025-09-19 09:06:51.840",
                    "level": "DEBUG",
                    "thread": "main",
                    "class": "o.s.b.w.e.t.TomcatServletWebServerFactory",
                    "message": "None of the document roots [src/main/webapp, public, static] point to a directory and will be ignored." }
                    
{
                    "app": "Crmeb",
                    "timestamp":"2025-09-19 09:06:52.300",
                    "level": "DEBUG",
                    "thread": "main",
                    "class": "o.s.web.context.ContextLoader",
                    "message": "Published root WebApplicationContext as ServletContext attribute with name [org.springframework.web.context.WebApplicationContext.ROOT]" }
                    
{
                    "app": "Crmeb",
                    "timestamp":"2025-09-19 09:06:52.741",
                    "level": "DEBUG",
                    "thread": "main",
                    "class": "o.s.b.w.s.ServletContextInitializerBeans",
                    "message": "Mapping filters: filterRegistrationBean urls=[/*] order=-2147483647, springSecurityFilterChain urls=[/*] order=-100, filterRegistrationBean urls=[/*] order=2147483647, filterRegistrationBean urls=[/*] order=2147483647, characterEncodingFilter urls=[/*] order=-2147483648, formContentFilter urls=[/*] order=-9900, requestContextFilter urls=[/*] order=-105, corsFilter urls=[/*] order=2147483647" }
                    
{
                    "app": "Crmeb",
                    "timestamp":"2025-09-19 09:06:52.742",
                    "level": "DEBUG",
                    "thread": "main",
                    "class": "o.s.b.w.s.ServletContextInitializerBeans",
                    "message": "Mapping servlets: statViewServlet urls=[/druid/*], dispatcherServlet urls=[/]" }
                    
{
                    "app": "Crmeb",
                    "timestamp":"2025-09-19 09:06:52.772",
                    "level": "DEBUG",
                    "thread": "main",
                    "class": "o.s.b.a.m.w.servlet.WebMvcMetricsFilter",
                    "message": "Filter 'webMvcMetricsFilter' configured for use" }
                    
{
                    "app": "Crmeb",
                    "timestamp":"2025-09-19 09:06:52.773",
                    "level": "DEBUG",
                    "thread": "main",
                    "class": "o.s.b.w.s.f.OrderedRequestContextFilter",
                    "message": "Filter 'requestContextFilter' configured for use" }
                    
{
                    "app": "Crmeb",
                    "timestamp":"2025-09-19 09:06:52.774",
                    "level": "DEBUG",
                    "thread": "main",
                    "class": "o.springframework.web.filter.CorsFilter",
                    "message": "Filter 'corsFilter' configured for use" }
                    
{
                    "app": "Crmeb",
                    "timestamp":"2025-09-19 09:06:52.775",
                    "level": "DEBUG",
                    "thread": "main",
                    "class": "o.s.b.w.s.f.OrderedCharacterEncodingFilter",
                    "message": "Filter 'characterEncodingFilter' configured for use" }
                    
{
                    "app": "Crmeb",
                    "timestamp":"2025-09-19 09:06:52.776",
                    "level": "DEBUG",
                    "thread": "main",
                    "class": "o.s.b.w.s.DelegatingFilterProxyRegistrationBean$1",
                    "message": "Filter 'springSecurityFilterChain' configured for use" }
                    
{
                    "app": "Crmeb",
                    "timestamp":"2025-09-19 09:06:52.776",
                    "level": "DEBUG",
                    "thread": "main",
                    "class": "o.s.b.w.s.f.OrderedFormContentFilter",
                    "message": "Filter 'formContentFilter' configured for use" }
                    
{
                    "app": "Crmeb",
                    "timestamp":"2025-09-19 09:06:57.171",
                    "level": "DEBUG",
                    "thread": "main",
                    "class": "o.s.w.s.m.m.a.RequestMappingHandlerMapping",
                    "message": "151 mappings in 'requestMappingHandlerMapping'" }
                    
{
                    "app": "Crmeb",
                    "timestamp":"2025-09-19 09:06:57.520",
                    "level": "DEBUG",
                    "thread": "main",
                    "class": "o.s.w.s.m.m.a.RequestMappingHandlerAdapter",
                    "message": "ControllerAdvice beans: 0 @ModelAttribute, 0 @InitBinder, 1 RequestBodyAdvice, 1 ResponseBodyAdvice" }
                    
{
                    "app": "Crmeb",
                    "timestamp":"2025-09-19 09:06:57.584",
                    "level": "DEBUG",
                    "thread": "main",
                    "class": "o.s.w.s.handler.SimpleUrlHandlerMapping",
                    "message": "Patterns [/webjars/**, /**, /doc.html] in 'resourceHandlerMapping'" }
                    
{
                    "app": "Crmeb",
                    "timestamp":"2025-09-19 09:06:57.596",
                    "level": "DEBUG",
                    "thread": "main",
                    "class": "o.s.w.s.m.m.a.ExceptionHandlerExceptionResolver",
                    "message": "ControllerAdvice beans: 1 @ExceptionHandler, 1 ResponseBodyAdvice" }
                    
{
                    "app": "Crmeb",
                    "timestamp":"2025-09-19 09:07:08.994",
                    "level": "DEBUG",
                    "thread": "http-nio-8081-exec-4",
                    "class": "o.s.web.servlet.DispatcherServlet",
                    "message": "Detected StandardServletMultipartResolver" }
                    
{
                    "app": "Crmeb",
                    "timestamp":"2025-09-19 09:07:08.994",
                    "level": "DEBUG",
                    "thread": "http-nio-8081-exec-4",
                    "class": "o.s.web.servlet.DispatcherServlet",
                    "message": "Detected I18nLocaleResolver" }
                    
{
                    "app": "Crmeb",
                    "timestamp":"2025-09-19 09:07:08.999",
                    "level": "DEBUG",
                    "thread": "http-nio-8081-exec-4",
                    "class": "o.s.web.servlet.DispatcherServlet",
                    "message": "enableLoggingRequestDetails='false': request parameters and headers will be masked to prevent unsafe logging of potentially sensitive data" }
                    
{
                    "app": "Crmeb",
                    "timestamp":"2025-09-19 09:07:09.035",
                    "level": "DEBUG",
                    "thread": "http-nio-8081-exec-11",
                    "class": "o.s.web.servlet.DispatcherServlet",
                    "message": "GET "/api/front/product/leaderboard", parameters={}" }
                    
{
                    "app": "Crmeb",
                    "timestamp":"2025-09-19 09:07:09.035",
                    "level": "DEBUG",
                    "thread": "http-nio-8081-exec-10",
                    "class": "o.s.web.servlet.DispatcherServlet",
                    "message": "GET "/api/front/index/product?page=1&limit=13", parameters={masked}" }
                    
{
                    "app": "Crmeb",
                    "timestamp":"2025-09-19 09:07:09.035",
                    "level": "DEBUG",
                    "thread": "http-nio-8081-exec-9",
                    "class": "o.s.web.servlet.DispatcherServlet",
                    "message": "GET "/api/pc/home/index", parameters={}" }
                    
{
                    "app": "Crmeb",
                    "timestamp":"2025-09-19 09:07:09.035",
                    "level": "DEBUG",
                    "thread": "http-nio-8081-exec-8",
                    "class": "o.s.web.servlet.DispatcherServlet",
                    "message": "GET "/api/front/merchant/street", parameters={}" }
                    
{
                    "app": "Crmeb",
                    "timestamp":"2025-09-19 09:07:09.035",
                    "level": "DEBUG",
                    "thread": "http-nio-8081-exec-7",
                    "class": "o.s.web.servlet.DispatcherServlet",
                    "message": "GET "/api/front/activity/index/list", parameters={}" }
                    
{
                    "app": "Crmeb",
                    "timestamp":"2025-09-19 09:07:09.039",
                    "level": "DEBUG",
                    "thread": "http-nio-8081-exec-10",
                    "class": "o.s.w.s.m.m.a.RequestMappingHandlerMapping",
                    "message": "Mapped to com.zbkj.front.controller.IndexController#getProductList(PageParamRequest)" }
                    
{
                    "app": "Crmeb",
                    "timestamp":"2025-09-19 09:07:09.040",
                    "level": "DEBUG",
                    "thread": "http-nio-8081-exec-9",
                    "class": "o.s.w.s.m.m.a.RequestMappingHandlerMapping",
                    "message": "Mapped to com.zbkj.front.pc.controller.PcIndexController#getIndexInfo()" }
                    
{
                    "app": "Crmeb",
                    "timestamp":"2025-09-19 09:07:09.039",
                    "level": "DEBUG",
                    "thread": "http-nio-8081-exec-7",
                    "class": "o.s.w.s.m.m.a.RequestMappingHandlerMapping",
                    "message": "Mapped to com.zbkj.front.controller.ActivityController#getIndexList()" }
                    
{
                    "app": "Crmeb",
                    "timestamp":"2025-09-19 09:07:09.039",
                    "level": "DEBUG",
                    "thread": "http-nio-8081-exec-8",
                    "class": "o.s.w.s.m.m.a.RequestMappingHandlerMapping",
                    "message": "Mapped to com.zbkj.front.controller.MerchantController#getStreet(PageParamRequest)" }
                    
{
                    "app": "Crmeb",
                    "timestamp":"2025-09-19 09:07:09.040",
                    "level": "DEBUG",
                    "thread": "http-nio-8081-exec-11",
                    "class": "o.s.w.s.m.m.a.RequestMappingHandlerMapping",
                    "message": "Mapped to com.zbkj.front.controller.ProductController#getLeaderboard()" }
                    
{
                    "app": "Crmeb",
                    "timestamp":"2025-09-19 09:07:09.308",
                    "level": "DEBUG",
                    "thread": "http-nio-8081-exec-11",
                    "class": "o.s.w.s.m.m.a.RequestResponseBodyMethodProcessor",
                    "message": "Using 'application/json', given [application/json, text/plain, */*] and supported [application/json, application/*+json, application/json, application/*+json]" }
                    
{
                    "app": "Crmeb",
                    "timestamp":"2025-09-19 09:07:09.314",
                    "level": "DEBUG",
                    "thread": "http-nio-8081-exec-11",
                    "class": "o.s.w.s.m.m.a.RequestResponseBodyMethodProcessor",
                    "message": "Writing [com.zbkj.common.response.CommonResult@55156b29]" }
                    
{
                    "app": "Crmeb",
                    "timestamp":"2025-09-19 09:07:09.326",
                    "level": "DEBUG",
                    "thread": "http-nio-8081-exec-10",
                    "class": "o.s.w.s.m.m.a.ExceptionHandlerExceptionResolver",
                    "message": "Using @ExceptionHandler com.zbkj.common.exception.GlobalExceptionHandler#defaultExceptionHandler(Exception)" }
                    
{
                    "app": "Crmeb",
                    "timestamp":"2025-09-19 09:07:09.332",
                    "level": "DEBUG",
                    "thread": "http-nio-8081-exec-11",
                    "class": "o.s.web.servlet.DispatcherServlet",
                    "message": "Completed 200 OK" }
                    
{
                    "app": "Crmeb",
                    "timestamp":"2025-09-19 09:07:09.337",
                    "level": "DEBUG",
                    "thread": "http-nio-8081-exec-8",
                    "class": "o.s.w.s.m.m.a.RequestResponseBodyMethodProcessor",
                    "message": "Using 'application/json', given [application/json, text/plain, */*] and supported [application/json, application/*+json, application/json, application/*+json]" }
                    
{
                    "app": "Crmeb",
                    "timestamp":"2025-09-19 09:07:09.338",
                    "level": "DEBUG",
                    "thread": "http-nio-8081-exec-8",
                    "class": "o.s.w.s.m.m.a.RequestResponseBodyMethodProcessor",
                    "message": "Writing [com.zbkj.common.response.CommonResult@693ef00f]" }
                    
{
                    "app": "Crmeb",
                    "timestamp":"2025-09-19 09:07:09.353",
                    "level": "DEBUG",
                    "thread": "http-nio-8081-exec-8",
                    "class": "o.s.web.servlet.DispatcherServlet",
                    "message": "Completed 200 OK" }
                    
{
                    "app": "Crmeb",
                    "timestamp":"2025-09-19 09:07:09.423",
                    "level": "DEBUG",
                    "thread": "http-nio-8081-exec-7",
                    "class": "o.s.w.s.m.m.a.RequestResponseBodyMethodProcessor",
                    "message": "Using 'application/json', given [application/json, text/plain, */*] and supported [application/json, application/*+json, application/json, application/*+json]" }
                    
{
                    "app": "Crmeb",
                    "timestamp":"2025-09-19 09:07:09.423",
                    "level": "DEBUG",
                    "thread": "http-nio-8081-exec-7",
                    "class": "o.s.w.s.m.m.a.RequestResponseBodyMethodProcessor",
                    "message": "Writing [com.zbkj.common.response.CommonResult@6989ecbe]" }
                    
{
                    "app": "Crmeb",
                    "timestamp":"2025-09-19 09:07:09.427",
                    "level": "DEBUG",
                    "thread": "http-nio-8081-exec-10",
                    "class": "o.s.w.s.m.m.a.RequestResponseBodyMethodProcessor",
                    "message": "Using 'application/json', given [application/json, text/plain, */*] and supported [application/json, application/*+json, application/json, application/*+json]" }
                    
{
                    "app": "Crmeb",
                    "timestamp":"2025-09-19 09:07:09.428",
                    "level": "DEBUG",
                    "thread": "http-nio-8081-exec-7",
                    "class": "o.s.web.servlet.DispatcherServlet",
                    "message": "Completed 200 OK" }
                    
{
                    "app": "Crmeb",
                    "timestamp":"2025-09-19 09:07:09.428",
                    "level": "DEBUG",
                    "thread": "http-nio-8081-exec-10",
                    "class": "o.s.w.s.m.m.a.RequestResponseBodyMethodProcessor",
                    "message": "Writing [com.zbkj.common.response.CommonResult@56f65db0]" }
                    
{
                    "app": "Crmeb",
                    "timestamp":"2025-09-19 09:07:09.429",
                    "level": "DEBUG",
                    "thread": "http-nio-8081-exec-10",
                    "class": "o.s.w.s.m.m.a.ExceptionHandlerExceptionResolver",
                    "message": "Resolved [org.springframework.jdbc.BadSqlGrammarException: 
### Error querying database.  Cause: java.sql.SQLSyntaxErrorException: You have an error in your SQL syntax; check the manual that corresponds to your MySQL server version for the right syntax to use near 'DESC,id DESC LIMIT 13' at line 5
### The error may exist in com/zbkj/service/dao/StoreProductDao.java (best guess)
### The error may involve defaultParameterMap
### The error occurred while setting parameters
### SQL: SELECT   id,image,store_name,price,ot_price,sales,ficti   FROM eb_store_product     WHERE (is_del = ? AND is_recycle = ? AND is_show = ? AND is_forced = ? AND audit_status = ? AND stock > ?) ORDER BY rank DESC,id DESC LIMIT ?
### Cause: java.sql.SQLSyntaxErrorException: You have an error in your SQL syntax; check the manual that corresponds to your MySQL server version for the right syntax to use near 'DESC,id DESC LIMIT 13' at line 5
; bad SQL grammar []; nested exception is java.sql.SQLSyntaxErrorException: You have an error in your SQL syntax; check the manual that corresponds to your MySQL server version for the right syntax to use near 'DESC,id DESC LIMIT 13' at line 5]" }
                    
{
                    "app": "Crmeb",
                    "timestamp":"2025-09-19 09:07:09.429",
                    "level": "DEBUG",
                    "thread": "http-nio-8081-exec-10",
                    "class": "o.s.web.servlet.DispatcherServlet",
                    "message": "Completed 200 OK" }
                    
{
                    "app": "Crmeb",
                    "timestamp":"2025-09-19 09:07:09.446",
                    "level": "DEBUG",
                    "thread": "http-nio-8081-exec-12",
                    "class": "o.s.web.servlet.DispatcherServlet",
                    "message": "GET "/api/front/activity/index/list", parameters={}" }
                    
{
                    "app": "Crmeb",
                    "timestamp":"2025-09-19 09:07:09.447",
                    "level": "DEBUG",
                    "thread": "http-nio-8081-exec-12",
                    "class": "o.s.w.s.m.m.a.RequestMappingHandlerMapping",
                    "message": "Mapped to com.zbkj.front.controller.ActivityController#getIndexList()" }
                    
{
                    "app": "Crmeb",
                    "timestamp":"2025-09-19 09:07:09.455",
                    "level": "DEBUG",
                    "thread": "http-nio-8081-exec-15",
                    "class": "o.s.web.servlet.DispatcherServlet",
                    "message": "GET "/api/front/index/product?page=1&limit=13", parameters={masked}" }
                    
{
                    "app": "Crmeb",
                    "timestamp":"2025-09-19 09:07:09.457",
                    "level": "DEBUG",
                    "thread": "http-nio-8081-exec-15",
                    "class": "o.s.w.s.m.m.a.RequestMappingHandlerMapping",
                    "message": "Mapped to com.zbkj.front.controller.IndexController#getProductList(PageParamRequest)" }
                    
{
                    "app": "Crmeb",
                    "timestamp":"2025-09-19 09:07:09.460",
                    "level": "DEBUG",
                    "thread": "http-nio-8081-exec-17",
                    "class": "o.s.web.servlet.DispatcherServlet",
                    "message": "POST "/api/front/login/token/is/exist", parameters={}" }
                    
{
                    "app": "Crmeb",
                    "timestamp":"2025-09-19 09:07:09.461",
                    "level": "DEBUG",
                    "thread": "http-nio-8081-exec-19",
                    "class": "o.s.web.servlet.DispatcherServlet",
                    "message": "GET "/api/front/search/keyword", parameters={}" }
                    
{
                    "app": "Crmeb",
                    "timestamp":"2025-09-19 09:07:09.461",
                    "level": "DEBUG",
                    "thread": "http-nio-8081-exec-20",
                    "class": "o.s.web.servlet.DispatcherServlet",
                    "message": "GET "/api/front/product/category", parameters={}" }
                    
{
                    "app": "Crmeb",
                    "timestamp":"2025-09-19 09:07:09.463",
                    "level": "DEBUG",
                    "thread": "http-nio-8081-exec-19",
                    "class": "o.s.w.s.m.m.a.RequestMappingHandlerMapping",
                    "message": "Mapped to com.zbkj.front.controller.IndexController#hotKeywords()" }
                    
{
                    "app": "Crmeb",
                    "timestamp":"2025-09-19 09:07:09.463",
                    "level": "DEBUG",
                    "thread": "http-nio-8081-exec-17",
                    "class": "o.s.w.s.m.m.a.RequestMappingHandlerMapping",
                    "message": "Mapped to com.zbkj.front.controller.LoginController#tokenIsExist()" }
                    
{
                    "app": "Crmeb",
                    "timestamp":"2025-09-19 09:07:09.467",
                    "level": "DEBUG",
                    "thread": "http-nio-8081-exec-20",
                    "class": "o.s.w.s.m.m.a.RequestMappingHandlerMapping",
                    "message": "Mapped to com.zbkj.front.controller.ProductController#getCategory()" }
                    
{
                    "app": "Crmeb",
                    "timestamp":"2025-09-19 09:07:09.478",
                    "level": "DEBUG",
                    "thread": "http-nio-8081-exec-15",
                    "class": "o.s.w.s.m.m.a.ExceptionHandlerExceptionResolver",
                    "message": "Using @ExceptionHandler com.zbkj.common.exception.GlobalExceptionHandler#defaultExceptionHandler(Exception)" }
                    
{
                    "app": "Crmeb",
                    "timestamp":"2025-09-19 09:07:09.487",
                    "level": "DEBUG",
                    "thread": "http-nio-8081-exec-17",
                    "class": "o.s.w.s.m.m.a.RequestResponseBodyMethodProcessor",
                    "message": "Using 'application/json', given [application/json, text/plain, */*] and supported [application/json, application/*+json, application/json, application/*+json]" }
                    
{
                    "app": "Crmeb",
                    "timestamp":"2025-09-19 09:07:09.490",
                    "level": "DEBUG",
                    "thread": "http-nio-8081-exec-17",
                    "class": "o.s.w.s.m.m.a.RequestResponseBodyMethodProcessor",
                    "message": "Writing [com.zbkj.common.response.CommonResult@241b2d30]" }
                    
{
                    "app": "Crmeb",
                    "timestamp":"2025-09-19 09:07:09.492",
                    "level": "DEBUG",
                    "thread": "http-nio-8081-exec-17",
                    "class": "o.s.web.servlet.DispatcherServlet",
                    "message": "Completed 200 OK" }
                    
{
                    "app": "Crmeb",
                    "timestamp":"2025-09-19 09:07:09.504",
                    "level": "DEBUG",
                    "thread": "http-nio-8081-exec-19",
                    "class": "o.s.w.s.m.m.a.RequestResponseBodyMethodProcessor",
                    "message": "Using 'application/json', given [application/json, text/plain, */*] and supported [application/json, application/*+json, application/json, application/*+json]" }
                    
{
                    "app": "Crmeb",
                    "timestamp":"2025-09-19 09:07:09.505",
                    "level": "DEBUG",
                    "thread": "http-nio-8081-exec-19",
                    "class": "o.s.w.s.m.m.a.RequestResponseBodyMethodProcessor",
                    "message": "Writing [com.zbkj.common.response.CommonResult@34f9c05f]" }
                    
{
                    "app": "Crmeb",
                    "timestamp":"2025-09-19 09:07:09.511",
                    "level": "DEBUG",
                    "thread": "http-nio-8081-exec-19",
                    "class": "o.s.web.servlet.DispatcherServlet",
                    "message": "Completed 200 OK" }
                    
{
                    "app": "Crmeb",
                    "timestamp":"2025-09-19 09:07:09.562",
                    "level": "DEBUG",
                    "thread": "http-nio-8081-exec-12",
                    "class": "o.s.w.s.m.m.a.RequestResponseBodyMethodProcessor",
                    "message": "Using 'application/json', given [application/json, text/plain, */*] and supported [application/json, application/*+json, application/json, application/*+json]" }
                    
{
                    "app": "Crmeb",
                    "timestamp":"2025-09-19 09:07:09.563",
                    "level": "DEBUG",
                    "thread": "http-nio-8081-exec-12",
                    "class": "o.s.w.s.m.m.a.RequestResponseBodyMethodProcessor",
                    "message": "Writing [com.zbkj.common.response.CommonResult@5ff6378b]" }
                    
{
                    "app": "Crmeb",
                    "timestamp":"2025-09-19 09:07:09.564",
                    "level": "DEBUG",
                    "thread": "http-nio-8081-exec-12",
                    "class": "o.s.web.servlet.DispatcherServlet",
                    "message": "Completed 200 OK" }
                    
{
                    "app": "Crmeb",
                    "timestamp":"2025-09-19 09:07:09.570",
                    "level": "DEBUG",
                    "thread": "http-nio-8081-exec-15",
                    "class": "o.s.w.s.m.m.a.RequestResponseBodyMethodProcessor",
                    "message": "Using 'application/json', given [application/json, text/plain, */*] and supported [application/json, application/*+json, application/json, application/*+json]" }
                    
{
                    "app": "Crmeb",
                    "timestamp":"2025-09-19 09:07:09.570",
                    "level": "DEBUG",
                    "thread": "http-nio-8081-exec-15",
                    "class": "o.s.w.s.m.m.a.RequestResponseBodyMethodProcessor",
                    "message": "Writing [com.zbkj.common.response.CommonResult@36751cdb]" }
                    
{
                    "app": "Crmeb",
                    "timestamp":"2025-09-19 09:07:09.571",
                    "level": "DEBUG",
                    "thread": "http-nio-8081-exec-15",
                    "class": "o.s.w.s.m.m.a.ExceptionHandlerExceptionResolver",
                    "message": "Resolved [org.springframework.jdbc.BadSqlGrammarException: 
### Error querying database.  Cause: java.sql.SQLSyntaxErrorException: You have an error in your SQL syntax; check the manual that corresponds to your MySQL server version for the right syntax to use near 'DESC,id DESC LIMIT 13' at line 5
### The error may exist in com/zbkj/service/dao/StoreProductDao.java (best guess)
### The error may involve defaultParameterMap
### The error occurred while setting parameters
### SQL: SELECT   id,image,store_name,price,ot_price,sales,ficti   FROM eb_store_product     WHERE (is_del = ? AND is_recycle = ? AND is_show = ? AND is_forced = ? AND audit_status = ? AND stock > ?) ORDER BY rank DESC,id DESC LIMIT ?
### Cause: java.sql.SQLSyntaxErrorException: You have an error in your SQL syntax; check the manual that corresponds to your MySQL server version for the right syntax to use near 'DESC,id DESC LIMIT 13' at line 5
; bad SQL grammar []; nested exception is java.sql.SQLSyntaxErrorException: You have an error in your SQL syntax; check the manual that corresponds to your MySQL server version for the right syntax to use near 'DESC,id DESC LIMIT 13' at line 5]" }
                    
{
                    "app": "Crmeb",
                    "timestamp":"2025-09-19 09:07:09.571",
                    "level": "DEBUG",
                    "thread": "http-nio-8081-exec-15",
                    "class": "o.s.web.servlet.DispatcherServlet",
                    "message": "Completed 200 OK" }
                    
{
                    "app": "Crmeb",
                    "timestamp":"2025-09-19 09:07:09.584",
                    "level": "DEBUG",
                    "thread": "http-nio-8081-exec-9",
                    "class": "o.s.w.s.m.m.a.RequestResponseBodyMethodProcessor",
                    "message": "Using 'application/json', given [application/json, text/plain, */*] and supported [application/json, application/*+json, application/json, application/*+json]" }
                    
{
                    "app": "Crmeb",
                    "timestamp":"2025-09-19 09:07:09.584",
                    "level": "DEBUG",
                    "thread": "http-nio-8081-exec-9",
                    "class": "o.s.w.s.m.m.a.RequestResponseBodyMethodProcessor",
                    "message": "Writing [com.zbkj.common.response.CommonResult@5480f532]" }
                    
{
                    "app": "Crmeb",
                    "timestamp":"2025-09-19 09:07:09.585",
                    "level": "DEBUG",
                    "thread": "http-nio-8081-exec-9",
                    "class": "o.s.web.servlet.DispatcherServlet",
                    "message": "Completed 200 OK" }
                    
{
                    "app": "Crmeb",
                    "timestamp":"2025-09-19 09:07:13.739",
                    "level": "DEBUG",
                    "thread": "http-nio-8081-exec-20",
                    "class": "o.s.w.s.m.m.a.RequestResponseBodyMethodProcessor",
                    "message": "Using 'application/json', given [application/json, text/plain, */*] and supported [application/json, application/*+json, application/json, application/*+json]" }
                    
{
                    "app": "Crmeb",
                    "timestamp":"2025-09-19 09:07:13.739",
                    "level": "DEBUG",
                    "thread": "http-nio-8081-exec-20",
                    "class": "o.s.w.s.m.m.a.RequestResponseBodyMethodProcessor",
                    "message": "Writing [com.zbkj.common.response.CommonResult@7cef70c7]" }
                    
{
                    "app": "Crmeb",
                    "timestamp":"2025-09-19 09:07:13.741",
                    "level": "DEBUG",
                    "thread": "http-nio-8081-exec-20",
                    "class": "o.s.web.servlet.DispatcherServlet",
                    "message": "Completed 200 OK" }
                    
{
                    "app": "Crmeb",
                    "timestamp":"2025-09-19 09:20:30.115",
                    "level": "DEBUG",
                    "thread": "http-nio-8081-exec-5",
                    "class": "o.s.web.servlet.DispatcherServlet",
                    "message": "GET "/api/pc/home/index", parameters={}" }
                    
{
                    "app": "Crmeb",
                    "timestamp":"2025-09-19 09:20:30.115",
                    "level": "DEBUG",
                    "thread": "http-nio-8081-exec-2",
                    "class": "o.s.web.servlet.DispatcherServlet",
                    "message": "GET "/api/front/product/leaderboard", parameters={}" }
                    
{
                    "app": "Crmeb",
                    "timestamp":"2025-09-19 09:20:30.115",
                    "level": "DEBUG",
                    "thread": "http-nio-8081-exec-4",
                    "class": "o.s.web.servlet.DispatcherServlet",
                    "message": "GET "/api/front/merchant/street", parameters={}" }
                    
{
                    "app": "Crmeb",
                    "timestamp":"2025-09-19 09:20:30.115",
                    "level": "DEBUG",
                    "thread": "http-nio-8081-exec-6",
                    "class": "o.s.web.servlet.DispatcherServlet",
                    "message": "GET "/api/front/index/product?page=1&limit=13", parameters={masked}" }
                    
{
                    "app": "Crmeb",
                    "timestamp":"2025-09-19 09:20:30.115",
                    "level": "DEBUG",
                    "thread": "http-nio-8081-exec-3",
                    "class": "o.s.web.servlet.DispatcherServlet",
                    "message": "GET "/api/front/activity/index/list", parameters={}" }
                    
{
                    "app": "Crmeb",
                    "timestamp":"2025-09-19 09:20:30.115",
                    "level": "DEBUG",
                    "thread": "http-nio-8081-exec-5",
                    "class": "o.s.w.s.m.m.a.RequestMappingHandlerMapping",
                    "message": "Mapped to com.zbkj.front.pc.controller.PcIndexController#getIndexInfo()" }
                    
{
                    "app": "Crmeb",
                    "timestamp":"2025-09-19 09:20:30.116",
                    "level": "DEBUG",
                    "thread": "http-nio-8081-exec-2",
                    "class": "o.s.w.s.m.m.a.RequestMappingHandlerMapping",
                    "message": "Mapped to com.zbkj.front.controller.ProductController#getLeaderboard()" }
                    
{
                    "app": "Crmeb",
                    "timestamp":"2025-09-19 09:20:30.116",
                    "level": "DEBUG",
                    "thread": "http-nio-8081-exec-4",
                    "class": "o.s.w.s.m.m.a.RequestMappingHandlerMapping",
                    "message": "Mapped to com.zbkj.front.controller.MerchantController#getStreet(PageParamRequest)" }
                    
{
                    "app": "Crmeb",
                    "timestamp":"2025-09-19 09:20:30.117",
                    "level": "DEBUG",
                    "thread": "http-nio-8081-exec-6",
                    "class": "o.s.w.s.m.m.a.RequestMappingHandlerMapping",
                    "message": "Mapped to com.zbkj.front.controller.IndexController#getProductList(PageParamRequest)" }
                    
{
                    "app": "Crmeb",
                    "timestamp":"2025-09-19 09:20:30.117",
                    "level": "DEBUG",
                    "thread": "http-nio-8081-exec-3",
                    "class": "o.s.w.s.m.m.a.RequestMappingHandlerMapping",
                    "message": "Mapped to com.zbkj.front.controller.ActivityController#getIndexList()" }
                    
{
                    "app": "Crmeb",
                    "timestamp":"2025-09-19 09:20:30.138",
                    "level": "DEBUG",
                    "thread": "http-nio-8081-exec-6",
                    "class": "o.s.w.s.m.m.a.ExceptionHandlerExceptionResolver",
                    "message": "Using @ExceptionHandler com.zbkj.common.exception.GlobalExceptionHandler#defaultExceptionHandler(Exception)" }
                    
{
                    "app": "Crmeb",
                    "timestamp":"2025-09-19 09:20:30.139",
                    "level": "DEBUG",
                    "thread": "http-nio-8081-exec-2",
                    "class": "o.s.w.s.m.m.a.RequestResponseBodyMethodProcessor",
                    "message": "Using 'application/json', given [application/json, text/plain, */*] and supported [application/json, application/*+json, application/json, application/*+json]" }
                    
{
                    "app": "Crmeb",
                    "timestamp":"2025-09-19 09:20:30.141",
                    "level": "DEBUG",
                    "thread": "http-nio-8081-exec-2",
                    "class": "o.s.w.s.m.m.a.RequestResponseBodyMethodProcessor",
                    "message": "Writing [com.zbkj.common.response.CommonResult@4ff7fcea]" }
                    
{
                    "app": "Crmeb",
                    "timestamp":"2025-09-19 09:20:30.143",
                    "level": "DEBUG",
                    "thread": "http-nio-8081-exec-2",
                    "class": "o.s.web.servlet.DispatcherServlet",
                    "message": "Completed 200 OK" }
                    
{
                    "app": "Crmeb",
                    "timestamp":"2025-09-19 09:20:30.178",
                    "level": "DEBUG",
                    "thread": "http-nio-8081-exec-4",
                    "class": "o.s.w.s.m.m.a.RequestResponseBodyMethodProcessor",
                    "message": "Using 'application/json', given [application/json, text/plain, */*] and supported [application/json, application/*+json, application/json, application/*+json]" }
                    
{
                    "app": "Crmeb",
                    "timestamp":"2025-09-19 09:20:30.180",
                    "level": "DEBUG",
                    "thread": "http-nio-8081-exec-4",
                    "class": "o.s.w.s.m.m.a.RequestResponseBodyMethodProcessor",
                    "message": "Writing [com.zbkj.common.response.CommonResult@96a9959]" }
                    
{
                    "app": "Crmeb",
                    "timestamp":"2025-09-19 09:20:30.182",
                    "level": "DEBUG",
                    "thread": "http-nio-8081-exec-4",
                    "class": "o.s.web.servlet.DispatcherServlet",
                    "message": "Completed 200 OK" }
                    
{
                    "app": "Crmeb",
                    "timestamp":"2025-09-19 09:20:30.226",
                    "level": "DEBUG",
                    "thread": "http-nio-8081-exec-6",
                    "class": "o.s.w.s.m.m.a.RequestResponseBodyMethodProcessor",
                    "message": "Using 'application/json', given [application/json, text/plain, */*] and supported [application/json, application/*+json, application/json, application/*+json]" }
                    
{
                    "app": "Crmeb",
                    "timestamp":"2025-09-19 09:20:30.227",
                    "level": "DEBUG",
                    "thread": "http-nio-8081-exec-6",
                    "class": "o.s.w.s.m.m.a.RequestResponseBodyMethodProcessor",
                    "message": "Writing [com.zbkj.common.response.CommonResult@54b123ad]" }
                    
{
                    "app": "Crmeb",
                    "timestamp":"2025-09-19 09:20:30.227",
                    "level": "DEBUG",
                    "thread": "http-nio-8081-exec-6",
                    "class": "o.s.w.s.m.m.a.ExceptionHandlerExceptionResolver",
                    "message": "Resolved [org.springframework.jdbc.BadSqlGrammarException: 
### Error querying database.  Cause: java.sql.SQLSyntaxErrorException: You have an error in your SQL syntax; check the manual that corresponds to your MySQL server version for the right syntax to use near 'DESC,id DESC LIMIT 13' at line 5
### The error may exist in com/zbkj/service/dao/StoreProductDao.java (best guess)
### The error may involve defaultParameterMap
### The error occurred while setting parameters
### SQL: SELECT   id,image,store_name,price,ot_price,sales,ficti   FROM eb_store_product     WHERE (is_del = ? AND is_recycle = ? AND is_show = ? AND is_forced = ? AND audit_status = ? AND stock > ?) ORDER BY rank DESC,id DESC LIMIT ?
### Cause: java.sql.SQLSyntaxErrorException: You have an error in your SQL syntax; check the manual that corresponds to your MySQL server version for the right syntax to use near 'DESC,id DESC LIMIT 13' at line 5
; bad SQL grammar []; nested exception is java.sql.SQLSyntaxErrorException: You have an error in your SQL syntax; check the manual that corresponds to your MySQL server version for the right syntax to use near 'DESC,id DESC LIMIT 13' at line 5]" }
                    
{
                    "app": "Crmeb",
                    "timestamp":"2025-09-19 09:20:30.228",
                    "level": "DEBUG",
                    "thread": "http-nio-8081-exec-6",
                    "class": "o.s.web.servlet.DispatcherServlet",
                    "message": "Completed 200 OK" }
                    
{
                    "app": "Crmeb",
                    "timestamp":"2025-09-19 09:20:30.242",
                    "level": "DEBUG",
                    "thread": "http-nio-8081-exec-3",
                    "class": "o.s.w.s.m.m.a.RequestResponseBodyMethodProcessor",
                    "message": "Using 'application/json', given [application/json, text/plain, */*] and supported [application/json, application/*+json, application/json, application/*+json]" }
                    
{
                    "app": "Crmeb",
                    "timestamp":"2025-09-19 09:20:30.243",
                    "level": "DEBUG",
                    "thread": "http-nio-8081-exec-3",
                    "class": "o.s.w.s.m.m.a.RequestResponseBodyMethodProcessor",
                    "message": "Writing [com.zbkj.common.response.CommonResult@47d77216]" }
                    
{
                    "app": "Crmeb",
                    "timestamp":"2025-09-19 09:20:30.244",
                    "level": "DEBUG",
                    "thread": "http-nio-8081-exec-3",
                    "class": "o.s.web.servlet.DispatcherServlet",
                    "message": "Completed 200 OK" }
                    
{
                    "app": "Crmeb",
                    "timestamp":"2025-09-19 09:20:30.272",
                    "level": "DEBUG",
                    "thread": "http-nio-8081-exec-5",
                    "class": "o.s.w.s.m.m.a.RequestResponseBodyMethodProcessor",
                    "message": "Using 'application/json', given [application/json, text/plain, */*] and supported [application/json, application/*+json, application/json, application/*+json]" }
                    
{
                    "app": "Crmeb",
                    "timestamp":"2025-09-19 09:20:30.275",
                    "level": "DEBUG",
                    "thread": "http-nio-8081-exec-7",
                    "class": "o.s.web.servlet.DispatcherServlet",
                    "message": "GET "/api/front/index/product?page=1&limit=13", parameters={masked}" }
                    
{
                    "app": "Crmeb",
                    "timestamp":"2025-09-19 09:20:30.278",
                    "level": "DEBUG",
                    "thread": "http-nio-8081-exec-5",
                    "class": "o.s.w.s.m.m.a.RequestResponseBodyMethodProcessor",
                    "message": "Writing [com.zbkj.common.response.CommonResult@a2cd0c5]" }
                    
{
                    "app": "Crmeb",
                    "timestamp":"2025-09-19 09:20:30.280",
                    "level": "DEBUG",
                    "thread": "http-nio-8081-exec-14",
                    "class": "o.s.web.servlet.DispatcherServlet",
                    "message": "GET "/api/front/search/keyword", parameters={}" }
                    
{
                    "app": "Crmeb",
                    "timestamp":"2025-09-19 09:20:30.280",
                    "level": "DEBUG",
                    "thread": "http-nio-8081-exec-7",
                    "class": "o.s.w.s.m.m.a.RequestMappingHandlerMapping",
                    "message": "Mapped to com.zbkj.front.controller.IndexController#getProductList(PageParamRequest)" }
                    
{
                    "app": "Crmeb",
                    "timestamp":"2025-09-19 09:20:30.280",
                    "level": "DEBUG",
                    "thread": "http-nio-8081-exec-13",
                    "class": "o.s.web.servlet.DispatcherServlet",
                    "message": "POST "/api/front/login/token/is/exist", parameters={}" }
                    
{
                    "app": "Crmeb",
                    "timestamp":"2025-09-19 09:20:30.280",
                    "level": "DEBUG",
                    "thread": "http-nio-8081-exec-18",
                    "class": "o.s.web.servlet.DispatcherServlet",
                    "message": "GET "/api/front/product/category", parameters={}" }
                    
{
                    "app": "Crmeb",
                    "timestamp":"2025-09-19 09:20:30.280",
                    "level": "DEBUG",
                    "thread": "http-nio-8081-exec-5",
                    "class": "o.s.web.servlet.DispatcherServlet",
                    "message": "Completed 200 OK" }
                    
{
                    "app": "Crmeb",
                    "timestamp":"2025-09-19 09:20:30.280",
                    "level": "DEBUG",
                    "thread": "http-nio-8081-exec-14",
                    "class": "o.s.w.s.m.m.a.RequestMappingHandlerMapping",
                    "message": "Mapped to com.zbkj.front.controller.IndexController#hotKeywords()" }
                    
{
                    "app": "Crmeb",
                    "timestamp":"2025-09-19 09:20:30.281",
                    "level": "DEBUG",
                    "thread": "http-nio-8081-exec-13",
                    "class": "o.s.w.s.m.m.a.RequestMappingHandlerMapping",
                    "message": "Mapped to com.zbkj.front.controller.LoginController#tokenIsExist()" }
                    
{
                    "app": "Crmeb",
                    "timestamp":"2025-09-19 09:20:30.282",
                    "level": "DEBUG",
                    "thread": "http-nio-8081-exec-18",
                    "class": "o.s.w.s.m.m.a.RequestMappingHandlerMapping",
                    "message": "Mapped to com.zbkj.front.controller.ProductController#getCategory()" }
                    
{
                    "app": "Crmeb",
                    "timestamp":"2025-09-19 09:20:30.282",
                    "level": "DEBUG",
                    "thread": "http-nio-8081-exec-17",
                    "class": "o.s.web.servlet.DispatcherServlet",
                    "message": "GET "/api/front/activity/index/list", parameters={}" }
                    
{
                    "app": "Crmeb",
                    "timestamp":"2025-09-19 09:20:30.292",
                    "level": "DEBUG",
                    "thread": "http-nio-8081-exec-13",
                    "class": "o.s.w.s.m.m.a.RequestResponseBodyMethodProcessor",
                    "message": "Using 'application/json', given [application/json, text/plain, */*] and supported [application/json, application/*+json, application/json, application/*+json]" }
                    
{
                    "app": "Crmeb",
                    "timestamp":"2025-09-19 09:20:30.292",
                    "level": "DEBUG",
                    "thread": "http-nio-8081-exec-17",
                    "class": "o.s.w.s.m.m.a.RequestMappingHandlerMapping",
                    "message": "Mapped to com.zbkj.front.controller.ActivityController#getIndexList()" }
                    
{
                    "app": "Crmeb",
                    "timestamp":"2025-09-19 09:20:30.292",
                    "level": "DEBUG",
                    "thread": "http-nio-8081-exec-13",
                    "class": "o.s.w.s.m.m.a.RequestResponseBodyMethodProcessor",
                    "message": "Writing [com.zbkj.common.response.CommonResult@13307eda]" }
                    
{
                    "app": "Crmeb",
                    "timestamp":"2025-09-19 09:20:30.294",
                    "level": "DEBUG",
                    "thread": "http-nio-8081-exec-13",
                    "class": "o.s.web.servlet.DispatcherServlet",
                    "message": "Completed 200 OK" }
                    
{
                    "app": "Crmeb",
                    "timestamp":"2025-09-19 09:20:30.297",
                    "level": "DEBUG",
                    "thread": "http-nio-8081-exec-7",
                    "class": "o.s.w.s.m.m.a.ExceptionHandlerExceptionResolver",
                    "message": "Using @ExceptionHandler com.zbkj.common.exception.GlobalExceptionHandler#defaultExceptionHandler(Exception)" }
                    
{
                    "app": "Crmeb",
                    "timestamp":"2025-09-19 09:20:30.311",
                    "level": "DEBUG",
                    "thread": "http-nio-8081-exec-14",
                    "class": "o.s.w.s.m.m.a.RequestResponseBodyMethodProcessor",
                    "message": "Using 'application/json', given [application/json, text/plain, */*] and supported [application/json, application/*+json, application/json, application/*+json]" }
                    
{
                    "app": "Crmeb",
                    "timestamp":"2025-09-19 09:20:30.311",
                    "level": "DEBUG",
                    "thread": "http-nio-8081-exec-14",
                    "class": "o.s.w.s.m.m.a.RequestResponseBodyMethodProcessor",
                    "message": "Writing [com.zbkj.common.response.CommonResult@78fcde92]" }
                    
{
                    "app": "Crmeb",
                    "timestamp":"2025-09-19 09:20:30.312",
                    "level": "DEBUG",
                    "thread": "http-nio-8081-exec-14",
                    "class": "o.s.web.servlet.DispatcherServlet",
                    "message": "Completed 200 OK" }
                    
{
                    "app": "Crmeb",
                    "timestamp":"2025-09-19 09:20:30.362",
                    "level": "DEBUG",
                    "thread": "http-nio-8081-exec-17",
                    "class": "o.s.w.s.m.m.a.RequestResponseBodyMethodProcessor",
                    "message": "Using 'application/json', given [application/json, text/plain, */*] and supported [application/json, application/*+json, application/json, application/*+json]" }
                    
{
                    "app": "Crmeb",
                    "timestamp":"2025-09-19 09:20:30.363",
                    "level": "DEBUG",
                    "thread": "http-nio-8081-exec-17",
                    "class": "o.s.w.s.m.m.a.RequestResponseBodyMethodProcessor",
                    "message": "Writing [com.zbkj.common.response.CommonResult@746c4951]" }
                    
{
                    "app": "Crmeb",
                    "timestamp":"2025-09-19 09:20:30.363",
                    "level": "DEBUG",
                    "thread": "http-nio-8081-exec-17",
                    "class": "o.s.web.servlet.DispatcherServlet",
                    "message": "Completed 200 OK" }
                    
{
                    "app": "Crmeb",
                    "timestamp":"2025-09-19 09:20:30.370",
                    "level": "DEBUG",
                    "thread": "http-nio-8081-exec-7",
                    "class": "o.s.w.s.m.m.a.RequestResponseBodyMethodProcessor",
                    "message": "Using 'application/json', given [application/json, text/plain, */*] and supported [application/json, application/*+json, application/json, application/*+json]" }
                    
{
                    "app": "Crmeb",
                    "timestamp":"2025-09-19 09:20:30.370",
                    "level": "DEBUG",
                    "thread": "http-nio-8081-exec-7",
                    "class": "o.s.w.s.m.m.a.RequestResponseBodyMethodProcessor",
                    "message": "Writing [com.zbkj.common.response.CommonResult@67debef0]" }
                    
{
                    "app": "Crmeb",
                    "timestamp":"2025-09-19 09:20:30.372",
                    "level": "DEBUG",
                    "thread": "http-nio-8081-exec-7",
                    "class": "o.s.w.s.m.m.a.ExceptionHandlerExceptionResolver",
                    "message": "Resolved [org.springframework.jdbc.BadSqlGrammarException: 
### Error querying database.  Cause: java.sql.SQLSyntaxErrorException: You have an error in your SQL syntax; check the manual that corresponds to your MySQL server version for the right syntax to use near 'DESC,id DESC LIMIT 13' at line 5
### The error may exist in com/zbkj/service/dao/StoreProductDao.java (best guess)
### The error may involve defaultParameterMap
### The error occurred while setting parameters
### SQL: SELECT   id,image,store_name,price,ot_price,sales,ficti   FROM eb_store_product     WHERE (is_del = ? AND is_recycle = ? AND is_show = ? AND is_forced = ? AND audit_status = ? AND stock > ?) ORDER BY rank DESC,id DESC LIMIT ?
### Cause: java.sql.SQLSyntaxErrorException: You have an error in your SQL syntax; check the manual that corresponds to your MySQL server version for the right syntax to use near 'DESC,id DESC LIMIT 13' at line 5
; bad SQL grammar []; nested exception is java.sql.SQLSyntaxErrorException: You have an error in your SQL syntax; check the manual that corresponds to your MySQL server version for the right syntax to use near 'DESC,id DESC LIMIT 13' at line 5]" }
                    
{
                    "app": "Crmeb",
                    "timestamp":"2025-09-19 09:20:30.373",
                    "level": "DEBUG",
                    "thread": "http-nio-8081-exec-7",
                    "class": "o.s.web.servlet.DispatcherServlet",
                    "message": "Completed 200 OK" }
                    
{
                    "app": "Crmeb",
                    "timestamp":"2025-09-19 09:20:30.469",
                    "level": "DEBUG",
                    "thread": "http-nio-8081-exec-18",
                    "class": "o.s.w.s.m.m.a.RequestResponseBodyMethodProcessor",
                    "message": "Using 'application/json', given [application/json, text/plain, */*] and supported [application/json, application/*+json, application/json, application/*+json]" }
                    
{
                    "app": "Crmeb",
                    "timestamp":"2025-09-19 09:20:30.469",
                    "level": "DEBUG",
                    "thread": "http-nio-8081-exec-18",
                    "class": "o.s.w.s.m.m.a.RequestResponseBodyMethodProcessor",
                    "message": "Writing [com.zbkj.common.response.CommonResult@290be646]" }
                    
{
                    "app": "Crmeb",
                    "timestamp":"2025-09-19 09:20:30.470",
                    "level": "DEBUG",
                    "thread": "http-nio-8081-exec-18",
                    "class": "o.s.web.servlet.DispatcherServlet",
                    "message": "Completed 200 OK" }
                    
{
                    "app": "Crmeb",
                    "timestamp":"2025-09-19 09:57:51.522",
                    "level": "DEBUG",
                    "thread": "main",
                    "class": "o.s.b.c.l.ClasspathLoggingApplicationListener",
                    "message": "Application started with classpath: [jar:file:/E:/2zynt/工作项目/CRMEB-JAVA-ET-V1.2(2025.4.25)/et_java/crmeb-front/target/Crmeb-front.jar!/BOOT-INF/classes!/, jar:file:/E:/2zynt/工作项目/CRMEB-JAVA-ET-V1.2(2025.4.25)/et_java/crmeb-front/target/Crmeb-front.jar!/BOOT-INF/lib/crmeb-service-0.0.1-SNAPSHOT.jar!/, jar:file:/E:/2zynt/工作项目/CRMEB-JAVA-ET-V1.2(2025.4.25)/et_java/crmeb-front/target/Crmeb-front.jar!/BOOT-INF/lib/crmeb-common-0.0.1-SNAPSHOT.jar!/, jar:file:/E:/2zynt/工作项目/CRMEB-JAVA-ET-V1.2(2025.4.25)/et_java/crmeb-front/target/Crmeb-front.jar!/BOOT-INF/lib/javax.servlet-api-4.0.1.jar!/, jar:file:/E:/2zynt/工作项目/CRMEB-JAVA-ET-V1.2(2025.4.25)/et_java/crmeb-front/target/Crmeb-front.jar!/BOOT-INF/lib/jstl-1.2.jar!/, jar:file:/E:/2zynt/工作项目/CRMEB-JAVA-ET-V1.2(2025.4.25)/et_java/crmeb-front/target/Crmeb-front.jar!/BOOT-INF/lib/tomcat-embed-jasper-9.0.33.jar!/, jar:file:/E:/2zynt/工作项目/CRMEB-JAVA-ET-V1.2(2025.4.25)/et_java/crmeb-front/target/Crmeb-front.jar!/BOOT-INF/lib/tomcat-embed-core-9.0.33.jar!/, jar:file:/E:/2zynt/工作项目/CRMEB-JAVA-ET-V1.2(2025.4.25)/et_java/crmeb-front/target/Crmeb-front.jar!/BOOT-INF/lib/tomcat-annotations-api-9.0.33.jar!/, jar:file:/E:/2zynt/工作项目/CRMEB-JAVA-ET-V1.2(2025.4.25)/et_java/crmeb-front/target/Crmeb-front.jar!/BOOT-INF/lib/tomcat-embed-el-9.0.33.jar!/, jar:file:/E:/2zynt/工作项目/CRMEB-JAVA-ET-V1.2(2025.4.25)/et_java/crmeb-front/target/Crmeb-front.jar!/BOOT-INF/lib/ecj-3.18.0.jar!/, jar:file:/E:/2zynt/工作项目/CRMEB-JAVA-ET-V1.2(2025.4.25)/et_java/crmeb-front/target/Crmeb-front.jar!/BOOT-INF/lib/tomcat-jsp-api-9.0.33.jar!/, jar:file:/E:/2zynt/工作项目/CRMEB-JAVA-ET-V1.2(2025.4.25)/et_java/crmeb-front/target/Crmeb-front.jar!/BOOT-INF/lib/tomcat-el-api-9.0.33.jar!/, jar:file:/E:/2zynt/工作项目/CRMEB-JAVA-ET-V1.2(2025.4.25)/et_java/crmeb-front/target/Crmeb-front.jar!/BOOT-INF/lib/tomcat-servlet-api-9.0.33.jar!/, jar:file:/E:/2zynt/工作项目/CRMEB-JAVA-ET-V1.2(2025.4.25)/et_java/crmeb-front/target/Crmeb-front.jar!/BOOT-INF/lib/fastjson-2.0.38.jar!/, jar:file:/E:/2zynt/工作项目/CRMEB-JAVA-ET-V1.2(2025.4.25)/et_java/crmeb-front/target/Crmeb-front.jar!/BOOT-INF/lib/fastjson2-extension-2.0.38.jar!/, jar:file:/E:/2zynt/工作项目/CRMEB-JAVA-ET-V1.2(2025.4.25)/et_java/crmeb-front/target/Crmeb-front.jar!/BOOT-INF/lib/fastjson2-2.0.38.jar!/, jar:file:/E:/2zynt/工作项目/CRMEB-JAVA-ET-V1.2(2025.4.25)/et_java/crmeb-front/target/Crmeb-front.jar!/BOOT-INF/lib/druid-1.1.20.jar!/, jar:file:/E:/2zynt/工作项目/CRMEB-JAVA-ET-V1.2(2025.4.25)/et_java/crmeb-front/target/Crmeb-front.jar!/BOOT-INF/lib/mysql-connector-j-8.0.33.jar!/, jar:file:/E:/2zynt/工作项目/CRMEB-JAVA-ET-V1.2(2025.4.25)/et_java/crmeb-front/target/Crmeb-front.jar!/BOOT-INF/lib/protobuf-java-3.21.9.jar!/, jar:file:/E:/2zynt/工作项目/CRMEB-JAVA-ET-V1.2(2025.4.25)/et_java/crmeb-front/target/Crmeb-front.jar!/BOOT-INF/lib/lombok-1.18.12.jar!/, jar:file:/E:/2zynt/工作项目/CRMEB-JAVA-ET-V1.2(2025.4.25)/et_java/crmeb-front/target/Crmeb-front.jar!/BOOT-INF/lib/mybatis-plus-boot-starter-3.3.1.jar!/, jar:file:/E:/2zynt/工作项目/CRMEB-JAVA-ET-V1.2(2025.4.25)/et_java/crmeb-front/target/Crmeb-front.jar!/BOOT-INF/lib/spring-boot-starter-jdbc-2.2.6.RELEASE.jar!/, jar:file:/E:/2zynt/工作项目/CRMEB-JAVA-ET-V1.2(2025.4.25)/et_java/crmeb-front/target/Crmeb-front.jar!/BOOT-INF/lib/HikariCP-3.4.2.jar!/, jar:file:/E:/2zynt/工作项目/CRMEB-JAVA-ET-V1.2(2025.4.25)/et_java/crmeb-front/target/Crmeb-front.jar!/BOOT-INF/lib/spring-jdbc-5.2.5.RELEASE.jar!/, jar:file:/E:/2zynt/工作项目/CRMEB-JAVA-ET-V1.2(2025.4.25)/et_java/crmeb-front/target/Crmeb-front.jar!/BOOT-INF/lib/spring-boot-test-2.2.6.RELEASE.jar!/, jar:file:/E:/2zynt/工作项目/CRMEB-JAVA-ET-V1.2(2025.4.25)/et_java/crmeb-front/target/Crmeb-front.jar!/BOOT-INF/lib/spring-boot-2.2.6.RELEASE.jar!/, jar:file:/E:/2zynt/工作项目/CRMEB-JAVA-ET-V1.2(2025.4.25)/et_java/crmeb-front/target/Crmeb-front.jar!/BOOT-INF/lib/spring-context-5.2.5.RELEASE.jar!/, jar:file:/E:/2zynt/工作项目/CRMEB-JAVA-ET-V1.2(2025.4.25)/et_java/crmeb-front/target/Crmeb-front.jar!/BOOT-INF/lib/spring-test-5.2.5.RELEASE.jar!/, jar:file:/E:/2zynt/工作项目/CRMEB-JAVA-ET-V1.2(2025.4.25)/et_java/crmeb-front/target/Crmeb-front.jar!/BOOT-INF/lib/spring-core-5.2.5.RELEASE.jar!/, jar:file:/E:/2zynt/工作项目/CRMEB-JAVA-ET-V1.2(2025.4.25)/et_java/crmeb-front/target/Crmeb-front.jar!/BOOT-INF/lib/spring-jcl-5.2.5.RELEASE.jar!/, jar:file:/E:/2zynt/工作项目/CRMEB-JAVA-ET-V1.2(2025.4.25)/et_java/crmeb-front/target/Crmeb-front.jar!/BOOT-INF/lib/mybatis-plus-3.3.1.jar!/, jar:file:/E:/2zynt/工作项目/CRMEB-JAVA-ET-V1.2(2025.4.25)/et_java/crmeb-front/target/Crmeb-front.jar!/BOOT-INF/lib/mybatis-plus-extension-3.3.1.jar!/, jar:file:/E:/2zynt/工作项目/CRMEB-JAVA-ET-V1.2(2025.4.25)/et_java/crmeb-front/target/Crmeb-front.jar!/BOOT-INF/lib/mybatis-plus-core-3.3.1.jar!/, jar:file:/E:/2zynt/工作项目/CRMEB-JAVA-ET-V1.2(2025.4.25)/et_java/crmeb-front/target/Crmeb-front.jar!/BOOT-INF/lib/mybatis-plus-annotation-3.3.1.jar!/, jar:file:/E:/2zynt/工作项目/CRMEB-JAVA-ET-V1.2(2025.4.25)/et_java/crmeb-front/target/Crmeb-front.jar!/BOOT-INF/lib/mybatis-3.5.3.jar!/, jar:file:/E:/2zynt/工作项目/CRMEB-JAVA-ET-V1.2(2025.4.25)/et_java/crmeb-front/target/Crmeb-front.jar!/BOOT-INF/lib/mybatis-spring-2.0.3.jar!/, jar:file:/E:/2zynt/工作项目/CRMEB-JAVA-ET-V1.2(2025.4.25)/et_java/crmeb-front/target/Crmeb-front.jar!/BOOT-INF/lib/mybatis-plus-generator-3.3.1.jar!/, jar:file:/E:/2zynt/工作项目/CRMEB-JAVA-ET-V1.2(2025.4.25)/et_java/crmeb-front/target/Crmeb-front.jar!/BOOT-INF/lib/swagger-annotations-1.5.21.jar!/, jar:file:/E:/2zynt/工作项目/CRMEB-JAVA-ET-V1.2(2025.4.25)/et_java/crmeb-front/target/Crmeb-front.jar!/BOOT-INF/lib/springfox-swagger2-2.9.2.jar!/, jar:file:/E:/2zynt/工作项目/CRMEB-JAVA-ET-V1.2(2025.4.25)/et_java/crmeb-front/target/Crmeb-front.jar!/BOOT-INF/lib/springfox-spi-2.9.2.jar!/, jar:file:/E:/2zynt/工作项目/CRMEB-JAVA-ET-V1.2(2025.4.25)/et_java/crmeb-front/target/Crmeb-front.jar!/BOOT-INF/lib/springfox-core-2.9.2.jar!/, jar:file:/E:/2zynt/工作项目/CRMEB-JAVA-ET-V1.2(2025.4.25)/et_java/crmeb-front/target/Crmeb-front.jar!/BOOT-INF/lib/byte-buddy-1.10.8.jar!/, jar:file:/E:/2zynt/工作项目/CRMEB-JAVA-ET-V1.2(2025.4.25)/et_java/crmeb-front/target/Crmeb-front.jar!/BOOT-INF/lib/springfox-schema-2.9.2.jar!/, jar:file:/E:/2zynt/工作项目/CRMEB-JAVA-ET-V1.2(2025.4.25)/et_java/crmeb-front/target/Crmeb-front.jar!/BOOT-INF/lib/springfox-swagger-common-2.9.2.jar!/, jar:file:/E:/2zynt/工作项目/CRMEB-JAVA-ET-V1.2(2025.4.25)/et_java/crmeb-front/target/Crmeb-front.jar!/BOOT-INF/lib/springfox-spring-web-2.9.2.jar!/, jar:file:/E:/2zynt/工作项目/CRMEB-JAVA-ET-V1.2(2025.4.25)/et_java/crmeb-front/target/Crmeb-front.jar!/BOOT-INF/lib/classmate-1.5.1.jar!/, jar:file:/E:/2zynt/工作项目/CRMEB-JAVA-ET-V1.2(2025.4.25)/et_java/crmeb-front/target/Crmeb-front.jar!/BOOT-INF/lib/slf4j-api-1.7.30.jar!/, jar:file:/E:/2zynt/工作项目/CRMEB-JAVA-ET-V1.2(2025.4.25)/et_java/crmeb-front/target/Crmeb-front.jar!/BOOT-INF/lib/spring-plugin-core-1.2.0.RELEASE.jar!/, jar:file:/E:/2zynt/工作项目/CRMEB-JAVA-ET-V1.2(2025.4.25)/et_java/crmeb-front/target/Crmeb-front.jar!/BOOT-INF/lib/spring-plugin-metadata-1.2.0.RELEASE.jar!/, jar:file:/E:/2zynt/工作项目/CRMEB-JAVA-ET-V1.2(2025.4.25)/et_java/crmeb-front/target/Crmeb-front.jar!/BOOT-INF/lib/mapstruct-1.2.0.Final.jar!/, jar:file:/E:/2zynt/工作项目/CRMEB-JAVA-ET-V1.2(2025.4.25)/et_java/crmeb-front/target/Crmeb-front.jar!/BOOT-INF/lib/swagger-models-1.5.22.jar!/, jar:file:/E:/2zynt/工作项目/CRMEB-JAVA-ET-V1.2(2025.4.25)/et_java/crmeb-front/target/Crmeb-front.jar!/BOOT-INF/lib/jackson-annotations-2.10.3.jar!/, jar:file:/E:/2zynt/工作项目/CRMEB-JAVA-ET-V1.2(2025.4.25)/et_java/crmeb-front/target/Crmeb-front.jar!/BOOT-INF/lib/swagger-bootstrap-ui-1.9.3.jar!/, jar:file:/E:/2zynt/工作项目/CRMEB-JAVA-ET-V1.2(2025.4.25)/et_java/crmeb-front/target/Crmeb-front.jar!/BOOT-INF/lib/spring-boot-autoconfigure-2.2.6.RELEASE.jar!/, jar:file:/E:/2zynt/工作项目/CRMEB-JAVA-ET-V1.2(2025.4.25)/et_java/crmeb-front/target/Crmeb-front.jar!/BOOT-INF/lib/logback-classic-1.2.3.jar!/, jar:file:/E:/2zynt/工作项目/CRMEB-JAVA-ET-V1.2(2025.4.25)/et_java/crmeb-front/target/Crmeb-front.jar!/BOOT-INF/lib/logback-core-1.2.3.jar!/, jar:file:/E:/2zynt/工作项目/CRMEB-JAVA-ET-V1.2(2025.4.25)/et_java/crmeb-front/target/Crmeb-front.jar!/BOOT-INF/lib/logstash-logback-encoder-5.3.jar!/, jar:file:/E:/2zynt/工作项目/CRMEB-JAVA-ET-V1.2(2025.4.25)/et_java/crmeb-front/target/Crmeb-front.jar!/BOOT-INF/lib/jackson-databind-2.10.3.jar!/, jar:file:/E:/2zynt/工作项目/CRMEB-JAVA-ET-V1.2(2025.4.25)/et_java/crmeb-front/target/Crmeb-front.jar!/BOOT-INF/lib/spring-boot-starter-web-2.2.6.RELEASE.jar!/, jar:file:/E:/2zynt/工作项目/CRMEB-JAVA-ET-V1.2(2025.4.25)/et_java/crmeb-front/target/Crmeb-front.jar!/BOOT-INF/lib/spring-boot-starter-2.2.6.RELEASE.jar!/, jar:file:/E:/2zynt/工作项目/CRMEB-JAVA-ET-V1.2(2025.4.25)/et_java/crmeb-front/target/Crmeb-front.jar!/BOOT-INF/lib/spring-boot-starter-logging-2.2.6.RELEASE.jar!/, jar:file:/E:/2zynt/工作项目/CRMEB-JAVA-ET-V1.2(2025.4.25)/et_java/crmeb-front/target/Crmeb-front.jar!/BOOT-INF/lib/log4j-to-slf4j-2.12.1.jar!/, jar:file:/E:/2zynt/工作项目/CRMEB-JAVA-ET-V1.2(2025.4.25)/et_java/crmeb-front/target/Crmeb-front.jar!/BOOT-INF/lib/log4j-api-2.12.1.jar!/, jar:file:/E:/2zynt/工作项目/CRMEB-JAVA-ET-V1.2(2025.4.25)/et_java/crmeb-front/target/Crmeb-front.jar!/BOOT-INF/lib/jul-to-slf4j-1.7.30.jar!/, jar:file:/E:/2zynt/工作项目/CRMEB-JAVA-ET-V1.2(2025.4.25)/et_java/crmeb-front/target/Crmeb-front.jar!/BOOT-INF/lib/jakarta.annotation-api-1.3.5.jar!/, jar:file:/E:/2zynt/工作项目/CRMEB-JAVA-ET-V1.2(2025.4.25)/et_java/crmeb-front/target/Crmeb-front.jar!/BOOT-INF/lib/snakeyaml-1.25.jar!/, jar:file:/E:/2zynt/工作项目/CRMEB-JAVA-ET-V1.2(2025.4.25)/et_java/crmeb-front/target/Crmeb-front.jar!/BOOT-INF/lib/spring-boot-starter-json-2.2.6.RELEASE.jar!/, jar:file:/E:/2zynt/工作项目/CRMEB-JAVA-ET-V1.2(2025.4.25)/et_java/crmeb-front/target/Crmeb-front.jar!/BOOT-INF/lib/jackson-datatype-jdk8-2.10.3.jar!/, jar:file:/E:/2zynt/工作项目/CRMEB-JAVA-ET-V1.2(2025.4.25)/et_java/crmeb-front/target/Crmeb-front.jar!/BOOT-INF/lib/jackson-datatype-jsr310-2.10.3.jar!/, jar:file:/E:/2zynt/工作项目/CRMEB-JAVA-ET-V1.2(2025.4.25)/et_java/crmeb-front/target/Crmeb-front.jar!/BOOT-INF/lib/jackson-module-parameter-names-2.10.3.jar!/, jar:file:/E:/2zynt/工作项目/CRMEB-JAVA-ET-V1.2(2025.4.25)/et_java/crmeb-front/target/Crmeb-front.jar!/BOOT-INF/lib/spring-boot-starter-tomcat-2.2.6.RELEASE.jar!/, jar:file:/E:/2zynt/工作项目/CRMEB-JAVA-ET-V1.2(2025.4.25)/et_java/crmeb-front/target/Crmeb-front.jar!/BOOT-INF/lib/tomcat-embed-websocket-9.0.33.jar!/, jar:file:/E:/2zynt/工作项目/CRMEB-JAVA-ET-V1.2(2025.4.25)/et_java/crmeb-front/target/Crmeb-front.jar!/BOOT-INF/lib/spring-boot-starter-validation-2.2.6.RELEASE.jar!/, jar:file:/E:/2zynt/工作项目/CRMEB-JAVA-ET-V1.2(2025.4.25)/et_java/crmeb-front/target/Crmeb-front.jar!/BOOT-INF/lib/jakarta.validation-api-2.0.2.jar!/, jar:file:/E:/2zynt/工作项目/CRMEB-JAVA-ET-V1.2(2025.4.25)/et_java/crmeb-front/target/Crmeb-front.jar!/BOOT-INF/lib/hibernate-validator-6.0.18.Final.jar!/, jar:file:/E:/2zynt/工作项目/CRMEB-JAVA-ET-V1.2(2025.4.25)/et_java/crmeb-front/target/Crmeb-front.jar!/BOOT-INF/lib/jboss-logging-3.4.1.Final.jar!/, jar:file:/E:/2zynt/工作项目/CRMEB-JAVA-ET-V1.2(2025.4.25)/et_java/crmeb-front/target/Crmeb-front.jar!/BOOT-INF/lib/spring-web-5.2.5.RELEASE.jar!/, jar:file:/E:/2zynt/工作项目/CRMEB-JAVA-ET-V1.2(2025.4.25)/et_java/crmeb-front/target/Crmeb-front.jar!/BOOT-INF/lib/spring-webmvc-5.2.5.RELEASE.jar!/, jar:file:/E:/2zynt/工作项目/CRMEB-JAVA-ET-V1.2(2025.4.25)/et_java/crmeb-front/target/Crmeb-front.jar!/BOOT-INF/lib/spring-expression-5.2.5.RELEASE.jar!/, jar:file:/E:/2zynt/工作项目/CRMEB-JAVA-ET-V1.2(2025.4.25)/et_java/crmeb-front/target/Crmeb-front.jar!/BOOT-INF/lib/spring-boot-starter-data-redis-2.2.0.RELEASE.jar!/, jar:file:/E:/2zynt/工作项目/CRMEB-JAVA-ET-V1.2(2025.4.25)/et_java/crmeb-front/target/Crmeb-front.jar!/BOOT-INF/lib/spring-data-redis-2.2.6.RELEASE.jar!/, jar:file:/E:/2zynt/工作项目/CRMEB-JAVA-ET-V1.2(2025.4.25)/et_java/crmeb-front/target/Crmeb-front.jar!/BOOT-INF/lib/spring-data-keyvalue-2.2.6.RELEASE.jar!/, jar:file:/E:/2zynt/工作项目/CRMEB-JAVA-ET-V1.2(2025.4.25)/et_java/crmeb-front/target/Crmeb-front.jar!/BOOT-INF/lib/spring-tx-5.2.5.RELEASE.jar!/, jar:file:/E:/2zynt/工作项目/CRMEB-JAVA-ET-V1.2(2025.4.25)/et_java/crmeb-front/target/Crmeb-front.jar!/BOOT-INF/lib/spring-oxm-5.2.5.RELEASE.jar!/, jar:file:/E:/2zynt/工作项目/CRMEB-JAVA-ET-V1.2(2025.4.25)/et_java/crmeb-front/target/Crmeb-front.jar!/BOOT-INF/lib/lettuce-core-5.2.2.RELEASE.jar!/, jar:file:/E:/2zynt/工作项目/CRMEB-JAVA-ET-V1.2(2025.4.25)/et_java/crmeb-front/target/Crmeb-front.jar!/BOOT-INF/lib/netty-common-4.1.48.Final.jar!/, jar:file:/E:/2zynt/工作项目/CRMEB-JAVA-ET-V1.2(2025.4.25)/et_java/crmeb-front/target/Crmeb-front.jar!/BOOT-INF/lib/netty-handler-4.1.48.Final.jar!/, jar:file:/E:/2zynt/工作项目/CRMEB-JAVA-ET-V1.2(2025.4.25)/et_java/crmeb-front/target/Crmeb-front.jar!/BOOT-INF/lib/netty-resolver-4.1.48.Final.jar!/, jar:file:/E:/2zynt/工作项目/CRMEB-JAVA-ET-V1.2(2025.4.25)/et_java/crmeb-front/target/Crmeb-front.jar!/BOOT-INF/lib/netty-buffer-4.1.48.Final.jar!/, jar:file:/E:/2zynt/工作项目/CRMEB-JAVA-ET-V1.2(2025.4.25)/et_java/crmeb-front/target/Crmeb-front.jar!/BOOT-INF/lib/netty-codec-4.1.48.Final.jar!/, jar:file:/E:/2zynt/工作项目/CRMEB-JAVA-ET-V1.2(2025.4.25)/et_java/crmeb-front/target/Crmeb-front.jar!/BOOT-INF/lib/netty-transport-4.1.48.Final.jar!/, jar:file:/E:/2zynt/工作项目/CRMEB-JAVA-ET-V1.2(2025.4.25)/et_java/crmeb-front/target/Crmeb-front.jar!/BOOT-INF/lib/reactor-core-3.3.4.RELEASE.jar!/, jar:file:/E:/2zynt/工作项目/CRMEB-JAVA-ET-V1.2(2025.4.25)/et_java/crmeb-front/target/Crmeb-front.jar!/BOOT-INF/lib/reactive-streams-1.0.3.jar!/, jar:file:/E:/2zynt/工作项目/CRMEB-JAVA-ET-V1.2(2025.4.25)/et_java/crmeb-front/target/Crmeb-front.jar!/BOOT-INF/lib/jedis-3.1.0.jar!/, jar:file:/E:/2zynt/工作项目/CRMEB-JAVA-ET-V1.2(2025.4.25)/et_java/crmeb-front/target/Crmeb-front.jar!/BOOT-INF/lib/commons-pool2-2.7.0.jar!/, jar:file:/E:/2zynt/工作项目/CRMEB-JAVA-ET-V1.2(2025.4.25)/et_java/crmeb-front/target/Crmeb-front.jar!/BOOT-INF/lib/pagehelper-spring-boot-starter-1.2.5.jar!/, jar:file:/E:/2zynt/工作项目/CRMEB-JAVA-ET-V1.2(2025.4.25)/et_java/crmeb-front/target/Crmeb-front.jar!/BOOT-INF/lib/mybatis-spring-boot-starter-1.3.2.jar!/, jar:file:/E:/2zynt/工作项目/CRMEB-JAVA-ET-V1.2(2025.4.25)/et_java/crmeb-front/target/Crmeb-front.jar!/BOOT-INF/lib/mybatis-spring-boot-autoconfigure-1.3.2.jar!/, jar:file:/E:/2zynt/工作项目/CRMEB-JAVA-ET-V1.2(2025.4.25)/et_java/crmeb-front/target/Crmeb-front.jar!/BOOT-INF/lib/pagehelper-spring-boot-autoconfigure-1.2.5.jar!/, jar:file:/E:/2zynt/工作项目/CRMEB-JAVA-ET-V1.2(2025.4.25)/et_java/crmeb-front/target/Crmeb-front.jar!/BOOT-INF/lib/pagehelper-5.1.4.jar!/, jar:file:/E:/2zynt/工作项目/CRMEB-JAVA-ET-V1.2(2025.4.25)/et_java/crmeb-front/target/Crmeb-front.jar!/BOOT-INF/lib/jsqlparser-1.0.jar!/, jar:file:/E:/2zynt/工作项目/CRMEB-JAVA-ET-V1.2(2025.4.25)/et_java/crmeb-front/target/Crmeb-front.jar!/BOOT-INF/lib/validation-api-1.1.0.Final.jar!/, jar:file:/E:/2zynt/工作项目/CRMEB-JAVA-ET-V1.2(2025.4.25)/et_java/crmeb-front/target/Crmeb-front.jar!/BOOT-INF/lib/spring-data-commons-2.2.6.RELEASE.jar!/, jar:file:/E:/2zynt/工作项目/CRMEB-JAVA-ET-V1.2(2025.4.25)/et_java/crmeb-front/target/Crmeb-front.jar!/BOOT-INF/lib/spring-beans-5.2.5.RELEASE.jar!/, jar:file:/E:/2zynt/工作项目/CRMEB-JAVA-ET-V1.2(2025.4.25)/et_java/crmeb-front/target/Crmeb-front.jar!/BOOT-INF/lib/hutool-all-4.5.7.jar!/, jar:file:/E:/2zynt/工作项目/CRMEB-JAVA-ET-V1.2(2025.4.25)/et_java/crmeb-front/target/Crmeb-front.jar!/BOOT-INF/lib/spring-boot-starter-actuator-2.2.6.RELEASE.jar!/, jar:file:/E:/2zynt/工作项目/CRMEB-JAVA-ET-V1.2(2025.4.25)/et_java/crmeb-front/target/Crmeb-front.jar!/BOOT-INF/lib/spring-boot-actuator-autoconfigure-2.2.6.RELEASE.jar!/, jar:file:/E:/2zynt/工作项目/CRMEB-JAVA-ET-V1.2(2025.4.25)/et_java/crmeb-front/target/Crmeb-front.jar!/BOOT-INF/lib/spring-boot-actuator-2.2.6.RELEASE.jar!/, jar:file:/E:/2zynt/工作项目/CRMEB-JAVA-ET-V1.2(2025.4.25)/et_java/crmeb-front/target/Crmeb-front.jar!/BOOT-INF/lib/micrometer-core-1.3.6.jar!/, jar:file:/E:/2zynt/工作项目/CRMEB-JAVA-ET-V1.2(2025.4.25)/et_java/crmeb-front/target/Crmeb-front.jar!/BOOT-INF/lib/HdrHistogram-2.1.11.jar!/, jar:file:/E:/2zynt/工作项目/CRMEB-JAVA-ET-V1.2(2025.4.25)/et_java/crmeb-front/target/Crmeb-front.jar!/BOOT-INF/lib/LatencyUtils-2.0.3.jar!/, jar:file:/E:/2zynt/工作项目/CRMEB-JAVA-ET-V1.2(2025.4.25)/et_java/crmeb-front/target/Crmeb-front.jar!/BOOT-INF/lib/httpclient-4.5.6.jar!/, jar:file:/E:/2zynt/工作项目/CRMEB-JAVA-ET-V1.2(2025.4.25)/et_java/crmeb-front/target/Crmeb-front.jar!/BOOT-INF/lib/httpcore-4.4.13.jar!/, jar:file:/E:/2zynt/工作项目/CRMEB-JAVA-ET-V1.2(2025.4.25)/et_java/crmeb-front/target/Crmeb-front.jar!/BOOT-INF/lib/commons-logging-1.2.jar!/, jar:file:/E:/2zynt/工作项目/CRMEB-JAVA-ET-V1.2(2025.4.25)/et_java/crmeb-front/target/Crmeb-front.jar!/BOOT-INF/lib/commons-codec-1.13.jar!/, jar:file:/E:/2zynt/工作项目/CRMEB-JAVA-ET-V1.2(2025.4.25)/et_java/crmeb-front/target/Crmeb-front.jar!/BOOT-INF/lib/spring-boot-starter-aop-2.2.6.RELEASE.jar!/, jar:file:/E:/2zynt/工作项目/CRMEB-JAVA-ET-V1.2(2025.4.25)/et_java/crmeb-front/target/Crmeb-front.jar!/BOOT-INF/lib/spring-aop-5.2.5.RELEASE.jar!/, jar:file:/E:/2zynt/工作项目/CRMEB-JAVA-ET-V1.2(2025.4.25)/et_java/crmeb-front/target/Crmeb-front.jar!/BOOT-INF/lib/aspectjweaver-1.9.5.jar!/, jar:file:/E:/2zynt/工作项目/CRMEB-JAVA-ET-V1.2(2025.4.25)/et_java/crmeb-front/target/Crmeb-front.jar!/BOOT-INF/lib/commons-lang3-3.10.jar!/, jar:file:/E:/2zynt/工作项目/CRMEB-JAVA-ET-V1.2(2025.4.25)/et_java/crmeb-front/target/Crmeb-front.jar!/BOOT-INF/lib/poi-3.17.jar!/, jar:file:/E:/2zynt/工作项目/CRMEB-JAVA-ET-V1.2(2025.4.25)/et_java/crmeb-front/target/Crmeb-front.jar!/BOOT-INF/lib/commons-collections4-4.1.jar!/, jar:file:/E:/2zynt/工作项目/CRMEB-JAVA-ET-V1.2(2025.4.25)/et_java/crmeb-front/target/Crmeb-front.jar!/BOOT-INF/lib/poi-ooxml-3.17.jar!/, jar:file:/E:/2zynt/工作项目/CRMEB-JAVA-ET-V1.2(2025.4.25)/et_java/crmeb-front/target/Crmeb-front.jar!/BOOT-INF/lib/poi-ooxml-schemas-3.17.jar!/, jar:file:/E:/2zynt/工作项目/CRMEB-JAVA-ET-V1.2(2025.4.25)/et_java/crmeb-front/target/Crmeb-front.jar!/BOOT-INF/lib/xmlbeans-2.6.0.jar!/, jar:file:/E:/2zynt/工作项目/CRMEB-JAVA-ET-V1.2(2025.4.25)/et_java/crmeb-front/target/Crmeb-front.jar!/BOOT-INF/lib/curvesapi-1.04.jar!/, jar:file:/E:/2zynt/工作项目/CRMEB-JAVA-ET-V1.2(2025.4.25)/et_java/crmeb-front/target/Crmeb-front.jar!/BOOT-INF/lib/commons-fileupload-1.3.3.jar!/, jar:file:/E:/2zynt/工作项目/CRMEB-JAVA-ET-V1.2(2025.4.25)/et_java/crmeb-front/target/Crmeb-front.jar!/BOOT-INF/lib/commons-io-2.4.jar!/, jar:file:/E:/2zynt/工作项目/CRMEB-JAVA-ET-V1.2(2025.4.25)/et_java/crmeb-front/target/Crmeb-front.jar!/BOOT-INF/lib/aliyun-sdk-oss-3.5.0.jar!/, jar:file:/E:/2zynt/工作项目/CRMEB-JAVA-ET-V1.2(2025.4.25)/et_java/crmeb-front/target/Crmeb-front.jar!/BOOT-INF/lib/jdom-1.1.jar!/, jar:file:/E:/2zynt/工作项目/CRMEB-JAVA-ET-V1.2(2025.4.25)/et_java/crmeb-front/target/Crmeb-front.jar!/BOOT-INF/lib/jettison-1.1.jar!/, jar:file:/E:/2zynt/工作项目/CRMEB-JAVA-ET-V1.2(2025.4.25)/et_java/crmeb-front/target/Crmeb-front.jar!/BOOT-INF/lib/stax-api-1.0.1.jar!/, jar:file:/E:/2zynt/工作项目/CRMEB-JAVA-ET-V1.2(2025.4.25)/et_java/crmeb-front/target/Crmeb-front.jar!/BOOT-INF/lib/aliyun-java-sdk-core-3.4.0.jar!/, jar:file:/E:/2zynt/工作项目/CRMEB-JAVA-ET-V1.2(2025.4.25)/et_java/crmeb-front/target/Crmeb-front.jar!/BOOT-INF/lib/aliyun-java-sdk-ram-3.0.0.jar!/, jar:file:/E:/2zynt/工作项目/CRMEB-JAVA-ET-V1.2(2025.4.25)/et_java/crmeb-front/target/Crmeb-front.jar!/BOOT-INF/lib/aliyun-java-sdk-sts-3.0.0.jar!/, jar:file:/E:/2zynt/工作项目/CRMEB-JAVA-ET-V1.2(2025.4.25)/et_java/crmeb-front/target/Crmeb-front.jar!/BOOT-INF/lib/aliyun-java-sdk-ecs-4.2.0.jar!/, jar:file:/E:/2zynt/工作项目/CRMEB-JAVA-ET-V1.2(2025.4.25)/et_java/crmeb-front/target/Crmeb-front.jar!/BOOT-INF/lib/cos_api-5.6.22.jar!/, jar:file:/E:/2zynt/工作项目/CRMEB-JAVA-ET-V1.2(2025.4.25)/et_java/crmeb-front/target/Crmeb-front.jar!/BOOT-INF/lib/joda-time-2.10.5.jar!/, jar:file:/E:/2zynt/工作项目/CRMEB-JAVA-ET-V1.2(2025.4.25)/et_java/crmeb-front/target/Crmeb-front.jar!/BOOT-INF/lib/bcprov-jdk15on-1.64.jar!/, jar:file:/E:/2zynt/工作项目/CRMEB-JAVA-ET-V1.2(2025.4.25)/et_java/crmeb-front/target/Crmeb-front.jar!/BOOT-INF/lib/qiniu-java-sdk-7.2.28.jar!/, jar:file:/E:/2zynt/工作项目/CRMEB-JAVA-ET-V1.2(2025.4.25)/et_java/crmeb-front/target/Crmeb-front.jar!/BOOT-INF/lib/okhttp-3.14.7.jar!/, jar:file:/E:/2zynt/工作项目/CRMEB-JAVA-ET-V1.2(2025.4.25)/et_java/crmeb-front/target/Crmeb-front.jar!/BOOT-INF/lib/okio-1.17.2.jar!/, jar:file:/E:/2zynt/工作项目/CRMEB-JAVA-ET-V1.2(2025.4.25)/et_java/crmeb-front/target/Crmeb-front.jar!/BOOT-INF/lib/gson-2.8.6.jar!/, jar:file:/E:/2zynt/工作项目/CRMEB-JAVA-ET-V1.2(2025.4.25)/et_java/crmeb-front/target/Crmeb-front.jar!/BOOT-INF/lib/dom4j-1.6.1.jar!/, jar:file:/E:/2zynt/工作项目/CRMEB-JAVA-ET-V1.2(2025.4.25)/et_java/crmeb-front/target/Crmeb-front.jar!/BOOT-INF/lib/xml-apis-1.0.b2.jar!/, jar:file:/E:/2zynt/工作项目/CRMEB-JAVA-ET-V1.2(2025.4.25)/et_java/crmeb-front/target/Crmeb-front.jar!/BOOT-INF/lib/xstream-1.4.10.jar!/, jar:file:/E:/2zynt/工作项目/CRMEB-JAVA-ET-V1.2(2025.4.25)/et_java/crmeb-front/target/Crmeb-front.jar!/BOOT-INF/lib/xmlpull-1.1.3.1.jar!/, jar:file:/E:/2zynt/工作项目/CRMEB-JAVA-ET-V1.2(2025.4.25)/et_java/crmeb-front/target/Crmeb-front.jar!/BOOT-INF/lib/xpp3_min-1.1.4c.jar!/, jar:file:/E:/2zynt/工作项目/CRMEB-JAVA-ET-V1.2(2025.4.25)/et_java/crmeb-front/target/Crmeb-front.jar!/BOOT-INF/lib/httpmime-4.5.2.jar!/, jar:file:/E:/2zynt/工作项目/CRMEB-JAVA-ET-V1.2(2025.4.25)/et_java/crmeb-front/target/Crmeb-front.jar!/BOOT-INF/lib/jjwt-0.9.1.jar!/, jar:file:/E:/2zynt/工作项目/CRMEB-JAVA-ET-V1.2(2025.4.25)/et_java/crmeb-front/target/Crmeb-front.jar!/BOOT-INF/lib/jwks-rsa-0.9.0.jar!/, jar:file:/E:/2zynt/工作项目/CRMEB-JAVA-ET-V1.2(2025.4.25)/et_java/crmeb-front/target/Crmeb-front.jar!/BOOT-INF/lib/spring-boot-starter-security-2.2.6.RELEASE.jar!/, jar:file:/E:/2zynt/工作项目/CRMEB-JAVA-ET-V1.2(2025.4.25)/et_java/crmeb-front/target/Crmeb-front.jar!/BOOT-INF/lib/spring-security-config-5.2.2.RELEASE.jar!/, jar:file:/E:/2zynt/工作项目/CRMEB-JAVA-ET-V1.2(2025.4.25)/et_java/crmeb-front/target/Crmeb-front.jar!/BOOT-INF/lib/spring-security-core-5.2.2.RELEASE.jar!/, jar:file:/E:/2zynt/工作项目/CRMEB-JAVA-ET-V1.2(2025.4.25)/et_java/crmeb-front/target/Crmeb-front.jar!/BOOT-INF/lib/spring-security-web-5.2.2.RELEASE.jar!/, jar:file:/E:/2zynt/工作项目/CRMEB-JAVA-ET-V1.2(2025.4.25)/et_java/crmeb-front/target/Crmeb-front.jar!/BOOT-INF/lib/spring-boot-starter-mail-2.2.6.RELEASE.jar!/, jar:file:/E:/2zynt/工作项目/CRMEB-JAVA-ET-V1.2(2025.4.25)/et_java/crmeb-front/target/Crmeb-front.jar!/BOOT-INF/lib/spring-context-support-5.2.5.RELEASE.jar!/, jar:file:/E:/2zynt/工作项目/CRMEB-JAVA-ET-V1.2(2025.4.25)/et_java/crmeb-front/target/Crmeb-front.jar!/BOOT-INF/lib/jakarta.mail-1.6.5.jar!/, jar:file:/E:/2zynt/工作项目/CRMEB-JAVA-ET-V1.2(2025.4.25)/et_java/crmeb-front/target/Crmeb-front.jar!/BOOT-INF/lib/jakarta.activation-1.2.2.jar!/, jar:file:/E:/2zynt/工作项目/CRMEB-JAVA-ET-V1.2(2025.4.25)/et_java/crmeb-front/target/Crmeb-front.jar!/BOOT-INF/lib/checkout-sdk-1.0.4.jar!/, jar:file:/E:/2zynt/工作项目/CRMEB-JAVA-ET-V1.2(2025.4.25)/et_java/crmeb-front/target/Crmeb-front.jar!/BOOT-INF/lib/paypalhttp-1.0.2.jar!/, jar:file:/E:/2zynt/工作项目/CRMEB-JAVA-ET-V1.2(2025.4.25)/et_java/crmeb-front/target/Crmeb-front.jar!/BOOT-INF/lib/dysmsapi20170525-2.0.8.jar!/, jar:file:/E:/2zynt/工作项目/CRMEB-JAVA-ET-V1.2(2025.4.25)/et_java/crmeb-front/target/Crmeb-front.jar!/BOOT-INF/lib/tea-util-0.2.13.jar!/, jar:file:/E:/2zynt/工作项目/CRMEB-JAVA-ET-V1.2(2025.4.25)/et_java/crmeb-front/target/Crmeb-front.jar!/BOOT-INF/lib/endpoint-util-0.0.6.jar!/, jar:file:/E:/2zynt/工作项目/CRMEB-JAVA-ET-V1.2(2025.4.25)/et_java/crmeb-front/target/Crmeb-front.jar!/BOOT-INF/lib/tea-1.1.14.jar!/, jar:file:/E:/2zynt/工作项目/CRMEB-JAVA-ET-V1.2(2025.4.25)/et_java/crmeb-front/target/Crmeb-front.jar!/BOOT-INF/lib/org.jacoco.agent-0.8.4-runtime.jar!/, jar:file:/E:/2zynt/工作项目/CRMEB-JAVA-ET-V1.2(2025.4.25)/et_java/crmeb-front/target/Crmeb-front.jar!/BOOT-INF/lib/tea-openapi-0.1.6.jar!/, jar:file:/E:/2zynt/工作项目/CRMEB-JAVA-ET-V1.2(2025.4.25)/et_java/crmeb-front/target/Crmeb-front.jar!/BOOT-INF/lib/credentials-java-0.2.4.jar!/, jar:file:/E:/2zynt/工作项目/CRMEB-JAVA-ET-V1.2(2025.4.25)/et_java/crmeb-front/target/Crmeb-front.jar!/BOOT-INF/lib/ini4j-0.5.4.jar!/, jar:file:/E:/2zynt/工作项目/CRMEB-JAVA-ET-V1.2(2025.4.25)/et_java/crmeb-front/target/Crmeb-front.jar!/BOOT-INF/lib/jaxb-api-2.3.1.jar!/, jar:file:/E:/2zynt/工作项目/CRMEB-JAVA-ET-V1.2(2025.4.25)/et_java/crmeb-front/target/Crmeb-front.jar!/BOOT-INF/lib/javax.activation-api-1.2.0.jar!/, jar:file:/E:/2zynt/工作项目/CRMEB-JAVA-ET-V1.2(2025.4.25)/et_java/crmeb-front/target/Crmeb-front.jar!/BOOT-INF/lib/jaxb-core-2.3.0.jar!/, jar:file:/E:/2zynt/工作项目/CRMEB-JAVA-ET-V1.2(2025.4.25)/et_java/crmeb-front/target/Crmeb-front.jar!/BOOT-INF/lib/jaxb-impl-2.3.0.jar!/, jar:file:/E:/2zynt/工作项目/CRMEB-JAVA-ET-V1.2(2025.4.25)/et_java/crmeb-front/target/Crmeb-front.jar!/BOOT-INF/lib/openapiutil-0.1.13.jar!/, jar:file:/E:/2zynt/工作项目/CRMEB-JAVA-ET-V1.2(2025.4.25)/et_java/crmeb-front/target/Crmeb-front.jar!/BOOT-INF/lib/sdk-core-java-1.1.7.jar!/, jar:file:/E:/2zynt/工作项目/CRMEB-JAVA-ET-V1.2(2025.4.25)/et_java/crmeb-front/target/Crmeb-front.jar!/BOOT-INF/lib/juniversalchardet-1.0.3.jar!/, jar:file:/E:/2zynt/工作项目/CRMEB-JAVA-ET-V1.2(2025.4.25)/et_java/crmeb-front/target/Crmeb-front.jar!/BOOT-INF/lib/plexus-digest-1.0.jar!/, jar:file:/E:/2zynt/工作项目/CRMEB-JAVA-ET-V1.2(2025.4.25)/et_java/crmeb-front/target/Crmeb-front.jar!/BOOT-INF/lib/plexus-container-default-1.0-alpha-8.jar!/, jar:file:/E:/2zynt/工作项目/CRMEB-JAVA-ET-V1.2(2025.4.25)/et_java/crmeb-front/target/Crmeb-front.jar!/BOOT-INF/lib/plexus-utils-1.0.4.jar!/, jar:file:/E:/2zynt/工作项目/CRMEB-JAVA-ET-V1.2(2025.4.25)/et_java/crmeb-front/target/Crmeb-front.jar!/BOOT-INF/lib/classworlds-1.1-alpha-2.jar!/, jar:file:/E:/2zynt/工作项目/CRMEB-JAVA-ET-V1.2(2025.4.25)/et_java/crmeb-front/target/Crmeb-front.jar!/BOOT-INF/lib/stripe-java-20.124.0.jar!/, jar:file:/E:/2zynt/工作项目/CRMEB-JAVA-ET-V1.2(2025.4.25)/et_java/crmeb-front/target/Crmeb-front.jar!/BOOT-INF/lib/weixin-java-pay-4.5.0.jar!/, jar:file:/E:/2zynt/工作项目/CRMEB-JAVA-ET-V1.2(2025.4.25)/et_java/crmeb-front/target/Crmeb-front.jar!/BOOT-INF/lib/weixin-java-common-4.5.0.jar!/, jar:file:/E:/2zynt/工作项目/CRMEB-JAVA-ET-V1.2(2025.4.25)/et_java/crmeb-front/target/Crmeb-front.jar!/BOOT-INF/lib/jcl-over-slf4j-1.7.30.jar!/, jar:file:/E:/2zynt/工作项目/CRMEB-JAVA-ET-V1.2(2025.4.25)/et_java/crmeb-front/target/Crmeb-front.jar!/BOOT-INF/lib/dom4j-2.1.3.jar!/, jar:file:/E:/2zynt/工作项目/CRMEB-JAVA-ET-V1.2(2025.4.25)/et_java/crmeb-front/target/Crmeb-front.jar!/BOOT-INF/lib/qrcode-utils-1.1.jar!/, jar:file:/E:/2zynt/工作项目/CRMEB-JAVA-ET-V1.2(2025.4.25)/et_java/crmeb-front/target/Crmeb-front.jar!/BOOT-INF/lib/bcpkix-jdk15on-1.68.jar!/, jar:file:/E:/2zynt/工作项目/CRMEB-JAVA-ET-V1.2(2025.4.25)/et_java/crmeb-front/target/Crmeb-front.jar!/BOOT-INF/lib/jodd-http-6.2.1.jar!/, jar:file:/E:/2zynt/工作项目/CRMEB-JAVA-ET-V1.2(2025.4.25)/et_java/crmeb-front/target/Crmeb-front.jar!/BOOT-INF/lib/jodd-util-6.1.0.jar!/, jar:file:/E:/2zynt/工作项目/CRMEB-JAVA-ET-V1.2(2025.4.25)/et_java/crmeb-front/target/Crmeb-front.jar!/BOOT-INF/lib/javase-3.3.3.jar!/, jar:file:/E:/2zynt/工作项目/CRMEB-JAVA-ET-V1.2(2025.4.25)/et_java/crmeb-front/target/Crmeb-front.jar!/BOOT-INF/lib/core-3.3.3.jar!/, jar:file:/E:/2zynt/工作项目/CRMEB-JAVA-ET-V1.2(2025.4.25)/et_java/crmeb-front/target/Crmeb-front.jar!/BOOT-INF/lib/jcommander-1.72.jar!/, jar:file:/E:/2zynt/工作项目/CRMEB-JAVA-ET-V1.2(2025.4.25)/et_java/crmeb-front/target/Crmeb-front.jar!/BOOT-INF/lib/jai-imageio-core-1.4.0.jar!/, jar:file:/E:/2zynt/工作项目/CRMEB-JAVA-ET-V1.2(2025.4.25)/et_java/crmeb-front/target/Crmeb-front.jar!/BOOT-INF/lib/google-api-client-1.30.10.jar!/, jar:file:/E:/2zynt/工作项目/CRMEB-JAVA-ET-V1.2(2025.4.25)/et_java/crmeb-front/target/Crmeb-front.jar!/BOOT-INF/lib/google-oauth-client-1.31.0.jar!/, jar:file:/E:/2zynt/工作项目/CRMEB-JAVA-ET-V1.2(2025.4.25)/et_java/crmeb-front/target/Crmeb-front.jar!/BOOT-INF/lib/google-http-client-1.35.0.jar!/, jar:file:/E:/2zynt/工作项目/CRMEB-JAVA-ET-V1.2(2025.4.25)/et_java/crmeb-front/target/Crmeb-front.jar!/BOOT-INF/lib/opencensus-api-0.24.0.jar!/, jar:file:/E:/2zynt/工作项目/CRMEB-JAVA-ET-V1.2(2025.4.25)/et_java/crmeb-front/target/Crmeb-front.jar!/BOOT-INF/lib/grpc-context-1.22.1.jar!/, jar:file:/E:/2zynt/工作项目/CRMEB-JAVA-ET-V1.2(2025.4.25)/et_java/crmeb-front/target/Crmeb-front.jar!/BOOT-INF/lib/opencensus-contrib-http-util-0.24.0.jar!/, jar:file:/E:/2zynt/工作项目/CRMEB-JAVA-ET-V1.2(2025.4.25)/et_java/crmeb-front/target/Crmeb-front.jar!/BOOT-INF/lib/jsr305-3.0.2.jar!/, jar:file:/E:/2zynt/工作项目/CRMEB-JAVA-ET-V1.2(2025.4.25)/et_java/crmeb-front/target/Crmeb-front.jar!/BOOT-INF/lib/google-http-client-jackson2-1.36.0.jar!/, jar:file:/E:/2zynt/工作项目/CRMEB-JAVA-ET-V1.2(2025.4.25)/et_java/crmeb-front/target/Crmeb-front.jar!/BOOT-INF/lib/jackson-core-2.10.3.jar!/, jar:file:/E:/2zynt/工作项目/CRMEB-JAVA-ET-V1.2(2025.4.25)/et_java/crmeb-front/target/Crmeb-front.jar!/BOOT-INF/lib/guava-29.0-android.jar!/, jar:file:/E:/2zynt/工作项目/CRMEB-JAVA-ET-V1.2(2025.4.25)/et_java/crmeb-front/target/Crmeb-front.jar!/BOOT-INF/lib/failureaccess-1.0.1.jar!/, jar:file:/E:/2zynt/工作项目/CRMEB-JAVA-ET-V1.2(2025.4.25)/et_java/crmeb-front/target/Crmeb-front.jar!/BOOT-INF/lib/listenablefuture-9999.0-empty-to-avoid-conflict-with-guava.jar!/, jar:file:/E:/2zynt/工作项目/CRMEB-JAVA-ET-V1.2(2025.4.25)/et_java/crmeb-front/target/Crmeb-front.jar!/BOOT-INF/lib/checker-compat-qual-2.5.5.jar!/, jar:file:/E:/2zynt/工作项目/CRMEB-JAVA-ET-V1.2(2025.4.25)/et_java/crmeb-front/target/Crmeb-front.jar!/BOOT-INF/lib/error_prone_annotations-2.3.4.jar!/, jar:file:/E:/2zynt/工作项目/CRMEB-JAVA-ET-V1.2(2025.4.25)/et_java/crmeb-front/target/Crmeb-front.jar!/BOOT-INF/lib/j2objc-annotations-1.3.jar!/, jar:file:/E:/2zynt/工作项目/CRMEB-JAVA-ET-V1.2(2025.4.25)/et_java/crmeb-front/target/Crmeb-front.jar!/BOOT-INF/lib/twitter4j-core-4.0.7.jar!/, jar:file:/E:/2zynt/工作项目/CRMEB-JAVA-ET-V1.2(2025.4.25)/et_java/crmeb-front/target/Crmeb-front.jar!/BOOT-INF/lib/spring-boot-jarmode-layertools-2.6.6.jar!/]" }
                    
{
                    "app": "Crmeb",
                    "timestamp":"2025-09-19 09:57:51.622",
                    "level": "DEBUG",
                    "thread": "main",
                    "class": "o.springframework.boot.SpringApplication",
                    "message": "Loading source class com.zbkj.front.CrmebFrontApplication" }
                    
{
                    "app": "Crmeb",
                    "timestamp":"2025-09-19 09:57:51.664",
                    "level": "DEBUG",
                    "thread": "main",
                    "class": "o.s.b.c.c.ConfigFileApplicationListener",
                    "message": "Loaded config file 'jar:file:/E:/2zynt/%E5%B7%A5%E4%BD%9C%E9%A1%B9%E7%9B%AE/CRMEB-JAVA-ET-V1.2(2025.4.25)/et_java/crmeb-front/target/Crmeb-front.jar!/BOOT-INF/classes!/application.yml' (classpath:/application.yml)" }
                    
{
                    "app": "Crmeb",
                    "timestamp":"2025-09-19 09:57:51.665",
                    "level": "DEBUG",
                    "thread": "main",
                    "class": "o.s.b.w.s.c.AnnotationConfigServletWebServerApplicationContext",
                    "message": "Refreshing org.springframework.boot.web.servlet.context.AnnotationConfigServletWebServerApplicationContext@457e2f02" }
                    
{
                    "app": "Crmeb",
                    "timestamp":"2025-09-19 09:57:53.614",
                    "level": "DEBUG",
                    "thread": "main",
                    "class": "o.s.b.w.e.t.TomcatServletWebServerFactory",
                    "message": "Code archive: E:\2zynt\工作项目\CRMEB-JAVA-ET-V1.2(2025.4.25)\et_java\crmeb-front\target\Crmeb-front.jar" }
                    
{
                    "app": "Crmeb",
                    "timestamp":"2025-09-19 09:57:53.614",
                    "level": "DEBUG",
                    "thread": "main",
                    "class": "o.s.b.w.e.t.TomcatServletWebServerFactory",
                    "message": "Code archive: E:\2zynt\工作项目\CRMEB-JAVA-ET-V1.2(2025.4.25)\et_java\crmeb-front\target\Crmeb-front.jar" }
                    
{
                    "app": "Crmeb",
                    "timestamp":"2025-09-19 09:57:53.616",
                    "level": "DEBUG",
                    "thread": "main",
                    "class": "o.s.b.w.e.t.TomcatServletWebServerFactory",
                    "message": "None of the document roots [src/main/webapp, public, static] point to a directory and will be ignored." }
                    
{
                    "app": "Crmeb",
                    "timestamp":"2025-09-19 09:57:54.075",
                    "level": "DEBUG",
                    "thread": "main",
                    "class": "o.s.web.context.ContextLoader",
                    "message": "Published root WebApplicationContext as ServletContext attribute with name [org.springframework.web.context.WebApplicationContext.ROOT]" }
                    
{
                    "app": "Crmeb",
                    "timestamp":"2025-09-19 09:57:54.427",
                    "level": "DEBUG",
                    "thread": "main",
                    "class": "o.s.b.w.s.ServletContextInitializerBeans",
                    "message": "Mapping filters: filterRegistrationBean urls=[/*] order=-2147483647, springSecurityFilterChain urls=[/*] order=-100, filterRegistrationBean urls=[/*] order=2147483647, filterRegistrationBean urls=[/*] order=2147483647, characterEncodingFilter urls=[/*] order=-2147483648, formContentFilter urls=[/*] order=-9900, requestContextFilter urls=[/*] order=-105, corsFilter urls=[/*] order=2147483647" }
                    
{
                    "app": "Crmeb",
                    "timestamp":"2025-09-19 09:57:54.429",
                    "level": "DEBUG",
                    "thread": "main",
                    "class": "o.s.b.w.s.ServletContextInitializerBeans",
                    "message": "Mapping servlets: statViewServlet urls=[/druid/*], dispatcherServlet urls=[/]" }
                    
{
                    "app": "Crmeb",
                    "timestamp":"2025-09-19 09:57:54.454",
                    "level": "DEBUG",
                    "thread": "main",
                    "class": "o.s.b.a.m.w.servlet.WebMvcMetricsFilter",
                    "message": "Filter 'webMvcMetricsFilter' configured for use" }
                    
{
                    "app": "Crmeb",
                    "timestamp":"2025-09-19 09:57:54.455",
                    "level": "DEBUG",
                    "thread": "main",
                    "class": "o.s.b.w.s.f.OrderedRequestContextFilter",
                    "message": "Filter 'requestContextFilter' configured for use" }
                    
{
                    "app": "Crmeb",
                    "timestamp":"2025-09-19 09:57:54.456",
                    "level": "DEBUG",
                    "thread": "main",
                    "class": "o.springframework.web.filter.CorsFilter",
                    "message": "Filter 'corsFilter' configured for use" }
                    
{
                    "app": "Crmeb",
                    "timestamp":"2025-09-19 09:57:54.456",
                    "level": "DEBUG",
                    "thread": "main",
                    "class": "o.s.b.w.s.f.OrderedCharacterEncodingFilter",
                    "message": "Filter 'characterEncodingFilter' configured for use" }
                    
{
                    "app": "Crmeb",
                    "timestamp":"2025-09-19 09:57:54.456",
                    "level": "DEBUG",
                    "thread": "main",
                    "class": "o.s.b.w.s.DelegatingFilterProxyRegistrationBean$1",
                    "message": "Filter 'springSecurityFilterChain' configured for use" }
                    
{
                    "app": "Crmeb",
                    "timestamp":"2025-09-19 09:57:54.457",
                    "level": "DEBUG",
                    "thread": "main",
                    "class": "o.s.b.w.s.f.OrderedFormContentFilter",
                    "message": "Filter 'formContentFilter' configured for use" }
                    
{
                    "app": "Crmeb",
                    "timestamp":"2025-09-19 09:58:07.538",
                    "level": "DEBUG",
                    "thread": "main",
                    "class": "o.s.w.s.m.m.a.RequestMappingHandlerMapping",
                    "message": "151 mappings in 'requestMappingHandlerMapping'" }
                    
{
                    "app": "Crmeb",
                    "timestamp":"2025-09-19 09:58:07.872",
                    "level": "DEBUG",
                    "thread": "main",
                    "class": "o.s.w.s.m.m.a.RequestMappingHandlerAdapter",
                    "message": "ControllerAdvice beans: 0 @ModelAttribute, 0 @InitBinder, 1 RequestBodyAdvice, 1 ResponseBodyAdvice" }
                    
{
                    "app": "Crmeb",
                    "timestamp":"2025-09-19 09:58:07.938",
                    "level": "DEBUG",
                    "thread": "main",
                    "class": "o.s.w.s.handler.SimpleUrlHandlerMapping",
                    "message": "Patterns [/webjars/**, /**, /doc.html] in 'resourceHandlerMapping'" }
                    
{
                    "app": "Crmeb",
                    "timestamp":"2025-09-19 09:58:07.951",
                    "level": "DEBUG",
                    "thread": "main",
                    "class": "o.s.w.s.m.m.a.ExceptionHandlerExceptionResolver",
                    "message": "ControllerAdvice beans: 1 @ExceptionHandler, 1 ResponseBodyAdvice" }
                    
{
                    "app": "Crmeb",
                    "timestamp":"2025-09-19 09:58:58.418",
                    "level": "DEBUG",
                    "thread": "http-nio-8081-exec-3",
                    "class": "o.s.web.servlet.DispatcherServlet",
                    "message": "Detected StandardServletMultipartResolver" }
                    
{
                    "app": "Crmeb",
                    "timestamp":"2025-09-19 09:58:58.418",
                    "level": "DEBUG",
                    "thread": "http-nio-8081-exec-3",
                    "class": "o.s.web.servlet.DispatcherServlet",
                    "message": "Detected I18nLocaleResolver" }
                    
{
                    "app": "Crmeb",
                    "timestamp":"2025-09-19 09:58:58.423",
                    "level": "DEBUG",
                    "thread": "http-nio-8081-exec-3",
                    "class": "o.s.web.servlet.DispatcherServlet",
                    "message": "enableLoggingRequestDetails='false': request parameters and headers will be masked to prevent unsafe logging of potentially sensitive data" }
                    
{
                    "app": "Crmeb",
                    "timestamp":"2025-09-19 09:58:58.460",
                    "level": "DEBUG",
                    "thread": "http-nio-8081-exec-7",
                    "class": "o.s.web.servlet.DispatcherServlet",
                    "message": "GET "/api/front/activity/index/list", parameters={}" }
                    
{
                    "app": "Crmeb",
                    "timestamp":"2025-09-19 09:58:58.460",
                    "level": "DEBUG",
                    "thread": "http-nio-8081-exec-8",
                    "class": "o.s.web.servlet.DispatcherServlet",
                    "message": "GET "/api/front/index/product?page=1&limit=13", parameters={masked}" }
                    
{
                    "app": "Crmeb",
                    "timestamp":"2025-09-19 09:58:58.460",
                    "level": "DEBUG",
                    "thread": "http-nio-8081-exec-11",
                    "class": "o.s.web.servlet.DispatcherServlet",
                    "message": "GET "/api/pc/home/index", parameters={}" }
                    
{
                    "app": "Crmeb",
                    "timestamp":"2025-09-19 09:58:58.460",
                    "level": "DEBUG",
                    "thread": "http-nio-8081-exec-9",
                    "class": "o.s.web.servlet.DispatcherServlet",
                    "message": "GET "/api/front/merchant/street", parameters={}" }
                    
{
                    "app": "Crmeb",
                    "timestamp":"2025-09-19 09:58:58.460",
                    "level": "DEBUG",
                    "thread": "http-nio-8081-exec-10",
                    "class": "o.s.web.servlet.DispatcherServlet",
                    "message": "GET "/api/front/product/leaderboard", parameters={}" }
                    
{
                    "app": "Crmeb",
                    "timestamp":"2025-09-19 09:58:58.464",
                    "level": "DEBUG",
                    "thread": "http-nio-8081-exec-7",
                    "class": "o.s.w.s.m.m.a.RequestMappingHandlerMapping",
                    "message": "Mapped to com.zbkj.front.controller.ActivityController#getIndexList()" }
                    
{
                    "app": "Crmeb",
                    "timestamp":"2025-09-19 09:58:58.464",
                    "level": "DEBUG",
                    "thread": "http-nio-8081-exec-8",
                    "class": "o.s.w.s.m.m.a.RequestMappingHandlerMapping",
                    "message": "Mapped to com.zbkj.front.controller.IndexController#getProductList(PageParamRequest)" }
                    
{
                    "app": "Crmeb",
                    "timestamp":"2025-09-19 09:58:58.464",
                    "level": "DEBUG",
                    "thread": "http-nio-8081-exec-9",
                    "class": "o.s.w.s.m.m.a.RequestMappingHandlerMapping",
                    "message": "Mapped to com.zbkj.front.controller.MerchantController#getStreet(PageParamRequest)" }
                    
{
                    "app": "Crmeb",
                    "timestamp":"2025-09-19 09:58:58.465",
                    "level": "DEBUG",
                    "thread": "http-nio-8081-exec-10",
                    "class": "o.s.w.s.m.m.a.RequestMappingHandlerMapping",
                    "message": "Mapped to com.zbkj.front.controller.ProductController#getLeaderboard()" }
                    
{
                    "app": "Crmeb",
                    "timestamp":"2025-09-19 09:58:58.465",
                    "level": "DEBUG",
                    "thread": "http-nio-8081-exec-11",
                    "class": "o.s.w.s.m.m.a.RequestMappingHandlerMapping",
                    "message": "Mapped to com.zbkj.front.pc.controller.PcIndexController#getIndexInfo()" }
                    
{
                    "app": "Crmeb",
                    "timestamp":"2025-09-19 09:58:58.728",
                    "level": "DEBUG",
                    "thread": "http-nio-8081-exec-10",
                    "class": "o.s.w.s.m.m.a.RequestResponseBodyMethodProcessor",
                    "message": "Using 'application/json', given [application/json, text/plain, */*] and supported [application/json, application/*+json, application/json, application/*+json]" }
                    
{
                    "app": "Crmeb",
                    "timestamp":"2025-09-19 09:58:58.729",
                    "level": "DEBUG",
                    "thread": "http-nio-8081-exec-10",
                    "class": "o.s.w.s.m.m.a.RequestResponseBodyMethodProcessor",
                    "message": "Writing [com.zbkj.common.response.CommonResult@d18b188]" }
                    
{
                    "app": "Crmeb",
                    "timestamp":"2025-09-19 09:58:58.737",
                    "level": "DEBUG",
                    "thread": "http-nio-8081-exec-8",
                    "class": "o.s.w.s.m.m.a.RequestResponseBodyMethodProcessor",
                    "message": "Using 'application/json', given [application/json, text/plain, */*] and supported [application/json, application/*+json, application/json, application/*+json]" }
                    
{
                    "app": "Crmeb",
                    "timestamp":"2025-09-19 09:58:58.737",
                    "level": "DEBUG",
                    "thread": "http-nio-8081-exec-8",
                    "class": "o.s.w.s.m.m.a.RequestResponseBodyMethodProcessor",
                    "message": "Writing [com.zbkj.common.response.CommonResult@1903cf8]" }
                    
{
                    "app": "Crmeb",
                    "timestamp":"2025-09-19 09:58:58.739",
                    "level": "DEBUG",
                    "thread": "http-nio-8081-exec-9",
                    "class": "o.s.w.s.m.m.a.RequestResponseBodyMethodProcessor",
                    "message": "Using 'application/json', given [application/json, text/plain, */*] and supported [application/json, application/*+json, application/json, application/*+json]" }
                    
{
                    "app": "Crmeb",
                    "timestamp":"2025-09-19 09:58:58.740",
                    "level": "DEBUG",
                    "thread": "http-nio-8081-exec-9",
                    "class": "o.s.w.s.m.m.a.RequestResponseBodyMethodProcessor",
                    "message": "Writing [com.zbkj.common.response.CommonResult@288f84fe]" }
                    
{
                    "app": "Crmeb",
                    "timestamp":"2025-09-19 09:58:58.749",
                    "level": "DEBUG",
                    "thread": "http-nio-8081-exec-10",
                    "class": "o.s.web.servlet.DispatcherServlet",
                    "message": "Completed 200 OK" }
                    
{
                    "app": "Crmeb",
                    "timestamp":"2025-09-19 09:58:58.749",
                    "level": "DEBUG",
                    "thread": "http-nio-8081-exec-8",
                    "class": "o.s.web.servlet.DispatcherServlet",
                    "message": "Completed 200 OK" }
                    
{
                    "app": "Crmeb",
                    "timestamp":"2025-09-19 09:58:58.749",
                    "level": "DEBUG",
                    "thread": "http-nio-8081-exec-9",
                    "class": "o.s.web.servlet.DispatcherServlet",
                    "message": "Completed 200 OK" }
                    
{
                    "app": "Crmeb",
                    "timestamp":"2025-09-19 09:58:58.782",
                    "level": "DEBUG",
                    "thread": "http-nio-8081-exec-7",
                    "class": "o.s.w.s.m.m.a.RequestResponseBodyMethodProcessor",
                    "message": "Using 'application/json', given [application/json, text/plain, */*] and supported [application/json, application/*+json, application/json, application/*+json]" }
                    
{
                    "app": "Crmeb",
                    "timestamp":"2025-09-19 09:58:58.783",
                    "level": "DEBUG",
                    "thread": "http-nio-8081-exec-7",
                    "class": "o.s.w.s.m.m.a.RequestResponseBodyMethodProcessor",
                    "message": "Writing [com.zbkj.common.response.CommonResult@b0786d7]" }
                    
{
                    "app": "Crmeb",
                    "timestamp":"2025-09-19 09:58:58.786",
                    "level": "DEBUG",
                    "thread": "http-nio-8081-exec-7",
                    "class": "o.s.web.servlet.DispatcherServlet",
                    "message": "Completed 200 OK" }
                    
{
                    "app": "Crmeb",
                    "timestamp":"2025-09-19 09:58:58.803",
                    "level": "DEBUG",
                    "thread": "http-nio-8081-exec-13",
                    "class": "o.s.web.servlet.DispatcherServlet",
                    "message": "GET "/api/front/activity/index/list", parameters={}" }
                    
{
                    "app": "Crmeb",
                    "timestamp":"2025-09-19 09:58:58.804",
                    "level": "DEBUG",
                    "thread": "http-nio-8081-exec-13",
                    "class": "o.s.w.s.m.m.a.RequestMappingHandlerMapping",
                    "message": "Mapped to com.zbkj.front.controller.ActivityController#getIndexList()" }
                    
{
                    "app": "Crmeb",
                    "timestamp":"2025-09-19 09:58:58.841",
                    "level": "DEBUG",
                    "thread": "http-nio-8081-exec-13",
                    "class": "o.s.w.s.m.m.a.RequestResponseBodyMethodProcessor",
                    "message": "Using 'application/json', given [application/json, text/plain, */*] and supported [application/json, application/*+json, application/json, application/*+json]" }
                    
{
                    "app": "Crmeb",
                    "timestamp":"2025-09-19 09:58:58.841",
                    "level": "DEBUG",
                    "thread": "http-nio-8081-exec-13",
                    "class": "o.s.w.s.m.m.a.RequestResponseBodyMethodProcessor",
                    "message": "Writing [com.zbkj.common.response.CommonResult@8fca36c]" }
                    
{
                    "app": "Crmeb",
                    "timestamp":"2025-09-19 09:58:58.842",
                    "level": "DEBUG",
                    "thread": "http-nio-8081-exec-13",
                    "class": "o.s.web.servlet.DispatcherServlet",
                    "message": "Completed 200 OK" }
                    
{
                    "app": "Crmeb",
                    "timestamp":"2025-09-19 09:58:58.895",
                    "level": "DEBUG",
                    "thread": "http-nio-8081-exec-11",
                    "class": "o.s.w.s.m.m.a.RequestResponseBodyMethodProcessor",
                    "message": "Using 'application/json', given [application/json, text/plain, */*] and supported [application/json, application/*+json, application/json, application/*+json]" }
                    
{
                    "app": "Crmeb",
                    "timestamp":"2025-09-19 09:58:58.895",
                    "level": "DEBUG",
                    "thread": "http-nio-8081-exec-11",
                    "class": "o.s.w.s.m.m.a.RequestResponseBodyMethodProcessor",
                    "message": "Writing [com.zbkj.common.response.CommonResult@5a43d261]" }
                    
{
                    "app": "Crmeb",
                    "timestamp":"2025-09-19 09:58:58.899",
                    "level": "DEBUG",
                    "thread": "http-nio-8081-exec-11",
                    "class": "o.s.web.servlet.DispatcherServlet",
                    "message": "Completed 200 OK" }
                    
{
                    "app": "Crmeb",
                    "timestamp":"2025-09-19 09:58:58.968",
                    "level": "DEBUG",
                    "thread": "http-nio-8081-exec-16",
                    "class": "o.s.web.servlet.DispatcherServlet",
                    "message": "GET "/api/front/index/product?page=1&limit=13", parameters={masked}" }
                    
{
                    "app": "Crmeb",
                    "timestamp":"2025-09-19 09:58:58.970",
                    "level": "DEBUG",
                    "thread": "http-nio-8081-exec-16",
                    "class": "o.s.w.s.m.m.a.RequestMappingHandlerMapping",
                    "message": "Mapped to com.zbkj.front.controller.IndexController#getProductList(PageParamRequest)" }
                    
{
                    "app": "Crmeb",
                    "timestamp":"2025-09-19 09:58:58.975",
                    "level": "DEBUG",
                    "thread": "http-nio-8081-exec-17",
                    "class": "o.s.web.servlet.DispatcherServlet",
                    "message": "POST "/api/front/login/token/is/exist", parameters={}" }
                    
{
                    "app": "Crmeb",
                    "timestamp":"2025-09-19 09:58:58.977",
                    "level": "DEBUG",
                    "thread": "http-nio-8081-exec-19",
                    "class": "o.s.web.servlet.DispatcherServlet",
                    "message": "GET "/api/front/product/category", parameters={}" }
                    
{
                    "app": "Crmeb",
                    "timestamp":"2025-09-19 09:58:58.977",
                    "level": "DEBUG",
                    "thread": "http-nio-8081-exec-18",
                    "class": "o.s.web.servlet.DispatcherServlet",
                    "message": "GET "/api/front/search/keyword", parameters={}" }
                    
{
                    "app": "Crmeb",
                    "timestamp":"2025-09-19 09:58:58.983",
                    "level": "DEBUG",
                    "thread": "http-nio-8081-exec-17",
                    "class": "o.s.w.s.m.m.a.RequestMappingHandlerMapping",
                    "message": "Mapped to com.zbkj.front.controller.LoginController#tokenIsExist()" }
                    
{
                    "app": "Crmeb",
                    "timestamp":"2025-09-19 09:58:58.984",
                    "level": "DEBUG",
                    "thread": "http-nio-8081-exec-19",
                    "class": "o.s.w.s.m.m.a.RequestMappingHandlerMapping",
                    "message": "Mapped to com.zbkj.front.controller.ProductController#getCategory()" }
                    
{
                    "app": "Crmeb",
                    "timestamp":"2025-09-19 09:58:58.984",
                    "level": "DEBUG",
                    "thread": "http-nio-8081-exec-18",
                    "class": "o.s.w.s.m.m.a.RequestMappingHandlerMapping",
                    "message": "Mapped to com.zbkj.front.controller.IndexController#hotKeywords()" }
                    
{
                    "app": "Crmeb",
                    "timestamp":"2025-09-19 09:58:58.994",
                    "level": "DEBUG",
                    "thread": "http-nio-8081-exec-17",
                    "class": "o.s.w.s.m.m.a.RequestResponseBodyMethodProcessor",
                    "message": "Using 'application/json', given [application/json, text/plain, */*] and supported [application/json, application/*+json, application/json, application/*+json]" }
                    
{
                    "app": "Crmeb",
                    "timestamp":"2025-09-19 09:58:58.995",
                    "level": "DEBUG",
                    "thread": "http-nio-8081-exec-17",
                    "class": "o.s.w.s.m.m.a.RequestResponseBodyMethodProcessor",
                    "message": "Writing [com.zbkj.common.response.CommonResult@4360a69]" }
                    
{
                    "app": "Crmeb",
                    "timestamp":"2025-09-19 09:58:58.997",
                    "level": "DEBUG",
                    "thread": "http-nio-8081-exec-17",
                    "class": "o.s.web.servlet.DispatcherServlet",
                    "message": "Completed 200 OK" }
                    
{
                    "app": "Crmeb",
                    "timestamp":"2025-09-19 09:58:59.007",
                    "level": "DEBUG",
                    "thread": "http-nio-8081-exec-16",
                    "class": "o.s.w.s.m.m.a.RequestResponseBodyMethodProcessor",
                    "message": "Using 'application/json', given [application/json, text/plain, */*] and supported [application/json, application/*+json, application/json, application/*+json]" }
                    
{
                    "app": "Crmeb",
                    "timestamp":"2025-09-19 09:58:59.007",
                    "level": "DEBUG",
                    "thread": "http-nio-8081-exec-18",
                    "class": "o.s.w.s.m.m.a.RequestResponseBodyMethodProcessor",
                    "message": "Using 'application/json', given [application/json, text/plain, */*] and supported [application/json, application/*+json, application/json, application/*+json]" }
                    
{
                    "app": "Crmeb",
                    "timestamp":"2025-09-19 09:58:59.007",
                    "level": "DEBUG",
                    "thread": "http-nio-8081-exec-16",
                    "class": "o.s.w.s.m.m.a.RequestResponseBodyMethodProcessor",
                    "message": "Writing [com.zbkj.common.response.CommonResult@72b99f71]" }
                    
{
                    "app": "Crmeb",
                    "timestamp":"2025-09-19 09:58:59.008",
                    "level": "DEBUG",
                    "thread": "http-nio-8081-exec-18",
                    "class": "o.s.w.s.m.m.a.RequestResponseBodyMethodProcessor",
                    "message": "Writing [com.zbkj.common.response.CommonResult@403bad41]" }
                    
{
                    "app": "Crmeb",
                    "timestamp":"2025-09-19 09:58:59.009",
                    "level": "DEBUG",
                    "thread": "http-nio-8081-exec-16",
                    "class": "o.s.web.servlet.DispatcherServlet",
                    "message": "Completed 200 OK" }
                    
{
                    "app": "Crmeb",
                    "timestamp":"2025-09-19 09:58:59.009",
                    "level": "DEBUG",
                    "thread": "http-nio-8081-exec-18",
                    "class": "o.s.web.servlet.DispatcherServlet",
                    "message": "Completed 200 OK" }
                    
{
                    "app": "Crmeb",
                    "timestamp":"2025-09-19 09:58:59.078",
                    "level": "DEBUG",
                    "thread": "http-nio-8081-exec-19",
                    "class": "o.s.w.s.m.m.a.RequestResponseBodyMethodProcessor",
                    "message": "Using 'application/json', given [application/json, text/plain, */*] and supported [application/json, application/*+json, application/json, application/*+json]" }
                    
{
                    "app": "Crmeb",
                    "timestamp":"2025-09-19 09:58:59.078",
                    "level": "DEBUG",
                    "thread": "http-nio-8081-exec-19",
                    "class": "o.s.w.s.m.m.a.RequestResponseBodyMethodProcessor",
                    "message": "Writing [com.zbkj.common.response.CommonResult@4ef56a6d]" }
                    
{
                    "app": "Crmeb",
                    "timestamp":"2025-09-19 09:58:59.080",
                    "level": "DEBUG",
                    "thread": "http-nio-8081-exec-19",
                    "class": "o.s.web.servlet.DispatcherServlet",
                    "message": "Completed 200 OK" }
                    
{
                    "app": "Crmeb",
                    "timestamp":"2025-09-19 09:59:34.616",
                    "level": "DEBUG",
                    "thread": "http-nio-8081-exec-23",
                    "class": "o.s.web.servlet.DispatcherServlet",
                    "message": "GET "/api/front/product/list?cid=42&page=1&limit=20&priceOrder=&salesOrder=&keyword=", parameters={masked}" }
                    
{
                    "app": "Crmeb",
                    "timestamp":"2025-09-19 09:59:34.616",
                    "level": "DEBUG",
                    "thread": "http-nio-8081-exec-22",
                    "class": "o.s.web.servlet.DispatcherServlet",
                    "message": "GET "/api/front/merchant/search/list?keywords=&page=1&limit=20", parameters={masked}" }
                    
{
                    "app": "Crmeb",
                    "timestamp":"2025-09-19 09:59:34.617",
                    "level": "DEBUG",
                    "thread": "http-nio-8081-exec-23",
                    "class": "o.s.w.s.m.m.a.RequestMappingHandlerMapping",
                    "message": "Mapped to com.zbkj.front.controller.ProductController#getList(ProductRequest, PageParamRequest)" }
                    
{
                    "app": "Crmeb",
                    "timestamp":"2025-09-19 09:59:34.617",
                    "level": "DEBUG",
                    "thread": "http-nio-8081-exec-22",
                    "class": "o.s.w.s.m.m.a.RequestMappingHandlerMapping",
                    "message": "Mapped to com.zbkj.front.controller.MerchantController#searchList(MerchantMoveSearchRequest, PageParamRequest)" }
                    
{
                    "app": "Crmeb",
                    "timestamp":"2025-09-19 09:59:34.639",
                    "level": "DEBUG",
                    "thread": "http-nio-8081-exec-22",
                    "class": "o.s.w.s.m.m.a.RequestResponseBodyMethodProcessor",
                    "message": "Using 'application/json', given [application/json, text/plain, */*] and supported [application/json, application/*+json, application/json, application/*+json]" }
                    
{
                    "app": "Crmeb",
                    "timestamp":"2025-09-19 09:59:34.640",
                    "level": "DEBUG",
                    "thread": "http-nio-8081-exec-22",
                    "class": "o.s.w.s.m.m.a.RequestResponseBodyMethodProcessor",
                    "message": "Writing [com.zbkj.common.response.CommonResult@3a536a6a]" }
                    
{
                    "app": "Crmeb",
                    "timestamp":"2025-09-19 09:59:34.640",
                    "level": "DEBUG",
                    "thread": "http-nio-8081-exec-22",
                    "class": "o.s.web.servlet.DispatcherServlet",
                    "message": "Completed 200 OK" }
                    
{
                    "app": "Crmeb",
                    "timestamp":"2025-09-19 09:59:34.658",
                    "level": "DEBUG",
                    "thread": "http-nio-8081-exec-23",
                    "class": "o.s.w.s.m.m.a.RequestResponseBodyMethodProcessor",
                    "message": "Using 'application/json', given [application/json, text/plain, */*] and supported [application/json, application/*+json, application/json, application/*+json]" }
                    
{
                    "app": "Crmeb",
                    "timestamp":"2025-09-19 09:59:34.659",
                    "level": "DEBUG",
                    "thread": "http-nio-8081-exec-23",
                    "class": "o.s.w.s.m.m.a.RequestResponseBodyMethodProcessor",
                    "message": "Writing [com.zbkj.common.response.CommonResult@1d67488b]" }
                    
{
                    "app": "Crmeb",
                    "timestamp":"2025-09-19 09:59:34.661",
                    "level": "DEBUG",
                    "thread": "http-nio-8081-exec-23",
                    "class": "o.s.web.servlet.DispatcherServlet",
                    "message": "Completed 200 OK" }
                    
{
                    "app": "Crmeb",
                    "timestamp":"2025-09-19 09:59:39.821",
                    "level": "DEBUG",
                    "thread": "http-nio-8081-exec-26",
                    "class": "o.s.web.servlet.DispatcherServlet",
                    "message": "GET "/api/front/product/list?cid=23&page=1&limit=20&priceOrder=&salesOrder=&keyword=", parameters={masked}" }
                    
{
                    "app": "Crmeb",
                    "timestamp":"2025-09-19 09:59:39.821",
                    "level": "DEBUG",
                    "thread": "http-nio-8081-exec-27",
                    "class": "o.s.web.servlet.DispatcherServlet",
                    "message": "GET "/api/front/merchant/search/list?keywords=&page=1&limit=20", parameters={masked}" }
                    
{
                    "app": "Crmeb",
                    "timestamp":"2025-09-19 09:59:39.821",
                    "level": "DEBUG",
                    "thread": "http-nio-8081-exec-26",
                    "class": "o.s.w.s.m.m.a.RequestMappingHandlerMapping",
                    "message": "Mapped to com.zbkj.front.controller.ProductController#getList(ProductRequest, PageParamRequest)" }
                    
{
                    "app": "Crmeb",
                    "timestamp":"2025-09-19 09:59:39.821",
                    "level": "DEBUG",
                    "thread": "http-nio-8081-exec-27",
                    "class": "o.s.w.s.m.m.a.RequestMappingHandlerMapping",
                    "message": "Mapped to com.zbkj.front.controller.MerchantController#searchList(MerchantMoveSearchRequest, PageParamRequest)" }
                    
{
                    "app": "Crmeb",
                    "timestamp":"2025-09-19 09:59:39.830",
                    "level": "DEBUG",
                    "thread": "http-nio-8081-exec-26",
                    "class": "o.s.w.s.m.m.a.RequestResponseBodyMethodProcessor",
                    "message": "Using 'application/json', given [application/json, text/plain, */*] and supported [application/json, application/*+json, application/json, application/*+json]" }
                    
{
                    "app": "Crmeb",
                    "timestamp":"2025-09-19 09:59:39.831",
                    "level": "DEBUG",
                    "thread": "http-nio-8081-exec-26",
                    "class": "o.s.w.s.m.m.a.RequestResponseBodyMethodProcessor",
                    "message": "Writing [com.zbkj.common.response.CommonResult@6d48f7e5]" }
                    
{
                    "app": "Crmeb",
                    "timestamp":"2025-09-19 09:59:39.831",
                    "level": "DEBUG",
                    "thread": "http-nio-8081-exec-26",
                    "class": "o.s.web.servlet.DispatcherServlet",
                    "message": "Completed 200 OK" }
                    
{
                    "app": "Crmeb",
                    "timestamp":"2025-09-19 09:59:39.838",
                    "level": "DEBUG",
                    "thread": "http-nio-8081-exec-27",
                    "class": "o.s.w.s.m.m.a.RequestResponseBodyMethodProcessor",
                    "message": "Using 'application/json', given [application/json, text/plain, */*] and supported [application/json, application/*+json, application/json, application/*+json]" }
                    
{
                    "app": "Crmeb",
                    "timestamp":"2025-09-19 09:59:39.838",
                    "level": "DEBUG",
                    "thread": "http-nio-8081-exec-27",
                    "class": "o.s.w.s.m.m.a.RequestResponseBodyMethodProcessor",
                    "message": "Writing [com.zbkj.common.response.CommonResult@53d3285e]" }
                    
{
                    "app": "Crmeb",
                    "timestamp":"2025-09-19 09:59:39.839",
                    "level": "DEBUG",
                    "thread": "http-nio-8081-exec-27",
                    "class": "o.s.web.servlet.DispatcherServlet",
                    "message": "Completed 200 OK" }
                    
{
                    "app": "Crmeb",
                    "timestamp":"2025-09-19 09:59:41.101",
                    "level": "DEBUG",
                    "thread": "http-nio-8081-exec-8",
                    "class": "o.s.web.servlet.DispatcherServlet",
                    "message": "GET "/api/pc/home/index", parameters={}" }
                    
{
                    "app": "Crmeb",
                    "timestamp":"2025-09-19 09:59:41.101",
                    "level": "DEBUG",
                    "thread": "http-nio-8081-exec-1",
                    "class": "o.s.web.servlet.DispatcherServlet",
                    "message": "GET "/api/front/product/leaderboard", parameters={}" }
                    
{
                    "app": "Crmeb",
                    "timestamp":"2025-09-19 09:59:41.102",
                    "level": "DEBUG",
                    "thread": "http-nio-8081-exec-2",
                    "class": "o.s.web.servlet.DispatcherServlet",
                    "message": "GET "/api/front/index/product?page=1&limit=13", parameters={masked}" }
                    
{
                    "app": "Crmeb",
                    "timestamp":"2025-09-19 09:59:41.102",
                    "level": "DEBUG",
                    "thread": "http-nio-8081-exec-30",
                    "class": "o.s.web.servlet.DispatcherServlet",
                    "message": "GET "/api/front/activity/index/list", parameters={}" }
                    
{
                    "app": "Crmeb",
                    "timestamp":"2025-09-19 09:59:41.102",
                    "level": "DEBUG",
                    "thread": "http-nio-8081-exec-8",
                    "class": "o.s.w.s.m.m.a.RequestMappingHandlerMapping",
                    "message": "Mapped to com.zbkj.front.pc.controller.PcIndexController#getIndexInfo()" }
                    
{
                    "app": "Crmeb",
                    "timestamp":"2025-09-19 09:59:41.104",
                    "level": "DEBUG",
                    "thread": "http-nio-8081-exec-1",
                    "class": "o.s.w.s.m.m.a.RequestMappingHandlerMapping",
                    "message": "Mapped to com.zbkj.front.controller.ProductController#getLeaderboard()" }
                    
{
                    "app": "Crmeb",
                    "timestamp":"2025-09-19 09:59:41.104",
                    "level": "DEBUG",
                    "thread": "http-nio-8081-exec-2",
                    "class": "o.s.w.s.m.m.a.RequestMappingHandlerMapping",
                    "message": "Mapped to com.zbkj.front.controller.IndexController#getProductList(PageParamRequest)" }
                    
{
                    "app": "Crmeb",
                    "timestamp":"2025-09-19 09:59:41.104",
                    "level": "DEBUG",
                    "thread": "http-nio-8081-exec-9",
                    "class": "o.s.web.servlet.DispatcherServlet",
                    "message": "GET "/api/front/merchant/street", parameters={}" }
                    
{
                    "app": "Crmeb",
                    "timestamp":"2025-09-19 09:59:41.104",
                    "level": "DEBUG",
                    "thread": "http-nio-8081-exec-30",
                    "class": "o.s.w.s.m.m.a.RequestMappingHandlerMapping",
                    "message": "Mapped to com.zbkj.front.controller.ActivityController#getIndexList()" }
                    
{
                    "app": "Crmeb",
                    "timestamp":"2025-09-19 09:59:41.106",
                    "level": "DEBUG",
                    "thread": "http-nio-8081-exec-9",
                    "class": "o.s.w.s.m.m.a.RequestMappingHandlerMapping",
                    "message": "Mapped to com.zbkj.front.controller.MerchantController#getStreet(PageParamRequest)" }
                    
{
                    "app": "Crmeb",
                    "timestamp":"2025-09-19 09:59:41.126",
                    "level": "DEBUG",
                    "thread": "http-nio-8081-exec-1",
                    "class": "o.s.w.s.m.m.a.RequestResponseBodyMethodProcessor",
                    "message": "Using 'application/json', given [application/json, text/plain, */*] and supported [application/json, application/*+json, application/json, application/*+json]" }
                    
{
                    "app": "Crmeb",
                    "timestamp":"2025-09-19 09:59:41.127",
                    "level": "DEBUG",
                    "thread": "http-nio-8081-exec-1",
                    "class": "o.s.w.s.m.m.a.RequestResponseBodyMethodProcessor",
                    "message": "Writing [com.zbkj.common.response.CommonResult@c9be61]" }
                    
{
                    "app": "Crmeb",
                    "timestamp":"2025-09-19 09:59:41.128",
                    "level": "DEBUG",
                    "thread": "http-nio-8081-exec-1",
                    "class": "o.s.web.servlet.DispatcherServlet",
                    "message": "Completed 200 OK" }
                    
{
                    "app": "Crmeb",
                    "timestamp":"2025-09-19 09:59:41.131",
                    "level": "DEBUG",
                    "thread": "http-nio-8081-exec-2",
                    "class": "o.s.w.s.m.m.a.RequestResponseBodyMethodProcessor",
                    "message": "Using 'application/json', given [application/json, text/plain, */*] and supported [application/json, application/*+json, application/json, application/*+json]" }
                    
{
                    "app": "Crmeb",
                    "timestamp":"2025-09-19 09:59:41.132",
                    "level": "DEBUG",
                    "thread": "http-nio-8081-exec-2",
                    "class": "o.s.w.s.m.m.a.RequestResponseBodyMethodProcessor",
                    "message": "Writing [com.zbkj.common.response.CommonResult@26944dd7]" }
                    
{
                    "app": "Crmeb",
                    "timestamp":"2025-09-19 09:59:41.134",
                    "level": "DEBUG",
                    "thread": "http-nio-8081-exec-2",
                    "class": "o.s.web.servlet.DispatcherServlet",
                    "message": "Completed 200 OK" }
                    
{
                    "app": "Crmeb",
                    "timestamp":"2025-09-19 09:59:41.150",
                    "level": "DEBUG",
                    "thread": "http-nio-8081-exec-9",
                    "class": "o.s.w.s.m.m.a.RequestResponseBodyMethodProcessor",
                    "message": "Using 'application/json', given [application/json, text/plain, */*] and supported [application/json, application/*+json, application/json, application/*+json]" }
                    
{
                    "app": "Crmeb",
                    "timestamp":"2025-09-19 09:59:41.151",
                    "level": "DEBUG",
                    "thread": "http-nio-8081-exec-9",
                    "class": "o.s.w.s.m.m.a.RequestResponseBodyMethodProcessor",
                    "message": "Writing [com.zbkj.common.response.CommonResult@5b2ce9fd]" }
                    
{
                    "app": "Crmeb",
                    "timestamp":"2025-09-19 09:59:41.153",
                    "level": "DEBUG",
                    "thread": "http-nio-8081-exec-9",
                    "class": "o.s.web.servlet.DispatcherServlet",
                    "message": "Completed 200 OK" }
                    
{
                    "app": "Crmeb",
                    "timestamp":"2025-09-19 09:59:41.182",
                    "level": "DEBUG",
                    "thread": "http-nio-8081-exec-30",
                    "class": "o.s.w.s.m.m.a.RequestResponseBodyMethodProcessor",
                    "message": "Using 'application/json', given [application/json, text/plain, */*] and supported [application/json, application/*+json, application/json, application/*+json]" }
                    
{
                    "app": "Crmeb",
                    "timestamp":"2025-09-19 09:59:41.183",
                    "level": "DEBUG",
                    "thread": "http-nio-8081-exec-30",
                    "class": "o.s.w.s.m.m.a.RequestResponseBodyMethodProcessor",
                    "message": "Writing [com.zbkj.common.response.CommonResult@7ec2dcc2]" }
                    
{
                    "app": "Crmeb",
                    "timestamp":"2025-09-19 09:59:41.183",
                    "level": "DEBUG",
                    "thread": "http-nio-8081-exec-30",
                    "class": "o.s.web.servlet.DispatcherServlet",
                    "message": "Completed 200 OK" }
                    
{
                    "app": "Crmeb",
                    "timestamp":"2025-09-19 09:59:41.184",
                    "level": "DEBUG",
                    "thread": "http-nio-8081-exec-8",
                    "class": "o.s.w.s.m.m.a.RequestResponseBodyMethodProcessor",
                    "message": "Using 'application/json', given [application/json, text/plain, */*] and supported [application/json, application/*+json, application/json, application/*+json]" }
                    
{
                    "app": "Crmeb",
                    "timestamp":"2025-09-19 09:59:41.185",
                    "level": "DEBUG",
                    "thread": "http-nio-8081-exec-8",
                    "class": "o.s.w.s.m.m.a.RequestResponseBodyMethodProcessor",
                    "message": "Writing [com.zbkj.common.response.CommonResult@430885a1]" }
                    
{
                    "app": "Crmeb",
                    "timestamp":"2025-09-19 09:59:41.186",
                    "level": "DEBUG",
                    "thread": "http-nio-8081-exec-8",
                    "class": "o.s.web.servlet.DispatcherServlet",
                    "message": "Completed 200 OK" }
                    
{
                    "app": "Crmeb",
                    "timestamp":"2025-09-19 09:59:41.196",
                    "level": "DEBUG",
                    "thread": "http-nio-8081-exec-10",
                    "class": "o.s.web.servlet.DispatcherServlet",
                    "message": "GET "/api/front/activity/index/list", parameters={}" }
                    
{
                    "app": "Crmeb",
                    "timestamp":"2025-09-19 09:59:41.196",
                    "level": "DEBUG",
                    "thread": "http-nio-8081-exec-10",
                    "class": "o.s.w.s.m.m.a.RequestMappingHandlerMapping",
                    "message": "Mapped to com.zbkj.front.controller.ActivityController#getIndexList()" }
                    
{
                    "app": "Crmeb",
                    "timestamp":"2025-09-19 09:59:41.223",
                    "level": "DEBUG",
                    "thread": "http-nio-8081-exec-10",
                    "class": "o.s.w.s.m.m.a.RequestResponseBodyMethodProcessor",
                    "message": "Using 'application/json', given [application/json, text/plain, */*] and supported [application/json, application/*+json, application/json, application/*+json]" }
                    
{
                    "app": "Crmeb",
                    "timestamp":"2025-09-19 09:59:41.223",
                    "level": "DEBUG",
                    "thread": "http-nio-8081-exec-10",
                    "class": "o.s.w.s.m.m.a.RequestResponseBodyMethodProcessor",
                    "message": "Writing [com.zbkj.common.response.CommonResult@43580c3f]" }
                    
{
                    "app": "Crmeb",
                    "timestamp":"2025-09-19 09:59:41.224",
                    "level": "DEBUG",
                    "thread": "http-nio-8081-exec-10",
                    "class": "o.s.web.servlet.DispatcherServlet",
                    "message": "Completed 200 OK" }
                    
{
                    "app": "Crmeb",
                    "timestamp":"2025-09-19 09:59:41.254",
                    "level": "DEBUG",
                    "thread": "http-nio-8081-exec-7",
                    "class": "o.s.web.servlet.DispatcherServlet",
                    "message": "GET "/api/front/index/product?page=1&limit=13", parameters={masked}" }
                    
{
                    "app": "Crmeb",
                    "timestamp":"2025-09-19 09:59:41.255",
                    "level": "DEBUG",
                    "thread": "http-nio-8081-exec-7",
                    "class": "o.s.w.s.m.m.a.RequestMappingHandlerMapping",
                    "message": "Mapped to com.zbkj.front.controller.IndexController#getProductList(PageParamRequest)" }
                    
{
                    "app": "Crmeb",
                    "timestamp":"2025-09-19 09:59:41.270",
                    "level": "DEBUG",
                    "thread": "http-nio-8081-exec-7",
                    "class": "o.s.w.s.m.m.a.RequestResponseBodyMethodProcessor",
                    "message": "Using 'application/json', given [application/json, text/plain, */*] and supported [application/json, application/*+json, application/json, application/*+json]" }
                    
{
                    "app": "Crmeb",
                    "timestamp":"2025-09-19 09:59:41.270",
                    "level": "DEBUG",
                    "thread": "http-nio-8081-exec-7",
                    "class": "o.s.w.s.m.m.a.RequestResponseBodyMethodProcessor",
                    "message": "Writing [com.zbkj.common.response.CommonResult@353fc03f]" }
                    
{
                    "app": "Crmeb",
                    "timestamp":"2025-09-19 09:59:41.271",
                    "level": "DEBUG",
                    "thread": "http-nio-8081-exec-7",
                    "class": "o.s.web.servlet.DispatcherServlet",
                    "message": "Completed 200 OK" }
                    
{
                    "app": "Crmeb",
                    "timestamp":"2025-09-19 09:59:43.320",
                    "level": "DEBUG",
                    "thread": "http-nio-8081-exec-11",
                    "class": "o.s.web.servlet.DispatcherServlet",
                    "message": "GET "/api/front/user/menu/user", parameters={}" }
                    
{
                    "app": "Crmeb",
                    "timestamp":"2025-09-19 09:59:43.321",
                    "level": "DEBUG",
                    "thread": "http-nio-8081-exec-11",
                    "class": "o.s.w.s.m.m.a.RequestMappingHandlerMapping",
                    "message": "Mapped to com.zbkj.front.controller.UserController#getMenuUser()" }
                    
{
                    "app": "Crmeb",
                    "timestamp":"2025-09-19 09:59:43.342",
                    "level": "DEBUG",
                    "thread": "http-nio-8081-exec-11",
                    "class": "o.s.web.servlet.DispatcherServlet",
                    "message": "Completed 200 OK" }
                    
{
                    "app": "Crmeb",
                    "timestamp":"2025-09-19 09:59:44.581",
                    "level": "DEBUG",
                    "thread": "http-nio-8081-exec-17",
                    "class": "o.s.web.servlet.DispatcherServlet",
                    "message": "GET "/api/pc/login/getLoginPic", parameters={}" }
                    
{
                    "app": "Crmeb",
                    "timestamp":"2025-09-19 09:59:44.581",
                    "level": "DEBUG",
                    "thread": "http-nio-8081-exec-15",
                    "class": "o.s.web.servlet.DispatcherServlet",
                    "message": "GET "/api/front/login/method/info", parameters={}" }
                    
{
                    "app": "Crmeb",
                    "timestamp":"2025-09-19 09:59:44.583",
                    "level": "DEBUG",
                    "thread": "http-nio-8081-exec-17",
                    "class": "o.s.w.s.m.m.a.RequestMappingHandlerMapping",
                    "message": "Mapped to com.zbkj.front.pc.controller.PcLoginController#getLoginPic()" }
                    
{
                    "app": "Crmeb",
                    "timestamp":"2025-09-19 09:59:44.584",
                    "level": "DEBUG",
                    "thread": "http-nio-8081-exec-15",
                    "class": "o.s.w.s.m.m.a.RequestMappingHandlerMapping",
                    "message": "Mapped to com.zbkj.front.controller.LoginController#getLoginMethod()" }
                    
{
                    "app": "Crmeb",
                    "timestamp":"2025-09-19 09:59:44.592",
                    "level": "DEBUG",
                    "thread": "http-nio-8081-exec-17",
                    "class": "o.s.w.s.m.m.a.RequestResponseBodyMethodProcessor",
                    "message": "Using 'application/json', given [application/json, text/plain, */*] and supported [application/json, application/*+json, application/json, application/*+json]" }
                    
{
                    "app": "Crmeb",
                    "timestamp":"2025-09-19 09:59:44.592",
                    "level": "DEBUG",
                    "thread": "http-nio-8081-exec-17",
                    "class": "o.s.w.s.m.m.a.RequestResponseBodyMethodProcessor",
                    "message": "Writing [com.zbkj.common.response.CommonResult@4bccfea4]" }
                    
{
                    "app": "Crmeb",
                    "timestamp":"2025-09-19 09:59:44.593",
                    "level": "DEBUG",
                    "thread": "http-nio-8081-exec-17",
                    "class": "o.s.web.servlet.DispatcherServlet",
                    "message": "Completed 200 OK" }
                    
{
                    "app": "Crmeb",
                    "timestamp":"2025-09-19 09:59:44.611",
                    "level": "DEBUG",
                    "thread": "http-nio-8081-exec-15",
                    "class": "o.s.w.s.m.m.a.RequestResponseBodyMethodProcessor",
                    "message": "Using 'application/json', given [application/json, text/plain, */*] and supported [application/json, application/*+json, application/json, application/*+json]" }
                    
{
                    "app": "Crmeb",
                    "timestamp":"2025-09-19 09:59:44.611",
                    "level": "DEBUG",
                    "thread": "http-nio-8081-exec-15",
                    "class": "o.s.w.s.m.m.a.RequestResponseBodyMethodProcessor",
                    "message": "Writing [com.zbkj.common.response.CommonResult@5a1a83d0]" }
                    
{
                    "app": "Crmeb",
                    "timestamp":"2025-09-19 09:59:44.612",
                    "level": "DEBUG",
                    "thread": "http-nio-8081-exec-15",
                    "class": "o.s.web.servlet.DispatcherServlet",
                    "message": "Completed 200 OK" }
                    
{
                    "app": "Crmeb",
                    "timestamp":"2025-09-19 09:59:57.567",
                    "level": "DEBUG",
                    "thread": "http-nio-8081-exec-21",
                    "class": "o.s.web.servlet.DispatcherServlet",
                    "message": "GET "/api/pc/login/getLoginPic", parameters={}" }
                    
{
                    "app": "Crmeb",
                    "timestamp":"2025-09-19 09:59:57.567",
                    "level": "DEBUG",
                    "thread": "http-nio-8081-exec-19",
                    "class": "o.s.web.servlet.DispatcherServlet",
                    "message": "GET "/api/front/login/method/info", parameters={}" }
                    
{
                    "app": "Crmeb",
                    "timestamp":"2025-09-19 09:59:57.569",
                    "level": "DEBUG",
                    "thread": "http-nio-8081-exec-21",
                    "class": "o.s.w.s.m.m.a.RequestMappingHandlerMapping",
                    "message": "Mapped to com.zbkj.front.pc.controller.PcLoginController#getLoginPic()" }
                    
{
                    "app": "Crmeb",
                    "timestamp":"2025-09-19 09:59:57.570",
                    "level": "DEBUG",
                    "thread": "http-nio-8081-exec-19",
                    "class": "o.s.w.s.m.m.a.RequestMappingHandlerMapping",
                    "message": "Mapped to com.zbkj.front.controller.LoginController#getLoginMethod()" }
                    
{
                    "app": "Crmeb",
                    "timestamp":"2025-09-19 09:59:57.577",
                    "level": "DEBUG",
                    "thread": "http-nio-8081-exec-21",
                    "class": "o.s.w.s.m.m.a.RequestResponseBodyMethodProcessor",
                    "message": "Using 'application/json', given [application/json, text/plain, */*] and supported [application/json, application/*+json, application/json, application/*+json]" }
                    
{
                    "app": "Crmeb",
                    "timestamp":"2025-09-19 09:59:57.578",
                    "level": "DEBUG",
                    "thread": "http-nio-8081-exec-21",
                    "class": "o.s.w.s.m.m.a.RequestResponseBodyMethodProcessor",
                    "message": "Writing [com.zbkj.common.response.CommonResult@3e045b6e]" }
                    
{
                    "app": "Crmeb",
                    "timestamp":"2025-09-19 09:59:57.579",
                    "level": "DEBUG",
                    "thread": "http-nio-8081-exec-21",
                    "class": "o.s.web.servlet.DispatcherServlet",
                    "message": "Completed 200 OK" }
                    
{
                    "app": "Crmeb",
                    "timestamp":"2025-09-19 09:59:57.598",
                    "level": "DEBUG",
                    "thread": "http-nio-8081-exec-19",
                    "class": "o.s.w.s.m.m.a.RequestResponseBodyMethodProcessor",
                    "message": "Using 'application/json', given [application/json, text/plain, */*] and supported [application/json, application/*+json, application/json, application/*+json]" }
                    
{
                    "app": "Crmeb",
                    "timestamp":"2025-09-19 09:59:57.598",
                    "level": "DEBUG",
                    "thread": "http-nio-8081-exec-19",
                    "class": "o.s.w.s.m.m.a.RequestResponseBodyMethodProcessor",
                    "message": "Writing [com.zbkj.common.response.CommonResult@4e35442a]" }
                    
{
                    "app": "Crmeb",
                    "timestamp":"2025-09-19 09:59:57.599",
                    "level": "DEBUG",
                    "thread": "http-nio-8081-exec-19",
                    "class": "o.s.web.servlet.DispatcherServlet",
                    "message": "Completed 200 OK" }
                    
{
                    "app": "Crmeb",
                    "timestamp":"2025-09-19 10:00:19.554",
                    "level": "DEBUG",
                    "thread": "http-nio-8081-exec-20",
                    "class": "o.s.web.servlet.DispatcherServlet",
                    "message": "GET "/api/front/merchant/street", parameters={}" }
                    
{
                    "app": "Crmeb",
                    "timestamp":"2025-09-19 10:00:19.560",
                    "level": "DEBUG",
                    "thread": "http-nio-8081-exec-20",
                    "class": "o.s.w.s.m.m.a.RequestMappingHandlerMapping",
                    "message": "Mapped to com.zbkj.front.controller.MerchantController#getStreet(PageParamRequest)" }
                    
{
                    "app": "Crmeb",
                    "timestamp":"2025-09-19 10:00:19.555",
                    "level": "DEBUG",
                    "thread": "http-nio-8081-exec-27",
                    "class": "o.s.web.servlet.DispatcherServlet",
                    "message": "GET "/api/front/product/leaderboard", parameters={}" }
                    
{
                    "app": "Crmeb",
                    "timestamp":"2025-09-19 10:00:19.556",
                    "level": "DEBUG",
                    "thread": "http-nio-8081-exec-23",
                    "class": "o.s.web.servlet.DispatcherServlet",
                    "message": "GET "/api/front/index/product?page=1&limit=13", parameters={masked}" }
                    
{
                    "app": "Crmeb",
                    "timestamp":"2025-09-19 10:00:19.562",
                    "level": "DEBUG",
                    "thread": "http-nio-8081-exec-27",
                    "class": "o.s.w.s.m.m.a.RequestMappingHandlerMapping",
                    "message": "Mapped to com.zbkj.front.controller.ProductController#getLeaderboard()" }
                    
{
                    "app": "Crmeb",
                    "timestamp":"2025-09-19 10:00:19.563",
                    "level": "DEBUG",
                    "thread": "http-nio-8081-exec-23",
                    "class": "o.s.w.s.m.m.a.RequestMappingHandlerMapping",
                    "message": "Mapped to com.zbkj.front.controller.IndexController#getProductList(PageParamRequest)" }
                    
{
                    "app": "Crmeb",
                    "timestamp":"2025-09-19 10:00:19.556",
                    "level": "DEBUG",
                    "thread": "http-nio-8081-exec-3",
                    "class": "o.s.web.servlet.DispatcherServlet",
                    "message": "GET "/api/front/activity/index/list", parameters={}" }
                    
{
                    "app": "Crmeb",
                    "timestamp":"2025-09-19 10:00:19.559",
                    "level": "DEBUG",
                    "thread": "http-nio-8081-exec-28",
                    "class": "o.s.web.servlet.DispatcherServlet",
                    "message": "GET "/api/pc/home/index", parameters={}" }
                    
{
                    "app": "Crmeb",
                    "timestamp":"2025-09-19 10:00:19.565",
                    "level": "DEBUG",
                    "thread": "http-nio-8081-exec-3",
                    "class": "o.s.w.s.m.m.a.RequestMappingHandlerMapping",
                    "message": "Mapped to com.zbkj.front.controller.ActivityController#getIndexList()" }
                    
{
                    "app": "Crmeb",
                    "timestamp":"2025-09-19 10:00:19.566",
                    "level": "DEBUG",
                    "thread": "http-nio-8081-exec-28",
                    "class": "o.s.w.s.m.m.a.RequestMappingHandlerMapping",
                    "message": "Mapped to com.zbkj.front.pc.controller.PcIndexController#getIndexInfo()" }
                    
{
                    "app": "Crmeb",
                    "timestamp":"2025-09-19 10:00:19.588",
                    "level": "DEBUG",
                    "thread": "http-nio-8081-exec-27",
                    "class": "o.s.w.s.m.m.a.RequestResponseBodyMethodProcessor",
                    "message": "Using 'application/json', given [application/json, text/plain, */*] and supported [application/json, application/*+json, application/json, application/*+json]" }
                    
{
                    "app": "Crmeb",
                    "timestamp":"2025-09-19 10:00:19.590",
                    "level": "DEBUG",
                    "thread": "http-nio-8081-exec-27",
                    "class": "o.s.w.s.m.m.a.RequestResponseBodyMethodProcessor",
                    "message": "Writing [com.zbkj.common.response.CommonResult@27ef87e4]" }
                    
{
                    "app": "Crmeb",
                    "timestamp":"2025-09-19 10:00:19.731",
                    "level": "DEBUG",
                    "thread": "http-nio-8081-exec-27",
                    "class": "o.s.web.servlet.DispatcherServlet",
                    "message": "Completed 200 OK" }
                    
{
                    "app": "Crmeb",
                    "timestamp":"2025-09-19 10:00:19.734",
                    "level": "DEBUG",
                    "thread": "http-nio-8081-exec-20",
                    "class": "o.s.w.s.m.m.a.RequestResponseBodyMethodProcessor",
                    "message": "Using 'application/json', given [application/json, text/plain, */*] and supported [application/json, application/*+json, application/json, application/*+json]" }
                    
{
                    "app": "Crmeb",
                    "timestamp":"2025-09-19 10:00:19.734",
                    "level": "DEBUG",
                    "thread": "http-nio-8081-exec-23",
                    "class": "o.s.w.s.m.m.a.RequestResponseBodyMethodProcessor",
                    "message": "Using 'application/json', given [application/json, text/plain, */*] and supported [application/json, application/*+json, application/json, application/*+json]" }
                    
{
                    "app": "Crmeb",
                    "timestamp":"2025-09-19 10:00:19.735",
                    "level": "DEBUG",
                    "thread": "http-nio-8081-exec-20",
                    "class": "o.s.w.s.m.m.a.RequestResponseBodyMethodProcessor",
                    "message": "Writing [com.zbkj.common.response.CommonResult@32282dcd]" }
                    
{
                    "app": "Crmeb",
                    "timestamp":"2025-09-19 10:00:19.735",
                    "level": "DEBUG",
                    "thread": "http-nio-8081-exec-23",
                    "class": "o.s.w.s.m.m.a.RequestResponseBodyMethodProcessor",
                    "message": "Writing [com.zbkj.common.response.CommonResult@7eb9b2fb]" }
                    
{
                    "app": "Crmeb",
                    "timestamp":"2025-09-19 10:00:19.736",
                    "level": "DEBUG",
                    "thread": "http-nio-8081-exec-20",
                    "class": "o.s.web.servlet.DispatcherServlet",
                    "message": "Completed 200 OK" }
                    
{
                    "app": "Crmeb",
                    "timestamp":"2025-09-19 10:00:19.737",
                    "level": "DEBUG",
                    "thread": "http-nio-8081-exec-23",
                    "class": "o.s.web.servlet.DispatcherServlet",
                    "message": "Completed 200 OK" }
                    
{
                    "app": "Crmeb",
                    "timestamp":"2025-09-19 10:00:19.781",
                    "level": "DEBUG",
                    "thread": "http-nio-8081-exec-3",
                    "class": "o.s.w.s.m.m.a.RequestResponseBodyMethodProcessor",
                    "message": "Using 'application/json', given [application/json, text/plain, */*] and supported [application/json, application/*+json, application/json, application/*+json]" }
                    
{
                    "app": "Crmeb",
                    "timestamp":"2025-09-19 10:00:19.782",
                    "level": "DEBUG",
                    "thread": "http-nio-8081-exec-3",
                    "class": "o.s.w.s.m.m.a.RequestResponseBodyMethodProcessor",
                    "message": "Writing [com.zbkj.common.response.CommonResult@538f3842]" }
                    
{
                    "app": "Crmeb",
                    "timestamp":"2025-09-19 10:00:19.782",
                    "level": "DEBUG",
                    "thread": "http-nio-8081-exec-3",
                    "class": "o.s.web.servlet.DispatcherServlet",
                    "message": "Completed 200 OK" }
                    
{
                    "app": "Crmeb",
                    "timestamp":"2025-09-19 10:00:19.788",
                    "level": "DEBUG",
                    "thread": "http-nio-8081-exec-28",
                    "class": "o.s.w.s.m.m.a.RequestResponseBodyMethodProcessor",
                    "message": "Using 'application/json', given [application/json, text/plain, */*] and supported [application/json, application/*+json, application/json, application/*+json]" }
                    
{
                    "app": "Crmeb",
                    "timestamp":"2025-09-19 10:00:19.788",
                    "level": "DEBUG",
                    "thread": "http-nio-8081-exec-28",
                    "class": "o.s.w.s.m.m.a.RequestResponseBodyMethodProcessor",
                    "message": "Writing [com.zbkj.common.response.CommonResult@3a55f59]" }
                    
{
                    "app": "Crmeb",
                    "timestamp":"2025-09-19 10:00:19.789",
                    "level": "DEBUG",
                    "thread": "http-nio-8081-exec-28",
                    "class": "o.s.web.servlet.DispatcherServlet",
                    "message": "Completed 200 OK" }
                    
{
                    "app": "Crmeb",
                    "timestamp":"2025-09-19 10:00:19.791",
                    "level": "DEBUG",
                    "thread": "http-nio-8081-exec-12",
                    "class": "o.s.web.servlet.DispatcherServlet",
                    "message": "GET "/api/front/activity/index/list", parameters={}" }
                    
{
                    "app": "Crmeb",
                    "timestamp":"2025-09-19 10:00:19.796",
                    "level": "DEBUG",
                    "thread": "http-nio-8081-exec-12",
                    "class": "o.s.w.s.m.m.a.RequestMappingHandlerMapping",
                    "message": "Mapped to com.zbkj.front.controller.ActivityController#getIndexList()" }
                    
{
                    "app": "Crmeb",
                    "timestamp":"2025-09-19 10:00:19.832",
                    "level": "DEBUG",
                    "thread": "http-nio-8081-exec-12",
                    "class": "o.s.w.s.m.m.a.RequestResponseBodyMethodProcessor",
                    "message": "Using 'application/json', given [application/json, text/plain, */*] and supported [application/json, application/*+json, application/json, application/*+json]" }
                    
{
                    "app": "Crmeb",
                    "timestamp":"2025-09-19 10:00:19.832",
                    "level": "DEBUG",
                    "thread": "http-nio-8081-exec-12",
                    "class": "o.s.w.s.m.m.a.RequestResponseBodyMethodProcessor",
                    "message": "Writing [com.zbkj.common.response.CommonResult@6b4a8784]" }
                    
{
                    "app": "Crmeb",
                    "timestamp":"2025-09-19 10:00:19.833",
                    "level": "DEBUG",
                    "thread": "http-nio-8081-exec-12",
                    "class": "o.s.web.servlet.DispatcherServlet",
                    "message": "Completed 200 OK" }
                    
{
                    "app": "Crmeb",
                    "timestamp":"2025-09-19 10:00:19.859",
                    "level": "DEBUG",
                    "thread": "http-nio-8081-exec-29",
                    "class": "o.s.web.servlet.DispatcherServlet",
                    "message": "GET "/api/front/index/product?page=1&limit=13", parameters={masked}" }
                    
{
                    "app": "Crmeb",
                    "timestamp":"2025-09-19 10:00:19.861",
                    "level": "DEBUG",
                    "thread": "http-nio-8081-exec-29",
                    "class": "o.s.w.s.m.m.a.RequestMappingHandlerMapping",
                    "message": "Mapped to com.zbkj.front.controller.IndexController#getProductList(PageParamRequest)" }
                    
{
                    "app": "Crmeb",
                    "timestamp":"2025-09-19 10:00:19.875",
                    "level": "DEBUG",
                    "thread": "http-nio-8081-exec-29",
                    "class": "o.s.w.s.m.m.a.RequestResponseBodyMethodProcessor",
                    "message": "Using 'application/json', given [application/json, text/plain, */*] and supported [application/json, application/*+json, application/json, application/*+json]" }
                    
{
                    "app": "Crmeb",
                    "timestamp":"2025-09-19 10:00:19.875",
                    "level": "DEBUG",
                    "thread": "http-nio-8081-exec-29",
                    "class": "o.s.w.s.m.m.a.RequestResponseBodyMethodProcessor",
                    "message": "Writing [com.zbkj.common.response.CommonResult@ab46b77]" }
                    
{
                    "app": "Crmeb",
                    "timestamp":"2025-09-19 10:00:19.876",
                    "level": "DEBUG",
                    "thread": "http-nio-8081-exec-29",
                    "class": "o.s.web.servlet.DispatcherServlet",
                    "message": "Completed 200 OK" }
                    
{
                    "app": "Crmeb",
                    "timestamp":"2025-09-19 10:00:23.587",
                    "level": "DEBUG",
                    "thread": "http-nio-8081-exec-30",
                    "class": "o.s.web.servlet.DispatcherServlet",
                    "message": "GET "/api/pc/login/getLoginPic", parameters={}" }
                    
{
                    "app": "Crmeb",
                    "timestamp":"2025-09-19 10:00:23.587",
                    "level": "DEBUG",
                    "thread": "http-nio-8081-exec-9",
                    "class": "o.s.web.servlet.DispatcherServlet",
                    "message": "GET "/api/front/login/method/info", parameters={}" }
                    
{
                    "app": "Crmeb",
                    "timestamp":"2025-09-19 10:00:23.588",
                    "level": "DEBUG",
                    "thread": "http-nio-8081-exec-30",
                    "class": "o.s.w.s.m.m.a.RequestMappingHandlerMapping",
                    "message": "Mapped to com.zbkj.front.pc.controller.PcLoginController#getLoginPic()" }
                    
{
                    "app": "Crmeb",
                    "timestamp":"2025-09-19 10:00:23.589",
                    "level": "DEBUG",
                    "thread": "http-nio-8081-exec-9",
                    "class": "o.s.w.s.m.m.a.RequestMappingHandlerMapping",
                    "message": "Mapped to com.zbkj.front.controller.LoginController#getLoginMethod()" }
                    
{
                    "app": "Crmeb",
                    "timestamp":"2025-09-19 10:00:23.596",
                    "level": "DEBUG",
                    "thread": "http-nio-8081-exec-30",
                    "class": "o.s.w.s.m.m.a.RequestResponseBodyMethodProcessor",
                    "message": "Using 'application/json', given [application/json, text/plain, */*] and supported [application/json, application/*+json, application/json, application/*+json]" }
                    
{
                    "app": "Crmeb",
                    "timestamp":"2025-09-19 10:00:23.599",
                    "level": "DEBUG",
                    "thread": "http-nio-8081-exec-30",
                    "class": "o.s.w.s.m.m.a.RequestResponseBodyMethodProcessor",
                    "message": "Writing [com.zbkj.common.response.CommonResult@2f80d789]" }
                    
{
                    "app": "Crmeb",
                    "timestamp":"2025-09-19 10:00:23.600",
                    "level": "DEBUG",
                    "thread": "http-nio-8081-exec-30",
                    "class": "o.s.web.servlet.DispatcherServlet",
                    "message": "Completed 200 OK" }
                    
{
                    "app": "Crmeb",
                    "timestamp":"2025-09-19 10:00:23.616",
                    "level": "DEBUG",
                    "thread": "http-nio-8081-exec-9",
                    "class": "o.s.w.s.m.m.a.RequestResponseBodyMethodProcessor",
                    "message": "Using 'application/json', given [application/json, text/plain, */*] and supported [application/json, application/*+json, application/json, application/*+json]" }
                    
{
                    "app": "Crmeb",
                    "timestamp":"2025-09-19 10:00:23.617",
                    "level": "DEBUG",
                    "thread": "http-nio-8081-exec-9",
                    "class": "o.s.w.s.m.m.a.RequestResponseBodyMethodProcessor",
                    "message": "Writing [com.zbkj.common.response.CommonResult@54cc0686]" }
                    
{
                    "app": "Crmeb",
                    "timestamp":"2025-09-19 10:00:23.617",
                    "level": "DEBUG",
                    "thread": "http-nio-8081-exec-9",
                    "class": "o.s.web.servlet.DispatcherServlet",
                    "message": "Completed 200 OK" }
                    
{
                    "app": "Crmeb",
                    "timestamp":"2025-09-19 10:00:55.849",
                    "level": "DEBUG",
                    "thread": "http-nio-8081-exec-10",
                    "class": "o.s.web.servlet.DispatcherServlet",
                    "message": "POST "/api/front/login/email/captcha", parameters={}" }
                    
{
                    "app": "Crmeb",
                    "timestamp":"2025-09-19 10:00:55.849",
                    "level": "DEBUG",
                    "thread": "http-nio-8081-exec-10",
                    "class": "o.s.w.s.m.m.a.RequestMappingHandlerMapping",
                    "message": "Mapped to com.zbkj.front.controller.LoginController#sendEmailCode(String)" }
                    
{
                    "app": "Crmeb",
                    "timestamp":"2025-09-19 10:00:55.851",
                    "level": "DEBUG",
                    "thread": "http-nio-8081-exec-10",
                    "class": "o.s.w.s.m.m.a.RequestResponseBodyMethodProcessor",
                    "message": "Read "application/json;charset=UTF-8" to ["316571257@qq.com"]" }
                    
{
                    "app": "Crmeb",
                    "timestamp":"2025-09-19 10:00:57.228",
                    "level": "DEBUG",
                    "thread": "http-nio-8081-exec-7",
                    "class": "o.s.web.servlet.DispatcherServlet",
                    "message": "POST "/api/front/login/email/captcha", parameters={}" }
                    
{
                    "app": "Crmeb",
                    "timestamp":"2025-09-19 10:00:57.229",
                    "level": "DEBUG",
                    "thread": "http-nio-8081-exec-7",
                    "class": "o.s.w.s.m.m.a.RequestMappingHandlerMapping",
                    "message": "Mapped to com.zbkj.front.controller.LoginController#sendEmailCode(String)" }
                    
{
                    "app": "Crmeb",
                    "timestamp":"2025-09-19 10:00:57.230",
                    "level": "DEBUG",
                    "thread": "http-nio-8081-exec-7",
                    "class": "o.s.w.s.m.m.a.RequestResponseBodyMethodProcessor",
                    "message": "Read "application/json;charset=UTF-8" to ["316571257@qq.com"]" }
                    
{
                    "app": "Crmeb",
                    "timestamp":"2025-09-19 10:00:58.636",
                    "level": "DEBUG",
                    "thread": "http-nio-8081-exec-13",
                    "class": "o.s.web.servlet.DispatcherServlet",
                    "message": "POST "/api/front/login/email/captcha", parameters={}" }
                    
{
                    "app": "Crmeb",
                    "timestamp":"2025-09-19 10:00:58.636",
                    "level": "DEBUG",
                    "thread": "http-nio-8081-exec-13",
                    "class": "o.s.w.s.m.m.a.RequestMappingHandlerMapping",
                    "message": "Mapped to com.zbkj.front.controller.LoginController#sendEmailCode(String)" }
                    
{
                    "app": "Crmeb",
                    "timestamp":"2025-09-19 10:00:58.638",
                    "level": "DEBUG",
                    "thread": "http-nio-8081-exec-13",
                    "class": "o.s.w.s.m.m.a.RequestResponseBodyMethodProcessor",
                    "message": "Read "application/json;charset=UTF-8" to ["316571257@qq.com"]" }
                    
{
                    "app": "Crmeb",
                    "timestamp":"2025-09-19 10:00:59.894",
                    "level": "DEBUG",
                    "thread": "http-nio-8081-exec-11",
                    "class": "o.s.web.servlet.DispatcherServlet",
                    "message": "POST "/api/front/login/email/captcha", parameters={}" }
                    
{
                    "app": "Crmeb",
                    "timestamp":"2025-09-19 10:00:59.895",
                    "level": "DEBUG",
                    "thread": "http-nio-8081-exec-11",
                    "class": "o.s.w.s.m.m.a.RequestMappingHandlerMapping",
                    "message": "Mapped to com.zbkj.front.controller.LoginController#sendEmailCode(String)" }
                    
{
                    "app": "Crmeb",
                    "timestamp":"2025-09-19 10:00:59.896",
                    "level": "DEBUG",
                    "thread": "http-nio-8081-exec-11",
                    "class": "o.s.w.s.m.m.a.RequestResponseBodyMethodProcessor",
                    "message": "Read "application/json;charset=UTF-8" to ["316571257@qq.com"]" }
                    
{
                    "app": "Crmeb",
                    "timestamp":"2025-09-19 10:01:02.379",
                    "level": "DEBUG",
                    "thread": "http-nio-8081-exec-10",
                    "class": "o.s.w.s.m.m.a.RequestResponseBodyMethodProcessor",
                    "message": "Using 'application/json', given [application/json, text/plain, */*] and supported [application/json, application/*+json, application/json, application/*+json]" }
                    
{
                    "app": "Crmeb",
                    "timestamp":"2025-09-19 10:01:02.381",
                    "level": "DEBUG",
                    "thread": "http-nio-8081-exec-10",
                    "class": "o.s.w.s.m.m.a.RequestResponseBodyMethodProcessor",
                    "message": "Writing [com.zbkj.common.response.CommonResult@49717178]" }
                    
{
                    "app": "Crmeb",
                    "timestamp":"2025-09-19 10:01:02.381",
                    "level": "DEBUG",
                    "thread": "http-nio-8081-exec-7",
                    "class": "o.s.w.s.m.m.a.RequestResponseBodyMethodProcessor",
                    "message": "Using 'application/json', given [application/json, text/plain, */*] and supported [application/json, application/*+json, application/json, application/*+json]" }
                    
{
                    "app": "Crmeb",
                    "timestamp":"2025-09-19 10:01:02.382",
                    "level": "DEBUG",
                    "thread": "http-nio-8081-exec-7",
                    "class": "o.s.w.s.m.m.a.RequestResponseBodyMethodProcessor",
                    "message": "Writing [com.zbkj.common.response.CommonResult@648a1ac9]" }
                    
{
                    "app": "Crmeb",
                    "timestamp":"2025-09-19 10:01:02.382",
                    "level": "DEBUG",
                    "thread": "http-nio-8081-exec-10",
                    "class": "o.s.web.servlet.DispatcherServlet",
                    "message": "Completed 200 OK" }
                    
{
                    "app": "Crmeb",
                    "timestamp":"2025-09-19 10:01:02.383",
                    "level": "DEBUG",
                    "thread": "http-nio-8081-exec-7",
                    "class": "o.s.web.servlet.DispatcherServlet",
                    "message": "Completed 200 OK" }
                    
{
                    "app": "Crmeb",
                    "timestamp":"2025-09-19 10:01:02.510",
                    "level": "DEBUG",
                    "thread": "http-nio-8081-exec-6",
                    "class": "o.s.web.servlet.DispatcherServlet",
                    "message": "POST "/api/front/login/sendCode", parameters={masked}" }
                    
{
                    "app": "Crmeb",
                    "timestamp":"2025-09-19 10:01:02.513",
                    "level": "DEBUG",
                    "thread": "http-nio-8081-exec-6",
                    "class": "o.s.w.s.m.m.a.RequestMappingHandlerMapping",
                    "message": "Mapped to com.zbkj.front.controller.LoginController#sendCode(String, String)" }
                    
{
                    "app": "Crmeb",
                    "timestamp":"2025-09-19 10:01:03.000",
                    "level": "DEBUG",
                    "thread": "http-nio-8081-exec-6",
                    "class": "o.s.w.s.m.m.a.ExceptionHandlerExceptionResolver",
                    "message": "Using @ExceptionHandler com.zbkj.common.exception.GlobalExceptionHandler#defaultExceptionHandler(Exception)" }
                    
{
                    "app": "Crmeb",
                    "timestamp":"2025-09-19 10:01:03.023",
                    "level": "DEBUG",
                    "thread": "http-nio-8081-exec-6",
                    "class": "o.s.w.s.m.m.a.RequestResponseBodyMethodProcessor",
                    "message": "Using 'application/json', given [application/json, text/plain, */*] and supported [application/json, application/*+json, application/json, application/*+json]" }
                    
{
                    "app": "Crmeb",
                    "timestamp":"2025-09-19 10:01:03.023",
                    "level": "DEBUG",
                    "thread": "http-nio-8081-exec-6",
                    "class": "o.s.w.s.m.m.a.RequestResponseBodyMethodProcessor",
                    "message": "Writing [com.zbkj.common.response.CommonResult@2920bd99]" }
                    
{
                    "app": "Crmeb",
                    "timestamp":"2025-09-19 10:01:03.024",
                    "level": "DEBUG",
                    "thread": "http-nio-8081-exec-6",
                    "class": "o.s.w.s.m.m.a.ExceptionHandlerExceptionResolver",
                    "message": "Resolved [com.zbkj.common.exception.CrmebException: 阿里云客户端发送短信异常]" }
                    
{
                    "app": "Crmeb",
                    "timestamp":"2025-09-19 10:01:03.025",
                    "level": "DEBUG",
                    "thread": "http-nio-8081-exec-6",
                    "class": "o.s.web.servlet.DispatcherServlet",
                    "message": "Completed 200 OK" }
                    
{
                    "app": "Crmeb",
                    "timestamp":"2025-09-19 10:01:03.937",
                    "level": "DEBUG",
                    "thread": "http-nio-8081-exec-13",
                    "class": "o.s.w.s.m.m.a.RequestResponseBodyMethodProcessor",
                    "message": "Using 'application/json', given [application/json, text/plain, */*] and supported [application/json, application/*+json, application/json, application/*+json]" }
                    
{
                    "app": "Crmeb",
                    "timestamp":"2025-09-19 10:01:03.937",
                    "level": "DEBUG",
                    "thread": "http-nio-8081-exec-13",
                    "class": "o.s.w.s.m.m.a.RequestResponseBodyMethodProcessor",
                    "message": "Writing [com.zbkj.common.response.CommonResult@60e999e7]" }
                    
{
                    "app": "Crmeb",
                    "timestamp":"2025-09-19 10:01:03.937",
                    "level": "DEBUG",
                    "thread": "http-nio-8081-exec-13",
                    "class": "o.s.web.servlet.DispatcherServlet",
                    "message": "Completed 200 OK" }
                    
{
                    "app": "Crmeb",
                    "timestamp":"2025-09-19 10:01:05.730",
                    "level": "DEBUG",
                    "thread": "http-nio-8081-exec-15",
                    "class": "o.s.web.servlet.DispatcherServlet",
                    "message": "POST "/api/front/login/email/captcha", parameters={}" }
                    
{
                    "app": "Crmeb",
                    "timestamp":"2025-09-19 10:01:05.731",
                    "level": "DEBUG",
                    "thread": "http-nio-8081-exec-15",
                    "class": "o.s.w.s.m.m.a.RequestMappingHandlerMapping",
                    "message": "Mapped to com.zbkj.front.controller.LoginController#sendEmailCode(String)" }
                    
{
                    "app": "Crmeb",
                    "timestamp":"2025-09-19 10:01:05.732",
                    "level": "DEBUG",
                    "thread": "http-nio-8081-exec-15",
                    "class": "o.s.w.s.m.m.a.RequestResponseBodyMethodProcessor",
                    "message": "Read "application/json;charset=UTF-8" to ["316571257@qq.com"]" }
                    
{
                    "app": "Crmeb",
                    "timestamp":"2025-09-19 10:01:06.557",
                    "level": "DEBUG",
                    "thread": "http-nio-8081-exec-11",
                    "class": "o.s.w.s.m.m.a.RequestResponseBodyMethodProcessor",
                    "message": "Using 'application/json', given [application/json, text/plain, */*] and supported [application/json, application/*+json, application/json, application/*+json]" }
                    
{
                    "app": "Crmeb",
                    "timestamp":"2025-09-19 10:01:06.558",
                    "level": "DEBUG",
                    "thread": "http-nio-8081-exec-11",
                    "class": "o.s.w.s.m.m.a.RequestResponseBodyMethodProcessor",
                    "message": "Writing [com.zbkj.common.response.CommonResult@28af2466]" }
                    
{
                    "app": "Crmeb",
                    "timestamp":"2025-09-19 10:01:06.558",
                    "level": "DEBUG",
                    "thread": "http-nio-8081-exec-11",
                    "class": "o.s.web.servlet.DispatcherServlet",
                    "message": "Completed 200 OK" }
                    
{
                    "app": "Crmeb",
                    "timestamp":"2025-09-19 10:01:10.909",
                    "level": "DEBUG",
                    "thread": "http-nio-8081-exec-15",
                    "class": "o.s.w.s.m.m.a.RequestResponseBodyMethodProcessor",
                    "message": "Using 'application/json', given [application/json, text/plain, */*] and supported [application/json, application/*+json, application/json, application/*+json]" }
                    
{
                    "app": "Crmeb",
                    "timestamp":"2025-09-19 10:01:10.910",
                    "level": "DEBUG",
                    "thread": "http-nio-8081-exec-15",
                    "class": "o.s.w.s.m.m.a.RequestResponseBodyMethodProcessor",
                    "message": "Writing [com.zbkj.common.response.CommonResult@1e338b39]" }
                    
{
                    "app": "Crmeb",
                    "timestamp":"2025-09-19 10:01:10.910",
                    "level": "DEBUG",
                    "thread": "http-nio-8081-exec-15",
                    "class": "o.s.web.servlet.DispatcherServlet",
                    "message": "Completed 200 OK" }
                    
{
                    "app": "Crmeb",
                    "timestamp":"2025-09-19 10:16:36.974",
                    "level": "DEBUG",
                    "thread": "http-nio-8081-exec-5",
                    "class": "o.s.web.servlet.DispatcherServlet",
                    "message": "GET "/api/front/login/method/info", parameters={}" }
                    
{
                    "app": "Crmeb",
                    "timestamp":"2025-09-19 10:16:36.976",
                    "level": "DEBUG",
                    "thread": "http-nio-8081-exec-4",
                    "class": "o.s.web.servlet.DispatcherServlet",
                    "message": "GET "/api/pc/login/getLoginPic", parameters={}" }
                    
{
                    "app": "Crmeb",
                    "timestamp":"2025-09-19 10:16:36.976",
                    "level": "DEBUG",
                    "thread": "http-nio-8081-exec-5",
                    "class": "o.s.w.s.m.m.a.RequestMappingHandlerMapping",
                    "message": "Mapped to com.zbkj.front.controller.LoginController#getLoginMethod()" }
                    
{
                    "app": "Crmeb",
                    "timestamp":"2025-09-19 10:16:36.977",
                    "level": "DEBUG",
                    "thread": "http-nio-8081-exec-4",
                    "class": "o.s.w.s.m.m.a.RequestMappingHandlerMapping",
                    "message": "Mapped to com.zbkj.front.pc.controller.PcLoginController#getLoginPic()" }
                    
{
                    "app": "Crmeb",
                    "timestamp":"2025-09-19 10:16:36.991",
                    "level": "DEBUG",
                    "thread": "http-nio-8081-exec-4",
                    "class": "o.s.w.s.m.m.a.RequestResponseBodyMethodProcessor",
                    "message": "Using 'application/json', given [application/json, text/plain, */*] and supported [application/json, application/*+json, application/json, application/*+json]" }
                    
{
                    "app": "Crmeb",
                    "timestamp":"2025-09-19 10:16:36.991",
                    "level": "DEBUG",
                    "thread": "http-nio-8081-exec-4",
                    "class": "o.s.w.s.m.m.a.RequestResponseBodyMethodProcessor",
                    "message": "Writing [com.zbkj.common.response.CommonResult@11d05966]" }
                    
{
                    "app": "Crmeb",
                    "timestamp":"2025-09-19 10:16:36.993",
                    "level": "DEBUG",
                    "thread": "http-nio-8081-exec-4",
                    "class": "o.s.web.servlet.DispatcherServlet",
                    "message": "Completed 200 OK" }
                    
{
                    "app": "Crmeb",
                    "timestamp":"2025-09-19 10:16:37.015",
                    "level": "DEBUG",
                    "thread": "http-nio-8081-exec-5",
                    "class": "o.s.w.s.m.m.a.RequestResponseBodyMethodProcessor",
                    "message": "Using 'application/json', given [application/json, text/plain, */*] and supported [application/json, application/*+json, application/json, application/*+json]" }
                    
{
                    "app": "Crmeb",
                    "timestamp":"2025-09-19 10:16:37.016",
                    "level": "DEBUG",
                    "thread": "http-nio-8081-exec-5",
                    "class": "o.s.w.s.m.m.a.RequestResponseBodyMethodProcessor",
                    "message": "Writing [com.zbkj.common.response.CommonResult@74f1e823]" }
                    
{
                    "app": "Crmeb",
                    "timestamp":"2025-09-19 10:16:37.016",
                    "level": "DEBUG",
                    "thread": "http-nio-8081-exec-5",
                    "class": "o.s.web.servlet.DispatcherServlet",
                    "message": "Completed 200 OK" }
                    
{
                    "app": "Crmeb",
                    "timestamp":"2025-09-19 10:17:30.091",
                    "level": "DEBUG",
                    "thread": "http-nio-8081-exec-23",
                    "class": "o.s.web.servlet.DispatcherServlet",
                    "message": "GET "/api/pc/login/getLoginPic", parameters={}" }
                    
{
                    "app": "Crmeb",
                    "timestamp":"2025-09-19 10:17:30.091",
                    "level": "DEBUG",
                    "thread": "http-nio-8081-exec-3",
                    "class": "o.s.web.servlet.DispatcherServlet",
                    "message": "GET "/api/front/login/method/info", parameters={}" }
                    
{
                    "app": "Crmeb",
                    "timestamp":"2025-09-19 10:17:30.093",
                    "level": "DEBUG",
                    "thread": "http-nio-8081-exec-23",
                    "class": "o.s.w.s.m.m.a.RequestMappingHandlerMapping",
                    "message": "Mapped to com.zbkj.front.pc.controller.PcLoginController#getLoginPic()" }
                    
{
                    "app": "Crmeb",
                    "timestamp":"2025-09-19 10:17:30.094",
                    "level": "DEBUG",
                    "thread": "http-nio-8081-exec-3",
                    "class": "o.s.w.s.m.m.a.RequestMappingHandlerMapping",
                    "message": "Mapped to com.zbkj.front.controller.LoginController#getLoginMethod()" }
                    
{
                    "app": "Crmeb",
                    "timestamp":"2025-09-19 10:17:30.110",
                    "level": "DEBUG",
                    "thread": "http-nio-8081-exec-23",
                    "class": "o.s.w.s.m.m.a.RequestResponseBodyMethodProcessor",
                    "message": "Using 'application/json', given [application/json, text/plain, */*] and supported [application/json, application/*+json, application/json, application/*+json]" }
                    
{
                    "app": "Crmeb",
                    "timestamp":"2025-09-19 10:17:30.111",
                    "level": "DEBUG",
                    "thread": "http-nio-8081-exec-23",
                    "class": "o.s.w.s.m.m.a.RequestResponseBodyMethodProcessor",
                    "message": "Writing [com.zbkj.common.response.CommonResult@7d5406fc]" }
                    
{
                    "app": "Crmeb",
                    "timestamp":"2025-09-19 10:17:30.111",
                    "level": "DEBUG",
                    "thread": "http-nio-8081-exec-23",
                    "class": "o.s.web.servlet.DispatcherServlet",
                    "message": "Completed 200 OK" }
                    
{
                    "app": "Crmeb",
                    "timestamp":"2025-09-19 10:17:30.130",
                    "level": "DEBUG",
                    "thread": "http-nio-8081-exec-3",
                    "class": "o.s.w.s.m.m.a.RequestResponseBodyMethodProcessor",
                    "message": "Using 'application/json', given [application/json, text/plain, */*] and supported [application/json, application/*+json, application/json, application/*+json]" }
                    
{
                    "app": "Crmeb",
                    "timestamp":"2025-09-19 10:17:30.131",
                    "level": "DEBUG",
                    "thread": "http-nio-8081-exec-3",
                    "class": "o.s.w.s.m.m.a.RequestResponseBodyMethodProcessor",
                    "message": "Writing [com.zbkj.common.response.CommonResult@61d69a3b]" }
                    
{
                    "app": "Crmeb",
                    "timestamp":"2025-09-19 10:17:30.131",
                    "level": "DEBUG",
                    "thread": "http-nio-8081-exec-3",
                    "class": "o.s.web.servlet.DispatcherServlet",
                    "message": "Completed 200 OK" }
                    
{
                    "app": "Crmeb",
                    "timestamp":"2025-09-19 10:17:33.142",
                    "level": "DEBUG",
                    "thread": "http-nio-8081-exec-28",
                    "class": "o.s.web.servlet.DispatcherServlet",
                    "message": "GET "/api/pc/login/getLoginPic", parameters={}" }
                    
{
                    "app": "Crmeb",
                    "timestamp":"2025-09-19 10:17:33.142",
                    "level": "DEBUG",
                    "thread": "http-nio-8081-exec-12",
                    "class": "o.s.web.servlet.DispatcherServlet",
                    "message": "GET "/api/front/login/method/info", parameters={}" }
                    
{
                    "app": "Crmeb",
                    "timestamp":"2025-09-19 10:17:33.144",
                    "level": "DEBUG",
                    "thread": "http-nio-8081-exec-28",
                    "class": "o.s.w.s.m.m.a.RequestMappingHandlerMapping",
                    "message": "Mapped to com.zbkj.front.pc.controller.PcLoginController#getLoginPic()" }
                    
{
                    "app": "Crmeb",
                    "timestamp":"2025-09-19 10:17:33.145",
                    "level": "DEBUG",
                    "thread": "http-nio-8081-exec-12",
                    "class": "o.s.w.s.m.m.a.RequestMappingHandlerMapping",
                    "message": "Mapped to com.zbkj.front.controller.LoginController#getLoginMethod()" }
                    
{
                    "app": "Crmeb",
                    "timestamp":"2025-09-19 10:17:33.154",
                    "level": "DEBUG",
                    "thread": "http-nio-8081-exec-28",
                    "class": "o.s.w.s.m.m.a.RequestResponseBodyMethodProcessor",
                    "message": "Using 'application/json', given [application/json, text/plain, */*] and supported [application/json, application/*+json, application/json, application/*+json]" }
                    
{
                    "app": "Crmeb",
                    "timestamp":"2025-09-19 10:17:33.154",
                    "level": "DEBUG",
                    "thread": "http-nio-8081-exec-28",
                    "class": "o.s.w.s.m.m.a.RequestResponseBodyMethodProcessor",
                    "message": "Writing [com.zbkj.common.response.CommonResult@74cf2b3f]" }
                    
{
                    "app": "Crmeb",
                    "timestamp":"2025-09-19 10:17:33.155",
                    "level": "DEBUG",
                    "thread": "http-nio-8081-exec-28",
                    "class": "o.s.web.servlet.DispatcherServlet",
                    "message": "Completed 200 OK" }
                    
{
                    "app": "Crmeb",
                    "timestamp":"2025-09-19 10:17:33.181",
                    "level": "DEBUG",
                    "thread": "http-nio-8081-exec-12",
                    "class": "o.s.w.s.m.m.a.RequestResponseBodyMethodProcessor",
                    "message": "Using 'application/json', given [application/json, text/plain, */*] and supported [application/json, application/*+json, application/json, application/*+json]" }
                    
{
                    "app": "Crmeb",
                    "timestamp":"2025-09-19 10:17:33.181",
                    "level": "DEBUG",
                    "thread": "http-nio-8081-exec-12",
                    "class": "o.s.w.s.m.m.a.RequestResponseBodyMethodProcessor",
                    "message": "Writing [com.zbkj.common.response.CommonResult@2d8bd2ab]" }
                    
{
                    "app": "Crmeb",
                    "timestamp":"2025-09-19 10:17:33.183",
                    "level": "DEBUG",
                    "thread": "http-nio-8081-exec-12",
                    "class": "o.s.web.servlet.DispatcherServlet",
                    "message": "Completed 200 OK" }
                    
{
                    "app": "Crmeb",
                    "timestamp":"2025-09-19 10:20:29.741",
                    "level": "DEBUG",
                    "thread": "http-nio-8081-exec-14",
                    "class": "o.s.web.servlet.DispatcherServlet",
                    "message": "GET "/api/front/product/leaderboard", parameters={}" }
                    
{
                    "app": "Crmeb",
                    "timestamp":"2025-09-19 10:20:29.746",
                    "level": "DEBUG",
                    "thread": "http-nio-8081-exec-14",
                    "class": "o.s.w.s.m.m.a.RequestMappingHandlerMapping",
                    "message": "Mapped to com.zbkj.front.controller.ProductController#getLeaderboard()" }
                    
{
                    "app": "Crmeb",
                    "timestamp":"2025-09-19 10:20:29.742",
                    "level": "DEBUG",
                    "thread": "http-nio-8081-exec-17",
                    "class": "o.s.web.servlet.DispatcherServlet",
                    "message": "GET "/api/front/activity/index/list", parameters={}" }
                    
{
                    "app": "Crmeb",
                    "timestamp":"2025-09-19 10:20:29.742",
                    "level": "DEBUG",
                    "thread": "http-nio-8081-exec-6",
                    "class": "o.s.web.servlet.DispatcherServlet",
                    "message": "GET "/api/front/merchant/street", parameters={}" }
                    
{
                    "app": "Crmeb",
                    "timestamp":"2025-09-19 10:20:29.742",
                    "level": "DEBUG",
                    "thread": "http-nio-8081-exec-13",
                    "class": "o.s.web.servlet.DispatcherServlet",
                    "message": "GET "/api/pc/home/index", parameters={}" }
                    
{
                    "app": "Crmeb",
                    "timestamp":"2025-09-19 10:20:29.745",
                    "level": "DEBUG",
                    "thread": "http-nio-8081-exec-11",
                    "class": "o.s.web.servlet.DispatcherServlet",
                    "message": "GET "/api/front/index/product?page=1&limit=13", parameters={masked}" }
                    
{
                    "app": "Crmeb",
                    "timestamp":"2025-09-19 10:20:29.747",
                    "level": "DEBUG",
                    "thread": "http-nio-8081-exec-17",
                    "class": "o.s.w.s.m.m.a.RequestMappingHandlerMapping",
                    "message": "Mapped to com.zbkj.front.controller.ActivityController#getIndexList()" }
                    
{
                    "app": "Crmeb",
                    "timestamp":"2025-09-19 10:20:29.747",
                    "level": "DEBUG",
                    "thread": "http-nio-8081-exec-6",
                    "class": "o.s.w.s.m.m.a.RequestMappingHandlerMapping",
                    "message": "Mapped to com.zbkj.front.controller.MerchantController#getStreet(PageParamRequest)" }
                    
{
                    "app": "Crmeb",
                    "timestamp":"2025-09-19 10:20:29.748",
                    "level": "DEBUG",
                    "thread": "http-nio-8081-exec-13",
                    "class": "o.s.w.s.m.m.a.RequestMappingHandlerMapping",
                    "message": "Mapped to com.zbkj.front.pc.controller.PcIndexController#getIndexInfo()" }
                    
{
                    "app": "Crmeb",
                    "timestamp":"2025-09-19 10:20:29.749",
                    "level": "DEBUG",
                    "thread": "http-nio-8081-exec-11",
                    "class": "o.s.w.s.m.m.a.RequestMappingHandlerMapping",
                    "message": "Mapped to com.zbkj.front.controller.IndexController#getProductList(PageParamRequest)" }
                    
{
                    "app": "Crmeb",
                    "timestamp":"2025-09-19 10:20:29.770",
                    "level": "DEBUG",
                    "thread": "http-nio-8081-exec-14",
                    "class": "o.s.w.s.m.m.a.RequestResponseBodyMethodProcessor",
                    "message": "Using 'application/json', given [application/json, text/plain, */*] and supported [application/json, application/*+json, application/json, application/*+json]" }
                    
{
                    "app": "Crmeb",
                    "timestamp":"2025-09-19 10:20:29.770",
                    "level": "DEBUG",
                    "thread": "http-nio-8081-exec-14",
                    "class": "o.s.w.s.m.m.a.RequestResponseBodyMethodProcessor",
                    "message": "Writing [com.zbkj.common.response.CommonResult@53626b20]" }
                    
{
                    "app": "Crmeb",
                    "timestamp":"2025-09-19 10:20:29.772",
                    "level": "DEBUG",
                    "thread": "http-nio-8081-exec-14",
                    "class": "o.s.web.servlet.DispatcherServlet",
                    "message": "Completed 200 OK" }
                    
{
                    "app": "Crmeb",
                    "timestamp":"2025-09-19 10:20:29.783",
                    "level": "DEBUG",
                    "thread": "http-nio-8081-exec-11",
                    "class": "o.s.w.s.m.m.a.RequestResponseBodyMethodProcessor",
                    "message": "Using 'application/json', given [application/json, text/plain, */*] and supported [application/json, application/*+json, application/json, application/*+json]" }
                    
{
                    "app": "Crmeb",
                    "timestamp":"2025-09-19 10:20:29.785",
                    "level": "DEBUG",
                    "thread": "http-nio-8081-exec-11",
                    "class": "o.s.w.s.m.m.a.RequestResponseBodyMethodProcessor",
                    "message": "Writing [com.zbkj.common.response.CommonResult@6b8828b5]" }
                    
{
                    "app": "Crmeb",
                    "timestamp":"2025-09-19 10:20:29.786",
                    "level": "DEBUG",
                    "thread": "http-nio-8081-exec-11",
                    "class": "o.s.web.servlet.DispatcherServlet",
                    "message": "Completed 200 OK" }
                    
{
                    "app": "Crmeb",
                    "timestamp":"2025-09-19 10:20:29.787",
                    "level": "DEBUG",
                    "thread": "http-nio-8081-exec-6",
                    "class": "o.s.w.s.m.m.a.RequestResponseBodyMethodProcessor",
                    "message": "Using 'application/json', given [application/json, text/plain, */*] and supported [application/json, application/*+json, application/json, application/*+json]" }
                    
{
                    "app": "Crmeb",
                    "timestamp":"2025-09-19 10:20:29.788",
                    "level": "DEBUG",
                    "thread": "http-nio-8081-exec-6",
                    "class": "o.s.w.s.m.m.a.RequestResponseBodyMethodProcessor",
                    "message": "Writing [com.zbkj.common.response.CommonResult@4377149a]" }
                    
{
                    "app": "Crmeb",
                    "timestamp":"2025-09-19 10:20:29.789",
                    "level": "DEBUG",
                    "thread": "http-nio-8081-exec-6",
                    "class": "o.s.web.servlet.DispatcherServlet",
                    "message": "Completed 200 OK" }
                    
{
                    "app": "Crmeb",
                    "timestamp":"2025-09-19 10:20:29.830",
                    "level": "DEBUG",
                    "thread": "http-nio-8081-exec-17",
                    "class": "o.s.w.s.m.m.a.RequestResponseBodyMethodProcessor",
                    "message": "Using 'application/json', given [application/json, text/plain, */*] and supported [application/json, application/*+json, application/json, application/*+json]" }
                    
{
                    "app": "Crmeb",
                    "timestamp":"2025-09-19 10:20:29.833",
                    "level": "DEBUG",
                    "thread": "http-nio-8081-exec-17",
                    "class": "o.s.w.s.m.m.a.RequestResponseBodyMethodProcessor",
                    "message": "Writing [com.zbkj.common.response.CommonResult@376af109]" }
                    
{
                    "app": "Crmeb",
                    "timestamp":"2025-09-19 10:20:29.834",
                    "level": "DEBUG",
                    "thread": "http-nio-8081-exec-17",
                    "class": "o.s.web.servlet.DispatcherServlet",
                    "message": "Completed 200 OK" }
                    
{
                    "app": "Crmeb",
                    "timestamp":"2025-09-19 10:20:29.839",
                    "level": "DEBUG",
                    "thread": "http-nio-8081-exec-13",
                    "class": "o.s.w.s.m.m.a.RequestResponseBodyMethodProcessor",
                    "message": "Using 'application/json', given [application/json, text/plain, */*] and supported [application/json, application/*+json, application/json, application/*+json]" }
                    
{
                    "app": "Crmeb",
                    "timestamp":"2025-09-19 10:20:29.839",
                    "level": "DEBUG",
                    "thread": "http-nio-8081-exec-13",
                    "class": "o.s.w.s.m.m.a.RequestResponseBodyMethodProcessor",
                    "message": "Writing [com.zbkj.common.response.CommonResult@528a20ac]" }
                    
{
                    "app": "Crmeb",
                    "timestamp":"2025-09-19 10:20:29.840",
                    "level": "DEBUG",
                    "thread": "http-nio-8081-exec-13",
                    "class": "o.s.web.servlet.DispatcherServlet",
                    "message": "Completed 200 OK" }
                    
{
                    "app": "Crmeb",
                    "timestamp":"2025-09-19 10:20:29.844",
                    "level": "DEBUG",
                    "thread": "http-nio-8081-exec-17",
                    "class": "o.s.web.servlet.DispatcherServlet",
                    "message": "GET "/api/front/activity/index/list", parameters={}" }
                    
{
                    "app": "Crmeb",
                    "timestamp":"2025-09-19 10:20:29.845",
                    "level": "DEBUG",
                    "thread": "http-nio-8081-exec-17",
                    "class": "o.s.w.s.m.m.a.RequestMappingHandlerMapping",
                    "message": "Mapped to com.zbkj.front.controller.ActivityController#getIndexList()" }
                    
{
                    "app": "Crmeb",
                    "timestamp":"2025-09-19 10:20:29.875",
                    "level": "DEBUG",
                    "thread": "http-nio-8081-exec-17",
                    "class": "o.s.w.s.m.m.a.RequestResponseBodyMethodProcessor",
                    "message": "Using 'application/json', given [application/json, text/plain, */*] and supported [application/json, application/*+json, application/json, application/*+json]" }
                    
{
                    "app": "Crmeb",
                    "timestamp":"2025-09-19 10:20:29.875",
                    "level": "DEBUG",
                    "thread": "http-nio-8081-exec-17",
                    "class": "o.s.w.s.m.m.a.RequestResponseBodyMethodProcessor",
                    "message": "Writing [com.zbkj.common.response.CommonResult@275a75a1]" }
                    
{
                    "app": "Crmeb",
                    "timestamp":"2025-09-19 10:20:29.876",
                    "level": "DEBUG",
                    "thread": "http-nio-8081-exec-17",
                    "class": "o.s.web.servlet.DispatcherServlet",
                    "message": "Completed 200 OK" }
                    
{
                    "app": "Crmeb",
                    "timestamp":"2025-09-19 10:20:29.907",
                    "level": "DEBUG",
                    "thread": "http-nio-8081-exec-18",
                    "class": "o.s.web.servlet.DispatcherServlet",
                    "message": "GET "/api/front/index/product?page=1&limit=13", parameters={masked}" }
                    
{
                    "app": "Crmeb",
                    "timestamp":"2025-09-19 10:20:29.908",
                    "level": "DEBUG",
                    "thread": "http-nio-8081-exec-18",
                    "class": "o.s.w.s.m.m.a.RequestMappingHandlerMapping",
                    "message": "Mapped to com.zbkj.front.controller.IndexController#getProductList(PageParamRequest)" }
                    
{
                    "app": "Crmeb",
                    "timestamp":"2025-09-19 10:20:29.921",
                    "level": "DEBUG",
                    "thread": "http-nio-8081-exec-18",
                    "class": "o.s.w.s.m.m.a.RequestResponseBodyMethodProcessor",
                    "message": "Using 'application/json', given [application/json, text/plain, */*] and supported [application/json, application/*+json, application/json, application/*+json]" }
                    
{
                    "app": "Crmeb",
                    "timestamp":"2025-09-19 10:20:29.922",
                    "level": "DEBUG",
                    "thread": "http-nio-8081-exec-18",
                    "class": "o.s.w.s.m.m.a.RequestResponseBodyMethodProcessor",
                    "message": "Writing [com.zbkj.common.response.CommonResult@43008971]" }
                    
{
                    "app": "Crmeb",
                    "timestamp":"2025-09-19 10:20:29.923",
                    "level": "DEBUG",
                    "thread": "http-nio-8081-exec-18",
                    "class": "o.s.web.servlet.DispatcherServlet",
                    "message": "Completed 200 OK" }
                    
{
                    "app": "Crmeb",
                    "timestamp":"2025-09-19 10:30:09.899",
                    "level": "DEBUG",
                    "thread": "http-nio-8081-exec-27",
                    "class": "o.s.web.servlet.DispatcherServlet",
                    "message": "GET "/api/front/product/list?cid=42&page=1&limit=20&priceOrder=&salesOrder=&keyword=", parameters={masked}" }
                    
{
                    "app": "Crmeb",
                    "timestamp":"2025-09-19 10:30:09.899",
                    "level": "DEBUG",
                    "thread": "http-nio-8081-exec-5",
                    "class": "o.s.web.servlet.DispatcherServlet",
                    "message": "GET "/api/front/merchant/search/list?keywords=&page=1&limit=20", parameters={masked}" }
                    
{
                    "app": "Crmeb",
                    "timestamp":"2025-09-19 10:30:09.900",
                    "level": "DEBUG",
                    "thread": "http-nio-8081-exec-27",
                    "class": "o.s.w.s.m.m.a.RequestMappingHandlerMapping",
                    "message": "Mapped to com.zbkj.front.controller.ProductController#getList(ProductRequest, PageParamRequest)" }
                    
{
                    "app": "Crmeb",
                    "timestamp":"2025-09-19 10:30:09.902",
                    "level": "DEBUG",
                    "thread": "http-nio-8081-exec-5",
                    "class": "o.s.w.s.m.m.a.RequestMappingHandlerMapping",
                    "message": "Mapped to com.zbkj.front.controller.MerchantController#searchList(MerchantMoveSearchRequest, PageParamRequest)" }
                    
{
                    "app": "Crmeb",
                    "timestamp":"2025-09-19 10:30:09.912",
                    "level": "DEBUG",
                    "thread": "http-nio-8081-exec-27",
                    "class": "o.s.w.s.m.m.a.RequestResponseBodyMethodProcessor",
                    "message": "Using 'application/json', given [application/json, text/plain, */*] and supported [application/json, application/*+json, application/json, application/*+json]" }
                    
{
                    "app": "Crmeb",
                    "timestamp":"2025-09-19 10:30:09.913",
                    "level": "DEBUG",
                    "thread": "http-nio-8081-exec-27",
                    "class": "o.s.w.s.m.m.a.RequestResponseBodyMethodProcessor",
                    "message": "Writing [com.zbkj.common.response.CommonResult@17682141]" }
                    
{
                    "app": "Crmeb",
                    "timestamp":"2025-09-19 10:30:09.913",
                    "level": "DEBUG",
                    "thread": "http-nio-8081-exec-27",
                    "class": "o.s.web.servlet.DispatcherServlet",
                    "message": "Completed 200 OK" }
                    
{
                    "app": "Crmeb",
                    "timestamp":"2025-09-19 10:30:09.918",
                    "level": "DEBUG",
                    "thread": "http-nio-8081-exec-5",
                    "class": "o.s.w.s.m.m.a.RequestResponseBodyMethodProcessor",
                    "message": "Using 'application/json', given [application/json, text/plain, */*] and supported [application/json, application/*+json, application/json, application/*+json]" }
                    
{
                    "app": "Crmeb",
                    "timestamp":"2025-09-19 10:30:09.918",
                    "level": "DEBUG",
                    "thread": "http-nio-8081-exec-5",
                    "class": "o.s.w.s.m.m.a.RequestResponseBodyMethodProcessor",
                    "message": "Writing [com.zbkj.common.response.CommonResult@7212544e]" }
                    
{
                    "app": "Crmeb",
                    "timestamp":"2025-09-19 10:30:09.919",
                    "level": "DEBUG",
                    "thread": "http-nio-8081-exec-5",
                    "class": "o.s.web.servlet.DispatcherServlet",
                    "message": "Completed 200 OK" }
                    
{
                    "app": "Crmeb",
                    "timestamp":"2025-09-19 10:30:17.172",
                    "level": "DEBUG",
                    "thread": "http-nio-8081-exec-12",
                    "class": "o.s.web.servlet.DispatcherServlet",
                    "message": "GET "/api/front/merchant/street", parameters={}" }
                    
{
                    "app": "Crmeb",
                    "timestamp":"2025-09-19 10:30:17.172",
                    "level": "DEBUG",
                    "thread": "http-nio-8081-exec-1",
                    "class": "o.s.web.servlet.DispatcherServlet",
                    "message": "GET "/api/pc/home/index", parameters={}" }
                    
{
                    "app": "Crmeb",
                    "timestamp":"2025-09-19 10:30:17.172",
                    "level": "DEBUG",
                    "thread": "http-nio-8081-exec-9",
                    "class": "o.s.web.servlet.DispatcherServlet",
                    "message": "GET "/api/front/activity/index/list", parameters={}" }
                    
{
                    "app": "Crmeb",
                    "timestamp":"2025-09-19 10:30:17.173",
                    "level": "DEBUG",
                    "thread": "http-nio-8081-exec-10",
                    "class": "o.s.web.servlet.DispatcherServlet",
                    "message": "GET "/api/front/product/leaderboard", parameters={}" }
                    
{
                    "app": "Crmeb",
                    "timestamp":"2025-09-19 10:30:17.174",
                    "level": "DEBUG",
                    "thread": "http-nio-8081-exec-12",
                    "class": "o.s.w.s.m.m.a.RequestMappingHandlerMapping",
                    "message": "Mapped to com.zbkj.front.controller.MerchantController#getStreet(PageParamRequest)" }
                    
{
                    "app": "Crmeb",
                    "timestamp":"2025-09-19 10:30:17.174",
                    "level": "DEBUG",
                    "thread": "http-nio-8081-exec-2",
                    "class": "o.s.web.servlet.DispatcherServlet",
                    "message": "GET "/api/front/index/product?page=1&limit=13", parameters={masked}" }
                    
{
                    "app": "Crmeb",
                    "timestamp":"2025-09-19 10:30:17.175",
                    "level": "DEBUG",
                    "thread": "http-nio-8081-exec-1",
                    "class": "o.s.w.s.m.m.a.RequestMappingHandlerMapping",
                    "message": "Mapped to com.zbkj.front.pc.controller.PcIndexController#getIndexInfo()" }
                    
{
                    "app": "Crmeb",
                    "timestamp":"2025-09-19 10:30:17.175",
                    "level": "DEBUG",
                    "thread": "http-nio-8081-exec-9",
                    "class": "o.s.w.s.m.m.a.RequestMappingHandlerMapping",
                    "message": "Mapped to com.zbkj.front.controller.ActivityController#getIndexList()" }
                    
{
                    "app": "Crmeb",
                    "timestamp":"2025-09-19 10:30:17.175",
                    "level": "DEBUG",
                    "thread": "http-nio-8081-exec-10",
                    "class": "o.s.w.s.m.m.a.RequestMappingHandlerMapping",
                    "message": "Mapped to com.zbkj.front.controller.ProductController#getLeaderboard()" }
                    
{
                    "app": "Crmeb",
                    "timestamp":"2025-09-19 10:30:17.176",
                    "level": "DEBUG",
                    "thread": "http-nio-8081-exec-2",
                    "class": "o.s.w.s.m.m.a.RequestMappingHandlerMapping",
                    "message": "Mapped to com.zbkj.front.controller.IndexController#getProductList(PageParamRequest)" }
                    
{
                    "app": "Crmeb",
                    "timestamp":"2025-09-19 10:30:17.189",
                    "level": "DEBUG",
                    "thread": "http-nio-8081-exec-10",
                    "class": "o.s.w.s.m.m.a.RequestResponseBodyMethodProcessor",
                    "message": "Using 'application/json', given [application/json, text/plain, */*] and supported [application/json, application/*+json, application/json, application/*+json]" }
                    
{
                    "app": "Crmeb",
                    "timestamp":"2025-09-19 10:30:17.189",
                    "level": "DEBUG",
                    "thread": "http-nio-8081-exec-10",
                    "class": "o.s.w.s.m.m.a.RequestResponseBodyMethodProcessor",
                    "message": "Writing [com.zbkj.common.response.CommonResult@1d84fe08]" }
                    
{
                    "app": "Crmeb",
                    "timestamp":"2025-09-19 10:30:17.190",
                    "level": "DEBUG",
                    "thread": "http-nio-8081-exec-10",
                    "class": "o.s.web.servlet.DispatcherServlet",
                    "message": "Completed 200 OK" }
                    
{
                    "app": "Crmeb",
                    "timestamp":"2025-09-19 10:30:17.191",
                    "level": "DEBUG",
                    "thread": "http-nio-8081-exec-12",
                    "class": "o.s.w.s.m.m.a.RequestResponseBodyMethodProcessor",
                    "message": "Using 'application/json', given [application/json, text/plain, */*] and supported [application/json, application/*+json, application/json, application/*+json]" }
                    
{
                    "app": "Crmeb",
                    "timestamp":"2025-09-19 10:30:17.192",
                    "level": "DEBUG",
                    "thread": "http-nio-8081-exec-12",
                    "class": "o.s.w.s.m.m.a.RequestResponseBodyMethodProcessor",
                    "message": "Writing [com.zbkj.common.response.CommonResult@54c00b80]" }
                    
{
                    "app": "Crmeb",
                    "timestamp":"2025-09-19 10:30:17.192",
                    "level": "DEBUG",
                    "thread": "http-nio-8081-exec-12",
                    "class": "o.s.web.servlet.DispatcherServlet",
                    "message": "Completed 200 OK" }
                    
{
                    "app": "Crmeb",
                    "timestamp":"2025-09-19 10:30:17.193",
                    "level": "DEBUG",
                    "thread": "http-nio-8081-exec-2",
                    "class": "o.s.w.s.m.m.a.RequestResponseBodyMethodProcessor",
                    "message": "Using 'application/json', given [application/json, text/plain, */*] and supported [application/json, application/*+json, application/json, application/*+json]" }
                    
{
                    "app": "Crmeb",
                    "timestamp":"2025-09-19 10:30:17.195",
                    "level": "DEBUG",
                    "thread": "http-nio-8081-exec-2",
                    "class": "o.s.w.s.m.m.a.RequestResponseBodyMethodProcessor",
                    "message": "Writing [com.zbkj.common.response.CommonResult@168c1ce1]" }
                    
{
                    "app": "Crmeb",
                    "timestamp":"2025-09-19 10:30:17.195",
                    "level": "DEBUG",
                    "thread": "http-nio-8081-exec-2",
                    "class": "o.s.web.servlet.DispatcherServlet",
                    "message": "Completed 200 OK" }
                    
{
                    "app": "Crmeb",
                    "timestamp":"2025-09-19 10:30:17.210",
                    "level": "DEBUG",
                    "thread": "http-nio-8081-exec-1",
                    "class": "o.s.w.s.m.m.a.RequestResponseBodyMethodProcessor",
                    "message": "Using 'application/json', given [application/json, text/plain, */*] and supported [application/json, application/*+json, application/json, application/*+json]" }
                    
{
                    "app": "Crmeb",
                    "timestamp":"2025-09-19 10:30:17.210",
                    "level": "DEBUG",
                    "thread": "http-nio-8081-exec-9",
                    "class": "o.s.w.s.m.m.a.RequestResponseBodyMethodProcessor",
                    "message": "Using 'application/json', given [application/json, text/plain, */*] and supported [application/json, application/*+json, application/json, application/*+json]" }
                    
{
                    "app": "Crmeb",
                    "timestamp":"2025-09-19 10:30:17.210",
                    "level": "DEBUG",
                    "thread": "http-nio-8081-exec-1",
                    "class": "o.s.w.s.m.m.a.RequestResponseBodyMethodProcessor",
                    "message": "Writing [com.zbkj.common.response.CommonResult@6e0b09b]" }
                    
{
                    "app": "Crmeb",
                    "timestamp":"2025-09-19 10:30:17.210",
                    "level": "DEBUG",
                    "thread": "http-nio-8081-exec-9",
                    "class": "o.s.w.s.m.m.a.RequestResponseBodyMethodProcessor",
                    "message": "Writing [com.zbkj.common.response.CommonResult@59837864]" }
                    
{
                    "app": "Crmeb",
                    "timestamp":"2025-09-19 10:30:17.211",
                    "level": "DEBUG",
                    "thread": "http-nio-8081-exec-1",
                    "class": "o.s.web.servlet.DispatcherServlet",
                    "message": "Completed 200 OK" }
                    
{
                    "app": "Crmeb",
                    "timestamp":"2025-09-19 10:30:17.211",
                    "level": "DEBUG",
                    "thread": "http-nio-8081-exec-9",
                    "class": "o.s.web.servlet.DispatcherServlet",
                    "message": "Completed 200 OK" }
                    
{
                    "app": "Crmeb",
                    "timestamp":"2025-09-19 10:30:17.216",
                    "level": "DEBUG",
                    "thread": "http-nio-8081-exec-7",
                    "class": "o.s.web.servlet.DispatcherServlet",
                    "message": "GET "/api/front/activity/index/list", parameters={}" }
                    
{
                    "app": "Crmeb",
                    "timestamp":"2025-09-19 10:30:17.216",
                    "level": "DEBUG",
                    "thread": "http-nio-8081-exec-7",
                    "class": "o.s.w.s.m.m.a.RequestMappingHandlerMapping",
                    "message": "Mapped to com.zbkj.front.controller.ActivityController#getIndexList()" }
                    
{
                    "app": "Crmeb",
                    "timestamp":"2025-09-19 10:30:17.230",
                    "level": "DEBUG",
                    "thread": "http-nio-8081-exec-7",
                    "class": "o.s.w.s.m.m.a.RequestResponseBodyMethodProcessor",
                    "message": "Using 'application/json', given [application/json, text/plain, */*] and supported [application/json, application/*+json, application/json, application/*+json]" }
                    
{
                    "app": "Crmeb",
                    "timestamp":"2025-09-19 10:30:17.230",
                    "level": "DEBUG",
                    "thread": "http-nio-8081-exec-7",
                    "class": "o.s.w.s.m.m.a.RequestResponseBodyMethodProcessor",
                    "message": "Writing [com.zbkj.common.response.CommonResult@236ec07c]" }
                    
{
                    "app": "Crmeb",
                    "timestamp":"2025-09-19 10:30:17.230",
                    "level": "DEBUG",
                    "thread": "http-nio-8081-exec-7",
                    "class": "o.s.web.servlet.DispatcherServlet",
                    "message": "Completed 200 OK" }
                    
{
                    "app": "Crmeb",
                    "timestamp":"2025-09-19 10:30:17.267",
                    "level": "DEBUG",
                    "thread": "http-nio-8081-exec-30",
                    "class": "o.s.web.servlet.DispatcherServlet",
                    "message": "GET "/api/front/index/product?page=1&limit=13", parameters={masked}" }
                    
{
                    "app": "Crmeb",
                    "timestamp":"2025-09-19 10:30:17.269",
                    "level": "DEBUG",
                    "thread": "http-nio-8081-exec-30",
                    "class": "o.s.w.s.m.m.a.RequestMappingHandlerMapping",
                    "message": "Mapped to com.zbkj.front.controller.IndexController#getProductList(PageParamRequest)" }
                    
{
                    "app": "Crmeb",
                    "timestamp":"2025-09-19 10:30:17.279",
                    "level": "DEBUG",
                    "thread": "http-nio-8081-exec-30",
                    "class": "o.s.w.s.m.m.a.RequestResponseBodyMethodProcessor",
                    "message": "Using 'application/json', given [application/json, text/plain, */*] and supported [application/json, application/*+json, application/json, application/*+json]" }
                    
{
                    "app": "Crmeb",
                    "timestamp":"2025-09-19 10:30:17.279",
                    "level": "DEBUG",
                    "thread": "http-nio-8081-exec-30",
                    "class": "o.s.w.s.m.m.a.RequestResponseBodyMethodProcessor",
                    "message": "Writing [com.zbkj.common.response.CommonResult@2e3ff3fd]" }
                    
{
                    "app": "Crmeb",
                    "timestamp":"2025-09-19 10:30:17.280",
                    "level": "DEBUG",
                    "thread": "http-nio-8081-exec-30",
                    "class": "o.s.web.servlet.DispatcherServlet",
                    "message": "Completed 200 OK" }
                    
{
                    "app": "Crmeb",
                    "timestamp":"2025-09-19 10:33:51.734",
                    "level": "DEBUG",
                    "thread": "http-nio-8081-exec-25",
                    "class": "o.s.web.servlet.DispatcherServlet",
                    "message": "GET "/api/front/login/method/info", parameters={}" }
                    
{
                    "app": "Crmeb",
                    "timestamp":"2025-09-19 10:33:51.737",
                    "level": "DEBUG",
                    "thread": "http-nio-8081-exec-25",
                    "class": "o.s.w.s.m.m.a.RequestMappingHandlerMapping",
                    "message": "Mapped to com.zbkj.front.controller.LoginController#getLoginMethod()" }
                    
{
                    "app": "Crmeb",
                    "timestamp":"2025-09-19 10:33:51.735",
                    "level": "DEBUG",
                    "thread": "http-nio-8081-exec-16",
                    "class": "o.s.web.servlet.DispatcherServlet",
                    "message": "GET "/api/pc/login/getLoginPic", parameters={}" }
                    
{
                    "app": "Crmeb",
                    "timestamp":"2025-09-19 10:33:51.741",
                    "level": "DEBUG",
                    "thread": "http-nio-8081-exec-16",
                    "class": "o.s.w.s.m.m.a.RequestMappingHandlerMapping",
                    "message": "Mapped to com.zbkj.front.pc.controller.PcLoginController#getLoginPic()" }
                    
{
                    "app": "Crmeb",
                    "timestamp":"2025-09-19 10:33:51.746",
                    "level": "DEBUG",
                    "thread": "http-nio-8081-exec-16",
                    "class": "o.s.w.s.m.m.a.RequestResponseBodyMethodProcessor",
                    "message": "Using 'application/json', given [application/json, text/plain, */*] and supported [application/json, application/*+json, application/json, application/*+json]" }
                    
{
                    "app": "Crmeb",
                    "timestamp":"2025-09-19 10:33:51.747",
                    "level": "DEBUG",
                    "thread": "http-nio-8081-exec-16",
                    "class": "o.s.w.s.m.m.a.RequestResponseBodyMethodProcessor",
                    "message": "Writing [com.zbkj.common.response.CommonResult@48d92e71]" }
                    
{
                    "app": "Crmeb",
                    "timestamp":"2025-09-19 10:33:51.748",
                    "level": "DEBUG",
                    "thread": "http-nio-8081-exec-16",
                    "class": "o.s.web.servlet.DispatcherServlet",
                    "message": "Completed 200 OK" }
                    
{
                    "app": "Crmeb",
                    "timestamp":"2025-09-19 10:33:51.756",
                    "level": "DEBUG",
                    "thread": "http-nio-8081-exec-25",
                    "class": "o.s.w.s.m.m.a.RequestResponseBodyMethodProcessor",
                    "message": "Using 'application/json', given [application/json, text/plain, */*] and supported [application/json, application/*+json, application/json, application/*+json]" }
                    
{
                    "app": "Crmeb",
                    "timestamp":"2025-09-19 10:33:51.757",
                    "level": "DEBUG",
                    "thread": "http-nio-8081-exec-25",
                    "class": "o.s.w.s.m.m.a.RequestResponseBodyMethodProcessor",
                    "message": "Writing [com.zbkj.common.response.CommonResult@1848b38e]" }
                    
{
                    "app": "Crmeb",
                    "timestamp":"2025-09-19 10:33:51.757",
                    "level": "DEBUG",
                    "thread": "http-nio-8081-exec-25",
                    "class": "o.s.web.servlet.DispatcherServlet",
                    "message": "Completed 200 OK" }
                    
{
                    "app": "Crmeb",
                    "timestamp":"2025-09-19 10:34:03.526",
                    "level": "DEBUG",
                    "thread": "http-nio-8081-exec-21",
                    "class": "o.s.web.servlet.DispatcherServlet",
                    "message": "GET "/api/front/login/twitter/request/token?end=pc", parameters={masked}" }
                    
{
                    "app": "Crmeb",
                    "timestamp":"2025-09-19 10:34:03.527",
                    "level": "DEBUG",
                    "thread": "http-nio-8081-exec-21",
                    "class": "o.s.w.s.m.m.a.RequestMappingHandlerMapping",
                    "message": "Mapped to com.zbkj.front.controller.LoginController#getTwitterRequestToken(String)" }
                    
{
                    "app": "Crmeb",
                    "timestamp":"2025-09-19 10:34:11.565",
                    "level": "DEBUG",
                    "thread": "http-nio-8081-exec-27",
                    "class": "o.s.web.servlet.DispatcherServlet",
                    "message": "GET "/api/front/login/method/info", parameters={}" }
                    
{
                    "app": "Crmeb",
                    "timestamp":"2025-09-19 10:34:11.564",
                    "level": "DEBUG",
                    "thread": "http-nio-8081-exec-4",
                    "class": "o.s.web.servlet.DispatcherServlet",
                    "message": "GET "/api/pc/login/getLoginPic", parameters={}" }
                    
{
                    "app": "Crmeb",
                    "timestamp":"2025-09-19 10:34:11.566",
                    "level": "DEBUG",
                    "thread": "http-nio-8081-exec-27",
                    "class": "o.s.w.s.m.m.a.RequestMappingHandlerMapping",
                    "message": "Mapped to com.zbkj.front.controller.LoginController#getLoginMethod()" }
                    
{
                    "app": "Crmeb",
                    "timestamp":"2025-09-19 10:34:11.566",
                    "level": "DEBUG",
                    "thread": "http-nio-8081-exec-4",
                    "class": "o.s.w.s.m.m.a.RequestMappingHandlerMapping",
                    "message": "Mapped to com.zbkj.front.pc.controller.PcLoginController#getLoginPic()" }
                    
{
                    "app": "Crmeb",
                    "timestamp":"2025-09-19 10:34:11.570",
                    "level": "DEBUG",
                    "thread": "http-nio-8081-exec-4",
                    "class": "o.s.w.s.m.m.a.RequestResponseBodyMethodProcessor",
                    "message": "Using 'application/json', given [application/json, text/plain, */*] and supported [application/json, application/*+json, application/json, application/*+json]" }
                    
{
                    "app": "Crmeb",
                    "timestamp":"2025-09-19 10:34:11.571",
                    "level": "DEBUG",
                    "thread": "http-nio-8081-exec-4",
                    "class": "o.s.w.s.m.m.a.RequestResponseBodyMethodProcessor",
                    "message": "Writing [com.zbkj.common.response.CommonResult@2f73e142]" }
                    
{
                    "app": "Crmeb",
                    "timestamp":"2025-09-19 10:34:11.571",
                    "level": "DEBUG",
                    "thread": "http-nio-8081-exec-4",
                    "class": "o.s.web.servlet.DispatcherServlet",
                    "message": "Completed 200 OK" }
                    
{
                    "app": "Crmeb",
                    "timestamp":"2025-09-19 10:34:11.581",
                    "level": "DEBUG",
                    "thread": "http-nio-8081-exec-27",
                    "class": "o.s.w.s.m.m.a.RequestResponseBodyMethodProcessor",
                    "message": "Using 'application/json', given [application/json, text/plain, */*] and supported [application/json, application/*+json, application/json, application/*+json]" }
                    
{
                    "app": "Crmeb",
                    "timestamp":"2025-09-19 10:34:11.581",
                    "level": "DEBUG",
                    "thread": "http-nio-8081-exec-27",
                    "class": "o.s.w.s.m.m.a.RequestResponseBodyMethodProcessor",
                    "message": "Writing [com.zbkj.common.response.CommonResult@3a6a3c77]" }
                    
{
                    "app": "Crmeb",
                    "timestamp":"2025-09-19 10:34:11.582",
                    "level": "DEBUG",
                    "thread": "http-nio-8081-exec-27",
                    "class": "o.s.web.servlet.DispatcherServlet",
                    "message": "Completed 200 OK" }
                    
{
                    "app": "Crmeb",
                    "timestamp":"2025-09-19 10:34:23.613",
                    "level": "DEBUG",
                    "thread": "http-nio-8081-exec-21",
                    "class": "o.s.w.s.m.m.a.ExceptionHandlerExceptionResolver",
                    "message": "Using @ExceptionHandler com.zbkj.common.exception.GlobalExceptionHandler#defaultExceptionHandler(Exception)" }
                    
{
                    "app": "Crmeb",
                    "timestamp":"2025-09-19 10:34:23.621",
                    "level": "DEBUG",
                    "thread": "http-nio-8081-exec-21",
                    "class": "o.s.w.s.m.m.a.RequestResponseBodyMethodProcessor",
                    "message": "Using 'application/json', given [application/json, text/plain, */*] and supported [application/json, application/*+json, application/json, application/*+json]" }
                    
{
                    "app": "Crmeb",
                    "timestamp":"2025-09-19 10:34:23.621",
                    "level": "DEBUG",
                    "thread": "http-nio-8081-exec-21",
                    "class": "o.s.w.s.m.m.a.RequestResponseBodyMethodProcessor",
                    "message": "Writing [com.zbkj.common.response.CommonResult@11b19cbf]" }
                    
{
                    "app": "Crmeb",
                    "timestamp":"2025-09-19 10:34:23.622",
                    "level": "DEBUG",
                    "thread": "http-nio-8081-exec-21",
                    "class": "o.s.w.s.m.m.a.ExceptionHandlerExceptionResolver",
                    "message": "Resolved [com.zbkj.common.exception.CrmebException: Twitter 请求令牌失败:null]" }
                    
{
                    "app": "Crmeb",
                    "timestamp":"2025-09-19 10:34:23.622",
                    "level": "DEBUG",
                    "thread": "http-nio-8081-exec-21",
                    "class": "o.s.web.servlet.DispatcherServlet",
                    "message": "Completed 200 OK" }
                    
{
                    "app": "Crmeb",
                    "timestamp":"2025-09-19 10:39:25.243",
                    "level": "DEBUG",
                    "thread": "http-nio-8081-exec-8",
                    "class": "o.s.web.servlet.DispatcherServlet",
                    "message": "GET "/api/front/search/keyword", parameters={}" }
                    
{
                    "app": "Crmeb",
                    "timestamp":"2025-09-19 10:39:25.244",
                    "level": "DEBUG",
                    "thread": "http-nio-8081-exec-10",
                    "class": "o.s.web.servlet.DispatcherServlet",
                    "message": "GET "/api/front/product/category", parameters={}" }
                    
{
                    "app": "Crmeb",
                    "timestamp":"2025-09-19 10:39:25.244",
                    "level": "DEBUG",
                    "thread": "http-nio-8081-exec-8",
                    "class": "o.s.w.s.m.m.a.RequestMappingHandlerMapping",
                    "message": "Mapped to com.zbkj.front.controller.IndexController#hotKeywords()" }
                    
{
                    "app": "Crmeb",
                    "timestamp":"2025-09-19 10:39:25.244",
                    "level": "DEBUG",
                    "thread": "http-nio-8081-exec-12",
                    "class": "o.s.web.servlet.DispatcherServlet",
                    "message": "GET "/api/pc/home/index", parameters={}" }
                    
{
                    "app": "Crmeb",
                    "timestamp":"2025-09-19 10:39:25.245",
                    "level": "DEBUG",
                    "thread": "http-nio-8081-exec-10",
                    "class": "o.s.w.s.m.m.a.RequestMappingHandlerMapping",
                    "message": "Mapped to com.zbkj.front.controller.ProductController#getCategory()" }
                    
{
                    "app": "Crmeb",
                    "timestamp":"2025-09-19 10:39:25.247",
                    "level": "DEBUG",
                    "thread": "http-nio-8081-exec-12",
                    "class": "o.s.w.s.m.m.a.RequestMappingHandlerMapping",
                    "message": "Mapped to com.zbkj.front.pc.controller.PcIndexController#getIndexInfo()" }
                    
{
                    "app": "Crmeb",
                    "timestamp":"2025-09-19 10:39:25.250",
                    "level": "DEBUG",
                    "thread": "http-nio-8081-exec-10",
                    "class": "o.s.w.s.m.m.a.RequestResponseBodyMethodProcessor",
                    "message": "Using 'application/json', given [application/json, text/plain, */*] and supported [application/json, application/*+json, application/json, application/*+json]" }
                    
{
                    "app": "Crmeb",
                    "timestamp":"2025-09-19 10:39:25.251",
                    "level": "DEBUG",
                    "thread": "http-nio-8081-exec-10",
                    "class": "o.s.w.s.m.m.a.RequestResponseBodyMethodProcessor",
                    "message": "Writing [com.zbkj.common.response.CommonResult@37a65bc7]" }
                    
{
                    "app": "Crmeb",
                    "timestamp":"2025-09-19 10:39:25.251",
                    "level": "DEBUG",
                    "thread": "http-nio-8081-exec-10",
                    "class": "o.s.web.servlet.DispatcherServlet",
                    "message": "Completed 200 OK" }
                    
{
                    "app": "Crmeb",
                    "timestamp":"2025-09-19 10:39:25.256",
                    "level": "DEBUG",
                    "thread": "http-nio-8081-exec-8",
                    "class": "o.s.w.s.m.m.a.RequestResponseBodyMethodProcessor",
                    "message": "Using 'application/json', given [application/json, text/plain, */*] and supported [application/json, application/*+json, application/json, application/*+json]" }
                    
{
                    "app": "Crmeb",
                    "timestamp":"2025-09-19 10:39:25.257",
                    "level": "DEBUG",
                    "thread": "http-nio-8081-exec-8",
                    "class": "o.s.w.s.m.m.a.RequestResponseBodyMethodProcessor",
                    "message": "Writing [com.zbkj.common.response.CommonResult@57026189]" }
                    
{
                    "app": "Crmeb",
                    "timestamp":"2025-09-19 10:39:25.257",
                    "level": "DEBUG",
                    "thread": "http-nio-8081-exec-8",
                    "class": "o.s.web.servlet.DispatcherServlet",
                    "message": "Completed 200 OK" }
                    
{
                    "app": "Crmeb",
                    "timestamp":"2025-09-19 10:39:25.274",
                    "level": "DEBUG",
                    "thread": "http-nio-8081-exec-12",
                    "class": "o.s.w.s.m.m.a.RequestResponseBodyMethodProcessor",
                    "message": "Using 'application/json', given [application/json, text/plain, */*] and supported [application/json, application/*+json, application/json, application/*+json]" }
                    
{
                    "app": "Crmeb",
                    "timestamp":"2025-09-19 10:39:25.274",
                    "level": "DEBUG",
                    "thread": "http-nio-8081-exec-12",
                    "class": "o.s.w.s.m.m.a.RequestResponseBodyMethodProcessor",
                    "message": "Writing [com.zbkj.common.response.CommonResult@47cea460]" }
                    
{
                    "app": "Crmeb",
                    "timestamp":"2025-09-19 10:39:25.274",
                    "level": "DEBUG",
                    "thread": "http-nio-8081-exec-12",
                    "class": "o.s.web.servlet.DispatcherServlet",
                    "message": "Completed 200 OK" }
                    
{
                    "app": "Crmeb",
                    "timestamp":"2025-09-19 10:39:54.520",
                    "level": "DEBUG",
                    "thread": "http-nio-8081-exec-17",
                    "class": "o.s.web.servlet.DispatcherServlet",
                    "message": "GET "/api/pc/home/index", parameters={}" }
                    
{
                    "app": "Crmeb",
                    "timestamp":"2025-09-19 10:39:54.520",
                    "level": "DEBUG",
                    "thread": "http-nio-8081-exec-13",
                    "class": "o.s.web.servlet.DispatcherServlet",
                    "message": "GET "/api/front/index/product?page=1&limit=13", parameters={masked}" }
                    
{
                    "app": "Crmeb",
                    "timestamp":"2025-09-19 10:39:54.520",
                    "level": "DEBUG",
                    "thread": "http-nio-8081-exec-15",
                    "class": "o.s.web.servlet.DispatcherServlet",
                    "message": "GET "/api/front/merchant/street", parameters={}" }
                    
{
                    "app": "Crmeb",
                    "timestamp":"2025-09-19 10:39:54.520",
                    "level": "DEBUG",
                    "thread": "http-nio-8081-exec-11",
                    "class": "o.s.web.servlet.DispatcherServlet",
                    "message": "GET "/api/front/product/leaderboard", parameters={}" }
                    
{
                    "app": "Crmeb",
                    "timestamp":"2025-09-19 10:39:54.521",
                    "level": "DEBUG",
                    "thread": "http-nio-8081-exec-13",
                    "class": "o.s.w.s.m.m.a.RequestMappingHandlerMapping",
                    "message": "Mapped to com.zbkj.front.controller.IndexController#getProductList(PageParamRequest)" }
                    
{
                    "app": "Crmeb",
                    "timestamp":"2025-09-19 10:39:54.520",
                    "level": "DEBUG",
                    "thread": "http-nio-8081-exec-6",
                    "class": "o.s.web.servlet.DispatcherServlet",
                    "message": "GET "/api/front/activity/index/list", parameters={}" }
                    
{
                    "app": "Crmeb",
                    "timestamp":"2025-09-19 10:39:54.521",
                    "level": "DEBUG",
                    "thread": "http-nio-8081-exec-11",
                    "class": "o.s.w.s.m.m.a.RequestMappingHandlerMapping",
                    "message": "Mapped to com.zbkj.front.controller.ProductController#getLeaderboard()" }
                    
{
                    "app": "Crmeb",
                    "timestamp":"2025-09-19 10:39:54.521",
                    "level": "DEBUG",
                    "thread": "http-nio-8081-exec-17",
                    "class": "o.s.w.s.m.m.a.RequestMappingHandlerMapping",
                    "message": "Mapped to com.zbkj.front.pc.controller.PcIndexController#getIndexInfo()" }
                    
{
                    "app": "Crmeb",
                    "timestamp":"2025-09-19 10:39:54.521",
                    "level": "DEBUG",
                    "thread": "http-nio-8081-exec-6",
                    "class": "o.s.w.s.m.m.a.RequestMappingHandlerMapping",
                    "message": "Mapped to com.zbkj.front.controller.ActivityController#getIndexList()" }
                    
{
                    "app": "Crmeb",
                    "timestamp":"2025-09-19 10:39:54.521",
                    "level": "DEBUG",
                    "thread": "http-nio-8081-exec-15",
                    "class": "o.s.w.s.m.m.a.RequestMappingHandlerMapping",
                    "message": "Mapped to com.zbkj.front.controller.MerchantController#getStreet(PageParamRequest)" }
                    
{
                    "app": "Crmeb",
                    "timestamp":"2025-09-19 10:39:54.529",
                    "level": "DEBUG",
                    "thread": "http-nio-8081-exec-11",
                    "class": "o.s.w.s.m.m.a.RequestResponseBodyMethodProcessor",
                    "message": "Using 'application/json', given [application/json, text/plain, */*] and supported [application/json, application/*+json, application/json, application/*+json]" }
                    
{
                    "app": "Crmeb",
                    "timestamp":"2025-09-19 10:39:54.530",
                    "level": "DEBUG",
                    "thread": "http-nio-8081-exec-11",
                    "class": "o.s.w.s.m.m.a.RequestResponseBodyMethodProcessor",
                    "message": "Writing [com.zbkj.common.response.CommonResult@65461c2d]" }
                    
{
                    "app": "Crmeb",
                    "timestamp":"2025-09-19 10:39:54.530",
                    "level": "DEBUG",
                    "thread": "http-nio-8081-exec-11",
                    "class": "o.s.web.servlet.DispatcherServlet",
                    "message": "Completed 200 OK" }
                    
{
                    "app": "Crmeb",
                    "timestamp":"2025-09-19 10:39:54.531",
                    "level": "DEBUG",
                    "thread": "http-nio-8081-exec-13",
                    "class": "o.s.w.s.m.m.a.RequestResponseBodyMethodProcessor",
                    "message": "Using 'application/json', given [application/json, text/plain, */*] and supported [application/json, application/*+json, application/json, application/*+json]" }
                    
{
                    "app": "Crmeb",
                    "timestamp":"2025-09-19 10:39:54.532",
                    "level": "DEBUG",
                    "thread": "http-nio-8081-exec-13",
                    "class": "o.s.w.s.m.m.a.RequestResponseBodyMethodProcessor",
                    "message": "Writing [com.zbkj.common.response.CommonResult@2f42bdc]" }
                    
{
                    "app": "Crmeb",
                    "timestamp":"2025-09-19 10:39:54.532",
                    "level": "DEBUG",
                    "thread": "http-nio-8081-exec-13",
                    "class": "o.s.web.servlet.DispatcherServlet",
                    "message": "Completed 200 OK" }
                    
{
                    "app": "Crmeb",
                    "timestamp":"2025-09-19 10:39:54.535",
                    "level": "DEBUG",
                    "thread": "http-nio-8081-exec-15",
                    "class": "o.s.w.s.m.m.a.RequestResponseBodyMethodProcessor",
                    "message": "Using 'application/json', given [application/json, text/plain, */*] and supported [application/json, application/*+json, application/json, application/*+json]" }
                    
{
                    "app": "Crmeb",
                    "timestamp":"2025-09-19 10:39:54.536",
                    "level": "DEBUG",
                    "thread": "http-nio-8081-exec-15",
                    "class": "o.s.w.s.m.m.a.RequestResponseBodyMethodProcessor",
                    "message": "Writing [com.zbkj.common.response.CommonResult@74997e8a]" }
                    
{
                    "app": "Crmeb",
                    "timestamp":"2025-09-19 10:39:54.536",
                    "level": "DEBUG",
                    "thread": "http-nio-8081-exec-15",
                    "class": "o.s.web.servlet.DispatcherServlet",
                    "message": "Completed 200 OK" }
                    
{
                    "app": "Crmeb",
                    "timestamp":"2025-09-19 10:39:54.545",
                    "level": "DEBUG",
                    "thread": "http-nio-8081-exec-6",
                    "class": "o.s.w.s.m.m.a.RequestResponseBodyMethodProcessor",
                    "message": "Using 'application/json', given [application/json, text/plain, */*] and supported [application/json, application/*+json, application/json, application/*+json]" }
                    
{
                    "app": "Crmeb",
                    "timestamp":"2025-09-19 10:39:54.545",
                    "level": "DEBUG",
                    "thread": "http-nio-8081-exec-6",
                    "class": "o.s.w.s.m.m.a.RequestResponseBodyMethodProcessor",
                    "message": "Writing [com.zbkj.common.response.CommonResult@38814510]" }
                    
{
                    "app": "Crmeb",
                    "timestamp":"2025-09-19 10:39:54.545",
                    "level": "DEBUG",
                    "thread": "http-nio-8081-exec-6",
                    "class": "o.s.web.servlet.DispatcherServlet",
                    "message": "Completed 200 OK" }
                    
{
                    "app": "Crmeb",
                    "timestamp":"2025-09-19 10:39:54.549",
                    "level": "DEBUG",
                    "thread": "http-nio-8081-exec-18",
                    "class": "o.s.web.servlet.DispatcherServlet",
                    "message": "GET "/api/front/activity/index/list", parameters={}" }
                    
{
                    "app": "Crmeb",
                    "timestamp":"2025-09-19 10:39:54.550",
                    "level": "DEBUG",
                    "thread": "http-nio-8081-exec-17",
                    "class": "o.s.w.s.m.m.a.RequestResponseBodyMethodProcessor",
                    "message": "Using 'application/json', given [application/json, text/plain, */*] and supported [application/json, application/*+json, application/json, application/*+json]" }
                    
{
                    "app": "Crmeb",
                    "timestamp":"2025-09-19 10:39:54.550",
                    "level": "DEBUG",
                    "thread": "http-nio-8081-exec-18",
                    "class": "o.s.w.s.m.m.a.RequestMappingHandlerMapping",
                    "message": "Mapped to com.zbkj.front.controller.ActivityController#getIndexList()" }
                    
{
                    "app": "Crmeb",
                    "timestamp":"2025-09-19 10:39:54.550",
                    "level": "DEBUG",
                    "thread": "http-nio-8081-exec-17",
                    "class": "o.s.w.s.m.m.a.RequestResponseBodyMethodProcessor",
                    "message": "Writing [com.zbkj.common.response.CommonResult@3b26a57b]" }
                    
{
                    "app": "Crmeb",
                    "timestamp":"2025-09-19 10:39:54.550",
                    "level": "DEBUG",
                    "thread": "http-nio-8081-exec-17",
                    "class": "o.s.web.servlet.DispatcherServlet",
                    "message": "Completed 200 OK" }
                    
{
                    "app": "Crmeb",
                    "timestamp":"2025-09-19 10:39:54.566",
                    "level": "DEBUG",
                    "thread": "http-nio-8081-exec-18",
                    "class": "o.s.w.s.m.m.a.RequestResponseBodyMethodProcessor",
                    "message": "Using 'application/json', given [application/json, text/plain, */*] and supported [application/json, application/*+json, application/json, application/*+json]" }
                    
{
                    "app": "Crmeb",
                    "timestamp":"2025-09-19 10:39:54.566",
                    "level": "DEBUG",
                    "thread": "http-nio-8081-exec-18",
                    "class": "o.s.w.s.m.m.a.RequestResponseBodyMethodProcessor",
                    "message": "Writing [com.zbkj.common.response.CommonResult@7de95f68]" }
                    
{
                    "app": "Crmeb",
                    "timestamp":"2025-09-19 10:39:54.566",
                    "level": "DEBUG",
                    "thread": "http-nio-8081-exec-18",
                    "class": "o.s.web.servlet.DispatcherServlet",
                    "message": "Completed 200 OK" }
                    
{
                    "app": "Crmeb",
                    "timestamp":"2025-09-19 10:39:54.607",
                    "level": "DEBUG",
                    "thread": "http-nio-8081-exec-25",
                    "class": "o.s.web.servlet.DispatcherServlet",
                    "message": "GET "/api/front/index/product?page=1&limit=13", parameters={masked}" }
                    
{
                    "app": "Crmeb",
                    "timestamp":"2025-09-19 10:39:54.608",
                    "level": "DEBUG",
                    "thread": "http-nio-8081-exec-25",
                    "class": "o.s.w.s.m.m.a.RequestMappingHandlerMapping",
                    "message": "Mapped to com.zbkj.front.controller.IndexController#getProductList(PageParamRequest)" }
                    
{
                    "app": "Crmeb",
                    "timestamp":"2025-09-19 10:39:54.609",
                    "level": "DEBUG",
                    "thread": "http-nio-8081-exec-19",
                    "class": "o.s.web.servlet.DispatcherServlet",
                    "message": "POST "/api/front/login/token/is/exist", parameters={}" }
                    
{
                    "app": "Crmeb",
                    "timestamp":"2025-09-19 10:39:54.609",
                    "level": "DEBUG",
                    "thread": "http-nio-8081-exec-4",
                    "class": "o.s.web.servlet.DispatcherServlet",
                    "message": "GET "/api/front/search/keyword", parameters={}" }
                    
{
                    "app": "Crmeb",
                    "timestamp":"2025-09-19 10:39:54.609",
                    "level": "DEBUG",
                    "thread": "http-nio-8081-exec-24",
                    "class": "o.s.web.servlet.DispatcherServlet",
                    "message": "GET "/api/front/product/category", parameters={}" }
                    
{
                    "app": "Crmeb",
                    "timestamp":"2025-09-19 10:39:54.609",
                    "level": "DEBUG",
                    "thread": "http-nio-8081-exec-19",
                    "class": "o.s.w.s.m.m.a.RequestMappingHandlerMapping",
                    "message": "Mapped to com.zbkj.front.controller.LoginController#tokenIsExist()" }
                    
{
                    "app": "Crmeb",
                    "timestamp":"2025-09-19 10:39:54.610",
                    "level": "DEBUG",
                    "thread": "http-nio-8081-exec-4",
                    "class": "o.s.w.s.m.m.a.RequestMappingHandlerMapping",
                    "message": "Mapped to com.zbkj.front.controller.IndexController#hotKeywords()" }
                    
{
                    "app": "Crmeb",
                    "timestamp":"2025-09-19 10:39:54.610",
                    "level": "DEBUG",
                    "thread": "http-nio-8081-exec-24",
                    "class": "o.s.w.s.m.m.a.RequestMappingHandlerMapping",
                    "message": "Mapped to com.zbkj.front.controller.ProductController#getCategory()" }
                    
{
                    "app": "Crmeb",
                    "timestamp":"2025-09-19 10:39:54.611",
                    "level": "DEBUG",
                    "thread": "http-nio-8081-exec-19",
                    "class": "o.s.w.s.m.m.a.RequestResponseBodyMethodProcessor",
                    "message": "Using 'application/json', given [application/json, text/plain, */*] and supported [application/json, application/*+json, application/json, application/*+json]" }
                    
{
                    "app": "Crmeb",
                    "timestamp":"2025-09-19 10:39:54.611",
                    "level": "DEBUG",
                    "thread": "http-nio-8081-exec-19",
                    "class": "o.s.w.s.m.m.a.RequestResponseBodyMethodProcessor",
                    "message": "Writing [com.zbkj.common.response.CommonResult@40440f13]" }
                    
{
                    "app": "Crmeb",
                    "timestamp":"2025-09-19 10:39:54.613",
                    "level": "DEBUG",
                    "thread": "http-nio-8081-exec-19",
                    "class": "o.s.web.servlet.DispatcherServlet",
                    "message": "Completed 200 OK" }
                    
{
                    "app": "Crmeb",
                    "timestamp":"2025-09-19 10:39:54.614",
                    "level": "DEBUG",
                    "thread": "http-nio-8081-exec-24",
                    "class": "o.s.w.s.m.m.a.RequestResponseBodyMethodProcessor",
                    "message": "Using 'application/json', given [application/json, text/plain, */*] and supported [application/json, application/*+json, application/json, application/*+json]" }
                    
{
                    "app": "Crmeb",
                    "timestamp":"2025-09-19 10:39:54.617",
                    "level": "DEBUG",
                    "thread": "http-nio-8081-exec-24",
                    "class": "o.s.w.s.m.m.a.RequestResponseBodyMethodProcessor",
                    "message": "Writing [com.zbkj.common.response.CommonResult@6e4bb619]" }
                    
{
                    "app": "Crmeb",
                    "timestamp":"2025-09-19 10:39:54.618",
                    "level": "DEBUG",
                    "thread": "http-nio-8081-exec-24",
                    "class": "o.s.web.servlet.DispatcherServlet",
                    "message": "Completed 200 OK" }
                    
{
                    "app": "Crmeb",
                    "timestamp":"2025-09-19 10:39:54.621",
                    "level": "DEBUG",
                    "thread": "http-nio-8081-exec-25",
                    "class": "o.s.w.s.m.m.a.RequestResponseBodyMethodProcessor",
                    "message": "Using 'application/json', given [application/json, text/plain, */*] and supported [application/json, application/*+json, application/json, application/*+json]" }
                    
{
                    "app": "Crmeb",
                    "timestamp":"2025-09-19 10:39:54.621",
                    "level": "DEBUG",
                    "thread": "http-nio-8081-exec-25",
                    "class": "o.s.w.s.m.m.a.RequestResponseBodyMethodProcessor",
                    "message": "Writing [com.zbkj.common.response.CommonResult@40f27b00]" }
                    
{
                    "app": "Crmeb",
                    "timestamp":"2025-09-19 10:39:54.622",
                    "level": "DEBUG",
                    "thread": "http-nio-8081-exec-25",
                    "class": "o.s.web.servlet.DispatcherServlet",
                    "message": "Completed 200 OK" }
                    
{
                    "app": "Crmeb",
                    "timestamp":"2025-09-19 10:39:54.625",
                    "level": "DEBUG",
                    "thread": "http-nio-8081-exec-4",
                    "class": "o.s.w.s.m.m.a.RequestResponseBodyMethodProcessor",
                    "message": "Using 'application/json', given [application/json, text/plain, */*] and supported [application/json, application/*+json, application/json, application/*+json]" }
                    
{
                    "app": "Crmeb",
                    "timestamp":"2025-09-19 10:39:54.625",
                    "level": "DEBUG",
                    "thread": "http-nio-8081-exec-4",
                    "class": "o.s.w.s.m.m.a.RequestResponseBodyMethodProcessor",
                    "message": "Writing [com.zbkj.common.response.CommonResult@3afd98d3]" }
                    
{
                    "app": "Crmeb",
                    "timestamp":"2025-09-19 10:39:54.626",
                    "level": "DEBUG",
                    "thread": "http-nio-8081-exec-4",
                    "class": "o.s.web.servlet.DispatcherServlet",
                    "message": "Completed 200 OK" }
                    
{
                    "app": "Crmeb",
                    "timestamp":"2025-09-19 10:45:06.872",
                    "level": "DEBUG",
                    "thread": "http-nio-8081-exec-10",
                    "class": "o.s.web.servlet.DispatcherServlet",
                    "message": "GET "/api/front/product/category", parameters={}" }
                    
{
                    "app": "Crmeb",
                    "timestamp":"2025-09-19 10:45:06.872",
                    "level": "DEBUG",
                    "thread": "http-nio-8081-exec-8",
                    "class": "o.s.web.servlet.DispatcherServlet",
                    "message": "GET "/api/front/search/keyword", parameters={}" }
                    
{
                    "app": "Crmeb",
                    "timestamp":"2025-09-19 10:45:06.873",
                    "level": "DEBUG",
                    "thread": "http-nio-8081-exec-10",
                    "class": "o.s.w.s.m.m.a.RequestMappingHandlerMapping",
                    "message": "Mapped to com.zbkj.front.controller.ProductController#getCategory()" }
                    
{
                    "app": "Crmeb",
                    "timestamp":"2025-09-19 10:45:06.873",
                    "level": "DEBUG",
                    "thread": "http-nio-8081-exec-8",
                    "class": "o.s.w.s.m.m.a.RequestMappingHandlerMapping",
                    "message": "Mapped to com.zbkj.front.controller.IndexController#hotKeywords()" }
                    
{
                    "app": "Crmeb",
                    "timestamp":"2025-09-19 10:45:06.877",
                    "level": "DEBUG",
                    "thread": "http-nio-8081-exec-10",
                    "class": "o.s.w.s.m.m.a.RequestResponseBodyMethodProcessor",
                    "message": "Using 'application/json', given [application/json, text/plain, */*] and supported [application/json, application/*+json, application/json, application/*+json]" }
                    
{
                    "app": "Crmeb",
                    "timestamp":"2025-09-19 10:45:06.877",
                    "level": "DEBUG",
                    "thread": "http-nio-8081-exec-10",
                    "class": "o.s.w.s.m.m.a.RequestResponseBodyMethodProcessor",
                    "message": "Writing [com.zbkj.common.response.CommonResult@a18b0e4]" }
                    
{
                    "app": "Crmeb",
                    "timestamp":"2025-09-19 10:45:06.878",
                    "level": "DEBUG",
                    "thread": "http-nio-8081-exec-10",
                    "class": "o.s.web.servlet.DispatcherServlet",
                    "message": "Completed 200 OK" }
                    
{
                    "app": "Crmeb",
                    "timestamp":"2025-09-19 10:45:06.882",
                    "level": "DEBUG",
                    "thread": "http-nio-8081-exec-8",
                    "class": "o.s.w.s.m.m.a.RequestResponseBodyMethodProcessor",
                    "message": "Using 'application/json', given [application/json, text/plain, */*] and supported [application/json, application/*+json, application/json, application/*+json]" }
                    
{
                    "app": "Crmeb",
                    "timestamp":"2025-09-19 10:45:06.882",
                    "level": "DEBUG",
                    "thread": "http-nio-8081-exec-8",
                    "class": "o.s.w.s.m.m.a.RequestResponseBodyMethodProcessor",
                    "message": "Writing [com.zbkj.common.response.CommonResult@1cfebcc]" }
                    
{
                    "app": "Crmeb",
                    "timestamp":"2025-09-19 10:45:06.883",
                    "level": "DEBUG",
                    "thread": "http-nio-8081-exec-8",
                    "class": "o.s.web.servlet.DispatcherServlet",
                    "message": "Completed 200 OK" }
                    
{
                    "app": "Crmeb",
                    "timestamp":"2025-09-19 10:46:33.907",
                    "level": "DEBUG",
                    "thread": "http-nio-8081-exec-13",
                    "class": "o.s.web.servlet.DispatcherServlet",
                    "message": "GET "/api/front/activity/index/list", parameters={}" }
                    
{
                    "app": "Crmeb",
                    "timestamp":"2025-09-19 10:46:33.907",
                    "level": "DEBUG",
                    "thread": "http-nio-8081-exec-18",
                    "class": "o.s.web.servlet.DispatcherServlet",
                    "message": "GET "/api/front/index/product?page=1&limit=13", parameters={masked}" }
                    
{
                    "app": "Crmeb",
                    "timestamp":"2025-09-19 10:46:33.907",
                    "level": "DEBUG",
                    "thread": "http-nio-8081-exec-15",
                    "class": "o.s.web.servlet.DispatcherServlet",
                    "message": "GET "/api/pc/home/index", parameters={}" }
                    
{
                    "app": "Crmeb",
                    "timestamp":"2025-09-19 10:46:33.908",
                    "level": "DEBUG",
                    "thread": "http-nio-8081-exec-17",
                    "class": "o.s.web.servlet.DispatcherServlet",
                    "message": "GET "/api/front/product/leaderboard", parameters={}" }
                    
{
                    "app": "Crmeb",
                    "timestamp":"2025-09-19 10:46:33.908",
                    "level": "DEBUG",
                    "thread": "http-nio-8081-exec-6",
                    "class": "o.s.web.servlet.DispatcherServlet",
                    "message": "GET "/api/front/merchant/street", parameters={}" }
                    
{
                    "app": "Crmeb",
                    "timestamp":"2025-09-19 10:46:33.908",
                    "level": "DEBUG",
                    "thread": "http-nio-8081-exec-13",
                    "class": "o.s.w.s.m.m.a.RequestMappingHandlerMapping",
                    "message": "Mapped to com.zbkj.front.controller.ActivityController#getIndexList()" }
                    
{
                    "app": "Crmeb",
                    "timestamp":"2025-09-19 10:46:33.908",
                    "level": "DEBUG",
                    "thread": "http-nio-8081-exec-18",
                    "class": "o.s.w.s.m.m.a.RequestMappingHandlerMapping",
                    "message": "Mapped to com.zbkj.front.controller.IndexController#getProductList(PageParamRequest)" }
                    
{
                    "app": "Crmeb",
                    "timestamp":"2025-09-19 10:46:33.909",
                    "level": "DEBUG",
                    "thread": "http-nio-8081-exec-15",
                    "class": "o.s.w.s.m.m.a.RequestMappingHandlerMapping",
                    "message": "Mapped to com.zbkj.front.pc.controller.PcIndexController#getIndexInfo()" }
                    
{
                    "app": "Crmeb",
                    "timestamp":"2025-09-19 10:46:33.909",
                    "level": "DEBUG",
                    "thread": "http-nio-8081-exec-17",
                    "class": "o.s.w.s.m.m.a.RequestMappingHandlerMapping",
                    "message": "Mapped to com.zbkj.front.controller.ProductController#getLeaderboard()" }
                    
{
                    "app": "Crmeb",
                    "timestamp":"2025-09-19 10:46:33.909",
                    "level": "DEBUG",
                    "thread": "http-nio-8081-exec-6",
                    "class": "o.s.w.s.m.m.a.RequestMappingHandlerMapping",
                    "message": "Mapped to com.zbkj.front.controller.MerchantController#getStreet(PageParamRequest)" }
                    
{
                    "app": "Crmeb",
                    "timestamp":"2025-09-19 10:46:33.922",
                    "level": "DEBUG",
                    "thread": "http-nio-8081-exec-17",
                    "class": "o.s.w.s.m.m.a.RequestResponseBodyMethodProcessor",
                    "message": "Using 'application/json', given [application/json, text/plain, */*] and supported [application/json, application/*+json, application/json, application/*+json]" }
                    
{
                    "app": "Crmeb",
                    "timestamp":"2025-09-19 10:46:33.923",
                    "level": "DEBUG",
                    "thread": "http-nio-8081-exec-17",
                    "class": "o.s.w.s.m.m.a.RequestResponseBodyMethodProcessor",
                    "message": "Writing [com.zbkj.common.response.CommonResult@5901fe27]" }
                    
{
                    "app": "Crmeb",
                    "timestamp":"2025-09-19 10:46:33.923",
                    "level": "DEBUG",
                    "thread": "http-nio-8081-exec-17",
                    "class": "o.s.web.servlet.DispatcherServlet",
                    "message": "Completed 200 OK" }
                    
{
                    "app": "Crmeb",
                    "timestamp":"2025-09-19 10:46:33.924",
                    "level": "DEBUG",
                    "thread": "http-nio-8081-exec-18",
                    "class": "o.s.w.s.m.m.a.RequestResponseBodyMethodProcessor",
                    "message": "Using 'application/json', given [application/json, text/plain, */*] and supported [application/json, application/*+json, application/json, application/*+json]" }
                    
{
                    "app": "Crmeb",
                    "timestamp":"2025-09-19 10:46:33.926",
                    "level": "DEBUG",
                    "thread": "http-nio-8081-exec-18",
                    "class": "o.s.w.s.m.m.a.RequestResponseBodyMethodProcessor",
                    "message": "Writing [com.zbkj.common.response.CommonResult@41bfcce0]" }
                    
{
                    "app": "Crmeb",
                    "timestamp":"2025-09-19 10:46:33.927",
                    "level": "DEBUG",
                    "thread": "http-nio-8081-exec-6",
                    "class": "o.s.w.s.m.m.a.RequestResponseBodyMethodProcessor",
                    "message": "Using 'application/json', given [application/json, text/plain, */*] and supported [application/json, application/*+json, application/json, application/*+json]" }
                    
{
                    "app": "Crmeb",
                    "timestamp":"2025-09-19 10:46:33.927",
                    "level": "DEBUG",
                    "thread": "http-nio-8081-exec-18",
                    "class": "o.s.web.servlet.DispatcherServlet",
                    "message": "Completed 200 OK" }
                    
{
                    "app": "Crmeb",
                    "timestamp":"2025-09-19 10:46:33.927",
                    "level": "DEBUG",
                    "thread": "http-nio-8081-exec-6",
                    "class": "o.s.w.s.m.m.a.RequestResponseBodyMethodProcessor",
                    "message": "Writing [com.zbkj.common.response.CommonResult@4d571093]" }
                    
{
                    "app": "Crmeb",
                    "timestamp":"2025-09-19 10:46:33.928",
                    "level": "DEBUG",
                    "thread": "http-nio-8081-exec-6",
                    "class": "o.s.web.servlet.DispatcherServlet",
                    "message": "Completed 200 OK" }
                    
{
                    "app": "Crmeb",
                    "timestamp":"2025-09-19 10:46:33.946",
                    "level": "DEBUG",
                    "thread": "http-nio-8081-exec-13",
                    "class": "o.s.w.s.m.m.a.RequestResponseBodyMethodProcessor",
                    "message": "Using 'application/json', given [application/json, text/plain, */*] and supported [application/json, application/*+json, application/json, application/*+json]" }
                    
{
                    "app": "Crmeb",
                    "timestamp":"2025-09-19 10:46:33.946",
                    "level": "DEBUG",
                    "thread": "http-nio-8081-exec-15",
                    "class": "o.s.w.s.m.m.a.RequestResponseBodyMethodProcessor",
                    "message": "Using 'application/json', given [application/json, text/plain, */*] and supported [application/json, application/*+json, application/json, application/*+json]" }
                    
{
                    "app": "Crmeb",
                    "timestamp":"2025-09-19 10:46:33.947",
                    "level": "DEBUG",
                    "thread": "http-nio-8081-exec-13",
                    "class": "o.s.w.s.m.m.a.RequestResponseBodyMethodProcessor",
                    "message": "Writing [com.zbkj.common.response.CommonResult@4efe58a0]" }
                    
{
                    "app": "Crmeb",
                    "timestamp":"2025-09-19 10:46:33.947",
                    "level": "DEBUG",
                    "thread": "http-nio-8081-exec-15",
                    "class": "o.s.w.s.m.m.a.RequestResponseBodyMethodProcessor",
                    "message": "Writing [com.zbkj.common.response.CommonResult@389faeee]" }
                    
{
                    "app": "Crmeb",
                    "timestamp":"2025-09-19 10:46:33.947",
                    "level": "DEBUG",
                    "thread": "http-nio-8081-exec-13",
                    "class": "o.s.web.servlet.DispatcherServlet",
                    "message": "Completed 200 OK" }
                    
{
                    "app": "Crmeb",
                    "timestamp":"2025-09-19 10:46:33.947",
                    "level": "DEBUG",
                    "thread": "http-nio-8081-exec-15",
                    "class": "o.s.web.servlet.DispatcherServlet",
                    "message": "Completed 200 OK" }
                    
{
                    "app": "Crmeb",
                    "timestamp":"2025-09-19 10:46:33.955",
                    "level": "DEBUG",
                    "thread": "http-nio-8081-exec-26",
                    "class": "o.s.web.servlet.DispatcherServlet",
                    "message": "GET "/api/front/activity/index/list", parameters={}" }
                    
{
                    "app": "Crmeb",
                    "timestamp":"2025-09-19 10:46:33.955",
                    "level": "DEBUG",
                    "thread": "http-nio-8081-exec-26",
                    "class": "o.s.w.s.m.m.a.RequestMappingHandlerMapping",
                    "message": "Mapped to com.zbkj.front.controller.ActivityController#getIndexList()" }
                    
{
                    "app": "Crmeb",
                    "timestamp":"2025-09-19 10:46:33.968",
                    "level": "DEBUG",
                    "thread": "http-nio-8081-exec-26",
                    "class": "o.s.w.s.m.m.a.RequestResponseBodyMethodProcessor",
                    "message": "Using 'application/json', given [application/json, text/plain, */*] and supported [application/json, application/*+json, application/json, application/*+json]" }
                    
{
                    "app": "Crmeb",
                    "timestamp":"2025-09-19 10:46:33.968",
                    "level": "DEBUG",
                    "thread": "http-nio-8081-exec-26",
                    "class": "o.s.w.s.m.m.a.RequestResponseBodyMethodProcessor",
                    "message": "Writing [com.zbkj.common.response.CommonResult@69e8f652]" }
                    
{
                    "app": "Crmeb",
                    "timestamp":"2025-09-19 10:46:33.969",
                    "level": "DEBUG",
                    "thread": "http-nio-8081-exec-26",
                    "class": "o.s.web.servlet.DispatcherServlet",
                    "message": "Completed 200 OK" }
                    
{
                    "app": "Crmeb",
                    "timestamp":"2025-09-19 10:46:34.012",
                    "level": "DEBUG",
                    "thread": "http-nio-8081-exec-19",
                    "class": "o.s.web.servlet.DispatcherServlet",
                    "message": "GET "/api/front/index/product?page=1&limit=13", parameters={masked}" }
                    
{
                    "app": "Crmeb",
                    "timestamp":"2025-09-19 10:46:34.014",
                    "level": "DEBUG",
                    "thread": "http-nio-8081-exec-19",
                    "class": "o.s.w.s.m.m.a.RequestMappingHandlerMapping",
                    "message": "Mapped to com.zbkj.front.controller.IndexController#getProductList(PageParamRequest)" }
                    
{
                    "app": "Crmeb",
                    "timestamp":"2025-09-19 10:46:34.014",
                    "level": "DEBUG",
                    "thread": "http-nio-8081-exec-24",
                    "class": "o.s.web.servlet.DispatcherServlet",
                    "message": "POST "/api/front/login/token/is/exist", parameters={}" }
                    
{
                    "app": "Crmeb",
                    "timestamp":"2025-09-19 10:46:34.015",
                    "level": "DEBUG",
                    "thread": "http-nio-8081-exec-16",
                    "class": "o.s.web.servlet.DispatcherServlet",
                    "message": "GET "/api/front/product/category", parameters={}" }
                    
{
                    "app": "Crmeb",
                    "timestamp":"2025-09-19 10:46:34.020",
                    "level": "DEBUG",
                    "thread": "http-nio-8081-exec-21",
                    "class": "o.s.web.servlet.DispatcherServlet",
                    "message": "GET "/api/front/search/keyword", parameters={}" }
                    
{
                    "app": "Crmeb",
                    "timestamp":"2025-09-19 10:46:34.022",
                    "level": "DEBUG",
                    "thread": "http-nio-8081-exec-24",
                    "class": "o.s.w.s.m.m.a.RequestMappingHandlerMapping",
                    "message": "Mapped to com.zbkj.front.controller.LoginController#tokenIsExist()" }
                    
{
                    "app": "Crmeb",
                    "timestamp":"2025-09-19 10:46:34.022",
                    "level": "DEBUG",
                    "thread": "http-nio-8081-exec-21",
                    "class": "o.s.w.s.m.m.a.RequestMappingHandlerMapping",
                    "message": "Mapped to com.zbkj.front.controller.IndexController#hotKeywords()" }
                    
{
                    "app": "Crmeb",
                    "timestamp":"2025-09-19 10:46:34.022",
                    "level": "DEBUG",
                    "thread": "http-nio-8081-exec-16",
                    "class": "o.s.w.s.m.m.a.RequestMappingHandlerMapping",
                    "message": "Mapped to com.zbkj.front.controller.ProductController#getCategory()" }
                    
{
                    "app": "Crmeb",
                    "timestamp":"2025-09-19 10:46:34.023",
                    "level": "DEBUG",
                    "thread": "http-nio-8081-exec-24",
                    "class": "o.s.w.s.m.m.a.RequestResponseBodyMethodProcessor",
                    "message": "Using 'application/json', given [application/json, text/plain, */*] and supported [application/json, application/*+json, application/json, application/*+json]" }
                    
{
                    "app": "Crmeb",
                    "timestamp":"2025-09-19 10:46:34.023",
                    "level": "DEBUG",
                    "thread": "http-nio-8081-exec-24",
                    "class": "o.s.w.s.m.m.a.RequestResponseBodyMethodProcessor",
                    "message": "Writing [com.zbkj.common.response.CommonResult@105a2860]" }
                    
{
                    "app": "Crmeb",
                    "timestamp":"2025-09-19 10:46:34.024",
                    "level": "DEBUG",
                    "thread": "http-nio-8081-exec-24",
                    "class": "o.s.web.servlet.DispatcherServlet",
                    "message": "Completed 200 OK" }
                    
{
                    "app": "Crmeb",
                    "timestamp":"2025-09-19 10:46:34.026",
                    "level": "DEBUG",
                    "thread": "http-nio-8081-exec-16",
                    "class": "o.s.w.s.m.m.a.RequestResponseBodyMethodProcessor",
                    "message": "Using 'application/json', given [application/json, text/plain, */*] and supported [application/json, application/*+json, application/json, application/*+json]" }
                    
{
                    "app": "Crmeb",
                    "timestamp":"2025-09-19 10:46:34.026",
                    "level": "DEBUG",
                    "thread": "http-nio-8081-exec-16",
                    "class": "o.s.w.s.m.m.a.RequestResponseBodyMethodProcessor",
                    "message": "Writing [com.zbkj.common.response.CommonResult@324505b4]" }
                    
{
                    "app": "Crmeb",
                    "timestamp":"2025-09-19 10:46:34.027",
                    "level": "DEBUG",
                    "thread": "http-nio-8081-exec-16",
                    "class": "o.s.web.servlet.DispatcherServlet",
                    "message": "Completed 200 OK" }
                    
{
                    "app": "Crmeb",
                    "timestamp":"2025-09-19 10:46:34.030",
                    "level": "DEBUG",
                    "thread": "http-nio-8081-exec-19",
                    "class": "o.s.w.s.m.m.a.RequestResponseBodyMethodProcessor",
                    "message": "Using 'application/json', given [application/json, text/plain, */*] and supported [application/json, application/*+json, application/json, application/*+json]" }
                    
{
                    "app": "Crmeb",
                    "timestamp":"2025-09-19 10:46:34.030",
                    "level": "DEBUG",
                    "thread": "http-nio-8081-exec-21",
                    "class": "o.s.w.s.m.m.a.RequestResponseBodyMethodProcessor",
                    "message": "Using 'application/json', given [application/json, text/plain, */*] and supported [application/json, application/*+json, application/json, application/*+json]" }
                    
{
                    "app": "Crmeb",
                    "timestamp":"2025-09-19 10:46:34.030",
                    "level": "DEBUG",
                    "thread": "http-nio-8081-exec-19",
                    "class": "o.s.w.s.m.m.a.RequestResponseBodyMethodProcessor",
                    "message": "Writing [com.zbkj.common.response.CommonResult@68190a24]" }
                    
{
                    "app": "Crmeb",
                    "timestamp":"2025-09-19 10:46:34.030",
                    "level": "DEBUG",
                    "thread": "http-nio-8081-exec-21",
                    "class": "o.s.w.s.m.m.a.RequestResponseBodyMethodProcessor",
                    "message": "Writing [com.zbkj.common.response.CommonResult@394bc09c]" }
                    
{
                    "app": "Crmeb",
                    "timestamp":"2025-09-19 10:46:34.031",
                    "level": "DEBUG",
                    "thread": "http-nio-8081-exec-19",
                    "class": "o.s.web.servlet.DispatcherServlet",
                    "message": "Completed 200 OK" }
                    
{
                    "app": "Crmeb",
                    "timestamp":"2025-09-19 10:46:34.031",
                    "level": "DEBUG",
                    "thread": "http-nio-8081-exec-21",
                    "class": "o.s.web.servlet.DispatcherServlet",
                    "message": "Completed 200 OK" }
                    
{
                    "app": "Crmeb",
                    "timestamp":"2025-09-19 10:48:15.581",
                    "level": "DEBUG",
                    "thread": "http-nio-8081-exec-8",
                    "class": "o.s.web.servlet.DispatcherServlet",
                    "message": "GET "/api/front/search/keyword", parameters={}" }
                    
{
                    "app": "Crmeb",
                    "timestamp":"2025-09-19 10:48:15.581",
                    "level": "DEBUG",
                    "thread": "http-nio-8081-exec-12",
                    "class": "o.s.web.servlet.DispatcherServlet",
                    "message": "GET "/api/front/product/category", parameters={}" }
                    
{
                    "app": "Crmeb",
                    "timestamp":"2025-09-19 10:48:15.581",
                    "level": "DEBUG",
                    "thread": "http-nio-8081-exec-8",
                    "class": "o.s.w.s.m.m.a.RequestMappingHandlerMapping",
                    "message": "Mapped to com.zbkj.front.controller.IndexController#hotKeywords()" }
                    
{
                    "app": "Crmeb",
                    "timestamp":"2025-09-19 10:48:15.582",
                    "level": "DEBUG",
                    "thread": "http-nio-8081-exec-12",
                    "class": "o.s.w.s.m.m.a.RequestMappingHandlerMapping",
                    "message": "Mapped to com.zbkj.front.controller.ProductController#getCategory()" }
                    
{
                    "app": "Crmeb",
                    "timestamp":"2025-09-19 10:48:15.584",
                    "level": "DEBUG",
                    "thread": "http-nio-8081-exec-12",
                    "class": "o.s.w.s.m.m.a.RequestResponseBodyMethodProcessor",
                    "message": "Using 'application/json', given [application/json, text/plain, */*] and supported [application/json, application/*+json, application/json, application/*+json]" }
                    
{
                    "app": "Crmeb",
                    "timestamp":"2025-09-19 10:48:15.584",
                    "level": "DEBUG",
                    "thread": "http-nio-8081-exec-12",
                    "class": "o.s.w.s.m.m.a.RequestResponseBodyMethodProcessor",
                    "message": "Writing [com.zbkj.common.response.CommonResult@f5983a0]" }
                    
{
                    "app": "Crmeb",
                    "timestamp":"2025-09-19 10:48:15.584",
                    "level": "DEBUG",
                    "thread": "http-nio-8081-exec-12",
                    "class": "o.s.web.servlet.DispatcherServlet",
                    "message": "Completed 200 OK" }
                    
{
                    "app": "Crmeb",
                    "timestamp":"2025-09-19 10:48:15.590",
                    "level": "DEBUG",
                    "thread": "http-nio-8081-exec-8",
                    "class": "o.s.w.s.m.m.a.RequestResponseBodyMethodProcessor",
                    "message": "Using 'application/json', given [application/json, text/plain, */*] and supported [application/json, application/*+json, application/json, application/*+json]" }
                    
{
                    "app": "Crmeb",
                    "timestamp":"2025-09-19 10:48:15.590",
                    "level": "DEBUG",
                    "thread": "http-nio-8081-exec-8",
                    "class": "o.s.w.s.m.m.a.RequestResponseBodyMethodProcessor",
                    "message": "Writing [com.zbkj.common.response.CommonResult@57effa15]" }
                    
{
                    "app": "Crmeb",
                    "timestamp":"2025-09-19 10:48:15.590",
                    "level": "DEBUG",
                    "thread": "http-nio-8081-exec-8",
                    "class": "o.s.web.servlet.DispatcherServlet",
                    "message": "Completed 200 OK" }
                    
{
                    "app": "Crmeb",
                    "timestamp":"2025-09-19 10:48:33.532",
                    "level": "DEBUG",
                    "thread": "http-nio-8081-exec-7",
                    "class": "o.s.web.servlet.DispatcherServlet",
                    "message": "GET "/api/front/merchant/street", parameters={}" }
                    
{
                    "app": "Crmeb",
                    "timestamp":"2025-09-19 10:48:33.532",
                    "level": "DEBUG",
                    "thread": "http-nio-8081-exec-17",
                    "class": "o.s.web.servlet.DispatcherServlet",
                    "message": "GET "/api/pc/home/index", parameters={}" }
                    
{
                    "app": "Crmeb",
                    "timestamp":"2025-09-19 10:48:33.532",
                    "level": "DEBUG",
                    "thread": "http-nio-8081-exec-7",
                    "class": "o.s.w.s.m.m.a.RequestMappingHandlerMapping",
                    "message": "Mapped to com.zbkj.front.controller.MerchantController#getStreet(PageParamRequest)" }
                    
{
                    "app": "Crmeb",
                    "timestamp":"2025-09-19 10:48:33.533",
                    "level": "DEBUG",
                    "thread": "http-nio-8081-exec-17",
                    "class": "o.s.w.s.m.m.a.RequestMappingHandlerMapping",
                    "message": "Mapped to com.zbkj.front.pc.controller.PcIndexController#getIndexInfo()" }
                    
{
                    "app": "Crmeb",
                    "timestamp":"2025-09-19 10:48:33.533",
                    "level": "DEBUG",
                    "thread": "http-nio-8081-exec-6",
                    "class": "o.s.web.servlet.DispatcherServlet",
                    "message": "GET "/api/front/activity/index/list", parameters={}" }
                    
{
                    "app": "Crmeb",
                    "timestamp":"2025-09-19 10:48:33.534",
                    "level": "DEBUG",
                    "thread": "http-nio-8081-exec-6",
                    "class": "o.s.w.s.m.m.a.RequestMappingHandlerMapping",
                    "message": "Mapped to com.zbkj.front.controller.ActivityController#getIndexList()" }
                    
{
                    "app": "Crmeb",
                    "timestamp":"2025-09-19 10:48:33.534",
                    "level": "DEBUG",
                    "thread": "http-nio-8081-exec-18",
                    "class": "o.s.web.servlet.DispatcherServlet",
                    "message": "GET "/api/front/product/leaderboard", parameters={}" }
                    
{
                    "app": "Crmeb",
                    "timestamp":"2025-09-19 10:48:33.534",
                    "level": "DEBUG",
                    "thread": "http-nio-8081-exec-15",
                    "class": "o.s.web.servlet.DispatcherServlet",
                    "message": "GET "/api/front/index/product?page=1&limit=13", parameters={masked}" }
                    
{
                    "app": "Crmeb",
                    "timestamp":"2025-09-19 10:48:33.534",
                    "level": "DEBUG",
                    "thread": "http-nio-8081-exec-18",
                    "class": "o.s.w.s.m.m.a.RequestMappingHandlerMapping",
                    "message": "Mapped to com.zbkj.front.controller.ProductController#getLeaderboard()" }
                    
{
                    "app": "Crmeb",
                    "timestamp":"2025-09-19 10:48:33.535",
                    "level": "DEBUG",
                    "thread": "http-nio-8081-exec-15",
                    "class": "o.s.w.s.m.m.a.RequestMappingHandlerMapping",
                    "message": "Mapped to com.zbkj.front.controller.IndexController#getProductList(PageParamRequest)" }
                    
{
                    "app": "Crmeb",
                    "timestamp":"2025-09-19 10:48:33.543",
                    "level": "DEBUG",
                    "thread": "http-nio-8081-exec-18",
                    "class": "o.s.w.s.m.m.a.RequestResponseBodyMethodProcessor",
                    "message": "Using 'application/json', given [application/json, text/plain, */*] and supported [application/json, application/*+json, application/json, application/*+json]" }
                    
{
                    "app": "Crmeb",
                    "timestamp":"2025-09-19 10:48:33.544",
                    "level": "DEBUG",
                    "thread": "http-nio-8081-exec-15",
                    "class": "o.s.w.s.m.m.a.RequestResponseBodyMethodProcessor",
                    "message": "Using 'application/json', given [application/json, text/plain, */*] and supported [application/json, application/*+json, application/json, application/*+json]" }
                    
{
                    "app": "Crmeb",
                    "timestamp":"2025-09-19 10:48:33.544",
                    "level": "DEBUG",
                    "thread": "http-nio-8081-exec-18",
                    "class": "o.s.w.s.m.m.a.RequestResponseBodyMethodProcessor",
                    "message": "Writing [com.zbkj.common.response.CommonResult@4c5ee345]" }
                    
{
                    "app": "Crmeb",
                    "timestamp":"2025-09-19 10:48:33.544",
                    "level": "DEBUG",
                    "thread": "http-nio-8081-exec-15",
                    "class": "o.s.w.s.m.m.a.RequestResponseBodyMethodProcessor",
                    "message": "Writing [com.zbkj.common.response.CommonResult@9f26d9d]" }
                    
{
                    "app": "Crmeb",
                    "timestamp":"2025-09-19 10:48:33.545",
                    "level": "DEBUG",
                    "thread": "http-nio-8081-exec-7",
                    "class": "o.s.w.s.m.m.a.RequestResponseBodyMethodProcessor",
                    "message": "Using 'application/json', given [application/json, text/plain, */*] and supported [application/json, application/*+json, application/json, application/*+json]" }
                    
{
                    "app": "Crmeb",
                    "timestamp":"2025-09-19 10:48:33.545",
                    "level": "DEBUG",
                    "thread": "http-nio-8081-exec-18",
                    "class": "o.s.web.servlet.DispatcherServlet",
                    "message": "Completed 200 OK" }
                    
{
                    "app": "Crmeb",
                    "timestamp":"2025-09-19 10:48:33.545",
                    "level": "DEBUG",
                    "thread": "http-nio-8081-exec-7",
                    "class": "o.s.w.s.m.m.a.RequestResponseBodyMethodProcessor",
                    "message": "Writing [com.zbkj.common.response.CommonResult@67ec6b92]" }
                    
{
                    "app": "Crmeb",
                    "timestamp":"2025-09-19 10:48:33.545",
                    "level": "DEBUG",
                    "thread": "http-nio-8081-exec-15",
                    "class": "o.s.web.servlet.DispatcherServlet",
                    "message": "Completed 200 OK" }
                    
{
                    "app": "Crmeb",
                    "timestamp":"2025-09-19 10:48:33.546",
                    "level": "DEBUG",
                    "thread": "http-nio-8081-exec-7",
                    "class": "o.s.web.servlet.DispatcherServlet",
                    "message": "Completed 200 OK" }
                    
{
                    "app": "Crmeb",
                    "timestamp":"2025-09-19 10:48:33.557",
                    "level": "DEBUG",
                    "thread": "http-nio-8081-exec-6",
                    "class": "o.s.w.s.m.m.a.RequestResponseBodyMethodProcessor",
                    "message": "Using 'application/json', given [application/json, text/plain, */*] and supported [application/json, application/*+json, application/json, application/*+json]" }
                    
{
                    "app": "Crmeb",
                    "timestamp":"2025-09-19 10:48:33.557",
                    "level": "DEBUG",
                    "thread": "http-nio-8081-exec-6",
                    "class": "o.s.w.s.m.m.a.RequestResponseBodyMethodProcessor",
                    "message": "Writing [com.zbkj.common.response.CommonResult@9fdd0fd]" }
                    
{
                    "app": "Crmeb",
                    "timestamp":"2025-09-19 10:48:33.558",
                    "level": "DEBUG",
                    "thread": "http-nio-8081-exec-6",
                    "class": "o.s.web.servlet.DispatcherServlet",
                    "message": "Completed 200 OK" }
                    
{
                    "app": "Crmeb",
                    "timestamp":"2025-09-19 10:48:33.560",
                    "level": "DEBUG",
                    "thread": "http-nio-8081-exec-17",
                    "class": "o.s.w.s.m.m.a.RequestResponseBodyMethodProcessor",
                    "message": "Using 'application/json', given [application/json, text/plain, */*] and supported [application/json, application/*+json, application/json, application/*+json]" }
                    
{
                    "app": "Crmeb",
                    "timestamp":"2025-09-19 10:48:33.560",
                    "level": "DEBUG",
                    "thread": "http-nio-8081-exec-17",
                    "class": "o.s.w.s.m.m.a.RequestResponseBodyMethodProcessor",
                    "message": "Writing [com.zbkj.common.response.CommonResult@27007395]" }
                    
{
                    "app": "Crmeb",
                    "timestamp":"2025-09-19 10:48:33.561",
                    "level": "DEBUG",
                    "thread": "http-nio-8081-exec-17",
                    "class": "o.s.web.servlet.DispatcherServlet",
                    "message": "Completed 200 OK" }
                    
{
                    "app": "Crmeb",
                    "timestamp":"2025-09-19 10:48:33.566",
                    "level": "DEBUG",
                    "thread": "http-nio-8081-exec-13",
                    "class": "o.s.web.servlet.DispatcherServlet",
                    "message": "GET "/api/front/activity/index/list", parameters={}" }
                    
{
                    "app": "Crmeb",
                    "timestamp":"2025-09-19 10:48:33.566",
                    "level": "DEBUG",
                    "thread": "http-nio-8081-exec-13",
                    "class": "o.s.w.s.m.m.a.RequestMappingHandlerMapping",
                    "message": "Mapped to com.zbkj.front.controller.ActivityController#getIndexList()" }
                    
{
                    "app": "Crmeb",
                    "timestamp":"2025-09-19 10:48:33.579",
                    "level": "DEBUG",
                    "thread": "http-nio-8081-exec-13",
                    "class": "o.s.w.s.m.m.a.RequestResponseBodyMethodProcessor",
                    "message": "Using 'application/json', given [application/json, text/plain, */*] and supported [application/json, application/*+json, application/json, application/*+json]" }
                    
{
                    "app": "Crmeb",
                    "timestamp":"2025-09-19 10:48:33.579",
                    "level": "DEBUG",
                    "thread": "http-nio-8081-exec-13",
                    "class": "o.s.w.s.m.m.a.RequestResponseBodyMethodProcessor",
                    "message": "Writing [com.zbkj.common.response.CommonResult@6068286d]" }
                    
{
                    "app": "Crmeb",
                    "timestamp":"2025-09-19 10:48:33.580",
                    "level": "DEBUG",
                    "thread": "http-nio-8081-exec-13",
                    "class": "o.s.web.servlet.DispatcherServlet",
                    "message": "Completed 200 OK" }
                    
{
                    "app": "Crmeb",
                    "timestamp":"2025-09-19 10:48:33.642",
                    "level": "DEBUG",
                    "thread": "http-nio-8081-exec-4",
                    "class": "o.s.web.servlet.DispatcherServlet",
                    "message": "GET "/api/front/index/product?page=1&limit=13", parameters={masked}" }
                    
{
                    "app": "Crmeb",
                    "timestamp":"2025-09-19 10:48:33.643",
                    "level": "DEBUG",
                    "thread": "http-nio-8081-exec-4",
                    "class": "o.s.w.s.m.m.a.RequestMappingHandlerMapping",
                    "message": "Mapped to com.zbkj.front.controller.IndexController#getProductList(PageParamRequest)" }
                    
{
                    "app": "Crmeb",
                    "timestamp":"2025-09-19 10:48:33.645",
                    "level": "DEBUG",
                    "thread": "http-nio-8081-exec-24",
                    "class": "o.s.web.servlet.DispatcherServlet",
                    "message": "POST "/api/front/login/token/is/exist", parameters={}" }
                    
{
                    "app": "Crmeb",
                    "timestamp":"2025-09-19 10:48:33.645",
                    "level": "DEBUG",
                    "thread": "http-nio-8081-exec-21",
                    "class": "o.s.web.servlet.DispatcherServlet",
                    "message": "GET "/api/front/product/category", parameters={}" }
                    
{
                    "app": "Crmeb",
                    "timestamp":"2025-09-19 10:48:33.645",
                    "level": "DEBUG",
                    "thread": "http-nio-8081-exec-24",
                    "class": "o.s.w.s.m.m.a.RequestMappingHandlerMapping",
                    "message": "Mapped to com.zbkj.front.controller.LoginController#tokenIsExist()" }
                    
{
                    "app": "Crmeb",
                    "timestamp":"2025-09-19 10:48:33.645",
                    "level": "DEBUG",
                    "thread": "http-nio-8081-exec-21",
                    "class": "o.s.w.s.m.m.a.RequestMappingHandlerMapping",
                    "message": "Mapped to com.zbkj.front.controller.ProductController#getCategory()" }
                    
{
                    "app": "Crmeb",
                    "timestamp":"2025-09-19 10:48:33.645",
                    "level": "DEBUG",
                    "thread": "http-nio-8081-exec-16",
                    "class": "o.s.web.servlet.DispatcherServlet",
                    "message": "GET "/api/front/search/keyword", parameters={}" }
                    
{
                    "app": "Crmeb",
                    "timestamp":"2025-09-19 10:48:33.646",
                    "level": "DEBUG",
                    "thread": "http-nio-8081-exec-24",
                    "class": "o.s.w.s.m.m.a.RequestResponseBodyMethodProcessor",
                    "message": "Using 'application/json', given [application/json, text/plain, */*] and supported [application/json, application/*+json, application/json, application/*+json]" }
                    
{
                    "app": "Crmeb",
                    "timestamp":"2025-09-19 10:48:33.646",
                    "level": "DEBUG",
                    "thread": "http-nio-8081-exec-24",
                    "class": "o.s.w.s.m.m.a.RequestResponseBodyMethodProcessor",
                    "message": "Writing [com.zbkj.common.response.CommonResult@6a78e797]" }
                    
{
                    "app": "Crmeb",
                    "timestamp":"2025-09-19 10:48:33.646",
                    "level": "DEBUG",
                    "thread": "http-nio-8081-exec-16",
                    "class": "o.s.w.s.m.m.a.RequestMappingHandlerMapping",
                    "message": "Mapped to com.zbkj.front.controller.IndexController#hotKeywords()" }
                    
{
                    "app": "Crmeb",
                    "timestamp":"2025-09-19 10:48:33.646",
                    "level": "DEBUG",
                    "thread": "http-nio-8081-exec-24",
                    "class": "o.s.web.servlet.DispatcherServlet",
                    "message": "Completed 200 OK" }
                    
{
                    "app": "Crmeb",
                    "timestamp":"2025-09-19 10:48:33.647",
                    "level": "DEBUG",
                    "thread": "http-nio-8081-exec-21",
                    "class": "o.s.w.s.m.m.a.RequestResponseBodyMethodProcessor",
                    "message": "Using 'application/json', given [application/json, text/plain, */*] and supported [application/json, application/*+json, application/json, application/*+json]" }
                    
{
                    "app": "Crmeb",
                    "timestamp":"2025-09-19 10:48:33.648",
                    "level": "DEBUG",
                    "thread": "http-nio-8081-exec-21",
                    "class": "o.s.w.s.m.m.a.RequestResponseBodyMethodProcessor",
                    "message": "Writing [com.zbkj.common.response.CommonResult@3b5a7f0e]" }
                    
{
                    "app": "Crmeb",
                    "timestamp":"2025-09-19 10:48:33.648",
                    "level": "DEBUG",
                    "thread": "http-nio-8081-exec-21",
                    "class": "o.s.web.servlet.DispatcherServlet",
                    "message": "Completed 200 OK" }
                    
{
                    "app": "Crmeb",
                    "timestamp":"2025-09-19 10:48:33.649",
                    "level": "DEBUG",
                    "thread": "http-nio-8081-exec-4",
                    "class": "o.s.w.s.m.m.a.RequestResponseBodyMethodProcessor",
                    "message": "Using 'application/json', given [application/json, text/plain, */*] and supported [application/json, application/*+json, application/json, application/*+json]" }
                    
{
                    "app": "Crmeb",
                    "timestamp":"2025-09-19 10:48:33.649",
                    "level": "DEBUG",
                    "thread": "http-nio-8081-exec-4",
                    "class": "o.s.w.s.m.m.a.RequestResponseBodyMethodProcessor",
                    "message": "Writing [com.zbkj.common.response.CommonResult@328fc5c4]" }
                    
{
                    "app": "Crmeb",
                    "timestamp":"2025-09-19 10:48:33.650",
                    "level": "DEBUG",
                    "thread": "http-nio-8081-exec-4",
                    "class": "o.s.web.servlet.DispatcherServlet",
                    "message": "Completed 200 OK" }
                    
{
                    "app": "Crmeb",
                    "timestamp":"2025-09-19 10:48:33.652",
                    "level": "DEBUG",
                    "thread": "http-nio-8081-exec-16",
                    "class": "o.s.w.s.m.m.a.RequestResponseBodyMethodProcessor",
                    "message": "Using 'application/json', given [application/json, text/plain, */*] and supported [application/json, application/*+json, application/json, application/*+json]" }
                    
{
                    "app": "Crmeb",
                    "timestamp":"2025-09-19 10:48:33.652",
                    "level": "DEBUG",
                    "thread": "http-nio-8081-exec-16",
                    "class": "o.s.w.s.m.m.a.RequestResponseBodyMethodProcessor",
                    "message": "Writing [com.zbkj.common.response.CommonResult@3ed4e080]" }
                    
{
                    "app": "Crmeb",
                    "timestamp":"2025-09-19 10:48:33.653",
                    "level": "DEBUG",
                    "thread": "http-nio-8081-exec-16",
                    "class": "o.s.web.servlet.DispatcherServlet",
                    "message": "Completed 200 OK" }
                    
{
                    "app": "Crmeb",
                    "timestamp":"2025-09-19 10:48:48.902",
                    "level": "DEBUG",
                    "thread": "http-nio-8081-exec-27",
                    "class": "o.s.web.servlet.DispatcherServlet",
                    "message": "GET "/api/front/merchant/street", parameters={}" }
                    
{
                    "app": "Crmeb",
                    "timestamp":"2025-09-19 10:48:48.902",
                    "level": "DEBUG",
                    "thread": "http-nio-8081-exec-8",
                    "class": "o.s.web.servlet.DispatcherServlet",
                    "message": "GET "/api/front/product/leaderboard", parameters={}" }
                    
{
                    "app": "Crmeb",
                    "timestamp":"2025-09-19 10:48:48.902",
                    "level": "DEBUG",
                    "thread": "http-nio-8081-exec-3",
                    "class": "o.s.web.servlet.DispatcherServlet",
                    "message": "GET "/api/front/activity/index/list", parameters={}" }
                    
{
                    "app": "Crmeb",
                    "timestamp":"2025-09-19 10:48:48.902",
                    "level": "DEBUG",
                    "thread": "http-nio-8081-exec-27",
                    "class": "o.s.w.s.m.m.a.RequestMappingHandlerMapping",
                    "message": "Mapped to com.zbkj.front.controller.MerchantController#getStreet(PageParamRequest)" }
                    
{
                    "app": "Crmeb",
                    "timestamp":"2025-09-19 10:48:48.903",
                    "level": "DEBUG",
                    "thread": "http-nio-8081-exec-3",
                    "class": "o.s.w.s.m.m.a.RequestMappingHandlerMapping",
                    "message": "Mapped to com.zbkj.front.controller.ActivityController#getIndexList()" }
                    
{
                    "app": "Crmeb",
                    "timestamp":"2025-09-19 10:48:48.902",
                    "level": "DEBUG",
                    "thread": "http-nio-8081-exec-10",
                    "class": "o.s.web.servlet.DispatcherServlet",
                    "message": "GET "/api/pc/home/index", parameters={}" }
                    
{
                    "app": "Crmeb",
                    "timestamp":"2025-09-19 10:48:48.903",
                    "level": "DEBUG",
                    "thread": "http-nio-8081-exec-8",
                    "class": "o.s.w.s.m.m.a.RequestMappingHandlerMapping",
                    "message": "Mapped to com.zbkj.front.controller.ProductController#getLeaderboard()" }
                    
{
                    "app": "Crmeb",
                    "timestamp":"2025-09-19 10:48:48.903",
                    "level": "DEBUG",
                    "thread": "http-nio-8081-exec-12",
                    "class": "o.s.web.servlet.DispatcherServlet",
                    "message": "GET "/api/front/index/product?page=1&limit=13", parameters={masked}" }
                    
{
                    "app": "Crmeb",
                    "timestamp":"2025-09-19 10:48:48.904",
                    "level": "DEBUG",
                    "thread": "http-nio-8081-exec-10",
                    "class": "o.s.w.s.m.m.a.RequestMappingHandlerMapping",
                    "message": "Mapped to com.zbkj.front.pc.controller.PcIndexController#getIndexInfo()" }
                    
{
                    "app": "Crmeb",
                    "timestamp":"2025-09-19 10:48:48.904",
                    "level": "DEBUG",
                    "thread": "http-nio-8081-exec-12",
                    "class": "o.s.w.s.m.m.a.RequestMappingHandlerMapping",
                    "message": "Mapped to com.zbkj.front.controller.IndexController#getProductList(PageParamRequest)" }
                    
{
                    "app": "Crmeb",
                    "timestamp":"2025-09-19 10:48:48.910",
                    "level": "DEBUG",
                    "thread": "http-nio-8081-exec-8",
                    "class": "o.s.w.s.m.m.a.RequestResponseBodyMethodProcessor",
                    "message": "Using 'application/json', given [application/json, text/plain, */*] and supported [application/json, application/*+json, application/json, application/*+json]" }
                    
{
                    "app": "Crmeb",
                    "timestamp":"2025-09-19 10:48:48.910",
                    "level": "DEBUG",
                    "thread": "http-nio-8081-exec-8",
                    "class": "o.s.w.s.m.m.a.RequestResponseBodyMethodProcessor",
                    "message": "Writing [com.zbkj.common.response.CommonResult@1bcbd59a]" }
                    
{
                    "app": "Crmeb",
                    "timestamp":"2025-09-19 10:48:48.911",
                    "level": "DEBUG",
                    "thread": "http-nio-8081-exec-8",
                    "class": "o.s.web.servlet.DispatcherServlet",
                    "message": "Completed 200 OK" }
                    
{
                    "app": "Crmeb",
                    "timestamp":"2025-09-19 10:48:48.912",
                    "level": "DEBUG",
                    "thread": "http-nio-8081-exec-27",
                    "class": "o.s.w.s.m.m.a.RequestResponseBodyMethodProcessor",
                    "message": "Using 'application/json', given [application/json, text/plain, */*] and supported [application/json, application/*+json, application/json, application/*+json]" }
                    
{
                    "app": "Crmeb",
                    "timestamp":"2025-09-19 10:48:48.913",
                    "level": "DEBUG",
                    "thread": "http-nio-8081-exec-27",
                    "class": "o.s.w.s.m.m.a.RequestResponseBodyMethodProcessor",
                    "message": "Writing [com.zbkj.common.response.CommonResult@1a1b827]" }
                    
{
                    "app": "Crmeb",
                    "timestamp":"2025-09-19 10:48:48.913",
                    "level": "DEBUG",
                    "thread": "http-nio-8081-exec-27",
                    "class": "o.s.web.servlet.DispatcherServlet",
                    "message": "Completed 200 OK" }
                    
{
                    "app": "Crmeb",
                    "timestamp":"2025-09-19 10:48:48.914",
                    "level": "DEBUG",
                    "thread": "http-nio-8081-exec-12",
                    "class": "o.s.w.s.m.m.a.RequestResponseBodyMethodProcessor",
                    "message": "Using 'application/json', given [application/json, text/plain, */*] and supported [application/json, application/*+json, application/json, application/*+json]" }
                    
{
                    "app": "Crmeb",
                    "timestamp":"2025-09-19 10:48:48.914",
                    "level": "DEBUG",
                    "thread": "http-nio-8081-exec-12",
                    "class": "o.s.w.s.m.m.a.RequestResponseBodyMethodProcessor",
                    "message": "Writing [com.zbkj.common.response.CommonResult@6dfa7cf9]" }
                    
{
                    "app": "Crmeb",
                    "timestamp":"2025-09-19 10:48:48.915",
                    "level": "DEBUG",
                    "thread": "http-nio-8081-exec-12",
                    "class": "o.s.web.servlet.DispatcherServlet",
                    "message": "Completed 200 OK" }
                    
{
                    "app": "Crmeb",
                    "timestamp":"2025-09-19 10:48:48.931",
                    "level": "DEBUG",
                    "thread": "http-nio-8081-exec-3",
                    "class": "o.s.w.s.m.m.a.RequestResponseBodyMethodProcessor",
                    "message": "Using 'application/json', given [application/json, text/plain, */*] and supported [application/json, application/*+json, application/json, application/*+json]" }
                    
{
                    "app": "Crmeb",
                    "timestamp":"2025-09-19 10:48:48.931",
                    "level": "DEBUG",
                    "thread": "http-nio-8081-exec-3",
                    "class": "o.s.w.s.m.m.a.RequestResponseBodyMethodProcessor",
                    "message": "Writing [com.zbkj.common.response.CommonResult@5956a102]" }
                    
{
                    "app": "Crmeb",
                    "timestamp":"2025-09-19 10:48:48.932",
                    "level": "DEBUG",
                    "thread": "http-nio-8081-exec-3",
                    "class": "o.s.web.servlet.DispatcherServlet",
                    "message": "Completed 200 OK" }
                    
{
                    "app": "Crmeb",
                    "timestamp":"2025-09-19 10:48:48.934",
                    "level": "DEBUG",
                    "thread": "http-nio-8081-exec-10",
                    "class": "o.s.w.s.m.m.a.RequestResponseBodyMethodProcessor",
                    "message": "Using 'application/json', given [application/json, text/plain, */*] and supported [application/json, application/*+json, application/json, application/*+json]" }
                    
{
                    "app": "Crmeb",
                    "timestamp":"2025-09-19 10:48:48.934",
                    "level": "DEBUG",
                    "thread": "http-nio-8081-exec-10",
                    "class": "o.s.w.s.m.m.a.RequestResponseBodyMethodProcessor",
                    "message": "Writing [com.zbkj.common.response.CommonResult@632565a9]" }
                    
{
                    "app": "Crmeb",
                    "timestamp":"2025-09-19 10:48:48.935",
                    "level": "DEBUG",
                    "thread": "http-nio-8081-exec-10",
                    "class": "o.s.web.servlet.DispatcherServlet",
                    "message": "Completed 200 OK" }
                    
{
                    "app": "Crmeb",
                    "timestamp":"2025-09-19 10:48:48.938",
                    "level": "DEBUG",
                    "thread": "http-nio-8081-exec-30",
                    "class": "o.s.web.servlet.DispatcherServlet",
                    "message": "GET "/api/front/activity/index/list", parameters={}" }
                    
{
                    "app": "Crmeb",
                    "timestamp":"2025-09-19 10:48:48.939",
                    "level": "DEBUG",
                    "thread": "http-nio-8081-exec-30",
                    "class": "o.s.w.s.m.m.a.RequestMappingHandlerMapping",
                    "message": "Mapped to com.zbkj.front.controller.ActivityController#getIndexList()" }
                    
{
                    "app": "Crmeb",
                    "timestamp":"2025-09-19 10:48:48.962",
                    "level": "DEBUG",
                    "thread": "http-nio-8081-exec-30",
                    "class": "o.s.w.s.m.m.a.RequestResponseBodyMethodProcessor",
                    "message": "Using 'application/json', given [application/json, text/plain, */*] and supported [application/json, application/*+json, application/json, application/*+json]" }
                    
{
                    "app": "Crmeb",
                    "timestamp":"2025-09-19 10:48:48.962",
                    "level": "DEBUG",
                    "thread": "http-nio-8081-exec-30",
                    "class": "o.s.w.s.m.m.a.RequestResponseBodyMethodProcessor",
                    "message": "Writing [com.zbkj.common.response.CommonResult@16b71d33]" }
                    
{
                    "app": "Crmeb",
                    "timestamp":"2025-09-19 10:48:48.963",
                    "level": "DEBUG",
                    "thread": "http-nio-8081-exec-30",
                    "class": "o.s.web.servlet.DispatcherServlet",
                    "message": "Completed 200 OK" }
                    
{
                    "app": "Crmeb",
                    "timestamp":"2025-09-19 10:48:49.025",
                    "level": "DEBUG",
                    "thread": "http-nio-8081-exec-14",
                    "class": "o.s.web.servlet.DispatcherServlet",
                    "message": "POST "/api/front/login/token/is/exist", parameters={}" }
                    
{
                    "app": "Crmeb",
                    "timestamp":"2025-09-19 10:48:49.025",
                    "level": "DEBUG",
                    "thread": "http-nio-8081-exec-1",
                    "class": "o.s.web.servlet.DispatcherServlet",
                    "message": "GET "/api/front/index/product?page=1&limit=13", parameters={masked}" }
                    
{
                    "app": "Crmeb",
                    "timestamp":"2025-09-19 10:48:49.026",
                    "level": "DEBUG",
                    "thread": "http-nio-8081-exec-14",
                    "class": "o.s.w.s.m.m.a.RequestMappingHandlerMapping",
                    "message": "Mapped to com.zbkj.front.controller.LoginController#tokenIsExist()" }
                    
{
                    "app": "Crmeb",
                    "timestamp":"2025-09-19 10:48:49.027",
                    "level": "DEBUG",
                    "thread": "http-nio-8081-exec-1",
                    "class": "o.s.w.s.m.m.a.RequestMappingHandlerMapping",
                    "message": "Mapped to com.zbkj.front.controller.IndexController#getProductList(PageParamRequest)" }
                    
{
                    "app": "Crmeb",
                    "timestamp":"2025-09-19 10:48:49.027",
                    "level": "DEBUG",
                    "thread": "http-nio-8081-exec-14",
                    "class": "o.s.w.s.m.m.a.RequestResponseBodyMethodProcessor",
                    "message": "Using 'application/json', given [application/json, text/plain, */*] and supported [application/json, application/*+json, application/json, application/*+json]" }
                    
{
                    "app": "Crmeb",
                    "timestamp":"2025-09-19 10:48:49.028",
                    "level": "DEBUG",
                    "thread": "http-nio-8081-exec-14",
                    "class": "o.s.w.s.m.m.a.RequestResponseBodyMethodProcessor",
                    "message": "Writing [com.zbkj.common.response.CommonResult@764f0067]" }
                    
{
                    "app": "Crmeb",
                    "timestamp":"2025-09-19 10:48:49.028",
                    "level": "DEBUG",
                    "thread": "http-nio-8081-exec-14",
                    "class": "o.s.web.servlet.DispatcherServlet",
                    "message": "Completed 200 OK" }
                    
{
                    "app": "Crmeb",
                    "timestamp":"2025-09-19 10:48:49.029",
                    "level": "DEBUG",
                    "thread": "http-nio-8081-exec-18",
                    "class": "o.s.web.servlet.DispatcherServlet",
                    "message": "GET "/api/front/search/keyword", parameters={}" }
                    
{
                    "app": "Crmeb",
                    "timestamp":"2025-09-19 10:48:49.029",
                    "level": "DEBUG",
                    "thread": "http-nio-8081-exec-14",
                    "class": "o.s.web.servlet.DispatcherServlet",
                    "message": "GET "/api/front/product/category", parameters={}" }
                    
{
                    "app": "Crmeb",
                    "timestamp":"2025-09-19 10:48:49.029",
                    "level": "DEBUG",
                    "thread": "http-nio-8081-exec-18",
                    "class": "o.s.w.s.m.m.a.RequestMappingHandlerMapping",
                    "message": "Mapped to com.zbkj.front.controller.IndexController#hotKeywords()" }
                    
{
                    "app": "Crmeb",
                    "timestamp":"2025-09-19 10:48:49.029",
                    "level": "DEBUG",
                    "thread": "http-nio-8081-exec-14",
                    "class": "o.s.w.s.m.m.a.RequestMappingHandlerMapping",
                    "message": "Mapped to com.zbkj.front.controller.ProductController#getCategory()" }
                    
{
                    "app": "Crmeb",
                    "timestamp":"2025-09-19 10:48:49.034",
                    "level": "DEBUG",
                    "thread": "http-nio-8081-exec-14",
                    "class": "o.s.w.s.m.m.a.RequestResponseBodyMethodProcessor",
                    "message": "Using 'application/json', given [application/json, text/plain, */*] and supported [application/json, application/*+json, application/json, application/*+json]" }
                    
{
                    "app": "Crmeb",
                    "timestamp":"2025-09-19 10:48:49.034",
                    "level": "DEBUG",
                    "thread": "http-nio-8081-exec-14",
                    "class": "o.s.w.s.m.m.a.RequestResponseBodyMethodProcessor",
                    "message": "Writing [com.zbkj.common.response.CommonResult@660783cf]" }
                    
{
                    "app": "Crmeb",
                    "timestamp":"2025-09-19 10:48:49.035",
                    "level": "DEBUG",
                    "thread": "http-nio-8081-exec-14",
                    "class": "o.s.web.servlet.DispatcherServlet",
                    "message": "Completed 200 OK" }
                    
{
                    "app": "Crmeb",
                    "timestamp":"2025-09-19 10:48:49.041",
                    "level": "DEBUG",
                    "thread": "http-nio-8081-exec-1",
                    "class": "o.s.w.s.m.m.a.RequestResponseBodyMethodProcessor",
                    "message": "Using 'application/json', given [application/json, text/plain, */*] and supported [application/json, application/*+json, application/json, application/*+json]" }
                    
{
                    "app": "Crmeb",
                    "timestamp":"2025-09-19 10:48:49.041",
                    "level": "DEBUG",
                    "thread": "http-nio-8081-exec-18",
                    "class": "o.s.w.s.m.m.a.RequestResponseBodyMethodProcessor",
                    "message": "Using 'application/json', given [application/json, text/plain, */*] and supported [application/json, application/*+json, application/json, application/*+json]" }
                    
{
                    "app": "Crmeb",
                    "timestamp":"2025-09-19 10:48:49.041",
                    "level": "DEBUG",
                    "thread": "http-nio-8081-exec-1",
                    "class": "o.s.w.s.m.m.a.RequestResponseBodyMethodProcessor",
                    "message": "Writing [com.zbkj.common.response.CommonResult@7578cb7c]" }
                    
{
                    "app": "Crmeb",
                    "timestamp":"2025-09-19 10:48:49.042",
                    "level": "DEBUG",
                    "thread": "http-nio-8081-exec-18",
                    "class": "o.s.w.s.m.m.a.RequestResponseBodyMethodProcessor",
                    "message": "Writing [com.zbkj.common.response.CommonResult@5c51e698]" }
                    
{
                    "app": "Crmeb",
                    "timestamp":"2025-09-19 10:48:49.042",
                    "level": "DEBUG",
                    "thread": "http-nio-8081-exec-1",
                    "class": "o.s.web.servlet.DispatcherServlet",
                    "message": "Completed 200 OK" }
                    
{
                    "app": "Crmeb",
                    "timestamp":"2025-09-19 10:48:49.042",
                    "level": "DEBUG",
                    "thread": "http-nio-8081-exec-18",
                    "class": "o.s.web.servlet.DispatcherServlet",
                    "message": "Completed 200 OK" }
                    
{
                    "app": "Crmeb",
                    "timestamp":"2025-09-19 10:49:25.767",
                    "level": "DEBUG",
                    "thread": "http-nio-8081-exec-24",
                    "class": "o.s.web.servlet.DispatcherServlet",
                    "message": "GET "/api/front/index/product?page=1&limit=13", parameters={masked}" }
                    
{
                    "app": "Crmeb",
                    "timestamp":"2025-09-19 10:49:25.772",
                    "level": "DEBUG",
                    "thread": "http-nio-8081-exec-21",
                    "class": "o.s.web.servlet.DispatcherServlet",
                    "message": "GET "/api/front/activity/index/list", parameters={}" }
                    
{
                    "app": "Crmeb",
                    "timestamp":"2025-09-19 10:49:25.767",
                    "level": "DEBUG",
                    "thread": "http-nio-8081-exec-22",
                    "class": "o.s.web.servlet.DispatcherServlet",
                    "message": "GET "/api/front/product/leaderboard", parameters={}" }
                    
{
                    "app": "Crmeb",
                    "timestamp":"2025-09-19 10:49:25.768",
                    "level": "DEBUG",
                    "thread": "http-nio-8081-exec-4",
                    "class": "o.s.web.servlet.DispatcherServlet",
                    "message": "GET "/api/front/merchant/street", parameters={}" }
                    
{
                    "app": "Crmeb",
                    "timestamp":"2025-09-19 10:49:25.772",
                    "level": "DEBUG",
                    "thread": "http-nio-8081-exec-21",
                    "class": "o.s.w.s.m.m.a.RequestMappingHandlerMapping",
                    "message": "Mapped to com.zbkj.front.controller.ActivityController#getIndexList()" }
                    
{
                    "app": "Crmeb",
                    "timestamp":"2025-09-19 10:49:25.769",
                    "level": "DEBUG",
                    "thread": "http-nio-8081-exec-16",
                    "class": "o.s.web.servlet.DispatcherServlet",
                    "message": "GET "/api/pc/home/index", parameters={}" }
                    
{
                    "app": "Crmeb",
                    "timestamp":"2025-09-19 10:49:25.772",
                    "level": "DEBUG",
                    "thread": "http-nio-8081-exec-24",
                    "class": "o.s.w.s.m.m.a.RequestMappingHandlerMapping",
                    "message": "Mapped to com.zbkj.front.controller.IndexController#getProductList(PageParamRequest)" }
                    
{
                    "app": "Crmeb",
                    "timestamp":"2025-09-19 10:49:25.772",
                    "level": "DEBUG",
                    "thread": "http-nio-8081-exec-22",
                    "class": "o.s.w.s.m.m.a.RequestMappingHandlerMapping",
                    "message": "Mapped to com.zbkj.front.controller.ProductController#getLeaderboard()" }
                    
{
                    "app": "Crmeb",
                    "timestamp":"2025-09-19 10:49:25.772",
                    "level": "DEBUG",
                    "thread": "http-nio-8081-exec-4",
                    "class": "o.s.w.s.m.m.a.RequestMappingHandlerMapping",
                    "message": "Mapped to com.zbkj.front.controller.MerchantController#getStreet(PageParamRequest)" }
                    
{
                    "app": "Crmeb",
                    "timestamp":"2025-09-19 10:49:25.773",
                    "level": "DEBUG",
                    "thread": "http-nio-8081-exec-16",
                    "class": "o.s.w.s.m.m.a.RequestMappingHandlerMapping",
                    "message": "Mapped to com.zbkj.front.pc.controller.PcIndexController#getIndexInfo()" }
                    
{
                    "app": "Crmeb",
                    "timestamp":"2025-09-19 10:49:25.780",
                    "level": "DEBUG",
                    "thread": "http-nio-8081-exec-22",
                    "class": "o.s.w.s.m.m.a.RequestResponseBodyMethodProcessor",
                    "message": "Using 'application/json', given [application/json, text/plain, */*] and supported [application/json, application/*+json, application/json, application/*+json]" }
                    
{
                    "app": "Crmeb",
                    "timestamp":"2025-09-19 10:49:25.780",
                    "level": "DEBUG",
                    "thread": "http-nio-8081-exec-22",
                    "class": "o.s.w.s.m.m.a.RequestResponseBodyMethodProcessor",
                    "message": "Writing [com.zbkj.common.response.CommonResult@15f25407]" }
                    
{
                    "app": "Crmeb",
                    "timestamp":"2025-09-19 10:49:25.780",
                    "level": "DEBUG",
                    "thread": "http-nio-8081-exec-22",
                    "class": "o.s.web.servlet.DispatcherServlet",
                    "message": "Completed 200 OK" }
                    
{
                    "app": "Crmeb",
                    "timestamp":"2025-09-19 10:49:25.781",
                    "level": "DEBUG",
                    "thread": "http-nio-8081-exec-4",
                    "class": "o.s.w.s.m.m.a.RequestResponseBodyMethodProcessor",
                    "message": "Using 'application/json', given [application/json, text/plain, */*] and supported [application/json, application/*+json, application/json, application/*+json]" }
                    
{
                    "app": "Crmeb",
                    "timestamp":"2025-09-19 10:49:25.781",
                    "level": "DEBUG",
                    "thread": "http-nio-8081-exec-4",
                    "class": "o.s.w.s.m.m.a.RequestResponseBodyMethodProcessor",
                    "message": "Writing [com.zbkj.common.response.CommonResult@4bcc5052]" }
                    
{
                    "app": "Crmeb",
                    "timestamp":"2025-09-19 10:49:25.781",
                    "level": "DEBUG",
                    "thread": "http-nio-8081-exec-24",
                    "class": "o.s.w.s.m.m.a.RequestResponseBodyMethodProcessor",
                    "message": "Using 'application/json', given [application/json, text/plain, */*] and supported [application/json, application/*+json, application/json, application/*+json]" }
                    
{
                    "app": "Crmeb",
                    "timestamp":"2025-09-19 10:49:25.782",
                    "level": "DEBUG",
                    "thread": "http-nio-8081-exec-4",
                    "class": "o.s.web.servlet.DispatcherServlet",
                    "message": "Completed 200 OK" }
                    
{
                    "app": "Crmeb",
                    "timestamp":"2025-09-19 10:49:25.782",
                    "level": "DEBUG",
                    "thread": "http-nio-8081-exec-24",
                    "class": "o.s.w.s.m.m.a.RequestResponseBodyMethodProcessor",
                    "message": "Writing [com.zbkj.common.response.CommonResult@717c8b18]" }
                    
{
                    "app": "Crmeb",
                    "timestamp":"2025-09-19 10:49:25.783",
                    "level": "DEBUG",
                    "thread": "http-nio-8081-exec-24",
                    "class": "o.s.web.servlet.DispatcherServlet",
                    "message": "Completed 200 OK" }
                    
{
                    "app": "Crmeb",
                    "timestamp":"2025-09-19 10:49:25.792",
                    "level": "DEBUG",
                    "thread": "http-nio-8081-exec-21",
                    "class": "o.s.w.s.m.m.a.RequestResponseBodyMethodProcessor",
                    "message": "Using 'application/json', given [application/json, text/plain, */*] and supported [application/json, application/*+json, application/json, application/*+json]" }
                    
{
                    "app": "Crmeb",
                    "timestamp":"2025-09-19 10:49:25.793",
                    "level": "DEBUG",
                    "thread": "http-nio-8081-exec-21",
                    "class": "o.s.w.s.m.m.a.RequestResponseBodyMethodProcessor",
                    "message": "Writing [com.zbkj.common.response.CommonResult@5bc79000]" }
                    
{
                    "app": "Crmeb",
                    "timestamp":"2025-09-19 10:49:25.794",
                    "level": "DEBUG",
                    "thread": "http-nio-8081-exec-21",
                    "class": "o.s.web.servlet.DispatcherServlet",
                    "message": "Completed 200 OK" }
                    
{
                    "app": "Crmeb",
                    "timestamp":"2025-09-19 10:49:25.794",
                    "level": "DEBUG",
                    "thread": "http-nio-8081-exec-16",
                    "class": "o.s.w.s.m.m.a.RequestResponseBodyMethodProcessor",
                    "message": "Using 'application/json', given [application/json, text/plain, */*] and supported [application/json, application/*+json, application/json, application/*+json]" }
                    
{
                    "app": "Crmeb",
                    "timestamp":"2025-09-19 10:49:25.794",
                    "level": "DEBUG",
                    "thread": "http-nio-8081-exec-16",
                    "class": "o.s.w.s.m.m.a.RequestResponseBodyMethodProcessor",
                    "message": "Writing [com.zbkj.common.response.CommonResult@2421b2f3]" }
                    
{
                    "app": "Crmeb",
                    "timestamp":"2025-09-19 10:49:25.795",
                    "level": "DEBUG",
                    "thread": "http-nio-8081-exec-16",
                    "class": "o.s.web.servlet.DispatcherServlet",
                    "message": "Completed 200 OK" }
                    
{
                    "app": "Crmeb",
                    "timestamp":"2025-09-19 10:49:25.797",
                    "level": "DEBUG",
                    "thread": "http-nio-8081-exec-5",
                    "class": "o.s.web.servlet.DispatcherServlet",
                    "message": "GET "/api/front/activity/index/list", parameters={}" }
                    
{
                    "app": "Crmeb",
                    "timestamp":"2025-09-19 10:49:25.798",
                    "level": "DEBUG",
                    "thread": "http-nio-8081-exec-5",
                    "class": "o.s.w.s.m.m.a.RequestMappingHandlerMapping",
                    "message": "Mapped to com.zbkj.front.controller.ActivityController#getIndexList()" }
                    
{
                    "app": "Crmeb",
                    "timestamp":"2025-09-19 10:49:25.807",
                    "level": "DEBUG",
                    "thread": "http-nio-8081-exec-5",
                    "class": "o.s.w.s.m.m.a.RequestResponseBodyMethodProcessor",
                    "message": "Using 'application/json', given [application/json, text/plain, */*] and supported [application/json, application/*+json, application/json, application/*+json]" }
                    
{
                    "app": "Crmeb",
                    "timestamp":"2025-09-19 10:49:25.807",
                    "level": "DEBUG",
                    "thread": "http-nio-8081-exec-5",
                    "class": "o.s.w.s.m.m.a.RequestResponseBodyMethodProcessor",
                    "message": "Writing [com.zbkj.common.response.CommonResult@2d138893]" }
                    
{
                    "app": "Crmeb",
                    "timestamp":"2025-09-19 10:49:25.808",
                    "level": "DEBUG",
                    "thread": "http-nio-8081-exec-5",
                    "class": "o.s.web.servlet.DispatcherServlet",
                    "message": "Completed 200 OK" }
                    
{
                    "app": "Crmeb",
                    "timestamp":"2025-09-19 10:49:25.835",
                    "level": "DEBUG",
                    "thread": "http-nio-8081-exec-29",
                    "class": "o.s.web.servlet.DispatcherServlet",
                    "message": "GET "/api/front/index/product?page=1&limit=13", parameters={masked}" }
                    
{
                    "app": "Crmeb",
                    "timestamp":"2025-09-19 10:49:25.835",
                    "level": "DEBUG",
                    "thread": "http-nio-8081-exec-29",
                    "class": "o.s.w.s.m.m.a.RequestMappingHandlerMapping",
                    "message": "Mapped to com.zbkj.front.controller.IndexController#getProductList(PageParamRequest)" }
                    
{
                    "app": "Crmeb",
                    "timestamp":"2025-09-19 10:49:25.838",
                    "level": "DEBUG",
                    "thread": "http-nio-8081-exec-20",
                    "class": "o.s.web.servlet.DispatcherServlet",
                    "message": "POST "/api/front/login/token/is/exist", parameters={}" }
                    
{
                    "app": "Crmeb",
                    "timestamp":"2025-09-19 10:49:25.838",
                    "level": "DEBUG",
                    "thread": "http-nio-8081-exec-8",
                    "class": "o.s.web.servlet.DispatcherServlet",
                    "message": "GET "/api/front/product/category", parameters={}" }
                    
{
                    "app": "Crmeb",
                    "timestamp":"2025-09-19 10:49:25.839",
                    "level": "DEBUG",
                    "thread": "http-nio-8081-exec-20",
                    "class": "o.s.w.s.m.m.a.RequestMappingHandlerMapping",
                    "message": "Mapped to com.zbkj.front.controller.LoginController#tokenIsExist()" }
                    
{
                    "app": "Crmeb",
                    "timestamp":"2025-09-19 10:49:25.839",
                    "level": "DEBUG",
                    "thread": "http-nio-8081-exec-8",
                    "class": "o.s.w.s.m.m.a.RequestMappingHandlerMapping",
                    "message": "Mapped to com.zbkj.front.controller.ProductController#getCategory()" }
                    
{
                    "app": "Crmeb",
                    "timestamp":"2025-09-19 10:49:25.838",
                    "level": "DEBUG",
                    "thread": "http-nio-8081-exec-27",
                    "class": "o.s.web.servlet.DispatcherServlet",
                    "message": "GET "/api/front/search/keyword", parameters={}" }
                    
{
                    "app": "Crmeb",
                    "timestamp":"2025-09-19 10:49:25.840",
                    "level": "DEBUG",
                    "thread": "http-nio-8081-exec-27",
                    "class": "o.s.w.s.m.m.a.RequestMappingHandlerMapping",
                    "message": "Mapped to com.zbkj.front.controller.IndexController#hotKeywords()" }
                    
{
                    "app": "Crmeb",
                    "timestamp":"2025-09-19 10:49:25.840",
                    "level": "DEBUG",
                    "thread": "http-nio-8081-exec-20",
                    "class": "o.s.w.s.m.m.a.RequestResponseBodyMethodProcessor",
                    "message": "Using 'application/json', given [application/json, text/plain, */*] and supported [application/json, application/*+json, application/json, application/*+json]" }
                    
{
                    "app": "Crmeb",
                    "timestamp":"2025-09-19 10:49:25.842",
                    "level": "DEBUG",
                    "thread": "http-nio-8081-exec-20",
                    "class": "o.s.w.s.m.m.a.RequestResponseBodyMethodProcessor",
                    "message": "Writing [com.zbkj.common.response.CommonResult@7265212c]" }
                    
{
                    "app": "Crmeb",
                    "timestamp":"2025-09-19 10:49:25.843",
                    "level": "DEBUG",
                    "thread": "http-nio-8081-exec-8",
                    "class": "o.s.w.s.m.m.a.RequestResponseBodyMethodProcessor",
                    "message": "Using 'application/json', given [application/json, text/plain, */*] and supported [application/json, application/*+json, application/json, application/*+json]" }
                    
{
                    "app": "Crmeb",
                    "timestamp":"2025-09-19 10:49:25.843",
                    "level": "DEBUG",
                    "thread": "http-nio-8081-exec-8",
                    "class": "o.s.w.s.m.m.a.RequestResponseBodyMethodProcessor",
                    "message": "Writing [com.zbkj.common.response.CommonResult@4bcd7c88]" }
                    
{
                    "app": "Crmeb",
                    "timestamp":"2025-09-19 10:49:25.843",
                    "level": "DEBUG",
                    "thread": "http-nio-8081-exec-20",
                    "class": "o.s.web.servlet.DispatcherServlet",
                    "message": "Completed 200 OK" }
                    
{
                    "app": "Crmeb",
                    "timestamp":"2025-09-19 10:49:25.843",
                    "level": "DEBUG",
                    "thread": "http-nio-8081-exec-8",
                    "class": "o.s.web.servlet.DispatcherServlet",
                    "message": "Completed 200 OK" }
                    
{
                    "app": "Crmeb",
                    "timestamp":"2025-09-19 10:49:25.847",
                    "level": "DEBUG",
                    "thread": "http-nio-8081-exec-29",
                    "class": "o.s.w.s.m.m.a.RequestResponseBodyMethodProcessor",
                    "message": "Using 'application/json', given [application/json, text/plain, */*] and supported [application/json, application/*+json, application/json, application/*+json]" }
                    
{
                    "app": "Crmeb",
                    "timestamp":"2025-09-19 10:49:25.847",
                    "level": "DEBUG",
                    "thread": "http-nio-8081-exec-29",
                    "class": "o.s.w.s.m.m.a.RequestResponseBodyMethodProcessor",
                    "message": "Writing [com.zbkj.common.response.CommonResult@4dfe59b1]" }
                    
{
                    "app": "Crmeb",
                    "timestamp":"2025-09-19 10:49:25.847",
                    "level": "DEBUG",
                    "thread": "http-nio-8081-exec-29",
                    "class": "o.s.web.servlet.DispatcherServlet",
                    "message": "Completed 200 OK" }
                    
{
                    "app": "Crmeb",
                    "timestamp":"2025-09-19 10:49:25.848",
                    "level": "DEBUG",
                    "thread": "http-nio-8081-exec-27",
                    "class": "o.s.w.s.m.m.a.RequestResponseBodyMethodProcessor",
                    "message": "Using 'application/json', given [application/json, text/plain, */*] and supported [application/json, application/*+json, application/json, application/*+json]" }
                    
{
                    "app": "Crmeb",
                    "timestamp":"2025-09-19 10:49:25.848",
                    "level": "DEBUG",
                    "thread": "http-nio-8081-exec-27",
                    "class": "o.s.w.s.m.m.a.RequestResponseBodyMethodProcessor",
                    "message": "Writing [com.zbkj.common.response.CommonResult@1c538126]" }
                    
{
                    "app": "Crmeb",
                    "timestamp":"2025-09-19 10:49:25.849",
                    "level": "DEBUG",
                    "thread": "http-nio-8081-exec-27",
                    "class": "o.s.web.servlet.DispatcherServlet",
                    "message": "Completed 200 OK" }
                    
{
                    "app": "Crmeb",
                    "timestamp":"2025-09-19 10:49:51.170",
                    "level": "DEBUG",
                    "thread": "http-nio-8081-exec-10",
                    "class": "o.s.web.servlet.DispatcherServlet",
                    "message": "GET "/api/pc/login/getLoginPic", parameters={}" }
                    
{
                    "app": "Crmeb",
                    "timestamp":"2025-09-19 10:49:51.170",
                    "level": "DEBUG",
                    "thread": "http-nio-8081-exec-30",
                    "class": "o.s.web.servlet.DispatcherServlet",
                    "message": "GET "/api/front/login/method/info", parameters={}" }
                    
{
                    "app": "Crmeb",
                    "timestamp":"2025-09-19 10:49:51.171",
                    "level": "DEBUG",
                    "thread": "http-nio-8081-exec-10",
                    "class": "o.s.w.s.m.m.a.RequestMappingHandlerMapping",
                    "message": "Mapped to com.zbkj.front.pc.controller.PcLoginController#getLoginPic()" }
                    
{
                    "app": "Crmeb",
                    "timestamp":"2025-09-19 10:49:51.171",
                    "level": "DEBUG",
                    "thread": "http-nio-8081-exec-30",
                    "class": "o.s.w.s.m.m.a.RequestMappingHandlerMapping",
                    "message": "Mapped to com.zbkj.front.controller.LoginController#getLoginMethod()" }
                    
{
                    "app": "Crmeb",
                    "timestamp":"2025-09-19 10:49:51.175",
                    "level": "DEBUG",
                    "thread": "http-nio-8081-exec-10",
                    "class": "o.s.w.s.m.m.a.RequestResponseBodyMethodProcessor",
                    "message": "Using 'application/json', given [application/json, text/plain, */*] and supported [application/json, application/*+json, application/json, application/*+json]" }
                    
{
                    "app": "Crmeb",
                    "timestamp":"2025-09-19 10:49:51.175",
                    "level": "DEBUG",
                    "thread": "http-nio-8081-exec-10",
                    "class": "o.s.w.s.m.m.a.RequestResponseBodyMethodProcessor",
                    "message": "Writing [com.zbkj.common.response.CommonResult@3ebc4e6a]" }
                    
{
                    "app": "Crmeb",
                    "timestamp":"2025-09-19 10:49:51.175",
                    "level": "DEBUG",
                    "thread": "http-nio-8081-exec-10",
                    "class": "o.s.web.servlet.DispatcherServlet",
                    "message": "Completed 200 OK" }
                    
{
                    "app": "Crmeb",
                    "timestamp":"2025-09-19 10:49:51.182",
                    "level": "DEBUG",
                    "thread": "http-nio-8081-exec-30",
                    "class": "o.s.w.s.m.m.a.RequestResponseBodyMethodProcessor",
                    "message": "Using 'application/json', given [application/json, text/plain, */*] and supported [application/json, application/*+json, application/json, application/*+json]" }
                    
{
                    "app": "Crmeb",
                    "timestamp":"2025-09-19 10:49:51.182",
                    "level": "DEBUG",
                    "thread": "http-nio-8081-exec-30",
                    "class": "o.s.w.s.m.m.a.RequestResponseBodyMethodProcessor",
                    "message": "Writing [com.zbkj.common.response.CommonResult@5cf2c19b]" }
                    
{
                    "app": "Crmeb",
                    "timestamp":"2025-09-19 10:49:51.182",
                    "level": "DEBUG",
                    "thread": "http-nio-8081-exec-30",
                    "class": "o.s.web.servlet.DispatcherServlet",
                    "message": "Completed 200 OK" }
                    
{
                    "app": "Crmeb",
                    "timestamp":"2025-09-19 10:52:06.378",
                    "level": "DEBUG",
                    "thread": "http-nio-8081-exec-15",
                    "class": "o.s.web.servlet.DispatcherServlet",
                    "message": "POST "/api/front/login/mobile/password", parameters={}" }
                    
{
                    "app": "Crmeb",
                    "timestamp":"2025-09-19 10:52:06.379",
                    "level": "DEBUG",
                    "thread": "http-nio-8081-exec-15",
                    "class": "o.s.w.s.m.m.a.RequestMappingHandlerMapping",
                    "message": "Mapped to com.zbkj.front.controller.LoginController#phonePasswordLogin(LoginMobileRequest)" }
                    
{
                    "app": "Crmeb",
                    "timestamp":"2025-09-19 10:52:06.383",
                    "level": "DEBUG",
                    "thread": "http-nio-8081-exec-15",
                    "class": "o.s.w.s.m.m.a.RequestResponseBodyMethodProcessor",
                    "message": "Read "application/json;charset=UTF-8" to [LoginMobileRequest(phone=18292417675 , captcha=null, countryCode=+86, password=7QVgS8P8/hyU1//Y16+72 (truncated)...]" }
                    
{
                    "app": "Crmeb",
                    "timestamp":"2025-09-19 10:52:06.415",
                    "level": "DEBUG",
                    "thread": "http-nio-8081-exec-15",
                    "class": "o.s.w.s.m.m.a.ExceptionHandlerExceptionResolver",
                    "message": "Using @ExceptionHandler com.zbkj.common.exception.GlobalExceptionHandler#defaultExceptionHandler(Exception)" }
                    
{
                    "app": "Crmeb",
                    "timestamp":"2025-09-19 10:52:06.422",
                    "level": "DEBUG",
                    "thread": "http-nio-8081-exec-15",
                    "class": "o.s.w.s.m.m.a.RequestResponseBodyMethodProcessor",
                    "message": "Using 'application/json', given [application/json, text/plain, */*] and supported [application/json, application/*+json, application/json, application/*+json]" }
                    
{
                    "app": "Crmeb",
                    "timestamp":"2025-09-19 10:52:06.422",
                    "level": "DEBUG",
                    "thread": "http-nio-8081-exec-15",
                    "class": "o.s.w.s.m.m.a.RequestResponseBodyMethodProcessor",
                    "message": "Writing [com.zbkj.common.response.CommonResult@ffa0cae]" }
                    
{
                    "app": "Crmeb",
                    "timestamp":"2025-09-19 10:52:06.422",
                    "level": "DEBUG",
                    "thread": "http-nio-8081-exec-15",
                    "class": "o.s.w.s.m.m.a.ExceptionHandlerExceptionResolver",
                    "message": "Resolved [com.zbkj.common.exception.CrmebException: wrong mobile number格式必须为手机]" }
                    
{
                    "app": "Crmeb",
                    "timestamp":"2025-09-19 10:52:06.423",
                    "level": "DEBUG",
                    "thread": "http-nio-8081-exec-15",
                    "class": "o.s.web.servlet.DispatcherServlet",
                    "message": "Completed 200 OK" }
                    
{
                    "app": "Crmeb",
                    "timestamp":"2025-09-19 10:52:10.692",
                    "level": "DEBUG",
                    "thread": "http-nio-8081-exec-13",
                    "class": "o.s.web.servlet.DispatcherServlet",
                    "message": "POST "/api/front/login/mobile/password", parameters={}" }
                    
{
                    "app": "Crmeb",
                    "timestamp":"2025-09-19 10:52:10.693",
                    "level": "DEBUG",
                    "thread": "http-nio-8081-exec-13",
                    "class": "o.s.w.s.m.m.a.RequestMappingHandlerMapping",
                    "message": "Mapped to com.zbkj.front.controller.LoginController#phonePasswordLogin(LoginMobileRequest)" }
                    
{
                    "app": "Crmeb",
                    "timestamp":"2025-09-19 10:52:10.694",
                    "level": "DEBUG",
                    "thread": "http-nio-8081-exec-13",
                    "class": "o.s.w.s.m.m.a.RequestResponseBodyMethodProcessor",
                    "message": "Read "application/json;charset=UTF-8" to [LoginMobileRequest(phone=18292417675 , captcha=null, countryCode=+86, password=7QVgS8P8/hyU1//Y16+72 (truncated)...]" }
                    
{
                    "app": "Crmeb",
                    "timestamp":"2025-09-19 10:52:10.695",
                    "level": "DEBUG",
                    "thread": "http-nio-8081-exec-13",
                    "class": "o.s.w.s.m.m.a.ExceptionHandlerExceptionResolver",
                    "message": "Using @ExceptionHandler com.zbkj.common.exception.GlobalExceptionHandler#defaultExceptionHandler(Exception)" }
                    
{
                    "app": "Crmeb",
                    "timestamp":"2025-09-19 10:52:10.703",
                    "level": "DEBUG",
                    "thread": "http-nio-8081-exec-13",
                    "class": "o.s.w.s.m.m.a.RequestResponseBodyMethodProcessor",
                    "message": "Using 'application/json', given [application/json, text/plain, */*] and supported [application/json, application/*+json, application/json, application/*+json]" }
                    
{
                    "app": "Crmeb",
                    "timestamp":"2025-09-19 10:52:10.704",
                    "level": "DEBUG",
                    "thread": "http-nio-8081-exec-13",
                    "class": "o.s.w.s.m.m.a.RequestResponseBodyMethodProcessor",
                    "message": "Writing [com.zbkj.common.response.CommonResult@396f9cc6]" }
                    
{
                    "app": "Crmeb",
                    "timestamp":"2025-09-19 10:52:10.706",
                    "level": "DEBUG",
                    "thread": "http-nio-8081-exec-13",
                    "class": "o.s.w.s.m.m.a.ExceptionHandlerExceptionResolver",
                    "message": "Resolved [com.zbkj.common.exception.CrmebException: wrong mobile number格式必须为手机]" }
                    
{
                    "app": "Crmeb",
                    "timestamp":"2025-09-19 10:52:10.709",
                    "level": "DEBUG",
                    "thread": "http-nio-8081-exec-13",
                    "class": "o.s.web.servlet.DispatcherServlet",
                    "message": "Completed 200 OK" }
                    
{
                    "app": "Crmeb",
                    "timestamp":"2025-09-19 10:52:47.202",
                    "level": "DEBUG",
                    "thread": "http-nio-8081-exec-25",
                    "class": "o.s.web.servlet.DispatcherServlet",
                    "message": "POST "/api/front/login/email/captcha", parameters={}" }
                    
{
                    "app": "Crmeb",
                    "timestamp":"2025-09-19 10:52:47.202",
                    "level": "DEBUG",
                    "thread": "http-nio-8081-exec-25",
                    "class": "o.s.w.s.m.m.a.RequestMappingHandlerMapping",
                    "message": "Mapped to com.zbkj.front.controller.LoginController#sendEmailCode(String)" }
                    
{
                    "app": "Crmeb",
                    "timestamp":"2025-09-19 10:52:47.203",
                    "level": "DEBUG",
                    "thread": "http-nio-8081-exec-25",
                    "class": "o.s.w.s.m.m.a.RequestResponseBodyMethodProcessor",
                    "message": "Read "application/json;charset=UTF-8" to ["316571257@qq.com"]" }
                    
{
                    "app": "Crmeb",
                    "timestamp":"2025-09-19 10:52:48.876",
                    "level": "DEBUG",
                    "thread": "http-nio-8081-exec-17",
                    "class": "o.s.web.servlet.DispatcherServlet",
                    "message": "POST "/api/front/login/email/captcha", parameters={}" }
                    
{
                    "app": "Crmeb",
                    "timestamp":"2025-09-19 10:52:48.877",
                    "level": "DEBUG",
                    "thread": "http-nio-8081-exec-17",
                    "class": "o.s.w.s.m.m.a.RequestMappingHandlerMapping",
                    "message": "Mapped to com.zbkj.front.controller.LoginController#sendEmailCode(String)" }
                    
{
                    "app": "Crmeb",
                    "timestamp":"2025-09-19 10:52:48.878",
                    "level": "DEBUG",
                    "thread": "http-nio-8081-exec-17",
                    "class": "o.s.w.s.m.m.a.RequestResponseBodyMethodProcessor",
                    "message": "Read "application/json;charset=UTF-8" to ["316571257@qq.com"]" }
                    
{
                    "app": "Crmeb",
                    "timestamp":"2025-09-19 10:52:53.275",
                    "level": "DEBUG",
                    "thread": "http-nio-8081-exec-25",
                    "class": "o.s.w.s.m.m.a.RequestResponseBodyMethodProcessor",
                    "message": "Using 'application/json', given [application/json, text/plain, */*] and supported [application/json, application/*+json, application/json, application/*+json]" }
                    
{
                    "app": "Crmeb",
                    "timestamp":"2025-09-19 10:52:53.275",
                    "level": "DEBUG",
                    "thread": "http-nio-8081-exec-25",
                    "class": "o.s.w.s.m.m.a.RequestResponseBodyMethodProcessor",
                    "message": "Writing [com.zbkj.common.response.CommonResult@104d4a62]" }
                    
{
                    "app": "Crmeb",
                    "timestamp":"2025-09-19 10:52:53.275",
                    "level": "DEBUG",
                    "thread": "http-nio-8081-exec-25",
                    "class": "o.s.web.servlet.DispatcherServlet",
                    "message": "Completed 200 OK" }
                    
{
                    "app": "Crmeb",
                    "timestamp":"2025-09-19 10:52:54.090",
                    "level": "DEBUG",
                    "thread": "http-nio-8081-exec-17",
                    "class": "o.s.w.s.m.m.a.RequestResponseBodyMethodProcessor",
                    "message": "Using 'application/json', given [application/json, text/plain, */*] and supported [application/json, application/*+json, application/json, application/*+json]" }
                    
{
                    "app": "Crmeb",
                    "timestamp":"2025-09-19 10:52:54.091",
                    "level": "DEBUG",
                    "thread": "http-nio-8081-exec-17",
                    "class": "o.s.w.s.m.m.a.RequestResponseBodyMethodProcessor",
                    "message": "Writing [com.zbkj.common.response.CommonResult@4305a339]" }
                    
{
                    "app": "Crmeb",
                    "timestamp":"2025-09-19 10:52:54.091",
                    "level": "DEBUG",
                    "thread": "http-nio-8081-exec-17",
                    "class": "o.s.web.servlet.DispatcherServlet",
                    "message": "Completed 200 OK" }
                    
{
                    "app": "Crmeb",
                    "timestamp":"2025-09-19 17:08:42.245",
                    "level": "DEBUG",
                    "thread": "main",
                    "class": "o.s.b.c.l.ClasspathLoggingApplicationListener",
                    "message": "Application started with classpath: [jar:file:/E:/2zynt/工作项目/CRMEB-JAVA-ET-V1.2(2025.4.25)/et_java/crmeb-front/target/Crmeb-front.jar!/BOOT-INF/classes!/, jar:file:/E:/2zynt/工作项目/CRMEB-JAVA-ET-V1.2(2025.4.25)/et_java/crmeb-front/target/Crmeb-front.jar!/BOOT-INF/lib/crmeb-service-0.0.1-SNAPSHOT.jar!/, jar:file:/E:/2zynt/工作项目/CRMEB-JAVA-ET-V1.2(2025.4.25)/et_java/crmeb-front/target/Crmeb-front.jar!/BOOT-INF/lib/crmeb-common-0.0.1-SNAPSHOT.jar!/, jar:file:/E:/2zynt/工作项目/CRMEB-JAVA-ET-V1.2(2025.4.25)/et_java/crmeb-front/target/Crmeb-front.jar!/BOOT-INF/lib/javax.servlet-api-4.0.1.jar!/, jar:file:/E:/2zynt/工作项目/CRMEB-JAVA-ET-V1.2(2025.4.25)/et_java/crmeb-front/target/Crmeb-front.jar!/BOOT-INF/lib/jstl-1.2.jar!/, jar:file:/E:/2zynt/工作项目/CRMEB-JAVA-ET-V1.2(2025.4.25)/et_java/crmeb-front/target/Crmeb-front.jar!/BOOT-INF/lib/tomcat-embed-jasper-9.0.33.jar!/, jar:file:/E:/2zynt/工作项目/CRMEB-JAVA-ET-V1.2(2025.4.25)/et_java/crmeb-front/target/Crmeb-front.jar!/BOOT-INF/lib/tomcat-embed-core-9.0.33.jar!/, jar:file:/E:/2zynt/工作项目/CRMEB-JAVA-ET-V1.2(2025.4.25)/et_java/crmeb-front/target/Crmeb-front.jar!/BOOT-INF/lib/tomcat-annotations-api-9.0.33.jar!/, jar:file:/E:/2zynt/工作项目/CRMEB-JAVA-ET-V1.2(2025.4.25)/et_java/crmeb-front/target/Crmeb-front.jar!/BOOT-INF/lib/tomcat-embed-el-9.0.33.jar!/, jar:file:/E:/2zynt/工作项目/CRMEB-JAVA-ET-V1.2(2025.4.25)/et_java/crmeb-front/target/Crmeb-front.jar!/BOOT-INF/lib/ecj-3.18.0.jar!/, jar:file:/E:/2zynt/工作项目/CRMEB-JAVA-ET-V1.2(2025.4.25)/et_java/crmeb-front/target/Crmeb-front.jar!/BOOT-INF/lib/tomcat-jsp-api-9.0.33.jar!/, jar:file:/E:/2zynt/工作项目/CRMEB-JAVA-ET-V1.2(2025.4.25)/et_java/crmeb-front/target/Crmeb-front.jar!/BOOT-INF/lib/tomcat-el-api-9.0.33.jar!/, jar:file:/E:/2zynt/工作项目/CRMEB-JAVA-ET-V1.2(2025.4.25)/et_java/crmeb-front/target/Crmeb-front.jar!/BOOT-INF/lib/tomcat-servlet-api-9.0.33.jar!/, jar:file:/E:/2zynt/工作项目/CRMEB-JAVA-ET-V1.2(2025.4.25)/et_java/crmeb-front/target/Crmeb-front.jar!/BOOT-INF/lib/fastjson-2.0.38.jar!/, jar:file:/E:/2zynt/工作项目/CRMEB-JAVA-ET-V1.2(2025.4.25)/et_java/crmeb-front/target/Crmeb-front.jar!/BOOT-INF/lib/fastjson2-extension-2.0.38.jar!/, jar:file:/E:/2zynt/工作项目/CRMEB-JAVA-ET-V1.2(2025.4.25)/et_java/crmeb-front/target/Crmeb-front.jar!/BOOT-INF/lib/fastjson2-2.0.38.jar!/, jar:file:/E:/2zynt/工作项目/CRMEB-JAVA-ET-V1.2(2025.4.25)/et_java/crmeb-front/target/Crmeb-front.jar!/BOOT-INF/lib/druid-1.1.20.jar!/, jar:file:/E:/2zynt/工作项目/CRMEB-JAVA-ET-V1.2(2025.4.25)/et_java/crmeb-front/target/Crmeb-front.jar!/BOOT-INF/lib/mysql-connector-j-8.0.33.jar!/, jar:file:/E:/2zynt/工作项目/CRMEB-JAVA-ET-V1.2(2025.4.25)/et_java/crmeb-front/target/Crmeb-front.jar!/BOOT-INF/lib/protobuf-java-3.21.9.jar!/, jar:file:/E:/2zynt/工作项目/CRMEB-JAVA-ET-V1.2(2025.4.25)/et_java/crmeb-front/target/Crmeb-front.jar!/BOOT-INF/lib/lombok-1.18.12.jar!/, jar:file:/E:/2zynt/工作项目/CRMEB-JAVA-ET-V1.2(2025.4.25)/et_java/crmeb-front/target/Crmeb-front.jar!/BOOT-INF/lib/mybatis-plus-boot-starter-3.3.1.jar!/, jar:file:/E:/2zynt/工作项目/CRMEB-JAVA-ET-V1.2(2025.4.25)/et_java/crmeb-front/target/Crmeb-front.jar!/BOOT-INF/lib/spring-boot-starter-jdbc-2.2.6.RELEASE.jar!/, jar:file:/E:/2zynt/工作项目/CRMEB-JAVA-ET-V1.2(2025.4.25)/et_java/crmeb-front/target/Crmeb-front.jar!/BOOT-INF/lib/HikariCP-3.4.2.jar!/, jar:file:/E:/2zynt/工作项目/CRMEB-JAVA-ET-V1.2(2025.4.25)/et_java/crmeb-front/target/Crmeb-front.jar!/BOOT-INF/lib/spring-jdbc-5.2.5.RELEASE.jar!/, jar:file:/E:/2zynt/工作项目/CRMEB-JAVA-ET-V1.2(2025.4.25)/et_java/crmeb-front/target/Crmeb-front.jar!/BOOT-INF/lib/spring-boot-test-2.2.6.RELEASE.jar!/, jar:file:/E:/2zynt/工作项目/CRMEB-JAVA-ET-V1.2(2025.4.25)/et_java/crmeb-front/target/Crmeb-front.jar!/BOOT-INF/lib/spring-boot-2.2.6.RELEASE.jar!/, jar:file:/E:/2zynt/工作项目/CRMEB-JAVA-ET-V1.2(2025.4.25)/et_java/crmeb-front/target/Crmeb-front.jar!/BOOT-INF/lib/spring-context-5.2.5.RELEASE.jar!/, jar:file:/E:/2zynt/工作项目/CRMEB-JAVA-ET-V1.2(2025.4.25)/et_java/crmeb-front/target/Crmeb-front.jar!/BOOT-INF/lib/spring-test-5.2.5.RELEASE.jar!/, jar:file:/E:/2zynt/工作项目/CRMEB-JAVA-ET-V1.2(2025.4.25)/et_java/crmeb-front/target/Crmeb-front.jar!/BOOT-INF/lib/spring-core-5.2.5.RELEASE.jar!/, jar:file:/E:/2zynt/工作项目/CRMEB-JAVA-ET-V1.2(2025.4.25)/et_java/crmeb-front/target/Crmeb-front.jar!/BOOT-INF/lib/spring-jcl-5.2.5.RELEASE.jar!/, jar:file:/E:/2zynt/工作项目/CRMEB-JAVA-ET-V1.2(2025.4.25)/et_java/crmeb-front/target/Crmeb-front.jar!/BOOT-INF/lib/mybatis-plus-3.3.1.jar!/, jar:file:/E:/2zynt/工作项目/CRMEB-JAVA-ET-V1.2(2025.4.25)/et_java/crmeb-front/target/Crmeb-front.jar!/BOOT-INF/lib/mybatis-plus-extension-3.3.1.jar!/, jar:file:/E:/2zynt/工作项目/CRMEB-JAVA-ET-V1.2(2025.4.25)/et_java/crmeb-front/target/Crmeb-front.jar!/BOOT-INF/lib/mybatis-plus-core-3.3.1.jar!/, jar:file:/E:/2zynt/工作项目/CRMEB-JAVA-ET-V1.2(2025.4.25)/et_java/crmeb-front/target/Crmeb-front.jar!/BOOT-INF/lib/mybatis-plus-annotation-3.3.1.jar!/, jar:file:/E:/2zynt/工作项目/CRMEB-JAVA-ET-V1.2(2025.4.25)/et_java/crmeb-front/target/Crmeb-front.jar!/BOOT-INF/lib/mybatis-3.5.3.jar!/, jar:file:/E:/2zynt/工作项目/CRMEB-JAVA-ET-V1.2(2025.4.25)/et_java/crmeb-front/target/Crmeb-front.jar!/BOOT-INF/lib/mybatis-spring-2.0.3.jar!/, jar:file:/E:/2zynt/工作项目/CRMEB-JAVA-ET-V1.2(2025.4.25)/et_java/crmeb-front/target/Crmeb-front.jar!/BOOT-INF/lib/mybatis-plus-generator-3.3.1.jar!/, jar:file:/E:/2zynt/工作项目/CRMEB-JAVA-ET-V1.2(2025.4.25)/et_java/crmeb-front/target/Crmeb-front.jar!/BOOT-INF/lib/swagger-annotations-1.5.21.jar!/, jar:file:/E:/2zynt/工作项目/CRMEB-JAVA-ET-V1.2(2025.4.25)/et_java/crmeb-front/target/Crmeb-front.jar!/BOOT-INF/lib/springfox-swagger2-2.9.2.jar!/, jar:file:/E:/2zynt/工作项目/CRMEB-JAVA-ET-V1.2(2025.4.25)/et_java/crmeb-front/target/Crmeb-front.jar!/BOOT-INF/lib/springfox-spi-2.9.2.jar!/, jar:file:/E:/2zynt/工作项目/CRMEB-JAVA-ET-V1.2(2025.4.25)/et_java/crmeb-front/target/Crmeb-front.jar!/BOOT-INF/lib/springfox-core-2.9.2.jar!/, jar:file:/E:/2zynt/工作项目/CRMEB-JAVA-ET-V1.2(2025.4.25)/et_java/crmeb-front/target/Crmeb-front.jar!/BOOT-INF/lib/byte-buddy-1.10.8.jar!/, jar:file:/E:/2zynt/工作项目/CRMEB-JAVA-ET-V1.2(2025.4.25)/et_java/crmeb-front/target/Crmeb-front.jar!/BOOT-INF/lib/springfox-schema-2.9.2.jar!/, jar:file:/E:/2zynt/工作项目/CRMEB-JAVA-ET-V1.2(2025.4.25)/et_java/crmeb-front/target/Crmeb-front.jar!/BOOT-INF/lib/springfox-swagger-common-2.9.2.jar!/, jar:file:/E:/2zynt/工作项目/CRMEB-JAVA-ET-V1.2(2025.4.25)/et_java/crmeb-front/target/Crmeb-front.jar!/BOOT-INF/lib/springfox-spring-web-2.9.2.jar!/, jar:file:/E:/2zynt/工作项目/CRMEB-JAVA-ET-V1.2(2025.4.25)/et_java/crmeb-front/target/Crmeb-front.jar!/BOOT-INF/lib/classmate-1.5.1.jar!/, jar:file:/E:/2zynt/工作项目/CRMEB-JAVA-ET-V1.2(2025.4.25)/et_java/crmeb-front/target/Crmeb-front.jar!/BOOT-INF/lib/slf4j-api-1.7.30.jar!/, jar:file:/E:/2zynt/工作项目/CRMEB-JAVA-ET-V1.2(2025.4.25)/et_java/crmeb-front/target/Crmeb-front.jar!/BOOT-INF/lib/spring-plugin-core-1.2.0.RELEASE.jar!/, jar:file:/E:/2zynt/工作项目/CRMEB-JAVA-ET-V1.2(2025.4.25)/et_java/crmeb-front/target/Crmeb-front.jar!/BOOT-INF/lib/spring-plugin-metadata-1.2.0.RELEASE.jar!/, jar:file:/E:/2zynt/工作项目/CRMEB-JAVA-ET-V1.2(2025.4.25)/et_java/crmeb-front/target/Crmeb-front.jar!/BOOT-INF/lib/mapstruct-1.2.0.Final.jar!/, jar:file:/E:/2zynt/工作项目/CRMEB-JAVA-ET-V1.2(2025.4.25)/et_java/crmeb-front/target/Crmeb-front.jar!/BOOT-INF/lib/swagger-models-1.5.22.jar!/, jar:file:/E:/2zynt/工作项目/CRMEB-JAVA-ET-V1.2(2025.4.25)/et_java/crmeb-front/target/Crmeb-front.jar!/BOOT-INF/lib/jackson-annotations-2.10.3.jar!/, jar:file:/E:/2zynt/工作项目/CRMEB-JAVA-ET-V1.2(2025.4.25)/et_java/crmeb-front/target/Crmeb-front.jar!/BOOT-INF/lib/swagger-bootstrap-ui-1.9.3.jar!/, jar:file:/E:/2zynt/工作项目/CRMEB-JAVA-ET-V1.2(2025.4.25)/et_java/crmeb-front/target/Crmeb-front.jar!/BOOT-INF/lib/spring-boot-autoconfigure-2.2.6.RELEASE.jar!/, jar:file:/E:/2zynt/工作项目/CRMEB-JAVA-ET-V1.2(2025.4.25)/et_java/crmeb-front/target/Crmeb-front.jar!/BOOT-INF/lib/logback-classic-1.2.3.jar!/, jar:file:/E:/2zynt/工作项目/CRMEB-JAVA-ET-V1.2(2025.4.25)/et_java/crmeb-front/target/Crmeb-front.jar!/BOOT-INF/lib/logback-core-1.2.3.jar!/, jar:file:/E:/2zynt/工作项目/CRMEB-JAVA-ET-V1.2(2025.4.25)/et_java/crmeb-front/target/Crmeb-front.jar!/BOOT-INF/lib/logstash-logback-encoder-5.3.jar!/, jar:file:/E:/2zynt/工作项目/CRMEB-JAVA-ET-V1.2(2025.4.25)/et_java/crmeb-front/target/Crmeb-front.jar!/BOOT-INF/lib/jackson-databind-2.10.3.jar!/, jar:file:/E:/2zynt/工作项目/CRMEB-JAVA-ET-V1.2(2025.4.25)/et_java/crmeb-front/target/Crmeb-front.jar!/BOOT-INF/lib/spring-boot-starter-web-2.2.6.RELEASE.jar!/, jar:file:/E:/2zynt/工作项目/CRMEB-JAVA-ET-V1.2(2025.4.25)/et_java/crmeb-front/target/Crmeb-front.jar!/BOOT-INF/lib/spring-boot-starter-2.2.6.RELEASE.jar!/, jar:file:/E:/2zynt/工作项目/CRMEB-JAVA-ET-V1.2(2025.4.25)/et_java/crmeb-front/target/Crmeb-front.jar!/BOOT-INF/lib/spring-boot-starter-logging-2.2.6.RELEASE.jar!/, jar:file:/E:/2zynt/工作项目/CRMEB-JAVA-ET-V1.2(2025.4.25)/et_java/crmeb-front/target/Crmeb-front.jar!/BOOT-INF/lib/log4j-to-slf4j-2.12.1.jar!/, jar:file:/E:/2zynt/工作项目/CRMEB-JAVA-ET-V1.2(2025.4.25)/et_java/crmeb-front/target/Crmeb-front.jar!/BOOT-INF/lib/log4j-api-2.12.1.jar!/, jar:file:/E:/2zynt/工作项目/CRMEB-JAVA-ET-V1.2(2025.4.25)/et_java/crmeb-front/target/Crmeb-front.jar!/BOOT-INF/lib/jul-to-slf4j-1.7.30.jar!/, jar:file:/E:/2zynt/工作项目/CRMEB-JAVA-ET-V1.2(2025.4.25)/et_java/crmeb-front/target/Crmeb-front.jar!/BOOT-INF/lib/jakarta.annotation-api-1.3.5.jar!/, jar:file:/E:/2zynt/工作项目/CRMEB-JAVA-ET-V1.2(2025.4.25)/et_java/crmeb-front/target/Crmeb-front.jar!/BOOT-INF/lib/snakeyaml-1.25.jar!/, jar:file:/E:/2zynt/工作项目/CRMEB-JAVA-ET-V1.2(2025.4.25)/et_java/crmeb-front/target/Crmeb-front.jar!/BOOT-INF/lib/spring-boot-starter-json-2.2.6.RELEASE.jar!/, jar:file:/E:/2zynt/工作项目/CRMEB-JAVA-ET-V1.2(2025.4.25)/et_java/crmeb-front/target/Crmeb-front.jar!/BOOT-INF/lib/jackson-datatype-jdk8-2.10.3.jar!/, jar:file:/E:/2zynt/工作项目/CRMEB-JAVA-ET-V1.2(2025.4.25)/et_java/crmeb-front/target/Crmeb-front.jar!/BOOT-INF/lib/jackson-datatype-jsr310-2.10.3.jar!/, jar:file:/E:/2zynt/工作项目/CRMEB-JAVA-ET-V1.2(2025.4.25)/et_java/crmeb-front/target/Crmeb-front.jar!/BOOT-INF/lib/jackson-module-parameter-names-2.10.3.jar!/, jar:file:/E:/2zynt/工作项目/CRMEB-JAVA-ET-V1.2(2025.4.25)/et_java/crmeb-front/target/Crmeb-front.jar!/BOOT-INF/lib/spring-boot-starter-tomcat-2.2.6.RELEASE.jar!/, jar:file:/E:/2zynt/工作项目/CRMEB-JAVA-ET-V1.2(2025.4.25)/et_java/crmeb-front/target/Crmeb-front.jar!/BOOT-INF/lib/tomcat-embed-websocket-9.0.33.jar!/, jar:file:/E:/2zynt/工作项目/CRMEB-JAVA-ET-V1.2(2025.4.25)/et_java/crmeb-front/target/Crmeb-front.jar!/BOOT-INF/lib/spring-boot-starter-validation-2.2.6.RELEASE.jar!/, jar:file:/E:/2zynt/工作项目/CRMEB-JAVA-ET-V1.2(2025.4.25)/et_java/crmeb-front/target/Crmeb-front.jar!/BOOT-INF/lib/jakarta.validation-api-2.0.2.jar!/, jar:file:/E:/2zynt/工作项目/CRMEB-JAVA-ET-V1.2(2025.4.25)/et_java/crmeb-front/target/Crmeb-front.jar!/BOOT-INF/lib/hibernate-validator-6.0.18.Final.jar!/, jar:file:/E:/2zynt/工作项目/CRMEB-JAVA-ET-V1.2(2025.4.25)/et_java/crmeb-front/target/Crmeb-front.jar!/BOOT-INF/lib/jboss-logging-3.4.1.Final.jar!/, jar:file:/E:/2zynt/工作项目/CRMEB-JAVA-ET-V1.2(2025.4.25)/et_java/crmeb-front/target/Crmeb-front.jar!/BOOT-INF/lib/spring-web-5.2.5.RELEASE.jar!/, jar:file:/E:/2zynt/工作项目/CRMEB-JAVA-ET-V1.2(2025.4.25)/et_java/crmeb-front/target/Crmeb-front.jar!/BOOT-INF/lib/spring-webmvc-5.2.5.RELEASE.jar!/, jar:file:/E:/2zynt/工作项目/CRMEB-JAVA-ET-V1.2(2025.4.25)/et_java/crmeb-front/target/Crmeb-front.jar!/BOOT-INF/lib/spring-expression-5.2.5.RELEASE.jar!/, jar:file:/E:/2zynt/工作项目/CRMEB-JAVA-ET-V1.2(2025.4.25)/et_java/crmeb-front/target/Crmeb-front.jar!/BOOT-INF/lib/spring-boot-starter-data-redis-2.2.0.RELEASE.jar!/, jar:file:/E:/2zynt/工作项目/CRMEB-JAVA-ET-V1.2(2025.4.25)/et_java/crmeb-front/target/Crmeb-front.jar!/BOOT-INF/lib/spring-data-redis-2.2.6.RELEASE.jar!/, jar:file:/E:/2zynt/工作项目/CRMEB-JAVA-ET-V1.2(2025.4.25)/et_java/crmeb-front/target/Crmeb-front.jar!/BOOT-INF/lib/spring-data-keyvalue-2.2.6.RELEASE.jar!/, jar:file:/E:/2zynt/工作项目/CRMEB-JAVA-ET-V1.2(2025.4.25)/et_java/crmeb-front/target/Crmeb-front.jar!/BOOT-INF/lib/spring-tx-5.2.5.RELEASE.jar!/, jar:file:/E:/2zynt/工作项目/CRMEB-JAVA-ET-V1.2(2025.4.25)/et_java/crmeb-front/target/Crmeb-front.jar!/BOOT-INF/lib/spring-oxm-5.2.5.RELEASE.jar!/, jar:file:/E:/2zynt/工作项目/CRMEB-JAVA-ET-V1.2(2025.4.25)/et_java/crmeb-front/target/Crmeb-front.jar!/BOOT-INF/lib/lettuce-core-5.2.2.RELEASE.jar!/, jar:file:/E:/2zynt/工作项目/CRMEB-JAVA-ET-V1.2(2025.4.25)/et_java/crmeb-front/target/Crmeb-front.jar!/BOOT-INF/lib/netty-common-4.1.48.Final.jar!/, jar:file:/E:/2zynt/工作项目/CRMEB-JAVA-ET-V1.2(2025.4.25)/et_java/crmeb-front/target/Crmeb-front.jar!/BOOT-INF/lib/netty-handler-4.1.48.Final.jar!/, jar:file:/E:/2zynt/工作项目/CRMEB-JAVA-ET-V1.2(2025.4.25)/et_java/crmeb-front/target/Crmeb-front.jar!/BOOT-INF/lib/netty-resolver-4.1.48.Final.jar!/, jar:file:/E:/2zynt/工作项目/CRMEB-JAVA-ET-V1.2(2025.4.25)/et_java/crmeb-front/target/Crmeb-front.jar!/BOOT-INF/lib/netty-buffer-4.1.48.Final.jar!/, jar:file:/E:/2zynt/工作项目/CRMEB-JAVA-ET-V1.2(2025.4.25)/et_java/crmeb-front/target/Crmeb-front.jar!/BOOT-INF/lib/netty-codec-4.1.48.Final.jar!/, jar:file:/E:/2zynt/工作项目/CRMEB-JAVA-ET-V1.2(2025.4.25)/et_java/crmeb-front/target/Crmeb-front.jar!/BOOT-INF/lib/netty-transport-4.1.48.Final.jar!/, jar:file:/E:/2zynt/工作项目/CRMEB-JAVA-ET-V1.2(2025.4.25)/et_java/crmeb-front/target/Crmeb-front.jar!/BOOT-INF/lib/reactor-core-3.3.4.RELEASE.jar!/, jar:file:/E:/2zynt/工作项目/CRMEB-JAVA-ET-V1.2(2025.4.25)/et_java/crmeb-front/target/Crmeb-front.jar!/BOOT-INF/lib/reactive-streams-1.0.3.jar!/, jar:file:/E:/2zynt/工作项目/CRMEB-JAVA-ET-V1.2(2025.4.25)/et_java/crmeb-front/target/Crmeb-front.jar!/BOOT-INF/lib/jedis-3.1.0.jar!/, jar:file:/E:/2zynt/工作项目/CRMEB-JAVA-ET-V1.2(2025.4.25)/et_java/crmeb-front/target/Crmeb-front.jar!/BOOT-INF/lib/commons-pool2-2.7.0.jar!/, jar:file:/E:/2zynt/工作项目/CRMEB-JAVA-ET-V1.2(2025.4.25)/et_java/crmeb-front/target/Crmeb-front.jar!/BOOT-INF/lib/pagehelper-spring-boot-starter-1.2.5.jar!/, jar:file:/E:/2zynt/工作项目/CRMEB-JAVA-ET-V1.2(2025.4.25)/et_java/crmeb-front/target/Crmeb-front.jar!/BOOT-INF/lib/mybatis-spring-boot-starter-1.3.2.jar!/, jar:file:/E:/2zynt/工作项目/CRMEB-JAVA-ET-V1.2(2025.4.25)/et_java/crmeb-front/target/Crmeb-front.jar!/BOOT-INF/lib/mybatis-spring-boot-autoconfigure-1.3.2.jar!/, jar:file:/E:/2zynt/工作项目/CRMEB-JAVA-ET-V1.2(2025.4.25)/et_java/crmeb-front/target/Crmeb-front.jar!/BOOT-INF/lib/pagehelper-spring-boot-autoconfigure-1.2.5.jar!/, jar:file:/E:/2zynt/工作项目/CRMEB-JAVA-ET-V1.2(2025.4.25)/et_java/crmeb-front/target/Crmeb-front.jar!/BOOT-INF/lib/pagehelper-5.1.4.jar!/, jar:file:/E:/2zynt/工作项目/CRMEB-JAVA-ET-V1.2(2025.4.25)/et_java/crmeb-front/target/Crmeb-front.jar!/BOOT-INF/lib/jsqlparser-1.0.jar!/, jar:file:/E:/2zynt/工作项目/CRMEB-JAVA-ET-V1.2(2025.4.25)/et_java/crmeb-front/target/Crmeb-front.jar!/BOOT-INF/lib/validation-api-1.1.0.Final.jar!/, jar:file:/E:/2zynt/工作项目/CRMEB-JAVA-ET-V1.2(2025.4.25)/et_java/crmeb-front/target/Crmeb-front.jar!/BOOT-INF/lib/spring-data-commons-2.2.6.RELEASE.jar!/, jar:file:/E:/2zynt/工作项目/CRMEB-JAVA-ET-V1.2(2025.4.25)/et_java/crmeb-front/target/Crmeb-front.jar!/BOOT-INF/lib/spring-beans-5.2.5.RELEASE.jar!/, jar:file:/E:/2zynt/工作项目/CRMEB-JAVA-ET-V1.2(2025.4.25)/et_java/crmeb-front/target/Crmeb-front.jar!/BOOT-INF/lib/hutool-all-4.5.7.jar!/, jar:file:/E:/2zynt/工作项目/CRMEB-JAVA-ET-V1.2(2025.4.25)/et_java/crmeb-front/target/Crmeb-front.jar!/BOOT-INF/lib/spring-boot-starter-actuator-2.2.6.RELEASE.jar!/, jar:file:/E:/2zynt/工作项目/CRMEB-JAVA-ET-V1.2(2025.4.25)/et_java/crmeb-front/target/Crmeb-front.jar!/BOOT-INF/lib/spring-boot-actuator-autoconfigure-2.2.6.RELEASE.jar!/, jar:file:/E:/2zynt/工作项目/CRMEB-JAVA-ET-V1.2(2025.4.25)/et_java/crmeb-front/target/Crmeb-front.jar!/BOOT-INF/lib/spring-boot-actuator-2.2.6.RELEASE.jar!/, jar:file:/E:/2zynt/工作项目/CRMEB-JAVA-ET-V1.2(2025.4.25)/et_java/crmeb-front/target/Crmeb-front.jar!/BOOT-INF/lib/micrometer-core-1.3.6.jar!/, jar:file:/E:/2zynt/工作项目/CRMEB-JAVA-ET-V1.2(2025.4.25)/et_java/crmeb-front/target/Crmeb-front.jar!/BOOT-INF/lib/HdrHistogram-2.1.11.jar!/, jar:file:/E:/2zynt/工作项目/CRMEB-JAVA-ET-V1.2(2025.4.25)/et_java/crmeb-front/target/Crmeb-front.jar!/BOOT-INF/lib/LatencyUtils-2.0.3.jar!/, jar:file:/E:/2zynt/工作项目/CRMEB-JAVA-ET-V1.2(2025.4.25)/et_java/crmeb-front/target/Crmeb-front.jar!/BOOT-INF/lib/httpclient-4.5.6.jar!/, jar:file:/E:/2zynt/工作项目/CRMEB-JAVA-ET-V1.2(2025.4.25)/et_java/crmeb-front/target/Crmeb-front.jar!/BOOT-INF/lib/httpcore-4.4.13.jar!/, jar:file:/E:/2zynt/工作项目/CRMEB-JAVA-ET-V1.2(2025.4.25)/et_java/crmeb-front/target/Crmeb-front.jar!/BOOT-INF/lib/commons-logging-1.2.jar!/, jar:file:/E:/2zynt/工作项目/CRMEB-JAVA-ET-V1.2(2025.4.25)/et_java/crmeb-front/target/Crmeb-front.jar!/BOOT-INF/lib/commons-codec-1.13.jar!/, jar:file:/E:/2zynt/工作项目/CRMEB-JAVA-ET-V1.2(2025.4.25)/et_java/crmeb-front/target/Crmeb-front.jar!/BOOT-INF/lib/spring-boot-starter-aop-2.2.6.RELEASE.jar!/, jar:file:/E:/2zynt/工作项目/CRMEB-JAVA-ET-V1.2(2025.4.25)/et_java/crmeb-front/target/Crmeb-front.jar!/BOOT-INF/lib/spring-aop-5.2.5.RELEASE.jar!/, jar:file:/E:/2zynt/工作项目/CRMEB-JAVA-ET-V1.2(2025.4.25)/et_java/crmeb-front/target/Crmeb-front.jar!/BOOT-INF/lib/aspectjweaver-1.9.5.jar!/, jar:file:/E:/2zynt/工作项目/CRMEB-JAVA-ET-V1.2(2025.4.25)/et_java/crmeb-front/target/Crmeb-front.jar!/BOOT-INF/lib/commons-lang3-3.10.jar!/, jar:file:/E:/2zynt/工作项目/CRMEB-JAVA-ET-V1.2(2025.4.25)/et_java/crmeb-front/target/Crmeb-front.jar!/BOOT-INF/lib/poi-3.17.jar!/, jar:file:/E:/2zynt/工作项目/CRMEB-JAVA-ET-V1.2(2025.4.25)/et_java/crmeb-front/target/Crmeb-front.jar!/BOOT-INF/lib/commons-collections4-4.1.jar!/, jar:file:/E:/2zynt/工作项目/CRMEB-JAVA-ET-V1.2(2025.4.25)/et_java/crmeb-front/target/Crmeb-front.jar!/BOOT-INF/lib/poi-ooxml-3.17.jar!/, jar:file:/E:/2zynt/工作项目/CRMEB-JAVA-ET-V1.2(2025.4.25)/et_java/crmeb-front/target/Crmeb-front.jar!/BOOT-INF/lib/poi-ooxml-schemas-3.17.jar!/, jar:file:/E:/2zynt/工作项目/CRMEB-JAVA-ET-V1.2(2025.4.25)/et_java/crmeb-front/target/Crmeb-front.jar!/BOOT-INF/lib/xmlbeans-2.6.0.jar!/, jar:file:/E:/2zynt/工作项目/CRMEB-JAVA-ET-V1.2(2025.4.25)/et_java/crmeb-front/target/Crmeb-front.jar!/BOOT-INF/lib/curvesapi-1.04.jar!/, jar:file:/E:/2zynt/工作项目/CRMEB-JAVA-ET-V1.2(2025.4.25)/et_java/crmeb-front/target/Crmeb-front.jar!/BOOT-INF/lib/commons-fileupload-1.3.3.jar!/, jar:file:/E:/2zynt/工作项目/CRMEB-JAVA-ET-V1.2(2025.4.25)/et_java/crmeb-front/target/Crmeb-front.jar!/BOOT-INF/lib/commons-io-2.4.jar!/, jar:file:/E:/2zynt/工作项目/CRMEB-JAVA-ET-V1.2(2025.4.25)/et_java/crmeb-front/target/Crmeb-front.jar!/BOOT-INF/lib/aliyun-sdk-oss-3.5.0.jar!/, jar:file:/E:/2zynt/工作项目/CRMEB-JAVA-ET-V1.2(2025.4.25)/et_java/crmeb-front/target/Crmeb-front.jar!/BOOT-INF/lib/jdom-1.1.jar!/, jar:file:/E:/2zynt/工作项目/CRMEB-JAVA-ET-V1.2(2025.4.25)/et_java/crmeb-front/target/Crmeb-front.jar!/BOOT-INF/lib/jettison-1.1.jar!/, jar:file:/E:/2zynt/工作项目/CRMEB-JAVA-ET-V1.2(2025.4.25)/et_java/crmeb-front/target/Crmeb-front.jar!/BOOT-INF/lib/stax-api-1.0.1.jar!/, jar:file:/E:/2zynt/工作项目/CRMEB-JAVA-ET-V1.2(2025.4.25)/et_java/crmeb-front/target/Crmeb-front.jar!/BOOT-INF/lib/aliyun-java-sdk-core-3.4.0.jar!/, jar:file:/E:/2zynt/工作项目/CRMEB-JAVA-ET-V1.2(2025.4.25)/et_java/crmeb-front/target/Crmeb-front.jar!/BOOT-INF/lib/aliyun-java-sdk-ram-3.0.0.jar!/, jar:file:/E:/2zynt/工作项目/CRMEB-JAVA-ET-V1.2(2025.4.25)/et_java/crmeb-front/target/Crmeb-front.jar!/BOOT-INF/lib/aliyun-java-sdk-sts-3.0.0.jar!/, jar:file:/E:/2zynt/工作项目/CRMEB-JAVA-ET-V1.2(2025.4.25)/et_java/crmeb-front/target/Crmeb-front.jar!/BOOT-INF/lib/aliyun-java-sdk-ecs-4.2.0.jar!/, jar:file:/E:/2zynt/工作项目/CRMEB-JAVA-ET-V1.2(2025.4.25)/et_java/crmeb-front/target/Crmeb-front.jar!/BOOT-INF/lib/cos_api-5.6.22.jar!/, jar:file:/E:/2zynt/工作项目/CRMEB-JAVA-ET-V1.2(2025.4.25)/et_java/crmeb-front/target/Crmeb-front.jar!/BOOT-INF/lib/joda-time-2.10.5.jar!/, jar:file:/E:/2zynt/工作项目/CRMEB-JAVA-ET-V1.2(2025.4.25)/et_java/crmeb-front/target/Crmeb-front.jar!/BOOT-INF/lib/bcprov-jdk15on-1.64.jar!/, jar:file:/E:/2zynt/工作项目/CRMEB-JAVA-ET-V1.2(2025.4.25)/et_java/crmeb-front/target/Crmeb-front.jar!/BOOT-INF/lib/qiniu-java-sdk-7.2.28.jar!/, jar:file:/E:/2zynt/工作项目/CRMEB-JAVA-ET-V1.2(2025.4.25)/et_java/crmeb-front/target/Crmeb-front.jar!/BOOT-INF/lib/okhttp-3.14.7.jar!/, jar:file:/E:/2zynt/工作项目/CRMEB-JAVA-ET-V1.2(2025.4.25)/et_java/crmeb-front/target/Crmeb-front.jar!/BOOT-INF/lib/okio-1.17.2.jar!/, jar:file:/E:/2zynt/工作项目/CRMEB-JAVA-ET-V1.2(2025.4.25)/et_java/crmeb-front/target/Crmeb-front.jar!/BOOT-INF/lib/gson-2.8.6.jar!/, jar:file:/E:/2zynt/工作项目/CRMEB-JAVA-ET-V1.2(2025.4.25)/et_java/crmeb-front/target/Crmeb-front.jar!/BOOT-INF/lib/dom4j-1.6.1.jar!/, jar:file:/E:/2zynt/工作项目/CRMEB-JAVA-ET-V1.2(2025.4.25)/et_java/crmeb-front/target/Crmeb-front.jar!/BOOT-INF/lib/xml-apis-1.0.b2.jar!/, jar:file:/E:/2zynt/工作项目/CRMEB-JAVA-ET-V1.2(2025.4.25)/et_java/crmeb-front/target/Crmeb-front.jar!/BOOT-INF/lib/xstream-1.4.10.jar!/, jar:file:/E:/2zynt/工作项目/CRMEB-JAVA-ET-V1.2(2025.4.25)/et_java/crmeb-front/target/Crmeb-front.jar!/BOOT-INF/lib/xmlpull-1.1.3.1.jar!/, jar:file:/E:/2zynt/工作项目/CRMEB-JAVA-ET-V1.2(2025.4.25)/et_java/crmeb-front/target/Crmeb-front.jar!/BOOT-INF/lib/xpp3_min-1.1.4c.jar!/, jar:file:/E:/2zynt/工作项目/CRMEB-JAVA-ET-V1.2(2025.4.25)/et_java/crmeb-front/target/Crmeb-front.jar!/BOOT-INF/lib/httpmime-4.5.2.jar!/, jar:file:/E:/2zynt/工作项目/CRMEB-JAVA-ET-V1.2(2025.4.25)/et_java/crmeb-front/target/Crmeb-front.jar!/BOOT-INF/lib/jjwt-0.9.1.jar!/, jar:file:/E:/2zynt/工作项目/CRMEB-JAVA-ET-V1.2(2025.4.25)/et_java/crmeb-front/target/Crmeb-front.jar!/BOOT-INF/lib/jwks-rsa-0.9.0.jar!/, jar:file:/E:/2zynt/工作项目/CRMEB-JAVA-ET-V1.2(2025.4.25)/et_java/crmeb-front/target/Crmeb-front.jar!/BOOT-INF/lib/spring-boot-starter-security-2.2.6.RELEASE.jar!/, jar:file:/E:/2zynt/工作项目/CRMEB-JAVA-ET-V1.2(2025.4.25)/et_java/crmeb-front/target/Crmeb-front.jar!/BOOT-INF/lib/spring-security-config-5.2.2.RELEASE.jar!/, jar:file:/E:/2zynt/工作项目/CRMEB-JAVA-ET-V1.2(2025.4.25)/et_java/crmeb-front/target/Crmeb-front.jar!/BOOT-INF/lib/spring-security-core-5.2.2.RELEASE.jar!/, jar:file:/E:/2zynt/工作项目/CRMEB-JAVA-ET-V1.2(2025.4.25)/et_java/crmeb-front/target/Crmeb-front.jar!/BOOT-INF/lib/spring-security-web-5.2.2.RELEASE.jar!/, jar:file:/E:/2zynt/工作项目/CRMEB-JAVA-ET-V1.2(2025.4.25)/et_java/crmeb-front/target/Crmeb-front.jar!/BOOT-INF/lib/spring-boot-starter-mail-2.2.6.RELEASE.jar!/, jar:file:/E:/2zynt/工作项目/CRMEB-JAVA-ET-V1.2(2025.4.25)/et_java/crmeb-front/target/Crmeb-front.jar!/BOOT-INF/lib/spring-context-support-5.2.5.RELEASE.jar!/, jar:file:/E:/2zynt/工作项目/CRMEB-JAVA-ET-V1.2(2025.4.25)/et_java/crmeb-front/target/Crmeb-front.jar!/BOOT-INF/lib/jakarta.mail-1.6.5.jar!/, jar:file:/E:/2zynt/工作项目/CRMEB-JAVA-ET-V1.2(2025.4.25)/et_java/crmeb-front/target/Crmeb-front.jar!/BOOT-INF/lib/jakarta.activation-1.2.2.jar!/, jar:file:/E:/2zynt/工作项目/CRMEB-JAVA-ET-V1.2(2025.4.25)/et_java/crmeb-front/target/Crmeb-front.jar!/BOOT-INF/lib/checkout-sdk-1.0.4.jar!/, jar:file:/E:/2zynt/工作项目/CRMEB-JAVA-ET-V1.2(2025.4.25)/et_java/crmeb-front/target/Crmeb-front.jar!/BOOT-INF/lib/paypalhttp-1.0.2.jar!/, jar:file:/E:/2zynt/工作项目/CRMEB-JAVA-ET-V1.2(2025.4.25)/et_java/crmeb-front/target/Crmeb-front.jar!/BOOT-INF/lib/dysmsapi20170525-2.0.8.jar!/, jar:file:/E:/2zynt/工作项目/CRMEB-JAVA-ET-V1.2(2025.4.25)/et_java/crmeb-front/target/Crmeb-front.jar!/BOOT-INF/lib/tea-util-0.2.13.jar!/, jar:file:/E:/2zynt/工作项目/CRMEB-JAVA-ET-V1.2(2025.4.25)/et_java/crmeb-front/target/Crmeb-front.jar!/BOOT-INF/lib/endpoint-util-0.0.6.jar!/, jar:file:/E:/2zynt/工作项目/CRMEB-JAVA-ET-V1.2(2025.4.25)/et_java/crmeb-front/target/Crmeb-front.jar!/BOOT-INF/lib/tea-1.1.14.jar!/, jar:file:/E:/2zynt/工作项目/CRMEB-JAVA-ET-V1.2(2025.4.25)/et_java/crmeb-front/target/Crmeb-front.jar!/BOOT-INF/lib/org.jacoco.agent-0.8.4-runtime.jar!/, jar:file:/E:/2zynt/工作项目/CRMEB-JAVA-ET-V1.2(2025.4.25)/et_java/crmeb-front/target/Crmeb-front.jar!/BOOT-INF/lib/tea-openapi-0.1.6.jar!/, jar:file:/E:/2zynt/工作项目/CRMEB-JAVA-ET-V1.2(2025.4.25)/et_java/crmeb-front/target/Crmeb-front.jar!/BOOT-INF/lib/credentials-java-0.2.4.jar!/, jar:file:/E:/2zynt/工作项目/CRMEB-JAVA-ET-V1.2(2025.4.25)/et_java/crmeb-front/target/Crmeb-front.jar!/BOOT-INF/lib/ini4j-0.5.4.jar!/, jar:file:/E:/2zynt/工作项目/CRMEB-JAVA-ET-V1.2(2025.4.25)/et_java/crmeb-front/target/Crmeb-front.jar!/BOOT-INF/lib/jaxb-api-2.3.1.jar!/, jar:file:/E:/2zynt/工作项目/CRMEB-JAVA-ET-V1.2(2025.4.25)/et_java/crmeb-front/target/Crmeb-front.jar!/BOOT-INF/lib/javax.activation-api-1.2.0.jar!/, jar:file:/E:/2zynt/工作项目/CRMEB-JAVA-ET-V1.2(2025.4.25)/et_java/crmeb-front/target/Crmeb-front.jar!/BOOT-INF/lib/jaxb-core-2.3.0.jar!/, jar:file:/E:/2zynt/工作项目/CRMEB-JAVA-ET-V1.2(2025.4.25)/et_java/crmeb-front/target/Crmeb-front.jar!/BOOT-INF/lib/jaxb-impl-2.3.0.jar!/, jar:file:/E:/2zynt/工作项目/CRMEB-JAVA-ET-V1.2(2025.4.25)/et_java/crmeb-front/target/Crmeb-front.jar!/BOOT-INF/lib/openapiutil-0.1.13.jar!/, jar:file:/E:/2zynt/工作项目/CRMEB-JAVA-ET-V1.2(2025.4.25)/et_java/crmeb-front/target/Crmeb-front.jar!/BOOT-INF/lib/sdk-core-java-1.1.7.jar!/, jar:file:/E:/2zynt/工作项目/CRMEB-JAVA-ET-V1.2(2025.4.25)/et_java/crmeb-front/target/Crmeb-front.jar!/BOOT-INF/lib/juniversalchardet-1.0.3.jar!/, jar:file:/E:/2zynt/工作项目/CRMEB-JAVA-ET-V1.2(2025.4.25)/et_java/crmeb-front/target/Crmeb-front.jar!/BOOT-INF/lib/plexus-digest-1.0.jar!/, jar:file:/E:/2zynt/工作项目/CRMEB-JAVA-ET-V1.2(2025.4.25)/et_java/crmeb-front/target/Crmeb-front.jar!/BOOT-INF/lib/plexus-container-default-1.0-alpha-8.jar!/, jar:file:/E:/2zynt/工作项目/CRMEB-JAVA-ET-V1.2(2025.4.25)/et_java/crmeb-front/target/Crmeb-front.jar!/BOOT-INF/lib/plexus-utils-1.0.4.jar!/, jar:file:/E:/2zynt/工作项目/CRMEB-JAVA-ET-V1.2(2025.4.25)/et_java/crmeb-front/target/Crmeb-front.jar!/BOOT-INF/lib/classworlds-1.1-alpha-2.jar!/, jar:file:/E:/2zynt/工作项目/CRMEB-JAVA-ET-V1.2(2025.4.25)/et_java/crmeb-front/target/Crmeb-front.jar!/BOOT-INF/lib/stripe-java-20.124.0.jar!/, jar:file:/E:/2zynt/工作项目/CRMEB-JAVA-ET-V1.2(2025.4.25)/et_java/crmeb-front/target/Crmeb-front.jar!/BOOT-INF/lib/weixin-java-pay-4.5.0.jar!/, jar:file:/E:/2zynt/工作项目/CRMEB-JAVA-ET-V1.2(2025.4.25)/et_java/crmeb-front/target/Crmeb-front.jar!/BOOT-INF/lib/weixin-java-common-4.5.0.jar!/, jar:file:/E:/2zynt/工作项目/CRMEB-JAVA-ET-V1.2(2025.4.25)/et_java/crmeb-front/target/Crmeb-front.jar!/BOOT-INF/lib/jcl-over-slf4j-1.7.30.jar!/, jar:file:/E:/2zynt/工作项目/CRMEB-JAVA-ET-V1.2(2025.4.25)/et_java/crmeb-front/target/Crmeb-front.jar!/BOOT-INF/lib/dom4j-2.1.3.jar!/, jar:file:/E:/2zynt/工作项目/CRMEB-JAVA-ET-V1.2(2025.4.25)/et_java/crmeb-front/target/Crmeb-front.jar!/BOOT-INF/lib/qrcode-utils-1.1.jar!/, jar:file:/E:/2zynt/工作项目/CRMEB-JAVA-ET-V1.2(2025.4.25)/et_java/crmeb-front/target/Crmeb-front.jar!/BOOT-INF/lib/bcpkix-jdk15on-1.68.jar!/, jar:file:/E:/2zynt/工作项目/CRMEB-JAVA-ET-V1.2(2025.4.25)/et_java/crmeb-front/target/Crmeb-front.jar!/BOOT-INF/lib/jodd-http-6.2.1.jar!/, jar:file:/E:/2zynt/工作项目/CRMEB-JAVA-ET-V1.2(2025.4.25)/et_java/crmeb-front/target/Crmeb-front.jar!/BOOT-INF/lib/jodd-util-6.1.0.jar!/, jar:file:/E:/2zynt/工作项目/CRMEB-JAVA-ET-V1.2(2025.4.25)/et_java/crmeb-front/target/Crmeb-front.jar!/BOOT-INF/lib/javase-3.3.3.jar!/, jar:file:/E:/2zynt/工作项目/CRMEB-JAVA-ET-V1.2(2025.4.25)/et_java/crmeb-front/target/Crmeb-front.jar!/BOOT-INF/lib/core-3.3.3.jar!/, jar:file:/E:/2zynt/工作项目/CRMEB-JAVA-ET-V1.2(2025.4.25)/et_java/crmeb-front/target/Crmeb-front.jar!/BOOT-INF/lib/jcommander-1.72.jar!/, jar:file:/E:/2zynt/工作项目/CRMEB-JAVA-ET-V1.2(2025.4.25)/et_java/crmeb-front/target/Crmeb-front.jar!/BOOT-INF/lib/jai-imageio-core-1.4.0.jar!/, jar:file:/E:/2zynt/工作项目/CRMEB-JAVA-ET-V1.2(2025.4.25)/et_java/crmeb-front/target/Crmeb-front.jar!/BOOT-INF/lib/google-api-client-1.30.10.jar!/, jar:file:/E:/2zynt/工作项目/CRMEB-JAVA-ET-V1.2(2025.4.25)/et_java/crmeb-front/target/Crmeb-front.jar!/BOOT-INF/lib/google-oauth-client-1.31.0.jar!/, jar:file:/E:/2zynt/工作项目/CRMEB-JAVA-ET-V1.2(2025.4.25)/et_java/crmeb-front/target/Crmeb-front.jar!/BOOT-INF/lib/google-http-client-1.35.0.jar!/, jar:file:/E:/2zynt/工作项目/CRMEB-JAVA-ET-V1.2(2025.4.25)/et_java/crmeb-front/target/Crmeb-front.jar!/BOOT-INF/lib/opencensus-api-0.24.0.jar!/, jar:file:/E:/2zynt/工作项目/CRMEB-JAVA-ET-V1.2(2025.4.25)/et_java/crmeb-front/target/Crmeb-front.jar!/BOOT-INF/lib/grpc-context-1.22.1.jar!/, jar:file:/E:/2zynt/工作项目/CRMEB-JAVA-ET-V1.2(2025.4.25)/et_java/crmeb-front/target/Crmeb-front.jar!/BOOT-INF/lib/opencensus-contrib-http-util-0.24.0.jar!/, jar:file:/E:/2zynt/工作项目/CRMEB-JAVA-ET-V1.2(2025.4.25)/et_java/crmeb-front/target/Crmeb-front.jar!/BOOT-INF/lib/jsr305-3.0.2.jar!/, jar:file:/E:/2zynt/工作项目/CRMEB-JAVA-ET-V1.2(2025.4.25)/et_java/crmeb-front/target/Crmeb-front.jar!/BOOT-INF/lib/google-http-client-jackson2-1.36.0.jar!/, jar:file:/E:/2zynt/工作项目/CRMEB-JAVA-ET-V1.2(2025.4.25)/et_java/crmeb-front/target/Crmeb-front.jar!/BOOT-INF/lib/jackson-core-2.10.3.jar!/, jar:file:/E:/2zynt/工作项目/CRMEB-JAVA-ET-V1.2(2025.4.25)/et_java/crmeb-front/target/Crmeb-front.jar!/BOOT-INF/lib/guava-29.0-android.jar!/, jar:file:/E:/2zynt/工作项目/CRMEB-JAVA-ET-V1.2(2025.4.25)/et_java/crmeb-front/target/Crmeb-front.jar!/BOOT-INF/lib/failureaccess-1.0.1.jar!/, jar:file:/E:/2zynt/工作项目/CRMEB-JAVA-ET-V1.2(2025.4.25)/et_java/crmeb-front/target/Crmeb-front.jar!/BOOT-INF/lib/listenablefuture-9999.0-empty-to-avoid-conflict-with-guava.jar!/, jar:file:/E:/2zynt/工作项目/CRMEB-JAVA-ET-V1.2(2025.4.25)/et_java/crmeb-front/target/Crmeb-front.jar!/BOOT-INF/lib/checker-compat-qual-2.5.5.jar!/, jar:file:/E:/2zynt/工作项目/CRMEB-JAVA-ET-V1.2(2025.4.25)/et_java/crmeb-front/target/Crmeb-front.jar!/BOOT-INF/lib/error_prone_annotations-2.3.4.jar!/, jar:file:/E:/2zynt/工作项目/CRMEB-JAVA-ET-V1.2(2025.4.25)/et_java/crmeb-front/target/Crmeb-front.jar!/BOOT-INF/lib/j2objc-annotations-1.3.jar!/, jar:file:/E:/2zynt/工作项目/CRMEB-JAVA-ET-V1.2(2025.4.25)/et_java/crmeb-front/target/Crmeb-front.jar!/BOOT-INF/lib/twitter4j-core-4.0.7.jar!/, jar:file:/E:/2zynt/工作项目/CRMEB-JAVA-ET-V1.2(2025.4.25)/et_java/crmeb-front/target/Crmeb-front.jar!/BOOT-INF/lib/spring-boot-jarmode-layertools-2.6.6.jar!/]" }
                    
{
                    "app": "Crmeb",
                    "timestamp":"2025-09-19 17:08:42.351",
                    "level": "DEBUG",
                    "thread": "main",
                    "class": "o.springframework.boot.SpringApplication",
                    "message": "Loading source class com.zbkj.front.CrmebFrontApplication" }
                    
{
                    "app": "Crmeb",
                    "timestamp":"2025-09-19 17:08:42.406",
                    "level": "DEBUG",
                    "thread": "main",
                    "class": "o.s.b.c.c.ConfigFileApplicationListener",
                    "message": "Loaded config file 'jar:file:/E:/2zynt/%E5%B7%A5%E4%BD%9C%E9%A1%B9%E7%9B%AE/CRMEB-JAVA-ET-V1.2(2025.4.25)/et_java/crmeb-front/target/Crmeb-front.jar!/BOOT-INF/classes!/application.yml' (classpath:/application.yml)" }
                    
{
                    "app": "Crmeb",
                    "timestamp":"2025-09-19 17:08:42.407",
                    "level": "DEBUG",
                    "thread": "main",
                    "class": "o.s.b.w.s.c.AnnotationConfigServletWebServerApplicationContext",
                    "message": "Refreshing org.springframework.boot.web.servlet.context.AnnotationConfigServletWebServerApplicationContext@2a5ca609" }
                    
{
                    "app": "Crmeb",
                    "timestamp":"2025-09-19 17:08:44.579",
                    "level": "DEBUG",
                    "thread": "main",
                    "class": "o.s.b.w.e.t.TomcatServletWebServerFactory",
                    "message": "Code archive: E:\2zynt\工作项目\CRMEB-JAVA-ET-V1.2(2025.4.25)\et_java\crmeb-front\target\Crmeb-front.jar" }
                    
{
                    "app": "Crmeb",
                    "timestamp":"2025-09-19 17:08:44.579",
                    "level": "DEBUG",
                    "thread": "main",
                    "class": "o.s.b.w.e.t.TomcatServletWebServerFactory",
                    "message": "Code archive: E:\2zynt\工作项目\CRMEB-JAVA-ET-V1.2(2025.4.25)\et_java\crmeb-front\target\Crmeb-front.jar" }
                    
{
                    "app": "Crmeb",
                    "timestamp":"2025-09-19 17:08:44.580",
                    "level": "DEBUG",
                    "thread": "main",
                    "class": "o.s.b.w.e.t.TomcatServletWebServerFactory",
                    "message": "None of the document roots [src/main/webapp, public, static] point to a directory and will be ignored." }
                    
{
                    "app": "Crmeb",
                    "timestamp":"2025-09-19 17:08:45.061",
                    "level": "DEBUG",
                    "thread": "main",
                    "class": "o.s.web.context.ContextLoader",
                    "message": "Published root WebApplicationContext as ServletContext attribute with name [org.springframework.web.context.WebApplicationContext.ROOT]" }
                    
{
                    "app": "Crmeb",
                    "timestamp":"2025-09-19 17:08:45.554",
                    "level": "DEBUG",
                    "thread": "main",
                    "class": "o.s.b.w.s.ServletContextInitializerBeans",
                    "message": "Mapping filters: filterRegistrationBean urls=[/*] order=-2147483647, springSecurityFilterChain urls=[/*] order=-100, filterRegistrationBean urls=[/*] order=2147483647, filterRegistrationBean urls=[/*] order=2147483647, characterEncodingFilter urls=[/*] order=-2147483648, formContentFilter urls=[/*] order=-9900, requestContextFilter urls=[/*] order=-105, corsFilter urls=[/*] order=2147483647" }
                    
{
                    "app": "Crmeb",
                    "timestamp":"2025-09-19 17:08:45.555",
                    "level": "DEBUG",
                    "thread": "main",
                    "class": "o.s.b.w.s.ServletContextInitializerBeans",
                    "message": "Mapping servlets: statViewServlet urls=[/druid/*], dispatcherServlet urls=[/]" }
                    
{
                    "app": "Crmeb",
                    "timestamp":"2025-09-19 17:08:45.594",
                    "level": "DEBUG",
                    "thread": "main",
                    "class": "o.s.b.a.m.w.servlet.WebMvcMetricsFilter",
                    "message": "Filter 'webMvcMetricsFilter' configured for use" }
                    
{
                    "app": "Crmeb",
                    "timestamp":"2025-09-19 17:08:45.595",
                    "level": "DEBUG",
                    "thread": "main",
                    "class": "o.s.b.w.s.f.OrderedRequestContextFilter",
                    "message": "Filter 'requestContextFilter' configured for use" }
                    
{
                    "app": "Crmeb",
                    "timestamp":"2025-09-19 17:08:45.596",
                    "level": "DEBUG",
                    "thread": "main",
                    "class": "o.springframework.web.filter.CorsFilter",
                    "message": "Filter 'corsFilter' configured for use" }
                    
{
                    "app": "Crmeb",
                    "timestamp":"2025-09-19 17:08:45.596",
                    "level": "DEBUG",
                    "thread": "main",
                    "class": "o.s.b.w.s.f.OrderedCharacterEncodingFilter",
                    "message": "Filter 'characterEncodingFilter' configured for use" }
                    
{
                    "app": "Crmeb",
                    "timestamp":"2025-09-19 17:08:45.596",
                    "level": "DEBUG",
                    "thread": "main",
                    "class": "o.s.b.w.s.DelegatingFilterProxyRegistrationBean$1",
                    "message": "Filter 'springSecurityFilterChain' configured for use" }
                    
{
                    "app": "Crmeb",
                    "timestamp":"2025-09-19 17:08:45.597",
                    "level": "DEBUG",
                    "thread": "main",
                    "class": "o.s.b.w.s.f.OrderedFormContentFilter",
                    "message": "Filter 'formContentFilter' configured for use" }
                    
{
                    "app": "Crmeb",
                    "timestamp":"2025-09-19 17:08:50.330",
                    "level": "DEBUG",
                    "thread": "main",
                    "class": "o.s.w.s.m.m.a.RequestMappingHandlerMapping",
                    "message": "151 mappings in 'requestMappingHandlerMapping'" }
                    
{
                    "app": "Crmeb",
                    "timestamp":"2025-09-19 17:08:50.715",
                    "level": "DEBUG",
                    "thread": "main",
                    "class": "o.s.w.s.m.m.a.RequestMappingHandlerAdapter",
                    "message": "ControllerAdvice beans: 0 @ModelAttribute, 0 @InitBinder, 1 RequestBodyAdvice, 1 ResponseBodyAdvice" }
                    
{
                    "app": "Crmeb",
                    "timestamp":"2025-09-19 17:08:50.795",
                    "level": "DEBUG",
                    "thread": "main",
                    "class": "o.s.w.s.handler.SimpleUrlHandlerMapping",
                    "message": "Patterns [/webjars/**, /**, /doc.html] in 'resourceHandlerMapping'" }
                    
{
                    "app": "Crmeb",
                    "timestamp":"2025-09-19 17:08:50.810",
                    "level": "DEBUG",
                    "thread": "main",
                    "class": "o.s.w.s.m.m.a.ExceptionHandlerExceptionResolver",
                    "message": "ControllerAdvice beans: 1 @ExceptionHandler, 1 ResponseBodyAdvice" }
                    
{
                    "app": "Crmeb",
                    "timestamp":"2025-09-19 17:09:11.123",
                    "level": "DEBUG",
                    "thread": "http-nio-8081-exec-4",
                    "class": "o.s.web.servlet.DispatcherServlet",
                    "message": "Detected StandardServletMultipartResolver" }
                    
{
                    "app": "Crmeb",
                    "timestamp":"2025-09-19 17:09:11.123",
                    "level": "DEBUG",
                    "thread": "http-nio-8081-exec-4",
                    "class": "o.s.web.servlet.DispatcherServlet",
                    "message": "Detected I18nLocaleResolver" }
                    
{
                    "app": "Crmeb",
                    "timestamp":"2025-09-19 17:09:11.129",
                    "level": "DEBUG",
                    "thread": "http-nio-8081-exec-4",
                    "class": "o.s.web.servlet.DispatcherServlet",
                    "message": "enableLoggingRequestDetails='false': request parameters and headers will be masked to prevent unsafe logging of potentially sensitive data" }
                    
{
                    "app": "Crmeb",
                    "timestamp":"2025-09-19 17:09:11.171",
                    "level": "DEBUG",
                    "thread": "http-nio-8081-exec-11",
                    "class": "o.s.web.servlet.DispatcherServlet",
                    "message": "GET "/api/front/product/leaderboard", parameters={}" }
                    
{
                    "app": "Crmeb",
                    "timestamp":"2025-09-19 17:09:11.171",
                    "level": "DEBUG",
                    "thread": "http-nio-8081-exec-9",
                    "class": "o.s.web.servlet.DispatcherServlet",
                    "message": "GET "/api/front/merchant/street", parameters={}" }
                    
{
                    "app": "Crmeb",
                    "timestamp":"2025-09-19 17:09:11.171",
                    "level": "DEBUG",
                    "thread": "http-nio-8081-exec-7",
                    "class": "o.s.web.servlet.DispatcherServlet",
                    "message": "GET "/api/front/activity/index/list", parameters={}" }
                    
{
                    "app": "Crmeb",
                    "timestamp":"2025-09-19 17:09:11.171",
                    "level": "DEBUG",
                    "thread": "http-nio-8081-exec-14",
                    "class": "o.s.web.servlet.DispatcherServlet",
                    "message": "GET "/api/front/index/product?page=1&limit=13", parameters={masked}" }
                    
{
                    "app": "Crmeb",
                    "timestamp":"2025-09-19 17:09:11.171",
                    "level": "DEBUG",
                    "thread": "http-nio-8081-exec-17",
                    "class": "o.s.web.servlet.DispatcherServlet",
                    "message": "GET "/api/pc/home/index", parameters={}" }
                    
{
                    "app": "Crmeb",
                    "timestamp":"2025-09-19 17:09:11.176",
                    "level": "DEBUG",
                    "thread": "http-nio-8081-exec-11",
                    "class": "o.s.w.s.m.m.a.RequestMappingHandlerMapping",
                    "message": "Mapped to com.zbkj.front.controller.ProductController#getLeaderboard()" }
                    
{
                    "app": "Crmeb",
                    "timestamp":"2025-09-19 17:09:11.176",
                    "level": "DEBUG",
                    "thread": "http-nio-8081-exec-9",
                    "class": "o.s.w.s.m.m.a.RequestMappingHandlerMapping",
                    "message": "Mapped to com.zbkj.front.controller.MerchantController#getStreet(PageParamRequest)" }
                    
{
                    "app": "Crmeb",
                    "timestamp":"2025-09-19 17:09:11.176",
                    "level": "DEBUG",
                    "thread": "http-nio-8081-exec-17",
                    "class": "o.s.w.s.m.m.a.RequestMappingHandlerMapping",
                    "message": "Mapped to com.zbkj.front.pc.controller.PcIndexController#getIndexInfo()" }
                    
{
                    "app": "Crmeb",
                    "timestamp":"2025-09-19 17:09:11.176",
                    "level": "DEBUG",
                    "thread": "http-nio-8081-exec-14",
                    "class": "o.s.w.s.m.m.a.RequestMappingHandlerMapping",
                    "message": "Mapped to com.zbkj.front.controller.IndexController#getProductList(PageParamRequest)" }
                    
{
                    "app": "Crmeb",
                    "timestamp":"2025-09-19 17:09:11.176",
                    "level": "DEBUG",
                    "thread": "http-nio-8081-exec-7",
                    "class": "o.s.w.s.m.m.a.RequestMappingHandlerMapping",
                    "message": "Mapped to com.zbkj.front.controller.ActivityController#getIndexList()" }
                    
{
                    "app": "Crmeb",
                    "timestamp":"2025-09-19 17:09:11.439",
                    "level": "DEBUG",
                    "thread": "http-nio-8081-exec-11",
                    "class": "o.s.w.s.m.m.a.RequestResponseBodyMethodProcessor",
                    "message": "Using 'application/json', given [application/json, text/plain, */*] and supported [application/json, application/*+json, application/json, application/*+json]" }
                    
{
                    "app": "Crmeb",
                    "timestamp":"2025-09-19 17:09:11.440",
                    "level": "DEBUG",
                    "thread": "http-nio-8081-exec-11",
                    "class": "o.s.w.s.m.m.a.RequestResponseBodyMethodProcessor",
                    "message": "Writing [com.zbkj.common.response.CommonResult@7d6f2813]" }
                    
{
                    "app": "Crmeb",
                    "timestamp":"2025-09-19 17:09:11.452",
                    "level": "DEBUG",
                    "thread": "http-nio-8081-exec-14",
                    "class": "o.s.w.s.m.m.a.RequestResponseBodyMethodProcessor",
                    "message": "Using 'application/json', given [application/json, text/plain, */*] and supported [application/json, application/*+json, application/json, application/*+json]" }
                    
{
                    "app": "Crmeb",
                    "timestamp":"2025-09-19 17:09:11.452",
                    "level": "DEBUG",
                    "thread": "http-nio-8081-exec-9",
                    "class": "o.s.w.s.m.m.a.RequestResponseBodyMethodProcessor",
                    "message": "Using 'application/json', given [application/json, text/plain, */*] and supported [application/json, application/*+json, application/json, application/*+json]" }
                    
{
                    "app": "Crmeb",
                    "timestamp":"2025-09-19 17:09:11.454",
                    "level": "DEBUG",
                    "thread": "http-nio-8081-exec-9",
                    "class": "o.s.w.s.m.m.a.RequestResponseBodyMethodProcessor",
                    "message": "Writing [com.zbkj.common.response.CommonResult@99f1785]" }
                    
{
                    "app": "Crmeb",
                    "timestamp":"2025-09-19 17:09:11.454",
                    "level": "DEBUG",
                    "thread": "http-nio-8081-exec-14",
                    "class": "o.s.w.s.m.m.a.RequestResponseBodyMethodProcessor",
                    "message": "Writing [com.zbkj.common.response.CommonResult@2bdb2a26]" }
                    
{
                    "app": "Crmeb",
                    "timestamp":"2025-09-19 17:09:11.456",
                    "level": "DEBUG",
                    "thread": "http-nio-8081-exec-11",
                    "class": "o.s.web.servlet.DispatcherServlet",
                    "message": "Completed 200 OK" }
                    
{
                    "app": "Crmeb",
                    "timestamp":"2025-09-19 17:09:11.462",
                    "level": "DEBUG",
                    "thread": "http-nio-8081-exec-14",
                    "class": "o.s.web.servlet.DispatcherServlet",
                    "message": "Completed 200 OK" }
                    
{
                    "app": "Crmeb",
                    "timestamp":"2025-09-19 17:09:11.463",
                    "level": "DEBUG",
                    "thread": "http-nio-8081-exec-9",
                    "class": "o.s.web.servlet.DispatcherServlet",
                    "message": "Completed 200 OK" }
                    
{
                    "app": "Crmeb",
                    "timestamp":"2025-09-19 17:09:11.504",
                    "level": "DEBUG",
                    "thread": "http-nio-8081-exec-7",
                    "class": "o.s.w.s.m.m.a.RequestResponseBodyMethodProcessor",
                    "message": "Using 'application/json', given [application/json, text/plain, */*] and supported [application/json, application/*+json, application/json, application/*+json]" }
                    
{
                    "app": "Crmeb",
                    "timestamp":"2025-09-19 17:09:11.504",
                    "level": "DEBUG",
                    "thread": "http-nio-8081-exec-7",
                    "class": "o.s.w.s.m.m.a.RequestResponseBodyMethodProcessor",
                    "message": "Writing [com.zbkj.common.response.CommonResult@712bf62b]" }
                    
{
                    "app": "Crmeb",
                    "timestamp":"2025-09-19 17:09:11.506",
                    "level": "DEBUG",
                    "thread": "http-nio-8081-exec-7",
                    "class": "o.s.web.servlet.DispatcherServlet",
                    "message": "Completed 200 OK" }
                    
{
                    "app": "Crmeb",
                    "timestamp":"2025-09-19 17:09:11.516",
                    "level": "DEBUG",
                    "thread": "http-nio-8081-exec-12",
                    "class": "o.s.web.servlet.DispatcherServlet",
                    "message": "GET "/api/front/activity/index/list", parameters={}" }
                    
{
                    "app": "Crmeb",
                    "timestamp":"2025-09-19 17:09:11.516",
                    "level": "DEBUG",
                    "thread": "http-nio-8081-exec-12",
                    "class": "o.s.w.s.m.m.a.RequestMappingHandlerMapping",
                    "message": "Mapped to com.zbkj.front.controller.ActivityController#getIndexList()" }
                    
{
                    "app": "Crmeb",
                    "timestamp":"2025-09-19 17:09:11.550",
                    "level": "DEBUG",
                    "thread": "http-nio-8081-exec-12",
                    "class": "o.s.w.s.m.m.a.RequestResponseBodyMethodProcessor",
                    "message": "Using 'application/json', given [application/json, text/plain, */*] and supported [application/json, application/*+json, application/json, application/*+json]" }
                    
{
                    "app": "Crmeb",
                    "timestamp":"2025-09-19 17:09:11.551",
                    "level": "DEBUG",
                    "thread": "http-nio-8081-exec-12",
                    "class": "o.s.w.s.m.m.a.RequestResponseBodyMethodProcessor",
                    "message": "Writing [com.zbkj.common.response.CommonResult@63bba224]" }
                    
{
                    "app": "Crmeb",
                    "timestamp":"2025-09-19 17:09:11.552",
                    "level": "DEBUG",
                    "thread": "http-nio-8081-exec-12",
                    "class": "o.s.web.servlet.DispatcherServlet",
                    "message": "Completed 200 OK" }
                    
{
                    "app": "Crmeb",
                    "timestamp":"2025-09-19 17:09:11.594",
                    "level": "DEBUG",
                    "thread": "http-nio-8081-exec-17",
                    "class": "o.s.w.s.m.m.a.RequestResponseBodyMethodProcessor",
                    "message": "Using 'application/json', given [application/json, text/plain, */*] and supported [application/json, application/*+json, application/json, application/*+json]" }
                    
{
                    "app": "Crmeb",
                    "timestamp":"2025-09-19 17:09:11.594",
                    "level": "DEBUG",
                    "thread": "http-nio-8081-exec-17",
                    "class": "o.s.w.s.m.m.a.RequestResponseBodyMethodProcessor",
                    "message": "Writing [com.zbkj.common.response.CommonResult@7499a26f]" }
                    
{
                    "app": "Crmeb",
                    "timestamp":"2025-09-19 17:09:11.598",
                    "level": "DEBUG",
                    "thread": "http-nio-8081-exec-17",
                    "class": "o.s.web.servlet.DispatcherServlet",
                    "message": "Completed 200 OK" }
                    
{
                    "app": "Crmeb",
                    "timestamp":"2025-09-19 17:09:11.682",
                    "level": "DEBUG",
                    "thread": "http-nio-8081-exec-13",
                    "class": "o.s.web.servlet.DispatcherServlet",
                    "message": "GET "/api/front/index/product?page=1&limit=13", parameters={masked}" }
                    
{
                    "app": "Crmeb",
                    "timestamp":"2025-09-19 17:09:11.684",
                    "level": "DEBUG",
                    "thread": "http-nio-8081-exec-15",
                    "class": "o.s.web.servlet.DispatcherServlet",
                    "message": "GET "/api/pc/home/index", parameters={}" }
                    
{
                    "app": "Crmeb",
                    "timestamp":"2025-09-19 17:09:11.684",
                    "level": "DEBUG",
                    "thread": "http-nio-8081-exec-13",
                    "class": "o.s.w.s.m.m.a.RequestMappingHandlerMapping",
                    "message": "Mapped to com.zbkj.front.controller.IndexController#getProductList(PageParamRequest)" }
                    
{
                    "app": "Crmeb",
                    "timestamp":"2025-09-19 17:09:11.684",
                    "level": "DEBUG",
                    "thread": "http-nio-8081-exec-15",
                    "class": "o.s.w.s.m.m.a.RequestMappingHandlerMapping",
                    "message": "Mapped to com.zbkj.front.pc.controller.PcIndexController#getIndexInfo()" }
                    
{
                    "app": "Crmeb",
                    "timestamp":"2025-09-19 17:09:11.686",
                    "level": "DEBUG",
                    "thread": "http-nio-8081-exec-10",
                    "class": "o.s.web.servlet.DispatcherServlet",
                    "message": "POST "/api/front/login/token/is/exist", parameters={}" }
                    
{
                    "app": "Crmeb",
                    "timestamp":"2025-09-19 17:09:11.687",
                    "level": "DEBUG",
                    "thread": "http-nio-8081-exec-10",
                    "class": "o.s.w.s.m.m.a.RequestMappingHandlerMapping",
                    "message": "Mapped to com.zbkj.front.controller.LoginController#tokenIsExist()" }
                    
{
                    "app": "Crmeb",
                    "timestamp":"2025-09-19 17:09:11.688",
                    "level": "DEBUG",
                    "thread": "http-nio-8081-exec-28",
                    "class": "o.s.web.servlet.DispatcherServlet",
                    "message": "GET "/api/front/product/category", parameters={}" }
                    
{
                    "app": "Crmeb",
                    "timestamp":"2025-09-19 17:09:11.689",
                    "level": "DEBUG",
                    "thread": "http-nio-8081-exec-20",
                    "class": "o.s.web.servlet.DispatcherServlet",
                    "message": "GET "/api/front/search/keyword", parameters={}" }
                    
{
                    "app": "Crmeb",
                    "timestamp":"2025-09-19 17:09:11.693",
                    "level": "DEBUG",
                    "thread": "http-nio-8081-exec-28",
                    "class": "o.s.w.s.m.m.a.RequestMappingHandlerMapping",
                    "message": "Mapped to com.zbkj.front.controller.ProductController#getCategory()" }
                    
{
                    "app": "Crmeb",
                    "timestamp":"2025-09-19 17:09:11.693",
                    "level": "DEBUG",
                    "thread": "http-nio-8081-exec-20",
                    "class": "o.s.w.s.m.m.a.RequestMappingHandlerMapping",
                    "message": "Mapped to com.zbkj.front.controller.IndexController#hotKeywords()" }
                    
{
                    "app": "Crmeb",
                    "timestamp":"2025-09-19 17:09:11.696",
                    "level": "DEBUG",
                    "thread": "http-nio-8081-exec-10",
                    "class": "o.s.w.s.m.m.a.RequestResponseBodyMethodProcessor",
                    "message": "Using 'application/json', given [application/json, text/plain, */*] and supported [application/json, application/*+json, application/json, application/*+json]" }
                    
{
                    "app": "Crmeb",
                    "timestamp":"2025-09-19 17:09:11.701",
                    "level": "DEBUG",
                    "thread": "http-nio-8081-exec-10",
                    "class": "o.s.w.s.m.m.a.RequestResponseBodyMethodProcessor",
                    "message": "Writing [com.zbkj.common.response.CommonResult@3f80b384]" }
                    
{
                    "app": "Crmeb",
                    "timestamp":"2025-09-19 17:09:11.705",
                    "level": "DEBUG",
                    "thread": "http-nio-8081-exec-10",
                    "class": "o.s.web.servlet.DispatcherServlet",
                    "message": "Completed 200 OK" }
                    
{
                    "app": "Crmeb",
                    "timestamp":"2025-09-19 17:09:11.715",
                    "level": "DEBUG",
                    "thread": "http-nio-8081-exec-13",
                    "class": "o.s.w.s.m.m.a.RequestResponseBodyMethodProcessor",
                    "message": "Using 'application/json', given [application/json, text/plain, */*] and supported [application/json, application/*+json, application/json, application/*+json]" }
                    
{
                    "app": "Crmeb",
                    "timestamp":"2025-09-19 17:09:11.715",
                    "level": "DEBUG",
                    "thread": "http-nio-8081-exec-13",
                    "class": "o.s.w.s.m.m.a.RequestResponseBodyMethodProcessor",
                    "message": "Writing [com.zbkj.common.response.CommonResult@3d7706e0]" }
                    
{
                    "app": "Crmeb",
                    "timestamp":"2025-09-19 17:09:11.716",
                    "level": "DEBUG",
                    "thread": "http-nio-8081-exec-13",
                    "class": "o.s.web.servlet.DispatcherServlet",
                    "message": "Completed 200 OK" }
                    
{
                    "app": "Crmeb",
                    "timestamp":"2025-09-19 17:09:11.720",
                    "level": "DEBUG",
                    "thread": "http-nio-8081-exec-20",
                    "class": "o.s.w.s.m.m.a.RequestResponseBodyMethodProcessor",
                    "message": "Using 'application/json', given [application/json, text/plain, */*] and supported [application/json, application/*+json, application/json, application/*+json]" }
                    
{
                    "app": "Crmeb",
                    "timestamp":"2025-09-19 17:09:11.720",
                    "level": "DEBUG",
                    "thread": "http-nio-8081-exec-20",
                    "class": "o.s.w.s.m.m.a.RequestResponseBodyMethodProcessor",
                    "message": "Writing [com.zbkj.common.response.CommonResult@3d2c6419]" }
                    
{
                    "app": "Crmeb",
                    "timestamp":"2025-09-19 17:09:11.725",
                    "level": "DEBUG",
                    "thread": "http-nio-8081-exec-20",
                    "class": "o.s.web.servlet.DispatcherServlet",
                    "message": "Completed 200 OK" }
                    
{
                    "app": "Crmeb",
                    "timestamp":"2025-09-19 17:09:11.752",
                    "level": "DEBUG",
                    "thread": "http-nio-8081-exec-15",
                    "class": "o.s.w.s.m.m.a.RequestResponseBodyMethodProcessor",
                    "message": "Using 'application/json', given [application/json, text/plain, */*] and supported [application/json, application/*+json, application/json, application/*+json]" }
                    
{
                    "app": "Crmeb",
                    "timestamp":"2025-09-19 17:09:11.753",
                    "level": "DEBUG",
                    "thread": "http-nio-8081-exec-15",
                    "class": "o.s.w.s.m.m.a.RequestResponseBodyMethodProcessor",
                    "message": "Writing [com.zbkj.common.response.CommonResult@77359f3d]" }
                    
{
                    "app": "Crmeb",
                    "timestamp":"2025-09-19 17:09:11.754",
                    "level": "DEBUG",
                    "thread": "http-nio-8081-exec-15",
                    "class": "o.s.web.servlet.DispatcherServlet",
                    "message": "Completed 200 OK" }
                    
{
                    "app": "Crmeb",
                    "timestamp":"2025-09-19 17:09:11.769",
                    "level": "DEBUG",
                    "thread": "http-nio-8081-exec-28",
                    "class": "o.s.w.s.m.m.a.RequestResponseBodyMethodProcessor",
                    "message": "Using 'application/json', given [application/json, text/plain, */*] and supported [application/json, application/*+json, application/json, application/*+json]" }
                    
{
                    "app": "Crmeb",
                    "timestamp":"2025-09-19 17:09:11.770",
                    "level": "DEBUG",
                    "thread": "http-nio-8081-exec-28",
                    "class": "o.s.w.s.m.m.a.RequestResponseBodyMethodProcessor",
                    "message": "Writing [com.zbkj.common.response.CommonResult@6b607f9b]" }
                    
{
                    "app": "Crmeb",
                    "timestamp":"2025-09-19 17:09:11.772",
                    "level": "DEBUG",
                    "thread": "http-nio-8081-exec-28",
                    "class": "o.s.web.servlet.DispatcherServlet",
                    "message": "Completed 200 OK" }
                    
{
                    "app": "Crmeb",
                    "timestamp":"2025-09-19 17:09:18.113",
                    "level": "DEBUG",
                    "thread": "http-nio-8081-exec-18",
                    "class": "o.s.web.servlet.DispatcherServlet",
                    "message": "GET "/api/pc/home/index", parameters={}" }
                    
{
                    "app": "Crmeb",
                    "timestamp":"2025-09-19 17:09:18.114",
                    "level": "DEBUG",
                    "thread": "http-nio-8081-exec-18",
                    "class": "o.s.w.s.m.m.a.RequestMappingHandlerMapping",
                    "message": "Mapped to com.zbkj.front.pc.controller.PcIndexController#getIndexInfo()" }
                    
{
                    "app": "Crmeb",
                    "timestamp":"2025-09-19 17:09:18.114",
                    "level": "DEBUG",
                    "thread": "http-nio-8081-exec-29",
                    "class": "o.s.web.servlet.DispatcherServlet",
                    "message": "GET "/api/front/activity/index/list", parameters={}" }
                    
{
                    "app": "Crmeb",
                    "timestamp":"2025-09-19 17:09:18.114",
                    "level": "DEBUG",
                    "thread": "http-nio-8081-exec-30",
                    "class": "o.s.web.servlet.DispatcherServlet",
                    "message": "GET "/api/front/product/leaderboard", parameters={}" }
                    
{
                    "app": "Crmeb",
                    "timestamp":"2025-09-19 17:09:18.114",
                    "level": "DEBUG",
                    "thread": "http-nio-8081-exec-19",
                    "class": "o.s.web.servlet.DispatcherServlet",
                    "message": "GET "/api/front/merchant/street", parameters={}" }
                    
{
                    "app": "Crmeb",
                    "timestamp":"2025-09-19 17:09:18.116",
                    "level": "DEBUG",
                    "thread": "http-nio-8081-exec-6",
                    "class": "o.s.web.servlet.DispatcherServlet",
                    "message": "GET "/api/front/index/product?page=1&limit=13", parameters={masked}" }
                    
{
                    "app": "Crmeb",
                    "timestamp":"2025-09-19 17:09:18.116",
                    "level": "DEBUG",
                    "thread": "http-nio-8081-exec-29",
                    "class": "o.s.w.s.m.m.a.RequestMappingHandlerMapping",
                    "message": "Mapped to com.zbkj.front.controller.ActivityController#getIndexList()" }
                    
{
                    "app": "Crmeb",
                    "timestamp":"2025-09-19 17:09:18.117",
                    "level": "DEBUG",
                    "thread": "http-nio-8081-exec-30",
                    "class": "o.s.w.s.m.m.a.RequestMappingHandlerMapping",
                    "message": "Mapped to com.zbkj.front.controller.ProductController#getLeaderboard()" }
                    
{
                    "app": "Crmeb",
                    "timestamp":"2025-09-19 17:09:18.117",
                    "level": "DEBUG",
                    "thread": "http-nio-8081-exec-19",
                    "class": "o.s.w.s.m.m.a.RequestMappingHandlerMapping",
                    "message": "Mapped to com.zbkj.front.controller.MerchantController#getStreet(PageParamRequest)" }
                    
{
                    "app": "Crmeb",
                    "timestamp":"2025-09-19 17:09:18.118",
                    "level": "DEBUG",
                    "thread": "http-nio-8081-exec-6",
                    "class": "o.s.w.s.m.m.a.RequestMappingHandlerMapping",
                    "message": "Mapped to com.zbkj.front.controller.IndexController#getProductList(PageParamRequest)" }
                    
{
                    "app": "Crmeb",
                    "timestamp":"2025-09-19 17:09:18.141",
                    "level": "DEBUG",
                    "thread": "http-nio-8081-exec-30",
                    "class": "o.s.w.s.m.m.a.RequestResponseBodyMethodProcessor",
                    "message": "Using 'application/json', given [application/json, text/plain, */*] and supported [application/json, application/*+json, application/json, application/*+json]" }
                    
{
                    "app": "Crmeb",
                    "timestamp":"2025-09-19 17:09:18.141",
                    "level": "DEBUG",
                    "thread": "http-nio-8081-exec-30",
                    "class": "o.s.w.s.m.m.a.RequestResponseBodyMethodProcessor",
                    "message": "Writing [com.zbkj.common.response.CommonResult@51cf76b6]" }
                    
{
                    "app": "Crmeb",
                    "timestamp":"2025-09-19 17:09:18.143",
                    "level": "DEBUG",
                    "thread": "http-nio-8081-exec-30",
                    "class": "o.s.web.servlet.DispatcherServlet",
                    "message": "Completed 200 OK" }
                    
{
                    "app": "Crmeb",
                    "timestamp":"2025-09-19 17:09:18.147",
                    "level": "DEBUG",
                    "thread": "http-nio-8081-exec-6",
                    "class": "o.s.w.s.m.m.a.RequestResponseBodyMethodProcessor",
                    "message": "Using 'application/json', given [application/json, text/plain, */*] and supported [application/json, application/*+json, application/json, application/*+json]" }
                    
{
                    "app": "Crmeb",
                    "timestamp":"2025-09-19 17:09:18.148",
                    "level": "DEBUG",
                    "thread": "http-nio-8081-exec-6",
                    "class": "o.s.w.s.m.m.a.RequestResponseBodyMethodProcessor",
                    "message": "Writing [com.zbkj.common.response.CommonResult@529c758d]" }
                    
{
                    "app": "Crmeb",
                    "timestamp":"2025-09-19 17:09:18.151",
                    "level": "DEBUG",
                    "thread": "http-nio-8081-exec-19",
                    "class": "o.s.w.s.m.m.a.RequestResponseBodyMethodProcessor",
                    "message": "Using 'application/json', given [application/json, text/plain, */*] and supported [application/json, application/*+json, application/json, application/*+json]" }
                    
{
                    "app": "Crmeb",
                    "timestamp":"2025-09-19 17:09:18.152",
                    "level": "DEBUG",
                    "thread": "http-nio-8081-exec-6",
                    "class": "o.s.web.servlet.DispatcherServlet",
                    "message": "Completed 200 OK" }
                    
{
                    "app": "Crmeb",
                    "timestamp":"2025-09-19 17:09:18.155",
                    "level": "DEBUG",
                    "thread": "http-nio-8081-exec-19",
                    "class": "o.s.w.s.m.m.a.RequestResponseBodyMethodProcessor",
                    "message": "Writing [com.zbkj.common.response.CommonResult@79ae749e]" }
                    
{
                    "app": "Crmeb",
                    "timestamp":"2025-09-19 17:09:18.157",
                    "level": "DEBUG",
                    "thread": "http-nio-8081-exec-19",
                    "class": "o.s.web.servlet.DispatcherServlet",
                    "message": "Completed 200 OK" }
                    
{
                    "app": "Crmeb",
                    "timestamp":"2025-09-19 17:09:18.195",
                    "level": "DEBUG",
                    "thread": "http-nio-8081-exec-29",
                    "class": "o.s.w.s.m.m.a.RequestResponseBodyMethodProcessor",
                    "message": "Using 'application/json', given [application/json, text/plain, */*] and supported [application/json, application/*+json, application/json, application/*+json]" }
                    
{
                    "app": "Crmeb",
                    "timestamp":"2025-09-19 17:09:18.196",
                    "level": "DEBUG",
                    "thread": "http-nio-8081-exec-29",
                    "class": "o.s.w.s.m.m.a.RequestResponseBodyMethodProcessor",
                    "message": "Writing [com.zbkj.common.response.CommonResult@3c903145]" }
                    
{
                    "app": "Crmeb",
                    "timestamp":"2025-09-19 17:09:18.197",
                    "level": "DEBUG",
                    "thread": "http-nio-8081-exec-29",
                    "class": "o.s.web.servlet.DispatcherServlet",
                    "message": "Completed 200 OK" }
                    
{
                    "app": "Crmeb",
                    "timestamp":"2025-09-19 17:09:18.201",
                    "level": "DEBUG",
                    "thread": "http-nio-8081-exec-18",
                    "class": "o.s.w.s.m.m.a.RequestResponseBodyMethodProcessor",
                    "message": "Using 'application/json', given [application/json, text/plain, */*] and supported [application/json, application/*+json, application/json, application/*+json]" }
                    
{
                    "app": "Crmeb",
                    "timestamp":"2025-09-19 17:09:18.201",
                    "level": "DEBUG",
                    "thread": "http-nio-8081-exec-18",
                    "class": "o.s.w.s.m.m.a.RequestResponseBodyMethodProcessor",
                    "message": "Writing [com.zbkj.common.response.CommonResult@3ec6bfe0]" }
                    
{
                    "app": "Crmeb",
                    "timestamp":"2025-09-19 17:09:18.202",
                    "level": "DEBUG",
                    "thread": "http-nio-8081-exec-18",
                    "class": "o.s.web.servlet.DispatcherServlet",
                    "message": "Completed 200 OK" }
                    
{
                    "app": "Crmeb",
                    "timestamp":"2025-09-19 17:09:18.208",
                    "level": "DEBUG",
                    "thread": "http-nio-8081-exec-5",
                    "class": "o.s.web.servlet.DispatcherServlet",
                    "message": "GET "/api/front/activity/index/list", parameters={}" }
                    
{
                    "app": "Crmeb",
                    "timestamp":"2025-09-19 17:09:18.208",
                    "level": "DEBUG",
                    "thread": "http-nio-8081-exec-5",
                    "class": "o.s.w.s.m.m.a.RequestMappingHandlerMapping",
                    "message": "Mapped to com.zbkj.front.controller.ActivityController#getIndexList()" }
                    
{
                    "app": "Crmeb",
                    "timestamp":"2025-09-19 17:09:18.238",
                    "level": "DEBUG",
                    "thread": "http-nio-8081-exec-5",
                    "class": "o.s.w.s.m.m.a.RequestResponseBodyMethodProcessor",
                    "message": "Using 'application/json', given [application/json, text/plain, */*] and supported [application/json, application/*+json, application/json, application/*+json]" }
                    
{
                    "app": "Crmeb",
                    "timestamp":"2025-09-19 17:09:18.239",
                    "level": "DEBUG",
                    "thread": "http-nio-8081-exec-5",
                    "class": "o.s.w.s.m.m.a.RequestResponseBodyMethodProcessor",
                    "message": "Writing [com.zbkj.common.response.CommonResult@5ede8bbf]" }
                    
{
                    "app": "Crmeb",
                    "timestamp":"2025-09-19 17:09:18.239",
                    "level": "DEBUG",
                    "thread": "http-nio-8081-exec-5",
                    "class": "o.s.web.servlet.DispatcherServlet",
                    "message": "Completed 200 OK" }
                    
{
                    "app": "Crmeb",
                    "timestamp":"2025-09-19 17:09:18.275",
                    "level": "DEBUG",
                    "thread": "http-nio-8081-exec-3",
                    "class": "o.s.web.servlet.DispatcherServlet",
                    "message": "GET "/api/front/index/product?page=1&limit=13", parameters={masked}" }
                    
{
                    "app": "Crmeb",
                    "timestamp":"2025-09-19 17:09:18.278",
                    "level": "DEBUG",
                    "thread": "http-nio-8081-exec-3",
                    "class": "o.s.w.s.m.m.a.RequestMappingHandlerMapping",
                    "message": "Mapped to com.zbkj.front.controller.IndexController#getProductList(PageParamRequest)" }
                    
{
                    "app": "Crmeb",
                    "timestamp":"2025-09-19 17:09:18.279",
                    "level": "DEBUG",
                    "thread": "http-nio-8081-exec-11",
                    "class": "o.s.web.servlet.DispatcherServlet",
                    "message": "GET "/api/front/product/category", parameters={}" }
                    
{
                    "app": "Crmeb",
                    "timestamp":"2025-09-19 17:09:18.280",
                    "level": "DEBUG",
                    "thread": "http-nio-8081-exec-9",
                    "class": "o.s.web.servlet.DispatcherServlet",
                    "message": "GET "/api/front/search/keyword", parameters={}" }
                    
{
                    "app": "Crmeb",
                    "timestamp":"2025-09-19 17:09:18.281",
                    "level": "DEBUG",
                    "thread": "http-nio-8081-exec-14",
                    "class": "o.s.web.servlet.DispatcherServlet",
                    "message": "POST "/api/front/login/token/is/exist", parameters={}" }
                    
{
                    "app": "Crmeb",
                    "timestamp":"2025-09-19 17:09:18.282",
                    "level": "DEBUG",
                    "thread": "http-nio-8081-exec-11",
                    "class": "o.s.w.s.m.m.a.RequestMappingHandlerMapping",
                    "message": "Mapped to com.zbkj.front.controller.ProductController#getCategory()" }
                    
{
                    "app": "Crmeb",
                    "timestamp":"2025-09-19 17:09:18.282",
                    "level": "DEBUG",
                    "thread": "http-nio-8081-exec-9",
                    "class": "o.s.w.s.m.m.a.RequestMappingHandlerMapping",
                    "message": "Mapped to com.zbkj.front.controller.IndexController#hotKeywords()" }
                    
{
                    "app": "Crmeb",
                    "timestamp":"2025-09-19 17:09:18.284",
                    "level": "DEBUG",
                    "thread": "http-nio-8081-exec-14",
                    "class": "o.s.w.s.m.m.a.RequestMappingHandlerMapping",
                    "message": "Mapped to com.zbkj.front.controller.LoginController#tokenIsExist()" }
                    
{
                    "app": "Crmeb",
                    "timestamp":"2025-09-19 17:09:18.289",
                    "level": "DEBUG",
                    "thread": "http-nio-8081-exec-14",
                    "class": "o.s.w.s.m.m.a.RequestResponseBodyMethodProcessor",
                    "message": "Using 'application/json', given [application/json, text/plain, */*] and supported [application/json, application/*+json, application/json, application/*+json]" }
                    
{
                    "app": "Crmeb",
                    "timestamp":"2025-09-19 17:09:18.293",
                    "level": "DEBUG",
                    "thread": "http-nio-8081-exec-14",
                    "class": "o.s.w.s.m.m.a.RequestResponseBodyMethodProcessor",
                    "message": "Writing [com.zbkj.common.response.CommonResult@5d6b27d5]" }
                    
{
                    "app": "Crmeb",
                    "timestamp":"2025-09-19 17:09:18.293",
                    "level": "DEBUG",
                    "thread": "http-nio-8081-exec-11",
                    "class": "o.s.w.s.m.m.a.RequestResponseBodyMethodProcessor",
                    "message": "Using 'application/json', given [application/json, text/plain, */*] and supported [application/json, application/*+json, application/json, application/*+json]" }
                    
{
                    "app": "Crmeb",
                    "timestamp":"2025-09-19 17:09:18.294",
                    "level": "DEBUG",
                    "thread": "http-nio-8081-exec-14",
                    "class": "o.s.web.servlet.DispatcherServlet",
                    "message": "Completed 200 OK" }
                    
{
                    "app": "Crmeb",
                    "timestamp":"2025-09-19 17:09:18.295",
                    "level": "DEBUG",
                    "thread": "http-nio-8081-exec-11",
                    "class": "o.s.w.s.m.m.a.RequestResponseBodyMethodProcessor",
                    "message": "Writing [com.zbkj.common.response.CommonResult@671c0b8f]" }
                    
{
                    "app": "Crmeb",
                    "timestamp":"2025-09-19 17:09:18.296",
                    "level": "DEBUG",
                    "thread": "http-nio-8081-exec-11",
                    "class": "o.s.web.servlet.DispatcherServlet",
                    "message": "Completed 200 OK" }
                    
{
                    "app": "Crmeb",
                    "timestamp":"2025-09-19 17:09:18.309",
                    "level": "DEBUG",
                    "thread": "http-nio-8081-exec-9",
                    "class": "o.s.w.s.m.m.a.RequestResponseBodyMethodProcessor",
                    "message": "Using 'application/json', given [application/json, text/plain, */*] and supported [application/json, application/*+json, application/json, application/*+json]" }
                    
{
                    "app": "Crmeb",
                    "timestamp":"2025-09-19 17:09:18.309",
                    "level": "DEBUG",
                    "thread": "http-nio-8081-exec-3",
                    "class": "o.s.w.s.m.m.a.RequestResponseBodyMethodProcessor",
                    "message": "Using 'application/json', given [application/json, text/plain, */*] and supported [application/json, application/*+json, application/json, application/*+json]" }
                    
{
                    "app": "Crmeb",
                    "timestamp":"2025-09-19 17:09:18.310",
                    "level": "DEBUG",
                    "thread": "http-nio-8081-exec-9",
                    "class": "o.s.w.s.m.m.a.RequestResponseBodyMethodProcessor",
                    "message": "Writing [com.zbkj.common.response.CommonResult@354db457]" }
                    
{
                    "app": "Crmeb",
                    "timestamp":"2025-09-19 17:09:18.310",
                    "level": "DEBUG",
                    "thread": "http-nio-8081-exec-3",
                    "class": "o.s.w.s.m.m.a.RequestResponseBodyMethodProcessor",
                    "message": "Writing [com.zbkj.common.response.CommonResult@7dfc9266]" }
                    
{
                    "app": "Crmeb",
                    "timestamp":"2025-09-19 17:09:18.311",
                    "level": "DEBUG",
                    "thread": "http-nio-8081-exec-9",
                    "class": "o.s.web.servlet.DispatcherServlet",
                    "message": "Completed 200 OK" }
                    
{
                    "app": "Crmeb",
                    "timestamp":"2025-09-19 17:09:18.311",
                    "level": "DEBUG",
                    "thread": "http-nio-8081-exec-3",
                    "class": "o.s.web.servlet.DispatcherServlet",
                    "message": "Completed 200 OK" }
                    
{
                    "app": "Crmeb",
                    "timestamp":"2025-09-19 17:10:46.224",
                    "level": "DEBUG",
                    "thread": "http-nio-8081-exec-15",
                    "class": "o.s.web.servlet.DispatcherServlet",
                    "message": "GET "/api/front/login/method/info", parameters={}" }
                    
{
                    "app": "Crmeb",
                    "timestamp":"2025-09-19 17:10:46.226",
                    "level": "DEBUG",
                    "thread": "http-nio-8081-exec-13",
                    "class": "o.s.web.servlet.DispatcherServlet",
                    "message": "GET "/api/pc/login/getLoginPic", parameters={}" }
                    
{
                    "app": "Crmeb",
                    "timestamp":"2025-09-19 17:10:46.226",
                    "level": "DEBUG",
                    "thread": "http-nio-8081-exec-15",
                    "class": "o.s.w.s.m.m.a.RequestMappingHandlerMapping",
                    "message": "Mapped to com.zbkj.front.controller.LoginController#getLoginMethod()" }
                    
{
                    "app": "Crmeb",
                    "timestamp":"2025-09-19 17:10:46.227",
                    "level": "DEBUG",
                    "thread": "http-nio-8081-exec-13",
                    "class": "o.s.w.s.m.m.a.RequestMappingHandlerMapping",
                    "message": "Mapped to com.zbkj.front.pc.controller.PcLoginController#getLoginPic()" }
                    
{
                    "app": "Crmeb",
                    "timestamp":"2025-09-19 17:10:46.240",
                    "level": "DEBUG",
                    "thread": "http-nio-8081-exec-13",
                    "class": "o.s.w.s.m.m.a.RequestResponseBodyMethodProcessor",
                    "message": "Using 'application/json', given [application/json, text/plain, */*] and supported [application/json, application/*+json, application/json, application/*+json]" }
                    
{
                    "app": "Crmeb",
                    "timestamp":"2025-09-19 17:10:46.241",
                    "level": "DEBUG",
                    "thread": "http-nio-8081-exec-13",
                    "class": "o.s.w.s.m.m.a.RequestResponseBodyMethodProcessor",
                    "message": "Writing [com.zbkj.common.response.CommonResult@29e29357]" }
                    
{
                    "app": "Crmeb",
                    "timestamp":"2025-09-19 17:10:46.242",
                    "level": "DEBUG",
                    "thread": "http-nio-8081-exec-13",
                    "class": "o.s.web.servlet.DispatcherServlet",
                    "message": "Completed 200 OK" }
                    
{
                    "app": "Crmeb",
                    "timestamp":"2025-09-19 17:10:46.264",
                    "level": "DEBUG",
                    "thread": "http-nio-8081-exec-15",
                    "class": "o.s.w.s.m.m.a.RequestResponseBodyMethodProcessor",
                    "message": "Using 'application/json', given [application/json, text/plain, */*] and supported [application/json, application/*+json, application/json, application/*+json]" }
                    
{
                    "app": "Crmeb",
                    "timestamp":"2025-09-19 17:10:46.264",
                    "level": "DEBUG",
                    "thread": "http-nio-8081-exec-15",
                    "class": "o.s.w.s.m.m.a.RequestResponseBodyMethodProcessor",
                    "message": "Writing [com.zbkj.common.response.CommonResult@43cfcf03]" }
                    
{
                    "app": "Crmeb",
                    "timestamp":"2025-09-19 17:10:46.265",
                    "level": "DEBUG",
                    "thread": "http-nio-8081-exec-15",
                    "class": "o.s.web.servlet.DispatcherServlet",
                    "message": "Completed 200 OK" }
                    
{
                    "app": "Crmeb",
                    "timestamp":"2025-09-19 17:34:16.451",
                    "level": "DEBUG",
                    "thread": "http-nio-8081-exec-18",
                    "class": "o.s.web.servlet.DispatcherServlet",
                    "message": "GET "/api/front/activity/index/list", parameters={}" }
                    
{
                    "app": "Crmeb",
                    "timestamp":"2025-09-19 17:34:16.451",
                    "level": "DEBUG",
                    "thread": "http-nio-8081-exec-29",
                    "class": "o.s.web.servlet.DispatcherServlet",
                    "message": "GET "/api/front/index/product?page=1&limit=13", parameters={masked}" }
                    
{
                    "app": "Crmeb",
                    "timestamp":"2025-09-19 17:34:16.451",
                    "level": "DEBUG",
                    "thread": "http-nio-8081-exec-19",
                    "class": "o.s.web.servlet.DispatcherServlet",
                    "message": "GET "/api/pc/home/index", parameters={}" }
                    
{
                    "app": "Crmeb",
                    "timestamp":"2025-09-19 17:34:16.451",
                    "level": "DEBUG",
                    "thread": "http-nio-8081-exec-6",
                    "class": "o.s.web.servlet.DispatcherServlet",
                    "message": "GET "/api/front/product/leaderboard", parameters={}" }
                    
{
                    "app": "Crmeb",
                    "timestamp":"2025-09-19 17:34:16.451",
                    "level": "DEBUG",
                    "thread": "http-nio-8081-exec-5",
                    "class": "o.s.web.servlet.DispatcherServlet",
                    "message": "GET "/api/front/merchant/street", parameters={}" }
                    
{
                    "app": "Crmeb",
                    "timestamp":"2025-09-19 17:34:16.452",
                    "level": "DEBUG",
                    "thread": "http-nio-8081-exec-6",
                    "class": "o.s.w.s.m.m.a.RequestMappingHandlerMapping",
                    "message": "Mapped to com.zbkj.front.controller.ProductController#getLeaderboard()" }
                    
{
                    "app": "Crmeb",
                    "timestamp":"2025-09-19 17:34:16.452",
                    "level": "DEBUG",
                    "thread": "http-nio-8081-exec-18",
                    "class": "o.s.w.s.m.m.a.RequestMappingHandlerMapping",
                    "message": "Mapped to com.zbkj.front.controller.ActivityController#getIndexList()" }
                    
{
                    "app": "Crmeb",
                    "timestamp":"2025-09-19 17:34:16.452",
                    "level": "DEBUG",
                    "thread": "http-nio-8081-exec-29",
                    "class": "o.s.w.s.m.m.a.RequestMappingHandlerMapping",
                    "message": "Mapped to com.zbkj.front.controller.IndexController#getProductList(PageParamRequest)" }
                    
{
                    "app": "Crmeb",
                    "timestamp":"2025-09-19 17:34:16.452",
                    "level": "DEBUG",
                    "thread": "http-nio-8081-exec-19",
                    "class": "o.s.w.s.m.m.a.RequestMappingHandlerMapping",
                    "message": "Mapped to com.zbkj.front.pc.controller.PcIndexController#getIndexInfo()" }
                    
{
                    "app": "Crmeb",
                    "timestamp":"2025-09-19 17:34:16.453",
                    "level": "DEBUG",
                    "thread": "http-nio-8081-exec-5",
                    "class": "o.s.w.s.m.m.a.RequestMappingHandlerMapping",
                    "message": "Mapped to com.zbkj.front.controller.MerchantController#getStreet(PageParamRequest)" }
                    
{
                    "app": "Crmeb",
                    "timestamp":"2025-09-19 17:34:16.470",
                    "level": "DEBUG",
                    "thread": "http-nio-8081-exec-29",
                    "class": "o.s.w.s.m.m.a.RequestResponseBodyMethodProcessor",
                    "message": "Using 'application/json', given [application/json, text/plain, */*] and supported [application/json, application/*+json, application/json, application/*+json]" }
                    
{
                    "app": "Crmeb",
                    "timestamp":"2025-09-19 17:34:16.471",
                    "level": "DEBUG",
                    "thread": "http-nio-8081-exec-29",
                    "class": "o.s.w.s.m.m.a.RequestResponseBodyMethodProcessor",
                    "message": "Writing [com.zbkj.common.response.CommonResult@371d5f29]" }
                    
{
                    "app": "Crmeb",
                    "timestamp":"2025-09-19 17:34:16.472",
                    "level": "DEBUG",
                    "thread": "http-nio-8081-exec-29",
                    "class": "o.s.web.servlet.DispatcherServlet",
                    "message": "Completed 200 OK" }
                    
{
                    "app": "Crmeb",
                    "timestamp":"2025-09-19 17:34:16.472",
                    "level": "DEBUG",
                    "thread": "http-nio-8081-exec-6",
                    "class": "o.s.w.s.m.m.a.RequestResponseBodyMethodProcessor",
                    "message": "Using 'application/json', given [application/json, text/plain, */*] and supported [application/json, application/*+json, application/json, application/*+json]" }
                    
{
                    "app": "Crmeb",
                    "timestamp":"2025-09-19 17:34:16.474",
                    "level": "DEBUG",
                    "thread": "http-nio-8081-exec-6",
                    "class": "o.s.w.s.m.m.a.RequestResponseBodyMethodProcessor",
                    "message": "Writing [com.zbkj.common.response.CommonResult@3f21b7a2]" }
                    
{
                    "app": "Crmeb",
                    "timestamp":"2025-09-19 17:34:16.476",
                    "level": "DEBUG",
                    "thread": "http-nio-8081-exec-5",
                    "class": "o.s.w.s.m.m.a.RequestResponseBodyMethodProcessor",
                    "message": "Using 'application/json', given [application/json, text/plain, */*] and supported [application/json, application/*+json, application/json, application/*+json]" }
                    
{
                    "app": "Crmeb",
                    "timestamp":"2025-09-19 17:34:16.477",
                    "level": "DEBUG",
                    "thread": "http-nio-8081-exec-5",
                    "class": "o.s.w.s.m.m.a.RequestResponseBodyMethodProcessor",
                    "message": "Writing [com.zbkj.common.response.CommonResult@6354fdbe]" }
                    
{
                    "app": "Crmeb",
                    "timestamp":"2025-09-19 17:34:16.477",
                    "level": "DEBUG",
                    "thread": "http-nio-8081-exec-5",
                    "class": "o.s.web.servlet.DispatcherServlet",
                    "message": "Completed 200 OK" }
                    
{
                    "app": "Crmeb",
                    "timestamp":"2025-09-19 17:34:16.478",
                    "level": "DEBUG",
                    "thread": "http-nio-8081-exec-6",
                    "class": "o.s.web.servlet.DispatcherServlet",
                    "message": "Completed 200 OK" }
                    
{
                    "app": "Crmeb",
                    "timestamp":"2025-09-19 17:34:16.500",
                    "level": "DEBUG",
                    "thread": "http-nio-8081-exec-18",
                    "class": "o.s.w.s.m.m.a.RequestResponseBodyMethodProcessor",
                    "message": "Using 'application/json', given [application/json, text/plain, */*] and supported [application/json, application/*+json, application/json, application/*+json]" }
                    
{
                    "app": "Crmeb",
                    "timestamp":"2025-09-19 17:34:16.500",
                    "level": "DEBUG",
                    "thread": "http-nio-8081-exec-18",
                    "class": "o.s.w.s.m.m.a.RequestResponseBodyMethodProcessor",
                    "message": "Writing [com.zbkj.common.response.CommonResult@591f74e5]" }
                    
{
                    "app": "Crmeb",
                    "timestamp":"2025-09-19 17:34:16.501",
                    "level": "DEBUG",
                    "thread": "http-nio-8081-exec-18",
                    "class": "o.s.web.servlet.DispatcherServlet",
                    "message": "Completed 200 OK" }
                    
{
                    "app": "Crmeb",
                    "timestamp":"2025-09-19 17:34:16.503",
                    "level": "DEBUG",
                    "thread": "http-nio-8081-exec-19",
                    "class": "o.s.w.s.m.m.a.RequestResponseBodyMethodProcessor",
                    "message": "Using 'application/json', given [application/json, text/plain, */*] and supported [application/json, application/*+json, application/json, application/*+json]" }
                    
{
                    "app": "Crmeb",
                    "timestamp":"2025-09-19 17:34:16.503",
                    "level": "DEBUG",
                    "thread": "http-nio-8081-exec-19",
                    "class": "o.s.w.s.m.m.a.RequestResponseBodyMethodProcessor",
                    "message": "Writing [com.zbkj.common.response.CommonResult@3f2782b4]" }
                    
{
                    "app": "Crmeb",
                    "timestamp":"2025-09-19 17:34:16.504",
                    "level": "DEBUG",
                    "thread": "http-nio-8081-exec-19",
                    "class": "o.s.web.servlet.DispatcherServlet",
                    "message": "Completed 200 OK" }
                    
{
                    "app": "Crmeb",
                    "timestamp":"2025-09-19 17:34:16.508",
                    "level": "DEBUG",
                    "thread": "http-nio-8081-exec-2",
                    "class": "o.s.web.servlet.DispatcherServlet",
                    "message": "GET "/api/front/activity/index/list", parameters={}" }
                    
{
                    "app": "Crmeb",
                    "timestamp":"2025-09-19 17:34:16.509",
                    "level": "DEBUG",
                    "thread": "http-nio-8081-exec-2",
                    "class": "o.s.w.s.m.m.a.RequestMappingHandlerMapping",
                    "message": "Mapped to com.zbkj.front.controller.ActivityController#getIndexList()" }
                    
{
                    "app": "Crmeb",
                    "timestamp":"2025-09-19 17:34:16.528",
                    "level": "DEBUG",
                    "thread": "http-nio-8081-exec-2",
                    "class": "o.s.w.s.m.m.a.RequestResponseBodyMethodProcessor",
                    "message": "Using 'application/json', given [application/json, text/plain, */*] and supported [application/json, application/*+json, application/json, application/*+json]" }
                    
{
                    "app": "Crmeb",
                    "timestamp":"2025-09-19 17:34:16.528",
                    "level": "DEBUG",
                    "thread": "http-nio-8081-exec-2",
                    "class": "o.s.w.s.m.m.a.RequestResponseBodyMethodProcessor",
                    "message": "Writing [com.zbkj.common.response.CommonResult@47fa644d]" }
                    
{
                    "app": "Crmeb",
                    "timestamp":"2025-09-19 17:34:16.528",
                    "level": "DEBUG",
                    "thread": "http-nio-8081-exec-2",
                    "class": "o.s.web.servlet.DispatcherServlet",
                    "message": "Completed 200 OK" }
                    
{
                    "app": "Crmeb",
                    "timestamp":"2025-09-19 17:34:16.571",
                    "level": "DEBUG",
                    "thread": "http-nio-8081-exec-14",
                    "class": "o.s.web.servlet.DispatcherServlet",
                    "message": "GET "/api/front/index/product?page=1&limit=13", parameters={masked}" }
                    
{
                    "app": "Crmeb",
                    "timestamp":"2025-09-19 17:34:16.573",
                    "level": "DEBUG",
                    "thread": "http-nio-8081-exec-14",
                    "class": "o.s.w.s.m.m.a.RequestMappingHandlerMapping",
                    "message": "Mapped to com.zbkj.front.controller.IndexController#getProductList(PageParamRequest)" }
                    
{
                    "app": "Crmeb",
                    "timestamp":"2025-09-19 17:34:16.575",
                    "level": "DEBUG",
                    "thread": "http-nio-8081-exec-9",
                    "class": "o.s.web.servlet.DispatcherServlet",
                    "message": "POST "/api/front/login/token/is/exist", parameters={}" }
                    
{
                    "app": "Crmeb",
                    "timestamp":"2025-09-19 17:34:16.578",
                    "level": "DEBUG",
                    "thread": "http-nio-8081-exec-3",
                    "class": "o.s.web.servlet.DispatcherServlet",
                    "message": "GET "/api/front/search/keyword", parameters={}" }
                    
{
                    "app": "Crmeb",
                    "timestamp":"2025-09-19 17:34:16.578",
                    "level": "DEBUG",
                    "thread": "http-nio-8081-exec-17",
                    "class": "o.s.web.servlet.DispatcherServlet",
                    "message": "GET "/api/front/product/category", parameters={}" }
                    
{
                    "app": "Crmeb",
                    "timestamp":"2025-09-19 17:34:16.582",
                    "level": "DEBUG",
                    "thread": "http-nio-8081-exec-9",
                    "class": "o.s.w.s.m.m.a.RequestMappingHandlerMapping",
                    "message": "Mapped to com.zbkj.front.controller.LoginController#tokenIsExist()" }
                    
{
                    "app": "Crmeb",
                    "timestamp":"2025-09-19 17:34:16.583",
                    "level": "DEBUG",
                    "thread": "http-nio-8081-exec-3",
                    "class": "o.s.w.s.m.m.a.RequestMappingHandlerMapping",
                    "message": "Mapped to com.zbkj.front.controller.IndexController#hotKeywords()" }
                    
{
                    "app": "Crmeb",
                    "timestamp":"2025-09-19 17:34:16.584",
                    "level": "DEBUG",
                    "thread": "http-nio-8081-exec-17",
                    "class": "o.s.w.s.m.m.a.RequestMappingHandlerMapping",
                    "message": "Mapped to com.zbkj.front.controller.ProductController#getCategory()" }
                    
{
                    "app": "Crmeb",
                    "timestamp":"2025-09-19 17:34:16.588",
                    "level": "DEBUG",
                    "thread": "http-nio-8081-exec-9",
                    "class": "o.s.w.s.m.m.a.RequestResponseBodyMethodProcessor",
                    "message": "Using 'application/json', given [application/json, text/plain, */*] and supported [application/json, application/*+json, application/json, application/*+json]" }
                    
{
                    "app": "Crmeb",
                    "timestamp":"2025-09-19 17:34:16.589",
                    "level": "DEBUG",
                    "thread": "http-nio-8081-exec-9",
                    "class": "o.s.w.s.m.m.a.RequestResponseBodyMethodProcessor",
                    "message": "Writing [com.zbkj.common.response.CommonResult@497d5802]" }
                    
{
                    "app": "Crmeb",
                    "timestamp":"2025-09-19 17:34:16.590",
                    "level": "DEBUG",
                    "thread": "http-nio-8081-exec-9",
                    "class": "o.s.web.servlet.DispatcherServlet",
                    "message": "Completed 200 OK" }
                    
{
                    "app": "Crmeb",
                    "timestamp":"2025-09-19 17:34:16.595",
                    "level": "DEBUG",
                    "thread": "http-nio-8081-exec-17",
                    "class": "o.s.w.s.m.m.a.RequestResponseBodyMethodProcessor",
                    "message": "Using 'application/json', given [application/json, text/plain, */*] and supported [application/json, application/*+json, application/json, application/*+json]" }
                    
{
                    "app": "Crmeb",
                    "timestamp":"2025-09-19 17:34:16.596",
                    "level": "DEBUG",
                    "thread": "http-nio-8081-exec-17",
                    "class": "o.s.w.s.m.m.a.RequestResponseBodyMethodProcessor",
                    "message": "Writing [com.zbkj.common.response.CommonResult@5cb88adc]" }
                    
{
                    "app": "Crmeb",
                    "timestamp":"2025-09-19 17:34:16.597",
                    "level": "DEBUG",
                    "thread": "http-nio-8081-exec-17",
                    "class": "o.s.web.servlet.DispatcherServlet",
                    "message": "Completed 200 OK" }
                    
{
                    "app": "Crmeb",
                    "timestamp":"2025-09-19 17:34:16.599",
                    "level": "DEBUG",
                    "thread": "http-nio-8081-exec-14",
                    "class": "o.s.w.s.m.m.a.RequestResponseBodyMethodProcessor",
                    "message": "Using 'application/json', given [application/json, text/plain, */*] and supported [application/json, application/*+json, application/json, application/*+json]" }
                    
{
                    "app": "Crmeb",
                    "timestamp":"2025-09-19 17:34:16.599",
                    "level": "DEBUG",
                    "thread": "http-nio-8081-exec-14",
                    "class": "o.s.w.s.m.m.a.RequestResponseBodyMethodProcessor",
                    "message": "Writing [com.zbkj.common.response.CommonResult@2e900287]" }
                    
{
                    "app": "Crmeb",
                    "timestamp":"2025-09-19 17:34:16.600",
                    "level": "DEBUG",
                    "thread": "http-nio-8081-exec-14",
                    "class": "o.s.web.servlet.DispatcherServlet",
                    "message": "Completed 200 OK" }
                    
{
                    "app": "Crmeb",
                    "timestamp":"2025-09-19 17:34:16.601",
                    "level": "DEBUG",
                    "thread": "http-nio-8081-exec-3",
                    "class": "o.s.w.s.m.m.a.RequestResponseBodyMethodProcessor",
                    "message": "Using 'application/json', given [application/json, text/plain, */*] and supported [application/json, application/*+json, application/json, application/*+json]" }
                    
{
                    "app": "Crmeb",
                    "timestamp":"2025-09-19 17:34:16.602",
                    "level": "DEBUG",
                    "thread": "http-nio-8081-exec-3",
                    "class": "o.s.w.s.m.m.a.RequestResponseBodyMethodProcessor",
                    "message": "Writing [com.zbkj.common.response.CommonResult@da51b91]" }
                    
{
                    "app": "Crmeb",
                    "timestamp":"2025-09-19 17:34:16.602",
                    "level": "DEBUG",
                    "thread": "http-nio-8081-exec-3",
                    "class": "o.s.web.servlet.DispatcherServlet",
                    "message": "Completed 200 OK" }
                    
