{
                    "app": "Crmeb",
                    "timestamp":"2025-09-19 10:56:06.641",
                    "level": "ERROR",
                    "thread": "task-executor-2",
                    "class": "c.z.admin.task.order.OrderAutoCancelTask",
                    "message": "OrderAutoCancelTask.task | msg : Cannot get Jedis connection; nested exception is redis.clients.jedis.exceptions.JedisConnectionException: Could not get a resource from the pool" }
                    
{
                    "app": "Crmeb",
                    "timestamp":"2025-09-19 10:56:06.658",
                    "level": "ERROR",
                    "thread": "task-executor-5",
                    "class": "c.zbkj.admin.task.order.OrderRefundTask",
                    "message": "OrderRefundTask.task | msg : Cannot get Jedis connection; nested exception is redis.clients.jedis.exceptions.JedisConnectionException: Could not get a resource from the pool" }
                    
{
                    "app": "Crmeb",
                    "timestamp":"2025-09-19 10:56:06.694",
                    "level": "ERROR",
                    "thread": "task-executor-4",
                    "class": "c.z.admin.task.order.OrderPaySuccessTask",
                    "message": "OrderPaySuccessTask.task | msg : Cannot get Jedis connection; nested exception is redis.clients.jedis.exceptions.JedisConnectionException: Could not get a resource from the pool" }
                    
{
                    "app": "Crmeb",
                    "timestamp":"2025-09-19 10:56:06.721",
                    "level": "ERROR",
                    "thread": "task-executor-3",
                    "class": "c.zbkj.admin.task.order.OrderCancelTask",
                    "message": "OrderCancelTask.task | msg : Cannot get Jedis connection; nested exception is redis.clients.jedis.exceptions.JedisConnectionException: Could not get a resource from the pool" }
                    
{
                    "app": "Crmeb",
                    "timestamp":"2025-09-19 10:56:06.741",
                    "level": "ERROR",
                    "thread": "task-executor-6",
                    "class": "c.z.admin.task.statistics.StatisticsTask",
                    "message": "StatisticsTask.task | msg : Cannot get Jedis connection; nested exception is redis.clients.jedis.exceptions.JedisConnectionException: Could not get a resource from the pool" }
                    
{
                    "app": "Crmeb",
                    "timestamp":"2025-09-19 10:57:00.057",
                    "level": "ERROR",
                    "thread": "task-executor-12",
                    "class": "c.z.admin.task.order.OrderAutoCancelTask",
                    "message": "OrderAutoCancelTask.task | msg : Cannot get Jedis connection; nested exception is redis.clients.jedis.exceptions.JedisConnectionException: Could not get a resource from the pool" }
                    
{
                    "app": "Crmeb",
                    "timestamp":"2025-09-19 10:57:00.074",
                    "level": "ERROR",
                    "thread": "task-executor-14",
                    "class": "c.z.admin.task.order.OrderPaySuccessTask",
                    "message": "OrderPaySuccessTask.task | msg : Cannot get Jedis connection; nested exception is redis.clients.jedis.exceptions.JedisConnectionException: Could not get a resource from the pool" }
                    
{
                    "app": "Crmeb",
                    "timestamp":"2025-09-19 10:57:00.091",
                    "level": "ERROR",
                    "thread": "task-executor-13",
                    "class": "c.zbkj.admin.task.order.OrderCancelTask",
                    "message": "OrderCancelTask.task | msg : Cannot get Jedis connection; nested exception is redis.clients.jedis.exceptions.JedisConnectionException: Could not get a resource from the pool" }
                    
{
                    "app": "Crmeb",
                    "timestamp":"2025-09-19 10:57:00.104",
                    "level": "ERROR",
                    "thread": "task-executor-15",
                    "class": "c.zbkj.admin.task.order.OrderRefundTask",
                    "message": "OrderRefundTask.task | msg : Cannot get Jedis connection; nested exception is redis.clients.jedis.exceptions.JedisConnectionException: Could not get a resource from the pool" }
                    
{
                    "app": "Crmeb",
                    "timestamp":"2025-09-19 10:58:00.042",
                    "level": "ERROR",
                    "thread": "task-executor-17",
                    "class": "c.z.admin.task.order.OrderAutoCancelTask",
                    "message": "OrderAutoCancelTask.task | msg : Cannot get Jedis connection; nested exception is redis.clients.jedis.exceptions.JedisConnectionException: Could not get a resource from the pool" }
                    
{
                    "app": "Crmeb",
                    "timestamp":"2025-09-19 10:58:00.056",
                    "level": "ERROR",
                    "thread": "task-executor-19",
                    "class": "c.z.admin.task.order.OrderPaySuccessTask",
                    "message": "OrderPaySuccessTask.task | msg : Cannot get Jedis connection; nested exception is redis.clients.jedis.exceptions.JedisConnectionException: Could not get a resource from the pool" }
                    
{
                    "app": "Crmeb",
                    "timestamp":"2025-09-19 10:58:00.072",
                    "level": "ERROR",
                    "thread": "task-executor-18",
                    "class": "c.zbkj.admin.task.order.OrderCancelTask",
                    "message": "OrderCancelTask.task | msg : Cannot get Jedis connection; nested exception is redis.clients.jedis.exceptions.JedisConnectionException: Could not get a resource from the pool" }
                    
{
                    "app": "Crmeb",
                    "timestamp":"2025-09-19 10:58:00.090",
                    "level": "ERROR",
                    "thread": "task-executor-20",
                    "class": "c.zbkj.admin.task.order.OrderRefundTask",
                    "message": "OrderRefundTask.task | msg : Cannot get Jedis connection; nested exception is redis.clients.jedis.exceptions.JedisConnectionException: Could not get a resource from the pool" }
                    
{
                    "app": "Crmeb",
                    "timestamp":"2025-09-19 10:59:00.947",
                    "level": "ERROR",
                    "thread": "task-executor-3",
                    "class": "c.zbkj.admin.task.order.OrderCancelTask",
                    "message": "OrderCancelTask.task | msg : Cannot get Jedis connection; nested exception is redis.clients.jedis.exceptions.JedisConnectionException: Could not get a resource from the pool" }
                    
{
                    "app": "Crmeb",
                    "timestamp":"2025-09-19 10:59:00.963",
                    "level": "ERROR",
                    "thread": "task-executor-4",
                    "class": "c.z.admin.task.order.OrderPaySuccessTask",
                    "message": "OrderPaySuccessTask.task | msg : Cannot get Jedis connection; nested exception is redis.clients.jedis.exceptions.JedisConnectionException: Could not get a resource from the pool" }
                    
{
                    "app": "Crmeb",
                    "timestamp":"2025-09-19 10:59:00.977",
                    "level": "ERROR",
                    "thread": "task-executor-2",
                    "class": "c.z.admin.task.order.OrderAutoCancelTask",
                    "message": "OrderAutoCancelTask.task | msg : Cannot get Jedis connection; nested exception is redis.clients.jedis.exceptions.JedisConnectionException: Could not get a resource from the pool" }
                    
{
                    "app": "Crmeb",
                    "timestamp":"2025-09-19 10:59:00.989",
                    "level": "ERROR",
                    "thread": "task-executor-5",
                    "class": "c.zbkj.admin.task.order.OrderRefundTask",
                    "message": "OrderRefundTask.task | msg : Cannot get Jedis connection; nested exception is redis.clients.jedis.exceptions.JedisConnectionException: Could not get a resource from the pool" }
                    
{
                    "app": "Crmeb",
                    "timestamp":"2025-09-19 11:00:00.043",
                    "level": "ERROR",
                    "thread": "task-executor-7",
                    "class": "c.z.admin.task.order.OrderAutoCancelTask",
                    "message": "OrderAutoCancelTask.task | msg : Cannot get Jedis connection; nested exception is redis.clients.jedis.exceptions.JedisConnectionException: Could not get a resource from the pool" }
                    
{
                    "app": "Crmeb",
                    "timestamp":"2025-09-19 11:00:00.058",
                    "level": "ERROR",
                    "thread": "task-executor-9",
                    "class": "c.z.admin.task.order.OrderPaySuccessTask",
                    "message": "OrderPaySuccessTask.task | msg : Cannot get Jedis connection; nested exception is redis.clients.jedis.exceptions.JedisConnectionException: Could not get a resource from the pool" }
                    
{
                    "app": "Crmeb",
                    "timestamp":"2025-09-19 11:00:00.077",
                    "level": "ERROR",
                    "thread": "task-executor-8",
                    "class": "c.zbkj.admin.task.order.OrderCancelTask",
                    "message": "OrderCancelTask.task | msg : Cannot get Jedis connection; nested exception is redis.clients.jedis.exceptions.JedisConnectionException: Could not get a resource from the pool" }
                    
{
                    "app": "Crmeb",
                    "timestamp":"2025-09-19 11:00:00.089",
                    "level": "ERROR",
                    "thread": "task-executor-10",
                    "class": "c.zbkj.admin.task.order.OrderRefundTask",
                    "message": "OrderRefundTask.task | msg : Cannot get Jedis connection; nested exception is redis.clients.jedis.exceptions.JedisConnectionException: Could not get a resource from the pool" }
                    
{
                    "app": "Crmeb",
                    "timestamp":"2025-09-19 11:01:00.046",
                    "level": "ERROR",
                    "thread": "task-executor-12",
                    "class": "c.z.admin.task.order.OrderAutoCancelTask",
                    "message": "OrderAutoCancelTask.task | msg : Cannot get Jedis connection; nested exception is redis.clients.jedis.exceptions.JedisConnectionException: Could not get a resource from the pool" }
                    
{
                    "app": "Crmeb",
                    "timestamp":"2025-09-19 11:01:00.059",
                    "level": "ERROR",
                    "thread": "task-executor-14",
                    "class": "c.z.admin.task.order.OrderPaySuccessTask",
                    "message": "OrderPaySuccessTask.task | msg : Cannot get Jedis connection; nested exception is redis.clients.jedis.exceptions.JedisConnectionException: Could not get a resource from the pool" }
                    
{
                    "app": "Crmeb",
                    "timestamp":"2025-09-19 11:01:00.071",
                    "level": "ERROR",
                    "thread": "task-executor-13",
                    "class": "c.zbkj.admin.task.order.OrderCancelTask",
                    "message": "OrderCancelTask.task | msg : Cannot get Jedis connection; nested exception is redis.clients.jedis.exceptions.JedisConnectionException: Could not get a resource from the pool" }
                    
{
                    "app": "Crmeb",
                    "timestamp":"2025-09-19 11:01:00.082",
                    "level": "ERROR",
                    "thread": "task-executor-15",
                    "class": "c.zbkj.admin.task.order.OrderRefundTask",
                    "message": "OrderRefundTask.task | msg : Cannot get Jedis connection; nested exception is redis.clients.jedis.exceptions.JedisConnectionException: Could not get a resource from the pool" }
                    
{
                    "app": "Crmeb",
                    "timestamp":"2025-09-19 11:02:00.033",
                    "level": "ERROR",
                    "thread": "task-executor-17",
                    "class": "c.z.admin.task.order.OrderAutoCancelTask",
                    "message": "OrderAutoCancelTask.task | msg : Cannot get Jedis connection; nested exception is redis.clients.jedis.exceptions.JedisConnectionException: Could not get a resource from the pool" }
                    
{
                    "app": "Crmeb",
                    "timestamp":"2025-09-19 11:02:00.046",
                    "level": "ERROR",
                    "thread": "task-executor-19",
                    "class": "c.z.admin.task.order.OrderPaySuccessTask",
                    "message": "OrderPaySuccessTask.task | msg : Cannot get Jedis connection; nested exception is redis.clients.jedis.exceptions.JedisConnectionException: Could not get a resource from the pool" }
                    
{
                    "app": "Crmeb",
                    "timestamp":"2025-09-19 11:02:00.060",
                    "level": "ERROR",
                    "thread": "task-executor-18",
                    "class": "c.zbkj.admin.task.order.OrderCancelTask",
                    "message": "OrderCancelTask.task | msg : Cannot get Jedis connection; nested exception is redis.clients.jedis.exceptions.JedisConnectionException: Could not get a resource from the pool" }
                    
{
                    "app": "Crmeb",
                    "timestamp":"2025-09-19 11:02:00.076",
                    "level": "ERROR",
                    "thread": "task-executor-20",
                    "class": "c.zbkj.admin.task.order.OrderRefundTask",
                    "message": "OrderRefundTask.task | msg : Cannot get Jedis connection; nested exception is redis.clients.jedis.exceptions.JedisConnectionException: Could not get a resource from the pool" }
                    
{
                    "app": "Crmeb",
                    "timestamp":"2025-09-19 11:03:00.031",
                    "level": "ERROR",
                    "thread": "task-executor-3",
                    "class": "c.z.admin.task.order.OrderAutoCancelTask",
                    "message": "OrderAutoCancelTask.task | msg : Cannot get Jedis connection; nested exception is redis.clients.jedis.exceptions.JedisConnectionException: Could not get a resource from the pool" }
                    
{
                    "app": "Crmeb",
                    "timestamp":"2025-09-19 11:03:00.046",
                    "level": "ERROR",
                    "thread": "task-executor-2",
                    "class": "c.z.admin.task.order.OrderPaySuccessTask",
                    "message": "OrderPaySuccessTask.task | msg : Cannot get Jedis connection; nested exception is redis.clients.jedis.exceptions.JedisConnectionException: Could not get a resource from the pool" }
                    
{
                    "app": "Crmeb",
                    "timestamp":"2025-09-19 11:03:00.059",
                    "level": "ERROR",
                    "thread": "task-executor-4",
                    "class": "c.zbkj.admin.task.order.OrderCancelTask",
                    "message": "OrderCancelTask.task | msg : Cannot get Jedis connection; nested exception is redis.clients.jedis.exceptions.JedisConnectionException: Could not get a resource from the pool" }
                    
{
                    "app": "Crmeb",
                    "timestamp":"2025-09-19 11:03:00.071",
                    "level": "ERROR",
                    "thread": "task-executor-5",
                    "class": "c.zbkj.admin.task.order.OrderRefundTask",
                    "message": "OrderRefundTask.task | msg : Cannot get Jedis connection; nested exception is redis.clients.jedis.exceptions.JedisConnectionException: Could not get a resource from the pool" }
                    
{
                    "app": "Crmeb",
                    "timestamp":"2025-09-19 11:04:00.045",
                    "level": "ERROR",
                    "thread": "task-executor-7",
                    "class": "c.z.admin.task.order.OrderAutoCancelTask",
                    "message": "OrderAutoCancelTask.task | msg : Cannot get Jedis connection; nested exception is redis.clients.jedis.exceptions.JedisConnectionException: Could not get a resource from the pool" }
                    
{
                    "app": "Crmeb",
                    "timestamp":"2025-09-19 11:04:00.061",
                    "level": "ERROR",
                    "thread": "task-executor-8",
                    "class": "c.z.admin.task.order.OrderPaySuccessTask",
                    "message": "OrderPaySuccessTask.task | msg : Cannot get Jedis connection; nested exception is redis.clients.jedis.exceptions.JedisConnectionException: Could not get a resource from the pool" }
                    
{
                    "app": "Crmeb",
                    "timestamp":"2025-09-19 11:04:00.073",
                    "level": "ERROR",
                    "thread": "task-executor-9",
                    "class": "c.zbkj.admin.task.order.OrderCancelTask",
                    "message": "OrderCancelTask.task | msg : Cannot get Jedis connection; nested exception is redis.clients.jedis.exceptions.JedisConnectionException: Could not get a resource from the pool" }
                    
{
                    "app": "Crmeb",
                    "timestamp":"2025-09-19 11:04:00.083",
                    "level": "ERROR",
                    "thread": "task-executor-10",
                    "class": "c.zbkj.admin.task.order.OrderRefundTask",
                    "message": "OrderRefundTask.task | msg : Cannot get Jedis connection; nested exception is redis.clients.jedis.exceptions.JedisConnectionException: Could not get a resource from the pool" }
                    
{
                    "app": "Crmeb",
                    "timestamp":"2025-09-19 11:05:00.053",
                    "level": "ERROR",
                    "thread": "task-executor-12",
                    "class": "c.z.admin.task.order.OrderAutoCancelTask",
                    "message": "OrderAutoCancelTask.task | msg : Cannot get Jedis connection; nested exception is redis.clients.jedis.exceptions.JedisConnectionException: Could not get a resource from the pool" }
                    
{
                    "app": "Crmeb",
                    "timestamp":"2025-09-19 11:05:00.065",
                    "level": "ERROR",
                    "thread": "task-executor-15",
                    "class": "c.zbkj.admin.task.order.OrderRefundTask",
                    "message": "OrderRefundTask.task | msg : Cannot get Jedis connection; nested exception is redis.clients.jedis.exceptions.JedisConnectionException: Could not get a resource from the pool" }
                    
{
                    "app": "Crmeb",
                    "timestamp":"2025-09-19 11:05:00.077",
                    "level": "ERROR",
                    "thread": "task-executor-13",
                    "class": "c.z.admin.task.order.OrderPaySuccessTask",
                    "message": "OrderPaySuccessTask.task | msg : Cannot get Jedis connection; nested exception is redis.clients.jedis.exceptions.JedisConnectionException: Could not get a resource from the pool" }
                    
{
                    "app": "Crmeb",
                    "timestamp":"2025-09-19 11:05:00.089",
                    "level": "ERROR",
                    "thread": "task-executor-14",
                    "class": "c.zbkj.admin.task.order.OrderCancelTask",
                    "message": "OrderCancelTask.task | msg : Cannot get Jedis connection; nested exception is redis.clients.jedis.exceptions.JedisConnectionException: Could not get a resource from the pool" }
                    
{
                    "app": "Crmeb",
                    "timestamp":"2025-09-19 11:06:00.031",
                    "level": "ERROR",
                    "thread": "task-executor-17",
                    "class": "c.z.admin.task.order.OrderAutoCancelTask",
                    "message": "OrderAutoCancelTask.task | msg : Cannot get Jedis connection; nested exception is redis.clients.jedis.exceptions.JedisConnectionException: Could not get a resource from the pool" }
                    
{
                    "app": "Crmeb",
                    "timestamp":"2025-09-19 11:06:00.045",
                    "level": "ERROR",
                    "thread": "task-executor-18",
                    "class": "c.z.admin.task.order.OrderPaySuccessTask",
                    "message": "OrderPaySuccessTask.task | msg : Cannot get Jedis connection; nested exception is redis.clients.jedis.exceptions.JedisConnectionException: Could not get a resource from the pool" }
                    
{
                    "app": "Crmeb",
                    "timestamp":"2025-09-19 11:06:00.057",
                    "level": "ERROR",
                    "thread": "task-executor-19",
                    "class": "c.zbkj.admin.task.order.OrderCancelTask",
                    "message": "OrderCancelTask.task | msg : Cannot get Jedis connection; nested exception is redis.clients.jedis.exceptions.JedisConnectionException: Could not get a resource from the pool" }
                    
{
                    "app": "Crmeb",
                    "timestamp":"2025-09-19 11:06:00.069",
                    "level": "ERROR",
                    "thread": "task-executor-20",
                    "class": "c.zbkj.admin.task.order.OrderRefundTask",
                    "message": "OrderRefundTask.task | msg : Cannot get Jedis connection; nested exception is redis.clients.jedis.exceptions.JedisConnectionException: Could not get a resource from the pool" }
                    
{
                    "app": "Crmeb",
                    "timestamp":"2025-09-19 11:07:00.032",
                    "level": "ERROR",
                    "thread": "task-executor-3",
                    "class": "c.z.admin.task.order.OrderAutoCancelTask",
                    "message": "OrderAutoCancelTask.task | msg : Cannot get Jedis connection; nested exception is redis.clients.jedis.exceptions.JedisConnectionException: Could not get a resource from the pool" }
                    
{
                    "app": "Crmeb",
                    "timestamp":"2025-09-19 11:07:00.046",
                    "level": "ERROR",
                    "thread": "task-executor-2",
                    "class": "c.zbkj.admin.task.order.OrderCancelTask",
                    "message": "OrderCancelTask.task | msg : Cannot get Jedis connection; nested exception is redis.clients.jedis.exceptions.JedisConnectionException: Could not get a resource from the pool" }
                    
{
                    "app": "Crmeb",
                    "timestamp":"2025-09-19 11:07:00.061",
                    "level": "ERROR",
                    "thread": "task-executor-5",
                    "class": "c.zbkj.admin.task.order.OrderRefundTask",
                    "message": "OrderRefundTask.task | msg : Cannot get Jedis connection; nested exception is redis.clients.jedis.exceptions.JedisConnectionException: Could not get a resource from the pool" }
                    
{
                    "app": "Crmeb",
                    "timestamp":"2025-09-19 11:07:00.078",
                    "level": "ERROR",
                    "thread": "task-executor-4",
                    "class": "c.z.admin.task.order.OrderPaySuccessTask",
                    "message": "OrderPaySuccessTask.task | msg : Cannot get Jedis connection; nested exception is redis.clients.jedis.exceptions.JedisConnectionException: Could not get a resource from the pool" }
                    
{
                    "app": "Crmeb",
                    "timestamp":"2025-09-19 11:08:00.047",
                    "level": "ERROR",
                    "thread": "task-executor-7",
                    "class": "c.z.admin.task.order.OrderAutoCancelTask",
                    "message": "OrderAutoCancelTask.task | msg : Cannot get Jedis connection; nested exception is redis.clients.jedis.exceptions.JedisConnectionException: Could not get a resource from the pool" }
                    
{
                    "app": "Crmeb",
                    "timestamp":"2025-09-19 11:08:00.058",
                    "level": "ERROR",
                    "thread": "task-executor-10",
                    "class": "c.zbkj.admin.task.order.OrderRefundTask",
                    "message": "OrderRefundTask.task | msg : Cannot get Jedis connection; nested exception is redis.clients.jedis.exceptions.JedisConnectionException: Could not get a resource from the pool" }
                    
{
                    "app": "Crmeb",
                    "timestamp":"2025-09-19 11:08:00.070",
                    "level": "ERROR",
                    "thread": "task-executor-9",
                    "class": "c.z.admin.task.order.OrderPaySuccessTask",
                    "message": "OrderPaySuccessTask.task | msg : Cannot get Jedis connection; nested exception is redis.clients.jedis.exceptions.JedisConnectionException: Could not get a resource from the pool" }
                    
{
                    "app": "Crmeb",
                    "timestamp":"2025-09-19 11:08:00.081",
                    "level": "ERROR",
                    "thread": "task-executor-8",
                    "class": "c.zbkj.admin.task.order.OrderCancelTask",
                    "message": "OrderCancelTask.task | msg : Cannot get Jedis connection; nested exception is redis.clients.jedis.exceptions.JedisConnectionException: Could not get a resource from the pool" }
                    
{
                    "app": "Crmeb",
                    "timestamp":"2025-09-19 11:09:00.037",
                    "level": "ERROR",
                    "thread": "task-executor-12",
                    "class": "c.z.admin.task.order.OrderAutoCancelTask",
                    "message": "OrderAutoCancelTask.task | msg : Cannot get Jedis connection; nested exception is redis.clients.jedis.exceptions.JedisConnectionException: Could not get a resource from the pool" }
                    
{
                    "app": "Crmeb",
                    "timestamp":"2025-09-19 11:09:00.049",
                    "level": "ERROR",
                    "thread": "task-executor-13",
                    "class": "c.z.admin.task.order.OrderPaySuccessTask",
                    "message": "OrderPaySuccessTask.task | msg : Cannot get Jedis connection; nested exception is redis.clients.jedis.exceptions.JedisConnectionException: Could not get a resource from the pool" }
                    
{
                    "app": "Crmeb",
                    "timestamp":"2025-09-19 11:09:00.061",
                    "level": "ERROR",
                    "thread": "task-executor-15",
                    "class": "c.zbkj.admin.task.order.OrderCancelTask",
                    "message": "OrderCancelTask.task | msg : Cannot get Jedis connection; nested exception is redis.clients.jedis.exceptions.JedisConnectionException: Could not get a resource from the pool" }
                    
{
                    "app": "Crmeb",
                    "timestamp":"2025-09-19 11:09:00.073",
                    "level": "ERROR",
                    "thread": "task-executor-14",
                    "class": "c.zbkj.admin.task.order.OrderRefundTask",
                    "message": "OrderRefundTask.task | msg : Cannot get Jedis connection; nested exception is redis.clients.jedis.exceptions.JedisConnectionException: Could not get a resource from the pool" }
                    
{
                    "app": "Crmeb",
                    "timestamp":"2025-09-19 11:10:00.045",
                    "level": "ERROR",
                    "thread": "task-executor-17",
                    "class": "c.z.admin.task.order.OrderAutoCancelTask",
                    "message": "OrderAutoCancelTask.task | msg : Cannot get Jedis connection; nested exception is redis.clients.jedis.exceptions.JedisConnectionException: Could not get a resource from the pool" }
                    
{
                    "app": "Crmeb",
                    "timestamp":"2025-09-19 11:10:00.062",
                    "level": "ERROR",
                    "thread": "task-executor-20",
                    "class": "c.zbkj.admin.task.order.OrderRefundTask",
                    "message": "OrderRefundTask.task | msg : Cannot get Jedis connection; nested exception is redis.clients.jedis.exceptions.JedisConnectionException: Could not get a resource from the pool" }
                    
{
                    "app": "Crmeb",
                    "timestamp":"2025-09-19 11:10:00.074",
                    "level": "ERROR",
                    "thread": "task-executor-19",
                    "class": "c.z.admin.task.order.OrderPaySuccessTask",
                    "message": "OrderPaySuccessTask.task | msg : Cannot get Jedis connection; nested exception is redis.clients.jedis.exceptions.JedisConnectionException: Could not get a resource from the pool" }
                    
{
                    "app": "Crmeb",
                    "timestamp":"2025-09-19 11:10:00.084",
                    "level": "ERROR",
                    "thread": "task-executor-18",
                    "class": "c.zbkj.admin.task.order.OrderCancelTask",
                    "message": "OrderCancelTask.task | msg : Cannot get Jedis connection; nested exception is redis.clients.jedis.exceptions.JedisConnectionException: Could not get a resource from the pool" }
                    
{
                    "app": "Crmeb",
                    "timestamp":"2025-09-19 11:11:00.041",
                    "level": "ERROR",
                    "thread": "task-executor-3",
                    "class": "c.z.admin.task.order.OrderAutoCancelTask",
                    "message": "OrderAutoCancelTask.task | msg : Cannot get Jedis connection; nested exception is redis.clients.jedis.exceptions.JedisConnectionException: Could not get a resource from the pool" }
                    
{
                    "app": "Crmeb",
                    "timestamp":"2025-09-19 11:11:00.054",
                    "level": "ERROR",
                    "thread": "task-executor-5",
                    "class": "c.z.admin.task.order.OrderPaySuccessTask",
                    "message": "OrderPaySuccessTask.task | msg : Cannot get Jedis connection; nested exception is redis.clients.jedis.exceptions.JedisConnectionException: Could not get a resource from the pool" }
                    
{
                    "app": "Crmeb",
                    "timestamp":"2025-09-19 11:11:00.066",
                    "level": "ERROR",
                    "thread": "task-executor-2",
                    "class": "c.zbkj.admin.task.order.OrderCancelTask",
                    "message": "OrderCancelTask.task | msg : Cannot get Jedis connection; nested exception is redis.clients.jedis.exceptions.JedisConnectionException: Could not get a resource from the pool" }
                    
{
                    "app": "Crmeb",
                    "timestamp":"2025-09-19 11:11:00.081",
                    "level": "ERROR",
                    "thread": "task-executor-4",
                    "class": "c.zbkj.admin.task.order.OrderRefundTask",
                    "message": "OrderRefundTask.task | msg : Cannot get Jedis connection; nested exception is redis.clients.jedis.exceptions.JedisConnectionException: Could not get a resource from the pool" }
                    
{
                    "app": "Crmeb",
                    "timestamp":"2025-09-19 11:12:00.044",
                    "level": "ERROR",
                    "thread": "task-executor-7",
                    "class": "c.z.admin.task.order.OrderAutoCancelTask",
                    "message": "OrderAutoCancelTask.task | msg : Cannot get Jedis connection; nested exception is redis.clients.jedis.exceptions.JedisConnectionException: Could not get a resource from the pool" }
                    
{
                    "app": "Crmeb",
                    "timestamp":"2025-09-19 11:12:00.060",
                    "level": "ERROR",
                    "thread": "task-executor-10",
                    "class": "c.zbkj.admin.task.order.OrderCancelTask",
                    "message": "OrderCancelTask.task | msg : Cannot get Jedis connection; nested exception is redis.clients.jedis.exceptions.JedisConnectionException: Could not get a resource from the pool" }
                    
{
                    "app": "Crmeb",
                    "timestamp":"2025-09-19 11:12:00.073",
                    "level": "ERROR",
                    "thread": "task-executor-8",
                    "class": "c.zbkj.admin.task.order.OrderRefundTask",
                    "message": "OrderRefundTask.task | msg : Cannot get Jedis connection; nested exception is redis.clients.jedis.exceptions.JedisConnectionException: Could not get a resource from the pool" }
                    
{
                    "app": "Crmeb",
                    "timestamp":"2025-09-19 11:12:00.086",
                    "level": "ERROR",
                    "thread": "task-executor-9",
                    "class": "c.z.admin.task.order.OrderPaySuccessTask",
                    "message": "OrderPaySuccessTask.task | msg : Cannot get Jedis connection; nested exception is redis.clients.jedis.exceptions.JedisConnectionException: Could not get a resource from the pool" }
                    
{
                    "app": "Crmeb",
                    "timestamp":"2025-09-19 11:13:00.016",
                    "level": "ERROR",
                    "thread": "task-executor-12",
                    "class": "c.z.admin.task.order.OrderAutoCancelTask",
                    "message": "OrderAutoCancelTask.task | msg : Cannot get Jedis connection; nested exception is redis.clients.jedis.exceptions.JedisConnectionException: Could not get a resource from the pool" }
                    
{
                    "app": "Crmeb",
                    "timestamp":"2025-09-19 11:13:00.021",
                    "level": "ERROR",
                    "thread": "task-executor-13",
                    "class": "c.zbkj.admin.task.order.OrderCancelTask",
                    "message": "OrderCancelTask.task | msg : Cannot get Jedis connection; nested exception is redis.clients.jedis.exceptions.JedisConnectionException: Could not get a resource from the pool" }
                    
{
                    "app": "Crmeb",
                    "timestamp":"2025-09-19 11:13:00.028",
                    "level": "ERROR",
                    "thread": "task-executor-15",
                    "class": "c.z.admin.task.order.OrderPaySuccessTask",
                    "message": "OrderPaySuccessTask.task | msg : Cannot get Jedis connection; nested exception is redis.clients.jedis.exceptions.JedisConnectionException: Could not get a resource from the pool" }
                    
{
                    "app": "Crmeb",
                    "timestamp":"2025-09-19 11:13:00.034",
                    "level": "ERROR",
                    "thread": "task-executor-14",
                    "class": "c.zbkj.admin.task.order.OrderRefundTask",
                    "message": "OrderRefundTask.task | msg : Cannot get Jedis connection; nested exception is redis.clients.jedis.exceptions.JedisConnectionException: Could not get a resource from the pool" }
                    
{
                    "app": "Crmeb",
                    "timestamp":"2025-09-19 11:14:00.033",
                    "level": "ERROR",
                    "thread": "task-executor-17",
                    "class": "c.z.admin.task.order.OrderAutoCancelTask",
                    "message": "OrderAutoCancelTask.task | msg : Cannot get Jedis connection; nested exception is redis.clients.jedis.exceptions.JedisConnectionException: Could not get a resource from the pool" }
                    
{
                    "app": "Crmeb",
                    "timestamp":"2025-09-19 11:14:00.036",
                    "level": "ERROR",
                    "thread": "task-executor-20",
                    "class": "c.zbkj.admin.task.order.OrderCancelTask",
                    "message": "OrderCancelTask.task | msg : Cannot get Jedis connection; nested exception is redis.clients.jedis.exceptions.JedisConnectionException: Could not get a resource from the pool" }
                    
{
                    "app": "Crmeb",
                    "timestamp":"2025-09-19 11:14:00.042",
                    "level": "ERROR",
                    "thread": "task-executor-19",
                    "class": "c.z.admin.task.order.OrderPaySuccessTask",
                    "message": "OrderPaySuccessTask.task | msg : Cannot get Jedis connection; nested exception is redis.clients.jedis.exceptions.JedisConnectionException: Could not get a resource from the pool" }
                    
{
                    "app": "Crmeb",
                    "timestamp":"2025-09-19 11:14:00.046",
                    "level": "ERROR",
                    "thread": "task-executor-18",
                    "class": "c.zbkj.admin.task.order.OrderRefundTask",
                    "message": "OrderRefundTask.task | msg : Cannot get Jedis connection; nested exception is redis.clients.jedis.exceptions.JedisConnectionException: Could not get a resource from the pool" }
                    
{
                    "app": "Crmeb",
                    "timestamp":"2025-09-19 11:15:00.030",
                    "level": "ERROR",
                    "thread": "task-executor-3",
                    "class": "c.z.admin.task.order.OrderAutoCancelTask",
                    "message": "OrderAutoCancelTask.task | msg : Cannot get Jedis connection; nested exception is redis.clients.jedis.exceptions.JedisConnectionException: Could not get a resource from the pool" }
                    
{
                    "app": "Crmeb",
                    "timestamp":"2025-09-19 11:15:00.035",
                    "level": "ERROR",
                    "thread": "task-executor-5",
                    "class": "c.zbkj.admin.task.order.OrderCancelTask",
                    "message": "OrderCancelTask.task | msg : Cannot get Jedis connection; nested exception is redis.clients.jedis.exceptions.JedisConnectionException: Could not get a resource from the pool" }
                    
{
                    "app": "Crmeb",
                    "timestamp":"2025-09-19 11:15:00.039",
                    "level": "ERROR",
                    "thread": "task-executor-2",
                    "class": "c.z.admin.task.order.OrderPaySuccessTask",
                    "message": "OrderPaySuccessTask.task | msg : Cannot get Jedis connection; nested exception is redis.clients.jedis.exceptions.JedisConnectionException: Could not get a resource from the pool" }
                    
{
                    "app": "Crmeb",
                    "timestamp":"2025-09-19 11:15:00.048",
                    "level": "ERROR",
                    "thread": "task-executor-4",
                    "class": "c.zbkj.admin.task.order.OrderRefundTask",
                    "message": "OrderRefundTask.task | msg : Cannot get Jedis connection; nested exception is redis.clients.jedis.exceptions.JedisConnectionException: Could not get a resource from the pool" }
                    
{
                    "app": "Crmeb",
                    "timestamp":"2025-09-19 11:16:00.026",
                    "level": "ERROR",
                    "thread": "task-executor-7",
                    "class": "c.z.admin.task.order.OrderAutoCancelTask",
                    "message": "OrderAutoCancelTask.task | msg : Cannot get Jedis connection; nested exception is redis.clients.jedis.exceptions.JedisConnectionException: Could not get a resource from the pool" }
                    
{
                    "app": "Crmeb",
                    "timestamp":"2025-09-19 11:16:00.032",
                    "level": "ERROR",
                    "thread": "task-executor-10",
                    "class": "c.zbkj.admin.task.order.OrderCancelTask",
                    "message": "OrderCancelTask.task | msg : Cannot get Jedis connection; nested exception is redis.clients.jedis.exceptions.JedisConnectionException: Could not get a resource from the pool" }
                    
{
                    "app": "Crmeb",
                    "timestamp":"2025-09-19 11:16:00.037",
                    "level": "ERROR",
                    "thread": "task-executor-8",
                    "class": "c.z.admin.task.order.OrderPaySuccessTask",
                    "message": "OrderPaySuccessTask.task | msg : Cannot get Jedis connection; nested exception is redis.clients.jedis.exceptions.JedisConnectionException: Could not get a resource from the pool" }
                    
{
                    "app": "Crmeb",
                    "timestamp":"2025-09-19 11:16:00.041",
                    "level": "ERROR",
                    "thread": "task-executor-9",
                    "class": "c.zbkj.admin.task.order.OrderRefundTask",
                    "message": "OrderRefundTask.task | msg : Cannot get Jedis connection; nested exception is redis.clients.jedis.exceptions.JedisConnectionException: Could not get a resource from the pool" }
                    
{
                    "app": "Crmeb",
                    "timestamp":"2025-09-19 11:17:00.020",
                    "level": "ERROR",
                    "thread": "task-executor-12",
                    "class": "c.z.admin.task.order.OrderAutoCancelTask",
                    "message": "OrderAutoCancelTask.task | msg : Cannot get Jedis connection; nested exception is redis.clients.jedis.exceptions.JedisConnectionException: Could not get a resource from the pool" }
                    
{
                    "app": "Crmeb",
                    "timestamp":"2025-09-19 11:17:00.026",
                    "level": "ERROR",
                    "thread": "task-executor-13",
                    "class": "c.zbkj.admin.task.order.OrderCancelTask",
                    "message": "OrderCancelTask.task | msg : Cannot get Jedis connection; nested exception is redis.clients.jedis.exceptions.JedisConnectionException: Could not get a resource from the pool" }
                    
{
                    "app": "Crmeb",
                    "timestamp":"2025-09-19 11:17:00.032",
                    "level": "ERROR",
                    "thread": "task-executor-15",
                    "class": "c.z.admin.task.order.OrderPaySuccessTask",
                    "message": "OrderPaySuccessTask.task | msg : Cannot get Jedis connection; nested exception is redis.clients.jedis.exceptions.JedisConnectionException: Could not get a resource from the pool" }
                    
{
                    "app": "Crmeb",
                    "timestamp":"2025-09-19 11:17:00.037",
                    "level": "ERROR",
                    "thread": "task-executor-14",
                    "class": "c.zbkj.admin.task.order.OrderRefundTask",
                    "message": "OrderRefundTask.task | msg : Cannot get Jedis connection; nested exception is redis.clients.jedis.exceptions.JedisConnectionException: Could not get a resource from the pool" }
                    
{
                    "app": "Crmeb",
                    "timestamp":"2025-09-19 11:18:00.020",
                    "level": "ERROR",
                    "thread": "task-executor-17",
                    "class": "c.z.admin.task.order.OrderAutoCancelTask",
                    "message": "OrderAutoCancelTask.task | msg : Cannot get Jedis connection; nested exception is redis.clients.jedis.exceptions.JedisConnectionException: Could not get a resource from the pool" }
                    
{
                    "app": "Crmeb",
                    "timestamp":"2025-09-19 11:18:00.026",
                    "level": "ERROR",
                    "thread": "task-executor-20",
                    "class": "c.zbkj.admin.task.order.OrderCancelTask",
                    "message": "OrderCancelTask.task | msg : Cannot get Jedis connection; nested exception is redis.clients.jedis.exceptions.JedisConnectionException: Could not get a resource from the pool" }
                    
{
                    "app": "Crmeb",
                    "timestamp":"2025-09-19 11:18:00.032",
                    "level": "ERROR",
                    "thread": "task-executor-19",
                    "class": "c.z.admin.task.order.OrderPaySuccessTask",
                    "message": "OrderPaySuccessTask.task | msg : Cannot get Jedis connection; nested exception is redis.clients.jedis.exceptions.JedisConnectionException: Could not get a resource from the pool" }
                    
{
                    "app": "Crmeb",
                    "timestamp":"2025-09-19 11:18:00.040",
                    "level": "ERROR",
                    "thread": "task-executor-18",
                    "class": "c.zbkj.admin.task.order.OrderRefundTask",
                    "message": "OrderRefundTask.task | msg : Cannot get Jedis connection; nested exception is redis.clients.jedis.exceptions.JedisConnectionException: Could not get a resource from the pool" }
                    
{
                    "app": "Crmeb",
                    "timestamp":"2025-09-19 11:19:00.023",
                    "level": "ERROR",
                    "thread": "task-executor-3",
                    "class": "c.z.admin.task.order.OrderAutoCancelTask",
                    "message": "OrderAutoCancelTask.task | msg : Cannot get Jedis connection; nested exception is redis.clients.jedis.exceptions.JedisConnectionException: Could not get a resource from the pool" }
                    
{
                    "app": "Crmeb",
                    "timestamp":"2025-09-19 11:19:00.029",
                    "level": "ERROR",
                    "thread": "task-executor-5",
                    "class": "c.zbkj.admin.task.order.OrderCancelTask",
                    "message": "OrderCancelTask.task | msg : Cannot get Jedis connection; nested exception is redis.clients.jedis.exceptions.JedisConnectionException: Could not get a resource from the pool" }
                    
{
                    "app": "Crmeb",
                    "timestamp":"2025-09-19 11:19:00.038",
                    "level": "ERROR",
                    "thread": "task-executor-2",
                    "class": "c.z.admin.task.order.OrderPaySuccessTask",
                    "message": "OrderPaySuccessTask.task | msg : Cannot get Jedis connection; nested exception is redis.clients.jedis.exceptions.JedisConnectionException: Could not get a resource from the pool" }
                    
{
                    "app": "Crmeb",
                    "timestamp":"2025-09-19 11:19:00.042",
                    "level": "ERROR",
                    "thread": "task-executor-4",
                    "class": "c.zbkj.admin.task.order.OrderRefundTask",
                    "message": "OrderRefundTask.task | msg : Cannot get Jedis connection; nested exception is redis.clients.jedis.exceptions.JedisConnectionException: Could not get a resource from the pool" }
                    
{
                    "app": "Crmeb",
                    "timestamp":"2025-09-19 11:20:00.022",
                    "level": "ERROR",
                    "thread": "task-executor-7",
                    "class": "c.z.admin.task.order.OrderAutoCancelTask",
                    "message": "OrderAutoCancelTask.task | msg : Cannot get Jedis connection; nested exception is redis.clients.jedis.exceptions.JedisConnectionException: Could not get a resource from the pool" }
                    
{
                    "app": "Crmeb",
                    "timestamp":"2025-09-19 11:20:00.026",
                    "level": "ERROR",
                    "thread": "task-executor-10",
                    "class": "c.zbkj.admin.task.order.OrderCancelTask",
                    "message": "OrderCancelTask.task | msg : Cannot get Jedis connection; nested exception is redis.clients.jedis.exceptions.JedisConnectionException: Could not get a resource from the pool" }
                    
{
                    "app": "Crmeb",
                    "timestamp":"2025-09-19 11:20:00.031",
                    "level": "ERROR",
                    "thread": "task-executor-8",
                    "class": "c.z.admin.task.order.OrderPaySuccessTask",
                    "message": "OrderPaySuccessTask.task | msg : Cannot get Jedis connection; nested exception is redis.clients.jedis.exceptions.JedisConnectionException: Could not get a resource from the pool" }
                    
{
                    "app": "Crmeb",
                    "timestamp":"2025-09-19 11:20:00.039",
                    "level": "ERROR",
                    "thread": "task-executor-9",
                    "class": "c.zbkj.admin.task.order.OrderRefundTask",
                    "message": "OrderRefundTask.task | msg : Cannot get Jedis connection; nested exception is redis.clients.jedis.exceptions.JedisConnectionException: Could not get a resource from the pool" }
                    
{
                    "app": "Crmeb",
                    "timestamp":"2025-09-19 11:21:00.026",
                    "level": "ERROR",
                    "thread": "task-executor-12",
                    "class": "c.z.admin.task.order.OrderAutoCancelTask",
                    "message": "OrderAutoCancelTask.task | msg : Cannot get Jedis connection; nested exception is redis.clients.jedis.exceptions.JedisConnectionException: Could not get a resource from the pool" }
                    
{
                    "app": "Crmeb",
                    "timestamp":"2025-09-19 11:21:00.033",
                    "level": "ERROR",
                    "thread": "task-executor-13",
                    "class": "c.zbkj.admin.task.order.OrderCancelTask",
                    "message": "OrderCancelTask.task | msg : Cannot get Jedis connection; nested exception is redis.clients.jedis.exceptions.JedisConnectionException: Could not get a resource from the pool" }
                    
{
                    "app": "Crmeb",
                    "timestamp":"2025-09-19 11:21:00.038",
                    "level": "ERROR",
                    "thread": "task-executor-15",
                    "class": "c.z.admin.task.order.OrderPaySuccessTask",
                    "message": "OrderPaySuccessTask.task | msg : Cannot get Jedis connection; nested exception is redis.clients.jedis.exceptions.JedisConnectionException: Could not get a resource from the pool" }
                    
{
                    "app": "Crmeb",
                    "timestamp":"2025-09-19 11:21:00.045",
                    "level": "ERROR",
                    "thread": "task-executor-14",
                    "class": "c.zbkj.admin.task.order.OrderRefundTask",
                    "message": "OrderRefundTask.task | msg : Cannot get Jedis connection; nested exception is redis.clients.jedis.exceptions.JedisConnectionException: Could not get a resource from the pool" }
                    
{
                    "app": "Crmeb",
                    "timestamp":"2025-09-19 11:22:00.024",
                    "level": "ERROR",
                    "thread": "task-executor-17",
                    "class": "c.z.admin.task.order.OrderAutoCancelTask",
                    "message": "OrderAutoCancelTask.task | msg : Cannot get Jedis connection; nested exception is redis.clients.jedis.exceptions.JedisConnectionException: Could not get a resource from the pool" }
                    
{
                    "app": "Crmeb",
                    "timestamp":"2025-09-19 11:22:00.029",
                    "level": "ERROR",
                    "thread": "task-executor-20",
                    "class": "c.zbkj.admin.task.order.OrderCancelTask",
                    "message": "OrderCancelTask.task | msg : Cannot get Jedis connection; nested exception is redis.clients.jedis.exceptions.JedisConnectionException: Could not get a resource from the pool" }
                    
{
                    "app": "Crmeb",
                    "timestamp":"2025-09-19 11:22:00.036",
                    "level": "ERROR",
                    "thread": "task-executor-19",
                    "class": "c.z.admin.task.order.OrderPaySuccessTask",
                    "message": "OrderPaySuccessTask.task | msg : Cannot get Jedis connection; nested exception is redis.clients.jedis.exceptions.JedisConnectionException: Could not get a resource from the pool" }
                    
{
                    "app": "Crmeb",
                    "timestamp":"2025-09-19 11:22:00.040",
                    "level": "ERROR",
                    "thread": "task-executor-18",
                    "class": "c.zbkj.admin.task.order.OrderRefundTask",
                    "message": "OrderRefundTask.task | msg : Cannot get Jedis connection; nested exception is redis.clients.jedis.exceptions.JedisConnectionException: Could not get a resource from the pool" }
                    
{
                    "app": "Crmeb",
                    "timestamp":"2025-09-19 11:23:00.030",
                    "level": "ERROR",
                    "thread": "task-executor-3",
                    "class": "c.z.admin.task.order.OrderAutoCancelTask",
                    "message": "OrderAutoCancelTask.task | msg : Cannot get Jedis connection; nested exception is redis.clients.jedis.exceptions.JedisConnectionException: Could not get a resource from the pool" }
                    
{
                    "app": "Crmeb",
                    "timestamp":"2025-09-19 11:23:00.035",
                    "level": "ERROR",
                    "thread": "task-executor-5",
                    "class": "c.zbkj.admin.task.order.OrderCancelTask",
                    "message": "OrderCancelTask.task | msg : Cannot get Jedis connection; nested exception is redis.clients.jedis.exceptions.JedisConnectionException: Could not get a resource from the pool" }
                    
{
                    "app": "Crmeb",
                    "timestamp":"2025-09-19 11:23:00.038",
                    "level": "ERROR",
                    "thread": "task-executor-2",
                    "class": "c.z.admin.task.order.OrderPaySuccessTask",
                    "message": "OrderPaySuccessTask.task | msg : Cannot get Jedis connection; nested exception is redis.clients.jedis.exceptions.JedisConnectionException: Could not get a resource from the pool" }
                    
{
                    "app": "Crmeb",
                    "timestamp":"2025-09-19 11:23:00.042",
                    "level": "ERROR",
                    "thread": "task-executor-4",
                    "class": "c.zbkj.admin.task.order.OrderRefundTask",
                    "message": "OrderRefundTask.task | msg : Cannot get Jedis connection; nested exception is redis.clients.jedis.exceptions.JedisConnectionException: Could not get a resource from the pool" }
                    
{
                    "app": "Crmeb",
                    "timestamp":"2025-09-19 11:24:00.026",
                    "level": "ERROR",
                    "thread": "task-executor-7",
                    "class": "c.z.admin.task.order.OrderAutoCancelTask",
                    "message": "OrderAutoCancelTask.task | msg : Cannot get Jedis connection; nested exception is redis.clients.jedis.exceptions.JedisConnectionException: Could not get a resource from the pool" }
                    
{
                    "app": "Crmeb",
                    "timestamp":"2025-09-19 11:24:00.035",
                    "level": "ERROR",
                    "thread": "task-executor-10",
                    "class": "c.zbkj.admin.task.order.OrderCancelTask",
                    "message": "OrderCancelTask.task | msg : Cannot get Jedis connection; nested exception is redis.clients.jedis.exceptions.JedisConnectionException: Could not get a resource from the pool" }
                    
{
                    "app": "Crmeb",
                    "timestamp":"2025-09-19 11:24:00.038",
                    "level": "ERROR",
                    "thread": "task-executor-8",
                    "class": "c.z.admin.task.order.OrderPaySuccessTask",
                    "message": "OrderPaySuccessTask.task | msg : Cannot get Jedis connection; nested exception is redis.clients.jedis.exceptions.JedisConnectionException: Could not get a resource from the pool" }
                    
{
                    "app": "Crmeb",
                    "timestamp":"2025-09-19 11:24:00.042",
                    "level": "ERROR",
                    "thread": "task-executor-9",
                    "class": "c.zbkj.admin.task.order.OrderRefundTask",
                    "message": "OrderRefundTask.task | msg : Cannot get Jedis connection; nested exception is redis.clients.jedis.exceptions.JedisConnectionException: Could not get a resource from the pool" }
                    
{
                    "app": "Crmeb",
                    "timestamp":"2025-09-19 11:25:00.025",
                    "level": "ERROR",
                    "thread": "task-executor-12",
                    "class": "c.z.admin.task.order.OrderAutoCancelTask",
                    "message": "OrderAutoCancelTask.task | msg : Cannot get Jedis connection; nested exception is redis.clients.jedis.exceptions.JedisConnectionException: Could not get a resource from the pool" }
                    
{
                    "app": "Crmeb",
                    "timestamp":"2025-09-19 11:25:00.035",
                    "level": "ERROR",
                    "thread": "task-executor-13",
                    "class": "c.zbkj.admin.task.order.OrderCancelTask",
                    "message": "OrderCancelTask.task | msg : Cannot get Jedis connection; nested exception is redis.clients.jedis.exceptions.JedisConnectionException: Could not get a resource from the pool" }
                    
{
                    "app": "Crmeb",
                    "timestamp":"2025-09-19 11:25:00.038",
                    "level": "ERROR",
                    "thread": "task-executor-15",
                    "class": "c.z.admin.task.order.OrderPaySuccessTask",
                    "message": "OrderPaySuccessTask.task | msg : Cannot get Jedis connection; nested exception is redis.clients.jedis.exceptions.JedisConnectionException: Could not get a resource from the pool" }
                    
{
                    "app": "Crmeb",
                    "timestamp":"2025-09-19 11:25:00.046",
                    "level": "ERROR",
                    "thread": "task-executor-14",
                    "class": "c.zbkj.admin.task.order.OrderRefundTask",
                    "message": "OrderRefundTask.task | msg : Cannot get Jedis connection; nested exception is redis.clients.jedis.exceptions.JedisConnectionException: Could not get a resource from the pool" }
                    
{
                    "app": "Crmeb",
                    "timestamp":"2025-09-19 11:26:00.018",
                    "level": "ERROR",
                    "thread": "task-executor-17",
                    "class": "c.z.admin.task.order.OrderAutoCancelTask",
                    "message": "OrderAutoCancelTask.task | msg : Cannot get Jedis connection; nested exception is redis.clients.jedis.exceptions.JedisConnectionException: Could not get a resource from the pool" }
                    
{
                    "app": "Crmeb",
                    "timestamp":"2025-09-19 11:26:00.024",
                    "level": "ERROR",
                    "thread": "task-executor-20",
                    "class": "c.zbkj.admin.task.order.OrderCancelTask",
                    "message": "OrderCancelTask.task | msg : Cannot get Jedis connection; nested exception is redis.clients.jedis.exceptions.JedisConnectionException: Could not get a resource from the pool" }
                    
{
                    "app": "Crmeb",
                    "timestamp":"2025-09-19 11:26:00.032",
                    "level": "ERROR",
                    "thread": "task-executor-19",
                    "class": "c.z.admin.task.order.OrderPaySuccessTask",
                    "message": "OrderPaySuccessTask.task | msg : Cannot get Jedis connection; nested exception is redis.clients.jedis.exceptions.JedisConnectionException: Could not get a resource from the pool" }
                    
{
                    "app": "Crmeb",
                    "timestamp":"2025-09-19 11:26:00.037",
                    "level": "ERROR",
                    "thread": "task-executor-18",
                    "class": "c.zbkj.admin.task.order.OrderRefundTask",
                    "message": "OrderRefundTask.task | msg : Cannot get Jedis connection; nested exception is redis.clients.jedis.exceptions.JedisConnectionException: Could not get a resource from the pool" }
                    
{
                    "app": "Crmeb",
                    "timestamp":"2025-09-19 11:27:00.035",
                    "level": "ERROR",
                    "thread": "task-executor-3",
                    "class": "c.z.admin.task.order.OrderAutoCancelTask",
                    "message": "OrderAutoCancelTask.task | msg : Cannot get Jedis connection; nested exception is redis.clients.jedis.exceptions.JedisConnectionException: Could not get a resource from the pool" }
                    
{
                    "app": "Crmeb",
                    "timestamp":"2025-09-19 11:27:00.041",
                    "level": "ERROR",
                    "thread": "task-executor-5",
                    "class": "c.zbkj.admin.task.order.OrderCancelTask",
                    "message": "OrderCancelTask.task | msg : Cannot get Jedis connection; nested exception is redis.clients.jedis.exceptions.JedisConnectionException: Could not get a resource from the pool" }
                    
{
                    "app": "Crmeb",
                    "timestamp":"2025-09-19 11:27:00.048",
                    "level": "ERROR",
                    "thread": "task-executor-2",
                    "class": "c.z.admin.task.order.OrderPaySuccessTask",
                    "message": "OrderPaySuccessTask.task | msg : Cannot get Jedis connection; nested exception is redis.clients.jedis.exceptions.JedisConnectionException: Could not get a resource from the pool" }
                    
{
                    "app": "Crmeb",
                    "timestamp":"2025-09-19 11:27:00.053",
                    "level": "ERROR",
                    "thread": "task-executor-4",
                    "class": "c.zbkj.admin.task.order.OrderRefundTask",
                    "message": "OrderRefundTask.task | msg : Cannot get Jedis connection; nested exception is redis.clients.jedis.exceptions.JedisConnectionException: Could not get a resource from the pool" }
                    
{
                    "app": "Crmeb",
                    "timestamp":"2025-09-19 11:28:00.024",
                    "level": "ERROR",
                    "thread": "task-executor-7",
                    "class": "c.z.admin.task.order.OrderAutoCancelTask",
                    "message": "OrderAutoCancelTask.task | msg : Cannot get Jedis connection; nested exception is redis.clients.jedis.exceptions.JedisConnectionException: Could not get a resource from the pool" }
                    
{
                    "app": "Crmeb",
                    "timestamp":"2025-09-19 11:28:00.028",
                    "level": "ERROR",
                    "thread": "task-executor-10",
                    "class": "c.zbkj.admin.task.order.OrderCancelTask",
                    "message": "OrderCancelTask.task | msg : Cannot get Jedis connection; nested exception is redis.clients.jedis.exceptions.JedisConnectionException: Could not get a resource from the pool" }
                    
{
                    "app": "Crmeb",
                    "timestamp":"2025-09-19 11:28:00.034",
                    "level": "ERROR",
                    "thread": "task-executor-8",
                    "class": "c.z.admin.task.order.OrderPaySuccessTask",
                    "message": "OrderPaySuccessTask.task | msg : Cannot get Jedis connection; nested exception is redis.clients.jedis.exceptions.JedisConnectionException: Could not get a resource from the pool" }
                    
{
                    "app": "Crmeb",
                    "timestamp":"2025-09-19 11:28:00.039",
                    "level": "ERROR",
                    "thread": "task-executor-9",
                    "class": "c.zbkj.admin.task.order.OrderRefundTask",
                    "message": "OrderRefundTask.task | msg : Cannot get Jedis connection; nested exception is redis.clients.jedis.exceptions.JedisConnectionException: Could not get a resource from the pool" }
                    
{
                    "app": "Crmeb",
                    "timestamp":"2025-09-19 11:29:00.024",
                    "level": "ERROR",
                    "thread": "task-executor-12",
                    "class": "c.z.admin.task.order.OrderAutoCancelTask",
                    "message": "OrderAutoCancelTask.task | msg : Cannot get Jedis connection; nested exception is redis.clients.jedis.exceptions.JedisConnectionException: Could not get a resource from the pool" }
                    
{
                    "app": "Crmeb",
                    "timestamp":"2025-09-19 11:29:00.032",
                    "level": "ERROR",
                    "thread": "task-executor-13",
                    "class": "c.zbkj.admin.task.order.OrderCancelTask",
                    "message": "OrderCancelTask.task | msg : Cannot get Jedis connection; nested exception is redis.clients.jedis.exceptions.JedisConnectionException: Could not get a resource from the pool" }
                    
{
                    "app": "Crmeb",
                    "timestamp":"2025-09-19 11:29:00.036",
                    "level": "ERROR",
                    "thread": "task-executor-15",
                    "class": "c.z.admin.task.order.OrderPaySuccessTask",
                    "message": "OrderPaySuccessTask.task | msg : Cannot get Jedis connection; nested exception is redis.clients.jedis.exceptions.JedisConnectionException: Could not get a resource from the pool" }
                    
{
                    "app": "Crmeb",
                    "timestamp":"2025-09-19 11:29:00.041",
                    "level": "ERROR",
                    "thread": "task-executor-14",
                    "class": "c.zbkj.admin.task.order.OrderRefundTask",
                    "message": "OrderRefundTask.task | msg : Cannot get Jedis connection; nested exception is redis.clients.jedis.exceptions.JedisConnectionException: Could not get a resource from the pool" }
                    
{
                    "app": "Crmeb",
                    "timestamp":"2025-09-19 11:30:00.029",
                    "level": "ERROR",
                    "thread": "task-executor-17",
                    "class": "c.z.admin.task.order.OrderAutoCancelTask",
                    "message": "OrderAutoCancelTask.task | msg : Cannot get Jedis connection; nested exception is redis.clients.jedis.exceptions.JedisConnectionException: Could not get a resource from the pool" }
                    
{
                    "app": "Crmeb",
                    "timestamp":"2025-09-19 11:30:00.036",
                    "level": "ERROR",
                    "thread": "task-executor-20",
                    "class": "c.zbkj.admin.task.order.OrderCancelTask",
                    "message": "OrderCancelTask.task | msg : Cannot get Jedis connection; nested exception is redis.clients.jedis.exceptions.JedisConnectionException: Could not get a resource from the pool" }
                    
{
                    "app": "Crmeb",
                    "timestamp":"2025-09-19 11:30:00.042",
                    "level": "ERROR",
                    "thread": "task-executor-19",
                    "class": "c.z.admin.task.order.OrderPaySuccessTask",
                    "message": "OrderPaySuccessTask.task | msg : Cannot get Jedis connection; nested exception is redis.clients.jedis.exceptions.JedisConnectionException: Could not get a resource from the pool" }
                    
{
                    "app": "Crmeb",
                    "timestamp":"2025-09-19 11:30:00.048",
                    "level": "ERROR",
                    "thread": "task-executor-18",
                    "class": "c.zbkj.admin.task.order.OrderRefundTask",
                    "message": "OrderRefundTask.task | msg : Cannot get Jedis connection; nested exception is redis.clients.jedis.exceptions.JedisConnectionException: Could not get a resource from the pool" }
                    
{
                    "app": "Crmeb",
                    "timestamp":"2025-09-19 11:31:00.019",
                    "level": "ERROR",
                    "thread": "task-executor-3",
                    "class": "c.z.admin.task.order.OrderAutoCancelTask",
                    "message": "OrderAutoCancelTask.task | msg : Cannot get Jedis connection; nested exception is redis.clients.jedis.exceptions.JedisConnectionException: Could not get a resource from the pool" }
                    
{
                    "app": "Crmeb",
                    "timestamp":"2025-09-19 11:31:00.025",
                    "level": "ERROR",
                    "thread": "task-executor-5",
                    "class": "c.zbkj.admin.task.order.OrderCancelTask",
                    "message": "OrderCancelTask.task | msg : Cannot get Jedis connection; nested exception is redis.clients.jedis.exceptions.JedisConnectionException: Could not get a resource from the pool" }
                    
{
                    "app": "Crmeb",
                    "timestamp":"2025-09-19 11:31:00.031",
                    "level": "ERROR",
                    "thread": "task-executor-2",
                    "class": "c.z.admin.task.order.OrderPaySuccessTask",
                    "message": "OrderPaySuccessTask.task | msg : Cannot get Jedis connection; nested exception is redis.clients.jedis.exceptions.JedisConnectionException: Could not get a resource from the pool" }
                    
{
                    "app": "Crmeb",
                    "timestamp":"2025-09-19 11:31:00.038",
                    "level": "ERROR",
                    "thread": "task-executor-4",
                    "class": "c.zbkj.admin.task.order.OrderRefundTask",
                    "message": "OrderRefundTask.task | msg : Cannot get Jedis connection; nested exception is redis.clients.jedis.exceptions.JedisConnectionException: Could not get a resource from the pool" }
                    
{
                    "app": "Crmeb",
                    "timestamp":"2025-09-19 11:32:00.036",
                    "level": "ERROR",
                    "thread": "task-executor-7",
                    "class": "c.z.admin.task.order.OrderAutoCancelTask",
                    "message": "OrderAutoCancelTask.task | msg : Cannot get Jedis connection; nested exception is redis.clients.jedis.exceptions.JedisConnectionException: Could not get a resource from the pool" }
                    
{
                    "app": "Crmeb",
                    "timestamp":"2025-09-19 11:32:00.043",
                    "level": "ERROR",
                    "thread": "task-executor-10",
                    "class": "c.zbkj.admin.task.order.OrderCancelTask",
                    "message": "OrderCancelTask.task | msg : Cannot get Jedis connection; nested exception is redis.clients.jedis.exceptions.JedisConnectionException: Could not get a resource from the pool" }
                    
{
                    "app": "Crmeb",
                    "timestamp":"2025-09-19 11:32:00.048",
                    "level": "ERROR",
                    "thread": "task-executor-8",
                    "class": "c.z.admin.task.order.OrderPaySuccessTask",
                    "message": "OrderPaySuccessTask.task | msg : Cannot get Jedis connection; nested exception is redis.clients.jedis.exceptions.JedisConnectionException: Could not get a resource from the pool" }
                    
{
                    "app": "Crmeb",
                    "timestamp":"2025-09-19 11:32:00.052",
                    "level": "ERROR",
                    "thread": "task-executor-9",
                    "class": "c.zbkj.admin.task.order.OrderRefundTask",
                    "message": "OrderRefundTask.task | msg : Cannot get Jedis connection; nested exception is redis.clients.jedis.exceptions.JedisConnectionException: Could not get a resource from the pool" }
                    
{
                    "app": "Crmeb",
                    "timestamp":"2025-09-19 11:33:00.027",
                    "level": "ERROR",
                    "thread": "task-executor-12",
                    "class": "c.z.admin.task.order.OrderAutoCancelTask",
                    "message": "OrderAutoCancelTask.task | msg : Cannot get Jedis connection; nested exception is redis.clients.jedis.exceptions.JedisConnectionException: Could not get a resource from the pool" }
                    
{
                    "app": "Crmeb",
                    "timestamp":"2025-09-19 11:33:00.032",
                    "level": "ERROR",
                    "thread": "task-executor-13",
                    "class": "c.zbkj.admin.task.order.OrderCancelTask",
                    "message": "OrderCancelTask.task | msg : Cannot get Jedis connection; nested exception is redis.clients.jedis.exceptions.JedisConnectionException: Could not get a resource from the pool" }
                    
{
                    "app": "Crmeb",
                    "timestamp":"2025-09-19 11:33:00.036",
                    "level": "ERROR",
                    "thread": "task-executor-15",
                    "class": "c.z.admin.task.order.OrderPaySuccessTask",
                    "message": "OrderPaySuccessTask.task | msg : Cannot get Jedis connection; nested exception is redis.clients.jedis.exceptions.JedisConnectionException: Could not get a resource from the pool" }
                    
{
                    "app": "Crmeb",
                    "timestamp":"2025-09-19 11:33:00.044",
                    "level": "ERROR",
                    "thread": "task-executor-14",
                    "class": "c.zbkj.admin.task.order.OrderRefundTask",
                    "message": "OrderRefundTask.task | msg : Cannot get Jedis connection; nested exception is redis.clients.jedis.exceptions.JedisConnectionException: Could not get a resource from the pool" }
                    
{
                    "app": "Crmeb",
                    "timestamp":"2025-09-19 11:34:00.025",
                    "level": "ERROR",
                    "thread": "task-executor-17",
                    "class": "c.z.admin.task.order.OrderAutoCancelTask",
                    "message": "OrderAutoCancelTask.task | msg : Cannot get Jedis connection; nested exception is redis.clients.jedis.exceptions.JedisConnectionException: Could not get a resource from the pool" }
                    
{
                    "app": "Crmeb",
                    "timestamp":"2025-09-19 11:34:00.034",
                    "level": "ERROR",
                    "thread": "task-executor-20",
                    "class": "c.zbkj.admin.task.order.OrderCancelTask",
                    "message": "OrderCancelTask.task | msg : Cannot get Jedis connection; nested exception is redis.clients.jedis.exceptions.JedisConnectionException: Could not get a resource from the pool" }
                    
{
                    "app": "Crmeb",
                    "timestamp":"2025-09-19 11:34:00.039",
                    "level": "ERROR",
                    "thread": "task-executor-19",
                    "class": "c.z.admin.task.order.OrderPaySuccessTask",
                    "message": "OrderPaySuccessTask.task | msg : Cannot get Jedis connection; nested exception is redis.clients.jedis.exceptions.JedisConnectionException: Could not get a resource from the pool" }
                    
{
                    "app": "Crmeb",
                    "timestamp":"2025-09-19 11:34:00.044",
                    "level": "ERROR",
                    "thread": "task-executor-18",
                    "class": "c.zbkj.admin.task.order.OrderRefundTask",
                    "message": "OrderRefundTask.task | msg : Cannot get Jedis connection; nested exception is redis.clients.jedis.exceptions.JedisConnectionException: Could not get a resource from the pool" }
                    
{
                    "app": "Crmeb",
                    "timestamp":"2025-09-19 11:35:00.019",
                    "level": "ERROR",
                    "thread": "task-executor-3",
                    "class": "c.z.admin.task.order.OrderAutoCancelTask",
                    "message": "OrderAutoCancelTask.task | msg : Cannot get Jedis connection; nested exception is redis.clients.jedis.exceptions.JedisConnectionException: Could not get a resource from the pool" }
                    
{
                    "app": "Crmeb",
                    "timestamp":"2025-09-19 11:35:00.025",
                    "level": "ERROR",
                    "thread": "task-executor-5",
                    "class": "c.zbkj.admin.task.order.OrderCancelTask",
                    "message": "OrderCancelTask.task | msg : Cannot get Jedis connection; nested exception is redis.clients.jedis.exceptions.JedisConnectionException: Could not get a resource from the pool" }
                    
{
                    "app": "Crmeb",
                    "timestamp":"2025-09-19 11:35:00.030",
                    "level": "ERROR",
                    "thread": "task-executor-2",
                    "class": "c.z.admin.task.order.OrderPaySuccessTask",
                    "message": "OrderPaySuccessTask.task | msg : Cannot get Jedis connection; nested exception is redis.clients.jedis.exceptions.JedisConnectionException: Could not get a resource from the pool" }
                    
{
                    "app": "Crmeb",
                    "timestamp":"2025-09-19 11:35:00.036",
                    "level": "ERROR",
                    "thread": "task-executor-4",
                    "class": "c.zbkj.admin.task.order.OrderRefundTask",
                    "message": "OrderRefundTask.task | msg : Cannot get Jedis connection; nested exception is redis.clients.jedis.exceptions.JedisConnectionException: Could not get a resource from the pool" }
                    
{
                    "app": "Crmeb",
                    "timestamp":"2025-09-19 11:36:00.031",
                    "level": "ERROR",
                    "thread": "task-executor-7",
                    "class": "c.z.admin.task.order.OrderAutoCancelTask",
                    "message": "OrderAutoCancelTask.task | msg : Cannot get Jedis connection; nested exception is redis.clients.jedis.exceptions.JedisConnectionException: Could not get a resource from the pool" }
                    
{
                    "app": "Crmeb",
                    "timestamp":"2025-09-19 11:36:00.042",
                    "level": "ERROR",
                    "thread": "task-executor-10",
                    "class": "c.zbkj.admin.task.order.OrderCancelTask",
                    "message": "OrderCancelTask.task | msg : Cannot get Jedis connection; nested exception is redis.clients.jedis.exceptions.JedisConnectionException: Could not get a resource from the pool" }
                    
{
                    "app": "Crmeb",
                    "timestamp":"2025-09-19 11:36:00.046",
                    "level": "ERROR",
                    "thread": "task-executor-8",
                    "class": "c.z.admin.task.order.OrderPaySuccessTask",
                    "message": "OrderPaySuccessTask.task | msg : Cannot get Jedis connection; nested exception is redis.clients.jedis.exceptions.JedisConnectionException: Could not get a resource from the pool" }
                    
{
                    "app": "Crmeb",
                    "timestamp":"2025-09-19 11:36:00.050",
                    "level": "ERROR",
                    "thread": "task-executor-9",
                    "class": "c.zbkj.admin.task.order.OrderRefundTask",
                    "message": "OrderRefundTask.task | msg : Cannot get Jedis connection; nested exception is redis.clients.jedis.exceptions.JedisConnectionException: Could not get a resource from the pool" }
                    
{
                    "app": "Crmeb",
                    "timestamp":"2025-09-19 11:37:00.022",
                    "level": "ERROR",
                    "thread": "task-executor-12",
                    "class": "c.z.admin.task.order.OrderAutoCancelTask",
                    "message": "OrderAutoCancelTask.task | msg : Cannot get Jedis connection; nested exception is redis.clients.jedis.exceptions.JedisConnectionException: Could not get a resource from the pool" }
                    
{
                    "app": "Crmeb",
                    "timestamp":"2025-09-19 11:37:00.030",
                    "level": "ERROR",
                    "thread": "task-executor-13",
                    "class": "c.zbkj.admin.task.order.OrderCancelTask",
                    "message": "OrderCancelTask.task | msg : Cannot get Jedis connection; nested exception is redis.clients.jedis.exceptions.JedisConnectionException: Could not get a resource from the pool" }
                    
{
                    "app": "Crmeb",
                    "timestamp":"2025-09-19 11:37:00.034",
                    "level": "ERROR",
                    "thread": "task-executor-15",
                    "class": "c.z.admin.task.order.OrderPaySuccessTask",
                    "message": "OrderPaySuccessTask.task | msg : Cannot get Jedis connection; nested exception is redis.clients.jedis.exceptions.JedisConnectionException: Could not get a resource from the pool" }
                    
{
                    "app": "Crmeb",
                    "timestamp":"2025-09-19 11:37:00.039",
                    "level": "ERROR",
                    "thread": "task-executor-14",
                    "class": "c.zbkj.admin.task.order.OrderRefundTask",
                    "message": "OrderRefundTask.task | msg : Cannot get Jedis connection; nested exception is redis.clients.jedis.exceptions.JedisConnectionException: Could not get a resource from the pool" }
                    
{
                    "app": "Crmeb",
                    "timestamp":"2025-09-19 11:38:00.046",
                    "level": "ERROR",
                    "thread": "task-executor-17",
                    "class": "c.z.admin.task.order.OrderAutoCancelTask",
                    "message": "OrderAutoCancelTask.task | msg : Cannot get Jedis connection; nested exception is redis.clients.jedis.exceptions.JedisConnectionException: Could not get a resource from the pool" }
                    
{
                    "app": "Crmeb",
                    "timestamp":"2025-09-19 11:38:00.056",
                    "level": "ERROR",
                    "thread": "task-executor-17",
                    "class": "c.zbkj.admin.task.order.OrderCancelTask",
                    "message": "OrderCancelTask.task | msg : Cannot get Jedis connection; nested exception is redis.clients.jedis.exceptions.JedisConnectionException: Could not get a resource from the pool" }
                    
{
                    "app": "Crmeb",
                    "timestamp":"2025-09-19 11:38:00.076",
                    "level": "ERROR",
                    "thread": "task-executor-19",
                    "class": "c.z.admin.task.order.OrderPaySuccessTask",
                    "message": "OrderPaySuccessTask.task | msg : Cannot get Jedis connection; nested exception is redis.clients.jedis.exceptions.JedisConnectionException: Could not get a resource from the pool" }
                    
{
                    "app": "Crmeb",
                    "timestamp":"2025-09-19 11:38:00.082",
                    "level": "ERROR",
                    "thread": "task-executor-18",
                    "class": "c.zbkj.admin.task.order.OrderRefundTask",
                    "message": "OrderRefundTask.task | msg : Cannot get Jedis connection; nested exception is redis.clients.jedis.exceptions.JedisConnectionException: Could not get a resource from the pool" }
                    
{
                    "app": "Crmeb",
                    "timestamp":"2025-09-19 11:39:00.020",
                    "level": "ERROR",
                    "thread": "task-executor-3",
                    "class": "c.z.admin.task.order.OrderAutoCancelTask",
                    "message": "OrderAutoCancelTask.task | msg : Cannot get Jedis connection; nested exception is redis.clients.jedis.exceptions.JedisConnectionException: Could not get a resource from the pool" }
                    
{
                    "app": "Crmeb",
                    "timestamp":"2025-09-19 11:39:00.028",
                    "level": "ERROR",
                    "thread": "task-executor-5",
                    "class": "c.zbkj.admin.task.order.OrderCancelTask",
                    "message": "OrderCancelTask.task | msg : Cannot get Jedis connection; nested exception is redis.clients.jedis.exceptions.JedisConnectionException: Could not get a resource from the pool" }
                    
{
                    "app": "Crmeb",
                    "timestamp":"2025-09-19 11:39:00.031",
                    "level": "ERROR",
                    "thread": "task-executor-2",
                    "class": "c.z.admin.task.order.OrderPaySuccessTask",
                    "message": "OrderPaySuccessTask.task | msg : Cannot get Jedis connection; nested exception is redis.clients.jedis.exceptions.JedisConnectionException: Could not get a resource from the pool" }
                    
{
                    "app": "Crmeb",
                    "timestamp":"2025-09-19 11:39:00.036",
                    "level": "ERROR",
                    "thread": "task-executor-4",
                    "class": "c.zbkj.admin.task.order.OrderRefundTask",
                    "message": "OrderRefundTask.task | msg : Cannot get Jedis connection; nested exception is redis.clients.jedis.exceptions.JedisConnectionException: Could not get a resource from the pool" }
                    
{
                    "app": "Crmeb",
                    "timestamp":"2025-09-19 11:40:00.018",
                    "level": "ERROR",
                    "thread": "task-executor-7",
                    "class": "c.z.admin.task.order.OrderAutoCancelTask",
                    "message": "OrderAutoCancelTask.task | msg : Cannot get Jedis connection; nested exception is redis.clients.jedis.exceptions.JedisConnectionException: Could not get a resource from the pool" }
                    
{
                    "app": "Crmeb",
                    "timestamp":"2025-09-19 11:40:00.025",
                    "level": "ERROR",
                    "thread": "task-executor-10",
                    "class": "c.zbkj.admin.task.order.OrderCancelTask",
                    "message": "OrderCancelTask.task | msg : Cannot get Jedis connection; nested exception is redis.clients.jedis.exceptions.JedisConnectionException: Could not get a resource from the pool" }
                    
{
                    "app": "Crmeb",
                    "timestamp":"2025-09-19 11:40:00.033",
                    "level": "ERROR",
                    "thread": "task-executor-8",
                    "class": "c.z.admin.task.order.OrderPaySuccessTask",
                    "message": "OrderPaySuccessTask.task | msg : Cannot get Jedis connection; nested exception is redis.clients.jedis.exceptions.JedisConnectionException: Could not get a resource from the pool" }
                    
{
                    "app": "Crmeb",
                    "timestamp":"2025-09-19 11:40:00.040",
                    "level": "ERROR",
                    "thread": "task-executor-9",
                    "class": "c.zbkj.admin.task.order.OrderRefundTask",
                    "message": "OrderRefundTask.task | msg : Cannot get Jedis connection; nested exception is redis.clients.jedis.exceptions.JedisConnectionException: Could not get a resource from the pool" }
                    
{
                    "app": "Crmeb",
                    "timestamp":"2025-09-19 11:41:00.025",
                    "level": "ERROR",
                    "thread": "task-executor-12",
                    "class": "c.z.admin.task.order.OrderAutoCancelTask",
                    "message": "OrderAutoCancelTask.task | msg : Cannot get Jedis connection; nested exception is redis.clients.jedis.exceptions.JedisConnectionException: Could not get a resource from the pool" }
                    
{
                    "app": "Crmeb",
                    "timestamp":"2025-09-19 11:41:00.034",
                    "level": "ERROR",
                    "thread": "task-executor-13",
                    "class": "c.zbkj.admin.task.order.OrderCancelTask",
                    "message": "OrderCancelTask.task | msg : Cannot get Jedis connection; nested exception is redis.clients.jedis.exceptions.JedisConnectionException: Could not get a resource from the pool" }
                    
{
                    "app": "Crmeb",
                    "timestamp":"2025-09-19 11:41:00.038",
                    "level": "ERROR",
                    "thread": "task-executor-15",
                    "class": "c.z.admin.task.order.OrderPaySuccessTask",
                    "message": "OrderPaySuccessTask.task | msg : Cannot get Jedis connection; nested exception is redis.clients.jedis.exceptions.JedisConnectionException: Could not get a resource from the pool" }
                    
{
                    "app": "Crmeb",
                    "timestamp":"2025-09-19 11:41:00.043",
                    "level": "ERROR",
                    "thread": "task-executor-14",
                    "class": "c.zbkj.admin.task.order.OrderRefundTask",
                    "message": "OrderRefundTask.task | msg : Cannot get Jedis connection; nested exception is redis.clients.jedis.exceptions.JedisConnectionException: Could not get a resource from the pool" }
                    
{
                    "app": "Crmeb",
                    "timestamp":"2025-09-19 11:42:00.017",
                    "level": "ERROR",
                    "thread": "task-executor-20",
                    "class": "c.z.admin.task.order.OrderAutoCancelTask",
                    "message": "OrderAutoCancelTask.task | msg : Cannot get Jedis connection; nested exception is redis.clients.jedis.exceptions.JedisConnectionException: Could not get a resource from the pool" }
                    
{
                    "app": "Crmeb",
                    "timestamp":"2025-09-19 11:42:00.023",
                    "level": "ERROR",
                    "thread": "task-executor-17",
                    "class": "c.zbkj.admin.task.order.OrderCancelTask",
                    "message": "OrderCancelTask.task | msg : Cannot get Jedis connection; nested exception is redis.clients.jedis.exceptions.JedisConnectionException: Could not get a resource from the pool" }
                    
{
                    "app": "Crmeb",
                    "timestamp":"2025-09-19 11:42:00.031",
                    "level": "ERROR",
                    "thread": "task-executor-19",
                    "class": "c.z.admin.task.order.OrderPaySuccessTask",
                    "message": "OrderPaySuccessTask.task | msg : Cannot get Jedis connection; nested exception is redis.clients.jedis.exceptions.JedisConnectionException: Could not get a resource from the pool" }
                    
{
                    "app": "Crmeb",
                    "timestamp":"2025-09-19 11:42:00.035",
                    "level": "ERROR",
                    "thread": "task-executor-18",
                    "class": "c.zbkj.admin.task.order.OrderRefundTask",
                    "message": "OrderRefundTask.task | msg : Cannot get Jedis connection; nested exception is redis.clients.jedis.exceptions.JedisConnectionException: Could not get a resource from the pool" }
                    
{
                    "app": "Crmeb",
                    "timestamp":"2025-09-19 11:43:00.023",
                    "level": "ERROR",
                    "thread": "task-executor-3",
                    "class": "c.z.admin.task.order.OrderAutoCancelTask",
                    "message": "OrderAutoCancelTask.task | msg : Cannot get Jedis connection; nested exception is redis.clients.jedis.exceptions.JedisConnectionException: Could not get a resource from the pool" }
                    
{
                    "app": "Crmeb",
                    "timestamp":"2025-09-19 11:43:00.030",
                    "level": "ERROR",
                    "thread": "task-executor-5",
                    "class": "c.zbkj.admin.task.order.OrderCancelTask",
                    "message": "OrderCancelTask.task | msg : Cannot get Jedis connection; nested exception is redis.clients.jedis.exceptions.JedisConnectionException: Could not get a resource from the pool" }
                    
{
                    "app": "Crmeb",
                    "timestamp":"2025-09-19 11:43:00.035",
                    "level": "ERROR",
                    "thread": "task-executor-2",
                    "class": "c.z.admin.task.order.OrderPaySuccessTask",
                    "message": "OrderPaySuccessTask.task | msg : Cannot get Jedis connection; nested exception is redis.clients.jedis.exceptions.JedisConnectionException: Could not get a resource from the pool" }
                    
{
                    "app": "Crmeb",
                    "timestamp":"2025-09-19 11:43:00.041",
                    "level": "ERROR",
                    "thread": "task-executor-4",
                    "class": "c.zbkj.admin.task.order.OrderRefundTask",
                    "message": "OrderRefundTask.task | msg : Cannot get Jedis connection; nested exception is redis.clients.jedis.exceptions.JedisConnectionException: Could not get a resource from the pool" }
                    
{
                    "app": "Crmeb",
                    "timestamp":"2025-09-19 11:44:00.026",
                    "level": "ERROR",
                    "thread": "task-executor-7",
                    "class": "c.z.admin.task.order.OrderAutoCancelTask",
                    "message": "OrderAutoCancelTask.task | msg : Cannot get Jedis connection; nested exception is redis.clients.jedis.exceptions.JedisConnectionException: Could not get a resource from the pool" }
                    
{
                    "app": "Crmeb",
                    "timestamp":"2025-09-19 11:44:00.036",
                    "level": "ERROR",
                    "thread": "task-executor-10",
                    "class": "c.zbkj.admin.task.order.OrderCancelTask",
                    "message": "OrderCancelTask.task | msg : Cannot get Jedis connection; nested exception is redis.clients.jedis.exceptions.JedisConnectionException: Could not get a resource from the pool" }
                    
{
                    "app": "Crmeb",
                    "timestamp":"2025-09-19 11:44:00.040",
                    "level": "ERROR",
                    "thread": "task-executor-8",
                    "class": "c.z.admin.task.order.OrderPaySuccessTask",
                    "message": "OrderPaySuccessTask.task | msg : Cannot get Jedis connection; nested exception is redis.clients.jedis.exceptions.JedisConnectionException: Could not get a resource from the pool" }
                    
{
                    "app": "Crmeb",
                    "timestamp":"2025-09-19 11:44:00.047",
                    "level": "ERROR",
                    "thread": "task-executor-9",
                    "class": "c.zbkj.admin.task.order.OrderRefundTask",
                    "message": "OrderRefundTask.task | msg : Cannot get Jedis connection; nested exception is redis.clients.jedis.exceptions.JedisConnectionException: Could not get a resource from the pool" }
                    
{
                    "app": "Crmeb",
                    "timestamp":"2025-09-19 11:45:00.037",
                    "level": "ERROR",
                    "thread": "task-executor-12",
                    "class": "c.z.admin.task.order.OrderAutoCancelTask",
                    "message": "OrderAutoCancelTask.task | msg : Cannot get Jedis connection; nested exception is redis.clients.jedis.exceptions.JedisConnectionException: Could not get a resource from the pool" }
                    
{
                    "app": "Crmeb",
                    "timestamp":"2025-09-19 11:45:00.042",
                    "level": "ERROR",
                    "thread": "task-executor-13",
                    "class": "c.zbkj.admin.task.order.OrderCancelTask",
                    "message": "OrderCancelTask.task | msg : Cannot get Jedis connection; nested exception is redis.clients.jedis.exceptions.JedisConnectionException: Could not get a resource from the pool" }
                    
{
                    "app": "Crmeb",
                    "timestamp":"2025-09-19 11:45:00.049",
                    "level": "ERROR",
                    "thread": "task-executor-15",
                    "class": "c.z.admin.task.order.OrderPaySuccessTask",
                    "message": "OrderPaySuccessTask.task | msg : Cannot get Jedis connection; nested exception is redis.clients.jedis.exceptions.JedisConnectionException: Could not get a resource from the pool" }
                    
{
                    "app": "Crmeb",
                    "timestamp":"2025-09-19 11:45:00.052",
                    "level": "ERROR",
                    "thread": "task-executor-14",
                    "class": "c.zbkj.admin.task.order.OrderRefundTask",
                    "message": "OrderRefundTask.task | msg : Cannot get Jedis connection; nested exception is redis.clients.jedis.exceptions.JedisConnectionException: Could not get a resource from the pool" }
                    
{
                    "app": "Crmeb",
                    "timestamp":"2025-09-19 11:46:00.027",
                    "level": "ERROR",
                    "thread": "task-executor-20",
                    "class": "c.z.admin.task.order.OrderAutoCancelTask",
                    "message": "OrderAutoCancelTask.task | msg : Cannot get Jedis connection; nested exception is redis.clients.jedis.exceptions.JedisConnectionException: Could not get a resource from the pool" }
                    
{
                    "app": "Crmeb",
                    "timestamp":"2025-09-19 11:46:00.031",
                    "level": "ERROR",
                    "thread": "task-executor-17",
                    "class": "c.zbkj.admin.task.order.OrderCancelTask",
                    "message": "OrderCancelTask.task | msg : Cannot get Jedis connection; nested exception is redis.clients.jedis.exceptions.JedisConnectionException: Could not get a resource from the pool" }
                    
{
                    "app": "Crmeb",
                    "timestamp":"2025-09-19 11:46:00.038",
                    "level": "ERROR",
                    "thread": "task-executor-19",
                    "class": "c.z.admin.task.order.OrderPaySuccessTask",
                    "message": "OrderPaySuccessTask.task | msg : Cannot get Jedis connection; nested exception is redis.clients.jedis.exceptions.JedisConnectionException: Could not get a resource from the pool" }
                    
{
                    "app": "Crmeb",
                    "timestamp":"2025-09-19 11:46:00.042",
                    "level": "ERROR",
                    "thread": "task-executor-18",
                    "class": "c.zbkj.admin.task.order.OrderRefundTask",
                    "message": "OrderRefundTask.task | msg : Cannot get Jedis connection; nested exception is redis.clients.jedis.exceptions.JedisConnectionException: Could not get a resource from the pool" }
                    
{
                    "app": "Crmeb",
                    "timestamp":"2025-09-19 11:47:00.022",
                    "level": "ERROR",
                    "thread": "task-executor-3",
                    "class": "c.z.admin.task.order.OrderAutoCancelTask",
                    "message": "OrderAutoCancelTask.task | msg : Cannot get Jedis connection; nested exception is redis.clients.jedis.exceptions.JedisConnectionException: Could not get a resource from the pool" }
                    
{
                    "app": "Crmeb",
                    "timestamp":"2025-09-19 11:47:00.027",
                    "level": "ERROR",
                    "thread": "task-executor-5",
                    "class": "c.zbkj.admin.task.order.OrderCancelTask",
                    "message": "OrderCancelTask.task | msg : Cannot get Jedis connection; nested exception is redis.clients.jedis.exceptions.JedisConnectionException: Could not get a resource from the pool" }
                    
{
                    "app": "Crmeb",
                    "timestamp":"2025-09-19 11:47:00.035",
                    "level": "ERROR",
                    "thread": "task-executor-2",
                    "class": "c.z.admin.task.order.OrderPaySuccessTask",
                    "message": "OrderPaySuccessTask.task | msg : Cannot get Jedis connection; nested exception is redis.clients.jedis.exceptions.JedisConnectionException: Could not get a resource from the pool" }
                    
{
                    "app": "Crmeb",
                    "timestamp":"2025-09-19 11:47:00.039",
                    "level": "ERROR",
                    "thread": "task-executor-4",
                    "class": "c.zbkj.admin.task.order.OrderRefundTask",
                    "message": "OrderRefundTask.task | msg : Cannot get Jedis connection; nested exception is redis.clients.jedis.exceptions.JedisConnectionException: Could not get a resource from the pool" }
                    
{
                    "app": "Crmeb",
                    "timestamp":"2025-09-19 11:48:00.029",
                    "level": "ERROR",
                    "thread": "task-executor-7",
                    "class": "c.z.admin.task.order.OrderAutoCancelTask",
                    "message": "OrderAutoCancelTask.task | msg : Cannot get Jedis connection; nested exception is redis.clients.jedis.exceptions.JedisConnectionException: Could not get a resource from the pool" }
                    
{
                    "app": "Crmeb",
                    "timestamp":"2025-09-19 11:48:00.038",
                    "level": "ERROR",
                    "thread": "task-executor-10",
                    "class": "c.zbkj.admin.task.order.OrderCancelTask",
                    "message": "OrderCancelTask.task | msg : Cannot get Jedis connection; nested exception is redis.clients.jedis.exceptions.JedisConnectionException: Could not get a resource from the pool" }
                    
{
                    "app": "Crmeb",
                    "timestamp":"2025-09-19 11:48:00.041",
                    "level": "ERROR",
                    "thread": "task-executor-8",
                    "class": "c.z.admin.task.order.OrderPaySuccessTask",
                    "message": "OrderPaySuccessTask.task | msg : Cannot get Jedis connection; nested exception is redis.clients.jedis.exceptions.JedisConnectionException: Could not get a resource from the pool" }
                    
{
                    "app": "Crmeb",
                    "timestamp":"2025-09-19 11:48:00.048",
                    "level": "ERROR",
                    "thread": "task-executor-9",
                    "class": "c.zbkj.admin.task.order.OrderRefundTask",
                    "message": "OrderRefundTask.task | msg : Cannot get Jedis connection; nested exception is redis.clients.jedis.exceptions.JedisConnectionException: Could not get a resource from the pool" }
                    
{
                    "app": "Crmeb",
                    "timestamp":"2025-09-19 11:49:00.033",
                    "level": "ERROR",
                    "thread": "task-executor-12",
                    "class": "c.z.admin.task.order.OrderAutoCancelTask",
                    "message": "OrderAutoCancelTask.task | msg : Cannot get Jedis connection; nested exception is redis.clients.jedis.exceptions.JedisConnectionException: Could not get a resource from the pool" }
                    
{
                    "app": "Crmeb",
                    "timestamp":"2025-09-19 11:49:00.043",
                    "level": "ERROR",
                    "thread": "task-executor-13",
                    "class": "c.zbkj.admin.task.order.OrderCancelTask",
                    "message": "OrderCancelTask.task | msg : Cannot get Jedis connection; nested exception is redis.clients.jedis.exceptions.JedisConnectionException: Could not get a resource from the pool" }
                    
{
                    "app": "Crmeb",
                    "timestamp":"2025-09-19 11:49:00.049",
                    "level": "ERROR",
                    "thread": "task-executor-15",
                    "class": "c.z.admin.task.order.OrderPaySuccessTask",
                    "message": "OrderPaySuccessTask.task | msg : Cannot get Jedis connection; nested exception is redis.clients.jedis.exceptions.JedisConnectionException: Could not get a resource from the pool" }
                    
{
                    "app": "Crmeb",
                    "timestamp":"2025-09-19 11:49:00.061",
                    "level": "ERROR",
                    "thread": "task-executor-14",
                    "class": "c.zbkj.admin.task.order.OrderRefundTask",
                    "message": "OrderRefundTask.task | msg : Cannot get Jedis connection; nested exception is redis.clients.jedis.exceptions.JedisConnectionException: Could not get a resource from the pool" }
                    
{
                    "app": "Crmeb",
                    "timestamp":"2025-09-19 11:52:16.943",
                    "level": "ERROR",
                    "thread": "task-executor-20",
                    "class": "c.z.admin.task.order.OrderAutoCancelTask",
                    "message": "OrderAutoCancelTask.task | msg : Cannot get Jedis connection; nested exception is redis.clients.jedis.exceptions.JedisConnectionException: Could not get a resource from the pool" }
                    
{
                    "app": "Crmeb",
                    "timestamp":"2025-09-19 11:52:16.946",
                    "level": "ERROR",
                    "thread": "task-executor-9",
                    "class": "c.zbkj.admin.task.order.OrderRefundTask",
                    "message": "OrderRefundTask.task | msg : Cannot get Jedis connection; nested exception is redis.clients.jedis.exceptions.JedisConnectionException: Could not get a resource from the pool" }
                    
{
                    "app": "Crmeb",
                    "timestamp":"2025-09-19 11:52:16.949",
                    "level": "ERROR",
                    "thread": "task-executor-8",
                    "class": "c.z.admin.task.order.OrderPaySuccessTask",
                    "message": "OrderPaySuccessTask.task | msg : Cannot get Jedis connection; nested exception is redis.clients.jedis.exceptions.JedisConnectionException: Could not get a resource from the pool" }
                    
{
                    "app": "Crmeb",
                    "timestamp":"2025-09-19 11:52:16.952",
                    "level": "ERROR",
                    "thread": "task-executor-10",
                    "class": "c.zbkj.admin.task.order.OrderCancelTask",
                    "message": "OrderCancelTask.task | msg : Cannot get Jedis connection; nested exception is redis.clients.jedis.exceptions.JedisConnectionException: Could not get a resource from the pool" }
                    
{
                    "app": "Crmeb",
                    "timestamp":"2025-09-19 11:52:16.957",
                    "level": "ERROR",
                    "thread": "task-executor-7",
                    "class": "c.z.admin.task.order.OrderAutoCancelTask",
                    "message": "OrderAutoCancelTask.task | msg : Cannot get Jedis connection; nested exception is redis.clients.jedis.exceptions.JedisConnectionException: Could not get a resource from the pool" }
                    
{
                    "app": "Crmeb",
                    "timestamp":"2025-09-19 11:52:16.960",
                    "level": "ERROR",
                    "thread": "task-executor-4",
                    "class": "c.zbkj.admin.task.order.OrderRefundTask",
                    "message": "OrderRefundTask.task | msg : Cannot get Jedis connection; nested exception is redis.clients.jedis.exceptions.JedisConnectionException: Could not get a resource from the pool" }
                    
{
                    "app": "Crmeb",
                    "timestamp":"2025-09-19 11:52:16.963",
                    "level": "ERROR",
                    "thread": "task-executor-2",
                    "class": "c.z.admin.task.order.OrderPaySuccessTask",
                    "message": "OrderPaySuccessTask.task | msg : Cannot get Jedis connection; nested exception is redis.clients.jedis.exceptions.JedisConnectionException: Could not get a resource from the pool" }
                    
{
                    "app": "Crmeb",
                    "timestamp":"2025-09-19 11:52:16.966",
                    "level": "ERROR",
                    "thread": "task-executor-5",
                    "class": "c.zbkj.admin.task.order.OrderCancelTask",
                    "message": "OrderCancelTask.task | msg : Cannot get Jedis connection; nested exception is redis.clients.jedis.exceptions.JedisConnectionException: Could not get a resource from the pool" }
                    
{
                    "app": "Crmeb",
                    "timestamp":"2025-09-19 11:52:16.969",
                    "level": "ERROR",
                    "thread": "task-executor-3",
                    "class": "c.z.admin.task.order.OrderAutoCancelTask",
                    "message": "OrderAutoCancelTask.task | msg : Cannot get Jedis connection; nested exception is redis.clients.jedis.exceptions.JedisConnectionException: Could not get a resource from the pool" }
                    
{
                    "app": "Crmeb",
                    "timestamp":"2025-09-19 11:52:16.979",
                    "level": "ERROR",
                    "thread": "task-executor-18",
                    "class": "c.zbkj.admin.task.order.OrderRefundTask",
                    "message": "OrderRefundTask.task | msg : Cannot get Jedis connection; nested exception is redis.clients.jedis.exceptions.JedisConnectionException: Could not get a resource from the pool" }
                    
{
                    "app": "Crmeb",
                    "timestamp":"2025-09-19 11:52:16.984",
                    "level": "ERROR",
                    "thread": "task-executor-17",
                    "class": "c.zbkj.admin.task.order.OrderCancelTask",
                    "message": "OrderCancelTask.task | msg : Cannot get Jedis connection; nested exception is redis.clients.jedis.exceptions.JedisConnectionException: Could not get a resource from the pool" }
                    
{
                    "app": "Crmeb",
                    "timestamp":"2025-09-19 11:52:16.990",
                    "level": "ERROR",
                    "thread": "task-executor-19",
                    "class": "c.z.admin.task.order.OrderPaySuccessTask",
                    "message": "OrderPaySuccessTask.task | msg : Cannot get Jedis connection; nested exception is redis.clients.jedis.exceptions.JedisConnectionException: Could not get a resource from the pool" }
                    
{
                    "app": "Crmeb",
                    "timestamp":"2025-09-19 11:53:00.016",
                    "level": "ERROR",
                    "thread": "task-executor-12",
                    "class": "c.z.admin.task.order.OrderAutoCancelTask",
                    "message": "OrderAutoCancelTask.task | msg : Cannot get Jedis connection; nested exception is redis.clients.jedis.exceptions.JedisConnectionException: Could not get a resource from the pool" }
                    
{
                    "app": "Crmeb",
                    "timestamp":"2025-09-19 11:53:00.023",
                    "level": "ERROR",
                    "thread": "task-executor-13",
                    "class": "c.zbkj.admin.task.order.OrderCancelTask",
                    "message": "OrderCancelTask.task | msg : Cannot get Jedis connection; nested exception is redis.clients.jedis.exceptions.JedisConnectionException: Could not get a resource from the pool" }
                    
{
                    "app": "Crmeb",
                    "timestamp":"2025-09-19 11:53:00.027",
                    "level": "ERROR",
                    "thread": "task-executor-15",
                    "class": "c.z.admin.task.order.OrderPaySuccessTask",
                    "message": "OrderPaySuccessTask.task | msg : Cannot get Jedis connection; nested exception is redis.clients.jedis.exceptions.JedisConnectionException: Could not get a resource from the pool" }
                    
{
                    "app": "Crmeb",
                    "timestamp":"2025-09-19 11:53:00.032",
                    "level": "ERROR",
                    "thread": "task-executor-14",
                    "class": "c.zbkj.admin.task.order.OrderRefundTask",
                    "message": "OrderRefundTask.task | msg : Cannot get Jedis connection; nested exception is redis.clients.jedis.exceptions.JedisConnectionException: Could not get a resource from the pool" }
                    
{
                    "app": "Crmeb",
                    "timestamp":"2025-09-19 11:54:00.023",
                    "level": "ERROR",
                    "thread": "task-executor-1",
                    "class": "c.z.admin.task.order.OrderAutoCancelTask",
                    "message": "OrderAutoCancelTask.task | msg : Cannot get Jedis connection; nested exception is redis.clients.jedis.exceptions.JedisConnectionException: Could not get a resource from the pool" }
                    
{
                    "app": "Crmeb",
                    "timestamp":"2025-09-19 11:54:00.027",
                    "level": "ERROR",
                    "thread": "task-executor-6",
                    "class": "c.zbkj.admin.task.order.OrderCancelTask",
                    "message": "OrderCancelTask.task | msg : Cannot get Jedis connection; nested exception is redis.clients.jedis.exceptions.JedisConnectionException: Could not get a resource from the pool" }
                    
{
                    "app": "Crmeb",
                    "timestamp":"2025-09-19 11:54:00.034",
                    "level": "ERROR",
                    "thread": "task-executor-20",
                    "class": "c.z.admin.task.order.OrderPaySuccessTask",
                    "message": "OrderPaySuccessTask.task | msg : Cannot get Jedis connection; nested exception is redis.clients.jedis.exceptions.JedisConnectionException: Could not get a resource from the pool" }
                    
{
                    "app": "Crmeb",
                    "timestamp":"2025-09-19 11:54:00.038",
                    "level": "ERROR",
                    "thread": "task-executor-9",
                    "class": "c.zbkj.admin.task.order.OrderRefundTask",
                    "message": "OrderRefundTask.task | msg : Cannot get Jedis connection; nested exception is redis.clients.jedis.exceptions.JedisConnectionException: Could not get a resource from the pool" }
                    
{
                    "app": "Crmeb",
                    "timestamp":"2025-09-19 11:55:00.036",
                    "level": "ERROR",
                    "thread": "task-executor-10",
                    "class": "c.z.admin.task.order.OrderAutoCancelTask",
                    "message": "OrderAutoCancelTask.task | msg : Cannot get Jedis connection; nested exception is redis.clients.jedis.exceptions.JedisConnectionException: Could not get a resource from the pool" }
                    
{
                    "app": "Crmeb",
                    "timestamp":"2025-09-19 11:55:00.045",
                    "level": "ERROR",
                    "thread": "task-executor-7",
                    "class": "c.zbkj.admin.task.order.OrderCancelTask",
                    "message": "OrderCancelTask.task | msg : Cannot get Jedis connection; nested exception is redis.clients.jedis.exceptions.JedisConnectionException: Could not get a resource from the pool" }
                    
{
                    "app": "Crmeb",
                    "timestamp":"2025-09-19 11:55:00.050",
                    "level": "ERROR",
                    "thread": "task-executor-4",
                    "class": "c.z.admin.task.order.OrderPaySuccessTask",
                    "message": "OrderPaySuccessTask.task | msg : Cannot get Jedis connection; nested exception is redis.clients.jedis.exceptions.JedisConnectionException: Could not get a resource from the pool" }
                    
{
                    "app": "Crmeb",
                    "timestamp":"2025-09-19 11:55:00.054",
                    "level": "ERROR",
                    "thread": "task-executor-2",
                    "class": "c.zbkj.admin.task.order.OrderRefundTask",
                    "message": "OrderRefundTask.task | msg : Cannot get Jedis connection; nested exception is redis.clients.jedis.exceptions.JedisConnectionException: Could not get a resource from the pool" }
                    
{
                    "app": "Crmeb",
                    "timestamp":"2025-09-19 11:56:00.026",
                    "level": "ERROR",
                    "thread": "task-executor-3",
                    "class": "c.z.admin.task.order.OrderAutoCancelTask",
                    "message": "OrderAutoCancelTask.task | msg : Cannot get Jedis connection; nested exception is redis.clients.jedis.exceptions.JedisConnectionException: Could not get a resource from the pool" }
                    
{
                    "app": "Crmeb",
                    "timestamp":"2025-09-19 11:56:00.034",
                    "level": "ERROR",
                    "thread": "task-executor-18",
                    "class": "c.zbkj.admin.task.order.OrderCancelTask",
                    "message": "OrderCancelTask.task | msg : Cannot get Jedis connection; nested exception is redis.clients.jedis.exceptions.JedisConnectionException: Could not get a resource from the pool" }
                    
{
                    "app": "Crmeb",
                    "timestamp":"2025-09-19 11:56:00.039",
                    "level": "ERROR",
                    "thread": "task-executor-17",
                    "class": "c.z.admin.task.order.OrderPaySuccessTask",
                    "message": "OrderPaySuccessTask.task | msg : Cannot get Jedis connection; nested exception is redis.clients.jedis.exceptions.JedisConnectionException: Could not get a resource from the pool" }
                    
{
                    "app": "Crmeb",
                    "timestamp":"2025-09-19 11:56:00.044",
                    "level": "ERROR",
                    "thread": "task-executor-19",
                    "class": "c.zbkj.admin.task.order.OrderRefundTask",
                    "message": "OrderRefundTask.task | msg : Cannot get Jedis connection; nested exception is redis.clients.jedis.exceptions.JedisConnectionException: Could not get a resource from the pool" }
                    
{
                    "app": "Crmeb",
                    "timestamp":"2025-09-19 11:57:00.030",
                    "level": "ERROR",
                    "thread": "task-executor-12",
                    "class": "c.z.admin.task.order.OrderAutoCancelTask",
                    "message": "OrderAutoCancelTask.task | msg : Cannot get Jedis connection; nested exception is redis.clients.jedis.exceptions.JedisConnectionException: Could not get a resource from the pool" }
                    
{
                    "app": "Crmeb",
                    "timestamp":"2025-09-19 11:57:00.035",
                    "level": "ERROR",
                    "thread": "task-executor-13",
                    "class": "c.zbkj.admin.task.order.OrderCancelTask",
                    "message": "OrderCancelTask.task | msg : Cannot get Jedis connection; nested exception is redis.clients.jedis.exceptions.JedisConnectionException: Could not get a resource from the pool" }
                    
{
                    "app": "Crmeb",
                    "timestamp":"2025-09-19 11:57:00.039",
                    "level": "ERROR",
                    "thread": "task-executor-15",
                    "class": "c.z.admin.task.order.OrderPaySuccessTask",
                    "message": "OrderPaySuccessTask.task | msg : Cannot get Jedis connection; nested exception is redis.clients.jedis.exceptions.JedisConnectionException: Could not get a resource from the pool" }
                    
{
                    "app": "Crmeb",
                    "timestamp":"2025-09-19 11:57:00.047",
                    "level": "ERROR",
                    "thread": "task-executor-14",
                    "class": "c.zbkj.admin.task.order.OrderRefundTask",
                    "message": "OrderRefundTask.task | msg : Cannot get Jedis connection; nested exception is redis.clients.jedis.exceptions.JedisConnectionException: Could not get a resource from the pool" }
                    
{
                    "app": "Crmeb",
                    "timestamp":"2025-09-19 11:58:00.025",
                    "level": "ERROR",
                    "thread": "task-executor-1",
                    "class": "c.z.admin.task.order.OrderAutoCancelTask",
                    "message": "OrderAutoCancelTask.task | msg : Cannot get Jedis connection; nested exception is redis.clients.jedis.exceptions.JedisConnectionException: Could not get a resource from the pool" }
                    
{
                    "app": "Crmeb",
                    "timestamp":"2025-09-19 11:58:00.030",
                    "level": "ERROR",
                    "thread": "task-executor-6",
                    "class": "c.zbkj.admin.task.order.OrderCancelTask",
                    "message": "OrderCancelTask.task | msg : Cannot get Jedis connection; nested exception is redis.clients.jedis.exceptions.JedisConnectionException: Could not get a resource from the pool" }
                    
{
                    "app": "Crmeb",
                    "timestamp":"2025-09-19 11:58:00.036",
                    "level": "ERROR",
                    "thread": "task-executor-20",
                    "class": "c.z.admin.task.order.OrderPaySuccessTask",
                    "message": "OrderPaySuccessTask.task | msg : Cannot get Jedis connection; nested exception is redis.clients.jedis.exceptions.JedisConnectionException: Could not get a resource from the pool" }
                    
{
                    "app": "Crmeb",
                    "timestamp":"2025-09-19 11:58:00.041",
                    "level": "ERROR",
                    "thread": "task-executor-9",
                    "class": "c.zbkj.admin.task.order.OrderRefundTask",
                    "message": "OrderRefundTask.task | msg : Cannot get Jedis connection; nested exception is redis.clients.jedis.exceptions.JedisConnectionException: Could not get a resource from the pool" }
                    
{
                    "app": "Crmeb",
                    "timestamp":"2025-09-19 11:59:00.026",
                    "level": "ERROR",
                    "thread": "task-executor-10",
                    "class": "c.z.admin.task.order.OrderAutoCancelTask",
                    "message": "OrderAutoCancelTask.task | msg : Cannot get Jedis connection; nested exception is redis.clients.jedis.exceptions.JedisConnectionException: Could not get a resource from the pool" }
                    
{
                    "app": "Crmeb",
                    "timestamp":"2025-09-19 11:59:00.035",
                    "level": "ERROR",
                    "thread": "task-executor-7",
                    "class": "c.zbkj.admin.task.order.OrderCancelTask",
                    "message": "OrderCancelTask.task | msg : Cannot get Jedis connection; nested exception is redis.clients.jedis.exceptions.JedisConnectionException: Could not get a resource from the pool" }
                    
{
                    "app": "Crmeb",
                    "timestamp":"2025-09-19 11:59:00.039",
                    "level": "ERROR",
                    "thread": "task-executor-4",
                    "class": "c.z.admin.task.order.OrderPaySuccessTask",
                    "message": "OrderPaySuccessTask.task | msg : Cannot get Jedis connection; nested exception is redis.clients.jedis.exceptions.JedisConnectionException: Could not get a resource from the pool" }
                    
{
                    "app": "Crmeb",
                    "timestamp":"2025-09-19 11:59:00.046",
                    "level": "ERROR",
                    "thread": "task-executor-2",
                    "class": "c.zbkj.admin.task.order.OrderRefundTask",
                    "message": "OrderRefundTask.task | msg : Cannot get Jedis connection; nested exception is redis.clients.jedis.exceptions.JedisConnectionException: Could not get a resource from the pool" }
                    
{
                    "app": "Crmeb",
                    "timestamp":"2025-09-19 12:00:00.022",
                    "level": "ERROR",
                    "thread": "task-executor-3",
                    "class": "c.z.admin.task.order.OrderAutoCancelTask",
                    "message": "OrderAutoCancelTask.task | msg : Cannot get Jedis connection; nested exception is redis.clients.jedis.exceptions.JedisConnectionException: Could not get a resource from the pool" }
                    
{
                    "app": "Crmeb",
                    "timestamp":"2025-09-19 12:00:00.031",
                    "level": "ERROR",
                    "thread": "task-executor-18",
                    "class": "c.zbkj.admin.task.order.OrderCancelTask",
                    "message": "OrderCancelTask.task | msg : Cannot get Jedis connection; nested exception is redis.clients.jedis.exceptions.JedisConnectionException: Could not get a resource from the pool" }
                    
{
                    "app": "Crmeb",
                    "timestamp":"2025-09-19 12:00:00.036",
                    "level": "ERROR",
                    "thread": "task-executor-17",
                    "class": "c.z.admin.task.order.OrderPaySuccessTask",
                    "message": "OrderPaySuccessTask.task | msg : Cannot get Jedis connection; nested exception is redis.clients.jedis.exceptions.JedisConnectionException: Could not get a resource from the pool" }
                    
{
                    "app": "Crmeb",
                    "timestamp":"2025-09-19 12:00:00.040",
                    "level": "ERROR",
                    "thread": "task-executor-19",
                    "class": "c.zbkj.admin.task.order.OrderRefundTask",
                    "message": "OrderRefundTask.task | msg : Cannot get Jedis connection; nested exception is redis.clients.jedis.exceptions.JedisConnectionException: Could not get a resource from the pool" }
                    
{
                    "app": "Crmeb",
                    "timestamp":"2025-09-19 12:01:00.038",
                    "level": "ERROR",
                    "thread": "task-executor-12",
                    "class": "c.z.admin.task.order.OrderAutoCancelTask",
                    "message": "OrderAutoCancelTask.task | msg : Cannot get Jedis connection; nested exception is redis.clients.jedis.exceptions.JedisConnectionException: Could not get a resource from the pool" }
                    
{
                    "app": "Crmeb",
                    "timestamp":"2025-09-19 12:01:00.044",
                    "level": "ERROR",
                    "thread": "task-executor-13",
                    "class": "c.zbkj.admin.task.order.OrderCancelTask",
                    "message": "OrderCancelTask.task | msg : Cannot get Jedis connection; nested exception is redis.clients.jedis.exceptions.JedisConnectionException: Could not get a resource from the pool" }
                    
{
                    "app": "Crmeb",
                    "timestamp":"2025-09-19 12:01:00.051",
                    "level": "ERROR",
                    "thread": "task-executor-15",
                    "class": "c.z.admin.task.order.OrderPaySuccessTask",
                    "message": "OrderPaySuccessTask.task | msg : Cannot get Jedis connection; nested exception is redis.clients.jedis.exceptions.JedisConnectionException: Could not get a resource from the pool" }
                    
{
                    "app": "Crmeb",
                    "timestamp":"2025-09-19 12:01:00.056",
                    "level": "ERROR",
                    "thread": "task-executor-14",
                    "class": "c.zbkj.admin.task.order.OrderRefundTask",
                    "message": "OrderRefundTask.task | msg : Cannot get Jedis connection; nested exception is redis.clients.jedis.exceptions.JedisConnectionException: Could not get a resource from the pool" }
                    
{
                    "app": "Crmeb",
                    "timestamp":"2025-09-19 12:02:00.023",
                    "level": "ERROR",
                    "thread": "task-executor-1",
                    "class": "c.z.admin.task.order.OrderAutoCancelTask",
                    "message": "OrderAutoCancelTask.task | msg : Cannot get Jedis connection; nested exception is redis.clients.jedis.exceptions.JedisConnectionException: Could not get a resource from the pool" }
                    
{
                    "app": "Crmeb",
                    "timestamp":"2025-09-19 12:02:00.027",
                    "level": "ERROR",
                    "thread": "task-executor-6",
                    "class": "c.zbkj.admin.task.order.OrderCancelTask",
                    "message": "OrderCancelTask.task | msg : Cannot get Jedis connection; nested exception is redis.clients.jedis.exceptions.JedisConnectionException: Could not get a resource from the pool" }
                    
{
                    "app": "Crmeb",
                    "timestamp":"2025-09-19 12:02:00.035",
                    "level": "ERROR",
                    "thread": "task-executor-20",
                    "class": "c.z.admin.task.order.OrderPaySuccessTask",
                    "message": "OrderPaySuccessTask.task | msg : Cannot get Jedis connection; nested exception is redis.clients.jedis.exceptions.JedisConnectionException: Could not get a resource from the pool" }
                    
{
                    "app": "Crmeb",
                    "timestamp":"2025-09-19 12:02:00.041",
                    "level": "ERROR",
                    "thread": "task-executor-9",
                    "class": "c.zbkj.admin.task.order.OrderRefundTask",
                    "message": "OrderRefundTask.task | msg : Cannot get Jedis connection; nested exception is redis.clients.jedis.exceptions.JedisConnectionException: Could not get a resource from the pool" }
                    
{
                    "app": "Crmeb",
                    "timestamp":"2025-09-19 12:03:00.020",
                    "level": "ERROR",
                    "thread": "task-executor-10",
                    "class": "c.z.admin.task.order.OrderAutoCancelTask",
                    "message": "OrderAutoCancelTask.task | msg : Cannot get Jedis connection; nested exception is redis.clients.jedis.exceptions.JedisConnectionException: Could not get a resource from the pool" }
                    
{
                    "app": "Crmeb",
                    "timestamp":"2025-09-19 12:03:00.027",
                    "level": "ERROR",
                    "thread": "task-executor-7",
                    "class": "c.zbkj.admin.task.order.OrderCancelTask",
                    "message": "OrderCancelTask.task | msg : Cannot get Jedis connection; nested exception is redis.clients.jedis.exceptions.JedisConnectionException: Could not get a resource from the pool" }
                    
{
                    "app": "Crmeb",
                    "timestamp":"2025-09-19 12:03:00.031",
                    "level": "ERROR",
                    "thread": "task-executor-4",
                    "class": "c.z.admin.task.order.OrderPaySuccessTask",
                    "message": "OrderPaySuccessTask.task | msg : Cannot get Jedis connection; nested exception is redis.clients.jedis.exceptions.JedisConnectionException: Could not get a resource from the pool" }
                    
{
                    "app": "Crmeb",
                    "timestamp":"2025-09-19 12:03:00.037",
                    "level": "ERROR",
                    "thread": "task-executor-2",
                    "class": "c.zbkj.admin.task.order.OrderRefundTask",
                    "message": "OrderRefundTask.task | msg : Cannot get Jedis connection; nested exception is redis.clients.jedis.exceptions.JedisConnectionException: Could not get a resource from the pool" }
                    
{
                    "app": "Crmeb",
                    "timestamp":"2025-09-19 12:04:00.025",
                    "level": "ERROR",
                    "thread": "task-executor-3",
                    "class": "c.z.admin.task.order.OrderAutoCancelTask",
                    "message": "OrderAutoCancelTask.task | msg : Cannot get Jedis connection; nested exception is redis.clients.jedis.exceptions.JedisConnectionException: Could not get a resource from the pool" }
                    
{
                    "app": "Crmeb",
                    "timestamp":"2025-09-19 12:04:00.030",
                    "level": "ERROR",
                    "thread": "task-executor-18",
                    "class": "c.zbkj.admin.task.order.OrderCancelTask",
                    "message": "OrderCancelTask.task | msg : Cannot get Jedis connection; nested exception is redis.clients.jedis.exceptions.JedisConnectionException: Could not get a resource from the pool" }
                    
{
                    "app": "Crmeb",
                    "timestamp":"2025-09-19 12:04:00.036",
                    "level": "ERROR",
                    "thread": "task-executor-17",
                    "class": "c.z.admin.task.order.OrderPaySuccessTask",
                    "message": "OrderPaySuccessTask.task | msg : Cannot get Jedis connection; nested exception is redis.clients.jedis.exceptions.JedisConnectionException: Could not get a resource from the pool" }
                    
{
                    "app": "Crmeb",
                    "timestamp":"2025-09-19 12:04:00.041",
                    "level": "ERROR",
                    "thread": "task-executor-19",
                    "class": "c.zbkj.admin.task.order.OrderRefundTask",
                    "message": "OrderRefundTask.task | msg : Cannot get Jedis connection; nested exception is redis.clients.jedis.exceptions.JedisConnectionException: Could not get a resource from the pool" }
                    
{
                    "app": "Crmeb",
                    "timestamp":"2025-09-19 12:05:00.030",
                    "level": "ERROR",
                    "thread": "task-executor-12",
                    "class": "c.z.admin.task.order.OrderAutoCancelTask",
                    "message": "OrderAutoCancelTask.task | msg : Cannot get Jedis connection; nested exception is redis.clients.jedis.exceptions.JedisConnectionException: Could not get a resource from the pool" }
                    
{
                    "app": "Crmeb",
                    "timestamp":"2025-09-19 12:05:00.036",
                    "level": "ERROR",
                    "thread": "task-executor-13",
                    "class": "c.zbkj.admin.task.order.OrderCancelTask",
                    "message": "OrderCancelTask.task | msg : Cannot get Jedis connection; nested exception is redis.clients.jedis.exceptions.JedisConnectionException: Could not get a resource from the pool" }
                    
{
                    "app": "Crmeb",
                    "timestamp":"2025-09-19 12:05:00.041",
                    "level": "ERROR",
                    "thread": "task-executor-15",
                    "class": "c.z.admin.task.order.OrderPaySuccessTask",
                    "message": "OrderPaySuccessTask.task | msg : Cannot get Jedis connection; nested exception is redis.clients.jedis.exceptions.JedisConnectionException: Could not get a resource from the pool" }
                    
{
                    "app": "Crmeb",
                    "timestamp":"2025-09-19 12:05:00.046",
                    "level": "ERROR",
                    "thread": "task-executor-14",
                    "class": "c.zbkj.admin.task.order.OrderRefundTask",
                    "message": "OrderRefundTask.task | msg : Cannot get Jedis connection; nested exception is redis.clients.jedis.exceptions.JedisConnectionException: Could not get a resource from the pool" }
                    
{
                    "app": "Crmeb",
                    "timestamp":"2025-09-19 12:06:00.029",
                    "level": "ERROR",
                    "thread": "task-executor-1",
                    "class": "c.z.admin.task.order.OrderAutoCancelTask",
                    "message": "OrderAutoCancelTask.task | msg : Cannot get Jedis connection; nested exception is redis.clients.jedis.exceptions.JedisConnectionException: Could not get a resource from the pool" }
                    
{
                    "app": "Crmeb",
                    "timestamp":"2025-09-19 12:06:00.034",
                    "level": "ERROR",
                    "thread": "task-executor-6",
                    "class": "c.zbkj.admin.task.order.OrderCancelTask",
                    "message": "OrderCancelTask.task | msg : Cannot get Jedis connection; nested exception is redis.clients.jedis.exceptions.JedisConnectionException: Could not get a resource from the pool" }
                    
{
                    "app": "Crmeb",
                    "timestamp":"2025-09-19 12:06:00.038",
                    "level": "ERROR",
                    "thread": "task-executor-20",
                    "class": "c.z.admin.task.order.OrderPaySuccessTask",
                    "message": "OrderPaySuccessTask.task | msg : Cannot get Jedis connection; nested exception is redis.clients.jedis.exceptions.JedisConnectionException: Could not get a resource from the pool" }
                    
{
                    "app": "Crmeb",
                    "timestamp":"2025-09-19 12:06:00.043",
                    "level": "ERROR",
                    "thread": "task-executor-9",
                    "class": "c.zbkj.admin.task.order.OrderRefundTask",
                    "message": "OrderRefundTask.task | msg : Cannot get Jedis connection; nested exception is redis.clients.jedis.exceptions.JedisConnectionException: Could not get a resource from the pool" }
                    
{
                    "app": "Crmeb",
                    "timestamp":"2025-09-19 12:07:00.020",
                    "level": "ERROR",
                    "thread": "task-executor-10",
                    "class": "c.z.admin.task.order.OrderAutoCancelTask",
                    "message": "OrderAutoCancelTask.task | msg : Cannot get Jedis connection; nested exception is redis.clients.jedis.exceptions.JedisConnectionException: Could not get a resource from the pool" }
                    
{
                    "app": "Crmeb",
                    "timestamp":"2025-09-19 12:07:00.026",
                    "level": "ERROR",
                    "thread": "task-executor-7",
                    "class": "c.zbkj.admin.task.order.OrderCancelTask",
                    "message": "OrderCancelTask.task | msg : Cannot get Jedis connection; nested exception is redis.clients.jedis.exceptions.JedisConnectionException: Could not get a resource from the pool" }
                    
{
                    "app": "Crmeb",
                    "timestamp":"2025-09-19 12:07:00.031",
                    "level": "ERROR",
                    "thread": "task-executor-4",
                    "class": "c.z.admin.task.order.OrderPaySuccessTask",
                    "message": "OrderPaySuccessTask.task | msg : Cannot get Jedis connection; nested exception is redis.clients.jedis.exceptions.JedisConnectionException: Could not get a resource from the pool" }
                    
{
                    "app": "Crmeb",
                    "timestamp":"2025-09-19 12:07:00.036",
                    "level": "ERROR",
                    "thread": "task-executor-2",
                    "class": "c.zbkj.admin.task.order.OrderRefundTask",
                    "message": "OrderRefundTask.task | msg : Cannot get Jedis connection; nested exception is redis.clients.jedis.exceptions.JedisConnectionException: Could not get a resource from the pool" }
                    
{
                    "app": "Crmeb",
                    "timestamp":"2025-09-19 12:08:00.026",
                    "level": "ERROR",
                    "thread": "task-executor-3",
                    "class": "c.z.admin.task.order.OrderAutoCancelTask",
                    "message": "OrderAutoCancelTask.task | msg : Cannot get Jedis connection; nested exception is redis.clients.jedis.exceptions.JedisConnectionException: Could not get a resource from the pool" }
                    
{
                    "app": "Crmeb",
                    "timestamp":"2025-09-19 12:08:00.033",
                    "level": "ERROR",
                    "thread": "task-executor-18",
                    "class": "c.zbkj.admin.task.order.OrderCancelTask",
                    "message": "OrderCancelTask.task | msg : Cannot get Jedis connection; nested exception is redis.clients.jedis.exceptions.JedisConnectionException: Could not get a resource from the pool" }
                    
{
                    "app": "Crmeb",
                    "timestamp":"2025-09-19 12:08:00.038",
                    "level": "ERROR",
                    "thread": "task-executor-17",
                    "class": "c.z.admin.task.order.OrderPaySuccessTask",
                    "message": "OrderPaySuccessTask.task | msg : Cannot get Jedis connection; nested exception is redis.clients.jedis.exceptions.JedisConnectionException: Could not get a resource from the pool" }
                    
{
                    "app": "Crmeb",
                    "timestamp":"2025-09-19 12:08:00.043",
                    "level": "ERROR",
                    "thread": "task-executor-19",
                    "class": "c.zbkj.admin.task.order.OrderRefundTask",
                    "message": "OrderRefundTask.task | msg : Cannot get Jedis connection; nested exception is redis.clients.jedis.exceptions.JedisConnectionException: Could not get a resource from the pool" }
                    
{
                    "app": "Crmeb",
                    "timestamp":"2025-09-19 12:09:00.027",
                    "level": "ERROR",
                    "thread": "task-executor-12",
                    "class": "c.z.admin.task.order.OrderAutoCancelTask",
                    "message": "OrderAutoCancelTask.task | msg : Cannot get Jedis connection; nested exception is redis.clients.jedis.exceptions.JedisConnectionException: Could not get a resource from the pool" }
                    
{
                    "app": "Crmeb",
                    "timestamp":"2025-09-19 12:09:00.032",
                    "level": "ERROR",
                    "thread": "task-executor-13",
                    "class": "c.zbkj.admin.task.order.OrderCancelTask",
                    "message": "OrderCancelTask.task | msg : Cannot get Jedis connection; nested exception is redis.clients.jedis.exceptions.JedisConnectionException: Could not get a resource from the pool" }
                    
{
                    "app": "Crmeb",
                    "timestamp":"2025-09-19 12:09:00.037",
                    "level": "ERROR",
                    "thread": "task-executor-15",
                    "class": "c.z.admin.task.order.OrderPaySuccessTask",
                    "message": "OrderPaySuccessTask.task | msg : Cannot get Jedis connection; nested exception is redis.clients.jedis.exceptions.JedisConnectionException: Could not get a resource from the pool" }
                    
{
                    "app": "Crmeb",
                    "timestamp":"2025-09-19 12:09:00.042",
                    "level": "ERROR",
                    "thread": "task-executor-14",
                    "class": "c.zbkj.admin.task.order.OrderRefundTask",
                    "message": "OrderRefundTask.task | msg : Cannot get Jedis connection; nested exception is redis.clients.jedis.exceptions.JedisConnectionException: Could not get a resource from the pool" }
                    
{
                    "app": "Crmeb",
                    "timestamp":"2025-09-19 12:10:00.027",
                    "level": "ERROR",
                    "thread": "task-executor-1",
                    "class": "c.z.admin.task.order.OrderAutoCancelTask",
                    "message": "OrderAutoCancelTask.task | msg : Cannot get Jedis connection; nested exception is redis.clients.jedis.exceptions.JedisConnectionException: Could not get a resource from the pool" }
                    
{
                    "app": "Crmeb",
                    "timestamp":"2025-09-19 12:10:00.036",
                    "level": "ERROR",
                    "thread": "task-executor-6",
                    "class": "c.zbkj.admin.task.order.OrderCancelTask",
                    "message": "OrderCancelTask.task | msg : Cannot get Jedis connection; nested exception is redis.clients.jedis.exceptions.JedisConnectionException: Could not get a resource from the pool" }
                    
{
                    "app": "Crmeb",
                    "timestamp":"2025-09-19 12:10:00.042",
                    "level": "ERROR",
                    "thread": "task-executor-20",
                    "class": "c.z.admin.task.order.OrderPaySuccessTask",
                    "message": "OrderPaySuccessTask.task | msg : Cannot get Jedis connection; nested exception is redis.clients.jedis.exceptions.JedisConnectionException: Could not get a resource from the pool" }
                    
{
                    "app": "Crmeb",
                    "timestamp":"2025-09-19 12:10:00.047",
                    "level": "ERROR",
                    "thread": "task-executor-9",
                    "class": "c.zbkj.admin.task.order.OrderRefundTask",
                    "message": "OrderRefundTask.task | msg : Cannot get Jedis connection; nested exception is redis.clients.jedis.exceptions.JedisConnectionException: Could not get a resource from the pool" }
                    
{
                    "app": "Crmeb",
                    "timestamp":"2025-09-19 12:38:22.938",
                    "level": "ERROR",
                    "thread": "task-executor-2",
                    "class": "c.z.admin.task.order.OrderAutoCancelTask",
                    "message": "OrderAutoCancelTask.task | msg : Cannot get Jedis connection; nested exception is redis.clients.jedis.exceptions.JedisConnectionException: Could not get a resource from the pool" }
                    
{
                    "app": "Crmeb",
                    "timestamp":"2025-09-19 12:38:22.954",
                    "level": "ERROR",
                    "thread": "task-executor-5",
                    "class": "c.zbkj.admin.task.order.OrderRefundTask",
                    "message": "OrderRefundTask.task | msg : Cannot get Jedis connection; nested exception is redis.clients.jedis.exceptions.JedisConnectionException: Could not get a resource from the pool" }
                    
{
                    "app": "Crmeb",
                    "timestamp":"2025-09-19 12:38:22.970",
                    "level": "ERROR",
                    "thread": "task-executor-4",
                    "class": "c.z.admin.task.order.OrderPaySuccessTask",
                    "message": "OrderPaySuccessTask.task | msg : Cannot get Jedis connection; nested exception is redis.clients.jedis.exceptions.JedisConnectionException: Could not get a resource from the pool" }
                    
{
                    "app": "Crmeb",
                    "timestamp":"2025-09-19 12:38:22.995",
                    "level": "ERROR",
                    "thread": "task-executor-3",
                    "class": "c.zbkj.admin.task.order.OrderCancelTask",
                    "message": "OrderCancelTask.task | msg : Cannot get Jedis connection; nested exception is redis.clients.jedis.exceptions.JedisConnectionException: Could not get a resource from the pool" }
                    
{
                    "app": "Crmeb",
                    "timestamp":"2025-09-19 12:39:02.061",
                    "level": "ERROR",
                    "thread": "task-executor-7",
                    "class": "c.z.admin.task.order.OrderAutoCancelTask",
                    "message": "OrderAutoCancelTask.task | msg : Cannot get Jedis connection; nested exception is redis.clients.jedis.exceptions.JedisConnectionException: Could not get a resource from the pool" }
                    
{
                    "app": "Crmeb",
                    "timestamp":"2025-09-19 12:39:02.087",
                    "level": "ERROR",
                    "thread": "task-executor-8",
                    "class": "c.zbkj.admin.task.order.OrderCancelTask",
                    "message": "OrderCancelTask.task | msg : Cannot get Jedis connection; nested exception is redis.clients.jedis.exceptions.JedisConnectionException: Could not get a resource from the pool" }
                    
{
                    "app": "Crmeb",
                    "timestamp":"2025-09-19 12:39:02.105",
                    "level": "ERROR",
                    "thread": "task-executor-10",
                    "class": "c.zbkj.admin.task.order.OrderRefundTask",
                    "message": "OrderRefundTask.task | msg : Cannot get Jedis connection; nested exception is redis.clients.jedis.exceptions.JedisConnectionException: Could not get a resource from the pool" }
                    
{
                    "app": "Crmeb",
                    "timestamp":"2025-09-19 12:39:02.123",
                    "level": "ERROR",
                    "thread": "task-executor-9",
                    "class": "c.z.admin.task.order.OrderPaySuccessTask",
                    "message": "OrderPaySuccessTask.task | msg : Cannot get Jedis connection; nested exception is redis.clients.jedis.exceptions.JedisConnectionException: Could not get a resource from the pool" }
                    
{
                    "app": "Crmeb",
                    "timestamp":"2025-09-19 12:40:39.886",
                    "level": "ERROR",
                    "thread": "task-executor-13",
                    "class": "c.zbkj.admin.task.order.OrderCancelTask",
                    "message": "OrderCancelTask.task | msg : Cannot get Jedis connection; nested exception is redis.clients.jedis.exceptions.JedisConnectionException: Could not get a resource from the pool" }
                    
{
                    "app": "Crmeb",
                    "timestamp":"2025-09-19 12:40:39.900",
                    "level": "ERROR",
                    "thread": "task-executor-12",
                    "class": "c.z.admin.task.order.OrderAutoCancelTask",
                    "message": "OrderAutoCancelTask.task | msg : Cannot get Jedis connection; nested exception is redis.clients.jedis.exceptions.JedisConnectionException: Could not get a resource from the pool" }
                    
{
                    "app": "Crmeb",
                    "timestamp":"2025-09-19 12:40:39.913",
                    "level": "ERROR",
                    "thread": "task-executor-15",
                    "class": "c.zbkj.admin.task.order.OrderRefundTask",
                    "message": "OrderRefundTask.task | msg : Cannot get Jedis connection; nested exception is redis.clients.jedis.exceptions.JedisConnectionException: Could not get a resource from the pool" }
                    
{
                    "app": "Crmeb",
                    "timestamp":"2025-09-19 12:40:39.927",
                    "level": "ERROR",
                    "thread": "task-executor-14",
                    "class": "c.z.admin.task.order.OrderPaySuccessTask",
                    "message": "OrderPaySuccessTask.task | msg : Cannot get Jedis connection; nested exception is redis.clients.jedis.exceptions.JedisConnectionException: Could not get a resource from the pool" }
                    
{
                    "app": "Crmeb",
                    "timestamp":"2025-09-19 12:41:02.077",
                    "level": "ERROR",
                    "thread": "task-executor-17",
                    "class": "c.z.admin.task.order.OrderAutoCancelTask",
                    "message": "OrderAutoCancelTask.task | msg : Cannot get Jedis connection; nested exception is redis.clients.jedis.exceptions.JedisConnectionException: Could not get a resource from the pool" }
                    
{
                    "app": "Crmeb",
                    "timestamp":"2025-09-19 12:41:02.096",
                    "level": "ERROR",
                    "thread": "task-executor-18",
                    "class": "c.zbkj.admin.task.order.OrderCancelTask",
                    "message": "OrderCancelTask.task | msg : Cannot get Jedis connection; nested exception is redis.clients.jedis.exceptions.JedisConnectionException: Could not get a resource from the pool" }
                    
{
                    "app": "Crmeb",
                    "timestamp":"2025-09-19 12:41:02.122",
                    "level": "ERROR",
                    "thread": "task-executor-20",
                    "class": "c.zbkj.admin.task.order.OrderRefundTask",
                    "message": "OrderRefundTask.task | msg : Cannot get Jedis connection; nested exception is redis.clients.jedis.exceptions.JedisConnectionException: Could not get a resource from the pool" }
                    
{
                    "app": "Crmeb",
                    "timestamp":"2025-09-19 12:41:02.136",
                    "level": "ERROR",
                    "thread": "task-executor-19",
                    "class": "c.z.admin.task.order.OrderPaySuccessTask",
                    "message": "OrderPaySuccessTask.task | msg : Cannot get Jedis connection; nested exception is redis.clients.jedis.exceptions.JedisConnectionException: Could not get a resource from the pool" }
                    
{
                    "app": "Crmeb",
                    "timestamp":"2025-09-19 12:42:02.060",
                    "level": "ERROR",
                    "thread": "task-executor-2",
                    "class": "c.z.admin.task.order.OrderAutoCancelTask",
                    "message": "OrderAutoCancelTask.task | msg : Cannot get Jedis connection; nested exception is redis.clients.jedis.exceptions.JedisConnectionException: Could not get a resource from the pool" }
                    
{
                    "app": "Crmeb",
                    "timestamp":"2025-09-19 12:42:02.087",
                    "level": "ERROR",
                    "thread": "task-executor-5",
                    "class": "c.zbkj.admin.task.order.OrderCancelTask",
                    "message": "OrderCancelTask.task | msg : Cannot get Jedis connection; nested exception is redis.clients.jedis.exceptions.JedisConnectionException: Could not get a resource from the pool" }
                    
{
                    "app": "Crmeb",
                    "timestamp":"2025-09-19 12:42:02.105",
                    "level": "ERROR",
                    "thread": "task-executor-3",
                    "class": "c.zbkj.admin.task.order.OrderRefundTask",
                    "message": "OrderRefundTask.task | msg : Cannot get Jedis connection; nested exception is redis.clients.jedis.exceptions.JedisConnectionException: Could not get a resource from the pool" }
                    
{
                    "app": "Crmeb",
                    "timestamp":"2025-09-19 12:42:02.121",
                    "level": "ERROR",
                    "thread": "task-executor-4",
                    "class": "c.z.admin.task.order.OrderPaySuccessTask",
                    "message": "OrderPaySuccessTask.task | msg : Cannot get Jedis connection; nested exception is redis.clients.jedis.exceptions.JedisConnectionException: Could not get a resource from the pool" }
                    
{
                    "app": "Crmeb",
                    "timestamp":"2025-09-19 12:43:02.060",
                    "level": "ERROR",
                    "thread": "task-executor-7",
                    "class": "c.z.admin.task.order.OrderAutoCancelTask",
                    "message": "OrderAutoCancelTask.task | msg : Cannot get Jedis connection; nested exception is redis.clients.jedis.exceptions.JedisConnectionException: Could not get a resource from the pool" }
                    
{
                    "app": "Crmeb",
                    "timestamp":"2025-09-19 12:43:02.077",
                    "level": "ERROR",
                    "thread": "task-executor-8",
                    "class": "c.zbkj.admin.task.order.OrderCancelTask",
                    "message": "OrderCancelTask.task | msg : Cannot get Jedis connection; nested exception is redis.clients.jedis.exceptions.JedisConnectionException: Could not get a resource from the pool" }
                    
{
                    "app": "Crmeb",
                    "timestamp":"2025-09-19 12:43:02.093",
                    "level": "ERROR",
                    "thread": "task-executor-10",
                    "class": "c.z.admin.task.order.OrderPaySuccessTask",
                    "message": "OrderPaySuccessTask.task | msg : Cannot get Jedis connection; nested exception is redis.clients.jedis.exceptions.JedisConnectionException: Could not get a resource from the pool" }
                    
{
                    "app": "Crmeb",
                    "timestamp":"2025-09-19 12:43:02.108",
                    "level": "ERROR",
                    "thread": "task-executor-9",
                    "class": "c.zbkj.admin.task.order.OrderRefundTask",
                    "message": "OrderRefundTask.task | msg : Cannot get Jedis connection; nested exception is redis.clients.jedis.exceptions.JedisConnectionException: Could not get a resource from the pool" }
                    
{
                    "app": "Crmeb",
                    "timestamp":"2025-09-19 12:44:00.055",
                    "level": "ERROR",
                    "thread": "task-executor-13",
                    "class": "c.z.admin.task.order.OrderAutoCancelTask",
                    "message": "OrderAutoCancelTask.task | msg : Cannot get Jedis connection; nested exception is redis.clients.jedis.exceptions.JedisConnectionException: Could not get a resource from the pool" }
                    
{
                    "app": "Crmeb",
                    "timestamp":"2025-09-19 12:44:00.071",
                    "level": "ERROR",
                    "thread": "task-executor-14",
                    "class": "c.zbkj.admin.task.order.OrderRefundTask",
                    "message": "OrderRefundTask.task | msg : Cannot get Jedis connection; nested exception is redis.clients.jedis.exceptions.JedisConnectionException: Could not get a resource from the pool" }
                    
{
                    "app": "Crmeb",
                    "timestamp":"2025-09-19 12:44:00.085",
                    "level": "ERROR",
                    "thread": "task-executor-15",
                    "class": "c.z.admin.task.order.OrderPaySuccessTask",
                    "message": "OrderPaySuccessTask.task | msg : Cannot get Jedis connection; nested exception is redis.clients.jedis.exceptions.JedisConnectionException: Could not get a resource from the pool" }
                    
{
                    "app": "Crmeb",
                    "timestamp":"2025-09-19 12:44:00.097",
                    "level": "ERROR",
                    "thread": "task-executor-12",
                    "class": "c.zbkj.admin.task.order.OrderCancelTask",
                    "message": "OrderCancelTask.task | msg : Cannot get Jedis connection; nested exception is redis.clients.jedis.exceptions.JedisConnectionException: Could not get a resource from the pool" }
                    
{
                    "app": "Crmeb",
                    "timestamp":"2025-09-19 12:45:00.036",
                    "level": "ERROR",
                    "thread": "task-executor-17",
                    "class": "c.z.admin.task.order.OrderAutoCancelTask",
                    "message": "OrderAutoCancelTask.task | msg : Cannot get Jedis connection; nested exception is redis.clients.jedis.exceptions.JedisConnectionException: Could not get a resource from the pool" }
                    
{
                    "app": "Crmeb",
                    "timestamp":"2025-09-19 12:45:00.048",
                    "level": "ERROR",
                    "thread": "task-executor-20",
                    "class": "c.z.admin.task.order.OrderPaySuccessTask",
                    "message": "OrderPaySuccessTask.task | msg : Cannot get Jedis connection; nested exception is redis.clients.jedis.exceptions.JedisConnectionException: Could not get a resource from the pool" }
                    
{
                    "app": "Crmeb",
                    "timestamp":"2025-09-19 12:45:00.064",
                    "level": "ERROR",
                    "thread": "task-executor-18",
                    "class": "c.zbkj.admin.task.order.OrderCancelTask",
                    "message": "OrderCancelTask.task | msg : Cannot get Jedis connection; nested exception is redis.clients.jedis.exceptions.JedisConnectionException: Could not get a resource from the pool" }
                    
{
                    "app": "Crmeb",
                    "timestamp":"2025-09-19 12:45:00.083",
                    "level": "ERROR",
                    "thread": "task-executor-19",
                    "class": "c.zbkj.admin.task.order.OrderRefundTask",
                    "message": "OrderRefundTask.task | msg : Cannot get Jedis connection; nested exception is redis.clients.jedis.exceptions.JedisConnectionException: Could not get a resource from the pool" }
                    
{
                    "app": "Crmeb",
                    "timestamp":"2025-09-19 12:46:00.048",
                    "level": "ERROR",
                    "thread": "task-executor-2",
                    "class": "c.z.admin.task.order.OrderAutoCancelTask",
                    "message": "OrderAutoCancelTask.task | msg : Cannot get Jedis connection; nested exception is redis.clients.jedis.exceptions.JedisConnectionException: Could not get a resource from the pool" }
                    
{
                    "app": "Crmeb",
                    "timestamp":"2025-09-19 12:46:00.063",
                    "level": "ERROR",
                    "thread": "task-executor-3",
                    "class": "c.z.admin.task.order.OrderPaySuccessTask",
                    "message": "OrderPaySuccessTask.task | msg : Cannot get Jedis connection; nested exception is redis.clients.jedis.exceptions.JedisConnectionException: Could not get a resource from the pool" }
                    
{
                    "app": "Crmeb",
                    "timestamp":"2025-09-19 12:46:00.076",
                    "level": "ERROR",
                    "thread": "task-executor-5",
                    "class": "c.zbkj.admin.task.order.OrderCancelTask",
                    "message": "OrderCancelTask.task | msg : Cannot get Jedis connection; nested exception is redis.clients.jedis.exceptions.JedisConnectionException: Could not get a resource from the pool" }
                    
{
                    "app": "Crmeb",
                    "timestamp":"2025-09-19 12:46:00.087",
                    "level": "ERROR",
                    "thread": "task-executor-4",
                    "class": "c.zbkj.admin.task.order.OrderRefundTask",
                    "message": "OrderRefundTask.task | msg : Cannot get Jedis connection; nested exception is redis.clients.jedis.exceptions.JedisConnectionException: Could not get a resource from the pool" }
                    
{
                    "app": "Crmeb",
                    "timestamp":"2025-09-19 12:47:00.056",
                    "level": "ERROR",
                    "thread": "task-executor-7",
                    "class": "c.z.admin.task.order.OrderAutoCancelTask",
                    "message": "OrderAutoCancelTask.task | msg : Cannot get Jedis connection; nested exception is redis.clients.jedis.exceptions.JedisConnectionException: Could not get a resource from the pool" }
                    
{
                    "app": "Crmeb",
                    "timestamp":"2025-09-19 12:47:00.069",
                    "level": "ERROR",
                    "thread": "task-executor-10",
                    "class": "c.z.admin.task.order.OrderPaySuccessTask",
                    "message": "OrderPaySuccessTask.task | msg : Cannot get Jedis connection; nested exception is redis.clients.jedis.exceptions.JedisConnectionException: Could not get a resource from the pool" }
                    
{
                    "app": "Crmeb",
                    "timestamp":"2025-09-19 12:47:00.082",
                    "level": "ERROR",
                    "thread": "task-executor-8",
                    "class": "c.zbkj.admin.task.order.OrderCancelTask",
                    "message": "OrderCancelTask.task | msg : Cannot get Jedis connection; nested exception is redis.clients.jedis.exceptions.JedisConnectionException: Could not get a resource from the pool" }
                    
{
                    "app": "Crmeb",
                    "timestamp":"2025-09-19 12:47:00.094",
                    "level": "ERROR",
                    "thread": "task-executor-9",
                    "class": "c.zbkj.admin.task.order.OrderRefundTask",
                    "message": "OrderRefundTask.task | msg : Cannot get Jedis connection; nested exception is redis.clients.jedis.exceptions.JedisConnectionException: Could not get a resource from the pool" }
                    
{
                    "app": "Crmeb",
                    "timestamp":"2025-09-19 12:48:00.034",
                    "level": "ERROR",
                    "thread": "task-executor-13",
                    "class": "c.z.admin.task.order.OrderAutoCancelTask",
                    "message": "OrderAutoCancelTask.task | msg : Cannot get Jedis connection; nested exception is redis.clients.jedis.exceptions.JedisConnectionException: Could not get a resource from the pool" }
                    
{
                    "app": "Crmeb",
                    "timestamp":"2025-09-19 12:48:00.048",
                    "level": "ERROR",
                    "thread": "task-executor-15",
                    "class": "c.z.admin.task.order.OrderPaySuccessTask",
                    "message": "OrderPaySuccessTask.task | msg : Cannot get Jedis connection; nested exception is redis.clients.jedis.exceptions.JedisConnectionException: Could not get a resource from the pool" }
                    
{
                    "app": "Crmeb",
                    "timestamp":"2025-09-19 12:48:00.069",
                    "level": "ERROR",
                    "thread": "task-executor-14",
                    "class": "c.zbkj.admin.task.order.OrderCancelTask",
                    "message": "OrderCancelTask.task | msg : Cannot get Jedis connection; nested exception is redis.clients.jedis.exceptions.JedisConnectionException: Could not get a resource from the pool" }
                    
{
                    "app": "Crmeb",
                    "timestamp":"2025-09-19 12:48:00.086",
                    "level": "ERROR",
                    "thread": "task-executor-12",
                    "class": "c.zbkj.admin.task.order.OrderRefundTask",
                    "message": "OrderRefundTask.task | msg : Cannot get Jedis connection; nested exception is redis.clients.jedis.exceptions.JedisConnectionException: Could not get a resource from the pool" }
                    
{
                    "app": "Crmeb",
                    "timestamp":"2025-09-19 12:49:00.051",
                    "level": "ERROR",
                    "thread": "task-executor-17",
                    "class": "c.z.admin.task.order.OrderAutoCancelTask",
                    "message": "OrderAutoCancelTask.task | msg : Cannot get Jedis connection; nested exception is redis.clients.jedis.exceptions.JedisConnectionException: Could not get a resource from the pool" }
                    
{
                    "app": "Crmeb",
                    "timestamp":"2025-09-19 12:49:00.066",
                    "level": "ERROR",
                    "thread": "task-executor-18",
                    "class": "c.z.admin.task.order.OrderPaySuccessTask",
                    "message": "OrderPaySuccessTask.task | msg : Cannot get Jedis connection; nested exception is redis.clients.jedis.exceptions.JedisConnectionException: Could not get a resource from the pool" }
                    
{
                    "app": "Crmeb",
                    "timestamp":"2025-09-19 12:49:00.077",
                    "level": "ERROR",
                    "thread": "task-executor-20",
                    "class": "c.zbkj.admin.task.order.OrderCancelTask",
                    "message": "OrderCancelTask.task | msg : Cannot get Jedis connection; nested exception is redis.clients.jedis.exceptions.JedisConnectionException: Could not get a resource from the pool" }
                    
{
                    "app": "Crmeb",
                    "timestamp":"2025-09-19 12:49:00.088",
                    "level": "ERROR",
                    "thread": "task-executor-19",
                    "class": "c.zbkj.admin.task.order.OrderRefundTask",
                    "message": "OrderRefundTask.task | msg : Cannot get Jedis connection; nested exception is redis.clients.jedis.exceptions.JedisConnectionException: Could not get a resource from the pool" }
                    
{
                    "app": "Crmeb",
                    "timestamp":"2025-09-19 12:50:00.040",
                    "level": "ERROR",
                    "thread": "task-executor-2",
                    "class": "c.z.admin.task.order.OrderAutoCancelTask",
                    "message": "OrderAutoCancelTask.task | msg : Cannot get Jedis connection; nested exception is redis.clients.jedis.exceptions.JedisConnectionException: Could not get a resource from the pool" }
                    
{
                    "app": "Crmeb",
                    "timestamp":"2025-09-19 12:50:00.053",
                    "level": "ERROR",
                    "thread": "task-executor-5",
                    "class": "c.z.admin.task.order.OrderPaySuccessTask",
                    "message": "OrderPaySuccessTask.task | msg : Cannot get Jedis connection; nested exception is redis.clients.jedis.exceptions.JedisConnectionException: Could not get a resource from the pool" }
                    
{
                    "app": "Crmeb",
                    "timestamp":"2025-09-19 12:50:00.064",
                    "level": "ERROR",
                    "thread": "task-executor-3",
                    "class": "c.zbkj.admin.task.order.OrderCancelTask",
                    "message": "OrderCancelTask.task | msg : Cannot get Jedis connection; nested exception is redis.clients.jedis.exceptions.JedisConnectionException: Could not get a resource from the pool" }
                    
{
                    "app": "Crmeb",
                    "timestamp":"2025-09-19 12:50:00.074",
                    "level": "ERROR",
                    "thread": "task-executor-4",
                    "class": "c.zbkj.admin.task.order.OrderRefundTask",
                    "message": "OrderRefundTask.task | msg : Cannot get Jedis connection; nested exception is redis.clients.jedis.exceptions.JedisConnectionException: Could not get a resource from the pool" }
                    
{
                    "app": "Crmeb",
                    "timestamp":"2025-09-19 15:13:13.344",
                    "level": "ERROR",
                    "thread": "task-executor-2",
                    "class": "c.z.admin.task.order.OrderAutoCancelTask",
                    "message": "OrderAutoCancelTask.task | msg : Cannot get Jedis connection; nested exception is redis.clients.jedis.exceptions.JedisConnectionException: Could not get a resource from the pool" }
                    
{
                    "app": "Crmeb",
                    "timestamp":"2025-09-19 15:13:13.361",
                    "level": "ERROR",
                    "thread": "task-executor-5",
                    "class": "c.zbkj.admin.task.order.OrderRefundTask",
                    "message": "OrderRefundTask.task | msg : Cannot get Jedis connection; nested exception is redis.clients.jedis.exceptions.JedisConnectionException: Could not get a resource from the pool" }
                    
{
                    "app": "Crmeb",
                    "timestamp":"2025-09-19 15:13:13.372",
                    "level": "ERROR",
                    "thread": "task-executor-4",
                    "class": "c.z.admin.task.order.OrderPaySuccessTask",
                    "message": "OrderPaySuccessTask.task | msg : Cannot get Jedis connection; nested exception is redis.clients.jedis.exceptions.JedisConnectionException: Could not get a resource from the pool" }
                    
{
                    "app": "Crmeb",
                    "timestamp":"2025-09-19 15:13:13.384",
                    "level": "ERROR",
                    "thread": "task-executor-3",
                    "class": "c.zbkj.admin.task.order.OrderCancelTask",
                    "message": "OrderCancelTask.task | msg : Cannot get Jedis connection; nested exception is redis.clients.jedis.exceptions.JedisConnectionException: Could not get a resource from the pool" }
                    
{
                    "app": "Crmeb",
                    "timestamp":"2025-09-19 15:18:54.608",
                    "level": "ERROR",
                    "thread": "task-executor-2",
                    "class": "c.z.admin.task.order.OrderAutoCancelTask",
                    "message": "OrderAutoCancelTask.task | msg : Cannot get Jedis connection; nested exception is redis.clients.jedis.exceptions.JedisConnectionException: Could not get a resource from the pool" }
                    
{
                    "app": "Crmeb",
                    "timestamp":"2025-09-19 15:18:54.621",
                    "level": "ERROR",
                    "thread": "task-executor-4",
                    "class": "c.z.admin.task.order.OrderPaySuccessTask",
                    "message": "OrderPaySuccessTask.task | msg : Cannot get Jedis connection; nested exception is redis.clients.jedis.exceptions.JedisConnectionException: Could not get a resource from the pool" }
                    
{
                    "app": "Crmeb",
                    "timestamp":"2025-09-19 15:18:54.632",
                    "level": "ERROR",
                    "thread": "task-executor-3",
                    "class": "c.zbkj.admin.task.order.OrderCancelTask",
                    "message": "OrderCancelTask.task | msg : Cannot get Jedis connection; nested exception is redis.clients.jedis.exceptions.JedisConnectionException: Could not get a resource from the pool" }
                    
{
                    "app": "Crmeb",
                    "timestamp":"2025-09-19 15:18:54.643",
                    "level": "ERROR",
                    "thread": "task-executor-5",
                    "class": "c.zbkj.admin.task.order.OrderRefundTask",
                    "message": "OrderRefundTask.task | msg : Cannot get Jedis connection; nested exception is redis.clients.jedis.exceptions.JedisConnectionException: Could not get a resource from the pool" }
                    
{
                    "app": "Crmeb",
                    "timestamp":"2025-09-19 15:19:00.043",
                    "level": "ERROR",
                    "thread": "task-executor-7",
                    "class": "c.z.admin.task.order.OrderAutoCancelTask",
                    "message": "OrderAutoCancelTask.task | msg : Cannot get Jedis connection; nested exception is redis.clients.jedis.exceptions.JedisConnectionException: Could not get a resource from the pool" }
                    
{
                    "app": "Crmeb",
                    "timestamp":"2025-09-19 15:19:00.058",
                    "level": "ERROR",
                    "thread": "task-executor-8",
                    "class": "c.zbkj.admin.task.order.OrderCancelTask",
                    "message": "OrderCancelTask.task | msg : Cannot get Jedis connection; nested exception is redis.clients.jedis.exceptions.JedisConnectionException: Could not get a resource from the pool" }
                    
{
                    "app": "Crmeb",
                    "timestamp":"2025-09-19 15:19:00.070",
                    "level": "ERROR",
                    "thread": "task-executor-10",
                    "class": "c.zbkj.admin.task.order.OrderRefundTask",
                    "message": "OrderRefundTask.task | msg : Cannot get Jedis connection; nested exception is redis.clients.jedis.exceptions.JedisConnectionException: Could not get a resource from the pool" }
                    
{
                    "app": "Crmeb",
                    "timestamp":"2025-09-19 15:19:00.081",
                    "level": "ERROR",
                    "thread": "task-executor-9",
                    "class": "c.z.admin.task.order.OrderPaySuccessTask",
                    "message": "OrderPaySuccessTask.task | msg : Cannot get Jedis connection; nested exception is redis.clients.jedis.exceptions.JedisConnectionException: Could not get a resource from the pool" }
                    
{
                    "app": "Crmeb",
                    "timestamp":"2025-09-19 15:20:00.040",
                    "level": "ERROR",
                    "thread": "task-executor-12",
                    "class": "c.z.admin.task.order.OrderAutoCancelTask",
                    "message": "OrderAutoCancelTask.task | msg : Cannot get Jedis connection; nested exception is redis.clients.jedis.exceptions.JedisConnectionException: Could not get a resource from the pool" }
                    
{
                    "app": "Crmeb",
                    "timestamp":"2025-09-19 15:20:00.052",
                    "level": "ERROR",
                    "thread": "task-executor-14",
                    "class": "c.z.admin.task.order.OrderPaySuccessTask",
                    "message": "OrderPaySuccessTask.task | msg : Cannot get Jedis connection; nested exception is redis.clients.jedis.exceptions.JedisConnectionException: Could not get a resource from the pool" }
                    
{
                    "app": "Crmeb",
                    "timestamp":"2025-09-19 15:20:00.064",
                    "level": "ERROR",
                    "thread": "task-executor-13",
                    "class": "c.zbkj.admin.task.order.OrderCancelTask",
                    "message": "OrderCancelTask.task | msg : Cannot get Jedis connection; nested exception is redis.clients.jedis.exceptions.JedisConnectionException: Could not get a resource from the pool" }
                    
{
                    "app": "Crmeb",
                    "timestamp":"2025-09-19 15:20:00.076",
                    "level": "ERROR",
                    "thread": "task-executor-15",
                    "class": "c.zbkj.admin.task.order.OrderRefundTask",
                    "message": "OrderRefundTask.task | msg : Cannot get Jedis connection; nested exception is redis.clients.jedis.exceptions.JedisConnectionException: Could not get a resource from the pool" }
                    
{
                    "app": "Crmeb",
                    "timestamp":"2025-09-19 15:24:45.043",
                    "level": "ERROR",
                    "thread": "task-executor-2",
                    "class": "c.z.admin.task.order.OrderAutoCancelTask",
                    "message": "OrderAutoCancelTask.task | msg : Cannot get Jedis connection; nested exception is redis.clients.jedis.exceptions.JedisConnectionException: Could not get a resource from the pool" }
                    
{
                    "app": "Crmeb",
                    "timestamp":"2025-09-19 15:24:45.047",
                    "level": "ERROR",
                    "thread": "task-executor-3",
                    "class": "c.zbkj.admin.task.order.OrderCancelTask",
                    "message": "OrderCancelTask.task | msg : Cannot get Jedis connection; nested exception is redis.clients.jedis.exceptions.JedisConnectionException: Could not get a resource from the pool" }
                    
{
                    "app": "Crmeb",
                    "timestamp":"2025-09-19 15:24:45.051",
                    "level": "ERROR",
                    "thread": "task-executor-4",
                    "class": "c.z.admin.task.order.OrderPaySuccessTask",
                    "message": "OrderPaySuccessTask.task | msg : Cannot get Jedis connection; nested exception is redis.clients.jedis.exceptions.JedisConnectionException: Could not get a resource from the pool" }
                    
{
                    "app": "Crmeb",
                    "timestamp":"2025-09-19 15:24:45.061",
                    "level": "ERROR",
                    "thread": "task-executor-5",
                    "class": "c.zbkj.admin.task.order.OrderRefundTask",
                    "message": "OrderRefundTask.task | msg : Cannot get Jedis connection; nested exception is redis.clients.jedis.exceptions.JedisConnectionException: Could not get a resource from the pool" }
                    
{
                    "app": "Crmeb",
                    "timestamp":"2025-09-19 15:25:00.038",
                    "level": "ERROR",
                    "thread": "task-executor-7",
                    "class": "c.z.admin.task.order.OrderAutoCancelTask",
                    "message": "OrderAutoCancelTask.task | msg : Cannot get Jedis connection; nested exception is redis.clients.jedis.exceptions.JedisConnectionException: Could not get a resource from the pool" }
                    
{
                    "app": "Crmeb",
                    "timestamp":"2025-09-19 15:25:00.051",
                    "level": "ERROR",
                    "thread": "task-executor-8",
                    "class": "c.zbkj.admin.task.order.OrderCancelTask",
                    "message": "OrderCancelTask.task | msg : Cannot get Jedis connection; nested exception is redis.clients.jedis.exceptions.JedisConnectionException: Could not get a resource from the pool" }
                    
{
                    "app": "Crmeb",
                    "timestamp":"2025-09-19 15:25:00.066",
                    "level": "ERROR",
                    "thread": "task-executor-9",
                    "class": "c.z.admin.task.order.OrderPaySuccessTask",
                    "message": "OrderPaySuccessTask.task | msg : Cannot get Jedis connection; nested exception is redis.clients.jedis.exceptions.JedisConnectionException: Could not get a resource from the pool" }
                    
{
                    "app": "Crmeb",
                    "timestamp":"2025-09-19 15:25:00.078",
                    "level": "ERROR",
                    "thread": "task-executor-10",
                    "class": "c.zbkj.admin.task.order.OrderRefundTask",
                    "message": "OrderRefundTask.task | msg : Cannot get Jedis connection; nested exception is redis.clients.jedis.exceptions.JedisConnectionException: Could not get a resource from the pool" }
                    
{
                    "app": "Crmeb",
                    "timestamp":"2025-09-19 15:26:00.031",
                    "level": "ERROR",
                    "thread": "task-executor-12",
                    "class": "c.z.admin.task.order.OrderAutoCancelTask",
                    "message": "OrderAutoCancelTask.task | msg : Cannot get Jedis connection; nested exception is redis.clients.jedis.exceptions.JedisConnectionException: Could not get a resource from the pool" }
                    
{
                    "app": "Crmeb",
                    "timestamp":"2025-09-19 15:26:00.037",
                    "level": "ERROR",
                    "thread": "task-executor-13",
                    "class": "c.zbkj.admin.task.order.OrderCancelTask",
                    "message": "OrderCancelTask.task | msg : Cannot get Jedis connection; nested exception is redis.clients.jedis.exceptions.JedisConnectionException: Could not get a resource from the pool" }
                    
{
                    "app": "Crmeb",
                    "timestamp":"2025-09-19 15:26:00.050",
                    "level": "ERROR",
                    "thread": "task-executor-14",
                    "class": "c.z.admin.task.order.OrderPaySuccessTask",
                    "message": "OrderPaySuccessTask.task | msg : Cannot get Jedis connection; nested exception is redis.clients.jedis.exceptions.JedisConnectionException: Could not get a resource from the pool" }
                    
{
                    "app": "Crmeb",
                    "timestamp":"2025-09-19 15:26:00.055",
                    "level": "ERROR",
                    "thread": "task-executor-15",
                    "class": "c.zbkj.admin.task.order.OrderRefundTask",
                    "message": "OrderRefundTask.task | msg : Cannot get Jedis connection; nested exception is redis.clients.jedis.exceptions.JedisConnectionException: Could not get a resource from the pool" }
                    
{
                    "app": "Crmeb",
                    "timestamp":"2025-09-19 15:27:00.033",
                    "level": "ERROR",
                    "thread": "task-executor-17",
                    "class": "c.z.admin.task.order.OrderAutoCancelTask",
                    "message": "OrderAutoCancelTask.task | msg : Cannot get Jedis connection; nested exception is redis.clients.jedis.exceptions.JedisConnectionException: Could not get a resource from the pool" }
                    
{
                    "app": "Crmeb",
                    "timestamp":"2025-09-19 15:27:00.042",
                    "level": "ERROR",
                    "thread": "task-executor-18",
                    "class": "c.zbkj.admin.task.order.OrderCancelTask",
                    "message": "OrderCancelTask.task | msg : Cannot get Jedis connection; nested exception is redis.clients.jedis.exceptions.JedisConnectionException: Could not get a resource from the pool" }
                    
{
                    "app": "Crmeb",
                    "timestamp":"2025-09-19 15:27:00.051",
                    "level": "ERROR",
                    "thread": "task-executor-19",
                    "class": "c.z.admin.task.order.OrderPaySuccessTask",
                    "message": "OrderPaySuccessTask.task | msg : Cannot get Jedis connection; nested exception is redis.clients.jedis.exceptions.JedisConnectionException: Could not get a resource from the pool" }
                    
{
                    "app": "Crmeb",
                    "timestamp":"2025-09-19 15:27:00.059",
                    "level": "ERROR",
                    "thread": "task-executor-20",
                    "class": "c.zbkj.admin.task.order.OrderRefundTask",
                    "message": "OrderRefundTask.task | msg : Cannot get Jedis connection; nested exception is redis.clients.jedis.exceptions.JedisConnectionException: Could not get a resource from the pool" }
                    
{
                    "app": "Crmeb",
                    "timestamp":"2025-09-19 15:28:00.037",
                    "level": "ERROR",
                    "thread": "task-executor-2",
                    "class": "c.z.admin.task.order.OrderAutoCancelTask",
                    "message": "OrderAutoCancelTask.task | msg : Cannot get Jedis connection; nested exception is redis.clients.jedis.exceptions.JedisConnectionException: Could not get a resource from the pool" }
                    
{
                    "app": "Crmeb",
                    "timestamp":"2025-09-19 15:28:00.046",
                    "level": "ERROR",
                    "thread": "task-executor-3",
                    "class": "c.zbkj.admin.task.order.OrderCancelTask",
                    "message": "OrderCancelTask.task | msg : Cannot get Jedis connection; nested exception is redis.clients.jedis.exceptions.JedisConnectionException: Could not get a resource from the pool" }
                    
{
                    "app": "Crmeb",
                    "timestamp":"2025-09-19 15:28:00.058",
                    "level": "ERROR",
                    "thread": "task-executor-4",
                    "class": "c.z.admin.task.order.OrderPaySuccessTask",
                    "message": "OrderPaySuccessTask.task | msg : Cannot get Jedis connection; nested exception is redis.clients.jedis.exceptions.JedisConnectionException: Could not get a resource from the pool" }
                    
{
                    "app": "Crmeb",
                    "timestamp":"2025-09-19 15:28:00.067",
                    "level": "ERROR",
                    "thread": "task-executor-5",
                    "class": "c.zbkj.admin.task.order.OrderRefundTask",
                    "message": "OrderRefundTask.task | msg : Cannot get Jedis connection; nested exception is redis.clients.jedis.exceptions.JedisConnectionException: Could not get a resource from the pool" }
                    
{
                    "app": "Crmeb",
                    "timestamp":"2025-09-19 15:29:00.020",
                    "level": "ERROR",
                    "thread": "task-executor-7",
                    "class": "c.z.admin.task.order.OrderAutoCancelTask",
                    "message": "OrderAutoCancelTask.task | msg : Cannot get Jedis connection; nested exception is redis.clients.jedis.exceptions.JedisConnectionException: Could not get a resource from the pool" }
                    
{
                    "app": "Crmeb",
                    "timestamp":"2025-09-19 15:29:00.026",
                    "level": "ERROR",
                    "thread": "task-executor-8",
                    "class": "c.zbkj.admin.task.order.OrderCancelTask",
                    "message": "OrderCancelTask.task | msg : Cannot get Jedis connection; nested exception is redis.clients.jedis.exceptions.JedisConnectionException: Could not get a resource from the pool" }
                    
{
                    "app": "Crmeb",
                    "timestamp":"2025-09-19 15:29:00.035",
                    "level": "ERROR",
                    "thread": "task-executor-9",
                    "class": "c.z.admin.task.order.OrderPaySuccessTask",
                    "message": "OrderPaySuccessTask.task | msg : Cannot get Jedis connection; nested exception is redis.clients.jedis.exceptions.JedisConnectionException: Could not get a resource from the pool" }
                    
{
                    "app": "Crmeb",
                    "timestamp":"2025-09-19 15:29:00.041",
                    "level": "ERROR",
                    "thread": "task-executor-10",
                    "class": "c.zbkj.admin.task.order.OrderRefundTask",
                    "message": "OrderRefundTask.task | msg : Cannot get Jedis connection; nested exception is redis.clients.jedis.exceptions.JedisConnectionException: Could not get a resource from the pool" }
                    
{
                    "app": "Crmeb",
                    "timestamp":"2025-09-19 15:30:00.024",
                    "level": "ERROR",
                    "thread": "task-executor-12",
                    "class": "c.z.admin.task.order.OrderAutoCancelTask",
                    "message": "OrderAutoCancelTask.task | msg : Cannot get Jedis connection; nested exception is redis.clients.jedis.exceptions.JedisConnectionException: Could not get a resource from the pool" }
                    
{
                    "app": "Crmeb",
                    "timestamp":"2025-09-19 15:30:00.034",
                    "level": "ERROR",
                    "thread": "task-executor-13",
                    "class": "c.zbkj.admin.task.order.OrderCancelTask",
                    "message": "OrderCancelTask.task | msg : Cannot get Jedis connection; nested exception is redis.clients.jedis.exceptions.JedisConnectionException: Could not get a resource from the pool" }
                    
{
                    "app": "Crmeb",
                    "timestamp":"2025-09-19 15:30:00.040",
                    "level": "ERROR",
                    "thread": "task-executor-14",
                    "class": "c.z.admin.task.order.OrderPaySuccessTask",
                    "message": "OrderPaySuccessTask.task | msg : Cannot get Jedis connection; nested exception is redis.clients.jedis.exceptions.JedisConnectionException: Could not get a resource from the pool" }
                    
{
                    "app": "Crmeb",
                    "timestamp":"2025-09-19 15:30:00.048",
                    "level": "ERROR",
                    "thread": "task-executor-15",
                    "class": "c.zbkj.admin.task.order.OrderRefundTask",
                    "message": "OrderRefundTask.task | msg : Cannot get Jedis connection; nested exception is redis.clients.jedis.exceptions.JedisConnectionException: Could not get a resource from the pool" }
                    
{
                    "app": "Crmeb",
                    "timestamp":"2025-09-19 15:31:00.028",
                    "level": "ERROR",
                    "thread": "task-executor-17",
                    "class": "c.z.admin.task.order.OrderAutoCancelTask",
                    "message": "OrderAutoCancelTask.task | msg : Cannot get Jedis connection; nested exception is redis.clients.jedis.exceptions.JedisConnectionException: Could not get a resource from the pool" }
                    
{
                    "app": "Crmeb",
                    "timestamp":"2025-09-19 15:31:00.037",
                    "level": "ERROR",
                    "thread": "task-executor-18",
                    "class": "c.zbkj.admin.task.order.OrderCancelTask",
                    "message": "OrderCancelTask.task | msg : Cannot get Jedis connection; nested exception is redis.clients.jedis.exceptions.JedisConnectionException: Could not get a resource from the pool" }
                    
{
                    "app": "Crmeb",
                    "timestamp":"2025-09-19 15:31:00.042",
                    "level": "ERROR",
                    "thread": "task-executor-19",
                    "class": "c.z.admin.task.order.OrderPaySuccessTask",
                    "message": "OrderPaySuccessTask.task | msg : Cannot get Jedis connection; nested exception is redis.clients.jedis.exceptions.JedisConnectionException: Could not get a resource from the pool" }
                    
{
                    "app": "Crmeb",
                    "timestamp":"2025-09-19 15:31:00.048",
                    "level": "ERROR",
                    "thread": "task-executor-20",
                    "class": "c.zbkj.admin.task.order.OrderRefundTask",
                    "message": "OrderRefundTask.task | msg : Cannot get Jedis connection; nested exception is redis.clients.jedis.exceptions.JedisConnectionException: Could not get a resource from the pool" }
                    
{
                    "app": "Crmeb",
                    "timestamp":"2025-09-19 15:32:00.025",
                    "level": "ERROR",
                    "thread": "task-executor-2",
                    "class": "c.z.admin.task.order.OrderAutoCancelTask",
                    "message": "OrderAutoCancelTask.task | msg : Cannot get Jedis connection; nested exception is redis.clients.jedis.exceptions.JedisConnectionException: Could not get a resource from the pool" }
                    
{
                    "app": "Crmeb",
                    "timestamp":"2025-09-19 15:32:00.036",
                    "level": "ERROR",
                    "thread": "task-executor-3",
                    "class": "c.zbkj.admin.task.order.OrderCancelTask",
                    "message": "OrderCancelTask.task | msg : Cannot get Jedis connection; nested exception is redis.clients.jedis.exceptions.JedisConnectionException: Could not get a resource from the pool" }
                    
{
                    "app": "Crmeb",
                    "timestamp":"2025-09-19 15:32:00.043",
                    "level": "ERROR",
                    "thread": "task-executor-4",
                    "class": "c.z.admin.task.order.OrderPaySuccessTask",
                    "message": "OrderPaySuccessTask.task | msg : Cannot get Jedis connection; nested exception is redis.clients.jedis.exceptions.JedisConnectionException: Could not get a resource from the pool" }
                    
{
                    "app": "Crmeb",
                    "timestamp":"2025-09-19 15:32:00.049",
                    "level": "ERROR",
                    "thread": "task-executor-5",
                    "class": "c.zbkj.admin.task.order.OrderRefundTask",
                    "message": "OrderRefundTask.task | msg : Cannot get Jedis connection; nested exception is redis.clients.jedis.exceptions.JedisConnectionException: Could not get a resource from the pool" }
                    
{
                    "app": "Crmeb",
                    "timestamp":"2025-09-19 17:28:14.594",
                    "level": "ERROR",
                    "thread": "main",
                    "class": "o.s.b.d.LoggingFailureAnalysisReporter",
                    "message": "

***************************
APPLICATION FAILED TO START
***************************

Description:

Web server failed to start. Port 20008 was already in use.

Action:

Identify and stop the process that's listening on port 20008 or configure this application to listen on another port.
" }
                    
{
                    "app": "Crmeb",
                    "timestamp":"2025-09-19 17:29:29.690",
                    "level": "ERROR",
                    "thread": "main",
                    "class": "o.s.b.d.LoggingFailureAnalysisReporter",
                    "message": "

***************************
APPLICATION FAILED TO START
***************************

Description:

Web server failed to start. Port 20008 was already in use.

Action:

Identify and stop the process that's listening on port 20008 or configure this application to listen on another port.
" }
                    
{
                    "app": "Crmeb",
                    "timestamp":"2025-09-19 17:39:40.627",
                    "level": "ERROR",
                    "thread": "main",
                    "class": "o.s.b.d.LoggingFailureAnalysisReporter",
                    "message": "

***************************
APPLICATION FAILED TO START
***************************

Description:

Web server failed to start. Port 20008 was already in use.

Action:

Identify and stop the process that's listening on port 20008 or configure this application to listen on another port.
" }
                    
{
                    "app": "Crmeb",
                    "timestamp":"2025-09-19 17:40:30.554",
                    "level": "ERROR",
                    "thread": "main",
                    "class": "o.s.b.d.LoggingFailureAnalysisReporter",
                    "message": "

***************************
APPLICATION FAILED TO START
***************************

Description:

Web server failed to start. Port 20008 was already in use.

Action:

Identify and stop the process that's listening on port 20008 or configure this application to listen on another port.
" }
                    
{
                    "app": "Crmeb",
                    "timestamp":"2025-09-19 17:46:00.072",
                    "level": "ERROR",
                    "thread": "task-executor-2",
                    "class": "c.z.admin.task.order.OrderAutoCancelTask",
                    "message": "OrderAutoCancelTask.task | msg : Cannot get Jedis connection; nested exception is redis.clients.jedis.exceptions.JedisConnectionException: Could not get a resource from the pool" }
                    
{
                    "app": "Crmeb",
                    "timestamp":"2025-09-19 17:46:00.086",
                    "level": "ERROR",
                    "thread": "task-executor-5",
                    "class": "c.zbkj.admin.task.order.OrderRefundTask",
                    "message": "OrderRefundTask.task | msg : Cannot get Jedis connection; nested exception is redis.clients.jedis.exceptions.JedisConnectionException: Could not get a resource from the pool" }
                    
{
                    "app": "Crmeb",
                    "timestamp":"2025-09-19 17:46:00.109",
                    "level": "ERROR",
                    "thread": "task-executor-4",
                    "class": "c.z.admin.task.order.OrderPaySuccessTask",
                    "message": "OrderPaySuccessTask.task | msg : Cannot get Jedis connection; nested exception is redis.clients.jedis.exceptions.JedisConnectionException: Could not get a resource from the pool" }
                    
{
                    "app": "Crmeb",
                    "timestamp":"2025-09-19 17:46:00.122",
                    "level": "ERROR",
                    "thread": "task-executor-3",
                    "class": "c.zbkj.admin.task.order.OrderCancelTask",
                    "message": "OrderCancelTask.task | msg : Cannot get Jedis connection; nested exception is redis.clients.jedis.exceptions.JedisConnectionException: Could not get a resource from the pool" }
                    
{
                    "app": "Crmeb",
                    "timestamp":"2025-09-19 17:47:00.040",
                    "level": "ERROR",
                    "thread": "task-executor-7",
                    "class": "c.z.admin.task.order.OrderAutoCancelTask",
                    "message": "OrderAutoCancelTask.task | msg : Cannot get Jedis connection; nested exception is redis.clients.jedis.exceptions.JedisConnectionException: Could not get a resource from the pool" }
                    
{
                    "app": "Crmeb",
                    "timestamp":"2025-09-19 17:47:00.056",
                    "level": "ERROR",
                    "thread": "task-executor-8",
                    "class": "c.zbkj.admin.task.order.OrderCancelTask",
                    "message": "OrderCancelTask.task | msg : Cannot get Jedis connection; nested exception is redis.clients.jedis.exceptions.JedisConnectionException: Could not get a resource from the pool" }
                    
{
                    "app": "Crmeb",
                    "timestamp":"2025-09-19 17:47:00.068",
                    "level": "ERROR",
                    "thread": "task-executor-10",
                    "class": "c.zbkj.admin.task.order.OrderRefundTask",
                    "message": "OrderRefundTask.task | msg : Cannot get Jedis connection; nested exception is redis.clients.jedis.exceptions.JedisConnectionException: Could not get a resource from the pool" }
                    
{
                    "app": "Crmeb",
                    "timestamp":"2025-09-19 17:47:00.081",
                    "level": "ERROR",
                    "thread": "task-executor-9",
                    "class": "c.z.admin.task.order.OrderPaySuccessTask",
                    "message": "OrderPaySuccessTask.task | msg : Cannot get Jedis connection; nested exception is redis.clients.jedis.exceptions.JedisConnectionException: Could not get a resource from the pool" }
                    
{
                    "app": "Crmeb",
                    "timestamp":"2025-09-19 17:48:00.050",
                    "level": "ERROR",
                    "thread": "task-executor-12",
                    "class": "c.z.admin.task.order.OrderAutoCancelTask",
                    "message": "OrderAutoCancelTask.task | msg : Cannot get Jedis connection; nested exception is redis.clients.jedis.exceptions.JedisConnectionException: Could not get a resource from the pool" }
                    
{
                    "app": "Crmeb",
                    "timestamp":"2025-09-19 17:48:00.064",
                    "level": "ERROR",
                    "thread": "task-executor-13",
                    "class": "c.zbkj.admin.task.order.OrderCancelTask",
                    "message": "OrderCancelTask.task | msg : Cannot get Jedis connection; nested exception is redis.clients.jedis.exceptions.JedisConnectionException: Could not get a resource from the pool" }
                    
{
                    "app": "Crmeb",
                    "timestamp":"2025-09-19 17:48:00.077",
                    "level": "ERROR",
                    "thread": "task-executor-15",
                    "class": "c.zbkj.admin.task.order.OrderRefundTask",
                    "message": "OrderRefundTask.task | msg : Cannot get Jedis connection; nested exception is redis.clients.jedis.exceptions.JedisConnectionException: Could not get a resource from the pool" }
                    
{
                    "app": "Crmeb",
                    "timestamp":"2025-09-19 17:48:00.087",
                    "level": "ERROR",
                    "thread": "task-executor-14",
                    "class": "c.z.admin.task.order.OrderPaySuccessTask",
                    "message": "OrderPaySuccessTask.task | msg : Cannot get Jedis connection; nested exception is redis.clients.jedis.exceptions.JedisConnectionException: Could not get a resource from the pool" }
                    
{
                    "app": "Crmeb",
                    "timestamp":"2025-09-19 17:49:00.050",
                    "level": "ERROR",
                    "thread": "task-executor-17",
                    "class": "c.z.admin.task.order.OrderAutoCancelTask",
                    "message": "OrderAutoCancelTask.task | msg : Cannot get Jedis connection; nested exception is redis.clients.jedis.exceptions.JedisConnectionException: Could not get a resource from the pool" }
                    
{
                    "app": "Crmeb",
                    "timestamp":"2025-09-19 17:49:00.068",
                    "level": "ERROR",
                    "thread": "task-executor-18",
                    "class": "c.zbkj.admin.task.order.OrderCancelTask",
                    "message": "OrderCancelTask.task | msg : Cannot get Jedis connection; nested exception is redis.clients.jedis.exceptions.JedisConnectionException: Could not get a resource from the pool" }
                    
{
                    "app": "Crmeb",
                    "timestamp":"2025-09-19 17:49:00.084",
                    "level": "ERROR",
                    "thread": "task-executor-20",
                    "class": "c.zbkj.admin.task.order.OrderRefundTask",
                    "message": "OrderRefundTask.task | msg : Cannot get Jedis connection; nested exception is redis.clients.jedis.exceptions.JedisConnectionException: Could not get a resource from the pool" }
                    
{
                    "app": "Crmeb",
                    "timestamp":"2025-09-19 17:49:00.102",
                    "level": "ERROR",
                    "thread": "task-executor-19",
                    "class": "c.z.admin.task.order.OrderPaySuccessTask",
                    "message": "OrderPaySuccessTask.task | msg : Cannot get Jedis connection; nested exception is redis.clients.jedis.exceptions.JedisConnectionException: Could not get a resource from the pool" }
                    
{
                    "app": "Crmeb",
                    "timestamp":"2025-09-19 17:50:00.044",
                    "level": "ERROR",
                    "thread": "task-executor-2",
                    "class": "c.z.admin.task.order.OrderAutoCancelTask",
                    "message": "OrderAutoCancelTask.task | msg : Cannot get Jedis connection; nested exception is redis.clients.jedis.exceptions.JedisConnectionException: Could not get a resource from the pool" }
                    
{
                    "app": "Crmeb",
                    "timestamp":"2025-09-19 17:50:00.059",
                    "level": "ERROR",
                    "thread": "task-executor-4",
                    "class": "c.z.admin.task.order.OrderPaySuccessTask",
                    "message": "OrderPaySuccessTask.task | msg : Cannot get Jedis connection; nested exception is redis.clients.jedis.exceptions.JedisConnectionException: Could not get a resource from the pool" }
                    
{
                    "app": "Crmeb",
                    "timestamp":"2025-09-19 17:50:00.070",
                    "level": "ERROR",
                    "thread": "task-executor-5",
                    "class": "c.zbkj.admin.task.order.OrderCancelTask",
                    "message": "OrderCancelTask.task | msg : Cannot get Jedis connection; nested exception is redis.clients.jedis.exceptions.JedisConnectionException: Could not get a resource from the pool" }
                    
{
                    "app": "Crmeb",
                    "timestamp":"2025-09-19 17:50:00.083",
                    "level": "ERROR",
                    "thread": "task-executor-3",
                    "class": "c.zbkj.admin.task.order.OrderRefundTask",
                    "message": "OrderRefundTask.task | msg : Cannot get Jedis connection; nested exception is redis.clients.jedis.exceptions.JedisConnectionException: Could not get a resource from the pool" }
                    
{
                    "app": "Crmeb",
                    "timestamp":"2025-09-19 17:51:00.043",
                    "level": "ERROR",
                    "thread": "task-executor-7",
                    "class": "c.z.admin.task.order.OrderAutoCancelTask",
                    "message": "OrderAutoCancelTask.task | msg : Cannot get Jedis connection; nested exception is redis.clients.jedis.exceptions.JedisConnectionException: Could not get a resource from the pool" }
                    
{
                    "app": "Crmeb",
                    "timestamp":"2025-09-19 17:51:00.057",
                    "level": "ERROR",
                    "thread": "task-executor-8",
                    "class": "c.zbkj.admin.task.order.OrderCancelTask",
                    "message": "OrderCancelTask.task | msg : Cannot get Jedis connection; nested exception is redis.clients.jedis.exceptions.JedisConnectionException: Could not get a resource from the pool" }
                    
{
                    "app": "Crmeb",
                    "timestamp":"2025-09-19 17:51:00.070",
                    "level": "ERROR",
                    "thread": "task-executor-9",
                    "class": "c.zbkj.admin.task.order.OrderRefundTask",
                    "message": "OrderRefundTask.task | msg : Cannot get Jedis connection; nested exception is redis.clients.jedis.exceptions.JedisConnectionException: Could not get a resource from the pool" }
                    
{
                    "app": "Crmeb",
                    "timestamp":"2025-09-19 17:51:00.081",
                    "level": "ERROR",
                    "thread": "task-executor-10",
                    "class": "c.z.admin.task.order.OrderPaySuccessTask",
                    "message": "OrderPaySuccessTask.task | msg : Cannot get Jedis connection; nested exception is redis.clients.jedis.exceptions.JedisConnectionException: Could not get a resource from the pool" }
                    
{
                    "app": "Crmeb",
                    "timestamp":"2025-09-19 17:52:00.043",
                    "level": "ERROR",
                    "thread": "task-executor-12",
                    "class": "c.zbkj.admin.task.order.OrderCancelTask",
                    "message": "OrderCancelTask.task | msg : Cannot get Jedis connection; nested exception is redis.clients.jedis.exceptions.JedisConnectionException: Could not get a resource from the pool" }
                    
{
                    "app": "Crmeb",
                    "timestamp":"2025-09-19 17:52:00.055",
                    "level": "ERROR",
                    "thread": "task-executor-13",
                    "class": "c.z.admin.task.order.OrderPaySuccessTask",
                    "message": "OrderPaySuccessTask.task | msg : Cannot get Jedis connection; nested exception is redis.clients.jedis.exceptions.JedisConnectionException: Could not get a resource from the pool" }
                    
{
                    "app": "Crmeb",
                    "timestamp":"2025-09-19 17:52:00.062",
                    "level": "ERROR",
                    "thread": "task-executor-15",
                    "class": "c.zbkj.admin.task.order.OrderRefundTask",
                    "message": "OrderRefundTask.task | msg : Cannot get Jedis connection; nested exception is redis.clients.jedis.exceptions.JedisConnectionException: Could not get a resource from the pool" }
                    
{
                    "app": "Crmeb",
                    "timestamp":"2025-09-19 17:53:00.041",
                    "level": "ERROR",
                    "thread": "task-executor-16",
                    "class": "c.zbkj.admin.task.order.OrderCancelTask",
                    "message": "OrderCancelTask.task | msg : Cannot get Jedis connection; nested exception is redis.clients.jedis.exceptions.JedisConnectionException: Could not get a resource from the pool" }
                    
{
                    "app": "Crmeb",
                    "timestamp":"2025-09-19 17:53:00.051",
                    "level": "ERROR",
                    "thread": "task-executor-17",
                    "class": "c.zbkj.admin.task.order.OrderRefundTask",
                    "message": "OrderRefundTask.task | msg : Cannot get Jedis connection; nested exception is redis.clients.jedis.exceptions.JedisConnectionException: Could not get a resource from the pool" }
                    
{
                    "app": "Crmeb",
                    "timestamp":"2025-09-19 17:54:00.030",
                    "level": "ERROR",
                    "thread": "task-executor-18",
                    "class": "c.z.admin.task.order.OrderAutoCancelTask",
                    "message": "OrderAutoCancelTask.task | msg : Cannot get Jedis connection; nested exception is redis.clients.jedis.exceptions.JedisConnectionException: Could not get a resource from the pool" }
                    
{
                    "app": "Crmeb",
                    "timestamp":"2025-09-19 17:54:00.040",
                    "level": "ERROR",
                    "thread": "task-executor-20",
                    "class": "c.z.admin.task.order.OrderPaySuccessTask",
                    "message": "OrderPaySuccessTask.task | msg : Cannot get Jedis connection; nested exception is redis.clients.jedis.exceptions.JedisConnectionException: Could not get a resource from the pool" }
                    
{
                    "app": "Crmeb",
                    "timestamp":"2025-09-19 17:55:00.022",
                    "level": "ERROR",
                    "thread": "task-executor-19",
                    "class": "c.z.admin.task.order.OrderAutoCancelTask",
                    "message": "OrderAutoCancelTask.task | msg : Cannot get Jedis connection; nested exception is redis.clients.jedis.exceptions.JedisConnectionException: Could not get a resource from the pool" }
                    
{
                    "app": "Crmeb",
                    "timestamp":"2025-09-19 17:55:00.032",
                    "level": "ERROR",
                    "thread": "task-executor-1",
                    "class": "c.z.admin.task.order.OrderPaySuccessTask",
                    "message": "OrderPaySuccessTask.task | msg : Cannot get Jedis connection; nested exception is redis.clients.jedis.exceptions.JedisConnectionException: Could not get a resource from the pool" }
                    
{
                    "app": "Crmeb",
                    "timestamp":"2025-09-19 17:56:00.024",
                    "level": "ERROR",
                    "thread": "task-executor-2",
                    "class": "c.z.admin.task.order.OrderAutoCancelTask",
                    "message": "OrderAutoCancelTask.task | msg : Cannot get Jedis connection; nested exception is redis.clients.jedis.exceptions.JedisConnectionException: Could not get a resource from the pool" }
                    
{
                    "app": "Crmeb",
                    "timestamp":"2025-09-19 17:56:00.033",
                    "level": "ERROR",
                    "thread": "task-executor-4",
                    "class": "c.zbkj.admin.task.order.OrderCancelTask",
                    "message": "OrderCancelTask.task | msg : Cannot get Jedis connection; nested exception is redis.clients.jedis.exceptions.JedisConnectionException: Could not get a resource from the pool" }
                    
{
                    "app": "Crmeb",
                    "timestamp":"2025-09-19 17:56:00.040",
                    "level": "ERROR",
                    "thread": "task-executor-5",
                    "class": "c.zbkj.admin.task.order.OrderRefundTask",
                    "message": "OrderRefundTask.task | msg : Cannot get Jedis connection; nested exception is redis.clients.jedis.exceptions.JedisConnectionException: Could not get a resource from the pool" }
                    
{
                    "app": "Crmeb",
                    "timestamp":"2025-09-19 17:57:00.034",
                    "level": "ERROR",
                    "thread": "task-executor-3",
                    "class": "c.z.admin.task.order.OrderAutoCancelTask",
                    "message": "OrderAutoCancelTask.task | msg : Cannot get Jedis connection; nested exception is redis.clients.jedis.exceptions.JedisConnectionException: Could not get a resource from the pool" }
                    
{
                    "app": "Crmeb",
                    "timestamp":"2025-09-19 17:57:00.044",
                    "level": "ERROR",
                    "thread": "task-executor-6",
                    "class": "c.z.admin.task.order.OrderPaySuccessTask",
                    "message": "OrderPaySuccessTask.task | msg : Cannot get Jedis connection; nested exception is redis.clients.jedis.exceptions.JedisConnectionException: Could not get a resource from the pool" }
                    
{
                    "app": "Crmeb",
                    "timestamp":"2025-09-19 17:58:00.038",
                    "level": "ERROR",
                    "thread": "task-executor-8",
                    "class": "c.z.admin.task.order.OrderPaySuccessTask",
                    "message": "OrderPaySuccessTask.task | msg : Cannot get Jedis connection; nested exception is redis.clients.jedis.exceptions.JedisConnectionException: Could not get a resource from the pool" }
                    
{
                    "app": "Crmeb",
                    "timestamp":"2025-09-19 17:59:00.028",
                    "level": "ERROR",
                    "thread": "task-executor-9",
                    "class": "c.z.admin.task.order.OrderAutoCancelTask",
                    "message": "OrderAutoCancelTask.task | msg : Cannot get Jedis connection; nested exception is redis.clients.jedis.exceptions.JedisConnectionException: Could not get a resource from the pool" }
                    
{
                    "app": "Crmeb",
                    "timestamp":"2025-09-19 17:59:00.038",
                    "level": "ERROR",
                    "thread": "task-executor-10",
                    "class": "c.z.admin.task.order.OrderPaySuccessTask",
                    "message": "OrderPaySuccessTask.task | msg : Cannot get Jedis connection; nested exception is redis.clients.jedis.exceptions.JedisConnectionException: Could not get a resource from the pool" }
                    
{
                    "app": "Crmeb",
                    "timestamp":"2025-09-19 18:00:00.039",
                    "level": "ERROR",
                    "thread": "task-executor-11",
                    "class": "c.z.admin.task.order.OrderAutoCancelTask",
                    "message": "OrderAutoCancelTask.task | msg : Cannot get Jedis connection; nested exception is redis.clients.jedis.exceptions.JedisConnectionException: Could not get a resource from the pool" }
                    
{
                    "app": "Crmeb",
                    "timestamp":"2025-09-19 18:00:00.047",
                    "level": "ERROR",
                    "thread": "task-executor-12",
                    "class": "c.z.admin.task.order.OrderPaySuccessTask",
                    "message": "OrderPaySuccessTask.task | msg : Cannot get Jedis connection; nested exception is redis.clients.jedis.exceptions.JedisConnectionException: Could not get a resource from the pool" }
                    
{
                    "app": "Crmeb",
                    "timestamp":"2025-09-19 18:01:00.035",
                    "level": "ERROR",
                    "thread": "task-executor-13",
                    "class": "c.z.admin.task.order.OrderAutoCancelTask",
                    "message": "OrderAutoCancelTask.task | msg : Cannot get Jedis connection; nested exception is redis.clients.jedis.exceptions.JedisConnectionException: Could not get a resource from the pool" }
                    
{
                    "app": "Crmeb",
                    "timestamp":"2025-09-19 18:01:00.045",
                    "level": "ERROR",
                    "thread": "task-executor-15",
                    "class": "c.zbkj.admin.task.order.OrderCancelTask",
                    "message": "OrderCancelTask.task | msg : Cannot get Jedis connection; nested exception is redis.clients.jedis.exceptions.JedisConnectionException: Could not get a resource from the pool" }
                    
{
                    "app": "Crmeb",
                    "timestamp":"2025-09-19 18:01:00.052",
                    "level": "ERROR",
                    "thread": "task-executor-14",
                    "class": "c.zbkj.admin.task.order.OrderRefundTask",
                    "message": "OrderRefundTask.task | msg : Cannot get Jedis connection; nested exception is redis.clients.jedis.exceptions.JedisConnectionException: Could not get a resource from the pool" }
                    
{
                    "app": "Crmeb",
                    "timestamp":"2025-09-19 18:02:00.048",
                    "level": "ERROR",
                    "thread": "task-executor-17",
                    "class": "c.zbkj.admin.task.order.OrderCancelTask",
                    "message": "OrderCancelTask.task | msg : Cannot get Jedis connection; nested exception is redis.clients.jedis.exceptions.JedisConnectionException: Could not get a resource from the pool" }
                    
{
                    "app": "Crmeb",
                    "timestamp":"2025-09-19 18:02:00.056",
                    "level": "ERROR",
                    "thread": "task-executor-18",
                    "class": "c.zbkj.admin.task.order.OrderRefundTask",
                    "message": "OrderRefundTask.task | msg : Cannot get Jedis connection; nested exception is redis.clients.jedis.exceptions.JedisConnectionException: Could not get a resource from the pool" }
                    
{
                    "app": "Crmeb",
                    "timestamp":"2025-09-19 18:03:00.038",
                    "level": "ERROR",
                    "thread": "task-executor-19",
                    "class": "c.z.admin.task.order.OrderPaySuccessTask",
                    "message": "OrderPaySuccessTask.task | msg : Cannot get Jedis connection; nested exception is redis.clients.jedis.exceptions.JedisConnectionException: Could not get a resource from the pool" }
                    
{
                    "app": "Crmeb",
                    "timestamp":"2025-09-19 18:04:00.035",
                    "level": "ERROR",
                    "thread": "task-executor-2",
                    "class": "c.zbkj.admin.task.order.OrderCancelTask",
                    "message": "OrderCancelTask.task | msg : Cannot get Jedis connection; nested exception is redis.clients.jedis.exceptions.JedisConnectionException: Could not get a resource from the pool" }
                    
{
                    "app": "Crmeb",
                    "timestamp":"2025-09-19 18:04:00.043",
                    "level": "ERROR",
                    "thread": "task-executor-4",
                    "class": "c.z.admin.task.order.OrderPaySuccessTask",
                    "message": "OrderPaySuccessTask.task | msg : Cannot get Jedis connection; nested exception is redis.clients.jedis.exceptions.JedisConnectionException: Could not get a resource from the pool" }
                    
{
                    "app": "Crmeb",
                    "timestamp":"2025-09-19 18:05:00.046",
                    "level": "ERROR",
                    "thread": "task-executor-3",
                    "class": "c.z.admin.task.order.OrderPaySuccessTask",
                    "message": "OrderPaySuccessTask.task | msg : Cannot get Jedis connection; nested exception is redis.clients.jedis.exceptions.JedisConnectionException: Could not get a resource from the pool" }
                    
{
                    "app": "Crmeb",
                    "timestamp":"2025-09-19 18:06:00.030",
                    "level": "ERROR",
                    "thread": "task-executor-6",
                    "class": "c.z.admin.task.order.OrderAutoCancelTask",
                    "message": "OrderAutoCancelTask.task | msg : Cannot get Jedis connection; nested exception is redis.clients.jedis.exceptions.JedisConnectionException: Could not get a resource from the pool" }
                    
{
                    "app": "Crmeb",
                    "timestamp":"2025-09-19 18:06:00.041",
                    "level": "ERROR",
                    "thread": "task-executor-7",
                    "class": "c.zbkj.admin.task.order.OrderCancelTask",
                    "message": "OrderCancelTask.task | msg : Cannot get Jedis connection; nested exception is redis.clients.jedis.exceptions.JedisConnectionException: Could not get a resource from the pool" }
                    
{
                    "app": "Crmeb",
                    "timestamp":"2025-09-19 18:06:00.047",
                    "level": "ERROR",
                    "thread": "task-executor-8",
                    "class": "c.zbkj.admin.task.order.OrderRefundTask",
                    "message": "OrderRefundTask.task | msg : Cannot get Jedis connection; nested exception is redis.clients.jedis.exceptions.JedisConnectionException: Could not get a resource from the pool" }
                    
{
                    "app": "Crmeb",
                    "timestamp":"2025-09-19 18:07:00.014",
                    "level": "ERROR",
                    "thread": "task-executor-9",
                    "class": "c.z.admin.task.order.OrderAutoCancelTask",
                    "message": "OrderAutoCancelTask.task | msg : Cannot get Jedis connection; nested exception is redis.clients.jedis.exceptions.JedisConnectionException: Could not get a resource from the pool" }
                    
{
                    "app": "Crmeb",
                    "timestamp":"2025-09-19 18:07:00.024",
                    "level": "ERROR",
                    "thread": "task-executor-10",
                    "class": "c.zbkj.admin.task.order.OrderCancelTask",
                    "message": "OrderCancelTask.task | msg : Cannot get Jedis connection; nested exception is redis.clients.jedis.exceptions.JedisConnectionException: Could not get a resource from the pool" }
                    
{
                    "app": "Crmeb",
                    "timestamp":"2025-09-19 18:07:00.034",
                    "level": "ERROR",
                    "thread": "task-executor-11",
                    "class": "c.zbkj.admin.task.order.OrderRefundTask",
                    "message": "OrderRefundTask.task | msg : Cannot get Jedis connection; nested exception is redis.clients.jedis.exceptions.JedisConnectionException: Could not get a resource from the pool" }
                    
{
                    "app": "Crmeb",
                    "timestamp":"2025-09-19 18:08:00.034",
                    "level": "ERROR",
                    "thread": "task-executor-13",
                    "class": "c.z.admin.task.order.OrderPaySuccessTask",
                    "message": "OrderPaySuccessTask.task | msg : Cannot get Jedis connection; nested exception is redis.clients.jedis.exceptions.JedisConnectionException: Could not get a resource from the pool" }
                    
{
                    "app": "Crmeb",
                    "timestamp":"2025-09-19 18:09:00.025",
                    "level": "ERROR",
                    "thread": "task-executor-15",
                    "class": "c.z.admin.task.order.OrderAutoCancelTask",
                    "message": "OrderAutoCancelTask.task | msg : Cannot get Jedis connection; nested exception is redis.clients.jedis.exceptions.JedisConnectionException: Could not get a resource from the pool" }
                    
{
                    "app": "Crmeb",
                    "timestamp":"2025-09-19 18:09:00.034",
                    "level": "ERROR",
                    "thread": "task-executor-14",
                    "class": "c.z.admin.task.order.OrderPaySuccessTask",
                    "message": "OrderPaySuccessTask.task | msg : Cannot get Jedis connection; nested exception is redis.clients.jedis.exceptions.JedisConnectionException: Could not get a resource from the pool" }
                    
{
                    "app": "Crmeb",
                    "timestamp":"2025-09-19 18:10:00.037",
                    "level": "ERROR",
                    "thread": "task-executor-17",
                    "class": "c.z.admin.task.order.OrderPaySuccessTask",
                    "message": "OrderPaySuccessTask.task | msg : Cannot get Jedis connection; nested exception is redis.clients.jedis.exceptions.JedisConnectionException: Could not get a resource from the pool" }
                    
{
                    "app": "Crmeb",
                    "timestamp":"2025-09-19 18:11:00.011",
                    "level": "ERROR",
                    "thread": "task-executor-18",
                    "class": "c.z.admin.task.order.OrderAutoCancelTask",
                    "message": "OrderAutoCancelTask.task | msg : Cannot get Jedis connection; nested exception is redis.clients.jedis.exceptions.JedisConnectionException: Could not get a resource from the pool" }
                    
{
                    "app": "Crmeb",
                    "timestamp":"2025-09-19 18:11:00.020",
                    "level": "ERROR",
                    "thread": "task-executor-20",
                    "class": "c.zbkj.admin.task.order.OrderCancelTask",
                    "message": "OrderCancelTask.task | msg : Cannot get Jedis connection; nested exception is redis.clients.jedis.exceptions.JedisConnectionException: Could not get a resource from the pool" }
                    
{
                    "app": "Crmeb",
                    "timestamp":"2025-09-19 18:11:00.033",
                    "level": "ERROR",
                    "thread": "task-executor-19",
                    "class": "c.z.admin.task.order.OrderPaySuccessTask",
                    "message": "OrderPaySuccessTask.task | msg : Cannot get Jedis connection; nested exception is redis.clients.jedis.exceptions.JedisConnectionException: Could not get a resource from the pool" }
                    
{
                    "app": "Crmeb",
                    "timestamp":"2025-09-19 18:12:00.035",
                    "level": "ERROR",
                    "thread": "task-executor-2",
                    "class": "c.z.admin.task.order.OrderPaySuccessTask",
                    "message": "OrderPaySuccessTask.task | msg : Cannot get Jedis connection; nested exception is redis.clients.jedis.exceptions.JedisConnectionException: Could not get a resource from the pool" }
                    
{
                    "app": "Crmeb",
                    "timestamp":"2025-09-19 18:13:00.037",
                    "level": "ERROR",
                    "thread": "task-executor-5",
                    "class": "c.zbkj.admin.task.order.OrderCancelTask",
                    "message": "OrderCancelTask.task | msg : Cannot get Jedis connection; nested exception is redis.clients.jedis.exceptions.JedisConnectionException: Could not get a resource from the pool" }
                    
{
                    "app": "Crmeb",
                    "timestamp":"2025-09-19 18:13:00.046",
                    "level": "ERROR",
                    "thread": "task-executor-3",
                    "class": "c.zbkj.admin.task.order.OrderRefundTask",
                    "message": "OrderRefundTask.task | msg : Cannot get Jedis connection; nested exception is redis.clients.jedis.exceptions.JedisConnectionException: Could not get a resource from the pool" }
                    
{
                    "app": "Crmeb",
                    "timestamp":"2025-09-19 18:14:00.043",
                    "level": "ERROR",
                    "thread": "task-executor-7",
                    "class": "c.z.admin.task.order.OrderPaySuccessTask",
                    "message": "OrderPaySuccessTask.task | msg : Cannot get Jedis connection; nested exception is redis.clients.jedis.exceptions.JedisConnectionException: Could not get a resource from the pool" }
                    
{
                    "app": "Crmeb",
                    "timestamp":"2025-09-19 18:15:00.032",
                    "level": "ERROR",
                    "thread": "task-executor-9",
                    "class": "c.z.admin.task.order.OrderPaySuccessTask",
                    "message": "OrderPaySuccessTask.task | msg : Cannot get Jedis connection; nested exception is redis.clients.jedis.exceptions.JedisConnectionException: Could not get a resource from the pool" }
                    
{
                    "app": "Crmeb",
                    "timestamp":"2025-09-19 18:16:00.010",
                    "level": "ERROR",
                    "thread": "task-executor-10",
                    "class": "c.z.admin.task.order.OrderAutoCancelTask",
                    "message": "OrderAutoCancelTask.task | msg : Cannot get Jedis connection; nested exception is redis.clients.jedis.exceptions.JedisConnectionException: Could not get a resource from the pool" }
                    
{
                    "app": "Crmeb",
                    "timestamp":"2025-09-19 18:16:00.020",
                    "level": "ERROR",
                    "thread": "task-executor-11",
                    "class": "c.zbkj.admin.task.order.OrderCancelTask",
                    "message": "OrderCancelTask.task | msg : Cannot get Jedis connection; nested exception is redis.clients.jedis.exceptions.JedisConnectionException: Could not get a resource from the pool" }
                    
{
                    "app": "Crmeb",
                    "timestamp":"2025-09-19 18:16:00.040",
                    "level": "ERROR",
                    "thread": "task-executor-12",
                    "class": "c.zbkj.admin.task.order.OrderRefundTask",
                    "message": "OrderRefundTask.task | msg : Cannot get Jedis connection; nested exception is redis.clients.jedis.exceptions.JedisConnectionException: Could not get a resource from the pool" }
                    
{
                    "app": "Crmeb",
                    "timestamp":"2025-09-19 18:17:00.033",
                    "level": "ERROR",
                    "thread": "task-executor-15",
                    "class": "c.zbkj.admin.task.order.OrderCancelTask",
                    "message": "OrderCancelTask.task | msg : Cannot get Jedis connection; nested exception is redis.clients.jedis.exceptions.JedisConnectionException: Could not get a resource from the pool" }
                    
{
                    "app": "Crmeb",
                    "timestamp":"2025-09-19 18:17:00.042",
                    "level": "ERROR",
                    "thread": "task-executor-14",
                    "class": "c.zbkj.admin.task.order.OrderRefundTask",
                    "message": "OrderRefundTask.task | msg : Cannot get Jedis connection; nested exception is redis.clients.jedis.exceptions.JedisConnectionException: Could not get a resource from the pool" }
                    
{
                    "app": "Crmeb",
                    "timestamp":"2025-09-19 18:18:00.028",
                    "level": "ERROR",
                    "thread": "task-executor-16",
                    "class": "c.z.admin.task.order.OrderAutoCancelTask",
                    "message": "OrderAutoCancelTask.task | msg : Cannot get Jedis connection; nested exception is redis.clients.jedis.exceptions.JedisConnectionException: Could not get a resource from the pool" }
                    
{
                    "app": "Crmeb",
                    "timestamp":"2025-09-19 18:18:00.032",
                    "level": "ERROR",
                    "thread": "task-executor-17",
                    "class": "c.zbkj.admin.task.order.OrderCancelTask",
                    "message": "OrderCancelTask.task | msg : Cannot get Jedis connection; nested exception is redis.clients.jedis.exceptions.JedisConnectionException: Could not get a resource from the pool" }
                    
{
                    "app": "Crmeb",
                    "timestamp":"2025-09-19 18:18:00.041",
                    "level": "ERROR",
                    "thread": "task-executor-18",
                    "class": "c.zbkj.admin.task.order.OrderRefundTask",
                    "message": "OrderRefundTask.task | msg : Cannot get Jedis connection; nested exception is redis.clients.jedis.exceptions.JedisConnectionException: Could not get a resource from the pool" }
                    
{
                    "app": "Crmeb",
                    "timestamp":"2025-09-19 18:19:00.018",
                    "level": "ERROR",
                    "thread": "task-executor-20",
                    "class": "c.z.admin.task.order.OrderAutoCancelTask",
                    "message": "OrderAutoCancelTask.task | msg : Cannot get Jedis connection; nested exception is redis.clients.jedis.exceptions.JedisConnectionException: Could not get a resource from the pool" }
                    
{
                    "app": "Crmeb",
                    "timestamp":"2025-09-19 18:19:00.028",
                    "level": "ERROR",
                    "thread": "task-executor-19",
                    "class": "c.z.admin.task.order.OrderPaySuccessTask",
                    "message": "OrderPaySuccessTask.task | msg : Cannot get Jedis connection; nested exception is redis.clients.jedis.exceptions.JedisConnectionException: Could not get a resource from the pool" }
                    
{
                    "app": "Crmeb",
                    "timestamp":"2025-09-19 18:20:00.035",
                    "level": "ERROR",
                    "thread": "task-executor-2",
                    "class": "c.z.admin.task.order.OrderPaySuccessTask",
                    "message": "OrderPaySuccessTask.task | msg : Cannot get Jedis connection; nested exception is redis.clients.jedis.exceptions.JedisConnectionException: Could not get a resource from the pool" }
                    
{
                    "app": "Crmeb",
                    "timestamp":"2025-09-19 18:21:00.017",
                    "level": "ERROR",
                    "thread": "task-executor-4",
                    "class": "c.z.admin.task.order.OrderAutoCancelTask",
                    "message": "OrderAutoCancelTask.task | msg : Cannot get Jedis connection; nested exception is redis.clients.jedis.exceptions.JedisConnectionException: Could not get a resource from the pool" }
                    
{
                    "app": "Crmeb",
                    "timestamp":"2025-09-19 18:21:00.027",
                    "level": "ERROR",
                    "thread": "task-executor-5",
                    "class": "c.z.admin.task.order.OrderPaySuccessTask",
                    "message": "OrderPaySuccessTask.task | msg : Cannot get Jedis connection; nested exception is redis.clients.jedis.exceptions.JedisConnectionException: Could not get a resource from the pool" }
                    
{
                    "app": "Crmeb",
                    "timestamp":"2025-09-19 18:22:00.016",
                    "level": "ERROR",
                    "thread": "task-executor-3",
                    "class": "c.z.admin.task.order.OrderAutoCancelTask",
                    "message": "OrderAutoCancelTask.task | msg : Cannot get Jedis connection; nested exception is redis.clients.jedis.exceptions.JedisConnectionException: Could not get a resource from the pool" }
                    
{
                    "app": "Crmeb",
                    "timestamp":"2025-09-19 18:22:00.028",
                    "level": "ERROR",
                    "thread": "task-executor-6",
                    "class": "c.z.admin.task.order.OrderPaySuccessTask",
                    "message": "OrderPaySuccessTask.task | msg : Cannot get Jedis connection; nested exception is redis.clients.jedis.exceptions.JedisConnectionException: Could not get a resource from the pool" }
                    
{
                    "app": "Crmeb",
                    "timestamp":"2025-09-19 18:23:00.028",
                    "level": "ERROR",
                    "thread": "task-executor-7",
                    "class": "c.z.admin.task.order.OrderAutoCancelTask",
                    "message": "OrderAutoCancelTask.task | msg : Cannot get Jedis connection; nested exception is redis.clients.jedis.exceptions.JedisConnectionException: Could not get a resource from the pool" }
                    
{
                    "app": "Crmeb",
                    "timestamp":"2025-09-19 18:23:00.034",
                    "level": "ERROR",
                    "thread": "task-executor-8",
                    "class": "c.z.admin.task.order.OrderPaySuccessTask",
                    "message": "OrderPaySuccessTask.task | msg : Cannot get Jedis connection; nested exception is redis.clients.jedis.exceptions.JedisConnectionException: Could not get a resource from the pool" }
                    
{
                    "app": "Crmeb",
                    "timestamp":"2025-09-19 18:24:00.028",
                    "level": "ERROR",
                    "thread": "task-executor-10",
                    "class": "c.zbkj.admin.task.order.OrderCancelTask",
                    "message": "OrderCancelTask.task | msg : Cannot get Jedis connection; nested exception is redis.clients.jedis.exceptions.JedisConnectionException: Could not get a resource from the pool" }
                    
{
                    "app": "Crmeb",
                    "timestamp":"2025-09-19 18:24:00.036",
                    "level": "ERROR",
                    "thread": "task-executor-11",
                    "class": "c.zbkj.admin.task.order.OrderRefundTask",
                    "message": "OrderRefundTask.task | msg : Cannot get Jedis connection; nested exception is redis.clients.jedis.exceptions.JedisConnectionException: Could not get a resource from the pool" }
                    
{
                    "app": "Crmeb",
                    "timestamp":"2025-09-19 18:25:00.034",
                    "level": "ERROR",
                    "thread": "task-executor-13",
                    "class": "c.z.admin.task.order.OrderPaySuccessTask",
                    "message": "OrderPaySuccessTask.task | msg : Cannot get Jedis connection; nested exception is redis.clients.jedis.exceptions.JedisConnectionException: Could not get a resource from the pool" }
                    
{
                    "app": "Crmeb",
                    "timestamp":"2025-09-19 18:26:00.022",
                    "level": "ERROR",
                    "thread": "task-executor-14",
                    "class": "c.zbkj.admin.task.order.OrderCancelTask",
                    "message": "OrderCancelTask.task | msg : Cannot get Jedis connection; nested exception is redis.clients.jedis.exceptions.JedisConnectionException: Could not get a resource from the pool" }
                    
{
                    "app": "Crmeb",
                    "timestamp":"2025-09-19 18:26:00.033",
                    "level": "ERROR",
                    "thread": "task-executor-16",
                    "class": "c.z.admin.task.order.OrderPaySuccessTask",
                    "message": "OrderPaySuccessTask.task | msg : Cannot get Jedis connection; nested exception is redis.clients.jedis.exceptions.JedisConnectionException: Could not get a resource from the pool" }
                    
{
                    "app": "Crmeb",
                    "timestamp":"2025-09-19 18:27:00.032",
                    "level": "ERROR",
                    "thread": "task-executor-18",
                    "class": "c.z.admin.task.order.OrderPaySuccessTask",
                    "message": "OrderPaySuccessTask.task | msg : Cannot get Jedis connection; nested exception is redis.clients.jedis.exceptions.JedisConnectionException: Could not get a resource from the pool" }
                    
{
                    "app": "Crmeb",
                    "timestamp":"2025-09-19 18:27:11.115",
                    "level": "ERROR",
                    "thread": "main",
                    "class": "o.s.b.d.LoggingFailureAnalysisReporter",
                    "message": "

***************************
APPLICATION FAILED TO START
***************************

Description:

Web server failed to start. Port 20008 was already in use.

Action:

Identify and stop the process that's listening on port 20008 or configure this application to listen on another port.
" }
                    
{
                    "app": "Crmeb",
                    "timestamp":"2025-09-19 18:28:00.034",
                    "level": "ERROR",
                    "thread": "task-executor-19",
                    "class": "c.zbkj.admin.task.order.OrderCancelTask",
                    "message": "OrderCancelTask.task | msg : Cannot get Jedis connection; nested exception is redis.clients.jedis.exceptions.JedisConnectionException: Could not get a resource from the pool" }
                    
{
                    "app": "Crmeb",
                    "timestamp":"2025-09-19 18:28:00.046",
                    "level": "ERROR",
                    "thread": "task-executor-1",
                    "class": "c.zbkj.admin.task.order.OrderRefundTask",
                    "message": "OrderRefundTask.task | msg : Cannot get Jedis connection; nested exception is redis.clients.jedis.exceptions.JedisConnectionException: Could not get a resource from the pool" }
                    
{
                    "app": "Crmeb",
                    "timestamp":"2025-09-19 18:28:54.414",
                    "level": "ERROR",
                    "thread": "main",
                    "class": "o.s.b.d.LoggingFailureAnalysisReporter",
                    "message": "

***************************
APPLICATION FAILED TO START
***************************

Description:

Web server failed to start. Port 8080 was already in use.

Action:

Identify and stop the process that's listening on port 8080 or configure this application to listen on another port.
" }
                    
{
                    "app": "Crmeb",
                    "timestamp":"2025-09-19 18:29:00.020",
                    "level": "ERROR",
                    "thread": "task-executor-4",
                    "class": "c.z.admin.task.order.OrderAutoCancelTask",
                    "message": "OrderAutoCancelTask.task | msg : Cannot get Jedis connection; nested exception is redis.clients.jedis.exceptions.JedisConnectionException: Could not get a resource from the pool" }
                    
{
                    "app": "Crmeb",
                    "timestamp":"2025-09-19 18:29:00.028",
                    "level": "ERROR",
                    "thread": "task-executor-5",
                    "class": "c.zbkj.admin.task.order.OrderCancelTask",
                    "message": "OrderCancelTask.task | msg : Cannot get Jedis connection; nested exception is redis.clients.jedis.exceptions.JedisConnectionException: Could not get a resource from the pool" }
                    
{
                    "app": "Crmeb",
                    "timestamp":"2025-09-19 18:29:00.037",
                    "level": "ERROR",
                    "thread": "task-executor-3",
                    "class": "c.zbkj.admin.task.order.OrderRefundTask",
                    "message": "OrderRefundTask.task | msg : Cannot get Jedis connection; nested exception is redis.clients.jedis.exceptions.JedisConnectionException: Could not get a resource from the pool" }
                    
{
                    "app": "Crmeb",
                    "timestamp":"2025-09-19 18:30:00.031",
                    "level": "ERROR",
                    "thread": "task-executor-6",
                    "class": "c.z.admin.task.order.OrderAutoCancelTask",
                    "message": "OrderAutoCancelTask.task | msg : Cannot get Jedis connection; nested exception is redis.clients.jedis.exceptions.JedisConnectionException: Could not get a resource from the pool" }
                    
{
                    "app": "Crmeb",
                    "timestamp":"2025-09-19 18:30:00.040",
                    "level": "ERROR",
                    "thread": "task-executor-7",
                    "class": "c.zbkj.admin.task.order.OrderRefundTask",
                    "message": "OrderRefundTask.task | msg : Cannot get Jedis connection; nested exception is redis.clients.jedis.exceptions.JedisConnectionException: Could not get a resource from the pool" }
                    
{
                    "app": "Crmeb",
                    "timestamp":"2025-09-19 18:31:00.061",
                    "level": "ERROR",
                    "thread": "task-executor-2",
                    "class": "c.z.admin.task.order.OrderAutoCancelTask",
                    "message": "OrderAutoCancelTask.task | msg : Cannot get Jedis connection; nested exception is redis.clients.jedis.exceptions.JedisConnectionException: Could not get a resource from the pool" }
                    
{
                    "app": "Crmeb",
                    "timestamp":"2025-09-19 18:31:00.075",
                    "level": "ERROR",
                    "thread": "task-executor-4",
                    "class": "c.z.admin.task.order.OrderPaySuccessTask",
                    "message": "OrderPaySuccessTask.task | msg : Cannot get Jedis connection; nested exception is redis.clients.jedis.exceptions.JedisConnectionException: Could not get a resource from the pool" }
                    
{
                    "app": "Crmeb",
                    "timestamp":"2025-09-19 18:31:00.091",
                    "level": "ERROR",
                    "thread": "task-executor-3",
                    "class": "c.zbkj.admin.task.order.OrderCancelTask",
                    "message": "OrderCancelTask.task | msg : Cannot get Jedis connection; nested exception is redis.clients.jedis.exceptions.JedisConnectionException: Could not get a resource from the pool" }
                    
{
                    "app": "Crmeb",
                    "timestamp":"2025-09-19 18:31:00.101",
                    "level": "ERROR",
                    "thread": "task-executor-5",
                    "class": "c.zbkj.admin.task.order.OrderRefundTask",
                    "message": "OrderRefundTask.task | msg : Cannot get Jedis connection; nested exception is redis.clients.jedis.exceptions.JedisConnectionException: Could not get a resource from the pool" }
                    
{
                    "app": "Crmeb",
                    "timestamp":"2025-09-19 18:32:00.035",
                    "level": "ERROR",
                    "thread": "task-executor-7",
                    "class": "c.z.admin.task.order.OrderAutoCancelTask",
                    "message": "OrderAutoCancelTask.task | msg : Cannot get Jedis connection; nested exception is redis.clients.jedis.exceptions.JedisConnectionException: Could not get a resource from the pool" }
                    
{
                    "app": "Crmeb",
                    "timestamp":"2025-09-19 18:32:00.045",
                    "level": "ERROR",
                    "thread": "task-executor-8",
                    "class": "c.zbkj.admin.task.order.OrderCancelTask",
                    "message": "OrderCancelTask.task | msg : Cannot get Jedis connection; nested exception is redis.clients.jedis.exceptions.JedisConnectionException: Could not get a resource from the pool" }
                    
{
                    "app": "Crmeb",
                    "timestamp":"2025-09-19 18:32:00.054",
                    "level": "ERROR",
                    "thread": "task-executor-9",
                    "class": "c.z.admin.task.order.OrderPaySuccessTask",
                    "message": "OrderPaySuccessTask.task | msg : Cannot get Jedis connection; nested exception is redis.clients.jedis.exceptions.JedisConnectionException: Could not get a resource from the pool" }
                    
{
                    "app": "Crmeb",
                    "timestamp":"2025-09-19 18:32:00.061",
                    "level": "ERROR",
                    "thread": "task-executor-10",
                    "class": "c.zbkj.admin.task.order.OrderRefundTask",
                    "message": "OrderRefundTask.task | msg : Cannot get Jedis connection; nested exception is redis.clients.jedis.exceptions.JedisConnectionException: Could not get a resource from the pool" }
                    
{
                    "app": "Crmeb",
                    "timestamp":"2025-09-19 18:33:26.671",
                    "level": "ERROR",
                    "thread": "task-executor-2",
                    "class": "c.z.admin.task.order.OrderAutoCancelTask",
                    "message": "OrderAutoCancelTask.task | msg : Cannot get Jedis connection; nested exception is redis.clients.jedis.exceptions.JedisConnectionException: Could not get a resource from the pool" }
                    
{
                    "app": "Crmeb",
                    "timestamp":"2025-09-19 18:33:26.685",
                    "level": "ERROR",
                    "thread": "task-executor-4",
                    "class": "c.z.admin.task.order.OrderPaySuccessTask",
                    "message": "OrderPaySuccessTask.task | msg : Cannot get Jedis connection; nested exception is redis.clients.jedis.exceptions.JedisConnectionException: Could not get a resource from the pool" }
                    
{
                    "app": "Crmeb",
                    "timestamp":"2025-09-19 18:33:26.696",
                    "level": "ERROR",
                    "thread": "task-executor-3",
                    "class": "c.zbkj.admin.task.order.OrderCancelTask",
                    "message": "OrderCancelTask.task | msg : Cannot get Jedis connection; nested exception is redis.clients.jedis.exceptions.JedisConnectionException: Could not get a resource from the pool" }
                    
{
                    "app": "Crmeb",
                    "timestamp":"2025-09-19 18:33:26.708",
                    "level": "ERROR",
                    "thread": "task-executor-5",
                    "class": "c.zbkj.admin.task.order.OrderRefundTask",
                    "message": "OrderRefundTask.task | msg : Cannot get Jedis connection; nested exception is redis.clients.jedis.exceptions.JedisConnectionException: Could not get a resource from the pool" }
                    
{
                    "app": "Crmeb",
                    "timestamp":"2025-09-19 18:34:00.039",
                    "level": "ERROR",
                    "thread": "task-executor-7",
                    "class": "c.z.admin.task.order.OrderAutoCancelTask",
                    "message": "OrderAutoCancelTask.task | msg : Cannot get Jedis connection; nested exception is redis.clients.jedis.exceptions.JedisConnectionException: Could not get a resource from the pool" }
                    
{
                    "app": "Crmeb",
                    "timestamp":"2025-09-19 18:34:00.057",
                    "level": "ERROR",
                    "thread": "task-executor-8",
                    "class": "c.zbkj.admin.task.order.OrderCancelTask",
                    "message": "OrderCancelTask.task | msg : Cannot get Jedis connection; nested exception is redis.clients.jedis.exceptions.JedisConnectionException: Could not get a resource from the pool" }
                    
{
                    "app": "Crmeb",
                    "timestamp":"2025-09-19 18:34:00.073",
                    "level": "ERROR",
                    "thread": "task-executor-10",
                    "class": "c.zbkj.admin.task.order.OrderRefundTask",
                    "message": "OrderRefundTask.task | msg : Cannot get Jedis connection; nested exception is redis.clients.jedis.exceptions.JedisConnectionException: Could not get a resource from the pool" }
                    
{
                    "app": "Crmeb",
                    "timestamp":"2025-09-19 18:34:00.089",
                    "level": "ERROR",
                    "thread": "task-executor-9",
                    "class": "c.z.admin.task.order.OrderPaySuccessTask",
                    "message": "OrderPaySuccessTask.task | msg : Cannot get Jedis connection; nested exception is redis.clients.jedis.exceptions.JedisConnectionException: Could not get a resource from the pool" }
                    
{
                    "app": "Crmeb",
                    "timestamp":"2025-09-19 18:43:17.260",
                    "level": "ERROR",
                    "thread": "main",
                    "class": "o.s.b.d.LoggingFailureAnalysisReporter",
                    "message": "

***************************
APPLICATION FAILED TO START
***************************

Description:

Web server failed to start. Port 8080 was already in use.

Action:

Identify and stop the process that's listening on port 8080 or configure this application to listen on another port.
" }
                    
{
                    "app": "Crmeb",
                    "timestamp":"2025-09-19 18:45:01.010",
                    "level": "ERROR",
                    "thread": "task-executor-2",
                    "class": "c.z.admin.task.order.OrderAutoCancelTask",
                    "message": "OrderAutoCancelTask.task | msg : Cannot get Jedis connection; nested exception is redis.clients.jedis.exceptions.JedisConnectionException: Could not get a resource from the pool" }
                    
{
                    "app": "Crmeb",
                    "timestamp":"2025-09-19 18:45:01.019",
                    "level": "ERROR",
                    "thread": "task-executor-3",
                    "class": "c.zbkj.admin.task.order.OrderCancelTask",
                    "message": "OrderCancelTask.task | msg : Cannot get Jedis connection; nested exception is redis.clients.jedis.exceptions.JedisConnectionException: Could not get a resource from the pool" }
                    
{
                    "app": "Crmeb",
                    "timestamp":"2025-09-19 18:45:01.028",
                    "level": "ERROR",
                    "thread": "task-executor-4",
                    "class": "c.z.admin.task.order.OrderPaySuccessTask",
                    "message": "OrderPaySuccessTask.task | msg : Cannot get Jedis connection; nested exception is redis.clients.jedis.exceptions.JedisConnectionException: Could not get a resource from the pool" }
                    
{
                    "app": "Crmeb",
                    "timestamp":"2025-09-19 18:45:01.034",
                    "level": "ERROR",
                    "thread": "task-executor-5",
                    "class": "c.zbkj.admin.task.order.OrderRefundTask",
                    "message": "OrderRefundTask.task | msg : Cannot get Jedis connection; nested exception is redis.clients.jedis.exceptions.JedisConnectionException: Could not get a resource from the pool" }
                    
{
                    "app": "Crmeb",
                    "timestamp":"2025-09-19 18:47:46.813",
                    "level": "ERROR",
                    "thread": "task-executor-2",
                    "class": "c.z.admin.task.order.OrderAutoCancelTask",
                    "message": "OrderAutoCancelTask.task | msg : Cannot get Jedis connection; nested exception is redis.clients.jedis.exceptions.JedisConnectionException: Could not get a resource from the pool" }
                    
{
                    "app": "Crmeb",
                    "timestamp":"2025-09-19 18:47:46.828",
                    "level": "ERROR",
                    "thread": "task-executor-4",
                    "class": "c.z.admin.task.order.OrderPaySuccessTask",
                    "message": "OrderPaySuccessTask.task | msg : Cannot get Jedis connection; nested exception is redis.clients.jedis.exceptions.JedisConnectionException: Could not get a resource from the pool" }
                    
{
                    "app": "Crmeb",
                    "timestamp":"2025-09-19 18:47:46.839",
                    "level": "ERROR",
                    "thread": "task-executor-3",
                    "class": "c.zbkj.admin.task.order.OrderCancelTask",
                    "message": "OrderCancelTask.task | msg : Cannot get Jedis connection; nested exception is redis.clients.jedis.exceptions.JedisConnectionException: Could not get a resource from the pool" }
                    
{
                    "app": "Crmeb",
                    "timestamp":"2025-09-19 18:47:46.865",
                    "level": "ERROR",
                    "thread": "task-executor-5",
                    "class": "c.zbkj.admin.task.order.OrderRefundTask",
                    "message": "OrderRefundTask.task | msg : Cannot get Jedis connection; nested exception is redis.clients.jedis.exceptions.JedisConnectionException: Could not get a resource from the pool" }
                    
{
                    "app": "Crmeb",
                    "timestamp":"2025-09-19 18:48:00.046",
                    "level": "ERROR",
                    "thread": "task-executor-7",
                    "class": "c.z.admin.task.order.OrderAutoCancelTask",
                    "message": "OrderAutoCancelTask.task | msg : Cannot get Jedis connection; nested exception is redis.clients.jedis.exceptions.JedisConnectionException: Could not get a resource from the pool" }
                    
{
                    "app": "Crmeb",
                    "timestamp":"2025-09-19 18:48:00.059",
                    "level": "ERROR",
                    "thread": "task-executor-9",
                    "class": "c.z.admin.task.order.OrderPaySuccessTask",
                    "message": "OrderPaySuccessTask.task | msg : Cannot get Jedis connection; nested exception is redis.clients.jedis.exceptions.JedisConnectionException: Could not get a resource from the pool" }
                    
{
                    "app": "Crmeb",
                    "timestamp":"2025-09-19 18:48:00.072",
                    "level": "ERROR",
                    "thread": "task-executor-8",
                    "class": "c.zbkj.admin.task.order.OrderCancelTask",
                    "message": "OrderCancelTask.task | msg : Cannot get Jedis connection; nested exception is redis.clients.jedis.exceptions.JedisConnectionException: Could not get a resource from the pool" }
                    
{
                    "app": "Crmeb",
                    "timestamp":"2025-09-19 18:48:00.085",
                    "level": "ERROR",
                    "thread": "task-executor-10",
                    "class": "c.zbkj.admin.task.order.OrderRefundTask",
                    "message": "OrderRefundTask.task | msg : Cannot get Jedis connection; nested exception is redis.clients.jedis.exceptions.JedisConnectionException: Could not get a resource from the pool" }
                    
{
                    "app": "Crmeb",
                    "timestamp":"2025-09-19 18:49:00.035",
                    "level": "ERROR",
                    "thread": "task-executor-12",
                    "class": "c.z.admin.task.order.OrderAutoCancelTask",
                    "message": "OrderAutoCancelTask.task | msg : Cannot get Jedis connection; nested exception is redis.clients.jedis.exceptions.JedisConnectionException: Could not get a resource from the pool" }
                    
{
                    "app": "Crmeb",
                    "timestamp":"2025-09-19 18:49:00.044",
                    "level": "ERROR",
                    "thread": "task-executor-13",
                    "class": "c.zbkj.admin.task.order.OrderCancelTask",
                    "message": "OrderCancelTask.task | msg : Cannot get Jedis connection; nested exception is redis.clients.jedis.exceptions.JedisConnectionException: Could not get a resource from the pool" }
                    
{
                    "app": "Crmeb",
                    "timestamp":"2025-09-19 18:49:00.051",
                    "level": "ERROR",
                    "thread": "task-executor-14",
                    "class": "c.z.admin.task.order.OrderPaySuccessTask",
                    "message": "OrderPaySuccessTask.task | msg : Cannot get Jedis connection; nested exception is redis.clients.jedis.exceptions.JedisConnectionException: Could not get a resource from the pool" }
                    
{
                    "app": "Crmeb",
                    "timestamp":"2025-09-19 18:49:00.059",
                    "level": "ERROR",
                    "thread": "task-executor-15",
                    "class": "c.zbkj.admin.task.order.OrderRefundTask",
                    "message": "OrderRefundTask.task | msg : Cannot get Jedis connection; nested exception is redis.clients.jedis.exceptions.JedisConnectionException: Could not get a resource from the pool" }
                    
{
                    "app": "Crmeb",
                    "timestamp":"2025-09-19 18:50:00.036",
                    "level": "ERROR",
                    "thread": "task-executor-17",
                    "class": "c.z.admin.task.order.OrderAutoCancelTask",
                    "message": "OrderAutoCancelTask.task | msg : Cannot get Jedis connection; nested exception is redis.clients.jedis.exceptions.JedisConnectionException: Could not get a resource from the pool" }
                    
{
                    "app": "Crmeb",
                    "timestamp":"2025-09-19 18:50:00.044",
                    "level": "ERROR",
                    "thread": "task-executor-18",
                    "class": "c.zbkj.admin.task.order.OrderCancelTask",
                    "message": "OrderCancelTask.task | msg : Cannot get Jedis connection; nested exception is redis.clients.jedis.exceptions.JedisConnectionException: Could not get a resource from the pool" }
                    
{
                    "app": "Crmeb",
                    "timestamp":"2025-09-19 18:50:00.052",
                    "level": "ERROR",
                    "thread": "task-executor-19",
                    "class": "c.z.admin.task.order.OrderPaySuccessTask",
                    "message": "OrderPaySuccessTask.task | msg : Cannot get Jedis connection; nested exception is redis.clients.jedis.exceptions.JedisConnectionException: Could not get a resource from the pool" }
                    
{
                    "app": "Crmeb",
                    "timestamp":"2025-09-19 18:50:00.057",
                    "level": "ERROR",
                    "thread": "task-executor-20",
                    "class": "c.zbkj.admin.task.order.OrderRefundTask",
                    "message": "OrderRefundTask.task | msg : Cannot get Jedis connection; nested exception is redis.clients.jedis.exceptions.JedisConnectionException: Could not get a resource from the pool" }
                    
{
                    "app": "Crmeb",
                    "timestamp":"2025-09-19 18:55:15.085",
                    "level": "ERROR",
                    "thread": "task-executor-2",
                    "class": "c.z.admin.task.order.OrderAutoCancelTask",
                    "message": "OrderAutoCancelTask.task | msg : Cannot get Jedis connection; nested exception is redis.clients.jedis.exceptions.JedisConnectionException: Could not get a resource from the pool" }
                    
{
                    "app": "Crmeb",
                    "timestamp":"2025-09-19 18:55:15.135",
                    "level": "ERROR",
                    "thread": "task-executor-4",
                    "class": "c.z.admin.task.order.OrderPaySuccessTask",
                    "message": "OrderPaySuccessTask.task | msg : Cannot get Jedis connection; nested exception is redis.clients.jedis.exceptions.JedisConnectionException: Could not get a resource from the pool" }
                    
{
                    "app": "Crmeb",
                    "timestamp":"2025-09-19 18:55:15.160",
                    "level": "ERROR",
                    "thread": "task-executor-3",
                    "class": "c.zbkj.admin.task.order.OrderCancelTask",
                    "message": "OrderCancelTask.task | msg : Cannot get Jedis connection; nested exception is redis.clients.jedis.exceptions.JedisConnectionException: Could not get a resource from the pool" }
                    
{
                    "app": "Crmeb",
                    "timestamp":"2025-09-19 18:55:15.181",
                    "level": "ERROR",
                    "thread": "task-executor-5",
                    "class": "c.zbkj.admin.task.order.OrderRefundTask",
                    "message": "OrderRefundTask.task | msg : Cannot get Jedis connection; nested exception is redis.clients.jedis.exceptions.JedisConnectionException: Could not get a resource from the pool" }
                    
{
                    "app": "Crmeb",
                    "timestamp":"2025-09-19 18:56:00.027",
                    "level": "ERROR",
                    "thread": "task-executor-7",
                    "class": "c.z.admin.task.order.OrderAutoCancelTask",
                    "message": "OrderAutoCancelTask.task | msg : Cannot get Jedis connection; nested exception is redis.clients.jedis.exceptions.JedisConnectionException: Could not get a resource from the pool" }
                    
{
                    "app": "Crmeb",
                    "timestamp":"2025-09-19 18:56:00.038",
                    "level": "ERROR",
                    "thread": "task-executor-8",
                    "class": "c.zbkj.admin.task.order.OrderCancelTask",
                    "message": "OrderCancelTask.task | msg : Cannot get Jedis connection; nested exception is redis.clients.jedis.exceptions.JedisConnectionException: Could not get a resource from the pool" }
                    
{
                    "app": "Crmeb",
                    "timestamp":"2025-09-19 18:56:00.046",
                    "level": "ERROR",
                    "thread": "task-executor-9",
                    "class": "c.z.admin.task.order.OrderPaySuccessTask",
                    "message": "OrderPaySuccessTask.task | msg : Cannot get Jedis connection; nested exception is redis.clients.jedis.exceptions.JedisConnectionException: Could not get a resource from the pool" }
                    
{
                    "app": "Crmeb",
                    "timestamp":"2025-09-19 18:56:00.057",
                    "level": "ERROR",
                    "thread": "task-executor-10",
                    "class": "c.zbkj.admin.task.order.OrderRefundTask",
                    "message": "OrderRefundTask.task | msg : Cannot get Jedis connection; nested exception is redis.clients.jedis.exceptions.JedisConnectionException: Could not get a resource from the pool" }
                    
{
                    "app": "Crmeb",
                    "timestamp":"2025-09-19 18:57:00.057",
                    "level": "ERROR",
                    "thread": "task-executor-12",
                    "class": "c.z.admin.task.order.OrderAutoCancelTask",
                    "message": "OrderAutoCancelTask.task | msg : Cannot get Jedis connection; nested exception is redis.clients.jedis.exceptions.JedisConnectionException: Could not get a resource from the pool" }
                    
{
                    "app": "Crmeb",
                    "timestamp":"2025-09-19 18:57:00.065",
                    "level": "ERROR",
                    "thread": "task-executor-13",
                    "class": "c.zbkj.admin.task.order.OrderCancelTask",
                    "message": "OrderCancelTask.task | msg : Cannot get Jedis connection; nested exception is redis.clients.jedis.exceptions.JedisConnectionException: Could not get a resource from the pool" }
                    
{
                    "app": "Crmeb",
                    "timestamp":"2025-09-19 18:57:00.072",
                    "level": "ERROR",
                    "thread": "task-executor-14",
                    "class": "c.z.admin.task.order.OrderPaySuccessTask",
                    "message": "OrderPaySuccessTask.task | msg : Cannot get Jedis connection; nested exception is redis.clients.jedis.exceptions.JedisConnectionException: Could not get a resource from the pool" }
                    
{
                    "app": "Crmeb",
                    "timestamp":"2025-09-19 18:57:00.079",
                    "level": "ERROR",
                    "thread": "task-executor-15",
                    "class": "c.zbkj.admin.task.order.OrderRefundTask",
                    "message": "OrderRefundTask.task | msg : Cannot get Jedis connection; nested exception is redis.clients.jedis.exceptions.JedisConnectionException: Could not get a resource from the pool" }
                    
{
                    "app": "Crmeb",
                    "timestamp":"2025-09-19 18:58:00.032",
                    "level": "ERROR",
                    "thread": "task-executor-17",
                    "class": "c.z.admin.task.order.OrderAutoCancelTask",
                    "message": "OrderAutoCancelTask.task | msg : Cannot get Jedis connection; nested exception is redis.clients.jedis.exceptions.JedisConnectionException: Could not get a resource from the pool" }
                    
{
                    "app": "Crmeb",
                    "timestamp":"2025-09-19 18:58:00.040",
                    "level": "ERROR",
                    "thread": "task-executor-18",
                    "class": "c.zbkj.admin.task.order.OrderCancelTask",
                    "message": "OrderCancelTask.task | msg : Cannot get Jedis connection; nested exception is redis.clients.jedis.exceptions.JedisConnectionException: Could not get a resource from the pool" }
                    
{
                    "app": "Crmeb",
                    "timestamp":"2025-09-19 18:58:00.047",
                    "level": "ERROR",
                    "thread": "task-executor-19",
                    "class": "c.z.admin.task.order.OrderPaySuccessTask",
                    "message": "OrderPaySuccessTask.task | msg : Cannot get Jedis connection; nested exception is redis.clients.jedis.exceptions.JedisConnectionException: Could not get a resource from the pool" }
                    
{
                    "app": "Crmeb",
                    "timestamp":"2025-09-19 18:58:00.055",
                    "level": "ERROR",
                    "thread": "task-executor-20",
                    "class": "c.zbkj.admin.task.order.OrderRefundTask",
                    "message": "OrderRefundTask.task | msg : Cannot get Jedis connection; nested exception is redis.clients.jedis.exceptions.JedisConnectionException: Could not get a resource from the pool" }
                    
{
                    "app": "Crmeb",
                    "timestamp":"2025-09-19 18:59:00.043",
                    "level": "ERROR",
                    "thread": "task-executor-1",
                    "class": "c.z.admin.task.order.OrderAutoCancelTask",
                    "message": "OrderAutoCancelTask.task | msg : Cannot get Jedis connection; nested exception is redis.clients.jedis.exceptions.JedisConnectionException: Could not get a resource from the pool" }
                    
{
                    "app": "Crmeb",
                    "timestamp":"2025-09-19 18:59:00.051",
                    "level": "ERROR",
                    "thread": "task-executor-4",
                    "class": "c.zbkj.admin.task.order.OrderCancelTask",
                    "message": "OrderCancelTask.task | msg : Cannot get Jedis connection; nested exception is redis.clients.jedis.exceptions.JedisConnectionException: Could not get a resource from the pool" }
                    
{
                    "app": "Crmeb",
                    "timestamp":"2025-09-19 18:59:00.059",
                    "level": "ERROR",
                    "thread": "task-executor-3",
                    "class": "c.z.admin.task.order.OrderPaySuccessTask",
                    "message": "OrderPaySuccessTask.task | msg : Cannot get Jedis connection; nested exception is redis.clients.jedis.exceptions.JedisConnectionException: Could not get a resource from the pool" }
                    
{
                    "app": "Crmeb",
                    "timestamp":"2025-09-19 18:59:00.066",
                    "level": "ERROR",
                    "thread": "task-executor-5",
                    "class": "c.zbkj.admin.task.order.OrderRefundTask",
                    "message": "OrderRefundTask.task | msg : Cannot get Jedis connection; nested exception is redis.clients.jedis.exceptions.JedisConnectionException: Could not get a resource from the pool" }
                    
{
                    "app": "Crmeb",
                    "timestamp":"2025-09-19 18:59:06.494",
                    "level": "ERROR",
                    "thread": "main",
                    "class": "o.s.b.d.LoggingFailureAnalysisReporter",
                    "message": "

***************************
APPLICATION FAILED TO START
***************************

Description:

Web server failed to start. Port 20008 was already in use.

Action:

Identify and stop the process that's listening on port 20008 or configure this application to listen on another port.
" }
                    
{
                    "app": "Crmeb",
                    "timestamp":"2025-09-19 19:00:00.034",
                    "level": "ERROR",
                    "thread": "task-executor-7",
                    "class": "c.z.admin.task.order.OrderAutoCancelTask",
                    "message": "OrderAutoCancelTask.task | msg : Cannot get Jedis connection; nested exception is redis.clients.jedis.exceptions.JedisConnectionException: Could not get a resource from the pool" }
                    
{
                    "app": "Crmeb",
                    "timestamp":"2025-09-19 19:00:00.042",
                    "level": "ERROR",
                    "thread": "task-executor-8",
                    "class": "c.zbkj.admin.task.order.OrderCancelTask",
                    "message": "OrderCancelTask.task | msg : Cannot get Jedis connection; nested exception is redis.clients.jedis.exceptions.JedisConnectionException: Could not get a resource from the pool" }
                    
{
                    "app": "Crmeb",
                    "timestamp":"2025-09-19 19:00:00.050",
                    "level": "ERROR",
                    "thread": "task-executor-9",
                    "class": "c.z.admin.task.order.OrderPaySuccessTask",
                    "message": "OrderPaySuccessTask.task | msg : Cannot get Jedis connection; nested exception is redis.clients.jedis.exceptions.JedisConnectionException: Could not get a resource from the pool" }
                    
{
                    "app": "Crmeb",
                    "timestamp":"2025-09-19 19:00:00.055",
                    "level": "ERROR",
                    "thread": "task-executor-10",
                    "class": "c.zbkj.admin.task.order.OrderRefundTask",
                    "message": "OrderRefundTask.task | msg : Cannot get Jedis connection; nested exception is redis.clients.jedis.exceptions.JedisConnectionException: Could not get a resource from the pool" }
                    
{
                    "app": "Crmeb",
                    "timestamp":"2025-09-19 19:01:00.030",
                    "level": "ERROR",
                    "thread": "task-executor-12",
                    "class": "c.z.admin.task.order.OrderAutoCancelTask",
                    "message": "OrderAutoCancelTask.task | msg : Cannot get Jedis connection; nested exception is redis.clients.jedis.exceptions.JedisConnectionException: Could not get a resource from the pool" }
                    
{
                    "app": "Crmeb",
                    "timestamp":"2025-09-19 19:01:00.040",
                    "level": "ERROR",
                    "thread": "task-executor-13",
                    "class": "c.zbkj.admin.task.order.OrderCancelTask",
                    "message": "OrderCancelTask.task | msg : Cannot get Jedis connection; nested exception is redis.clients.jedis.exceptions.JedisConnectionException: Could not get a resource from the pool" }
                    
{
                    "app": "Crmeb",
                    "timestamp":"2025-09-19 19:01:00.048",
                    "level": "ERROR",
                    "thread": "task-executor-14",
                    "class": "c.z.admin.task.order.OrderPaySuccessTask",
                    "message": "OrderPaySuccessTask.task | msg : Cannot get Jedis connection; nested exception is redis.clients.jedis.exceptions.JedisConnectionException: Could not get a resource from the pool" }
                    
{
                    "app": "Crmeb",
                    "timestamp":"2025-09-19 19:01:00.055",
                    "level": "ERROR",
                    "thread": "task-executor-15",
                    "class": "c.zbkj.admin.task.order.OrderRefundTask",
                    "message": "OrderRefundTask.task | msg : Cannot get Jedis connection; nested exception is redis.clients.jedis.exceptions.JedisConnectionException: Could not get a resource from the pool" }
                    
{
                    "app": "Crmeb",
                    "timestamp":"2025-09-19 19:02:00.036",
                    "level": "ERROR",
                    "thread": "task-executor-17",
                    "class": "c.z.admin.task.order.OrderAutoCancelTask",
                    "message": "OrderAutoCancelTask.task | msg : Cannot get Jedis connection; nested exception is redis.clients.jedis.exceptions.JedisConnectionException: Could not get a resource from the pool" }
                    
{
                    "app": "Crmeb",
                    "timestamp":"2025-09-19 19:02:00.046",
                    "level": "ERROR",
                    "thread": "task-executor-18",
                    "class": "c.zbkj.admin.task.order.OrderCancelTask",
                    "message": "OrderCancelTask.task | msg : Cannot get Jedis connection; nested exception is redis.clients.jedis.exceptions.JedisConnectionException: Could not get a resource from the pool" }
                    
{
                    "app": "Crmeb",
                    "timestamp":"2025-09-19 19:02:00.053",
                    "level": "ERROR",
                    "thread": "task-executor-19",
                    "class": "c.z.admin.task.order.OrderPaySuccessTask",
                    "message": "OrderPaySuccessTask.task | msg : Cannot get Jedis connection; nested exception is redis.clients.jedis.exceptions.JedisConnectionException: Could not get a resource from the pool" }
                    
{
                    "app": "Crmeb",
                    "timestamp":"2025-09-19 19:02:00.064",
                    "level": "ERROR",
                    "thread": "task-executor-20",
                    "class": "c.zbkj.admin.task.order.OrderRefundTask",
                    "message": "OrderRefundTask.task | msg : Cannot get Jedis connection; nested exception is redis.clients.jedis.exceptions.JedisConnectionException: Could not get a resource from the pool" }
                    
{
                    "app": "Crmeb",
                    "timestamp":"2025-09-19 19:03:16.235",
                    "level": "ERROR",
                    "thread": "task-executor-2",
                    "class": "c.z.admin.task.order.OrderAutoCancelTask",
                    "message": "OrderAutoCancelTask.task | msg : Cannot get Jedis connection; nested exception is redis.clients.jedis.exceptions.JedisConnectionException: Could not get a resource from the pool" }
                    
{
                    "app": "Crmeb",
                    "timestamp":"2025-09-19 19:03:16.249",
                    "level": "ERROR",
                    "thread": "task-executor-5",
                    "class": "c.zbkj.admin.task.order.OrderRefundTask",
                    "message": "OrderRefundTask.task | msg : Cannot get Jedis connection; nested exception is redis.clients.jedis.exceptions.JedisConnectionException: Could not get a resource from the pool" }
                    
{
                    "app": "Crmeb",
                    "timestamp":"2025-09-19 19:03:16.273",
                    "level": "ERROR",
                    "thread": "task-executor-4",
                    "class": "c.z.admin.task.order.OrderPaySuccessTask",
                    "message": "OrderPaySuccessTask.task | msg : Cannot get Jedis connection; nested exception is redis.clients.jedis.exceptions.JedisConnectionException: Could not get a resource from the pool" }
                    
{
                    "app": "Crmeb",
                    "timestamp":"2025-09-19 19:03:16.294",
                    "level": "ERROR",
                    "thread": "task-executor-3",
                    "class": "c.zbkj.admin.task.order.OrderCancelTask",
                    "message": "OrderCancelTask.task | msg : Cannot get Jedis connection; nested exception is redis.clients.jedis.exceptions.JedisConnectionException: Could not get a resource from the pool" }
                    
{
                    "app": "Crmeb",
                    "timestamp":"2025-09-19 19:04:00.045",
                    "level": "ERROR",
                    "thread": "task-executor-7",
                    "class": "c.z.admin.task.order.OrderAutoCancelTask",
                    "message": "OrderAutoCancelTask.task | msg : Cannot get Jedis connection; nested exception is redis.clients.jedis.exceptions.JedisConnectionException: Could not get a resource from the pool" }
                    
{
                    "app": "Crmeb",
                    "timestamp":"2025-09-19 19:04:00.059",
                    "level": "ERROR",
                    "thread": "task-executor-8",
                    "class": "c.zbkj.admin.task.order.OrderCancelTask",
                    "message": "OrderCancelTask.task | msg : Cannot get Jedis connection; nested exception is redis.clients.jedis.exceptions.JedisConnectionException: Could not get a resource from the pool" }
                    
{
                    "app": "Crmeb",
                    "timestamp":"2025-09-19 19:04:00.070",
                    "level": "ERROR",
                    "thread": "task-executor-10",
                    "class": "c.zbkj.admin.task.order.OrderRefundTask",
                    "message": "OrderRefundTask.task | msg : Cannot get Jedis connection; nested exception is redis.clients.jedis.exceptions.JedisConnectionException: Could not get a resource from the pool" }
                    
{
                    "app": "Crmeb",
                    "timestamp":"2025-09-19 19:04:00.082",
                    "level": "ERROR",
                    "thread": "task-executor-9",
                    "class": "c.z.admin.task.order.OrderPaySuccessTask",
                    "message": "OrderPaySuccessTask.task | msg : Cannot get Jedis connection; nested exception is redis.clients.jedis.exceptions.JedisConnectionException: Could not get a resource from the pool" }
                    
{
                    "app": "Crmeb",
                    "timestamp":"2025-09-19 19:05:00.044",
                    "level": "ERROR",
                    "thread": "task-executor-12",
                    "class": "c.z.admin.task.order.OrderAutoCancelTask",
                    "message": "OrderAutoCancelTask.task | msg : Cannot get Jedis connection; nested exception is redis.clients.jedis.exceptions.JedisConnectionException: Could not get a resource from the pool" }
                    
{
                    "app": "Crmeb",
                    "timestamp":"2025-09-19 19:05:00.061",
                    "level": "ERROR",
                    "thread": "task-executor-13",
                    "class": "c.zbkj.admin.task.order.OrderCancelTask",
                    "message": "OrderCancelTask.task | msg : Cannot get Jedis connection; nested exception is redis.clients.jedis.exceptions.JedisConnectionException: Could not get a resource from the pool" }
                    
{
                    "app": "Crmeb",
                    "timestamp":"2025-09-19 19:05:00.076",
                    "level": "ERROR",
                    "thread": "task-executor-15",
                    "class": "c.zbkj.admin.task.order.OrderRefundTask",
                    "message": "OrderRefundTask.task | msg : Cannot get Jedis connection; nested exception is redis.clients.jedis.exceptions.JedisConnectionException: Could not get a resource from the pool" }
                    
{
                    "app": "Crmeb",
                    "timestamp":"2025-09-19 19:05:00.092",
                    "level": "ERROR",
                    "thread": "task-executor-14",
                    "class": "c.z.admin.task.order.OrderPaySuccessTask",
                    "message": "OrderPaySuccessTask.task | msg : Cannot get Jedis connection; nested exception is redis.clients.jedis.exceptions.JedisConnectionException: Could not get a resource from the pool" }
                    
{
                    "app": "Crmeb",
                    "timestamp":"2025-09-19 19:06:00.069",
                    "level": "ERROR",
                    "thread": "task-executor-3",
                    "class": "c.zbkj.admin.task.order.OrderCancelTask",
                    "message": "OrderCancelTask.task | msg : Cannot get Jedis connection; nested exception is redis.clients.jedis.exceptions.JedisConnectionException: Could not get a resource from the pool" }
                    
{
                    "app": "Crmeb",
                    "timestamp":"2025-09-19 19:06:00.093",
                    "level": "ERROR",
                    "thread": "task-executor-4",
                    "class": "c.z.admin.task.order.OrderPaySuccessTask",
                    "message": "OrderPaySuccessTask.task | msg : Cannot get Jedis connection; nested exception is redis.clients.jedis.exceptions.JedisConnectionException: Could not get a resource from the pool" }
                    
{
                    "app": "Crmeb",
                    "timestamp":"2025-09-19 19:06:00.108",
                    "level": "ERROR",
                    "thread": "task-executor-2",
                    "class": "c.z.admin.task.order.OrderAutoCancelTask",
                    "message": "OrderAutoCancelTask.task | msg : Cannot get Jedis connection; nested exception is redis.clients.jedis.exceptions.JedisConnectionException: Could not get a resource from the pool" }
                    
{
                    "app": "Crmeb",
                    "timestamp":"2025-09-19 19:06:00.133",
                    "level": "ERROR",
                    "thread": "task-executor-5",
                    "class": "c.zbkj.admin.task.order.OrderRefundTask",
                    "message": "OrderRefundTask.task | msg : Cannot get Jedis connection; nested exception is redis.clients.jedis.exceptions.JedisConnectionException: Could not get a resource from the pool" }
                    
{
                    "app": "Crmeb",
                    "timestamp":"2025-09-19 19:07:00.043",
                    "level": "ERROR",
                    "thread": "task-executor-7",
                    "class": "c.z.admin.task.order.OrderAutoCancelTask",
                    "message": "OrderAutoCancelTask.task | msg : Cannot get Jedis connection; nested exception is redis.clients.jedis.exceptions.JedisConnectionException: Could not get a resource from the pool" }
                    
{
                    "app": "Crmeb",
                    "timestamp":"2025-09-19 19:07:00.059",
                    "level": "ERROR",
                    "thread": "task-executor-8",
                    "class": "c.zbkj.admin.task.order.OrderCancelTask",
                    "message": "OrderCancelTask.task | msg : Cannot get Jedis connection; nested exception is redis.clients.jedis.exceptions.JedisConnectionException: Could not get a resource from the pool" }
                    
{
                    "app": "Crmeb",
                    "timestamp":"2025-09-19 19:07:00.075",
                    "level": "ERROR",
                    "thread": "task-executor-10",
                    "class": "c.zbkj.admin.task.order.OrderRefundTask",
                    "message": "OrderRefundTask.task | msg : Cannot get Jedis connection; nested exception is redis.clients.jedis.exceptions.JedisConnectionException: Could not get a resource from the pool" }
                    
{
                    "app": "Crmeb",
                    "timestamp":"2025-09-19 19:07:00.089",
                    "level": "ERROR",
                    "thread": "task-executor-9",
                    "class": "c.z.admin.task.order.OrderPaySuccessTask",
                    "message": "OrderPaySuccessTask.task | msg : Cannot get Jedis connection; nested exception is redis.clients.jedis.exceptions.JedisConnectionException: Could not get a resource from the pool" }
                    
{
                    "app": "Crmeb",
                    "timestamp":"2025-09-19 19:08:00.044",
                    "level": "ERROR",
                    "thread": "task-executor-12",
                    "class": "c.z.admin.task.order.OrderAutoCancelTask",
                    "message": "OrderAutoCancelTask.task | msg : Cannot get Jedis connection; nested exception is redis.clients.jedis.exceptions.JedisConnectionException: Could not get a resource from the pool" }
                    
{
                    "app": "Crmeb",
                    "timestamp":"2025-09-19 19:08:00.061",
                    "level": "ERROR",
                    "thread": "task-executor-14",
                    "class": "c.z.admin.task.order.OrderPaySuccessTask",
                    "message": "OrderPaySuccessTask.task | msg : Cannot get Jedis connection; nested exception is redis.clients.jedis.exceptions.JedisConnectionException: Could not get a resource from the pool" }
                    
{
                    "app": "Crmeb",
                    "timestamp":"2025-09-19 19:08:00.074",
                    "level": "ERROR",
                    "thread": "task-executor-13",
                    "class": "c.zbkj.admin.task.order.OrderCancelTask",
                    "message": "OrderCancelTask.task | msg : Cannot get Jedis connection; nested exception is redis.clients.jedis.exceptions.JedisConnectionException: Could not get a resource from the pool" }
                    
{
                    "app": "Crmeb",
                    "timestamp":"2025-09-19 19:08:00.090",
                    "level": "ERROR",
                    "thread": "task-executor-15",
                    "class": "c.zbkj.admin.task.order.OrderRefundTask",
                    "message": "OrderRefundTask.task | msg : Cannot get Jedis connection; nested exception is redis.clients.jedis.exceptions.JedisConnectionException: Could not get a resource from the pool" }
                    
{
                    "app": "Crmeb",
                    "timestamp":"2025-09-19 19:09:00.040",
                    "level": "ERROR",
                    "thread": "task-executor-17",
                    "class": "c.z.admin.task.order.OrderAutoCancelTask",
                    "message": "OrderAutoCancelTask.task | msg : Cannot get Jedis connection; nested exception is redis.clients.jedis.exceptions.JedisConnectionException: Could not get a resource from the pool" }
                    
{
                    "app": "Crmeb",
                    "timestamp":"2025-09-19 19:09:00.053",
                    "level": "ERROR",
                    "thread": "task-executor-19",
                    "class": "c.z.admin.task.order.OrderPaySuccessTask",
                    "message": "OrderPaySuccessTask.task | msg : Cannot get Jedis connection; nested exception is redis.clients.jedis.exceptions.JedisConnectionException: Could not get a resource from the pool" }
                    
{
                    "app": "Crmeb",
                    "timestamp":"2025-09-19 19:09:00.067",
                    "level": "ERROR",
                    "thread": "task-executor-18",
                    "class": "c.zbkj.admin.task.order.OrderCancelTask",
                    "message": "OrderCancelTask.task | msg : Cannot get Jedis connection; nested exception is redis.clients.jedis.exceptions.JedisConnectionException: Could not get a resource from the pool" }
                    
{
                    "app": "Crmeb",
                    "timestamp":"2025-09-19 19:09:00.080",
                    "level": "ERROR",
                    "thread": "task-executor-20",
                    "class": "c.zbkj.admin.task.order.OrderRefundTask",
                    "message": "OrderRefundTask.task | msg : Cannot get Jedis connection; nested exception is redis.clients.jedis.exceptions.JedisConnectionException: Could not get a resource from the pool" }
                    
{
                    "app": "Crmeb",
                    "timestamp":"2025-09-19 19:10:00.049",
                    "level": "ERROR",
                    "thread": "task-executor-3",
                    "class": "c.z.admin.task.order.OrderAutoCancelTask",
                    "message": "OrderAutoCancelTask.task | msg : Cannot get Jedis connection; nested exception is redis.clients.jedis.exceptions.JedisConnectionException: Could not get a resource from the pool" }
                    
{
                    "app": "Crmeb",
                    "timestamp":"2025-09-19 19:10:00.064",
                    "level": "ERROR",
                    "thread": "task-executor-2",
                    "class": "c.z.admin.task.order.OrderPaySuccessTask",
                    "message": "OrderPaySuccessTask.task | msg : Cannot get Jedis connection; nested exception is redis.clients.jedis.exceptions.JedisConnectionException: Could not get a resource from the pool" }
                    
{
                    "app": "Crmeb",
                    "timestamp":"2025-09-19 19:10:00.076",
                    "level": "ERROR",
                    "thread": "task-executor-4",
                    "class": "c.zbkj.admin.task.order.OrderCancelTask",
                    "message": "OrderCancelTask.task | msg : Cannot get Jedis connection; nested exception is redis.clients.jedis.exceptions.JedisConnectionException: Could not get a resource from the pool" }
                    
{
                    "app": "Crmeb",
                    "timestamp":"2025-09-19 19:10:00.090",
                    "level": "ERROR",
                    "thread": "task-executor-5",
                    "class": "c.zbkj.admin.task.order.OrderRefundTask",
                    "message": "OrderRefundTask.task | msg : Cannot get Jedis connection; nested exception is redis.clients.jedis.exceptions.JedisConnectionException: Could not get a resource from the pool" }
                    
{
                    "app": "Crmeb",
                    "timestamp":"2025-09-19 19:11:00.037",
                    "level": "ERROR",
                    "thread": "task-executor-7",
                    "class": "c.z.admin.task.order.OrderAutoCancelTask",
                    "message": "OrderAutoCancelTask.task | msg : Cannot get Jedis connection; nested exception is redis.clients.jedis.exceptions.JedisConnectionException: Could not get a resource from the pool" }
                    
{
                    "app": "Crmeb",
                    "timestamp":"2025-09-19 19:11:00.052",
                    "level": "ERROR",
                    "thread": "task-executor-10",
                    "class": "c.z.admin.task.order.OrderPaySuccessTask",
                    "message": "OrderPaySuccessTask.task | msg : Cannot get Jedis connection; nested exception is redis.clients.jedis.exceptions.JedisConnectionException: Could not get a resource from the pool" }
                    
{
                    "app": "Crmeb",
                    "timestamp":"2025-09-19 19:11:00.065",
                    "level": "ERROR",
                    "thread": "task-executor-8",
                    "class": "c.zbkj.admin.task.order.OrderCancelTask",
                    "message": "OrderCancelTask.task | msg : Cannot get Jedis connection; nested exception is redis.clients.jedis.exceptions.JedisConnectionException: Could not get a resource from the pool" }
                    
{
                    "app": "Crmeb",
                    "timestamp":"2025-09-19 19:11:00.077",
                    "level": "ERROR",
                    "thread": "task-executor-9",
                    "class": "c.zbkj.admin.task.order.OrderRefundTask",
                    "message": "OrderRefundTask.task | msg : Cannot get Jedis connection; nested exception is redis.clients.jedis.exceptions.JedisConnectionException: Could not get a resource from the pool" }
                    
{
                    "app": "Crmeb",
                    "timestamp":"2025-09-19 19:12:00.037",
                    "level": "ERROR",
                    "thread": "task-executor-12",
                    "class": "c.z.admin.task.order.OrderAutoCancelTask",
                    "message": "OrderAutoCancelTask.task | msg : Cannot get Jedis connection; nested exception is redis.clients.jedis.exceptions.JedisConnectionException: Could not get a resource from the pool" }
                    
{
                    "app": "Crmeb",
                    "timestamp":"2025-09-19 19:12:00.052",
                    "level": "ERROR",
                    "thread": "task-executor-13",
                    "class": "c.z.admin.task.order.OrderPaySuccessTask",
                    "message": "OrderPaySuccessTask.task | msg : Cannot get Jedis connection; nested exception is redis.clients.jedis.exceptions.JedisConnectionException: Could not get a resource from the pool" }
                    
{
                    "app": "Crmeb",
                    "timestamp":"2025-09-19 19:12:00.064",
                    "level": "ERROR",
                    "thread": "task-executor-14",
                    "class": "c.zbkj.admin.task.order.OrderCancelTask",
                    "message": "OrderCancelTask.task | msg : Cannot get Jedis connection; nested exception is redis.clients.jedis.exceptions.JedisConnectionException: Could not get a resource from the pool" }
                    
{
                    "app": "Crmeb",
                    "timestamp":"2025-09-19 19:12:00.078",
                    "level": "ERROR",
                    "thread": "task-executor-15",
                    "class": "c.zbkj.admin.task.order.OrderRefundTask",
                    "message": "OrderRefundTask.task | msg : Cannot get Jedis connection; nested exception is redis.clients.jedis.exceptions.JedisConnectionException: Could not get a resource from the pool" }
                    
{
                    "app": "Crmeb",
                    "timestamp":"2025-09-19 19:13:15.526",
                    "level": "ERROR",
                    "thread": "task-executor-2",
                    "class": "c.z.admin.task.order.OrderAutoCancelTask",
                    "message": "OrderAutoCancelTask.task | msg : Cannot get Jedis connection; nested exception is redis.clients.jedis.exceptions.JedisConnectionException: Could not get a resource from the pool" }
                    
{
                    "app": "Crmeb",
                    "timestamp":"2025-09-19 19:13:15.545",
                    "level": "ERROR",
                    "thread": "task-executor-4",
                    "class": "c.z.admin.task.order.OrderPaySuccessTask",
                    "message": "OrderPaySuccessTask.task | msg : Cannot get Jedis connection; nested exception is redis.clients.jedis.exceptions.JedisConnectionException: Could not get a resource from the pool" }
                    
{
                    "app": "Crmeb",
                    "timestamp":"2025-09-19 19:13:15.567",
                    "level": "ERROR",
                    "thread": "task-executor-3",
                    "class": "c.zbkj.admin.task.order.OrderCancelTask",
                    "message": "OrderCancelTask.task | msg : Cannot get Jedis connection; nested exception is redis.clients.jedis.exceptions.JedisConnectionException: Could not get a resource from the pool" }
                    
{
                    "app": "Crmeb",
                    "timestamp":"2025-09-19 19:13:15.590",
                    "level": "ERROR",
                    "thread": "task-executor-5",
                    "class": "c.zbkj.admin.task.order.OrderRefundTask",
                    "message": "OrderRefundTask.task | msg : Cannot get Jedis connection; nested exception is redis.clients.jedis.exceptions.JedisConnectionException: Could not get a resource from the pool" }
                    
{
                    "app": "Crmeb",
                    "timestamp":"2025-09-19 19:14:00.052",
                    "level": "ERROR",
                    "thread": "task-executor-7",
                    "class": "c.z.admin.task.order.OrderAutoCancelTask",
                    "message": "OrderAutoCancelTask.task | msg : Cannot get Jedis connection; nested exception is redis.clients.jedis.exceptions.JedisConnectionException: Could not get a resource from the pool" }
                    
{
                    "app": "Crmeb",
                    "timestamp":"2025-09-19 19:14:00.072",
                    "level": "ERROR",
                    "thread": "task-executor-9",
                    "class": "c.z.admin.task.order.OrderPaySuccessTask",
                    "message": "OrderPaySuccessTask.task | msg : Cannot get Jedis connection; nested exception is redis.clients.jedis.exceptions.JedisConnectionException: Could not get a resource from the pool" }
                    
{
                    "app": "Crmeb",
                    "timestamp":"2025-09-19 19:14:00.093",
                    "level": "ERROR",
                    "thread": "task-executor-8",
                    "class": "c.zbkj.admin.task.order.OrderCancelTask",
                    "message": "OrderCancelTask.task | msg : Cannot get Jedis connection; nested exception is redis.clients.jedis.exceptions.JedisConnectionException: Could not get a resource from the pool" }
                    
{
                    "app": "Crmeb",
                    "timestamp":"2025-09-19 19:14:00.110",
                    "level": "ERROR",
                    "thread": "task-executor-10",
                    "class": "c.zbkj.admin.task.order.OrderRefundTask",
                    "message": "OrderRefundTask.task | msg : Cannot get Jedis connection; nested exception is redis.clients.jedis.exceptions.JedisConnectionException: Could not get a resource from the pool" }
                    
{
                    "app": "Crmeb",
                    "timestamp":"2025-09-19 19:15:00.069",
                    "level": "ERROR",
                    "thread": "task-executor-2",
                    "class": "c.z.admin.task.order.OrderAutoCancelTask",
                    "message": "OrderAutoCancelTask.task | msg : Cannot get Jedis connection; nested exception is redis.clients.jedis.exceptions.JedisConnectionException: Could not get a resource from the pool" }
                    
{
                    "app": "Crmeb",
                    "timestamp":"2025-09-19 19:15:00.083",
                    "level": "ERROR",
                    "thread": "task-executor-5",
                    "class": "c.zbkj.admin.task.order.OrderRefundTask",
                    "message": "OrderRefundTask.task | msg : Cannot get Jedis connection; nested exception is redis.clients.jedis.exceptions.JedisConnectionException: Could not get a resource from the pool" }
                    
{
                    "app": "Crmeb",
                    "timestamp":"2025-09-19 19:15:00.098",
                    "level": "ERROR",
                    "thread": "task-executor-4",
                    "class": "c.z.admin.task.order.OrderPaySuccessTask",
                    "message": "OrderPaySuccessTask.task | msg : Cannot get Jedis connection; nested exception is redis.clients.jedis.exceptions.JedisConnectionException: Could not get a resource from the pool" }
                    
{
                    "app": "Crmeb",
                    "timestamp":"2025-09-19 19:15:00.112",
                    "level": "ERROR",
                    "thread": "task-executor-3",
                    "class": "c.zbkj.admin.task.order.OrderCancelTask",
                    "message": "OrderCancelTask.task | msg : Cannot get Jedis connection; nested exception is redis.clients.jedis.exceptions.JedisConnectionException: Could not get a resource from the pool" }
                    
{
                    "app": "Crmeb",
                    "timestamp":"2025-09-19 19:16:00.050",
                    "level": "ERROR",
                    "thread": "task-executor-7",
                    "class": "c.z.admin.task.order.OrderAutoCancelTask",
                    "message": "OrderAutoCancelTask.task | msg : Cannot get Jedis connection; nested exception is redis.clients.jedis.exceptions.JedisConnectionException: Could not get a resource from the pool" }
                    
{
                    "app": "Crmeb",
                    "timestamp":"2025-09-19 19:16:00.067",
                    "level": "ERROR",
                    "thread": "task-executor-8",
                    "class": "c.zbkj.admin.task.order.OrderCancelTask",
                    "message": "OrderCancelTask.task | msg : Cannot get Jedis connection; nested exception is redis.clients.jedis.exceptions.JedisConnectionException: Could not get a resource from the pool" }
                    
{
                    "app": "Crmeb",
                    "timestamp":"2025-09-19 19:16:00.080",
                    "level": "ERROR",
                    "thread": "task-executor-10",
                    "class": "c.zbkj.admin.task.order.OrderRefundTask",
                    "message": "OrderRefundTask.task | msg : Cannot get Jedis connection; nested exception is redis.clients.jedis.exceptions.JedisConnectionException: Could not get a resource from the pool" }
                    
{
                    "app": "Crmeb",
                    "timestamp":"2025-09-19 19:16:00.098",
                    "level": "ERROR",
                    "thread": "task-executor-9",
                    "class": "c.z.admin.task.order.OrderPaySuccessTask",
                    "message": "OrderPaySuccessTask.task | msg : Cannot get Jedis connection; nested exception is redis.clients.jedis.exceptions.JedisConnectionException: Could not get a resource from the pool" }
                    
{
                    "app": "Crmeb",
                    "timestamp":"2025-09-19 19:17:00.050",
                    "level": "ERROR",
                    "thread": "task-executor-12",
                    "class": "c.zbkj.admin.task.order.OrderCancelTask",
                    "message": "OrderCancelTask.task | msg : Cannot get Jedis connection; nested exception is redis.clients.jedis.exceptions.JedisConnectionException: Could not get a resource from the pool" }
                    
{
                    "app": "Crmeb",
                    "timestamp":"2025-09-19 19:17:00.064",
                    "level": "ERROR",
                    "thread": "task-executor-13",
                    "class": "c.z.admin.task.order.OrderPaySuccessTask",
                    "message": "OrderPaySuccessTask.task | msg : Cannot get Jedis connection; nested exception is redis.clients.jedis.exceptions.JedisConnectionException: Could not get a resource from the pool" }
                    
{
                    "app": "Crmeb",
                    "timestamp":"2025-09-19 19:17:00.076",
                    "level": "ERROR",
                    "thread": "task-executor-14",
                    "class": "c.zbkj.admin.task.order.OrderRefundTask",
                    "message": "OrderRefundTask.task | msg : Cannot get Jedis connection; nested exception is redis.clients.jedis.exceptions.JedisConnectionException: Could not get a resource from the pool" }
                    
{
                    "app": "Crmeb",
                    "timestamp":"2025-09-19 19:18:00.041",
                    "level": "ERROR",
                    "thread": "task-executor-15",
                    "class": "c.z.admin.task.order.OrderAutoCancelTask",
                    "message": "OrderAutoCancelTask.task | msg : Cannot get Jedis connection; nested exception is redis.clients.jedis.exceptions.JedisConnectionException: Could not get a resource from the pool" }
                    
{
                    "app": "Crmeb",
                    "timestamp":"2025-09-19 19:18:00.078",
                    "level": "ERROR",
                    "thread": "task-executor-16",
                    "class": "c.zbkj.admin.task.order.OrderCancelTask",
                    "message": "OrderCancelTask.task | msg : Cannot get Jedis connection; nested exception is redis.clients.jedis.exceptions.JedisConnectionException: Could not get a resource from the pool" }
                    
{
                    "app": "Crmeb",
                    "timestamp":"2025-09-19 19:18:00.091",
                    "level": "ERROR",
                    "thread": "task-executor-17",
                    "class": "c.zbkj.admin.task.order.OrderRefundTask",
                    "message": "OrderRefundTask.task | msg : Cannot get Jedis connection; nested exception is redis.clients.jedis.exceptions.JedisConnectionException: Could not get a resource from the pool" }
                    
{
                    "app": "Crmeb",
                    "timestamp":"2025-09-19 19:19:02.069",
                    "level": "ERROR",
                    "thread": "task-executor-19",
                    "class": "c.zbkj.admin.task.order.OrderCancelTask",
                    "message": "OrderCancelTask.task | msg : Cannot get Jedis connection; nested exception is redis.clients.jedis.exceptions.JedisConnectionException: Could not get a resource from the pool" }
                    
{
                    "app": "Crmeb",
                    "timestamp":"2025-09-19 19:19:02.089",
                    "level": "ERROR",
                    "thread": "task-executor-20",
                    "class": "c.zbkj.admin.task.order.OrderRefundTask",
                    "message": "OrderRefundTask.task | msg : Cannot get Jedis connection; nested exception is redis.clients.jedis.exceptions.JedisConnectionException: Could not get a resource from the pool" }
                    
{
                    "app": "Crmeb",
                    "timestamp":"2025-09-19 19:20:32.820",
                    "level": "ERROR",
                    "thread": "task-executor-2",
                    "class": "c.z.admin.task.order.OrderAutoCancelTask",
                    "message": "OrderAutoCancelTask.task | msg : Cannot get Jedis connection; nested exception is redis.clients.jedis.exceptions.JedisConnectionException: Could not get a resource from the pool" }
                    
{
                    "app": "Crmeb",
                    "timestamp":"2025-09-19 19:20:32.844",
                    "level": "ERROR",
                    "thread": "task-executor-3",
                    "class": "c.zbkj.admin.task.order.OrderRefundTask",
                    "message": "OrderRefundTask.task | msg : Cannot get Jedis connection; nested exception is redis.clients.jedis.exceptions.JedisConnectionException: Could not get a resource from the pool" }
                    
{
                    "app": "Crmeb",
                    "timestamp":"2025-09-19 19:20:32.860",
                    "level": "ERROR",
                    "thread": "task-executor-5",
                    "class": "c.zbkj.admin.task.order.OrderCancelTask",
                    "message": "OrderCancelTask.task | msg : Cannot get Jedis connection; nested exception is redis.clients.jedis.exceptions.JedisConnectionException: Could not get a resource from the pool" }
                    
{
                    "app": "Crmeb",
                    "timestamp":"2025-09-19 19:20:32.878",
                    "level": "ERROR",
                    "thread": "task-executor-4",
                    "class": "c.z.admin.task.order.OrderPaySuccessTask",
                    "message": "OrderPaySuccessTask.task | msg : Cannot get Jedis connection; nested exception is redis.clients.jedis.exceptions.JedisConnectionException: Could not get a resource from the pool" }
                    
{
                    "app": "Crmeb",
                    "timestamp":"2025-09-19 19:21:02.065",
                    "level": "ERROR",
                    "thread": "task-executor-7",
                    "class": "c.z.admin.task.order.OrderAutoCancelTask",
                    "message": "OrderAutoCancelTask.task | msg : Cannot get Jedis connection; nested exception is redis.clients.jedis.exceptions.JedisConnectionException: Could not get a resource from the pool" }
                    
{
                    "app": "Crmeb",
                    "timestamp":"2025-09-19 19:21:02.076",
                    "level": "ERROR",
                    "thread": "task-executor-8",
                    "class": "c.zbkj.admin.task.order.OrderCancelTask",
                    "message": "OrderCancelTask.task | msg : Cannot get Jedis connection; nested exception is redis.clients.jedis.exceptions.JedisConnectionException: Could not get a resource from the pool" }
                    
{
                    "app": "Crmeb",
                    "timestamp":"2025-09-19 19:21:02.089",
                    "level": "ERROR",
                    "thread": "task-executor-9",
                    "class": "c.z.admin.task.order.OrderPaySuccessTask",
                    "message": "OrderPaySuccessTask.task | msg : Cannot get Jedis connection; nested exception is redis.clients.jedis.exceptions.JedisConnectionException: Could not get a resource from the pool" }
                    
{
                    "app": "Crmeb",
                    "timestamp":"2025-09-19 19:21:02.099",
                    "level": "ERROR",
                    "thread": "task-executor-10",
                    "class": "c.zbkj.admin.task.order.OrderRefundTask",
                    "message": "OrderRefundTask.task | msg : Cannot get Jedis connection; nested exception is redis.clients.jedis.exceptions.JedisConnectionException: Could not get a resource from the pool" }
                    
{
                    "app": "Crmeb",
                    "timestamp":"2025-09-19 19:22:02.048",
                    "level": "ERROR",
                    "thread": "task-executor-12",
                    "class": "c.z.admin.task.order.OrderAutoCancelTask",
                    "message": "OrderAutoCancelTask.task | msg : Cannot get Jedis connection; nested exception is redis.clients.jedis.exceptions.JedisConnectionException: Could not get a resource from the pool" }
                    
{
                    "app": "Crmeb",
                    "timestamp":"2025-09-19 19:22:02.066",
                    "level": "ERROR",
                    "thread": "task-executor-13",
                    "class": "c.zbkj.admin.task.order.OrderCancelTask",
                    "message": "OrderCancelTask.task | msg : Cannot get Jedis connection; nested exception is redis.clients.jedis.exceptions.JedisConnectionException: Could not get a resource from the pool" }
                    
{
                    "app": "Crmeb",
                    "timestamp":"2025-09-19 19:22:02.075",
                    "level": "ERROR",
                    "thread": "task-executor-14",
                    "class": "c.z.admin.task.order.OrderPaySuccessTask",
                    "message": "OrderPaySuccessTask.task | msg : Cannot get Jedis connection; nested exception is redis.clients.jedis.exceptions.JedisConnectionException: Could not get a resource from the pool" }
                    
{
                    "app": "Crmeb",
                    "timestamp":"2025-09-19 19:22:02.083",
                    "level": "ERROR",
                    "thread": "task-executor-15",
                    "class": "c.zbkj.admin.task.order.OrderRefundTask",
                    "message": "OrderRefundTask.task | msg : Cannot get Jedis connection; nested exception is redis.clients.jedis.exceptions.JedisConnectionException: Could not get a resource from the pool" }
                    
{
                    "app": "Crmeb",
                    "timestamp":"2025-09-19 19:23:02.065",
                    "level": "ERROR",
                    "thread": "task-executor-17",
                    "class": "c.z.admin.task.order.OrderAutoCancelTask",
                    "message": "OrderAutoCancelTask.task | msg : Cannot get Jedis connection; nested exception is redis.clients.jedis.exceptions.JedisConnectionException: Could not get a resource from the pool" }
                    
{
                    "app": "Crmeb",
                    "timestamp":"2025-09-19 19:23:02.079",
                    "level": "ERROR",
                    "thread": "task-executor-18",
                    "class": "c.zbkj.admin.task.order.OrderCancelTask",
                    "message": "OrderCancelTask.task | msg : Cannot get Jedis connection; nested exception is redis.clients.jedis.exceptions.JedisConnectionException: Could not get a resource from the pool" }
                    
{
                    "app": "Crmeb",
                    "timestamp":"2025-09-19 19:23:02.087",
                    "level": "ERROR",
                    "thread": "task-executor-19",
                    "class": "c.z.admin.task.order.OrderPaySuccessTask",
                    "message": "OrderPaySuccessTask.task | msg : Cannot get Jedis connection; nested exception is redis.clients.jedis.exceptions.JedisConnectionException: Could not get a resource from the pool" }
                    
{
                    "app": "Crmeb",
                    "timestamp":"2025-09-19 19:23:02.097",
                    "level": "ERROR",
                    "thread": "task-executor-20",
                    "class": "c.zbkj.admin.task.order.OrderRefundTask",
                    "message": "OrderRefundTask.task | msg : Cannot get Jedis connection; nested exception is redis.clients.jedis.exceptions.JedisConnectionException: Could not get a resource from the pool" }
                    
{
                    "app": "Crmeb",
                    "timestamp":"2025-09-19 19:24:02.034",
                    "level": "ERROR",
                    "thread": "task-executor-1",
                    "class": "c.z.admin.task.order.OrderAutoCancelTask",
                    "message": "OrderAutoCancelTask.task | msg : Cannot get Jedis connection; nested exception is redis.clients.jedis.exceptions.JedisConnectionException: Could not get a resource from the pool" }
                    
{
                    "app": "Crmeb",
                    "timestamp":"2025-09-19 19:24:02.049",
                    "level": "ERROR",
                    "thread": "task-executor-3",
                    "class": "c.zbkj.admin.task.order.OrderCancelTask",
                    "message": "OrderCancelTask.task | msg : Cannot get Jedis connection; nested exception is redis.clients.jedis.exceptions.JedisConnectionException: Could not get a resource from the pool" }
                    
{
                    "app": "Crmeb",
                    "timestamp":"2025-09-19 19:24:02.057",
                    "level": "ERROR",
                    "thread": "task-executor-5",
                    "class": "c.z.admin.task.order.OrderPaySuccessTask",
                    "message": "OrderPaySuccessTask.task | msg : Cannot get Jedis connection; nested exception is redis.clients.jedis.exceptions.JedisConnectionException: Could not get a resource from the pool" }
                    
{
                    "app": "Crmeb",
                    "timestamp":"2025-09-19 19:24:02.067",
                    "level": "ERROR",
                    "thread": "task-executor-4",
                    "class": "c.zbkj.admin.task.order.OrderRefundTask",
                    "message": "OrderRefundTask.task | msg : Cannot get Jedis connection; nested exception is redis.clients.jedis.exceptions.JedisConnectionException: Could not get a resource from the pool" }
                    
{
                    "app": "Crmeb",
                    "timestamp":"2025-09-19 19:25:02.057",
                    "level": "ERROR",
                    "thread": "task-executor-8",
                    "class": "c.zbkj.admin.task.order.OrderCancelTask",
                    "message": "OrderCancelTask.task | msg : Cannot get Jedis connection; nested exception is redis.clients.jedis.exceptions.JedisConnectionException: Could not get a resource from the pool" }
                    
{
                    "app": "Crmeb",
                    "timestamp":"2025-09-19 19:25:02.070",
                    "level": "ERROR",
                    "thread": "task-executor-7",
                    "class": "c.z.admin.task.order.OrderAutoCancelTask",
                    "message": "OrderAutoCancelTask.task | msg : Cannot get Jedis connection; nested exception is redis.clients.jedis.exceptions.JedisConnectionException: Could not get a resource from the pool" }
                    
{
                    "app": "Crmeb",
                    "timestamp":"2025-09-19 19:25:02.081",
                    "level": "ERROR",
                    "thread": "task-executor-9",
                    "class": "c.z.admin.task.order.OrderPaySuccessTask",
                    "message": "OrderPaySuccessTask.task | msg : Cannot get Jedis connection; nested exception is redis.clients.jedis.exceptions.JedisConnectionException: Could not get a resource from the pool" }
                    
{
                    "app": "Crmeb",
                    "timestamp":"2025-09-19 19:25:02.088",
                    "level": "ERROR",
                    "thread": "task-executor-10",
                    "class": "c.zbkj.admin.task.order.OrderRefundTask",
                    "message": "OrderRefundTask.task | msg : Cannot get Jedis connection; nested exception is redis.clients.jedis.exceptions.JedisConnectionException: Could not get a resource from the pool" }
                    
{
                    "app": "Crmeb",
                    "timestamp":"2025-09-19 19:26:02.055",
                    "level": "ERROR",
                    "thread": "task-executor-12",
                    "class": "c.z.admin.task.order.OrderAutoCancelTask",
                    "message": "OrderAutoCancelTask.task | msg : Cannot get Jedis connection; nested exception is redis.clients.jedis.exceptions.JedisConnectionException: Could not get a resource from the pool" }
                    
{
                    "app": "Crmeb",
                    "timestamp":"2025-09-19 19:26:02.065",
                    "level": "ERROR",
                    "thread": "task-executor-13",
                    "class": "c.zbkj.admin.task.order.OrderCancelTask",
                    "message": "OrderCancelTask.task | msg : Cannot get Jedis connection; nested exception is redis.clients.jedis.exceptions.JedisConnectionException: Could not get a resource from the pool" }
                    
{
                    "app": "Crmeb",
                    "timestamp":"2025-09-19 19:26:02.073",
                    "level": "ERROR",
                    "thread": "task-executor-14",
                    "class": "c.z.admin.task.order.OrderPaySuccessTask",
                    "message": "OrderPaySuccessTask.task | msg : Cannot get Jedis connection; nested exception is redis.clients.jedis.exceptions.JedisConnectionException: Could not get a resource from the pool" }
                    
{
                    "app": "Crmeb",
                    "timestamp":"2025-09-19 19:26:02.081",
                    "level": "ERROR",
                    "thread": "task-executor-15",
                    "class": "c.zbkj.admin.task.order.OrderRefundTask",
                    "message": "OrderRefundTask.task | msg : Cannot get Jedis connection; nested exception is redis.clients.jedis.exceptions.JedisConnectionException: Could not get a resource from the pool" }
                    
