{
                    "app": "Crmeb",
                    "timestamp":"2025-11-04 09:13:45.347",
                    "level": "ERROR",
                    "thread": "Druid-ConnectionPool-Create-1183266411",
                    "class": "com.alibaba.druid.pool.DruidDataSource",
                    "message": "create connection SQLException, url: jdbc:mysql://127.0.0.1:3306/java_et?characterEncoding=utf-8&useSSL=false&serverTimeZone=GMT+8, errorCode 0, state 08001" }
                    
java.sql.SQLNonTransientConnectionException: Public Key Retrieval is not allowed
	at com.mysql.cj.jdbc.exceptions.SQLError.createSQLException(SQLError.java:111)
	at com.mysql.cj.jdbc.exceptions.SQLExceptionsMapping.translateException(SQLExceptionsMapping.java:122)
	at com.mysql.cj.jdbc.ConnectionImpl.createNewIO(ConnectionImpl.java:825)
	at com.mysql.cj.jdbc.ConnectionImpl.<init>(ConnectionImpl.java:446)
	at com.mysql.cj.jdbc.ConnectionImpl.getInstance(ConnectionImpl.java:239)
	at com.mysql.cj.jdbc.NonRegisteringDriver.connect(NonRegisteringDriver.java:188)
	at com.alibaba.druid.pool.DruidAbstractDataSource.createPhysicalConnection(DruidAbstractDataSource.java:1643)
	at com.alibaba.druid.pool.DruidAbstractDataSource.createPhysicalConnection(DruidAbstractDataSource.java:1709)
	at com.alibaba.druid.pool.DruidDataSource$CreateConnectionThread.run(DruidDataSource.java:2715)
Caused by: com.mysql.cj.exceptions.UnableToConnectException: Public Key Retrieval is not allowed
	at sun.reflect.NativeConstructorAccessorImpl.newInstance0(Native Method)
	at sun.reflect.NativeConstructorAccessorImpl.newInstance(NativeConstructorAccessorImpl.java:62)
	at sun.reflect.DelegatingConstructorAccessorImpl.newInstance(DelegatingConstructorAccessorImpl.java:45)
	at java.lang.reflect.Constructor.newInstance(Constructor.java:423)
	at com.mysql.cj.exceptions.ExceptionFactory.createException(ExceptionFactory.java:62)
	at com.mysql.cj.exceptions.ExceptionFactory.createException(ExceptionFactory.java:86)
	at com.mysql.cj.protocol.a.authentication.CachingSha2PasswordPlugin.nextAuthenticationStep(CachingSha2PasswordPlugin.java:130)
	at com.mysql.cj.protocol.a.authentication.CachingSha2PasswordPlugin.nextAuthenticationStep(CachingSha2PasswordPlugin.java:49)
	at com.mysql.cj.protocol.a.NativeAuthenticationProvider.proceedHandshakeWithPluggableAuthentication(NativeAuthenticationProvider.java:443)
	at com.mysql.cj.protocol.a.NativeAuthenticationProvider.connect(NativeAuthenticationProvider.java:213)
	at com.mysql.cj.protocol.a.NativeProtocol.connect(NativeProtocol.java:1430)
	at com.mysql.cj.NativeSession.connect(NativeSession.java:134)
	at com.mysql.cj.jdbc.ConnectionImpl.connectOneTryOnly(ConnectionImpl.java:945)
	at com.mysql.cj.jdbc.ConnectionImpl.createNewIO(ConnectionImpl.java:815)
	... 6 common frames omitted
{
                    "app": "Crmeb",
                    "timestamp":"2025-11-04 09:13:45.350",
                    "level": "ERROR",
                    "thread": "Druid-ConnectionPool-Create-1183266411",
                    "class": "com.alibaba.druid.pool.DruidDataSource",
                    "message": "create connection SQLException, url: jdbc:mysql://127.0.0.1:3306/java_et?characterEncoding=utf-8&useSSL=false&serverTimeZone=GMT+8, errorCode 0, state 08001" }
                    
java.sql.SQLNonTransientConnectionException: Public Key Retrieval is not allowed
	at com.mysql.cj.jdbc.exceptions.SQLError.createSQLException(SQLError.java:111)
	at com.mysql.cj.jdbc.exceptions.SQLExceptionsMapping.translateException(SQLExceptionsMapping.java:122)
	at com.mysql.cj.jdbc.ConnectionImpl.createNewIO(ConnectionImpl.java:825)
	at com.mysql.cj.jdbc.ConnectionImpl.<init>(ConnectionImpl.java:446)
	at com.mysql.cj.jdbc.ConnectionImpl.getInstance(ConnectionImpl.java:239)
	at com.mysql.cj.jdbc.NonRegisteringDriver.connect(NonRegisteringDriver.java:188)
	at com.alibaba.druid.pool.DruidAbstractDataSource.createPhysicalConnection(DruidAbstractDataSource.java:1643)
	at com.alibaba.druid.pool.DruidAbstractDataSource.createPhysicalConnection(DruidAbstractDataSource.java:1709)
	at com.alibaba.druid.pool.DruidDataSource$CreateConnectionThread.run(DruidDataSource.java:2715)
Caused by: com.mysql.cj.exceptions.UnableToConnectException: Public Key Retrieval is not allowed
	at sun.reflect.NativeConstructorAccessorImpl.newInstance0(Native Method)
	at sun.reflect.NativeConstructorAccessorImpl.newInstance(NativeConstructorAccessorImpl.java:62)
	at sun.reflect.DelegatingConstructorAccessorImpl.newInstance(DelegatingConstructorAccessorImpl.java:45)
	at java.lang.reflect.Constructor.newInstance(Constructor.java:423)
	at com.mysql.cj.exceptions.ExceptionFactory.createException(ExceptionFactory.java:62)
	at com.mysql.cj.exceptions.ExceptionFactory.createException(ExceptionFactory.java:86)
	at com.mysql.cj.protocol.a.authentication.CachingSha2PasswordPlugin.nextAuthenticationStep(CachingSha2PasswordPlugin.java:130)
	at com.mysql.cj.protocol.a.authentication.CachingSha2PasswordPlugin.nextAuthenticationStep(CachingSha2PasswordPlugin.java:49)
	at com.mysql.cj.protocol.a.NativeAuthenticationProvider.proceedHandshakeWithPluggableAuthentication(NativeAuthenticationProvider.java:443)
	at com.mysql.cj.protocol.a.NativeAuthenticationProvider.connect(NativeAuthenticationProvider.java:213)
	at com.mysql.cj.protocol.a.NativeProtocol.connect(NativeProtocol.java:1430)
	at com.mysql.cj.NativeSession.connect(NativeSession.java:134)
	at com.mysql.cj.jdbc.ConnectionImpl.connectOneTryOnly(ConnectionImpl.java:945)
	at com.mysql.cj.jdbc.ConnectionImpl.createNewIO(ConnectionImpl.java:815)
	... 6 common frames omitted
{
                    "app": "Crmeb",
                    "timestamp":"2025-11-04 09:13:45.866",
                    "level": "ERROR",
                    "thread": "Druid-ConnectionPool-Create-1183266411",
                    "class": "com.alibaba.druid.pool.DruidDataSource",
                    "message": "create connection SQLException, url: jdbc:mysql://127.0.0.1:3306/java_et?characterEncoding=utf-8&useSSL=false&serverTimeZone=GMT+8, errorCode 0, state 08001" }
                    
java.sql.SQLNonTransientConnectionException: Public Key Retrieval is not allowed
	at com.mysql.cj.jdbc.exceptions.SQLError.createSQLException(SQLError.java:111)
	at com.mysql.cj.jdbc.exceptions.SQLExceptionsMapping.translateException(SQLExceptionsMapping.java:122)
	at com.mysql.cj.jdbc.ConnectionImpl.createNewIO(ConnectionImpl.java:825)
	at com.mysql.cj.jdbc.ConnectionImpl.<init>(ConnectionImpl.java:446)
	at com.mysql.cj.jdbc.ConnectionImpl.getInstance(ConnectionImpl.java:239)
	at com.mysql.cj.jdbc.NonRegisteringDriver.connect(NonRegisteringDriver.java:188)
	at com.alibaba.druid.pool.DruidAbstractDataSource.createPhysicalConnection(DruidAbstractDataSource.java:1643)
	at com.alibaba.druid.pool.DruidAbstractDataSource.createPhysicalConnection(DruidAbstractDataSource.java:1709)
	at com.alibaba.druid.pool.DruidDataSource$CreateConnectionThread.run(DruidDataSource.java:2715)
Caused by: com.mysql.cj.exceptions.UnableToConnectException: Public Key Retrieval is not allowed
	at sun.reflect.NativeConstructorAccessorImpl.newInstance0(Native Method)
	at sun.reflect.NativeConstructorAccessorImpl.newInstance(NativeConstructorAccessorImpl.java:62)
	at sun.reflect.DelegatingConstructorAccessorImpl.newInstance(DelegatingConstructorAccessorImpl.java:45)
	at java.lang.reflect.Constructor.newInstance(Constructor.java:423)
	at com.mysql.cj.exceptions.ExceptionFactory.createException(ExceptionFactory.java:62)
	at com.mysql.cj.exceptions.ExceptionFactory.createException(ExceptionFactory.java:86)
	at com.mysql.cj.protocol.a.authentication.CachingSha2PasswordPlugin.nextAuthenticationStep(CachingSha2PasswordPlugin.java:130)
	at com.mysql.cj.protocol.a.authentication.CachingSha2PasswordPlugin.nextAuthenticationStep(CachingSha2PasswordPlugin.java:49)
	at com.mysql.cj.protocol.a.NativeAuthenticationProvider.proceedHandshakeWithPluggableAuthentication(NativeAuthenticationProvider.java:443)
	at com.mysql.cj.protocol.a.NativeAuthenticationProvider.connect(NativeAuthenticationProvider.java:213)
	at com.mysql.cj.protocol.a.NativeProtocol.connect(NativeProtocol.java:1430)
	at com.mysql.cj.NativeSession.connect(NativeSession.java:134)
	at com.mysql.cj.jdbc.ConnectionImpl.connectOneTryOnly(ConnectionImpl.java:945)
	at com.mysql.cj.jdbc.ConnectionImpl.createNewIO(ConnectionImpl.java:815)
	... 6 common frames omitted
{
                    "app": "Crmeb",
                    "timestamp":"2025-11-04 09:13:46.380",
                    "level": "ERROR",
                    "thread": "Druid-ConnectionPool-Create-1183266411",
                    "class": "com.alibaba.druid.pool.DruidDataSource",
                    "message": "create connection SQLException, url: jdbc:mysql://127.0.0.1:3306/java_et?characterEncoding=utf-8&useSSL=false&serverTimeZone=GMT+8, errorCode 0, state 08001" }
                    
java.sql.SQLNonTransientConnectionException: Public Key Retrieval is not allowed
	at com.mysql.cj.jdbc.exceptions.SQLError.createSQLException(SQLError.java:111)
	at com.mysql.cj.jdbc.exceptions.SQLExceptionsMapping.translateException(SQLExceptionsMapping.java:122)
	at com.mysql.cj.jdbc.ConnectionImpl.createNewIO(ConnectionImpl.java:825)
	at com.mysql.cj.jdbc.ConnectionImpl.<init>(ConnectionImpl.java:446)
	at com.mysql.cj.jdbc.ConnectionImpl.getInstance(ConnectionImpl.java:239)
	at com.mysql.cj.jdbc.NonRegisteringDriver.connect(NonRegisteringDriver.java:188)
	at com.alibaba.druid.pool.DruidAbstractDataSource.createPhysicalConnection(DruidAbstractDataSource.java:1643)
	at com.alibaba.druid.pool.DruidAbstractDataSource.createPhysicalConnection(DruidAbstractDataSource.java:1709)
	at com.alibaba.druid.pool.DruidDataSource$CreateConnectionThread.run(DruidDataSource.java:2715)
Caused by: com.mysql.cj.exceptions.UnableToConnectException: Public Key Retrieval is not allowed
	at sun.reflect.NativeConstructorAccessorImpl.newInstance0(Native Method)
	at sun.reflect.NativeConstructorAccessorImpl.newInstance(NativeConstructorAccessorImpl.java:62)
	at sun.reflect.DelegatingConstructorAccessorImpl.newInstance(DelegatingConstructorAccessorImpl.java:45)
	at java.lang.reflect.Constructor.newInstance(Constructor.java:423)
	at com.mysql.cj.exceptions.ExceptionFactory.createException(ExceptionFactory.java:62)
	at com.mysql.cj.exceptions.ExceptionFactory.createException(ExceptionFactory.java:86)
	at com.mysql.cj.protocol.a.authentication.CachingSha2PasswordPlugin.nextAuthenticationStep(CachingSha2PasswordPlugin.java:130)
	at com.mysql.cj.protocol.a.authentication.CachingSha2PasswordPlugin.nextAuthenticationStep(CachingSha2PasswordPlugin.java:49)
	at com.mysql.cj.protocol.a.NativeAuthenticationProvider.proceedHandshakeWithPluggableAuthentication(NativeAuthenticationProvider.java:443)
	at com.mysql.cj.protocol.a.NativeAuthenticationProvider.connect(NativeAuthenticationProvider.java:213)
	at com.mysql.cj.protocol.a.NativeProtocol.connect(NativeProtocol.java:1430)
	at com.mysql.cj.NativeSession.connect(NativeSession.java:134)
	at com.mysql.cj.jdbc.ConnectionImpl.connectOneTryOnly(ConnectionImpl.java:945)
	at com.mysql.cj.jdbc.ConnectionImpl.createNewIO(ConnectionImpl.java:815)
	... 6 common frames omitted
{
                    "app": "Crmeb",
                    "timestamp":"2025-11-04 09:13:46.893",
                    "level": "ERROR",
                    "thread": "Druid-ConnectionPool-Create-1183266411",
                    "class": "com.alibaba.druid.pool.DruidDataSource",
                    "message": "create connection SQLException, url: jdbc:mysql://127.0.0.1:3306/java_et?characterEncoding=utf-8&useSSL=false&serverTimeZone=GMT+8, errorCode 0, state 08001" }
                    
java.sql.SQLNonTransientConnectionException: Public Key Retrieval is not allowed
	at com.mysql.cj.jdbc.exceptions.SQLError.createSQLException(SQLError.java:111)
	at com.mysql.cj.jdbc.exceptions.SQLExceptionsMapping.translateException(SQLExceptionsMapping.java:122)
	at com.mysql.cj.jdbc.ConnectionImpl.createNewIO(ConnectionImpl.java:825)
	at com.mysql.cj.jdbc.ConnectionImpl.<init>(ConnectionImpl.java:446)
	at com.mysql.cj.jdbc.ConnectionImpl.getInstance(ConnectionImpl.java:239)
	at com.mysql.cj.jdbc.NonRegisteringDriver.connect(NonRegisteringDriver.java:188)
	at com.alibaba.druid.pool.DruidAbstractDataSource.createPhysicalConnection(DruidAbstractDataSource.java:1643)
	at com.alibaba.druid.pool.DruidAbstractDataSource.createPhysicalConnection(DruidAbstractDataSource.java:1709)
	at com.alibaba.druid.pool.DruidDataSource$CreateConnectionThread.run(DruidDataSource.java:2715)
Caused by: com.mysql.cj.exceptions.UnableToConnectException: Public Key Retrieval is not allowed
	at sun.reflect.NativeConstructorAccessorImpl.newInstance0(Native Method)
	at sun.reflect.NativeConstructorAccessorImpl.newInstance(NativeConstructorAccessorImpl.java:62)
	at sun.reflect.DelegatingConstructorAccessorImpl.newInstance(DelegatingConstructorAccessorImpl.java:45)
	at java.lang.reflect.Constructor.newInstance(Constructor.java:423)
	at com.mysql.cj.exceptions.ExceptionFactory.createException(ExceptionFactory.java:62)
	at com.mysql.cj.exceptions.ExceptionFactory.createException(ExceptionFactory.java:86)
	at com.mysql.cj.protocol.a.authentication.CachingSha2PasswordPlugin.nextAuthenticationStep(CachingSha2PasswordPlugin.java:130)
	at com.mysql.cj.protocol.a.authentication.CachingSha2PasswordPlugin.nextAuthenticationStep(CachingSha2PasswordPlugin.java:49)
	at com.mysql.cj.protocol.a.NativeAuthenticationProvider.proceedHandshakeWithPluggableAuthentication(NativeAuthenticationProvider.java:443)
	at com.mysql.cj.protocol.a.NativeAuthenticationProvider.connect(NativeAuthenticationProvider.java:213)
	at com.mysql.cj.protocol.a.NativeProtocol.connect(NativeProtocol.java:1430)
	at com.mysql.cj.NativeSession.connect(NativeSession.java:134)
	at com.mysql.cj.jdbc.ConnectionImpl.connectOneTryOnly(ConnectionImpl.java:945)
	at com.mysql.cj.jdbc.ConnectionImpl.createNewIO(ConnectionImpl.java:815)
	... 6 common frames omitted
{
                    "app": "Crmeb",
                    "timestamp":"2025-11-04 09:13:47.406",
                    "level": "ERROR",
                    "thread": "Druid-ConnectionPool-Create-1183266411",
                    "class": "com.alibaba.druid.pool.DruidDataSource",
                    "message": "create connection SQLException, url: jdbc:mysql://127.0.0.1:3306/java_et?characterEncoding=utf-8&useSSL=false&serverTimeZone=GMT+8, errorCode 0, state 08001" }
                    
java.sql.SQLNonTransientConnectionException: Public Key Retrieval is not allowed
	at com.mysql.cj.jdbc.exceptions.SQLError.createSQLException(SQLError.java:111)
	at com.mysql.cj.jdbc.exceptions.SQLExceptionsMapping.translateException(SQLExceptionsMapping.java:122)
	at com.mysql.cj.jdbc.ConnectionImpl.createNewIO(ConnectionImpl.java:825)
	at com.mysql.cj.jdbc.ConnectionImpl.<init>(ConnectionImpl.java:446)
	at com.mysql.cj.jdbc.ConnectionImpl.getInstance(ConnectionImpl.java:239)
	at com.mysql.cj.jdbc.NonRegisteringDriver.connect(NonRegisteringDriver.java:188)
	at com.alibaba.druid.pool.DruidAbstractDataSource.createPhysicalConnection(DruidAbstractDataSource.java:1643)
	at com.alibaba.druid.pool.DruidAbstractDataSource.createPhysicalConnection(DruidAbstractDataSource.java:1709)
	at com.alibaba.druid.pool.DruidDataSource$CreateConnectionThread.run(DruidDataSource.java:2715)
Caused by: com.mysql.cj.exceptions.UnableToConnectException: Public Key Retrieval is not allowed
	at sun.reflect.NativeConstructorAccessorImpl.newInstance0(Native Method)
	at sun.reflect.NativeConstructorAccessorImpl.newInstance(NativeConstructorAccessorImpl.java:62)
	at sun.reflect.DelegatingConstructorAccessorImpl.newInstance(DelegatingConstructorAccessorImpl.java:45)
	at java.lang.reflect.Constructor.newInstance(Constructor.java:423)
	at com.mysql.cj.exceptions.ExceptionFactory.createException(ExceptionFactory.java:62)
	at com.mysql.cj.exceptions.ExceptionFactory.createException(ExceptionFactory.java:86)
	at com.mysql.cj.protocol.a.authentication.CachingSha2PasswordPlugin.nextAuthenticationStep(CachingSha2PasswordPlugin.java:130)
	at com.mysql.cj.protocol.a.authentication.CachingSha2PasswordPlugin.nextAuthenticationStep(CachingSha2PasswordPlugin.java:49)
	at com.mysql.cj.protocol.a.NativeAuthenticationProvider.proceedHandshakeWithPluggableAuthentication(NativeAuthenticationProvider.java:443)
	at com.mysql.cj.protocol.a.NativeAuthenticationProvider.connect(NativeAuthenticationProvider.java:213)
	at com.mysql.cj.protocol.a.NativeProtocol.connect(NativeProtocol.java:1430)
	at com.mysql.cj.NativeSession.connect(NativeSession.java:134)
	at com.mysql.cj.jdbc.ConnectionImpl.connectOneTryOnly(ConnectionImpl.java:945)
	at com.mysql.cj.jdbc.ConnectionImpl.createNewIO(ConnectionImpl.java:815)
	... 6 common frames omitted
{
                    "app": "Crmeb",
                    "timestamp":"2025-11-04 09:13:47.919",
                    "level": "ERROR",
                    "thread": "Druid-ConnectionPool-Create-1183266411",
                    "class": "com.alibaba.druid.pool.DruidDataSource",
                    "message": "create connection SQLException, url: jdbc:mysql://127.0.0.1:3306/java_et?characterEncoding=utf-8&useSSL=false&serverTimeZone=GMT+8, errorCode 0, state 08001" }
                    
java.sql.SQLNonTransientConnectionException: Public Key Retrieval is not allowed
	at com.mysql.cj.jdbc.exceptions.SQLError.createSQLException(SQLError.java:111)
	at com.mysql.cj.jdbc.exceptions.SQLExceptionsMapping.translateException(SQLExceptionsMapping.java:122)
	at com.mysql.cj.jdbc.ConnectionImpl.createNewIO(ConnectionImpl.java:825)
	at com.mysql.cj.jdbc.ConnectionImpl.<init>(ConnectionImpl.java:446)
	at com.mysql.cj.jdbc.ConnectionImpl.getInstance(ConnectionImpl.java:239)
	at com.mysql.cj.jdbc.NonRegisteringDriver.connect(NonRegisteringDriver.java:188)
	at com.alibaba.druid.pool.DruidAbstractDataSource.createPhysicalConnection(DruidAbstractDataSource.java:1643)
	at com.alibaba.druid.pool.DruidAbstractDataSource.createPhysicalConnection(DruidAbstractDataSource.java:1709)
	at com.alibaba.druid.pool.DruidDataSource$CreateConnectionThread.run(DruidDataSource.java:2715)
Caused by: com.mysql.cj.exceptions.UnableToConnectException: Public Key Retrieval is not allowed
	at sun.reflect.NativeConstructorAccessorImpl.newInstance0(Native Method)
	at sun.reflect.NativeConstructorAccessorImpl.newInstance(NativeConstructorAccessorImpl.java:62)
	at sun.reflect.DelegatingConstructorAccessorImpl.newInstance(DelegatingConstructorAccessorImpl.java:45)
	at java.lang.reflect.Constructor.newInstance(Constructor.java:423)
	at com.mysql.cj.exceptions.ExceptionFactory.createException(ExceptionFactory.java:62)
	at com.mysql.cj.exceptions.ExceptionFactory.createException(ExceptionFactory.java:86)
	at com.mysql.cj.protocol.a.authentication.CachingSha2PasswordPlugin.nextAuthenticationStep(CachingSha2PasswordPlugin.java:130)
	at com.mysql.cj.protocol.a.authentication.CachingSha2PasswordPlugin.nextAuthenticationStep(CachingSha2PasswordPlugin.java:49)
	at com.mysql.cj.protocol.a.NativeAuthenticationProvider.proceedHandshakeWithPluggableAuthentication(NativeAuthenticationProvider.java:443)
	at com.mysql.cj.protocol.a.NativeAuthenticationProvider.connect(NativeAuthenticationProvider.java:213)
	at com.mysql.cj.protocol.a.NativeProtocol.connect(NativeProtocol.java:1430)
	at com.mysql.cj.NativeSession.connect(NativeSession.java:134)
	at com.mysql.cj.jdbc.ConnectionImpl.connectOneTryOnly(ConnectionImpl.java:945)
	at com.mysql.cj.jdbc.ConnectionImpl.createNewIO(ConnectionImpl.java:815)
	... 6 common frames omitted
{
                    "app": "Crmeb",
                    "timestamp":"2025-11-04 09:13:48.432",
                    "level": "ERROR",
                    "thread": "Druid-ConnectionPool-Create-1183266411",
                    "class": "com.alibaba.druid.pool.DruidDataSource",
                    "message": "create connection SQLException, url: jdbc:mysql://127.0.0.1:3306/java_et?characterEncoding=utf-8&useSSL=false&serverTimeZone=GMT+8, errorCode 0, state 08001" }
                    
java.sql.SQLNonTransientConnectionException: Public Key Retrieval is not allowed
	at com.mysql.cj.jdbc.exceptions.SQLError.createSQLException(SQLError.java:111)
	at com.mysql.cj.jdbc.exceptions.SQLExceptionsMapping.translateException(SQLExceptionsMapping.java:122)
	at com.mysql.cj.jdbc.ConnectionImpl.createNewIO(ConnectionImpl.java:825)
	at com.mysql.cj.jdbc.ConnectionImpl.<init>(ConnectionImpl.java:446)
	at com.mysql.cj.jdbc.ConnectionImpl.getInstance(ConnectionImpl.java:239)
	at com.mysql.cj.jdbc.NonRegisteringDriver.connect(NonRegisteringDriver.java:188)
	at com.alibaba.druid.pool.DruidAbstractDataSource.createPhysicalConnection(DruidAbstractDataSource.java:1643)
	at com.alibaba.druid.pool.DruidAbstractDataSource.createPhysicalConnection(DruidAbstractDataSource.java:1709)
	at com.alibaba.druid.pool.DruidDataSource$CreateConnectionThread.run(DruidDataSource.java:2715)
Caused by: com.mysql.cj.exceptions.UnableToConnectException: Public Key Retrieval is not allowed
	at sun.reflect.NativeConstructorAccessorImpl.newInstance0(Native Method)
	at sun.reflect.NativeConstructorAccessorImpl.newInstance(NativeConstructorAccessorImpl.java:62)
	at sun.reflect.DelegatingConstructorAccessorImpl.newInstance(DelegatingConstructorAccessorImpl.java:45)
	at java.lang.reflect.Constructor.newInstance(Constructor.java:423)
	at com.mysql.cj.exceptions.ExceptionFactory.createException(ExceptionFactory.java:62)
	at com.mysql.cj.exceptions.ExceptionFactory.createException(ExceptionFactory.java:86)
	at com.mysql.cj.protocol.a.authentication.CachingSha2PasswordPlugin.nextAuthenticationStep(CachingSha2PasswordPlugin.java:130)
	at com.mysql.cj.protocol.a.authentication.CachingSha2PasswordPlugin.nextAuthenticationStep(CachingSha2PasswordPlugin.java:49)
	at com.mysql.cj.protocol.a.NativeAuthenticationProvider.proceedHandshakeWithPluggableAuthentication(NativeAuthenticationProvider.java:443)
	at com.mysql.cj.protocol.a.NativeAuthenticationProvider.connect(NativeAuthenticationProvider.java:213)
	at com.mysql.cj.protocol.a.NativeProtocol.connect(NativeProtocol.java:1430)
	at com.mysql.cj.NativeSession.connect(NativeSession.java:134)
	at com.mysql.cj.jdbc.ConnectionImpl.connectOneTryOnly(ConnectionImpl.java:945)
	at com.mysql.cj.jdbc.ConnectionImpl.createNewIO(ConnectionImpl.java:815)
	... 6 common frames omitted
{
                    "app": "Crmeb",
                    "timestamp":"2025-11-04 09:13:48.948",
                    "level": "ERROR",
                    "thread": "Druid-ConnectionPool-Create-1183266411",
                    "class": "com.alibaba.druid.pool.DruidDataSource",
                    "message": "create connection SQLException, url: jdbc:mysql://127.0.0.1:3306/java_et?characterEncoding=utf-8&useSSL=false&serverTimeZone=GMT+8, errorCode 0, state 08001" }
                    
java.sql.SQLNonTransientConnectionException: Public Key Retrieval is not allowed
	at com.mysql.cj.jdbc.exceptions.SQLError.createSQLException(SQLError.java:111)
	at com.mysql.cj.jdbc.exceptions.SQLExceptionsMapping.translateException(SQLExceptionsMapping.java:122)
	at com.mysql.cj.jdbc.ConnectionImpl.createNewIO(ConnectionImpl.java:825)
	at com.mysql.cj.jdbc.ConnectionImpl.<init>(ConnectionImpl.java:446)
	at com.mysql.cj.jdbc.ConnectionImpl.getInstance(ConnectionImpl.java:239)
	at com.mysql.cj.jdbc.NonRegisteringDriver.connect(NonRegisteringDriver.java:188)
	at com.alibaba.druid.pool.DruidAbstractDataSource.createPhysicalConnection(DruidAbstractDataSource.java:1643)
	at com.alibaba.druid.pool.DruidAbstractDataSource.createPhysicalConnection(DruidAbstractDataSource.java:1709)
	at com.alibaba.druid.pool.DruidDataSource$CreateConnectionThread.run(DruidDataSource.java:2715)
Caused by: com.mysql.cj.exceptions.UnableToConnectException: Public Key Retrieval is not allowed
	at sun.reflect.NativeConstructorAccessorImpl.newInstance0(Native Method)
	at sun.reflect.NativeConstructorAccessorImpl.newInstance(NativeConstructorAccessorImpl.java:62)
	at sun.reflect.DelegatingConstructorAccessorImpl.newInstance(DelegatingConstructorAccessorImpl.java:45)
	at java.lang.reflect.Constructor.newInstance(Constructor.java:423)
	at com.mysql.cj.exceptions.ExceptionFactory.createException(ExceptionFactory.java:62)
	at com.mysql.cj.exceptions.ExceptionFactory.createException(ExceptionFactory.java:86)
	at com.mysql.cj.protocol.a.authentication.CachingSha2PasswordPlugin.nextAuthenticationStep(CachingSha2PasswordPlugin.java:130)
	at com.mysql.cj.protocol.a.authentication.CachingSha2PasswordPlugin.nextAuthenticationStep(CachingSha2PasswordPlugin.java:49)
	at com.mysql.cj.protocol.a.NativeAuthenticationProvider.proceedHandshakeWithPluggableAuthentication(NativeAuthenticationProvider.java:443)
	at com.mysql.cj.protocol.a.NativeAuthenticationProvider.connect(NativeAuthenticationProvider.java:213)
	at com.mysql.cj.protocol.a.NativeProtocol.connect(NativeProtocol.java:1430)
	at com.mysql.cj.NativeSession.connect(NativeSession.java:134)
	at com.mysql.cj.jdbc.ConnectionImpl.connectOneTryOnly(ConnectionImpl.java:945)
	at com.mysql.cj.jdbc.ConnectionImpl.createNewIO(ConnectionImpl.java:815)
	... 6 common frames omitted
{
                    "app": "Crmeb",
                    "timestamp":"2025-11-04 09:13:49.461",
                    "level": "ERROR",
                    "thread": "Druid-ConnectionPool-Create-1183266411",
                    "class": "com.alibaba.druid.pool.DruidDataSource",
                    "message": "create connection SQLException, url: jdbc:mysql://127.0.0.1:3306/java_et?characterEncoding=utf-8&useSSL=false&serverTimeZone=GMT+8, errorCode 0, state 08001" }
                    
java.sql.SQLNonTransientConnectionException: Public Key Retrieval is not allowed
	at com.mysql.cj.jdbc.exceptions.SQLError.createSQLException(SQLError.java:111)
	at com.mysql.cj.jdbc.exceptions.SQLExceptionsMapping.translateException(SQLExceptionsMapping.java:122)
	at com.mysql.cj.jdbc.ConnectionImpl.createNewIO(ConnectionImpl.java:825)
	at com.mysql.cj.jdbc.ConnectionImpl.<init>(ConnectionImpl.java:446)
	at com.mysql.cj.jdbc.ConnectionImpl.getInstance(ConnectionImpl.java:239)
	at com.mysql.cj.jdbc.NonRegisteringDriver.connect(NonRegisteringDriver.java:188)
	at com.alibaba.druid.pool.DruidAbstractDataSource.createPhysicalConnection(DruidAbstractDataSource.java:1643)
	at com.alibaba.druid.pool.DruidAbstractDataSource.createPhysicalConnection(DruidAbstractDataSource.java:1709)
	at com.alibaba.druid.pool.DruidDataSource$CreateConnectionThread.run(DruidDataSource.java:2715)
Caused by: com.mysql.cj.exceptions.UnableToConnectException: Public Key Retrieval is not allowed
	at sun.reflect.NativeConstructorAccessorImpl.newInstance0(Native Method)
	at sun.reflect.NativeConstructorAccessorImpl.newInstance(NativeConstructorAccessorImpl.java:62)
	at sun.reflect.DelegatingConstructorAccessorImpl.newInstance(DelegatingConstructorAccessorImpl.java:45)
	at java.lang.reflect.Constructor.newInstance(Constructor.java:423)
	at com.mysql.cj.exceptions.ExceptionFactory.createException(ExceptionFactory.java:62)
	at com.mysql.cj.exceptions.ExceptionFactory.createException(ExceptionFactory.java:86)
	at com.mysql.cj.protocol.a.authentication.CachingSha2PasswordPlugin.nextAuthenticationStep(CachingSha2PasswordPlugin.java:130)
	at com.mysql.cj.protocol.a.authentication.CachingSha2PasswordPlugin.nextAuthenticationStep(CachingSha2PasswordPlugin.java:49)
	at com.mysql.cj.protocol.a.NativeAuthenticationProvider.proceedHandshakeWithPluggableAuthentication(NativeAuthenticationProvider.java:443)
	at com.mysql.cj.protocol.a.NativeAuthenticationProvider.connect(NativeAuthenticationProvider.java:213)
	at com.mysql.cj.protocol.a.NativeProtocol.connect(NativeProtocol.java:1430)
	at com.mysql.cj.NativeSession.connect(NativeSession.java:134)
	at com.mysql.cj.jdbc.ConnectionImpl.connectOneTryOnly(ConnectionImpl.java:945)
	at com.mysql.cj.jdbc.ConnectionImpl.createNewIO(ConnectionImpl.java:815)
	... 6 common frames omitted
{
                    "app": "Crmeb",
                    "timestamp":"2025-11-04 09:13:49.973",
                    "level": "ERROR",
                    "thread": "Druid-ConnectionPool-Create-1183266411",
                    "class": "com.alibaba.druid.pool.DruidDataSource",
                    "message": "create connection SQLException, url: jdbc:mysql://127.0.0.1:3306/java_et?characterEncoding=utf-8&useSSL=false&serverTimeZone=GMT+8, errorCode 0, state 08001" }
                    
java.sql.SQLNonTransientConnectionException: Public Key Retrieval is not allowed
	at com.mysql.cj.jdbc.exceptions.SQLError.createSQLException(SQLError.java:111)
	at com.mysql.cj.jdbc.exceptions.SQLExceptionsMapping.translateException(SQLExceptionsMapping.java:122)
	at com.mysql.cj.jdbc.ConnectionImpl.createNewIO(ConnectionImpl.java:825)
	at com.mysql.cj.jdbc.ConnectionImpl.<init>(ConnectionImpl.java:446)
	at com.mysql.cj.jdbc.ConnectionImpl.getInstance(ConnectionImpl.java:239)
	at com.mysql.cj.jdbc.NonRegisteringDriver.connect(NonRegisteringDriver.java:188)
	at com.alibaba.druid.pool.DruidAbstractDataSource.createPhysicalConnection(DruidAbstractDataSource.java:1643)
	at com.alibaba.druid.pool.DruidAbstractDataSource.createPhysicalConnection(DruidAbstractDataSource.java:1709)
	at com.alibaba.druid.pool.DruidDataSource$CreateConnectionThread.run(DruidDataSource.java:2715)
Caused by: com.mysql.cj.exceptions.UnableToConnectException: Public Key Retrieval is not allowed
	at sun.reflect.NativeConstructorAccessorImpl.newInstance0(Native Method)
	at sun.reflect.NativeConstructorAccessorImpl.newInstance(NativeConstructorAccessorImpl.java:62)
	at sun.reflect.DelegatingConstructorAccessorImpl.newInstance(DelegatingConstructorAccessorImpl.java:45)
	at java.lang.reflect.Constructor.newInstance(Constructor.java:423)
	at com.mysql.cj.exceptions.ExceptionFactory.createException(ExceptionFactory.java:62)
	at com.mysql.cj.exceptions.ExceptionFactory.createException(ExceptionFactory.java:86)
	at com.mysql.cj.protocol.a.authentication.CachingSha2PasswordPlugin.nextAuthenticationStep(CachingSha2PasswordPlugin.java:130)
	at com.mysql.cj.protocol.a.authentication.CachingSha2PasswordPlugin.nextAuthenticationStep(CachingSha2PasswordPlugin.java:49)
	at com.mysql.cj.protocol.a.NativeAuthenticationProvider.proceedHandshakeWithPluggableAuthentication(NativeAuthenticationProvider.java:443)
	at com.mysql.cj.protocol.a.NativeAuthenticationProvider.connect(NativeAuthenticationProvider.java:213)
	at com.mysql.cj.protocol.a.NativeProtocol.connect(NativeProtocol.java:1430)
	at com.mysql.cj.NativeSession.connect(NativeSession.java:134)
	at com.mysql.cj.jdbc.ConnectionImpl.connectOneTryOnly(ConnectionImpl.java:945)
	at com.mysql.cj.jdbc.ConnectionImpl.createNewIO(ConnectionImpl.java:815)
	... 6 common frames omitted
{
                    "app": "Crmeb",
                    "timestamp":"2025-11-04 09:13:50.489",
                    "level": "ERROR",
                    "thread": "Druid-ConnectionPool-Create-1183266411",
                    "class": "com.alibaba.druid.pool.DruidDataSource",
                    "message": "create connection SQLException, url: jdbc:mysql://127.0.0.1:3306/java_et?characterEncoding=utf-8&useSSL=false&serverTimeZone=GMT+8, errorCode 0, state 08001" }
                    
java.sql.SQLNonTransientConnectionException: Public Key Retrieval is not allowed
	at com.mysql.cj.jdbc.exceptions.SQLError.createSQLException(SQLError.java:111)
	at com.mysql.cj.jdbc.exceptions.SQLExceptionsMapping.translateException(SQLExceptionsMapping.java:122)
	at com.mysql.cj.jdbc.ConnectionImpl.createNewIO(ConnectionImpl.java:825)
	at com.mysql.cj.jdbc.ConnectionImpl.<init>(ConnectionImpl.java:446)
	at com.mysql.cj.jdbc.ConnectionImpl.getInstance(ConnectionImpl.java:239)
	at com.mysql.cj.jdbc.NonRegisteringDriver.connect(NonRegisteringDriver.java:188)
	at com.alibaba.druid.pool.DruidAbstractDataSource.createPhysicalConnection(DruidAbstractDataSource.java:1643)
	at com.alibaba.druid.pool.DruidAbstractDataSource.createPhysicalConnection(DruidAbstractDataSource.java:1709)
	at com.alibaba.druid.pool.DruidDataSource$CreateConnectionThread.run(DruidDataSource.java:2715)
Caused by: com.mysql.cj.exceptions.UnableToConnectException: Public Key Retrieval is not allowed
	at sun.reflect.NativeConstructorAccessorImpl.newInstance0(Native Method)
	at sun.reflect.NativeConstructorAccessorImpl.newInstance(NativeConstructorAccessorImpl.java:62)
	at sun.reflect.DelegatingConstructorAccessorImpl.newInstance(DelegatingConstructorAccessorImpl.java:45)
	at java.lang.reflect.Constructor.newInstance(Constructor.java:423)
	at com.mysql.cj.exceptions.ExceptionFactory.createException(ExceptionFactory.java:62)
	at com.mysql.cj.exceptions.ExceptionFactory.createException(ExceptionFactory.java:86)
	at com.mysql.cj.protocol.a.authentication.CachingSha2PasswordPlugin.nextAuthenticationStep(CachingSha2PasswordPlugin.java:130)
	at com.mysql.cj.protocol.a.authentication.CachingSha2PasswordPlugin.nextAuthenticationStep(CachingSha2PasswordPlugin.java:49)
	at com.mysql.cj.protocol.a.NativeAuthenticationProvider.proceedHandshakeWithPluggableAuthentication(NativeAuthenticationProvider.java:443)
	at com.mysql.cj.protocol.a.NativeAuthenticationProvider.connect(NativeAuthenticationProvider.java:213)
	at com.mysql.cj.protocol.a.NativeProtocol.connect(NativeProtocol.java:1430)
	at com.mysql.cj.NativeSession.connect(NativeSession.java:134)
	at com.mysql.cj.jdbc.ConnectionImpl.connectOneTryOnly(ConnectionImpl.java:945)
	at com.mysql.cj.jdbc.ConnectionImpl.createNewIO(ConnectionImpl.java:815)
	... 6 common frames omitted
{
                    "app": "Crmeb",
                    "timestamp":"2025-11-04 09:13:51.002",
                    "level": "ERROR",
                    "thread": "Druid-ConnectionPool-Create-1183266411",
                    "class": "com.alibaba.druid.pool.DruidDataSource",
                    "message": "create connection SQLException, url: jdbc:mysql://127.0.0.1:3306/java_et?characterEncoding=utf-8&useSSL=false&serverTimeZone=GMT+8, errorCode 0, state 08001" }
                    
java.sql.SQLNonTransientConnectionException: Public Key Retrieval is not allowed
	at com.mysql.cj.jdbc.exceptions.SQLError.createSQLException(SQLError.java:111)
	at com.mysql.cj.jdbc.exceptions.SQLExceptionsMapping.translateException(SQLExceptionsMapping.java:122)
	at com.mysql.cj.jdbc.ConnectionImpl.createNewIO(ConnectionImpl.java:825)
	at com.mysql.cj.jdbc.ConnectionImpl.<init>(ConnectionImpl.java:446)
	at com.mysql.cj.jdbc.ConnectionImpl.getInstance(ConnectionImpl.java:239)
	at com.mysql.cj.jdbc.NonRegisteringDriver.connect(NonRegisteringDriver.java:188)
	at com.alibaba.druid.pool.DruidAbstractDataSource.createPhysicalConnection(DruidAbstractDataSource.java:1643)
	at com.alibaba.druid.pool.DruidAbstractDataSource.createPhysicalConnection(DruidAbstractDataSource.java:1709)
	at com.alibaba.druid.pool.DruidDataSource$CreateConnectionThread.run(DruidDataSource.java:2715)
Caused by: com.mysql.cj.exceptions.UnableToConnectException: Public Key Retrieval is not allowed
	at sun.reflect.NativeConstructorAccessorImpl.newInstance0(Native Method)
	at sun.reflect.NativeConstructorAccessorImpl.newInstance(NativeConstructorAccessorImpl.java:62)
	at sun.reflect.DelegatingConstructorAccessorImpl.newInstance(DelegatingConstructorAccessorImpl.java:45)
	at java.lang.reflect.Constructor.newInstance(Constructor.java:423)
	at com.mysql.cj.exceptions.ExceptionFactory.createException(ExceptionFactory.java:62)
	at com.mysql.cj.exceptions.ExceptionFactory.createException(ExceptionFactory.java:86)
	at com.mysql.cj.protocol.a.authentication.CachingSha2PasswordPlugin.nextAuthenticationStep(CachingSha2PasswordPlugin.java:130)
	at com.mysql.cj.protocol.a.authentication.CachingSha2PasswordPlugin.nextAuthenticationStep(CachingSha2PasswordPlugin.java:49)
	at com.mysql.cj.protocol.a.NativeAuthenticationProvider.proceedHandshakeWithPluggableAuthentication(NativeAuthenticationProvider.java:443)
	at com.mysql.cj.protocol.a.NativeAuthenticationProvider.connect(NativeAuthenticationProvider.java:213)
	at com.mysql.cj.protocol.a.NativeProtocol.connect(NativeProtocol.java:1430)
	at com.mysql.cj.NativeSession.connect(NativeSession.java:134)
	at com.mysql.cj.jdbc.ConnectionImpl.connectOneTryOnly(ConnectionImpl.java:945)
	at com.mysql.cj.jdbc.ConnectionImpl.createNewIO(ConnectionImpl.java:815)
	... 6 common frames omitted
{
                    "app": "Crmeb",
                    "timestamp":"2025-11-04 09:13:51.515",
                    "level": "ERROR",
                    "thread": "Druid-ConnectionPool-Create-1183266411",
                    "class": "com.alibaba.druid.pool.DruidDataSource",
                    "message": "create connection SQLException, url: jdbc:mysql://127.0.0.1:3306/java_et?characterEncoding=utf-8&useSSL=false&serverTimeZone=GMT+8, errorCode 0, state 08001" }
                    
java.sql.SQLNonTransientConnectionException: Public Key Retrieval is not allowed
	at com.mysql.cj.jdbc.exceptions.SQLError.createSQLException(SQLError.java:111)
	at com.mysql.cj.jdbc.exceptions.SQLExceptionsMapping.translateException(SQLExceptionsMapping.java:122)
	at com.mysql.cj.jdbc.ConnectionImpl.createNewIO(ConnectionImpl.java:825)
	at com.mysql.cj.jdbc.ConnectionImpl.<init>(ConnectionImpl.java:446)
	at com.mysql.cj.jdbc.ConnectionImpl.getInstance(ConnectionImpl.java:239)
	at com.mysql.cj.jdbc.NonRegisteringDriver.connect(NonRegisteringDriver.java:188)
	at com.alibaba.druid.pool.DruidAbstractDataSource.createPhysicalConnection(DruidAbstractDataSource.java:1643)
	at com.alibaba.druid.pool.DruidAbstractDataSource.createPhysicalConnection(DruidAbstractDataSource.java:1709)
	at com.alibaba.druid.pool.DruidDataSource$CreateConnectionThread.run(DruidDataSource.java:2715)
Caused by: com.mysql.cj.exceptions.UnableToConnectException: Public Key Retrieval is not allowed
	at sun.reflect.NativeConstructorAccessorImpl.newInstance0(Native Method)
	at sun.reflect.NativeConstructorAccessorImpl.newInstance(NativeConstructorAccessorImpl.java:62)
	at sun.reflect.DelegatingConstructorAccessorImpl.newInstance(DelegatingConstructorAccessorImpl.java:45)
	at java.lang.reflect.Constructor.newInstance(Constructor.java:423)
	at com.mysql.cj.exceptions.ExceptionFactory.createException(ExceptionFactory.java:62)
	at com.mysql.cj.exceptions.ExceptionFactory.createException(ExceptionFactory.java:86)
	at com.mysql.cj.protocol.a.authentication.CachingSha2PasswordPlugin.nextAuthenticationStep(CachingSha2PasswordPlugin.java:130)
	at com.mysql.cj.protocol.a.authentication.CachingSha2PasswordPlugin.nextAuthenticationStep(CachingSha2PasswordPlugin.java:49)
	at com.mysql.cj.protocol.a.NativeAuthenticationProvider.proceedHandshakeWithPluggableAuthentication(NativeAuthenticationProvider.java:443)
	at com.mysql.cj.protocol.a.NativeAuthenticationProvider.connect(NativeAuthenticationProvider.java:213)
	at com.mysql.cj.protocol.a.NativeProtocol.connect(NativeProtocol.java:1430)
	at com.mysql.cj.NativeSession.connect(NativeSession.java:134)
	at com.mysql.cj.jdbc.ConnectionImpl.connectOneTryOnly(ConnectionImpl.java:945)
	at com.mysql.cj.jdbc.ConnectionImpl.createNewIO(ConnectionImpl.java:815)
	... 6 common frames omitted
{
                    "app": "Crmeb",
                    "timestamp":"2025-11-04 09:13:52.028",
                    "level": "ERROR",
                    "thread": "Druid-ConnectionPool-Create-1183266411",
                    "class": "com.alibaba.druid.pool.DruidDataSource",
                    "message": "create connection SQLException, url: jdbc:mysql://127.0.0.1:3306/java_et?characterEncoding=utf-8&useSSL=false&serverTimeZone=GMT+8, errorCode 0, state 08001" }
                    
java.sql.SQLNonTransientConnectionException: Public Key Retrieval is not allowed
	at com.mysql.cj.jdbc.exceptions.SQLError.createSQLException(SQLError.java:111)
	at com.mysql.cj.jdbc.exceptions.SQLExceptionsMapping.translateException(SQLExceptionsMapping.java:122)
	at com.mysql.cj.jdbc.ConnectionImpl.createNewIO(ConnectionImpl.java:825)
	at com.mysql.cj.jdbc.ConnectionImpl.<init>(ConnectionImpl.java:446)
	at com.mysql.cj.jdbc.ConnectionImpl.getInstance(ConnectionImpl.java:239)
	at com.mysql.cj.jdbc.NonRegisteringDriver.connect(NonRegisteringDriver.java:188)
	at com.alibaba.druid.pool.DruidAbstractDataSource.createPhysicalConnection(DruidAbstractDataSource.java:1643)
	at com.alibaba.druid.pool.DruidAbstractDataSource.createPhysicalConnection(DruidAbstractDataSource.java:1709)
	at com.alibaba.druid.pool.DruidDataSource$CreateConnectionThread.run(DruidDataSource.java:2715)
Caused by: com.mysql.cj.exceptions.UnableToConnectException: Public Key Retrieval is not allowed
	at sun.reflect.NativeConstructorAccessorImpl.newInstance0(Native Method)
	at sun.reflect.NativeConstructorAccessorImpl.newInstance(NativeConstructorAccessorImpl.java:62)
	at sun.reflect.DelegatingConstructorAccessorImpl.newInstance(DelegatingConstructorAccessorImpl.java:45)
	at java.lang.reflect.Constructor.newInstance(Constructor.java:423)
	at com.mysql.cj.exceptions.ExceptionFactory.createException(ExceptionFactory.java:62)
	at com.mysql.cj.exceptions.ExceptionFactory.createException(ExceptionFactory.java:86)
	at com.mysql.cj.protocol.a.authentication.CachingSha2PasswordPlugin.nextAuthenticationStep(CachingSha2PasswordPlugin.java:130)
	at com.mysql.cj.protocol.a.authentication.CachingSha2PasswordPlugin.nextAuthenticationStep(CachingSha2PasswordPlugin.java:49)
	at com.mysql.cj.protocol.a.NativeAuthenticationProvider.proceedHandshakeWithPluggableAuthentication(NativeAuthenticationProvider.java:443)
	at com.mysql.cj.protocol.a.NativeAuthenticationProvider.connect(NativeAuthenticationProvider.java:213)
	at com.mysql.cj.protocol.a.NativeProtocol.connect(NativeProtocol.java:1430)
	at com.mysql.cj.NativeSession.connect(NativeSession.java:134)
	at com.mysql.cj.jdbc.ConnectionImpl.connectOneTryOnly(ConnectionImpl.java:945)
	at com.mysql.cj.jdbc.ConnectionImpl.createNewIO(ConnectionImpl.java:815)
	... 6 common frames omitted
{
                    "app": "Crmeb",
                    "timestamp":"2025-11-04 09:13:52.542",
                    "level": "ERROR",
                    "thread": "Druid-ConnectionPool-Create-1183266411",
                    "class": "com.alibaba.druid.pool.DruidDataSource",
                    "message": "create connection SQLException, url: jdbc:mysql://127.0.0.1:3306/java_et?characterEncoding=utf-8&useSSL=false&serverTimeZone=GMT+8, errorCode 0, state 08001" }
                    
java.sql.SQLNonTransientConnectionException: Public Key Retrieval is not allowed
	at com.mysql.cj.jdbc.exceptions.SQLError.createSQLException(SQLError.java:111)
	at com.mysql.cj.jdbc.exceptions.SQLExceptionsMapping.translateException(SQLExceptionsMapping.java:122)
	at com.mysql.cj.jdbc.ConnectionImpl.createNewIO(ConnectionImpl.java:825)
	at com.mysql.cj.jdbc.ConnectionImpl.<init>(ConnectionImpl.java:446)
	at com.mysql.cj.jdbc.ConnectionImpl.getInstance(ConnectionImpl.java:239)
	at com.mysql.cj.jdbc.NonRegisteringDriver.connect(NonRegisteringDriver.java:188)
	at com.alibaba.druid.pool.DruidAbstractDataSource.createPhysicalConnection(DruidAbstractDataSource.java:1643)
	at com.alibaba.druid.pool.DruidAbstractDataSource.createPhysicalConnection(DruidAbstractDataSource.java:1709)
	at com.alibaba.druid.pool.DruidDataSource$CreateConnectionThread.run(DruidDataSource.java:2715)
Caused by: com.mysql.cj.exceptions.UnableToConnectException: Public Key Retrieval is not allowed
	at sun.reflect.NativeConstructorAccessorImpl.newInstance0(Native Method)
	at sun.reflect.NativeConstructorAccessorImpl.newInstance(NativeConstructorAccessorImpl.java:62)
	at sun.reflect.DelegatingConstructorAccessorImpl.newInstance(DelegatingConstructorAccessorImpl.java:45)
	at java.lang.reflect.Constructor.newInstance(Constructor.java:423)
	at com.mysql.cj.exceptions.ExceptionFactory.createException(ExceptionFactory.java:62)
	at com.mysql.cj.exceptions.ExceptionFactory.createException(ExceptionFactory.java:86)
	at com.mysql.cj.protocol.a.authentication.CachingSha2PasswordPlugin.nextAuthenticationStep(CachingSha2PasswordPlugin.java:130)
	at com.mysql.cj.protocol.a.authentication.CachingSha2PasswordPlugin.nextAuthenticationStep(CachingSha2PasswordPlugin.java:49)
	at com.mysql.cj.protocol.a.NativeAuthenticationProvider.proceedHandshakeWithPluggableAuthentication(NativeAuthenticationProvider.java:443)
	at com.mysql.cj.protocol.a.NativeAuthenticationProvider.connect(NativeAuthenticationProvider.java:213)
	at com.mysql.cj.protocol.a.NativeProtocol.connect(NativeProtocol.java:1430)
	at com.mysql.cj.NativeSession.connect(NativeSession.java:134)
	at com.mysql.cj.jdbc.ConnectionImpl.connectOneTryOnly(ConnectionImpl.java:945)
	at com.mysql.cj.jdbc.ConnectionImpl.createNewIO(ConnectionImpl.java:815)
	... 6 common frames omitted
{
                    "app": "Crmeb",
                    "timestamp":"2025-11-04 09:13:53.055",
                    "level": "ERROR",
                    "thread": "Druid-ConnectionPool-Create-1183266411",
                    "class": "com.alibaba.druid.pool.DruidDataSource",
                    "message": "create connection SQLException, url: jdbc:mysql://127.0.0.1:3306/java_et?characterEncoding=utf-8&useSSL=false&serverTimeZone=GMT+8, errorCode 0, state 08001" }
                    
java.sql.SQLNonTransientConnectionException: Public Key Retrieval is not allowed
	at com.mysql.cj.jdbc.exceptions.SQLError.createSQLException(SQLError.java:111)
	at com.mysql.cj.jdbc.exceptions.SQLExceptionsMapping.translateException(SQLExceptionsMapping.java:122)
	at com.mysql.cj.jdbc.ConnectionImpl.createNewIO(ConnectionImpl.java:825)
	at com.mysql.cj.jdbc.ConnectionImpl.<init>(ConnectionImpl.java:446)
	at com.mysql.cj.jdbc.ConnectionImpl.getInstance(ConnectionImpl.java:239)
	at com.mysql.cj.jdbc.NonRegisteringDriver.connect(NonRegisteringDriver.java:188)
	at com.alibaba.druid.pool.DruidAbstractDataSource.createPhysicalConnection(DruidAbstractDataSource.java:1643)
	at com.alibaba.druid.pool.DruidAbstractDataSource.createPhysicalConnection(DruidAbstractDataSource.java:1709)
	at com.alibaba.druid.pool.DruidDataSource$CreateConnectionThread.run(DruidDataSource.java:2715)
Caused by: com.mysql.cj.exceptions.UnableToConnectException: Public Key Retrieval is not allowed
	at sun.reflect.GeneratedConstructorAccessor68.newInstance(Unknown Source)
	at sun.reflect.DelegatingConstructorAccessorImpl.newInstance(DelegatingConstructorAccessorImpl.java:45)
	at java.lang.reflect.Constructor.newInstance(Constructor.java:423)
	at com.mysql.cj.exceptions.ExceptionFactory.createException(ExceptionFactory.java:62)
	at com.mysql.cj.exceptions.ExceptionFactory.createException(ExceptionFactory.java:86)
	at com.mysql.cj.protocol.a.authentication.CachingSha2PasswordPlugin.nextAuthenticationStep(CachingSha2PasswordPlugin.java:130)
	at com.mysql.cj.protocol.a.authentication.CachingSha2PasswordPlugin.nextAuthenticationStep(CachingSha2PasswordPlugin.java:49)
	at com.mysql.cj.protocol.a.NativeAuthenticationProvider.proceedHandshakeWithPluggableAuthentication(NativeAuthenticationProvider.java:443)
	at com.mysql.cj.protocol.a.NativeAuthenticationProvider.connect(NativeAuthenticationProvider.java:213)
	at com.mysql.cj.protocol.a.NativeProtocol.connect(NativeProtocol.java:1430)
	at com.mysql.cj.NativeSession.connect(NativeSession.java:134)
	at com.mysql.cj.jdbc.ConnectionImpl.connectOneTryOnly(ConnectionImpl.java:945)
	at com.mysql.cj.jdbc.ConnectionImpl.createNewIO(ConnectionImpl.java:815)
	... 6 common frames omitted
{
                    "app": "Crmeb",
                    "timestamp":"2025-11-04 09:13:53.569",
                    "level": "ERROR",
                    "thread": "Druid-ConnectionPool-Create-1183266411",
                    "class": "com.alibaba.druid.pool.DruidDataSource",
                    "message": "create connection SQLException, url: jdbc:mysql://127.0.0.1:3306/java_et?characterEncoding=utf-8&useSSL=false&serverTimeZone=GMT+8, errorCode 0, state 08001" }
                    
java.sql.SQLNonTransientConnectionException: Public Key Retrieval is not allowed
	at com.mysql.cj.jdbc.exceptions.SQLError.createSQLException(SQLError.java:111)
	at com.mysql.cj.jdbc.exceptions.SQLExceptionsMapping.translateException(SQLExceptionsMapping.java:122)
	at com.mysql.cj.jdbc.ConnectionImpl.createNewIO(ConnectionImpl.java:825)
	at com.mysql.cj.jdbc.ConnectionImpl.<init>(ConnectionImpl.java:446)
	at com.mysql.cj.jdbc.ConnectionImpl.getInstance(ConnectionImpl.java:239)
	at com.mysql.cj.jdbc.NonRegisteringDriver.connect(NonRegisteringDriver.java:188)
	at com.alibaba.druid.pool.DruidAbstractDataSource.createPhysicalConnection(DruidAbstractDataSource.java:1643)
	at com.alibaba.druid.pool.DruidAbstractDataSource.createPhysicalConnection(DruidAbstractDataSource.java:1709)
	at com.alibaba.druid.pool.DruidDataSource$CreateConnectionThread.run(DruidDataSource.java:2715)
Caused by: com.mysql.cj.exceptions.UnableToConnectException: Public Key Retrieval is not allowed
	at sun.reflect.GeneratedConstructorAccessor68.newInstance(Unknown Source)
	at sun.reflect.DelegatingConstructorAccessorImpl.newInstance(DelegatingConstructorAccessorImpl.java:45)
	at java.lang.reflect.Constructor.newInstance(Constructor.java:423)
	at com.mysql.cj.exceptions.ExceptionFactory.createException(ExceptionFactory.java:62)
	at com.mysql.cj.exceptions.ExceptionFactory.createException(ExceptionFactory.java:86)
	at com.mysql.cj.protocol.a.authentication.CachingSha2PasswordPlugin.nextAuthenticationStep(CachingSha2PasswordPlugin.java:130)
	at com.mysql.cj.protocol.a.authentication.CachingSha2PasswordPlugin.nextAuthenticationStep(CachingSha2PasswordPlugin.java:49)
	at com.mysql.cj.protocol.a.NativeAuthenticationProvider.proceedHandshakeWithPluggableAuthentication(NativeAuthenticationProvider.java:443)
	at com.mysql.cj.protocol.a.NativeAuthenticationProvider.connect(NativeAuthenticationProvider.java:213)
	at com.mysql.cj.protocol.a.NativeProtocol.connect(NativeProtocol.java:1430)
	at com.mysql.cj.NativeSession.connect(NativeSession.java:134)
	at com.mysql.cj.jdbc.ConnectionImpl.connectOneTryOnly(ConnectionImpl.java:945)
	at com.mysql.cj.jdbc.ConnectionImpl.createNewIO(ConnectionImpl.java:815)
	... 6 common frames omitted
{
                    "app": "Crmeb",
                    "timestamp":"2025-11-04 09:13:54.082",
                    "level": "ERROR",
                    "thread": "Druid-ConnectionPool-Create-1183266411",
                    "class": "com.alibaba.druid.pool.DruidDataSource",
                    "message": "create connection SQLException, url: jdbc:mysql://127.0.0.1:3306/java_et?characterEncoding=utf-8&useSSL=false&serverTimeZone=GMT+8, errorCode 0, state 08001" }
                    
java.sql.SQLNonTransientConnectionException: Public Key Retrieval is not allowed
	at com.mysql.cj.jdbc.exceptions.SQLError.createSQLException(SQLError.java:111)
	at com.mysql.cj.jdbc.exceptions.SQLExceptionsMapping.translateException(SQLExceptionsMapping.java:122)
	at com.mysql.cj.jdbc.ConnectionImpl.createNewIO(ConnectionImpl.java:825)
	at com.mysql.cj.jdbc.ConnectionImpl.<init>(ConnectionImpl.java:446)
	at com.mysql.cj.jdbc.ConnectionImpl.getInstance(ConnectionImpl.java:239)
	at com.mysql.cj.jdbc.NonRegisteringDriver.connect(NonRegisteringDriver.java:188)
	at com.alibaba.druid.pool.DruidAbstractDataSource.createPhysicalConnection(DruidAbstractDataSource.java:1643)
	at com.alibaba.druid.pool.DruidAbstractDataSource.createPhysicalConnection(DruidAbstractDataSource.java:1709)
	at com.alibaba.druid.pool.DruidDataSource$CreateConnectionThread.run(DruidDataSource.java:2715)
Caused by: com.mysql.cj.exceptions.UnableToConnectException: Public Key Retrieval is not allowed
	at sun.reflect.GeneratedConstructorAccessor68.newInstance(Unknown Source)
	at sun.reflect.DelegatingConstructorAccessorImpl.newInstance(DelegatingConstructorAccessorImpl.java:45)
	at java.lang.reflect.Constructor.newInstance(Constructor.java:423)
	at com.mysql.cj.exceptions.ExceptionFactory.createException(ExceptionFactory.java:62)
	at com.mysql.cj.exceptions.ExceptionFactory.createException(ExceptionFactory.java:86)
	at com.mysql.cj.protocol.a.authentication.CachingSha2PasswordPlugin.nextAuthenticationStep(CachingSha2PasswordPlugin.java:130)
	at com.mysql.cj.protocol.a.authentication.CachingSha2PasswordPlugin.nextAuthenticationStep(CachingSha2PasswordPlugin.java:49)
	at com.mysql.cj.protocol.a.NativeAuthenticationProvider.proceedHandshakeWithPluggableAuthentication(NativeAuthenticationProvider.java:443)
	at com.mysql.cj.protocol.a.NativeAuthenticationProvider.connect(NativeAuthenticationProvider.java:213)
	at com.mysql.cj.protocol.a.NativeProtocol.connect(NativeProtocol.java:1430)
	at com.mysql.cj.NativeSession.connect(NativeSession.java:134)
	at com.mysql.cj.jdbc.ConnectionImpl.connectOneTryOnly(ConnectionImpl.java:945)
	at com.mysql.cj.jdbc.ConnectionImpl.createNewIO(ConnectionImpl.java:815)
	... 6 common frames omitted
{
                    "app": "Crmeb",
                    "timestamp":"2025-11-04 09:13:54.595",
                    "level": "ERROR",
                    "thread": "Druid-ConnectionPool-Create-1183266411",
                    "class": "com.alibaba.druid.pool.DruidDataSource",
                    "message": "create connection SQLException, url: jdbc:mysql://127.0.0.1:3306/java_et?characterEncoding=utf-8&useSSL=false&serverTimeZone=GMT+8, errorCode 0, state 08001" }
                    
java.sql.SQLNonTransientConnectionException: Public Key Retrieval is not allowed
	at com.mysql.cj.jdbc.exceptions.SQLError.createSQLException(SQLError.java:111)
	at com.mysql.cj.jdbc.exceptions.SQLExceptionsMapping.translateException(SQLExceptionsMapping.java:122)
	at com.mysql.cj.jdbc.ConnectionImpl.createNewIO(ConnectionImpl.java:825)
	at com.mysql.cj.jdbc.ConnectionImpl.<init>(ConnectionImpl.java:446)
	at com.mysql.cj.jdbc.ConnectionImpl.getInstance(ConnectionImpl.java:239)
	at com.mysql.cj.jdbc.NonRegisteringDriver.connect(NonRegisteringDriver.java:188)
	at com.alibaba.druid.pool.DruidAbstractDataSource.createPhysicalConnection(DruidAbstractDataSource.java:1643)
	at com.alibaba.druid.pool.DruidAbstractDataSource.createPhysicalConnection(DruidAbstractDataSource.java:1709)
	at com.alibaba.druid.pool.DruidDataSource$CreateConnectionThread.run(DruidDataSource.java:2715)
Caused by: com.mysql.cj.exceptions.UnableToConnectException: Public Key Retrieval is not allowed
	at sun.reflect.GeneratedConstructorAccessor68.newInstance(Unknown Source)
	at sun.reflect.DelegatingConstructorAccessorImpl.newInstance(DelegatingConstructorAccessorImpl.java:45)
	at java.lang.reflect.Constructor.newInstance(Constructor.java:423)
	at com.mysql.cj.exceptions.ExceptionFactory.createException(ExceptionFactory.java:62)
	at com.mysql.cj.exceptions.ExceptionFactory.createException(ExceptionFactory.java:86)
	at com.mysql.cj.protocol.a.authentication.CachingSha2PasswordPlugin.nextAuthenticationStep(CachingSha2PasswordPlugin.java:130)
	at com.mysql.cj.protocol.a.authentication.CachingSha2PasswordPlugin.nextAuthenticationStep(CachingSha2PasswordPlugin.java:49)
	at com.mysql.cj.protocol.a.NativeAuthenticationProvider.proceedHandshakeWithPluggableAuthentication(NativeAuthenticationProvider.java:443)
	at com.mysql.cj.protocol.a.NativeAuthenticationProvider.connect(NativeAuthenticationProvider.java:213)
	at com.mysql.cj.protocol.a.NativeProtocol.connect(NativeProtocol.java:1430)
	at com.mysql.cj.NativeSession.connect(NativeSession.java:134)
	at com.mysql.cj.jdbc.ConnectionImpl.connectOneTryOnly(ConnectionImpl.java:945)
	at com.mysql.cj.jdbc.ConnectionImpl.createNewIO(ConnectionImpl.java:815)
	... 6 common frames omitted
{
                    "app": "Crmeb",
                    "timestamp":"2025-11-04 09:13:55.110",
                    "level": "ERROR",
                    "thread": "Druid-ConnectionPool-Create-1183266411",
                    "class": "com.alibaba.druid.pool.DruidDataSource",
                    "message": "create connection SQLException, url: jdbc:mysql://127.0.0.1:3306/java_et?characterEncoding=utf-8&useSSL=false&serverTimeZone=GMT+8, errorCode 0, state 08001" }
                    
java.sql.SQLNonTransientConnectionException: Public Key Retrieval is not allowed
	at com.mysql.cj.jdbc.exceptions.SQLError.createSQLException(SQLError.java:111)
	at com.mysql.cj.jdbc.exceptions.SQLExceptionsMapping.translateException(SQLExceptionsMapping.java:122)
	at com.mysql.cj.jdbc.ConnectionImpl.createNewIO(ConnectionImpl.java:825)
	at com.mysql.cj.jdbc.ConnectionImpl.<init>(ConnectionImpl.java:446)
	at com.mysql.cj.jdbc.ConnectionImpl.getInstance(ConnectionImpl.java:239)
	at com.mysql.cj.jdbc.NonRegisteringDriver.connect(NonRegisteringDriver.java:188)
	at com.alibaba.druid.pool.DruidAbstractDataSource.createPhysicalConnection(DruidAbstractDataSource.java:1643)
	at com.alibaba.druid.pool.DruidAbstractDataSource.createPhysicalConnection(DruidAbstractDataSource.java:1709)
	at com.alibaba.druid.pool.DruidDataSource$CreateConnectionThread.run(DruidDataSource.java:2715)
Caused by: com.mysql.cj.exceptions.UnableToConnectException: Public Key Retrieval is not allowed
	at sun.reflect.GeneratedConstructorAccessor68.newInstance(Unknown Source)
	at sun.reflect.DelegatingConstructorAccessorImpl.newInstance(DelegatingConstructorAccessorImpl.java:45)
	at java.lang.reflect.Constructor.newInstance(Constructor.java:423)
	at com.mysql.cj.exceptions.ExceptionFactory.createException(ExceptionFactory.java:62)
	at com.mysql.cj.exceptions.ExceptionFactory.createException(ExceptionFactory.java:86)
	at com.mysql.cj.protocol.a.authentication.CachingSha2PasswordPlugin.nextAuthenticationStep(CachingSha2PasswordPlugin.java:130)
	at com.mysql.cj.protocol.a.authentication.CachingSha2PasswordPlugin.nextAuthenticationStep(CachingSha2PasswordPlugin.java:49)
	at com.mysql.cj.protocol.a.NativeAuthenticationProvider.proceedHandshakeWithPluggableAuthentication(NativeAuthenticationProvider.java:443)
	at com.mysql.cj.protocol.a.NativeAuthenticationProvider.connect(NativeAuthenticationProvider.java:213)
	at com.mysql.cj.protocol.a.NativeProtocol.connect(NativeProtocol.java:1430)
	at com.mysql.cj.NativeSession.connect(NativeSession.java:134)
	at com.mysql.cj.jdbc.ConnectionImpl.connectOneTryOnly(ConnectionImpl.java:945)
	at com.mysql.cj.jdbc.ConnectionImpl.createNewIO(ConnectionImpl.java:815)
	... 6 common frames omitted
{
                    "app": "Crmeb",
                    "timestamp":"2025-11-04 09:13:55.626",
                    "level": "ERROR",
                    "thread": "Druid-ConnectionPool-Create-1183266411",
                    "class": "com.alibaba.druid.pool.DruidDataSource",
                    "message": "create connection SQLException, url: jdbc:mysql://127.0.0.1:3306/java_et?characterEncoding=utf-8&useSSL=false&serverTimeZone=GMT+8, errorCode 0, state 08001" }
                    
java.sql.SQLNonTransientConnectionException: Public Key Retrieval is not allowed
	at com.mysql.cj.jdbc.exceptions.SQLError.createSQLException(SQLError.java:111)
	at com.mysql.cj.jdbc.exceptions.SQLExceptionsMapping.translateException(SQLExceptionsMapping.java:122)
	at com.mysql.cj.jdbc.ConnectionImpl.createNewIO(ConnectionImpl.java:825)
	at com.mysql.cj.jdbc.ConnectionImpl.<init>(ConnectionImpl.java:446)
	at com.mysql.cj.jdbc.ConnectionImpl.getInstance(ConnectionImpl.java:239)
	at com.mysql.cj.jdbc.NonRegisteringDriver.connect(NonRegisteringDriver.java:188)
	at com.alibaba.druid.pool.DruidAbstractDataSource.createPhysicalConnection(DruidAbstractDataSource.java:1643)
	at com.alibaba.druid.pool.DruidAbstractDataSource.createPhysicalConnection(DruidAbstractDataSource.java:1709)
	at com.alibaba.druid.pool.DruidDataSource$CreateConnectionThread.run(DruidDataSource.java:2715)
Caused by: com.mysql.cj.exceptions.UnableToConnectException: Public Key Retrieval is not allowed
	at sun.reflect.GeneratedConstructorAccessor68.newInstance(Unknown Source)
	at sun.reflect.DelegatingConstructorAccessorImpl.newInstance(DelegatingConstructorAccessorImpl.java:45)
	at java.lang.reflect.Constructor.newInstance(Constructor.java:423)
	at com.mysql.cj.exceptions.ExceptionFactory.createException(ExceptionFactory.java:62)
	at com.mysql.cj.exceptions.ExceptionFactory.createException(ExceptionFactory.java:86)
	at com.mysql.cj.protocol.a.authentication.CachingSha2PasswordPlugin.nextAuthenticationStep(CachingSha2PasswordPlugin.java:130)
	at com.mysql.cj.protocol.a.authentication.CachingSha2PasswordPlugin.nextAuthenticationStep(CachingSha2PasswordPlugin.java:49)
	at com.mysql.cj.protocol.a.NativeAuthenticationProvider.proceedHandshakeWithPluggableAuthentication(NativeAuthenticationProvider.java:443)
	at com.mysql.cj.protocol.a.NativeAuthenticationProvider.connect(NativeAuthenticationProvider.java:213)
	at com.mysql.cj.protocol.a.NativeProtocol.connect(NativeProtocol.java:1430)
	at com.mysql.cj.NativeSession.connect(NativeSession.java:134)
	at com.mysql.cj.jdbc.ConnectionImpl.connectOneTryOnly(ConnectionImpl.java:945)
	at com.mysql.cj.jdbc.ConnectionImpl.createNewIO(ConnectionImpl.java:815)
	... 6 common frames omitted
{
                    "app": "Crmeb",
                    "timestamp":"2025-11-04 09:13:56.140",
                    "level": "ERROR",
                    "thread": "Druid-ConnectionPool-Create-1183266411",
                    "class": "com.alibaba.druid.pool.DruidDataSource",
                    "message": "create connection SQLException, url: jdbc:mysql://127.0.0.1:3306/java_et?characterEncoding=utf-8&useSSL=false&serverTimeZone=GMT+8, errorCode 0, state 08001" }
                    
java.sql.SQLNonTransientConnectionException: Public Key Retrieval is not allowed
	at com.mysql.cj.jdbc.exceptions.SQLError.createSQLException(SQLError.java:111)
	at com.mysql.cj.jdbc.exceptions.SQLExceptionsMapping.translateException(SQLExceptionsMapping.java:122)
	at com.mysql.cj.jdbc.ConnectionImpl.createNewIO(ConnectionImpl.java:825)
	at com.mysql.cj.jdbc.ConnectionImpl.<init>(ConnectionImpl.java:446)
	at com.mysql.cj.jdbc.ConnectionImpl.getInstance(ConnectionImpl.java:239)
	at com.mysql.cj.jdbc.NonRegisteringDriver.connect(NonRegisteringDriver.java:188)
	at com.alibaba.druid.pool.DruidAbstractDataSource.createPhysicalConnection(DruidAbstractDataSource.java:1643)
	at com.alibaba.druid.pool.DruidAbstractDataSource.createPhysicalConnection(DruidAbstractDataSource.java:1709)
	at com.alibaba.druid.pool.DruidDataSource$CreateConnectionThread.run(DruidDataSource.java:2715)
Caused by: com.mysql.cj.exceptions.UnableToConnectException: Public Key Retrieval is not allowed
	at sun.reflect.GeneratedConstructorAccessor68.newInstance(Unknown Source)
	at sun.reflect.DelegatingConstructorAccessorImpl.newInstance(DelegatingConstructorAccessorImpl.java:45)
	at java.lang.reflect.Constructor.newInstance(Constructor.java:423)
	at com.mysql.cj.exceptions.ExceptionFactory.createException(ExceptionFactory.java:62)
	at com.mysql.cj.exceptions.ExceptionFactory.createException(ExceptionFactory.java:86)
	at com.mysql.cj.protocol.a.authentication.CachingSha2PasswordPlugin.nextAuthenticationStep(CachingSha2PasswordPlugin.java:130)
	at com.mysql.cj.protocol.a.authentication.CachingSha2PasswordPlugin.nextAuthenticationStep(CachingSha2PasswordPlugin.java:49)
	at com.mysql.cj.protocol.a.NativeAuthenticationProvider.proceedHandshakeWithPluggableAuthentication(NativeAuthenticationProvider.java:443)
	at com.mysql.cj.protocol.a.NativeAuthenticationProvider.connect(NativeAuthenticationProvider.java:213)
	at com.mysql.cj.protocol.a.NativeProtocol.connect(NativeProtocol.java:1430)
	at com.mysql.cj.NativeSession.connect(NativeSession.java:134)
	at com.mysql.cj.jdbc.ConnectionImpl.connectOneTryOnly(ConnectionImpl.java:945)
	at com.mysql.cj.jdbc.ConnectionImpl.createNewIO(ConnectionImpl.java:815)
	... 6 common frames omitted
{
                    "app": "Crmeb",
                    "timestamp":"2025-11-04 09:13:56.658",
                    "level": "ERROR",
                    "thread": "Druid-ConnectionPool-Create-1183266411",
                    "class": "com.alibaba.druid.pool.DruidDataSource",
                    "message": "create connection SQLException, url: jdbc:mysql://127.0.0.1:3306/java_et?characterEncoding=utf-8&useSSL=false&serverTimeZone=GMT+8, errorCode 0, state 08001" }
                    
java.sql.SQLNonTransientConnectionException: Public Key Retrieval is not allowed
	at com.mysql.cj.jdbc.exceptions.SQLError.createSQLException(SQLError.java:111)
	at com.mysql.cj.jdbc.exceptions.SQLExceptionsMapping.translateException(SQLExceptionsMapping.java:122)
	at com.mysql.cj.jdbc.ConnectionImpl.createNewIO(ConnectionImpl.java:825)
	at com.mysql.cj.jdbc.ConnectionImpl.<init>(ConnectionImpl.java:446)
	at com.mysql.cj.jdbc.ConnectionImpl.getInstance(ConnectionImpl.java:239)
	at com.mysql.cj.jdbc.NonRegisteringDriver.connect(NonRegisteringDriver.java:188)
	at com.alibaba.druid.pool.DruidAbstractDataSource.createPhysicalConnection(DruidAbstractDataSource.java:1643)
	at com.alibaba.druid.pool.DruidAbstractDataSource.createPhysicalConnection(DruidAbstractDataSource.java:1709)
	at com.alibaba.druid.pool.DruidDataSource$CreateConnectionThread.run(DruidDataSource.java:2715)
Caused by: com.mysql.cj.exceptions.UnableToConnectException: Public Key Retrieval is not allowed
	at sun.reflect.GeneratedConstructorAccessor68.newInstance(Unknown Source)
	at sun.reflect.DelegatingConstructorAccessorImpl.newInstance(DelegatingConstructorAccessorImpl.java:45)
	at java.lang.reflect.Constructor.newInstance(Constructor.java:423)
	at com.mysql.cj.exceptions.ExceptionFactory.createException(ExceptionFactory.java:62)
	at com.mysql.cj.exceptions.ExceptionFactory.createException(ExceptionFactory.java:86)
	at com.mysql.cj.protocol.a.authentication.CachingSha2PasswordPlugin.nextAuthenticationStep(CachingSha2PasswordPlugin.java:130)
	at com.mysql.cj.protocol.a.authentication.CachingSha2PasswordPlugin.nextAuthenticationStep(CachingSha2PasswordPlugin.java:49)
	at com.mysql.cj.protocol.a.NativeAuthenticationProvider.proceedHandshakeWithPluggableAuthentication(NativeAuthenticationProvider.java:443)
	at com.mysql.cj.protocol.a.NativeAuthenticationProvider.connect(NativeAuthenticationProvider.java:213)
	at com.mysql.cj.protocol.a.NativeProtocol.connect(NativeProtocol.java:1430)
	at com.mysql.cj.NativeSession.connect(NativeSession.java:134)
	at com.mysql.cj.jdbc.ConnectionImpl.connectOneTryOnly(ConnectionImpl.java:945)
	at com.mysql.cj.jdbc.ConnectionImpl.createNewIO(ConnectionImpl.java:815)
	... 6 common frames omitted
{
                    "app": "Crmeb",
                    "timestamp":"2025-11-04 09:13:57.173",
                    "level": "ERROR",
                    "thread": "Druid-ConnectionPool-Create-1183266411",
                    "class": "com.alibaba.druid.pool.DruidDataSource",
                    "message": "create connection SQLException, url: jdbc:mysql://127.0.0.1:3306/java_et?characterEncoding=utf-8&useSSL=false&serverTimeZone=GMT+8, errorCode 0, state 08001" }
                    
java.sql.SQLNonTransientConnectionException: Public Key Retrieval is not allowed
	at com.mysql.cj.jdbc.exceptions.SQLError.createSQLException(SQLError.java:111)
	at com.mysql.cj.jdbc.exceptions.SQLExceptionsMapping.translateException(SQLExceptionsMapping.java:122)
	at com.mysql.cj.jdbc.ConnectionImpl.createNewIO(ConnectionImpl.java:825)
	at com.mysql.cj.jdbc.ConnectionImpl.<init>(ConnectionImpl.java:446)
	at com.mysql.cj.jdbc.ConnectionImpl.getInstance(ConnectionImpl.java:239)
	at com.mysql.cj.jdbc.NonRegisteringDriver.connect(NonRegisteringDriver.java:188)
	at com.alibaba.druid.pool.DruidAbstractDataSource.createPhysicalConnection(DruidAbstractDataSource.java:1643)
	at com.alibaba.druid.pool.DruidAbstractDataSource.createPhysicalConnection(DruidAbstractDataSource.java:1709)
	at com.alibaba.druid.pool.DruidDataSource$CreateConnectionThread.run(DruidDataSource.java:2715)
Caused by: com.mysql.cj.exceptions.UnableToConnectException: Public Key Retrieval is not allowed
	at sun.reflect.GeneratedConstructorAccessor68.newInstance(Unknown Source)
	at sun.reflect.DelegatingConstructorAccessorImpl.newInstance(DelegatingConstructorAccessorImpl.java:45)
	at java.lang.reflect.Constructor.newInstance(Constructor.java:423)
	at com.mysql.cj.exceptions.ExceptionFactory.createException(ExceptionFactory.java:62)
	at com.mysql.cj.exceptions.ExceptionFactory.createException(ExceptionFactory.java:86)
	at com.mysql.cj.protocol.a.authentication.CachingSha2PasswordPlugin.nextAuthenticationStep(CachingSha2PasswordPlugin.java:130)
	at com.mysql.cj.protocol.a.authentication.CachingSha2PasswordPlugin.nextAuthenticationStep(CachingSha2PasswordPlugin.java:49)
	at com.mysql.cj.protocol.a.NativeAuthenticationProvider.proceedHandshakeWithPluggableAuthentication(NativeAuthenticationProvider.java:443)
	at com.mysql.cj.protocol.a.NativeAuthenticationProvider.connect(NativeAuthenticationProvider.java:213)
	at com.mysql.cj.protocol.a.NativeProtocol.connect(NativeProtocol.java:1430)
	at com.mysql.cj.NativeSession.connect(NativeSession.java:134)
	at com.mysql.cj.jdbc.ConnectionImpl.connectOneTryOnly(ConnectionImpl.java:945)
	at com.mysql.cj.jdbc.ConnectionImpl.createNewIO(ConnectionImpl.java:815)
	... 6 common frames omitted
{
                    "app": "Crmeb",
                    "timestamp":"2025-11-04 09:13:57.685",
                    "level": "ERROR",
                    "thread": "Druid-ConnectionPool-Create-1183266411",
                    "class": "com.alibaba.druid.pool.DruidDataSource",
                    "message": "create connection SQLException, url: jdbc:mysql://127.0.0.1:3306/java_et?characterEncoding=utf-8&useSSL=false&serverTimeZone=GMT+8, errorCode 0, state 08001" }
                    
java.sql.SQLNonTransientConnectionException: Public Key Retrieval is not allowed
	at com.mysql.cj.jdbc.exceptions.SQLError.createSQLException(SQLError.java:111)
	at com.mysql.cj.jdbc.exceptions.SQLExceptionsMapping.translateException(SQLExceptionsMapping.java:122)
	at com.mysql.cj.jdbc.ConnectionImpl.createNewIO(ConnectionImpl.java:825)
	at com.mysql.cj.jdbc.ConnectionImpl.<init>(ConnectionImpl.java:446)
	at com.mysql.cj.jdbc.ConnectionImpl.getInstance(ConnectionImpl.java:239)
	at com.mysql.cj.jdbc.NonRegisteringDriver.connect(NonRegisteringDriver.java:188)
	at com.alibaba.druid.pool.DruidAbstractDataSource.createPhysicalConnection(DruidAbstractDataSource.java:1643)
	at com.alibaba.druid.pool.DruidAbstractDataSource.createPhysicalConnection(DruidAbstractDataSource.java:1709)
	at com.alibaba.druid.pool.DruidDataSource$CreateConnectionThread.run(DruidDataSource.java:2715)
Caused by: com.mysql.cj.exceptions.UnableToConnectException: Public Key Retrieval is not allowed
	at sun.reflect.GeneratedConstructorAccessor68.newInstance(Unknown Source)
	at sun.reflect.DelegatingConstructorAccessorImpl.newInstance(DelegatingConstructorAccessorImpl.java:45)
	at java.lang.reflect.Constructor.newInstance(Constructor.java:423)
	at com.mysql.cj.exceptions.ExceptionFactory.createException(ExceptionFactory.java:62)
	at com.mysql.cj.exceptions.ExceptionFactory.createException(ExceptionFactory.java:86)
	at com.mysql.cj.protocol.a.authentication.CachingSha2PasswordPlugin.nextAuthenticationStep(CachingSha2PasswordPlugin.java:130)
	at com.mysql.cj.protocol.a.authentication.CachingSha2PasswordPlugin.nextAuthenticationStep(CachingSha2PasswordPlugin.java:49)
	at com.mysql.cj.protocol.a.NativeAuthenticationProvider.proceedHandshakeWithPluggableAuthentication(NativeAuthenticationProvider.java:443)
	at com.mysql.cj.protocol.a.NativeAuthenticationProvider.connect(NativeAuthenticationProvider.java:213)
	at com.mysql.cj.protocol.a.NativeProtocol.connect(NativeProtocol.java:1430)
	at com.mysql.cj.NativeSession.connect(NativeSession.java:134)
	at com.mysql.cj.jdbc.ConnectionImpl.connectOneTryOnly(ConnectionImpl.java:945)
	at com.mysql.cj.jdbc.ConnectionImpl.createNewIO(ConnectionImpl.java:815)
	... 6 common frames omitted
{
                    "app": "Crmeb",
                    "timestamp":"2025-11-04 09:13:58.198",
                    "level": "ERROR",
                    "thread": "Druid-ConnectionPool-Create-1183266411",
                    "class": "com.alibaba.druid.pool.DruidDataSource",
                    "message": "create connection SQLException, url: jdbc:mysql://127.0.0.1:3306/java_et?characterEncoding=utf-8&useSSL=false&serverTimeZone=GMT+8, errorCode 0, state 08001" }
                    
java.sql.SQLNonTransientConnectionException: Public Key Retrieval is not allowed
	at com.mysql.cj.jdbc.exceptions.SQLError.createSQLException(SQLError.java:111)
	at com.mysql.cj.jdbc.exceptions.SQLExceptionsMapping.translateException(SQLExceptionsMapping.java:122)
	at com.mysql.cj.jdbc.ConnectionImpl.createNewIO(ConnectionImpl.java:825)
	at com.mysql.cj.jdbc.ConnectionImpl.<init>(ConnectionImpl.java:446)
	at com.mysql.cj.jdbc.ConnectionImpl.getInstance(ConnectionImpl.java:239)
	at com.mysql.cj.jdbc.NonRegisteringDriver.connect(NonRegisteringDriver.java:188)
	at com.alibaba.druid.pool.DruidAbstractDataSource.createPhysicalConnection(DruidAbstractDataSource.java:1643)
	at com.alibaba.druid.pool.DruidAbstractDataSource.createPhysicalConnection(DruidAbstractDataSource.java:1709)
	at com.alibaba.druid.pool.DruidDataSource$CreateConnectionThread.run(DruidDataSource.java:2715)
Caused by: com.mysql.cj.exceptions.UnableToConnectException: Public Key Retrieval is not allowed
	at sun.reflect.GeneratedConstructorAccessor68.newInstance(Unknown Source)
	at sun.reflect.DelegatingConstructorAccessorImpl.newInstance(DelegatingConstructorAccessorImpl.java:45)
	at java.lang.reflect.Constructor.newInstance(Constructor.java:423)
	at com.mysql.cj.exceptions.ExceptionFactory.createException(ExceptionFactory.java:62)
	at com.mysql.cj.exceptions.ExceptionFactory.createException(ExceptionFactory.java:86)
	at com.mysql.cj.protocol.a.authentication.CachingSha2PasswordPlugin.nextAuthenticationStep(CachingSha2PasswordPlugin.java:130)
	at com.mysql.cj.protocol.a.authentication.CachingSha2PasswordPlugin.nextAuthenticationStep(CachingSha2PasswordPlugin.java:49)
	at com.mysql.cj.protocol.a.NativeAuthenticationProvider.proceedHandshakeWithPluggableAuthentication(NativeAuthenticationProvider.java:443)
	at com.mysql.cj.protocol.a.NativeAuthenticationProvider.connect(NativeAuthenticationProvider.java:213)
	at com.mysql.cj.protocol.a.NativeProtocol.connect(NativeProtocol.java:1430)
	at com.mysql.cj.NativeSession.connect(NativeSession.java:134)
	at com.mysql.cj.jdbc.ConnectionImpl.connectOneTryOnly(ConnectionImpl.java:945)
	at com.mysql.cj.jdbc.ConnectionImpl.createNewIO(ConnectionImpl.java:815)
	... 6 common frames omitted
{
                    "app": "Crmeb",
                    "timestamp":"2025-11-04 09:14:42.769",
                    "level": "ERROR",
                    "thread": "task-executor-2",
                    "class": "c.z.s.service.impl.OrderTaskServiceImpl",
                    "message": "OrderTaskServiceImpl.autoCancel | 订单不存在，orderNo: PT629175896604985826248" }
                    
{
                    "app": "Crmeb",
                    "timestamp":"2025-11-04 09:14:43.112",
                    "level": "ERROR",
                    "thread": "task-executor-8",
                    "class": "c.z.s.service.impl.LogisticsServiceImpl",
                    "message": "Error description:Invalid AppKey" }
                    
{
                    "app": "Crmeb",
                    "timestamp":"2025-11-04 09:14:43.112",
                    "level": "ERROR",
                    "thread": "task-executor-8",
                    "class": "c.z.s.service.impl.LogisticsServiceImpl",
                    "message": "全球快递查询 参数名错误 或 其他错误" }
                    
{
                    "app": "Crmeb",
                    "timestamp":"2025-11-04 09:14:43.113",
                    "level": "ERROR",
                    "thread": "task-executor-8",
                    "class": "c.z.s.service.impl.LogisticsServiceImpl",
                    "message": "Invalid AppKey" }
                    
{
                    "app": "Crmeb",
                    "timestamp":"2025-11-04 09:14:43.195",
                    "level": "ERROR",
                    "thread": "task-executor-8",
                    "class": "c.z.s.service.impl.LogisticsServiceImpl",
                    "message": "Error description:Invalid AppKey" }
                    
{
                    "app": "Crmeb",
                    "timestamp":"2025-11-04 09:14:43.195",
                    "level": "ERROR",
                    "thread": "task-executor-8",
                    "class": "c.z.s.service.impl.LogisticsServiceImpl",
                    "message": "全球快递查询 参数名错误 或 其他错误" }
                    
{
                    "app": "Crmeb",
                    "timestamp":"2025-11-04 09:14:43.196",
                    "level": "ERROR",
                    "thread": "task-executor-8",
                    "class": "c.z.s.service.impl.LogisticsServiceImpl",
                    "message": "Invalid AppKey" }
                    
{
                    "app": "Crmeb",
                    "timestamp":"2025-11-04 09:14:43.301",
                    "level": "ERROR",
                    "thread": "task-executor-8",
                    "class": "c.z.s.service.impl.LogisticsServiceImpl",
                    "message": "Error description:Invalid AppKey" }
                    
{
                    "app": "Crmeb",
                    "timestamp":"2025-11-04 09:14:43.301",
                    "level": "ERROR",
                    "thread": "task-executor-8",
                    "class": "c.z.s.service.impl.LogisticsServiceImpl",
                    "message": "全球快递查询 参数名错误 或 其他错误" }
                    
{
                    "app": "Crmeb",
                    "timestamp":"2025-11-04 09:14:43.302",
                    "level": "ERROR",
                    "thread": "task-executor-8",
                    "class": "c.z.s.service.impl.LogisticsServiceImpl",
                    "message": "Invalid AppKey" }
                    
{
                    "app": "Crmeb",
                    "timestamp":"2025-11-04 09:14:43.393",
                    "level": "ERROR",
                    "thread": "task-executor-8",
                    "class": "c.z.s.service.impl.LogisticsServiceImpl",
                    "message": "Error description:Invalid AppKey" }
                    
{
                    "app": "Crmeb",
                    "timestamp":"2025-11-04 09:14:43.394",
                    "level": "ERROR",
                    "thread": "task-executor-8",
                    "class": "c.z.s.service.impl.LogisticsServiceImpl",
                    "message": "全球快递查询 参数名错误 或 其他错误" }
                    
{
                    "app": "Crmeb",
                    "timestamp":"2025-11-04 09:14:43.394",
                    "level": "ERROR",
                    "thread": "task-executor-8",
                    "class": "c.z.s.service.impl.LogisticsServiceImpl",
                    "message": "Invalid AppKey" }
                    
{
                    "app": "Crmeb",
                    "timestamp":"2025-11-04 09:14:43.495",
                    "level": "ERROR",
                    "thread": "task-executor-8",
                    "class": "c.z.s.service.impl.LogisticsServiceImpl",
                    "message": "Error description:Invalid AppKey" }
                    
{
                    "app": "Crmeb",
                    "timestamp":"2025-11-04 09:14:43.495",
                    "level": "ERROR",
                    "thread": "task-executor-8",
                    "class": "c.z.s.service.impl.LogisticsServiceImpl",
                    "message": "全球快递查询 参数名错误 或 其他错误" }
                    
{
                    "app": "Crmeb",
                    "timestamp":"2025-11-04 09:14:43.496",
                    "level": "ERROR",
                    "thread": "task-executor-8",
                    "class": "c.z.s.service.impl.LogisticsServiceImpl",
                    "message": "Invalid AppKey" }
                    
{
                    "app": "Crmeb",
                    "timestamp":"2025-11-04 09:14:43.599",
                    "level": "ERROR",
                    "thread": "task-executor-8",
                    "class": "c.z.s.service.impl.LogisticsServiceImpl",
                    "message": "Error description:Invalid AppKey" }
                    
{
                    "app": "Crmeb",
                    "timestamp":"2025-11-04 09:14:43.599",
                    "level": "ERROR",
                    "thread": "task-executor-8",
                    "class": "c.z.s.service.impl.LogisticsServiceImpl",
                    "message": "全球快递查询 参数名错误 或 其他错误" }
                    
{
                    "app": "Crmeb",
                    "timestamp":"2025-11-04 09:14:43.599",
                    "level": "ERROR",
                    "thread": "task-executor-8",
                    "class": "c.z.s.service.impl.LogisticsServiceImpl",
                    "message": "Invalid AppKey" }
                    
{
                    "app": "Crmeb",
                    "timestamp":"2025-11-04 09:14:43.694",
                    "level": "ERROR",
                    "thread": "task-executor-8",
                    "class": "c.z.s.service.impl.LogisticsServiceImpl",
                    "message": "Error description:Invalid AppKey" }
                    
{
                    "app": "Crmeb",
                    "timestamp":"2025-11-04 09:14:43.694",
                    "level": "ERROR",
                    "thread": "task-executor-8",
                    "class": "c.z.s.service.impl.LogisticsServiceImpl",
                    "message": "全球快递查询 参数名错误 或 其他错误" }
                    
{
                    "app": "Crmeb",
                    "timestamp":"2025-11-04 09:14:43.695",
                    "level": "ERROR",
                    "thread": "task-executor-8",
                    "class": "c.z.s.service.impl.LogisticsServiceImpl",
                    "message": "Invalid AppKey" }
                    
{
                    "app": "Crmeb",
                    "timestamp":"2025-11-04 09:15:00.031",
                    "level": "ERROR",
                    "thread": "task-executor-11",
                    "class": "c.z.s.service.impl.OrderTaskServiceImpl",
                    "message": "OrderTaskServiceImpl.autoCancel | 订单不存在，orderNo: PT629175896604985826248" }
                    
{
                    "app": "Crmeb",
                    "timestamp":"2025-11-04 09:17:04.554",
                    "level": "ERROR",
                    "thread": "task-executor-16",
                    "class": "c.z.s.service.impl.OrderTaskServiceImpl",
                    "message": "OrderTaskServiceImpl.autoCancel | 订单不存在，orderNo: PT629175896604985826248" }
                    
{
                    "app": "Crmeb",
                    "timestamp":"2025-11-04 09:17:04.570",
                    "level": "ERROR",
                    "thread": "task-executor-4",
                    "class": "c.z.s.service.impl.OrderTaskServiceImpl",
                    "message": "OrderTaskServiceImpl.autoCancel | 订单不存在，orderNo: PT629175896604985826248" }
                    
{
                    "app": "Crmeb",
                    "timestamp":"2025-11-04 09:18:00.075",
                    "level": "ERROR",
                    "thread": "task-executor-2",
                    "class": "c.z.s.service.impl.OrderTaskServiceImpl",
                    "message": "OrderTaskServiceImpl.autoCancel | 订单不存在，orderNo: PT629175896604985826248" }
                    
{
                    "app": "Crmeb",
                    "timestamp":"2025-11-04 09:19:00.036",
                    "level": "ERROR",
                    "thread": "task-executor-7",
                    "class": "c.z.s.service.impl.OrderTaskServiceImpl",
                    "message": "OrderTaskServiceImpl.autoCancel | 订单不存在，orderNo: PT629175896604985826248" }
                    
{
                    "app": "Crmeb",
                    "timestamp":"2025-11-04 09:20:03.465",
                    "level": "ERROR",
                    "thread": "task-executor-12",
                    "class": "c.z.s.service.impl.OrderTaskServiceImpl",
                    "message": "OrderTaskServiceImpl.autoCancel | 订单不存在，orderNo: PT629175896604985826248" }
                    
{
                    "app": "Crmeb",
                    "timestamp":"2025-11-04 09:22:02.358",
                    "level": "ERROR",
                    "thread": "task-executor-2",
                    "class": "c.z.s.service.impl.OrderTaskServiceImpl",
                    "message": "OrderTaskServiceImpl.autoCancel | 订单不存在，orderNo: PT629175896604985826248" }
                    
{
                    "app": "Crmeb",
                    "timestamp":"2025-11-04 09:27:00.917",
                    "level": "ERROR",
                    "thread": "task-executor-2",
                    "class": "c.z.s.service.impl.OrderTaskServiceImpl",
                    "message": "OrderTaskServiceImpl.autoCancel | 订单不存在，orderNo: PT629175896604985826248" }
                    
{
                    "app": "Crmeb",
                    "timestamp":"2025-11-04 09:28:00.082",
                    "level": "ERROR",
                    "thread": "task-executor-2",
                    "class": "c.z.s.service.impl.OrderTaskServiceImpl",
                    "message": "OrderTaskServiceImpl.autoCancel | 订单不存在，orderNo: PT629175896604985826248" }
                    
{
                    "app": "Crmeb",
                    "timestamp":"2025-11-04 09:29:00.035",
                    "level": "ERROR",
                    "thread": "task-executor-7",
                    "class": "c.z.s.service.impl.OrderTaskServiceImpl",
                    "message": "OrderTaskServiceImpl.autoCancel | 订单不存在，orderNo: PT629175896604985826248" }
                    
{
                    "app": "Crmeb",
                    "timestamp":"2025-11-04 09:30:00.033",
                    "level": "ERROR",
                    "thread": "task-executor-12",
                    "class": "c.z.s.service.impl.OrderTaskServiceImpl",
                    "message": "OrderTaskServiceImpl.autoCancel | 订单不存在，orderNo: PT629175896604985826248" }
                    
{
                    "app": "Crmeb",
                    "timestamp":"2025-11-04 09:31:00.030",
                    "level": "ERROR",
                    "thread": "task-executor-17",
                    "class": "c.z.s.service.impl.OrderTaskServiceImpl",
                    "message": "OrderTaskServiceImpl.autoCancel | 订单不存在，orderNo: PT629175896604985826248" }
                    
{
                    "app": "Crmeb",
                    "timestamp":"2025-11-04 09:32:00.080",
                    "level": "ERROR",
                    "thread": "task-executor-2",
                    "class": "c.z.s.service.impl.OrderTaskServiceImpl",
                    "message": "OrderTaskServiceImpl.autoCancel | 订单不存在，orderNo: PT629175896604985826248" }
                    
{
                    "app": "Crmeb",
                    "timestamp":"2025-11-04 09:33:00.038",
                    "level": "ERROR",
                    "thread": "task-executor-7",
                    "class": "c.z.s.service.impl.OrderTaskServiceImpl",
                    "message": "OrderTaskServiceImpl.autoCancel | 订单不存在，orderNo: PT629175896604985826248" }
                    
{
                    "app": "Crmeb",
                    "timestamp":"2025-11-04 09:34:00.035",
                    "level": "ERROR",
                    "thread": "task-executor-12",
                    "class": "c.z.s.service.impl.OrderTaskServiceImpl",
                    "message": "OrderTaskServiceImpl.autoCancel | 订单不存在，orderNo: PT629175896604985826248" }
                    
{
                    "app": "Crmeb",
                    "timestamp":"2025-11-04 09:35:02.036",
                    "level": "ERROR",
                    "thread": "task-executor-2",
                    "class": "c.z.s.service.impl.OrderTaskServiceImpl",
                    "message": "OrderTaskServiceImpl.autoCancel | 订单不存在，orderNo: PT629175896604985826248" }
                    
{
                    "app": "Crmeb",
                    "timestamp":"2025-11-04 09:36:00.033",
                    "level": "ERROR",
                    "thread": "task-executor-7",
                    "class": "c.z.s.service.impl.OrderTaskServiceImpl",
                    "message": "OrderTaskServiceImpl.autoCancel | 订单不存在，orderNo: PT629175896604985826248" }
                    
{
                    "app": "Crmeb",
                    "timestamp":"2025-11-04 09:37:00.031",
                    "level": "ERROR",
                    "thread": "task-executor-12",
                    "class": "c.z.s.service.impl.OrderTaskServiceImpl",
                    "message": "OrderTaskServiceImpl.autoCancel | 订单不存在，orderNo: PT629175896604985826248" }
                    
{
                    "app": "Crmeb",
                    "timestamp":"2025-11-04 09:38:00.032",
                    "level": "ERROR",
                    "thread": "task-executor-17",
                    "class": "c.z.s.service.impl.OrderTaskServiceImpl",
                    "message": "OrderTaskServiceImpl.autoCancel | 订单不存在，orderNo: PT629175896604985826248" }
                    
{
                    "app": "Crmeb",
                    "timestamp":"2025-11-04 09:38:49.767",
                    "level": "ERROR",
                    "thread": "main",
                    "class": "o.s.b.d.LoggingFailureAnalysisReporter",
                    "message": "

***************************
APPLICATION FAILED TO START
***************************

Description:

Web server failed to start. Port 20008 was already in use.

Action:

Identify and stop the process that's listening on port 20008 or configure this application to listen on another port.
" }
                    
{
                    "app": "Crmeb",
                    "timestamp":"2025-11-04 09:39:00.023",
                    "level": "ERROR",
                    "thread": "task-executor-3",
                    "class": "c.z.s.service.impl.OrderTaskServiceImpl",
                    "message": "OrderTaskServiceImpl.autoCancel | 订单不存在，orderNo: PT629175896604985826248" }
                    
{
                    "app": "Crmeb",
                    "timestamp":"2025-11-04 09:39:34.199",
                    "level": "ERROR",
                    "thread": "main",
                    "class": "o.s.b.d.LoggingFailureAnalysisReporter",
                    "message": "

***************************
APPLICATION FAILED TO START
***************************

Description:

Web server failed to start. Port 20008 was already in use.

Action:

Identify and stop the process that's listening on port 20008 or configure this application to listen on another port.
" }
                    
{
                    "app": "Crmeb",
                    "timestamp":"2025-11-04 09:40:00.029",
                    "level": "ERROR",
                    "thread": "task-executor-8",
                    "class": "c.z.s.service.impl.OrderTaskServiceImpl",
                    "message": "OrderTaskServiceImpl.autoCancel | 订单不存在，orderNo: PT629175896604985826248" }
                    
{
                    "app": "Crmeb",
                    "timestamp":"2025-11-04 09:41:00.038",
                    "level": "ERROR",
                    "thread": "task-executor-13",
                    "class": "c.z.s.service.impl.OrderTaskServiceImpl",
                    "message": "OrderTaskServiceImpl.autoCancel | 订单不存在，orderNo: PT629175896604985826248" }
                    
{
                    "app": "Crmeb",
                    "timestamp":"2025-11-04 09:42:00.023",
                    "level": "ERROR",
                    "thread": "task-executor-18",
                    "class": "c.z.s.service.impl.OrderTaskServiceImpl",
                    "message": "OrderTaskServiceImpl.autoCancel | 订单不存在，orderNo: PT629175896604985826248" }
                    
{
                    "app": "Crmeb",
                    "timestamp":"2025-11-04 09:43:00.029",
                    "level": "ERROR",
                    "thread": "task-executor-1",
                    "class": "c.z.s.service.impl.OrderTaskServiceImpl",
                    "message": "OrderTaskServiceImpl.autoCancel | 订单不存在，orderNo: PT629175896604985826248" }
                    
{
                    "app": "Crmeb",
                    "timestamp":"2025-11-04 12:42:57.688",
                    "level": "ERROR",
                    "thread": "main",
                    "class": "o.springframework.boot.SpringApplication",
                    "message": "Application run failed" }
                    
org.springframework.beans.factory.BeanCreationException: Error creating bean with name 'translationController' defined in file [E:\2zynt\StoreProject2kai\CRMEB-JAVA-ET-V1.2(2025.4.25)\et_java\crmeb-admin\target\classes\com\zbkj\admin\controller\merchant\TranslationController.class]: Post-processing of merged bean definition failed; nested exception is java.lang.IllegalStateException: Failed to introspect Class [com.zbkj.admin.controller.merchant.TranslationController] from ClassLoader [sun.misc.Launcher$AppClassLoader@4e0e2f2a]
	at org.springframework.beans.factory.support.AbstractAutowireCapableBeanFactory.doCreateBean(AbstractAutowireCapableBeanFactory.java:572)
	at org.springframework.beans.factory.support.AbstractAutowireCapableBeanFactory.createBean(AbstractAutowireCapableBeanFactory.java:517)
	at org.springframework.beans.factory.support.AbstractBeanFactory.lambda$doGetBean$0(AbstractBeanFactory.java:323)
	at org.springframework.beans.factory.support.DefaultSingletonBeanRegistry.getSingleton(DefaultSingletonBeanRegistry.java:222)
	at org.springframework.beans.factory.support.AbstractBeanFactory.doGetBean(AbstractBeanFactory.java:321)
	at org.springframework.beans.factory.support.AbstractBeanFactory.getBean(AbstractBeanFactory.java:202)
	at org.springframework.beans.factory.support.DefaultListableBeanFactory.preInstantiateSingletons(DefaultListableBeanFactory.java:882)
	at org.springframework.context.support.AbstractApplicationContext.finishBeanFactoryInitialization(AbstractApplicationContext.java:878)
	at org.springframework.context.support.AbstractApplicationContext.refresh(AbstractApplicationContext.java:550)
	at org.springframework.boot.web.servlet.context.ServletWebServerApplicationContext.refresh(ServletWebServerApplicationContext.java:141)
	at org.springframework.boot.SpringApplication.refresh(SpringApplication.java:747)
	at org.springframework.boot.SpringApplication.refreshContext(SpringApplication.java:397)
	at org.springframework.boot.SpringApplication.run(SpringApplication.java:315)
	at org.springframework.boot.SpringApplication.run(SpringApplication.java:1226)
	at org.springframework.boot.SpringApplication.run(SpringApplication.java:1215)
	at com.zbkj.admin.CrmebAdminApplication.main(CrmebAdminApplication.java:39)
Caused by: java.lang.IllegalStateException: Failed to introspect Class [com.zbkj.admin.controller.merchant.TranslationController] from ClassLoader [sun.misc.Launcher$AppClassLoader@4e0e2f2a]
	at org.springframework.util.ReflectionUtils.getDeclaredFields(ReflectionUtils.java:734)
	at org.springframework.util.ReflectionUtils.doWithLocalFields(ReflectionUtils.java:666)
	at org.springframework.context.annotation.CommonAnnotationBeanPostProcessor.buildResourceMetadata(CommonAnnotationBeanPostProcessor.java:382)
	at org.springframework.context.annotation.CommonAnnotationBeanPostProcessor.findResourceMetadata(CommonAnnotationBeanPostProcessor.java:363)
	at org.springframework.context.annotation.CommonAnnotationBeanPostProcessor.postProcessMergedBeanDefinition(CommonAnnotationBeanPostProcessor.java:311)
	at org.springframework.beans.factory.support.AbstractAutowireCapableBeanFactory.applyMergedBeanDefinitionPostProcessors(AbstractAutowireCapableBeanFactory.java:1094)
	at org.springframework.beans.factory.support.AbstractAutowireCapableBeanFactory.doCreateBean(AbstractAutowireCapableBeanFactory.java:569)
	... 15 common frames omitted
Caused by: java.lang.NoClassDefFoundError: Lcom/zbkj/service/service/MerchantTranslationPointsService;
	at java.lang.Class.getDeclaredFields0(Native Method)
	at java.lang.Class.privateGetDeclaredFields(Class.java:2583)
	at java.lang.Class.getDeclaredFields(Class.java:1916)
	at org.springframework.util.ReflectionUtils.getDeclaredFields(ReflectionUtils.java:729)
	... 21 common frames omitted
Caused by: java.lang.ClassNotFoundException: com.zbkj.service.service.MerchantTranslationPointsService
	at java.net.URLClassLoader.findClass(URLClassLoader.java:387)
	at java.lang.ClassLoader.loadClass(ClassLoader.java:418)
	at sun.misc.Launcher$AppClassLoader.loadClass(Launcher.java:352)
	at java.lang.ClassLoader.loadClass(ClassLoader.java:351)
	... 25 common frames omitted
{
                    "app": "Crmeb",
                    "timestamp":"2025-11-04 13:04:09.924",
                    "level": "ERROR",
                    "thread": "task-executor-2",
                    "class": "c.z.s.service.impl.OrderTaskServiceImpl",
                    "message": "OrderTaskServiceImpl.autoCancel | 订单不存在，orderNo: PT629175896604985826248" }
                    
{
                    "app": "Crmeb",
                    "timestamp":"2025-11-04 13:05:00.030",
                    "level": "ERROR",
                    "thread": "task-executor-7",
                    "class": "c.z.s.service.impl.OrderTaskServiceImpl",
                    "message": "OrderTaskServiceImpl.autoCancel | 订单不存在，orderNo: PT629175896604985826248" }
                    
{
                    "app": "Crmeb",
                    "timestamp":"2025-11-04 13:06:00.032",
                    "level": "ERROR",
                    "thread": "task-executor-12",
                    "class": "c.z.s.service.impl.OrderTaskServiceImpl",
                    "message": "OrderTaskServiceImpl.autoCancel | 订单不存在，orderNo: PT629175896604985826248" }
                    
{
                    "app": "Crmeb",
                    "timestamp":"2025-11-04 13:07:00.029",
                    "level": "ERROR",
                    "thread": "task-executor-17",
                    "class": "c.z.s.service.impl.OrderTaskServiceImpl",
                    "message": "OrderTaskServiceImpl.autoCancel | 订单不存在，orderNo: PT629175896604985826248" }
                    
{
                    "app": "Crmeb",
                    "timestamp":"2025-11-04 13:08:00.028",
                    "level": "ERROR",
                    "thread": "task-executor-1",
                    "class": "c.z.s.service.impl.OrderTaskServiceImpl",
                    "message": "OrderTaskServiceImpl.autoCancel | 订单不存在，orderNo: PT629175896604985826248" }
                    
{
                    "app": "Crmeb",
                    "timestamp":"2025-11-04 13:09:00.027",
                    "level": "ERROR",
                    "thread": "task-executor-8",
                    "class": "c.z.s.service.impl.OrderTaskServiceImpl",
                    "message": "OrderTaskServiceImpl.autoCancel | 订单不存在，orderNo: PT629175896604985826248" }
                    
{
                    "app": "Crmeb",
                    "timestamp":"2025-11-04 13:10:00.017",
                    "level": "ERROR",
                    "thread": "task-executor-13",
                    "class": "c.z.s.service.impl.OrderTaskServiceImpl",
                    "message": "OrderTaskServiceImpl.autoCancel | 订单不存在，orderNo: PT629175896604985826248" }
                    
{
                    "app": "Crmeb",
                    "timestamp":"2025-11-04 13:11:00.029",
                    "level": "ERROR",
                    "thread": "task-executor-18",
                    "class": "c.z.s.service.impl.OrderTaskServiceImpl",
                    "message": "OrderTaskServiceImpl.autoCancel | 订单不存在，orderNo: PT629175896604985826248" }
                    
{
                    "app": "Crmeb",
                    "timestamp":"2025-11-04 13:12:00.026",
                    "level": "ERROR",
                    "thread": "task-executor-3",
                    "class": "c.z.s.service.impl.OrderTaskServiceImpl",
                    "message": "OrderTaskServiceImpl.autoCancel | 订单不存在，orderNo: PT629175896604985826248" }
                    
{
                    "app": "Crmeb",
                    "timestamp":"2025-11-04 13:13:00.027",
                    "level": "ERROR",
                    "thread": "task-executor-9",
                    "class": "c.z.s.service.impl.OrderTaskServiceImpl",
                    "message": "OrderTaskServiceImpl.autoCancel | 订单不存在，orderNo: PT629175896604985826248" }
                    
{
                    "app": "Crmeb",
                    "timestamp":"2025-11-04 13:14:00.039",
                    "level": "ERROR",
                    "thread": "task-executor-14",
                    "class": "c.z.s.service.impl.OrderTaskServiceImpl",
                    "message": "OrderTaskServiceImpl.autoCancel | 订单不存在，orderNo: PT629175896604985826248" }
                    
{
                    "app": "Crmeb",
                    "timestamp":"2025-11-04 13:15:00.027",
                    "level": "ERROR",
                    "thread": "task-executor-19",
                    "class": "c.z.s.service.impl.OrderTaskServiceImpl",
                    "message": "OrderTaskServiceImpl.autoCancel | 订单不存在，orderNo: PT629175896604985826248" }
                    
{
                    "app": "Crmeb",
                    "timestamp":"2025-11-04 13:16:00.024",
                    "level": "ERROR",
                    "thread": "task-executor-1",
                    "class": "c.z.s.service.impl.OrderTaskServiceImpl",
                    "message": "OrderTaskServiceImpl.autoCancel | 订单不存在，orderNo: PT629175896604985826248" }
                    
{
                    "app": "Crmeb",
                    "timestamp":"2025-11-04 13:17:00.034",
                    "level": "ERROR",
                    "thread": "task-executor-7",
                    "class": "c.z.s.service.impl.OrderTaskServiceImpl",
                    "message": "OrderTaskServiceImpl.autoCancel | 订单不存在，orderNo: PT629175896604985826248" }
                    
{
                    "app": "Crmeb",
                    "timestamp":"2025-11-04 13:18:00.023",
                    "level": "ERROR",
                    "thread": "task-executor-13",
                    "class": "c.z.s.service.impl.OrderTaskServiceImpl",
                    "message": "OrderTaskServiceImpl.autoCancel | 订单不存在，orderNo: PT629175896604985826248" }
                    
{
                    "app": "Crmeb",
                    "timestamp":"2025-11-04 13:19:00.038",
                    "level": "ERROR",
                    "thread": "task-executor-17",
                    "class": "c.z.s.service.impl.OrderTaskServiceImpl",
                    "message": "OrderTaskServiceImpl.autoCancel | 订单不存在，orderNo: PT629175896604985826248" }
                    
{
                    "app": "Crmeb",
                    "timestamp":"2025-11-04 13:20:00.027",
                    "level": "ERROR",
                    "thread": "task-executor-1",
                    "class": "c.z.s.service.impl.OrderTaskServiceImpl",
                    "message": "OrderTaskServiceImpl.autoCancel | 订单不存在，orderNo: PT629175896604985826248" }
                    
{
                    "app": "Crmeb",
                    "timestamp":"2025-11-04 13:21:00.025",
                    "level": "ERROR",
                    "thread": "task-executor-9",
                    "class": "c.z.s.service.impl.OrderTaskServiceImpl",
                    "message": "OrderTaskServiceImpl.autoCancel | 订单不存在，orderNo: PT629175896604985826248" }
                    
{
                    "app": "Crmeb",
                    "timestamp":"2025-11-04 13:45:18.431",
                    "level": "ERROR",
                    "thread": "task-executor-2",
                    "class": "c.z.s.service.impl.OrderTaskServiceImpl",
                    "message": "OrderTaskServiceImpl.autoCancel | 订单不存在，orderNo: PT629175896604985826248" }
                    
{
                    "app": "Crmeb",
                    "timestamp":"2025-11-04 13:56:00.049",
                    "level": "ERROR",
                    "thread": "task-executor-2",
                    "class": "c.z.s.service.impl.OrderTaskServiceImpl",
                    "message": "OrderTaskServiceImpl.autoCancel | 订单不存在，orderNo: PT629175896604985826248" }
                    
{
                    "app": "Crmeb",
                    "timestamp":"2025-11-04 14:00:00.081",
                    "level": "ERROR",
                    "thread": "task-executor-2",
                    "class": "c.z.s.service.impl.OrderTaskServiceImpl",
                    "message": "OrderTaskServiceImpl.autoCancel | 订单不存在，orderNo: PT629175896604985826248" }
                    
{
                    "app": "Crmeb",
                    "timestamp":"2025-11-04 14:01:00.030",
                    "level": "ERROR",
                    "thread": "task-executor-7",
                    "class": "c.z.s.service.impl.OrderTaskServiceImpl",
                    "message": "OrderTaskServiceImpl.autoCancel | 订单不存在，orderNo: PT629175896604985826248" }
                    
{
                    "app": "Crmeb",
                    "timestamp":"2025-11-04 14:02:00.027",
                    "level": "ERROR",
                    "thread": "task-executor-12",
                    "class": "c.z.s.service.impl.OrderTaskServiceImpl",
                    "message": "OrderTaskServiceImpl.autoCancel | 订单不存在，orderNo: PT629175896604985826248" }
                    
{
                    "app": "Crmeb",
                    "timestamp":"2025-11-04 14:03:00.030",
                    "level": "ERROR",
                    "thread": "task-executor-17",
                    "class": "c.z.s.service.impl.OrderTaskServiceImpl",
                    "message": "OrderTaskServiceImpl.autoCancel | 订单不存在，orderNo: PT629175896604985826248" }
                    
{
                    "app": "Crmeb",
                    "timestamp":"2025-11-04 14:04:00.025",
                    "level": "ERROR",
                    "thread": "task-executor-1",
                    "class": "c.z.s.service.impl.OrderTaskServiceImpl",
                    "message": "OrderTaskServiceImpl.autoCancel | 订单不存在，orderNo: PT629175896604985826248" }
                    
{
                    "app": "Crmeb",
                    "timestamp":"2025-11-04 14:05:00.029",
                    "level": "ERROR",
                    "thread": "task-executor-7",
                    "class": "c.z.s.service.impl.OrderTaskServiceImpl",
                    "message": "OrderTaskServiceImpl.autoCancel | 订单不存在，orderNo: PT629175896604985826248" }
                    
{
                    "app": "Crmeb",
                    "timestamp":"2025-11-04 14:06:00.021",
                    "level": "ERROR",
                    "thread": "task-executor-13",
                    "class": "c.z.s.service.impl.OrderTaskServiceImpl",
                    "message": "OrderTaskServiceImpl.autoCancel | 订单不存在，orderNo: PT629175896604985826248" }
                    
{
                    "app": "Crmeb",
                    "timestamp":"2025-11-04 14:07:00.030",
                    "level": "ERROR",
                    "thread": "task-executor-18",
                    "class": "c.z.s.service.impl.OrderTaskServiceImpl",
                    "message": "OrderTaskServiceImpl.autoCancel | 订单不存在，orderNo: PT629175896604985826248" }
                    
{
                    "app": "Crmeb",
                    "timestamp":"2025-11-04 14:08:00.043",
                    "level": "ERROR",
                    "thread": "task-executor-4",
                    "class": "c.z.s.service.impl.OrderTaskServiceImpl",
                    "message": "OrderTaskServiceImpl.autoCancel | 订单不存在，orderNo: PT629175896604985826248" }
                    
{
                    "app": "Crmeb",
                    "timestamp":"2025-11-04 14:09:00.020",
                    "level": "ERROR",
                    "thread": "task-executor-8",
                    "class": "c.z.s.service.impl.OrderTaskServiceImpl",
                    "message": "OrderTaskServiceImpl.autoCancel | 订单不存在，orderNo: PT629175896604985826248" }
                    
{
                    "app": "Crmeb",
                    "timestamp":"2025-11-04 14:10:00.018",
                    "level": "ERROR",
                    "thread": "task-executor-12",
                    "class": "c.z.s.service.impl.OrderTaskServiceImpl",
                    "message": "OrderTaskServiceImpl.autoCancel | 订单不存在，orderNo: PT629175896604985826248" }
                    
{
                    "app": "Crmeb",
                    "timestamp":"2025-11-04 14:11:00.023",
                    "level": "ERROR",
                    "thread": "task-executor-17",
                    "class": "c.z.s.service.impl.OrderTaskServiceImpl",
                    "message": "OrderTaskServiceImpl.autoCancel | 订单不存在，orderNo: PT629175896604985826248" }
                    
{
                    "app": "Crmeb",
                    "timestamp":"2025-11-04 14:12:00.019",
                    "level": "ERROR",
                    "thread": "task-executor-3",
                    "class": "c.z.s.service.impl.OrderTaskServiceImpl",
                    "message": "OrderTaskServiceImpl.autoCancel | 订单不存在，orderNo: PT629175896604985826248" }
                    
{
                    "app": "Crmeb",
                    "timestamp":"2025-11-04 14:13:00.023",
                    "level": "ERROR",
                    "thread": "task-executor-8",
                    "class": "c.z.s.service.impl.OrderTaskServiceImpl",
                    "message": "OrderTaskServiceImpl.autoCancel | 订单不存在，orderNo: PT629175896604985826248" }
                    
{
                    "app": "Crmeb",
                    "timestamp":"2025-11-04 14:14:00.034",
                    "level": "ERROR",
                    "thread": "task-executor-12",
                    "class": "c.z.s.service.impl.OrderTaskServiceImpl",
                    "message": "OrderTaskServiceImpl.autoCancel | 订单不存在，orderNo: PT629175896604985826248" }
                    
{
                    "app": "Crmeb",
                    "timestamp":"2025-11-04 14:15:00.014",
                    "level": "ERROR",
                    "thread": "task-executor-17",
                    "class": "c.z.s.service.impl.OrderTaskServiceImpl",
                    "message": "OrderTaskServiceImpl.autoCancel | 订单不存在，orderNo: PT629175896604985826248" }
                    
{
                    "app": "Crmeb",
                    "timestamp":"2025-11-04 14:16:00.029",
                    "level": "ERROR",
                    "thread": "task-executor-3",
                    "class": "c.z.s.service.impl.OrderTaskServiceImpl",
                    "message": "OrderTaskServiceImpl.autoCancel | 订单不存在，orderNo: PT629175896604985826248" }
                    
{
                    "app": "Crmeb",
                    "timestamp":"2025-11-04 14:17:00.027",
                    "level": "ERROR",
                    "thread": "task-executor-8",
                    "class": "c.z.s.service.impl.OrderTaskServiceImpl",
                    "message": "OrderTaskServiceImpl.autoCancel | 订单不存在，orderNo: PT629175896604985826248" }
                    
{
                    "app": "Crmeb",
                    "timestamp":"2025-11-04 14:18:00.022",
                    "level": "ERROR",
                    "thread": "task-executor-12",
                    "class": "c.z.s.service.impl.OrderTaskServiceImpl",
                    "message": "OrderTaskServiceImpl.autoCancel | 订单不存在，orderNo: PT629175896604985826248" }
                    
{
                    "app": "Crmeb",
                    "timestamp":"2025-11-04 14:19:00.024",
                    "level": "ERROR",
                    "thread": "task-executor-17",
                    "class": "c.z.s.service.impl.OrderTaskServiceImpl",
                    "message": "OrderTaskServiceImpl.autoCancel | 订单不存在，orderNo: PT629175896604985826248" }
                    
{
                    "app": "Crmeb",
                    "timestamp":"2025-11-04 14:20:00.023",
                    "level": "ERROR",
                    "thread": "task-executor-3",
                    "class": "c.z.s.service.impl.OrderTaskServiceImpl",
                    "message": "OrderTaskServiceImpl.autoCancel | 订单不存在，orderNo: PT629175896604985826248" }
                    
{
                    "app": "Crmeb",
                    "timestamp":"2025-11-04 14:21:00.025",
                    "level": "ERROR",
                    "thread": "task-executor-8",
                    "class": "c.z.s.service.impl.OrderTaskServiceImpl",
                    "message": "OrderTaskServiceImpl.autoCancel | 订单不存在，orderNo: PT629175896604985826248" }
                    
{
                    "app": "Crmeb",
                    "timestamp":"2025-11-04 14:22:00.023",
                    "level": "ERROR",
                    "thread": "task-executor-12",
                    "class": "c.z.s.service.impl.OrderTaskServiceImpl",
                    "message": "OrderTaskServiceImpl.autoCancel | 订单不存在，orderNo: PT629175896604985826248" }
                    
{
                    "app": "Crmeb",
                    "timestamp":"2025-11-04 14:23:00.026",
                    "level": "ERROR",
                    "thread": "task-executor-17",
                    "class": "c.z.s.service.impl.OrderTaskServiceImpl",
                    "message": "OrderTaskServiceImpl.autoCancel | 订单不存在，orderNo: PT629175896604985826248" }
                    
{
                    "app": "Crmeb",
                    "timestamp":"2025-11-04 14:24:00.027",
                    "level": "ERROR",
                    "thread": "task-executor-3",
                    "class": "c.z.s.service.impl.OrderTaskServiceImpl",
                    "message": "OrderTaskServiceImpl.autoCancel | 订单不存在，orderNo: PT629175896604985826248" }
                    
{
                    "app": "Crmeb",
                    "timestamp":"2025-11-04 14:25:00.025",
                    "level": "ERROR",
                    "thread": "task-executor-8",
                    "class": "c.z.s.service.impl.OrderTaskServiceImpl",
                    "message": "OrderTaskServiceImpl.autoCancel | 订单不存在，orderNo: PT629175896604985826248" }
                    
{
                    "app": "Crmeb",
                    "timestamp":"2025-11-04 14:26:00.023",
                    "level": "ERROR",
                    "thread": "task-executor-12",
                    "class": "c.z.s.service.impl.OrderTaskServiceImpl",
                    "message": "OrderTaskServiceImpl.autoCancel | 订单不存在，orderNo: PT629175896604985826248" }
                    
{
                    "app": "Crmeb",
                    "timestamp":"2025-11-04 14:27:00.022",
                    "level": "ERROR",
                    "thread": "task-executor-17",
                    "class": "c.z.s.service.impl.OrderTaskServiceImpl",
                    "message": "OrderTaskServiceImpl.autoCancel | 订单不存在，orderNo: PT629175896604985826248" }
                    
{
                    "app": "Crmeb",
                    "timestamp":"2025-11-04 14:28:00.014",
                    "level": "ERROR",
                    "thread": "task-executor-3",
                    "class": "c.z.s.service.impl.OrderTaskServiceImpl",
                    "message": "OrderTaskServiceImpl.autoCancel | 订单不存在，orderNo: PT629175896604985826248" }
                    
{
                    "app": "Crmeb",
                    "timestamp":"2025-11-04 14:29:00.028",
                    "level": "ERROR",
                    "thread": "task-executor-8",
                    "class": "c.z.s.service.impl.OrderTaskServiceImpl",
                    "message": "OrderTaskServiceImpl.autoCancel | 订单不存在，orderNo: PT629175896604985826248" }
                    
{
                    "app": "Crmeb",
                    "timestamp":"2025-11-04 14:30:00.032",
                    "level": "ERROR",
                    "thread": "task-executor-12",
                    "class": "c.z.s.service.impl.OrderTaskServiceImpl",
                    "message": "OrderTaskServiceImpl.autoCancel | 订单不存在，orderNo: PT629175896604985826248" }
                    
{
                    "app": "Crmeb",
                    "timestamp":"2025-11-04 14:31:00.031",
                    "level": "ERROR",
                    "thread": "task-executor-17",
                    "class": "c.z.s.service.impl.OrderTaskServiceImpl",
                    "message": "OrderTaskServiceImpl.autoCancel | 订单不存在，orderNo: PT629175896604985826248" }
                    
{
                    "app": "Crmeb",
                    "timestamp":"2025-11-04 14:32:00.013",
                    "level": "ERROR",
                    "thread": "task-executor-3",
                    "class": "c.z.s.service.impl.OrderTaskServiceImpl",
                    "message": "OrderTaskServiceImpl.autoCancel | 订单不存在，orderNo: PT629175896604985826248" }
                    
{
                    "app": "Crmeb",
                    "timestamp":"2025-11-04 14:33:00.034",
                    "level": "ERROR",
                    "thread": "task-executor-8",
                    "class": "c.z.s.service.impl.OrderTaskServiceImpl",
                    "message": "OrderTaskServiceImpl.autoCancel | 订单不存在，orderNo: PT629175896604985826248" }
                    
{
                    "app": "Crmeb",
                    "timestamp":"2025-11-04 14:34:00.014",
                    "level": "ERROR",
                    "thread": "task-executor-12",
                    "class": "c.z.s.service.impl.OrderTaskServiceImpl",
                    "message": "OrderTaskServiceImpl.autoCancel | 订单不存在，orderNo: PT629175896604985826248" }
                    
{
                    "app": "Crmeb",
                    "timestamp":"2025-11-04 14:35:00.025",
                    "level": "ERROR",
                    "thread": "task-executor-17",
                    "class": "c.z.s.service.impl.OrderTaskServiceImpl",
                    "message": "OrderTaskServiceImpl.autoCancel | 订单不存在，orderNo: PT629175896604985826248" }
                    
{
                    "app": "Crmeb",
                    "timestamp":"2025-11-04 14:36:00.025",
                    "level": "ERROR",
                    "thread": "task-executor-3",
                    "class": "c.z.s.service.impl.OrderTaskServiceImpl",
                    "message": "OrderTaskServiceImpl.autoCancel | 订单不存在，orderNo: PT629175896604985826248" }
                    
{
                    "app": "Crmeb",
                    "timestamp":"2025-11-04 14:37:00.026",
                    "level": "ERROR",
                    "thread": "task-executor-8",
                    "class": "c.z.s.service.impl.OrderTaskServiceImpl",
                    "message": "OrderTaskServiceImpl.autoCancel | 订单不存在，orderNo: PT629175896604985826248" }
                    
{
                    "app": "Crmeb",
                    "timestamp":"2025-11-04 14:38:00.030",
                    "level": "ERROR",
                    "thread": "task-executor-12",
                    "class": "c.z.s.service.impl.OrderTaskServiceImpl",
                    "message": "OrderTaskServiceImpl.autoCancel | 订单不存在，orderNo: PT629175896604985826248" }
                    
{
                    "app": "Crmeb",
                    "timestamp":"2025-11-04 14:39:00.025",
                    "level": "ERROR",
                    "thread": "task-executor-17",
                    "class": "c.z.s.service.impl.OrderTaskServiceImpl",
                    "message": "OrderTaskServiceImpl.autoCancel | 订单不存在，orderNo: PT629175896604985826248" }
                    
{
                    "app": "Crmeb",
                    "timestamp":"2025-11-04 14:40:00.024",
                    "level": "ERROR",
                    "thread": "task-executor-3",
                    "class": "c.z.s.service.impl.OrderTaskServiceImpl",
                    "message": "OrderTaskServiceImpl.autoCancel | 订单不存在，orderNo: PT629175896604985826248" }
                    
{
                    "app": "Crmeb",
                    "timestamp":"2025-11-04 14:41:00.019",
                    "level": "ERROR",
                    "thread": "task-executor-8",
                    "class": "c.z.s.service.impl.OrderTaskServiceImpl",
                    "message": "OrderTaskServiceImpl.autoCancel | 订单不存在，orderNo: PT629175896604985826248" }
                    
{
                    "app": "Crmeb",
                    "timestamp":"2025-11-04 14:42:00.036",
                    "level": "ERROR",
                    "thread": "task-executor-12",
                    "class": "c.z.s.service.impl.OrderTaskServiceImpl",
                    "message": "OrderTaskServiceImpl.autoCancel | 订单不存在，orderNo: PT629175896604985826248" }
                    
{
                    "app": "Crmeb",
                    "timestamp":"2025-11-04 14:43:00.018",
                    "level": "ERROR",
                    "thread": "task-executor-17",
                    "class": "c.z.s.service.impl.OrderTaskServiceImpl",
                    "message": "OrderTaskServiceImpl.autoCancel | 订单不存在，orderNo: PT629175896604985826248" }
                    
{
                    "app": "Crmeb",
                    "timestamp":"2025-11-04 14:44:00.014",
                    "level": "ERROR",
                    "thread": "task-executor-3",
                    "class": "c.z.s.service.impl.OrderTaskServiceImpl",
                    "message": "OrderTaskServiceImpl.autoCancel | 订单不存在，orderNo: PT629175896604985826248" }
                    
{
                    "app": "Crmeb",
                    "timestamp":"2025-11-04 14:45:00.027",
                    "level": "ERROR",
                    "thread": "task-executor-8",
                    "class": "c.z.s.service.impl.OrderTaskServiceImpl",
                    "message": "OrderTaskServiceImpl.autoCancel | 订单不存在，orderNo: PT629175896604985826248" }
                    
{
                    "app": "Crmeb",
                    "timestamp":"2025-11-04 14:46:00.021",
                    "level": "ERROR",
                    "thread": "task-executor-12",
                    "class": "c.z.s.service.impl.OrderTaskServiceImpl",
                    "message": "OrderTaskServiceImpl.autoCancel | 订单不存在，orderNo: PT629175896604985826248" }
                    
{
                    "app": "Crmeb",
                    "timestamp":"2025-11-04 14:47:00.024",
                    "level": "ERROR",
                    "thread": "task-executor-17",
                    "class": "c.z.s.service.impl.OrderTaskServiceImpl",
                    "message": "OrderTaskServiceImpl.autoCancel | 订单不存在，orderNo: PT629175896604985826248" }
                    
{
                    "app": "Crmeb",
                    "timestamp":"2025-11-04 14:48:00.023",
                    "level": "ERROR",
                    "thread": "task-executor-3",
                    "class": "c.z.s.service.impl.OrderTaskServiceImpl",
                    "message": "OrderTaskServiceImpl.autoCancel | 订单不存在，orderNo: PT629175896604985826248" }
                    
{
                    "app": "Crmeb",
                    "timestamp":"2025-11-04 14:49:00.020",
                    "level": "ERROR",
                    "thread": "task-executor-8",
                    "class": "c.z.s.service.impl.OrderTaskServiceImpl",
                    "message": "OrderTaskServiceImpl.autoCancel | 订单不存在，orderNo: PT629175896604985826248" }
                    
{
                    "app": "Crmeb",
                    "timestamp":"2025-11-04 14:50:00.021",
                    "level": "ERROR",
                    "thread": "task-executor-12",
                    "class": "c.z.s.service.impl.OrderTaskServiceImpl",
                    "message": "OrderTaskServiceImpl.autoCancel | 订单不存在，orderNo: PT629175896604985826248" }
                    
{
                    "app": "Crmeb",
                    "timestamp":"2025-11-04 14:51:00.027",
                    "level": "ERROR",
                    "thread": "task-executor-17",
                    "class": "c.z.s.service.impl.OrderTaskServiceImpl",
                    "message": "OrderTaskServiceImpl.autoCancel | 订单不存在，orderNo: PT629175896604985826248" }
                    
{
                    "app": "Crmeb",
                    "timestamp":"2025-11-04 14:52:00.025",
                    "level": "ERROR",
                    "thread": "task-executor-3",
                    "class": "c.z.s.service.impl.OrderTaskServiceImpl",
                    "message": "OrderTaskServiceImpl.autoCancel | 订单不存在，orderNo: PT629175896604985826248" }
                    
{
                    "app": "Crmeb",
                    "timestamp":"2025-11-04 14:53:00.022",
                    "level": "ERROR",
                    "thread": "task-executor-8",
                    "class": "c.z.s.service.impl.OrderTaskServiceImpl",
                    "message": "OrderTaskServiceImpl.autoCancel | 订单不存在，orderNo: PT629175896604985826248" }
                    
{
                    "app": "Crmeb",
                    "timestamp":"2025-11-04 14:54:00.013",
                    "level": "ERROR",
                    "thread": "task-executor-12",
                    "class": "c.z.s.service.impl.OrderTaskServiceImpl",
                    "message": "OrderTaskServiceImpl.autoCancel | 订单不存在，orderNo: PT629175896604985826248" }
                    
{
                    "app": "Crmeb",
                    "timestamp":"2025-11-04 14:55:00.022",
                    "level": "ERROR",
                    "thread": "task-executor-17",
                    "class": "c.z.s.service.impl.OrderTaskServiceImpl",
                    "message": "OrderTaskServiceImpl.autoCancel | 订单不存在，orderNo: PT629175896604985826248" }
                    
{
                    "app": "Crmeb",
                    "timestamp":"2025-11-04 14:56:00.023",
                    "level": "ERROR",
                    "thread": "task-executor-3",
                    "class": "c.z.s.service.impl.OrderTaskServiceImpl",
                    "message": "OrderTaskServiceImpl.autoCancel | 订单不存在，orderNo: PT629175896604985826248" }
                    
{
                    "app": "Crmeb",
                    "timestamp":"2025-11-04 14:57:00.027",
                    "level": "ERROR",
                    "thread": "task-executor-8",
                    "class": "c.z.s.service.impl.OrderTaskServiceImpl",
                    "message": "OrderTaskServiceImpl.autoCancel | 订单不存在，orderNo: PT629175896604985826248" }
                    
{
                    "app": "Crmeb",
                    "timestamp":"2025-11-04 14:58:00.017",
                    "level": "ERROR",
                    "thread": "task-executor-12",
                    "class": "c.z.s.service.impl.OrderTaskServiceImpl",
                    "message": "OrderTaskServiceImpl.autoCancel | 订单不存在，orderNo: PT629175896604985826248" }
                    
{
                    "app": "Crmeb",
                    "timestamp":"2025-11-04 14:59:00.020",
                    "level": "ERROR",
                    "thread": "task-executor-17",
                    "class": "c.z.s.service.impl.OrderTaskServiceImpl",
                    "message": "OrderTaskServiceImpl.autoCancel | 订单不存在，orderNo: PT629175896604985826248" }
                    
{
                    "app": "Crmeb",
                    "timestamp":"2025-11-04 15:00:00.020",
                    "level": "ERROR",
                    "thread": "task-executor-3",
                    "class": "c.z.s.service.impl.OrderTaskServiceImpl",
                    "message": "OrderTaskServiceImpl.autoCancel | 订单不存在，orderNo: PT629175896604985826248" }
                    
{
                    "app": "Crmeb",
                    "timestamp":"2025-11-04 15:01:00.026",
                    "level": "ERROR",
                    "thread": "task-executor-8",
                    "class": "c.z.s.service.impl.OrderTaskServiceImpl",
                    "message": "OrderTaskServiceImpl.autoCancel | 订单不存在，orderNo: PT629175896604985826248" }
                    
{
                    "app": "Crmeb",
                    "timestamp":"2025-11-04 15:02:00.024",
                    "level": "ERROR",
                    "thread": "task-executor-12",
                    "class": "c.z.s.service.impl.OrderTaskServiceImpl",
                    "message": "OrderTaskServiceImpl.autoCancel | 订单不存在，orderNo: PT629175896604985826248" }
                    
{
                    "app": "Crmeb",
                    "timestamp":"2025-11-04 15:03:00.017",
                    "level": "ERROR",
                    "thread": "task-executor-17",
                    "class": "c.z.s.service.impl.OrderTaskServiceImpl",
                    "message": "OrderTaskServiceImpl.autoCancel | 订单不存在，orderNo: PT629175896604985826248" }
                    
{
                    "app": "Crmeb",
                    "timestamp":"2025-11-04 15:04:00.019",
                    "level": "ERROR",
                    "thread": "task-executor-3",
                    "class": "c.z.s.service.impl.OrderTaskServiceImpl",
                    "message": "OrderTaskServiceImpl.autoCancel | 订单不存在，orderNo: PT629175896604985826248" }
                    
{
                    "app": "Crmeb",
                    "timestamp":"2025-11-04 15:05:00.014",
                    "level": "ERROR",
                    "thread": "task-executor-8",
                    "class": "c.z.s.service.impl.OrderTaskServiceImpl",
                    "message": "OrderTaskServiceImpl.autoCancel | 订单不存在，orderNo: PT629175896604985826248" }
                    
{
                    "app": "Crmeb",
                    "timestamp":"2025-11-04 15:06:27.458",
                    "level": "ERROR",
                    "thread": "task-executor-2",
                    "class": "c.z.s.service.impl.OrderTaskServiceImpl",
                    "message": "OrderTaskServiceImpl.autoCancel | 订单不存在，orderNo: PT629175896604985826248" }
                    
{
                    "app": "Crmeb",
                    "timestamp":"2025-11-04 15:07:00.024",
                    "level": "ERROR",
                    "thread": "task-executor-7",
                    "class": "c.z.s.service.impl.OrderTaskServiceImpl",
                    "message": "OrderTaskServiceImpl.autoCancel | 订单不存在，orderNo: PT629175896604985826248" }
                    
{
                    "app": "Crmeb",
                    "timestamp":"2025-11-04 15:08:00.022",
                    "level": "ERROR",
                    "thread": "task-executor-12",
                    "class": "c.z.s.service.impl.OrderTaskServiceImpl",
                    "message": "OrderTaskServiceImpl.autoCancel | 订单不存在，orderNo: PT629175896604985826248" }
                    
{
                    "app": "Crmeb",
                    "timestamp":"2025-11-04 15:09:00.022",
                    "level": "ERROR",
                    "thread": "task-executor-17",
                    "class": "c.z.s.service.impl.OrderTaskServiceImpl",
                    "message": "OrderTaskServiceImpl.autoCancel | 订单不存在，orderNo: PT629175896604985826248" }
                    
{
                    "app": "Crmeb",
                    "timestamp":"2025-11-04 15:10:10.844",
                    "level": "ERROR",
                    "thread": "task-executor-2",
                    "class": "c.z.s.service.impl.OrderTaskServiceImpl",
                    "message": "OrderTaskServiceImpl.autoCancel | 订单不存在，orderNo: PT629175896604985826248" }
                    
{
                    "app": "Crmeb",
                    "timestamp":"2025-11-04 15:14:04.523",
                    "level": "ERROR",
                    "thread": "task-executor-2",
                    "class": "c.z.s.service.impl.OrderTaskServiceImpl",
                    "message": "OrderTaskServiceImpl.autoCancel | 订单不存在，orderNo: PT629175896604985826248" }
                    
{
                    "app": "Crmeb",
                    "timestamp":"2025-11-04 15:15:00.032",
                    "level": "ERROR",
                    "thread": "task-executor-7",
                    "class": "c.z.s.service.impl.OrderTaskServiceImpl",
                    "message": "OrderTaskServiceImpl.autoCancel | 订单不存在，orderNo: PT629175896604985826248" }
                    
{
                    "app": "Crmeb",
                    "timestamp":"2025-11-04 15:16:00.034",
                    "level": "ERROR",
                    "thread": "task-executor-12",
                    "class": "c.z.s.service.impl.OrderTaskServiceImpl",
                    "message": "OrderTaskServiceImpl.autoCancel | 订单不存在，orderNo: PT629175896604985826248" }
                    
{
                    "app": "Crmeb",
                    "timestamp":"2025-11-04 15:17:00.032",
                    "level": "ERROR",
                    "thread": "task-executor-17",
                    "class": "c.z.s.service.impl.OrderTaskServiceImpl",
                    "message": "OrderTaskServiceImpl.autoCancel | 订单不存在，orderNo: PT629175896604985826248" }
                    
{
                    "app": "Crmeb",
                    "timestamp":"2025-11-04 15:18:00.025",
                    "level": "ERROR",
                    "thread": "task-executor-1",
                    "class": "c.z.s.service.impl.OrderTaskServiceImpl",
                    "message": "OrderTaskServiceImpl.autoCancel | 订单不存在，orderNo: PT629175896604985826248" }
                    
{
                    "app": "Crmeb",
                    "timestamp":"2025-11-04 15:19:00.024",
                    "level": "ERROR",
                    "thread": "task-executor-8",
                    "class": "c.z.s.service.impl.OrderTaskServiceImpl",
                    "message": "OrderTaskServiceImpl.autoCancel | 订单不存在，orderNo: PT629175896604985826248" }
                    
{
                    "app": "Crmeb",
                    "timestamp":"2025-11-04 15:20:00.015",
                    "level": "ERROR",
                    "thread": "task-executor-13",
                    "class": "c.z.s.service.impl.OrderTaskServiceImpl",
                    "message": "OrderTaskServiceImpl.autoCancel | 订单不存在，orderNo: PT629175896604985826248" }
                    
{
                    "app": "Crmeb",
                    "timestamp":"2025-11-04 15:21:00.014",
                    "level": "ERROR",
                    "thread": "task-executor-18",
                    "class": "c.z.s.service.impl.OrderTaskServiceImpl",
                    "message": "OrderTaskServiceImpl.autoCancel | 订单不存在，orderNo: PT629175896604985826248" }
                    
{
                    "app": "Crmeb",
                    "timestamp":"2025-11-04 15:22:00.023",
                    "level": "ERROR",
                    "thread": "task-executor-1",
                    "class": "c.z.s.service.impl.OrderTaskServiceImpl",
                    "message": "OrderTaskServiceImpl.autoCancel | 订单不存在，orderNo: PT629175896604985826248" }
                    
{
                    "app": "Crmeb",
                    "timestamp":"2025-11-04 15:23:00.023",
                    "level": "ERROR",
                    "thread": "task-executor-8",
                    "class": "c.z.s.service.impl.OrderTaskServiceImpl",
                    "message": "OrderTaskServiceImpl.autoCancel | 订单不存在，orderNo: PT629175896604985826248" }
                    
{
                    "app": "Crmeb",
                    "timestamp":"2025-11-04 15:24:00.023",
                    "level": "ERROR",
                    "thread": "task-executor-13",
                    "class": "c.z.s.service.impl.OrderTaskServiceImpl",
                    "message": "OrderTaskServiceImpl.autoCancel | 订单不存在，orderNo: PT629175896604985826248" }
                    
{
                    "app": "Crmeb",
                    "timestamp":"2025-11-04 15:25:00.021",
                    "level": "ERROR",
                    "thread": "task-executor-18",
                    "class": "c.z.s.service.impl.OrderTaskServiceImpl",
                    "message": "OrderTaskServiceImpl.autoCancel | 订单不存在，orderNo: PT629175896604985826248" }
                    
{
                    "app": "Crmeb",
                    "timestamp":"2025-11-04 15:26:00.023",
                    "level": "ERROR",
                    "thread": "task-executor-1",
                    "class": "c.z.s.service.impl.OrderTaskServiceImpl",
                    "message": "OrderTaskServiceImpl.autoCancel | 订单不存在，orderNo: PT629175896604985826248" }
                    
{
                    "app": "Crmeb",
                    "timestamp":"2025-11-04 15:27:00.018",
                    "level": "ERROR",
                    "thread": "task-executor-8",
                    "class": "c.z.s.service.impl.OrderTaskServiceImpl",
                    "message": "OrderTaskServiceImpl.autoCancel | 订单不存在，orderNo: PT629175896604985826248" }
                    
{
                    "app": "Crmeb",
                    "timestamp":"2025-11-04 15:28:00.025",
                    "level": "ERROR",
                    "thread": "task-executor-13",
                    "class": "c.z.s.service.impl.OrderTaskServiceImpl",
                    "message": "OrderTaskServiceImpl.autoCancel | 订单不存在，orderNo: PT629175896604985826248" }
                    
{
                    "app": "Crmeb",
                    "timestamp":"2025-11-04 15:29:00.025",
                    "level": "ERROR",
                    "thread": "task-executor-18",
                    "class": "c.z.s.service.impl.OrderTaskServiceImpl",
                    "message": "OrderTaskServiceImpl.autoCancel | 订单不存在，orderNo: PT629175896604985826248" }
                    
{
                    "app": "Crmeb",
                    "timestamp":"2025-11-04 15:30:00.025",
                    "level": "ERROR",
                    "thread": "task-executor-1",
                    "class": "c.z.s.service.impl.OrderTaskServiceImpl",
                    "message": "OrderTaskServiceImpl.autoCancel | 订单不存在，orderNo: PT629175896604985826248" }
                    
{
                    "app": "Crmeb",
                    "timestamp":"2025-11-04 15:31:00.025",
                    "level": "ERROR",
                    "thread": "task-executor-8",
                    "class": "c.z.s.service.impl.OrderTaskServiceImpl",
                    "message": "OrderTaskServiceImpl.autoCancel | 订单不存在，orderNo: PT629175896604985826248" }
                    
{
                    "app": "Crmeb",
                    "timestamp":"2025-11-04 15:32:00.024",
                    "level": "ERROR",
                    "thread": "task-executor-13",
                    "class": "c.z.s.service.impl.OrderTaskServiceImpl",
                    "message": "OrderTaskServiceImpl.autoCancel | 订单不存在，orderNo: PT629175896604985826248" }
                    
{
                    "app": "Crmeb",
                    "timestamp":"2025-11-04 15:33:00.020",
                    "level": "ERROR",
                    "thread": "task-executor-18",
                    "class": "c.z.s.service.impl.OrderTaskServiceImpl",
                    "message": "OrderTaskServiceImpl.autoCancel | 订单不存在，orderNo: PT629175896604985826248" }
                    
{
                    "app": "Crmeb",
                    "timestamp":"2025-11-04 15:34:00.024",
                    "level": "ERROR",
                    "thread": "task-executor-1",
                    "class": "c.z.s.service.impl.OrderTaskServiceImpl",
                    "message": "OrderTaskServiceImpl.autoCancel | 订单不存在，orderNo: PT629175896604985826248" }
                    
{
                    "app": "Crmeb",
                    "timestamp":"2025-11-04 15:35:00.031",
                    "level": "ERROR",
                    "thread": "task-executor-8",
                    "class": "c.z.s.service.impl.OrderTaskServiceImpl",
                    "message": "OrderTaskServiceImpl.autoCancel | 订单不存在，orderNo: PT629175896604985826248" }
                    
{
                    "app": "Crmeb",
                    "timestamp":"2025-11-04 15:36:00.022",
                    "level": "ERROR",
                    "thread": "task-executor-13",
                    "class": "c.z.s.service.impl.OrderTaskServiceImpl",
                    "message": "OrderTaskServiceImpl.autoCancel | 订单不存在，orderNo: PT629175896604985826248" }
                    
{
                    "app": "Crmeb",
                    "timestamp":"2025-11-04 15:37:00.019",
                    "level": "ERROR",
                    "thread": "task-executor-18",
                    "class": "c.z.s.service.impl.OrderTaskServiceImpl",
                    "message": "OrderTaskServiceImpl.autoCancel | 订单不存在，orderNo: PT629175896604985826248" }
                    
{
                    "app": "Crmeb",
                    "timestamp":"2025-11-04 15:38:00.018",
                    "level": "ERROR",
                    "thread": "task-executor-1",
                    "class": "c.z.s.service.impl.OrderTaskServiceImpl",
                    "message": "OrderTaskServiceImpl.autoCancel | 订单不存在，orderNo: PT629175896604985826248" }
                    
{
                    "app": "Crmeb",
                    "timestamp":"2025-11-04 15:39:00.013",
                    "level": "ERROR",
                    "thread": "task-executor-8",
                    "class": "c.z.s.service.impl.OrderTaskServiceImpl",
                    "message": "OrderTaskServiceImpl.autoCancel | 订单不存在，orderNo: PT629175896604985826248" }
                    
{
                    "app": "Crmeb",
                    "timestamp":"2025-11-04 15:40:00.016",
                    "level": "ERROR",
                    "thread": "task-executor-13",
                    "class": "c.z.s.service.impl.OrderTaskServiceImpl",
                    "message": "OrderTaskServiceImpl.autoCancel | 订单不存在，orderNo: PT629175896604985826248" }
                    
{
                    "app": "Crmeb",
                    "timestamp":"2025-11-04 15:41:00.030",
                    "level": "ERROR",
                    "thread": "task-executor-18",
                    "class": "c.z.s.service.impl.OrderTaskServiceImpl",
                    "message": "OrderTaskServiceImpl.autoCancel | 订单不存在，orderNo: PT629175896604985826248" }
                    
{
                    "app": "Crmeb",
                    "timestamp":"2025-11-04 15:42:00.021",
                    "level": "ERROR",
                    "thread": "task-executor-1",
                    "class": "c.z.s.service.impl.OrderTaskServiceImpl",
                    "message": "OrderTaskServiceImpl.autoCancel | 订单不存在，orderNo: PT629175896604985826248" }
                    
{
                    "app": "Crmeb",
                    "timestamp":"2025-11-04 15:43:00.030",
                    "level": "ERROR",
                    "thread": "task-executor-8",
                    "class": "c.z.s.service.impl.OrderTaskServiceImpl",
                    "message": "OrderTaskServiceImpl.autoCancel | 订单不存在，orderNo: PT629175896604985826248" }
                    
{
                    "app": "Crmeb",
                    "timestamp":"2025-11-04 15:44:00.023",
                    "level": "ERROR",
                    "thread": "task-executor-13",
                    "class": "c.z.s.service.impl.OrderTaskServiceImpl",
                    "message": "OrderTaskServiceImpl.autoCancel | 订单不存在，orderNo: PT629175896604985826248" }
                    
{
                    "app": "Crmeb",
                    "timestamp":"2025-11-04 15:45:00.030",
                    "level": "ERROR",
                    "thread": "task-executor-18",
                    "class": "c.z.s.service.impl.OrderTaskServiceImpl",
                    "message": "OrderTaskServiceImpl.autoCancel | 订单不存在，orderNo: PT629175896604985826248" }
                    
{
                    "app": "Crmeb",
                    "timestamp":"2025-11-04 15:46:00.032",
                    "level": "ERROR",
                    "thread": "task-executor-1",
                    "class": "c.z.s.service.impl.OrderTaskServiceImpl",
                    "message": "OrderTaskServiceImpl.autoCancel | 订单不存在，orderNo: PT629175896604985826248" }
                    
{
                    "app": "Crmeb",
                    "timestamp":"2025-11-04 15:47:00.023",
                    "level": "ERROR",
                    "thread": "task-executor-8",
                    "class": "c.z.s.service.impl.OrderTaskServiceImpl",
                    "message": "OrderTaskServiceImpl.autoCancel | 订单不存在，orderNo: PT629175896604985826248" }
                    
{
                    "app": "Crmeb",
                    "timestamp":"2025-11-04 15:48:00.015",
                    "level": "ERROR",
                    "thread": "task-executor-13",
                    "class": "c.z.s.service.impl.OrderTaskServiceImpl",
                    "message": "OrderTaskServiceImpl.autoCancel | 订单不存在，orderNo: PT629175896604985826248" }
                    
{
                    "app": "Crmeb",
                    "timestamp":"2025-11-04 15:49:00.028",
                    "level": "ERROR",
                    "thread": "task-executor-18",
                    "class": "c.z.s.service.impl.OrderTaskServiceImpl",
                    "message": "OrderTaskServiceImpl.autoCancel | 订单不存在，orderNo: PT629175896604985826248" }
                    
{
                    "app": "Crmeb",
                    "timestamp":"2025-11-04 15:50:00.017",
                    "level": "ERROR",
                    "thread": "task-executor-4",
                    "class": "c.z.s.service.impl.OrderTaskServiceImpl",
                    "message": "OrderTaskServiceImpl.autoCancel | 订单不存在，orderNo: PT629175896604985826248" }
                    
{
                    "app": "Crmeb",
                    "timestamp":"2025-11-04 15:51:00.023",
                    "level": "ERROR",
                    "thread": "task-executor-9",
                    "class": "c.z.s.service.impl.OrderTaskServiceImpl",
                    "message": "OrderTaskServiceImpl.autoCancel | 订单不存在，orderNo: PT629175896604985826248" }
                    
{
                    "app": "Crmeb",
                    "timestamp":"2025-11-04 15:52:00.032",
                    "level": "ERROR",
                    "thread": "task-executor-12",
                    "class": "c.z.s.service.impl.OrderTaskServiceImpl",
                    "message": "OrderTaskServiceImpl.autoCancel | 订单不存在，orderNo: PT629175896604985826248" }
                    
{
                    "app": "Crmeb",
                    "timestamp":"2025-11-04 15:53:00.024",
                    "level": "ERROR",
                    "thread": "task-executor-19",
                    "class": "c.z.s.service.impl.OrderTaskServiceImpl",
                    "message": "OrderTaskServiceImpl.autoCancel | 订单不存在，orderNo: PT629175896604985826248" }
                    
{
                    "app": "Crmeb",
                    "timestamp":"2025-11-04 15:54:00.028",
                    "level": "ERROR",
                    "thread": "task-executor-5",
                    "class": "c.z.s.service.impl.OrderTaskServiceImpl",
                    "message": "OrderTaskServiceImpl.autoCancel | 订单不存在，orderNo: PT629175896604985826248" }
                    
{
                    "app": "Crmeb",
                    "timestamp":"2025-11-04 15:55:00.028",
                    "level": "ERROR",
                    "thread": "task-executor-9",
                    "class": "c.z.s.service.impl.OrderTaskServiceImpl",
                    "message": "OrderTaskServiceImpl.autoCancel | 订单不存在，orderNo: PT629175896604985826248" }
                    
{
                    "app": "Crmeb",
                    "timestamp":"2025-11-04 15:56:00.021",
                    "level": "ERROR",
                    "thread": "task-executor-12",
                    "class": "c.z.s.service.impl.OrderTaskServiceImpl",
                    "message": "OrderTaskServiceImpl.autoCancel | 订单不存在，orderNo: PT629175896604985826248" }
                    
{
                    "app": "Crmeb",
                    "timestamp":"2025-11-04 15:57:00.016",
                    "level": "ERROR",
                    "thread": "task-executor-19",
                    "class": "c.z.s.service.impl.OrderTaskServiceImpl",
                    "message": "OrderTaskServiceImpl.autoCancel | 订单不存在，orderNo: PT629175896604985826248" }
                    
{
                    "app": "Crmeb",
                    "timestamp":"2025-11-04 15:58:00.031",
                    "level": "ERROR",
                    "thread": "task-executor-2",
                    "class": "c.z.s.service.impl.OrderTaskServiceImpl",
                    "message": "OrderTaskServiceImpl.autoCancel | 订单不存在，orderNo: PT629175896604985826248" }
                    
{
                    "app": "Crmeb",
                    "timestamp":"2025-11-04 15:59:00.014",
                    "level": "ERROR",
                    "thread": "task-executor-10",
                    "class": "c.z.s.service.impl.OrderTaskServiceImpl",
                    "message": "OrderTaskServiceImpl.autoCancel | 订单不存在，orderNo: PT629175896604985826248" }
                    
{
                    "app": "Crmeb",
                    "timestamp":"2025-11-04 16:00:00.027",
                    "level": "ERROR",
                    "thread": "task-executor-15",
                    "class": "c.z.s.service.impl.OrderTaskServiceImpl",
                    "message": "OrderTaskServiceImpl.autoCancel | 订单不存在，orderNo: PT629175896604985826248" }
                    
{
                    "app": "Crmeb",
                    "timestamp":"2025-11-04 16:01:00.016",
                    "level": "ERROR",
                    "thread": "task-executor-20",
                    "class": "c.z.s.service.impl.OrderTaskServiceImpl",
                    "message": "OrderTaskServiceImpl.autoCancel | 订单不存在，orderNo: PT629175896604985826248" }
                    
{
                    "app": "Crmeb",
                    "timestamp":"2025-11-04 16:02:00.024",
                    "level": "ERROR",
                    "thread": "task-executor-2",
                    "class": "c.z.s.service.impl.OrderTaskServiceImpl",
                    "message": "OrderTaskServiceImpl.autoCancel | 订单不存在，orderNo: PT629175896604985826248" }
                    
{
                    "app": "Crmeb",
                    "timestamp":"2025-11-04 16:03:00.019",
                    "level": "ERROR",
                    "thread": "task-executor-10",
                    "class": "c.z.s.service.impl.OrderTaskServiceImpl",
                    "message": "OrderTaskServiceImpl.autoCancel | 订单不存在，orderNo: PT629175896604985826248" }
                    
{
                    "app": "Crmeb",
                    "timestamp":"2025-11-04 16:04:00.018",
                    "level": "ERROR",
                    "thread": "task-executor-15",
                    "class": "c.z.s.service.impl.OrderTaskServiceImpl",
                    "message": "OrderTaskServiceImpl.autoCancel | 订单不存在，orderNo: PT629175896604985826248" }
                    
{
                    "app": "Crmeb",
                    "timestamp":"2025-11-04 16:05:00.029",
                    "level": "ERROR",
                    "thread": "task-executor-20",
                    "class": "c.z.s.service.impl.OrderTaskServiceImpl",
                    "message": "OrderTaskServiceImpl.autoCancel | 订单不存在，orderNo: PT629175896604985826248" }
                    
{
                    "app": "Crmeb",
                    "timestamp":"2025-11-04 16:06:00.027",
                    "level": "ERROR",
                    "thread": "task-executor-2",
                    "class": "c.z.s.service.impl.OrderTaskServiceImpl",
                    "message": "OrderTaskServiceImpl.autoCancel | 订单不存在，orderNo: PT629175896604985826248" }
                    
{
                    "app": "Crmeb",
                    "timestamp":"2025-11-04 16:07:00.014",
                    "level": "ERROR",
                    "thread": "task-executor-10",
                    "class": "c.z.s.service.impl.OrderTaskServiceImpl",
                    "message": "OrderTaskServiceImpl.autoCancel | 订单不存在，orderNo: PT629175896604985826248" }
                    
{
                    "app": "Crmeb",
                    "timestamp":"2025-11-04 16:08:00.027",
                    "level": "ERROR",
                    "thread": "task-executor-15",
                    "class": "c.z.s.service.impl.OrderTaskServiceImpl",
                    "message": "OrderTaskServiceImpl.autoCancel | 订单不存在，orderNo: PT629175896604985826248" }
                    
{
                    "app": "Crmeb",
                    "timestamp":"2025-11-04 16:10:08.726",
                    "level": "ERROR",
                    "thread": "task-executor-2",
                    "class": "c.z.s.service.impl.OrderTaskServiceImpl",
                    "message": "OrderTaskServiceImpl.autoCancel | 订单不存在，orderNo: PT629175896604985826248" }
                    
{
                    "app": "Crmeb",
                    "timestamp":"2025-11-04 16:11:00.027",
                    "level": "ERROR",
                    "thread": "task-executor-7",
                    "class": "c.z.s.service.impl.OrderTaskServiceImpl",
                    "message": "OrderTaskServiceImpl.autoCancel | 订单不存在，orderNo: PT629175896604985826248" }
                    
{
                    "app": "Crmeb",
                    "timestamp":"2025-11-04 16:12:00.030",
                    "level": "ERROR",
                    "thread": "task-executor-12",
                    "class": "c.z.s.service.impl.OrderTaskServiceImpl",
                    "message": "OrderTaskServiceImpl.autoCancel | 订单不存在，orderNo: PT629175896604985826248" }
                    
{
                    "app": "Crmeb",
                    "timestamp":"2025-11-04 16:13:00.021",
                    "level": "ERROR",
                    "thread": "task-executor-17",
                    "class": "c.z.s.service.impl.OrderTaskServiceImpl",
                    "message": "OrderTaskServiceImpl.autoCancel | 订单不存在，orderNo: PT629175896604985826248" }
                    
{
                    "app": "Crmeb",
                    "timestamp":"2025-11-04 16:14:00.029",
                    "level": "ERROR",
                    "thread": "task-executor-3",
                    "class": "c.z.s.service.impl.OrderTaskServiceImpl",
                    "message": "OrderTaskServiceImpl.autoCancel | 订单不存在，orderNo: PT629175896604985826248" }
                    
{
                    "app": "Crmeb",
                    "timestamp":"2025-11-04 16:15:00.018",
                    "level": "ERROR",
                    "thread": "task-executor-8",
                    "class": "c.z.s.service.impl.OrderTaskServiceImpl",
                    "message": "OrderTaskServiceImpl.autoCancel | 订单不存在，orderNo: PT629175896604985826248" }
                    
{
                    "app": "Crmeb",
                    "timestamp":"2025-11-04 16:16:00.024",
                    "level": "ERROR",
                    "thread": "task-executor-12",
                    "class": "c.z.s.service.impl.OrderTaskServiceImpl",
                    "message": "OrderTaskServiceImpl.autoCancel | 订单不存在，orderNo: PT629175896604985826248" }
                    
{
                    "app": "Crmeb",
                    "timestamp":"2025-11-04 16:17:00.025",
                    "level": "ERROR",
                    "thread": "task-executor-17",
                    "class": "c.z.s.service.impl.OrderTaskServiceImpl",
                    "message": "OrderTaskServiceImpl.autoCancel | 订单不存在，orderNo: PT629175896604985826248" }
                    
{
                    "app": "Crmeb",
                    "timestamp":"2025-11-04 16:18:00.026",
                    "level": "ERROR",
                    "thread": "task-executor-3",
                    "class": "c.z.s.service.impl.OrderTaskServiceImpl",
                    "message": "OrderTaskServiceImpl.autoCancel | 订单不存在，orderNo: PT629175896604985826248" }
                    
{
                    "app": "Crmeb",
                    "timestamp":"2025-11-04 16:19:00.029",
                    "level": "ERROR",
                    "thread": "task-executor-8",
                    "class": "c.z.s.service.impl.OrderTaskServiceImpl",
                    "message": "OrderTaskServiceImpl.autoCancel | 订单不存在，orderNo: PT629175896604985826248" }
                    
{
                    "app": "Crmeb",
                    "timestamp":"2025-11-04 16:20:00.019",
                    "level": "ERROR",
                    "thread": "task-executor-12",
                    "class": "c.z.s.service.impl.OrderTaskServiceImpl",
                    "message": "OrderTaskServiceImpl.autoCancel | 订单不存在，orderNo: PT629175896604985826248" }
                    
{
                    "app": "Crmeb",
                    "timestamp":"2025-11-04 16:21:00.041",
                    "level": "ERROR",
                    "thread": "task-executor-17",
                    "class": "c.z.s.service.impl.OrderTaskServiceImpl",
                    "message": "OrderTaskServiceImpl.autoCancel | 订单不存在，orderNo: PT629175896604985826248" }
                    
{
                    "app": "Crmeb",
                    "timestamp":"2025-11-04 16:22:00.016",
                    "level": "ERROR",
                    "thread": "task-executor-3",
                    "class": "c.z.s.service.impl.OrderTaskServiceImpl",
                    "message": "OrderTaskServiceImpl.autoCancel | 订单不存在，orderNo: PT629175896604985826248" }
                    
{
                    "app": "Crmeb",
                    "timestamp":"2025-11-04 16:23:00.030",
                    "level": "ERROR",
                    "thread": "task-executor-8",
                    "class": "c.z.s.service.impl.OrderTaskServiceImpl",
                    "message": "OrderTaskServiceImpl.autoCancel | 订单不存在，orderNo: PT629175896604985826248" }
                    
{
                    "app": "Crmeb",
                    "timestamp":"2025-11-04 16:24:00.026",
                    "level": "ERROR",
                    "thread": "task-executor-12",
                    "class": "c.z.s.service.impl.OrderTaskServiceImpl",
                    "message": "OrderTaskServiceImpl.autoCancel | 订单不存在，orderNo: PT629175896604985826248" }
                    
{
                    "app": "Crmeb",
                    "timestamp":"2025-11-04 16:25:00.018",
                    "level": "ERROR",
                    "thread": "task-executor-17",
                    "class": "c.z.s.service.impl.OrderTaskServiceImpl",
                    "message": "OrderTaskServiceImpl.autoCancel | 订单不存在，orderNo: PT629175896604985826248" }
                    
{
                    "app": "Crmeb",
                    "timestamp":"2025-11-04 16:26:00.037",
                    "level": "ERROR",
                    "thread": "task-executor-3",
                    "class": "c.z.s.service.impl.OrderTaskServiceImpl",
                    "message": "OrderTaskServiceImpl.autoCancel | 订单不存在，orderNo: PT629175896604985826248" }
                    
{
                    "app": "Crmeb",
                    "timestamp":"2025-11-04 16:27:06.332",
                    "level": "ERROR",
                    "thread": "task-executor-8",
                    "class": "c.z.s.service.impl.OrderTaskServiceImpl",
                    "message": "OrderTaskServiceImpl.autoCancel | 订单不存在，orderNo: PT629175896604985826248" }
                    
{
                    "app": "Crmeb",
                    "timestamp":"2025-11-04 16:28:00.019",
                    "level": "ERROR",
                    "thread": "task-executor-12",
                    "class": "c.z.s.service.impl.OrderTaskServiceImpl",
                    "message": "OrderTaskServiceImpl.autoCancel | 订单不存在，orderNo: PT629175896604985826248" }
                    
{
                    "app": "Crmeb",
                    "timestamp":"2025-11-04 16:29:00.015",
                    "level": "ERROR",
                    "thread": "task-executor-17",
                    "class": "c.z.s.service.impl.OrderTaskServiceImpl",
                    "message": "OrderTaskServiceImpl.autoCancel | 订单不存在，orderNo: PT629175896604985826248" }
                    
{
                    "app": "Crmeb",
                    "timestamp":"2025-11-04 16:30:00.019",
                    "level": "ERROR",
                    "thread": "task-executor-3",
                    "class": "c.z.s.service.impl.OrderTaskServiceImpl",
                    "message": "OrderTaskServiceImpl.autoCancel | 订单不存在，orderNo: PT629175896604985826248" }
                    
{
                    "app": "Crmeb",
                    "timestamp":"2025-11-04 16:31:00.022",
                    "level": "ERROR",
                    "thread": "task-executor-6",
                    "class": "c.z.s.service.impl.OrderTaskServiceImpl",
                    "message": "OrderTaskServiceImpl.autoCancel | 订单不存在，orderNo: PT629175896604985826248" }
                    
{
                    "app": "Crmeb",
                    "timestamp":"2025-11-04 16:32:00.030",
                    "level": "ERROR",
                    "thread": "task-executor-12",
                    "class": "c.z.s.service.impl.OrderTaskServiceImpl",
                    "message": "OrderTaskServiceImpl.autoCancel | 订单不存在，orderNo: PT629175896604985826248" }
                    
{
                    "app": "Crmeb",
                    "timestamp":"2025-11-04 16:33:00.020",
                    "level": "ERROR",
                    "thread": "task-executor-17",
                    "class": "c.z.s.service.impl.OrderTaskServiceImpl",
                    "message": "OrderTaskServiceImpl.autoCancel | 订单不存在，orderNo: PT629175896604985826248" }
                    
{
                    "app": "Crmeb",
                    "timestamp":"2025-11-04 16:34:00.020",
                    "level": "ERROR",
                    "thread": "task-executor-3",
                    "class": "c.z.s.service.impl.OrderTaskServiceImpl",
                    "message": "OrderTaskServiceImpl.autoCancel | 订单不存在，orderNo: PT629175896604985826248" }
                    
{
                    "app": "Crmeb",
                    "timestamp":"2025-11-04 16:35:00.025",
                    "level": "ERROR",
                    "thread": "task-executor-6",
                    "class": "c.z.s.service.impl.OrderTaskServiceImpl",
                    "message": "OrderTaskServiceImpl.autoCancel | 订单不存在，orderNo: PT629175896604985826248" }
                    
{
                    "app": "Crmeb",
                    "timestamp":"2025-11-04 16:36:00.018",
                    "level": "ERROR",
                    "thread": "task-executor-12",
                    "class": "c.z.s.service.impl.OrderTaskServiceImpl",
                    "message": "OrderTaskServiceImpl.autoCancel | 订单不存在，orderNo: PT629175896604985826248" }
                    
{
                    "app": "Crmeb",
                    "timestamp":"2025-11-04 16:37:00.022",
                    "level": "ERROR",
                    "thread": "task-executor-17",
                    "class": "c.z.s.service.impl.OrderTaskServiceImpl",
                    "message": "OrderTaskServiceImpl.autoCancel | 订单不存在，orderNo: PT629175896604985826248" }
                    
{
                    "app": "Crmeb",
                    "timestamp":"2025-11-04 16:38:00.019",
                    "level": "ERROR",
                    "thread": "task-executor-3",
                    "class": "c.z.s.service.impl.OrderTaskServiceImpl",
                    "message": "OrderTaskServiceImpl.autoCancel | 订单不存在，orderNo: PT629175896604985826248" }
                    
{
                    "app": "Crmeb",
                    "timestamp":"2025-11-04 16:39:00.015",
                    "level": "ERROR",
                    "thread": "task-executor-6",
                    "class": "c.z.s.service.impl.OrderTaskServiceImpl",
                    "message": "OrderTaskServiceImpl.autoCancel | 订单不存在，orderNo: PT629175896604985826248" }
                    
{
                    "app": "Crmeb",
                    "timestamp":"2025-11-04 16:40:00.023",
                    "level": "ERROR",
                    "thread": "task-executor-12",
                    "class": "c.z.s.service.impl.OrderTaskServiceImpl",
                    "message": "OrderTaskServiceImpl.autoCancel | 订单不存在，orderNo: PT629175896604985826248" }
                    
{
                    "app": "Crmeb",
                    "timestamp":"2025-11-04 16:41:00.013",
                    "level": "ERROR",
                    "thread": "task-executor-17",
                    "class": "c.z.s.service.impl.OrderTaskServiceImpl",
                    "message": "OrderTaskServiceImpl.autoCancel | 订单不存在，orderNo: PT629175896604985826248" }
                    
{
                    "app": "Crmeb",
                    "timestamp":"2025-11-04 16:42:00.026",
                    "level": "ERROR",
                    "thread": "task-executor-3",
                    "class": "c.z.s.service.impl.OrderTaskServiceImpl",
                    "message": "OrderTaskServiceImpl.autoCancel | 订单不存在，orderNo: PT629175896604985826248" }
                    
{
                    "app": "Crmeb",
                    "timestamp":"2025-11-04 16:43:00.022",
                    "level": "ERROR",
                    "thread": "task-executor-6",
                    "class": "c.z.s.service.impl.OrderTaskServiceImpl",
                    "message": "OrderTaskServiceImpl.autoCancel | 订单不存在，orderNo: PT629175896604985826248" }
                    
{
                    "app": "Crmeb",
                    "timestamp":"2025-11-04 16:44:00.014",
                    "level": "ERROR",
                    "thread": "task-executor-12",
                    "class": "c.z.s.service.impl.OrderTaskServiceImpl",
                    "message": "OrderTaskServiceImpl.autoCancel | 订单不存在，orderNo: PT629175896604985826248" }
                    
{
                    "app": "Crmeb",
                    "timestamp":"2025-11-04 16:45:00.027",
                    "level": "ERROR",
                    "thread": "task-executor-17",
                    "class": "c.z.s.service.impl.OrderTaskServiceImpl",
                    "message": "OrderTaskServiceImpl.autoCancel | 订单不存在，orderNo: PT629175896604985826248" }
                    
{
                    "app": "Crmeb",
                    "timestamp":"2025-11-04 16:46:00.021",
                    "level": "ERROR",
                    "thread": "task-executor-3",
                    "class": "c.z.s.service.impl.OrderTaskServiceImpl",
                    "message": "OrderTaskServiceImpl.autoCancel | 订单不存在，orderNo: PT629175896604985826248" }
                    
{
                    "app": "Crmeb",
                    "timestamp":"2025-11-04 16:47:00.017",
                    "level": "ERROR",
                    "thread": "task-executor-6",
                    "class": "c.z.s.service.impl.OrderTaskServiceImpl",
                    "message": "OrderTaskServiceImpl.autoCancel | 订单不存在，orderNo: PT629175896604985826248" }
                    
{
                    "app": "Crmeb",
                    "timestamp":"2025-11-04 16:48:00.013",
                    "level": "ERROR",
                    "thread": "task-executor-12",
                    "class": "c.z.s.service.impl.OrderTaskServiceImpl",
                    "message": "OrderTaskServiceImpl.autoCancel | 订单不存在，orderNo: PT629175896604985826248" }
                    
{
                    "app": "Crmeb",
                    "timestamp":"2025-11-04 16:49:24.978",
                    "level": "ERROR",
                    "thread": "task-executor-2",
                    "class": "c.z.s.service.impl.OrderTaskServiceImpl",
                    "message": "OrderTaskServiceImpl.autoCancel | 订单不存在，orderNo: PT629175896604985826248" }
                    
{
                    "app": "Crmeb",
                    "timestamp":"2025-11-04 16:50:00.034",
                    "level": "ERROR",
                    "thread": "task-executor-7",
                    "class": "c.z.s.service.impl.OrderTaskServiceImpl",
                    "message": "OrderTaskServiceImpl.autoCancel | 订单不存在，orderNo: PT629175896604985826248" }
                    
{
                    "app": "Crmeb",
                    "timestamp":"2025-11-04 16:52:44.477",
                    "level": "ERROR",
                    "thread": "task-executor-12",
                    "class": "c.z.s.service.impl.OrderTaskServiceImpl",
                    "message": "OrderTaskServiceImpl.autoCancel | 订单不存在，orderNo: PT629175896604985826248" }
                    
{
                    "app": "Crmeb",
                    "timestamp":"2025-11-04 16:52:44.515",
                    "level": "ERROR",
                    "thread": "task-executor-17",
                    "class": "c.z.s.service.impl.OrderTaskServiceImpl",
                    "message": "OrderTaskServiceImpl.autoCancel | 订单不存在，orderNo: PT629175896604985826248" }
                    
{
                    "app": "Crmeb",
                    "timestamp":"2025-11-04 16:53:00.024",
                    "level": "ERROR",
                    "thread": "task-executor-3",
                    "class": "c.z.s.service.impl.OrderTaskServiceImpl",
                    "message": "OrderTaskServiceImpl.autoCancel | 订单不存在，orderNo: PT629175896604985826248" }
                    
{
                    "app": "Crmeb",
                    "timestamp":"2025-11-04 16:54:00.026",
                    "level": "ERROR",
                    "thread": "task-executor-8",
                    "class": "c.z.s.service.impl.OrderTaskServiceImpl",
                    "message": "OrderTaskServiceImpl.autoCancel | 订单不存在，orderNo: PT629175896604985826248" }
                    
{
                    "app": "Crmeb",
                    "timestamp":"2025-11-04 16:55:00.024",
                    "level": "ERROR",
                    "thread": "task-executor-13",
                    "class": "c.z.s.service.impl.OrderTaskServiceImpl",
                    "message": "OrderTaskServiceImpl.autoCancel | 订单不存在，orderNo: PT629175896604985826248" }
                    
{
                    "app": "Crmeb",
                    "timestamp":"2025-11-04 16:56:00.014",
                    "level": "ERROR",
                    "thread": "task-executor-19",
                    "class": "c.z.s.service.impl.OrderTaskServiceImpl",
                    "message": "OrderTaskServiceImpl.autoCancel | 订单不存在，orderNo: PT629175896604985826248" }
                    
{
                    "app": "Crmeb",
                    "timestamp":"2025-11-04 16:57:00.022",
                    "level": "ERROR",
                    "thread": "task-executor-3",
                    "class": "c.z.s.service.impl.OrderTaskServiceImpl",
                    "message": "OrderTaskServiceImpl.autoCancel | 订单不存在，orderNo: PT629175896604985826248" }
                    
{
                    "app": "Crmeb",
                    "timestamp":"2025-11-04 16:58:00.022",
                    "level": "ERROR",
                    "thread": "task-executor-8",
                    "class": "c.z.s.service.impl.OrderTaskServiceImpl",
                    "message": "OrderTaskServiceImpl.autoCancel | 订单不存在，orderNo: PT629175896604985826248" }
                    
{
                    "app": "Crmeb",
                    "timestamp":"2025-11-04 16:59:00.025",
                    "level": "ERROR",
                    "thread": "task-executor-13",
                    "class": "c.z.s.service.impl.OrderTaskServiceImpl",
                    "message": "OrderTaskServiceImpl.autoCancel | 订单不存在，orderNo: PT629175896604985826248" }
                    
{
                    "app": "Crmeb",
                    "timestamp":"2025-11-04 17:00:00.027",
                    "level": "ERROR",
                    "thread": "task-executor-19",
                    "class": "c.z.s.service.impl.OrderTaskServiceImpl",
                    "message": "OrderTaskServiceImpl.autoCancel | 订单不存在，orderNo: PT629175896604985826248" }
                    
{
                    "app": "Crmeb",
                    "timestamp":"2025-11-04 17:01:00.022",
                    "level": "ERROR",
                    "thread": "task-executor-3",
                    "class": "c.z.s.service.impl.OrderTaskServiceImpl",
                    "message": "OrderTaskServiceImpl.autoCancel | 订单不存在，orderNo: PT629175896604985826248" }
                    
{
                    "app": "Crmeb",
                    "timestamp":"2025-11-04 17:02:00.021",
                    "level": "ERROR",
                    "thread": "task-executor-8",
                    "class": "c.z.s.service.impl.OrderTaskServiceImpl",
                    "message": "OrderTaskServiceImpl.autoCancel | 订单不存在，orderNo: PT629175896604985826248" }
                    
{
                    "app": "Crmeb",
                    "timestamp":"2025-11-04 17:03:00.024",
                    "level": "ERROR",
                    "thread": "task-executor-13",
                    "class": "c.z.s.service.impl.OrderTaskServiceImpl",
                    "message": "OrderTaskServiceImpl.autoCancel | 订单不存在，orderNo: PT629175896604985826248" }
                    
{
                    "app": "Crmeb",
                    "timestamp":"2025-11-04 17:04:00.023",
                    "level": "ERROR",
                    "thread": "task-executor-19",
                    "class": "c.z.s.service.impl.OrderTaskServiceImpl",
                    "message": "OrderTaskServiceImpl.autoCancel | 订单不存在，orderNo: PT629175896604985826248" }
                    
{
                    "app": "Crmeb",
                    "timestamp":"2025-11-04 17:05:00.017",
                    "level": "ERROR",
                    "thread": "task-executor-3",
                    "class": "c.z.s.service.impl.OrderTaskServiceImpl",
                    "message": "OrderTaskServiceImpl.autoCancel | 订单不存在，orderNo: PT629175896604985826248" }
                    
{
                    "app": "Crmeb",
                    "timestamp":"2025-11-04 17:06:00.016",
                    "level": "ERROR",
                    "thread": "task-executor-8",
                    "class": "c.z.s.service.impl.OrderTaskServiceImpl",
                    "message": "OrderTaskServiceImpl.autoCancel | 订单不存在，orderNo: PT629175896604985826248" }
                    
{
                    "app": "Crmeb",
                    "timestamp":"2025-11-04 17:07:00.025",
                    "level": "ERROR",
                    "thread": "task-executor-13",
                    "class": "c.z.s.service.impl.OrderTaskServiceImpl",
                    "message": "OrderTaskServiceImpl.autoCancel | 订单不存在，orderNo: PT629175896604985826248" }
                    
{
                    "app": "Crmeb",
                    "timestamp":"2025-11-04 17:08:00.038",
                    "level": "ERROR",
                    "thread": "task-executor-19",
                    "class": "c.z.s.service.impl.OrderTaskServiceImpl",
                    "message": "OrderTaskServiceImpl.autoCancel | 订单不存在，orderNo: PT629175896604985826248" }
                    
{
                    "app": "Crmeb",
                    "timestamp":"2025-11-04 17:09:00.024",
                    "level": "ERROR",
                    "thread": "task-executor-3",
                    "class": "c.z.s.service.impl.OrderTaskServiceImpl",
                    "message": "OrderTaskServiceImpl.autoCancel | 订单不存在，orderNo: PT629175896604985826248" }
                    
{
                    "app": "Crmeb",
                    "timestamp":"2025-11-04 17:10:00.026",
                    "level": "ERROR",
                    "thread": "task-executor-8",
                    "class": "c.z.s.service.impl.OrderTaskServiceImpl",
                    "message": "OrderTaskServiceImpl.autoCancel | 订单不存在，orderNo: PT629175896604985826248" }
                    
{
                    "app": "Crmeb",
                    "timestamp":"2025-11-04 17:11:00.023",
                    "level": "ERROR",
                    "thread": "task-executor-13",
                    "class": "c.z.s.service.impl.OrderTaskServiceImpl",
                    "message": "OrderTaskServiceImpl.autoCancel | 订单不存在，orderNo: PT629175896604985826248" }
                    
{
                    "app": "Crmeb",
                    "timestamp":"2025-11-04 17:12:00.022",
                    "level": "ERROR",
                    "thread": "task-executor-19",
                    "class": "c.z.s.service.impl.OrderTaskServiceImpl",
                    "message": "OrderTaskServiceImpl.autoCancel | 订单不存在，orderNo: PT629175896604985826248" }
                    
{
                    "app": "Crmeb",
                    "timestamp":"2025-11-04 17:13:00.025",
                    "level": "ERROR",
                    "thread": "task-executor-3",
                    "class": "c.z.s.service.impl.OrderTaskServiceImpl",
                    "message": "OrderTaskServiceImpl.autoCancel | 订单不存在，orderNo: PT629175896604985826248" }
                    
{
                    "app": "Crmeb",
                    "timestamp":"2025-11-04 17:14:00.023",
                    "level": "ERROR",
                    "thread": "task-executor-8",
                    "class": "c.z.s.service.impl.OrderTaskServiceImpl",
                    "message": "OrderTaskServiceImpl.autoCancel | 订单不存在，orderNo: PT629175896604985826248" }
                    
{
                    "app": "Crmeb",
                    "timestamp":"2025-11-04 17:15:00.027",
                    "level": "ERROR",
                    "thread": "task-executor-13",
                    "class": "c.z.s.service.impl.OrderTaskServiceImpl",
                    "message": "OrderTaskServiceImpl.autoCancel | 订单不存在，orderNo: PT629175896604985826248" }
                    
{
                    "app": "Crmeb",
                    "timestamp":"2025-11-04 17:16:00.022",
                    "level": "ERROR",
                    "thread": "task-executor-19",
                    "class": "c.z.s.service.impl.OrderTaskServiceImpl",
                    "message": "OrderTaskServiceImpl.autoCancel | 订单不存在，orderNo: PT629175896604985826248" }
                    
{
                    "app": "Crmeb",
                    "timestamp":"2025-11-04 17:17:00.012",
                    "level": "ERROR",
                    "thread": "task-executor-3",
                    "class": "c.z.s.service.impl.OrderTaskServiceImpl",
                    "message": "OrderTaskServiceImpl.autoCancel | 订单不存在，orderNo: PT629175896604985826248" }
                    
{
                    "app": "Crmeb",
                    "timestamp":"2025-11-04 17:18:00.024",
                    "level": "ERROR",
                    "thread": "task-executor-8",
                    "class": "c.z.s.service.impl.OrderTaskServiceImpl",
                    "message": "OrderTaskServiceImpl.autoCancel | 订单不存在，orderNo: PT629175896604985826248" }
                    
{
                    "app": "Crmeb",
                    "timestamp":"2025-11-04 17:19:00.022",
                    "level": "ERROR",
                    "thread": "task-executor-13",
                    "class": "c.z.s.service.impl.OrderTaskServiceImpl",
                    "message": "OrderTaskServiceImpl.autoCancel | 订单不存在，orderNo: PT629175896604985826248" }
                    
{
                    "app": "Crmeb",
                    "timestamp":"2025-11-04 17:20:00.017",
                    "level": "ERROR",
                    "thread": "task-executor-19",
                    "class": "c.z.s.service.impl.OrderTaskServiceImpl",
                    "message": "OrderTaskServiceImpl.autoCancel | 订单不存在，orderNo: PT629175896604985826248" }
                    
{
                    "app": "Crmeb",
                    "timestamp":"2025-11-04 17:21:00.013",
                    "level": "ERROR",
                    "thread": "task-executor-3",
                    "class": "c.z.s.service.impl.OrderTaskServiceImpl",
                    "message": "OrderTaskServiceImpl.autoCancel | 订单不存在，orderNo: PT629175896604985826248" }
                    
{
                    "app": "Crmeb",
                    "timestamp":"2025-11-04 17:22:00.024",
                    "level": "ERROR",
                    "thread": "task-executor-8",
                    "class": "c.z.s.service.impl.OrderTaskServiceImpl",
                    "message": "OrderTaskServiceImpl.autoCancel | 订单不存在，orderNo: PT629175896604985826248" }
                    
{
                    "app": "Crmeb",
                    "timestamp":"2025-11-04 17:23:00.013",
                    "level": "ERROR",
                    "thread": "task-executor-13",
                    "class": "c.z.s.service.impl.OrderTaskServiceImpl",
                    "message": "OrderTaskServiceImpl.autoCancel | 订单不存在，orderNo: PT629175896604985826248" }
                    
{
                    "app": "Crmeb",
                    "timestamp":"2025-11-04 17:24:00.023",
                    "level": "ERROR",
                    "thread": "task-executor-19",
                    "class": "c.z.s.service.impl.OrderTaskServiceImpl",
                    "message": "OrderTaskServiceImpl.autoCancel | 订单不存在，orderNo: PT629175896604985826248" }
                    
{
                    "app": "Crmeb",
                    "timestamp":"2025-11-04 17:25:00.020",
                    "level": "ERROR",
                    "thread": "task-executor-3",
                    "class": "c.z.s.service.impl.OrderTaskServiceImpl",
                    "message": "OrderTaskServiceImpl.autoCancel | 订单不存在，orderNo: PT629175896604985826248" }
                    
{
                    "app": "Crmeb",
                    "timestamp":"2025-11-04 17:26:00.024",
                    "level": "ERROR",
                    "thread": "task-executor-8",
                    "class": "c.z.s.service.impl.OrderTaskServiceImpl",
                    "message": "OrderTaskServiceImpl.autoCancel | 订单不存在，orderNo: PT629175896604985826248" }
                    
{
                    "app": "Crmeb",
                    "timestamp":"2025-11-04 17:27:00.023",
                    "level": "ERROR",
                    "thread": "task-executor-13",
                    "class": "c.z.s.service.impl.OrderTaskServiceImpl",
                    "message": "OrderTaskServiceImpl.autoCancel | 订单不存在，orderNo: PT629175896604985826248" }
                    
{
                    "app": "Crmeb",
                    "timestamp":"2025-11-04 17:28:00.029",
                    "level": "ERROR",
                    "thread": "task-executor-19",
                    "class": "c.z.s.service.impl.OrderTaskServiceImpl",
                    "message": "OrderTaskServiceImpl.autoCancel | 订单不存在，orderNo: PT629175896604985826248" }
                    
{
                    "app": "Crmeb",
                    "timestamp":"2025-11-04 17:29:00.022",
                    "level": "ERROR",
                    "thread": "task-executor-3",
                    "class": "c.z.s.service.impl.OrderTaskServiceImpl",
                    "message": "OrderTaskServiceImpl.autoCancel | 订单不存在，orderNo: PT629175896604985826248" }
                    
{
                    "app": "Crmeb",
                    "timestamp":"2025-11-04 17:30:00.016",
                    "level": "ERROR",
                    "thread": "task-executor-8",
                    "class": "c.z.s.service.impl.OrderTaskServiceImpl",
                    "message": "OrderTaskServiceImpl.autoCancel | 订单不存在，orderNo: PT629175896604985826248" }
                    
{
                    "app": "Crmeb",
                    "timestamp":"2025-11-04 17:31:00.022",
                    "level": "ERROR",
                    "thread": "task-executor-13",
                    "class": "c.z.s.service.impl.OrderTaskServiceImpl",
                    "message": "OrderTaskServiceImpl.autoCancel | 订单不存在，orderNo: PT629175896604985826248" }
                    
{
                    "app": "Crmeb",
                    "timestamp":"2025-11-04 17:32:00.017",
                    "level": "ERROR",
                    "thread": "task-executor-19",
                    "class": "c.z.s.service.impl.OrderTaskServiceImpl",
                    "message": "OrderTaskServiceImpl.autoCancel | 订单不存在，orderNo: PT629175896604985826248" }
                    
{
                    "app": "Crmeb",
                    "timestamp":"2025-11-04 17:33:00.022",
                    "level": "ERROR",
                    "thread": "task-executor-3",
                    "class": "c.z.s.service.impl.OrderTaskServiceImpl",
                    "message": "OrderTaskServiceImpl.autoCancel | 订单不存在，orderNo: PT629175896604985826248" }
                    
{
                    "app": "Crmeb",
                    "timestamp":"2025-11-04 17:34:00.015",
                    "level": "ERROR",
                    "thread": "task-executor-8",
                    "class": "c.z.s.service.impl.OrderTaskServiceImpl",
                    "message": "OrderTaskServiceImpl.autoCancel | 订单不存在，orderNo: PT629175896604985826248" }
                    
{
                    "app": "Crmeb",
                    "timestamp":"2025-11-04 17:35:00.025",
                    "level": "ERROR",
                    "thread": "task-executor-13",
                    "class": "c.z.s.service.impl.OrderTaskServiceImpl",
                    "message": "OrderTaskServiceImpl.autoCancel | 订单不存在，orderNo: PT629175896604985826248" }
                    
{
                    "app": "Crmeb",
                    "timestamp":"2025-11-04 17:36:00.024",
                    "level": "ERROR",
                    "thread": "task-executor-19",
                    "class": "c.z.s.service.impl.OrderTaskServiceImpl",
                    "message": "OrderTaskServiceImpl.autoCancel | 订单不存在，orderNo: PT629175896604985826248" }
                    
{
                    "app": "Crmeb",
                    "timestamp":"2025-11-04 17:37:00.029",
                    "level": "ERROR",
                    "thread": "task-executor-3",
                    "class": "c.z.s.service.impl.OrderTaskServiceImpl",
                    "message": "OrderTaskServiceImpl.autoCancel | 订单不存在，orderNo: PT629175896604985826248" }
                    
{
                    "app": "Crmeb",
                    "timestamp":"2025-11-04 17:38:00.022",
                    "level": "ERROR",
                    "thread": "task-executor-8",
                    "class": "c.z.s.service.impl.OrderTaskServiceImpl",
                    "message": "OrderTaskServiceImpl.autoCancel | 订单不存在，orderNo: PT629175896604985826248" }
                    
{
                    "app": "Crmeb",
                    "timestamp":"2025-11-04 17:39:00.024",
                    "level": "ERROR",
                    "thread": "task-executor-13",
                    "class": "c.z.s.service.impl.OrderTaskServiceImpl",
                    "message": "OrderTaskServiceImpl.autoCancel | 订单不存在，orderNo: PT629175896604985826248" }
                    
{
                    "app": "Crmeb",
                    "timestamp":"2025-11-04 17:40:00.030",
                    "level": "ERROR",
                    "thread": "task-executor-19",
                    "class": "c.z.s.service.impl.OrderTaskServiceImpl",
                    "message": "OrderTaskServiceImpl.autoCancel | 订单不存在，orderNo: PT629175896604985826248" }
                    
{
                    "app": "Crmeb",
                    "timestamp":"2025-11-04 17:41:00.023",
                    "level": "ERROR",
                    "thread": "task-executor-3",
                    "class": "c.z.s.service.impl.OrderTaskServiceImpl",
                    "message": "OrderTaskServiceImpl.autoCancel | 订单不存在，orderNo: PT629175896604985826248" }
                    
{
                    "app": "Crmeb",
                    "timestamp":"2025-11-04 17:42:00.015",
                    "level": "ERROR",
                    "thread": "task-executor-8",
                    "class": "c.z.s.service.impl.OrderTaskServiceImpl",
                    "message": "OrderTaskServiceImpl.autoCancel | 订单不存在，orderNo: PT629175896604985826248" }
                    
{
                    "app": "Crmeb",
                    "timestamp":"2025-11-04 17:43:00.021",
                    "level": "ERROR",
                    "thread": "task-executor-13",
                    "class": "c.z.s.service.impl.OrderTaskServiceImpl",
                    "message": "OrderTaskServiceImpl.autoCancel | 订单不存在，orderNo: PT629175896604985826248" }
                    
{
                    "app": "Crmeb",
                    "timestamp":"2025-11-04 17:44:00.030",
                    "level": "ERROR",
                    "thread": "task-executor-19",
                    "class": "c.z.s.service.impl.OrderTaskServiceImpl",
                    "message": "OrderTaskServiceImpl.autoCancel | 订单不存在，orderNo: PT629175896604985826248" }
                    
{
                    "app": "Crmeb",
                    "timestamp":"2025-11-04 17:45:00.021",
                    "level": "ERROR",
                    "thread": "task-executor-3",
                    "class": "c.z.s.service.impl.OrderTaskServiceImpl",
                    "message": "OrderTaskServiceImpl.autoCancel | 订单不存在，orderNo: PT629175896604985826248" }
                    
{
                    "app": "Crmeb",
                    "timestamp":"2025-11-04 17:46:00.017",
                    "level": "ERROR",
                    "thread": "task-executor-8",
                    "class": "c.z.s.service.impl.OrderTaskServiceImpl",
                    "message": "OrderTaskServiceImpl.autoCancel | 订单不存在，orderNo: PT629175896604985826248" }
                    
{
                    "app": "Crmeb",
                    "timestamp":"2025-11-04 17:47:00.019",
                    "level": "ERROR",
                    "thread": "task-executor-13",
                    "class": "c.z.s.service.impl.OrderTaskServiceImpl",
                    "message": "OrderTaskServiceImpl.autoCancel | 订单不存在，orderNo: PT629175896604985826248" }
                    
{
                    "app": "Crmeb",
                    "timestamp":"2025-11-04 17:48:00.019",
                    "level": "ERROR",
                    "thread": "task-executor-19",
                    "class": "c.z.s.service.impl.OrderTaskServiceImpl",
                    "message": "OrderTaskServiceImpl.autoCancel | 订单不存在，orderNo: PT629175896604985826248" }
                    
{
                    "app": "Crmeb",
                    "timestamp":"2025-11-04 17:49:00.023",
                    "level": "ERROR",
                    "thread": "task-executor-3",
                    "class": "c.z.s.service.impl.OrderTaskServiceImpl",
                    "message": "OrderTaskServiceImpl.autoCancel | 订单不存在，orderNo: PT629175896604985826248" }
                    
{
                    "app": "Crmeb",
                    "timestamp":"2025-11-04 17:50:00.022",
                    "level": "ERROR",
                    "thread": "task-executor-8",
                    "class": "c.z.s.service.impl.OrderTaskServiceImpl",
                    "message": "OrderTaskServiceImpl.autoCancel | 订单不存在，orderNo: PT629175896604985826248" }
                    
{
                    "app": "Crmeb",
                    "timestamp":"2025-11-04 17:51:00.018",
                    "level": "ERROR",
                    "thread": "task-executor-13",
                    "class": "c.z.s.service.impl.OrderTaskServiceImpl",
                    "message": "OrderTaskServiceImpl.autoCancel | 订单不存在，orderNo: PT629175896604985826248" }
                    
{
                    "app": "Crmeb",
                    "timestamp":"2025-11-04 17:52:00.026",
                    "level": "ERROR",
                    "thread": "task-executor-19",
                    "class": "c.z.s.service.impl.OrderTaskServiceImpl",
                    "message": "OrderTaskServiceImpl.autoCancel | 订单不存在，orderNo: PT629175896604985826248" }
                    
{
                    "app": "Crmeb",
                    "timestamp":"2025-11-04 17:53:00.028",
                    "level": "ERROR",
                    "thread": "task-executor-3",
                    "class": "c.z.s.service.impl.OrderTaskServiceImpl",
                    "message": "OrderTaskServiceImpl.autoCancel | 订单不存在，orderNo: PT629175896604985826248" }
                    
{
                    "app": "Crmeb",
                    "timestamp":"2025-11-04 17:54:00.023",
                    "level": "ERROR",
                    "thread": "task-executor-8",
                    "class": "c.z.s.service.impl.OrderTaskServiceImpl",
                    "message": "OrderTaskServiceImpl.autoCancel | 订单不存在，orderNo: PT629175896604985826248" }
                    
{
                    "app": "Crmeb",
                    "timestamp":"2025-11-04 17:55:00.022",
                    "level": "ERROR",
                    "thread": "task-executor-14",
                    "class": "c.z.s.service.impl.OrderTaskServiceImpl",
                    "message": "OrderTaskServiceImpl.autoCancel | 订单不存在，orderNo: PT629175896604985826248" }
                    
{
                    "app": "Crmeb",
                    "timestamp":"2025-11-04 17:56:00.016",
                    "level": "ERROR",
                    "thread": "task-executor-19",
                    "class": "c.z.s.service.impl.OrderTaskServiceImpl",
                    "message": "OrderTaskServiceImpl.autoCancel | 订单不存在，orderNo: PT629175896604985826248" }
                    
{
                    "app": "Crmeb",
                    "timestamp":"2025-11-04 17:57:00.021",
                    "level": "ERROR",
                    "thread": "task-executor-3",
                    "class": "c.z.s.service.impl.OrderTaskServiceImpl",
                    "message": "OrderTaskServiceImpl.autoCancel | 订单不存在，orderNo: PT629175896604985826248" }
                    
{
                    "app": "Crmeb",
                    "timestamp":"2025-11-04 17:58:00.018",
                    "level": "ERROR",
                    "thread": "task-executor-8",
                    "class": "c.z.s.service.impl.OrderTaskServiceImpl",
                    "message": "OrderTaskServiceImpl.autoCancel | 订单不存在，orderNo: PT629175896604985826248" }
                    
{
                    "app": "Crmeb",
                    "timestamp":"2025-11-04 17:59:00.037",
                    "level": "ERROR",
                    "thread": "task-executor-14",
                    "class": "c.z.s.service.impl.OrderTaskServiceImpl",
                    "message": "OrderTaskServiceImpl.autoCancel | 订单不存在，orderNo: PT629175896604985826248" }
                    
{
                    "app": "Crmeb",
                    "timestamp":"2025-11-04 18:00:00.023",
                    "level": "ERROR",
                    "thread": "task-executor-19",
                    "class": "c.z.s.service.impl.OrderTaskServiceImpl",
                    "message": "OrderTaskServiceImpl.autoCancel | 订单不存在，orderNo: PT629175896604985826248" }
                    
{
                    "app": "Crmeb",
                    "timestamp":"2025-11-04 18:01:00.015",
                    "level": "ERROR",
                    "thread": "task-executor-3",
                    "class": "c.z.s.service.impl.OrderTaskServiceImpl",
                    "message": "OrderTaskServiceImpl.autoCancel | 订单不存在，orderNo: PT629175896604985826248" }
                    
{
                    "app": "Crmeb",
                    "timestamp":"2025-11-04 18:02:00.023",
                    "level": "ERROR",
                    "thread": "task-executor-8",
                    "class": "c.z.s.service.impl.OrderTaskServiceImpl",
                    "message": "OrderTaskServiceImpl.autoCancel | 订单不存在，orderNo: PT629175896604985826248" }
                    
{
                    "app": "Crmeb",
                    "timestamp":"2025-11-04 18:03:00.021",
                    "level": "ERROR",
                    "thread": "task-executor-14",
                    "class": "c.z.s.service.impl.OrderTaskServiceImpl",
                    "message": "OrderTaskServiceImpl.autoCancel | 订单不存在，orderNo: PT629175896604985826248" }
                    
{
                    "app": "Crmeb",
                    "timestamp":"2025-11-04 18:04:00.021",
                    "level": "ERROR",
                    "thread": "task-executor-19",
                    "class": "c.z.s.service.impl.OrderTaskServiceImpl",
                    "message": "OrderTaskServiceImpl.autoCancel | 订单不存在，orderNo: PT629175896604985826248" }
                    
{
                    "app": "Crmeb",
                    "timestamp":"2025-11-04 18:05:00.020",
                    "level": "ERROR",
                    "thread": "task-executor-3",
                    "class": "c.z.s.service.impl.OrderTaskServiceImpl",
                    "message": "OrderTaskServiceImpl.autoCancel | 订单不存在，orderNo: PT629175896604985826248" }
                    
{
                    "app": "Crmeb",
                    "timestamp":"2025-11-04 18:06:00.024",
                    "level": "ERROR",
                    "thread": "task-executor-8",
                    "class": "c.z.s.service.impl.OrderTaskServiceImpl",
                    "message": "OrderTaskServiceImpl.autoCancel | 订单不存在，orderNo: PT629175896604985826248" }
                    
{
                    "app": "Crmeb",
                    "timestamp":"2025-11-04 18:07:00.016",
                    "level": "ERROR",
                    "thread": "task-executor-14",
                    "class": "c.z.s.service.impl.OrderTaskServiceImpl",
                    "message": "OrderTaskServiceImpl.autoCancel | 订单不存在，orderNo: PT629175896604985826248" }
                    
{
                    "app": "Crmeb",
                    "timestamp":"2025-11-04 18:08:00.023",
                    "level": "ERROR",
                    "thread": "task-executor-19",
                    "class": "c.z.s.service.impl.OrderTaskServiceImpl",
                    "message": "OrderTaskServiceImpl.autoCancel | 订单不存在，orderNo: PT629175896604985826248" }
                    
{
                    "app": "Crmeb",
                    "timestamp":"2025-11-04 18:09:00.024",
                    "level": "ERROR",
                    "thread": "task-executor-3",
                    "class": "c.z.s.service.impl.OrderTaskServiceImpl",
                    "message": "OrderTaskServiceImpl.autoCancel | 订单不存在，orderNo: PT629175896604985826248" }
                    
{
                    "app": "Crmeb",
                    "timestamp":"2025-11-04 18:10:00.013",
                    "level": "ERROR",
                    "thread": "task-executor-8",
                    "class": "c.z.s.service.impl.OrderTaskServiceImpl",
                    "message": "OrderTaskServiceImpl.autoCancel | 订单不存在，orderNo: PT629175896604985826248" }
                    
{
                    "app": "Crmeb",
                    "timestamp":"2025-11-04 18:10:15.153",
                    "level": "ERROR",
                    "thread": "main",
                    "class": "o.s.b.d.LoggingFailureAnalysisReporter",
                    "message": "

***************************
APPLICATION FAILED TO START
***************************

Description:

Web server failed to start. Port 20008 was already in use.

Action:

Identify and stop the process that's listening on port 20008 or configure this application to listen on another port.
" }
                    
{
                    "app": "Crmeb",
                    "timestamp":"2025-11-04 18:11:00.020",
                    "level": "ERROR",
                    "thread": "task-executor-14",
                    "class": "c.z.s.service.impl.OrderTaskServiceImpl",
                    "message": "OrderTaskServiceImpl.autoCancel | 订单不存在，orderNo: PT629175896604985826248" }
                    
{
                    "app": "Crmeb",
                    "timestamp":"2025-11-04 18:12:00.012",
                    "level": "ERROR",
                    "thread": "task-executor-19",
                    "class": "c.z.s.service.impl.OrderTaskServiceImpl",
                    "message": "OrderTaskServiceImpl.autoCancel | 订单不存在，orderNo: PT629175896604985826248" }
                    
{
                    "app": "Crmeb",
                    "timestamp":"2025-11-04 18:12:23.434",
                    "level": "ERROR",
                    "thread": "main",
                    "class": "o.s.b.d.LoggingFailureAnalysisReporter",
                    "message": "

***************************
APPLICATION FAILED TO START
***************************

Description:

Web server failed to start. Port 20008 was already in use.

Action:

Identify and stop the process that's listening on port 20008 or configure this application to listen on another port.
" }
                    
{
                    "app": "Crmeb",
                    "timestamp":"2025-11-04 18:16:10.413",
                    "level": "ERROR",
                    "thread": "task-executor-2",
                    "class": "c.z.s.service.impl.OrderTaskServiceImpl",
                    "message": "OrderTaskServiceImpl.autoCancel | 订单不存在，orderNo: PT629175896604985826248" }
                    
{
                    "app": "Crmeb",
                    "timestamp":"2025-11-04 18:17:05.174",
                    "level": "ERROR",
                    "thread": "task-executor-7",
                    "class": "c.z.s.service.impl.OrderTaskServiceImpl",
                    "message": "OrderTaskServiceImpl.autoCancel | 订单不存在，orderNo: PT629175896604985826248" }
                    
{
                    "app": "Crmeb",
                    "timestamp":"2025-11-04 18:20:03.130",
                    "level": "ERROR",
                    "thread": "task-executor-2",
                    "class": "c.z.s.service.impl.OrderTaskServiceImpl",
                    "message": "OrderTaskServiceImpl.autoCancel | 订单不存在，orderNo: PT629175896604985826248" }
                    
{
                    "app": "Crmeb",
                    "timestamp":"2025-11-04 18:21:00.023",
                    "level": "ERROR",
                    "thread": "task-executor-7",
                    "class": "c.z.s.service.impl.OrderTaskServiceImpl",
                    "message": "OrderTaskServiceImpl.autoCancel | 订单不存在，orderNo: PT629175896604985826248" }
                    
{
                    "app": "Crmeb",
                    "timestamp":"2025-11-04 18:22:00.027",
                    "level": "ERROR",
                    "thread": "task-executor-12",
                    "class": "c.z.s.service.impl.OrderTaskServiceImpl",
                    "message": "OrderTaskServiceImpl.autoCancel | 订单不存在，orderNo: PT629175896604985826248" }
                    
{
                    "app": "Crmeb",
                    "timestamp":"2025-11-04 18:23:00.029",
                    "level": "ERROR",
                    "thread": "task-executor-17",
                    "class": "c.z.s.service.impl.OrderTaskServiceImpl",
                    "message": "OrderTaskServiceImpl.autoCancel | 订单不存在，orderNo: PT629175896604985826248" }
                    
{
                    "app": "Crmeb",
                    "timestamp":"2025-11-04 18:24:00.031",
                    "level": "ERROR",
                    "thread": "task-executor-3",
                    "class": "c.z.s.service.impl.OrderTaskServiceImpl",
                    "message": "OrderTaskServiceImpl.autoCancel | 订单不存在，orderNo: PT629175896604985826248" }
                    
{
                    "app": "Crmeb",
                    "timestamp":"2025-11-04 18:25:00.027",
                    "level": "ERROR",
                    "thread": "task-executor-8",
                    "class": "c.z.s.service.impl.OrderTaskServiceImpl",
                    "message": "OrderTaskServiceImpl.autoCancel | 订单不存在，orderNo: PT629175896604985826248" }
                    
{
                    "app": "Crmeb",
                    "timestamp":"2025-11-04 18:26:00.022",
                    "level": "ERROR",
                    "thread": "task-executor-13",
                    "class": "c.z.s.service.impl.OrderTaskServiceImpl",
                    "message": "OrderTaskServiceImpl.autoCancel | 订单不存在，orderNo: PT629175896604985826248" }
                    
{
                    "app": "Crmeb",
                    "timestamp":"2025-11-04 18:27:00.026",
                    "level": "ERROR",
                    "thread": "task-executor-18",
                    "class": "c.z.s.service.impl.OrderTaskServiceImpl",
                    "message": "OrderTaskServiceImpl.autoCancel | 订单不存在，orderNo: PT629175896604985826248" }
                    
{
                    "app": "Crmeb",
                    "timestamp":"2025-11-04 18:28:00.025",
                    "level": "ERROR",
                    "thread": "task-executor-4",
                    "class": "c.z.s.service.impl.OrderTaskServiceImpl",
                    "message": "OrderTaskServiceImpl.autoCancel | 订单不存在，orderNo: PT629175896604985826248" }
                    
{
                    "app": "Crmeb",
                    "timestamp":"2025-11-04 18:29:00.029",
                    "level": "ERROR",
                    "thread": "task-executor-7",
                    "class": "c.z.s.service.impl.OrderTaskServiceImpl",
                    "message": "OrderTaskServiceImpl.autoCancel | 订单不存在，orderNo: PT629175896604985826248" }
                    
{
                    "app": "Crmeb",
                    "timestamp":"2025-11-04 18:30:00.027",
                    "level": "ERROR",
                    "thread": "task-executor-14",
                    "class": "c.z.s.service.impl.OrderTaskServiceImpl",
                    "message": "OrderTaskServiceImpl.autoCancel | 订单不存在，orderNo: PT629175896604985826248" }
                    
{
                    "app": "Crmeb",
                    "timestamp":"2025-11-04 18:31:00.039",
                    "level": "ERROR",
                    "thread": "task-executor-17",
                    "class": "c.z.s.service.impl.OrderTaskServiceImpl",
                    "message": "OrderTaskServiceImpl.autoCancel | 订单不存在，orderNo: PT629175896604985826248" }
                    
{
                    "app": "Crmeb",
                    "timestamp":"2025-11-04 18:32:00.027",
                    "level": "ERROR",
                    "thread": "task-executor-5",
                    "class": "c.z.s.service.impl.OrderTaskServiceImpl",
                    "message": "OrderTaskServiceImpl.autoCancel | 订单不存在，orderNo: PT629175896604985826248" }
                    
{
                    "app": "Crmeb",
                    "timestamp":"2025-11-04 18:33:00.020",
                    "level": "ERROR",
                    "thread": "task-executor-8",
                    "class": "c.z.s.service.impl.OrderTaskServiceImpl",
                    "message": "OrderTaskServiceImpl.autoCancel | 订单不存在，orderNo: PT629175896604985826248" }
                    
{
                    "app": "Crmeb",
                    "timestamp":"2025-11-04 18:34:00.031",
                    "level": "ERROR",
                    "thread": "task-executor-12",
                    "class": "c.z.s.service.impl.OrderTaskServiceImpl",
                    "message": "OrderTaskServiceImpl.autoCancel | 订单不存在，orderNo: PT629175896604985826248" }
                    
{
                    "app": "Crmeb",
                    "timestamp":"2025-11-04 18:35:00.027",
                    "level": "ERROR",
                    "thread": "task-executor-19",
                    "class": "c.z.s.service.impl.OrderTaskServiceImpl",
                    "message": "OrderTaskServiceImpl.autoCancel | 订单不存在，orderNo: PT629175896604985826248" }
                    
{
                    "app": "Crmeb",
                    "timestamp":"2025-11-04 18:36:00.040",
                    "level": "ERROR",
                    "thread": "task-executor-4",
                    "class": "c.z.s.service.impl.OrderTaskServiceImpl",
                    "message": "OrderTaskServiceImpl.autoCancel | 订单不存在，orderNo: PT629175896604985826248" }
                    
{
                    "app": "Crmeb",
                    "timestamp":"2025-11-04 18:37:00.017",
                    "level": "ERROR",
                    "thread": "task-executor-9",
                    "class": "c.z.s.service.impl.OrderTaskServiceImpl",
                    "message": "OrderTaskServiceImpl.autoCancel | 订单不存在，orderNo: PT629175896604985826248" }
                    
{
                    "app": "Crmeb",
                    "timestamp":"2025-11-04 18:38:00.025",
                    "level": "ERROR",
                    "thread": "task-executor-12",
                    "class": "c.z.s.service.impl.OrderTaskServiceImpl",
                    "message": "OrderTaskServiceImpl.autoCancel | 订单不存在，orderNo: PT629175896604985826248" }
                    
{
                    "app": "Crmeb",
                    "timestamp":"2025-11-04 18:39:00.021",
                    "level": "ERROR",
                    "thread": "task-executor-19",
                    "class": "c.z.s.service.impl.OrderTaskServiceImpl",
                    "message": "OrderTaskServiceImpl.autoCancel | 订单不存在，orderNo: PT629175896604985826248" }
                    
{
                    "app": "Crmeb",
                    "timestamp":"2025-11-04 18:40:00.025",
                    "level": "ERROR",
                    "thread": "task-executor-4",
                    "class": "c.z.s.service.impl.OrderTaskServiceImpl",
                    "message": "OrderTaskServiceImpl.autoCancel | 订单不存在，orderNo: PT629175896604985826248" }
                    
{
                    "app": "Crmeb",
                    "timestamp":"2025-11-04 18:41:00.021",
                    "level": "ERROR",
                    "thread": "task-executor-9",
                    "class": "c.z.s.service.impl.OrderTaskServiceImpl",
                    "message": "OrderTaskServiceImpl.autoCancel | 订单不存在，orderNo: PT629175896604985826248" }
                    
{
                    "app": "Crmeb",
                    "timestamp":"2025-11-04 18:42:00.012",
                    "level": "ERROR",
                    "thread": "task-executor-12",
                    "class": "c.z.s.service.impl.OrderTaskServiceImpl",
                    "message": "OrderTaskServiceImpl.autoCancel | 订单不存在，orderNo: PT629175896604985826248" }
                    
{
                    "app": "Crmeb",
                    "timestamp":"2025-11-04 18:43:00.034",
                    "level": "ERROR",
                    "thread": "task-executor-19",
                    "class": "c.z.s.service.impl.OrderTaskServiceImpl",
                    "message": "OrderTaskServiceImpl.autoCancel | 订单不存在，orderNo: PT629175896604985826248" }
                    
