{
                    "app": "Crmeb",
                    "timestamp":"2025-09-26 09:32:04.653",
                    "level": "ERROR",
                    "thread": "task-executor-3",
                    "class": "c.zbkj.admin.task.order.OrderCancelTask",
                    "message": "OrderCancelTask.task | msg : Cannot get Jedis connection; nested exception is redis.clients.jedis.exceptions.JedisConnectionException: Could not get a resource from the pool" }
                    
{
                    "app": "Crmeb",
                    "timestamp":"2025-09-26 09:32:04.658",
                    "level": "ERROR",
                    "thread": "task-executor-2",
                    "class": "c.z.admin.task.order.OrderAutoCancelTask",
                    "message": "OrderAutoCancelTask.task | msg : Cannot get Jedis connection; nested exception is redis.clients.jedis.exceptions.JedisConnectionException: Could not get a resource from the pool" }
                    
{
                    "app": "Crmeb",
                    "timestamp":"2025-09-26 09:32:04.678",
                    "level": "ERROR",
                    "thread": "task-executor-4",
                    "class": "c.z.admin.task.order.OrderPaySuccessTask",
                    "message": "OrderPaySuccessTask.task | msg : Cannot get Jedis connection; nested exception is redis.clients.jedis.exceptions.JedisConnectionException: Could not get a resource from the pool" }
                    
{
                    "app": "Crmeb",
                    "timestamp":"2025-09-26 09:32:04.684",
                    "level": "ERROR",
                    "thread": "task-executor-5",
                    "class": "c.zbkj.admin.task.order.OrderRefundTask",
                    "message": "OrderRefundTask.task | msg : Cannot get Jedis connection; nested exception is redis.clients.jedis.exceptions.JedisConnectionException: Could not get a resource from the pool" }
                    
{
                    "app": "Crmeb",
                    "timestamp":"2025-09-26 09:32:04.700",
                    "level": "ERROR",
                    "thread": "task-executor-6",
                    "class": "c.z.admin.task.statistics.StatisticsTask",
                    "message": "StatisticsTask.task | msg : Cannot get Jedis connection; nested exception is redis.clients.jedis.exceptions.JedisConnectionException: Could not get a resource from the pool" }
                    
{
                    "app": "Crmeb",
                    "timestamp":"2025-09-27 10:49:07.763",
                    "level": "ERROR",
                    "thread": "main",
                    "class": "o.s.b.d.LoggingFailureAnalysisReporter",
                    "message": "

***************************
APPLICATION FAILED TO START
***************************

Description:

Web server failed to start. Port 20008 was already in use.

Action:

Identify and stop the process that's listening on port 20008 or configure this application to listen on another port.
" }
                    
{
                    "app": "Crmeb",
                    "timestamp":"2025-09-27 15:28:04.875",
                    "level": "ERROR",
                    "thread": "main",
                    "class": "o.s.b.d.LoggingFailureAnalysisReporter",
                    "message": "

***************************
APPLICATION FAILED TO START
***************************

Description:

Web server failed to start. Port 20008 was already in use.

Action:

Identify and stop the process that's listening on port 20008 or configure this application to listen on another port.
" }
                    
{
                    "app": "Crmeb",
                    "timestamp":"2025-09-27 18:37:00.026",
                    "level": "ERROR",
                    "thread": "task-executor-16",
                    "class": "c.z.s.service.impl.OrderTaskServiceImpl",
                    "message": "OrderTaskServiceImpl.autoCancel | 订单不存在，orderNo: PT629175896604985826248" }
                    
{
                    "app": "Crmeb",
                    "timestamp":"2025-09-27 18:38:00.020",
                    "level": "ERROR",
                    "thread": "task-executor-4",
                    "class": "c.z.s.service.impl.OrderTaskServiceImpl",
                    "message": "OrderTaskServiceImpl.autoCancel | 订单不存在，orderNo: PT629175896604985826248" }
                    
{
                    "app": "Crmeb",
                    "timestamp":"2025-09-27 18:39:00.026",
                    "level": "ERROR",
                    "thread": "task-executor-7",
                    "class": "c.z.s.service.impl.OrderTaskServiceImpl",
                    "message": "OrderTaskServiceImpl.autoCancel | 订单不存在，orderNo: PT629175896604985826248" }
                    
{
                    "app": "Crmeb",
                    "timestamp":"2025-09-27 18:40:00.019",
                    "level": "ERROR",
                    "thread": "task-executor-13",
                    "class": "c.z.s.service.impl.OrderTaskServiceImpl",
                    "message": "OrderTaskServiceImpl.autoCancel | 订单不存在，orderNo: PT629175896604985826248" }
                    
{
                    "app": "Crmeb",
                    "timestamp":"2025-09-27 18:41:00.031",
                    "level": "ERROR",
                    "thread": "task-executor-18",
                    "class": "c.z.s.service.impl.OrderTaskServiceImpl",
                    "message": "OrderTaskServiceImpl.autoCancel | 订单不存在，orderNo: PT629175896604985826248" }
                    
{
                    "app": "Crmeb",
                    "timestamp":"2025-09-27 18:42:00.031",
                    "level": "ERROR",
                    "thread": "task-executor-2",
                    "class": "c.z.s.service.impl.OrderTaskServiceImpl",
                    "message": "OrderTaskServiceImpl.autoCancel | 订单不存在，orderNo: PT629175896604985826248" }
                    
{
                    "app": "Crmeb",
                    "timestamp":"2025-09-27 18:43:00.033",
                    "level": "ERROR",
                    "thread": "task-executor-13",
                    "class": "c.z.s.service.impl.OrderTaskServiceImpl",
                    "message": "OrderTaskServiceImpl.autoCancel | 订单不存在，orderNo: PT629175896604985826248" }
                    
{
                    "app": "Crmeb",
                    "timestamp":"2025-09-27 18:44:00.031",
                    "level": "ERROR",
                    "thread": "task-executor-19",
                    "class": "c.z.s.service.impl.OrderTaskServiceImpl",
                    "message": "OrderTaskServiceImpl.autoCancel | 订单不存在，orderNo: PT629175896604985826248" }
                    
{
                    "app": "Crmeb",
                    "timestamp":"2025-09-27 18:45:00.036",
                    "level": "ERROR",
                    "thread": "task-executor-9",
                    "class": "c.z.s.service.impl.OrderTaskServiceImpl",
                    "message": "OrderTaskServiceImpl.autoCancel | 订单不存在，orderNo: PT629175896604985826248" }
                    
{
                    "app": "Crmeb",
                    "timestamp":"2025-09-27 18:46:00.028",
                    "level": "ERROR",
                    "thread": "task-executor-12",
                    "class": "c.z.s.service.impl.OrderTaskServiceImpl",
                    "message": "OrderTaskServiceImpl.autoCancel | 订单不存在，orderNo: PT629175896604985826248" }
                    
{
                    "app": "Crmeb",
                    "timestamp":"2025-09-27 18:47:00.029",
                    "level": "ERROR",
                    "thread": "task-executor-18",
                    "class": "c.z.s.service.impl.OrderTaskServiceImpl",
                    "message": "OrderTaskServiceImpl.autoCancel | 订单不存在，orderNo: PT629175896604985826248" }
                    
{
                    "app": "Crmeb",
                    "timestamp":"2025-09-27 18:48:00.014",
                    "level": "ERROR",
                    "thread": "task-executor-1",
                    "class": "c.z.s.service.impl.OrderTaskServiceImpl",
                    "message": "OrderTaskServiceImpl.autoCancel | 订单不存在，orderNo: PT629175896604985826248" }
                    
{
                    "app": "Crmeb",
                    "timestamp":"2025-09-27 18:49:00.026",
                    "level": "ERROR",
                    "thread": "task-executor-8",
                    "class": "c.z.s.service.impl.OrderTaskServiceImpl",
                    "message": "OrderTaskServiceImpl.autoCancel | 订单不存在，orderNo: PT629175896604985826248" }
                    
{
                    "app": "Crmeb",
                    "timestamp":"2025-09-27 18:50:00.015",
                    "level": "ERROR",
                    "thread": "task-executor-12",
                    "class": "c.z.s.service.impl.OrderTaskServiceImpl",
                    "message": "OrderTaskServiceImpl.autoCancel | 订单不存在，orderNo: PT629175896604985826248" }
                    
{
                    "app": "Crmeb",
                    "timestamp":"2025-09-27 18:51:00.031",
                    "level": "ERROR",
                    "thread": "task-executor-18",
                    "class": "c.z.s.service.impl.OrderTaskServiceImpl",
                    "message": "OrderTaskServiceImpl.autoCancel | 订单不存在，orderNo: PT629175896604985826248" }
                    
{
                    "app": "Crmeb",
                    "timestamp":"2025-09-27 18:52:00.019",
                    "level": "ERROR",
                    "thread": "task-executor-1",
                    "class": "c.z.s.service.impl.OrderTaskServiceImpl",
                    "message": "OrderTaskServiceImpl.autoCancel | 订单不存在，orderNo: PT629175896604985826248" }
                    
{
                    "app": "Crmeb",
                    "timestamp":"2025-09-27 18:53:00.021",
                    "level": "ERROR",
                    "thread": "task-executor-8",
                    "class": "c.z.s.service.impl.OrderTaskServiceImpl",
                    "message": "OrderTaskServiceImpl.autoCancel | 订单不存在，orderNo: PT629175896604985826248" }
                    
{
                    "app": "Crmeb",
                    "timestamp":"2025-09-27 18:54:00.018",
                    "level": "ERROR",
                    "thread": "task-executor-12",
                    "class": "c.z.s.service.impl.OrderTaskServiceImpl",
                    "message": "OrderTaskServiceImpl.autoCancel | 订单不存在，orderNo: PT629175896604985826248" }
                    
{
                    "app": "Crmeb",
                    "timestamp":"2025-09-27 18:55:00.014",
                    "level": "ERROR",
                    "thread": "task-executor-18",
                    "class": "c.z.s.service.impl.OrderTaskServiceImpl",
                    "message": "OrderTaskServiceImpl.autoCancel | 订单不存在，orderNo: PT629175896604985826248" }
                    
{
                    "app": "Crmeb",
                    "timestamp":"2025-09-27 18:56:00.029",
                    "level": "ERROR",
                    "thread": "task-executor-1",
                    "class": "c.z.s.service.impl.OrderTaskServiceImpl",
                    "message": "OrderTaskServiceImpl.autoCancel | 订单不存在，orderNo: PT629175896604985826248" }
                    
{
                    "app": "Crmeb",
                    "timestamp":"2025-09-27 18:57:00.015",
                    "level": "ERROR",
                    "thread": "task-executor-8",
                    "class": "c.z.s.service.impl.OrderTaskServiceImpl",
                    "message": "OrderTaskServiceImpl.autoCancel | 订单不存在，orderNo: PT629175896604985826248" }
                    
{
                    "app": "Crmeb",
                    "timestamp":"2025-09-27 18:58:00.021",
                    "level": "ERROR",
                    "thread": "task-executor-12",
                    "class": "c.z.s.service.impl.OrderTaskServiceImpl",
                    "message": "OrderTaskServiceImpl.autoCancel | 订单不存在，orderNo: PT629175896604985826248" }
                    
{
                    "app": "Crmeb",
                    "timestamp":"2025-09-27 18:59:00.018",
                    "level": "ERROR",
                    "thread": "task-executor-18",
                    "class": "c.z.s.service.impl.OrderTaskServiceImpl",
                    "message": "OrderTaskServiceImpl.autoCancel | 订单不存在，orderNo: PT629175896604985826248" }
                    
{
                    "app": "Crmeb",
                    "timestamp":"2025-09-27 19:00:00.017",
                    "level": "ERROR",
                    "thread": "task-executor-1",
                    "class": "c.z.s.service.impl.OrderTaskServiceImpl",
                    "message": "OrderTaskServiceImpl.autoCancel | 订单不存在，orderNo: PT629175896604985826248" }
                    
{
                    "app": "Crmeb",
                    "timestamp":"2025-09-27 19:01:00.016",
                    "level": "ERROR",
                    "thread": "task-executor-8",
                    "class": "c.z.s.service.impl.OrderTaskServiceImpl",
                    "message": "OrderTaskServiceImpl.autoCancel | 订单不存在，orderNo: PT629175896604985826248" }
                    
{
                    "app": "Crmeb",
                    "timestamp":"2025-09-27 19:02:00.015",
                    "level": "ERROR",
                    "thread": "task-executor-12",
                    "class": "c.z.s.service.impl.OrderTaskServiceImpl",
                    "message": "OrderTaskServiceImpl.autoCancel | 订单不存在，orderNo: PT629175896604985826248" }
                    
{
                    "app": "Crmeb",
                    "timestamp":"2025-09-27 19:03:00.017",
                    "level": "ERROR",
                    "thread": "task-executor-18",
                    "class": "c.z.s.service.impl.OrderTaskServiceImpl",
                    "message": "OrderTaskServiceImpl.autoCancel | 订单不存在，orderNo: PT629175896604985826248" }
                    
{
                    "app": "Crmeb",
                    "timestamp":"2025-09-27 19:04:00.032",
                    "level": "ERROR",
                    "thread": "task-executor-1",
                    "class": "c.z.s.service.impl.OrderTaskServiceImpl",
                    "message": "OrderTaskServiceImpl.autoCancel | 订单不存在，orderNo: PT629175896604985826248" }
                    
{
                    "app": "Crmeb",
                    "timestamp":"2025-09-27 19:05:00.027",
                    "level": "ERROR",
                    "thread": "task-executor-8",
                    "class": "c.z.s.service.impl.OrderTaskServiceImpl",
                    "message": "OrderTaskServiceImpl.autoCancel | 订单不存在，orderNo: PT629175896604985826248" }
                    
{
                    "app": "Crmeb",
                    "timestamp":"2025-09-27 19:06:00.019",
                    "level": "ERROR",
                    "thread": "task-executor-12",
                    "class": "c.z.s.service.impl.OrderTaskServiceImpl",
                    "message": "OrderTaskServiceImpl.autoCancel | 订单不存在，orderNo: PT629175896604985826248" }
                    
{
                    "app": "Crmeb",
                    "timestamp":"2025-09-27 19:07:00.020",
                    "level": "ERROR",
                    "thread": "task-executor-18",
                    "class": "c.z.s.service.impl.OrderTaskServiceImpl",
                    "message": "OrderTaskServiceImpl.autoCancel | 订单不存在，orderNo: PT629175896604985826248" }
                    
{
                    "app": "Crmeb",
                    "timestamp":"2025-09-27 19:08:00.015",
                    "level": "ERROR",
                    "thread": "task-executor-1",
                    "class": "c.z.s.service.impl.OrderTaskServiceImpl",
                    "message": "OrderTaskServiceImpl.autoCancel | 订单不存在，orderNo: PT629175896604985826248" }
                    
{
                    "app": "Crmeb",
                    "timestamp":"2025-09-27 19:09:00.026",
                    "level": "ERROR",
                    "thread": "task-executor-8",
                    "class": "c.z.s.service.impl.OrderTaskServiceImpl",
                    "message": "OrderTaskServiceImpl.autoCancel | 订单不存在，orderNo: PT629175896604985826248" }
                    
{
                    "app": "Crmeb",
                    "timestamp":"2025-09-27 19:10:00.016",
                    "level": "ERROR",
                    "thread": "task-executor-12",
                    "class": "c.z.s.service.impl.OrderTaskServiceImpl",
                    "message": "OrderTaskServiceImpl.autoCancel | 订单不存在，orderNo: PT629175896604985826248" }
                    
{
                    "app": "Crmeb",
                    "timestamp":"2025-09-27 19:11:00.035",
                    "level": "ERROR",
                    "thread": "task-executor-18",
                    "class": "c.z.s.service.impl.OrderTaskServiceImpl",
                    "message": "OrderTaskServiceImpl.autoCancel | 订单不存在，orderNo: PT629175896604985826248" }
                    
{
                    "app": "Crmeb",
                    "timestamp":"2025-09-27 19:12:00.021",
                    "level": "ERROR",
                    "thread": "task-executor-1",
                    "class": "c.z.s.service.impl.OrderTaskServiceImpl",
                    "message": "OrderTaskServiceImpl.autoCancel | 订单不存在，orderNo: PT629175896604985826248" }
                    
{
                    "app": "Crmeb",
                    "timestamp":"2025-09-27 19:13:00.020",
                    "level": "ERROR",
                    "thread": "task-executor-8",
                    "class": "c.z.s.service.impl.OrderTaskServiceImpl",
                    "message": "OrderTaskServiceImpl.autoCancel | 订单不存在，orderNo: PT629175896604985826248" }
                    
{
                    "app": "Crmeb",
                    "timestamp":"2025-09-27 19:14:00.019",
                    "level": "ERROR",
                    "thread": "task-executor-12",
                    "class": "c.z.s.service.impl.OrderTaskServiceImpl",
                    "message": "OrderTaskServiceImpl.autoCancel | 订单不存在，orderNo: PT629175896604985826248" }
                    
{
                    "app": "Crmeb",
                    "timestamp":"2025-09-27 19:15:00.024",
                    "level": "ERROR",
                    "thread": "task-executor-18",
                    "class": "c.z.s.service.impl.OrderTaskServiceImpl",
                    "message": "OrderTaskServiceImpl.autoCancel | 订单不存在，orderNo: PT629175896604985826248" }
                    
{
                    "app": "Crmeb",
                    "timestamp":"2025-09-27 19:16:00.021",
                    "level": "ERROR",
                    "thread": "task-executor-1",
                    "class": "c.z.s.service.impl.OrderTaskServiceImpl",
                    "message": "OrderTaskServiceImpl.autoCancel | 订单不存在，orderNo: PT629175896604985826248" }
                    
{
                    "app": "Crmeb",
                    "timestamp":"2025-09-27 19:17:00.020",
                    "level": "ERROR",
                    "thread": "task-executor-8",
                    "class": "c.z.s.service.impl.OrderTaskServiceImpl",
                    "message": "OrderTaskServiceImpl.autoCancel | 订单不存在，orderNo: PT629175896604985826248" }
                    
{
                    "app": "Crmeb",
                    "timestamp":"2025-09-27 19:20:21.292",
                    "level": "ERROR",
                    "thread": "task-executor-2",
                    "class": "c.z.s.service.impl.OrderTaskServiceImpl",
                    "message": "OrderTaskServiceImpl.autoCancel | 订单不存在，orderNo: PT629175896604985826248" }
                    
{
                    "app": "Crmeb",
                    "timestamp":"2025-09-27 19:21:00.034",
                    "level": "ERROR",
                    "thread": "task-executor-7",
                    "class": "c.z.s.service.impl.OrderTaskServiceImpl",
                    "message": "OrderTaskServiceImpl.autoCancel | 订单不存在，orderNo: PT629175896604985826248" }
                    
{
                    "app": "Crmeb",
                    "timestamp":"2025-09-27 19:22:00.033",
                    "level": "ERROR",
                    "thread": "task-executor-12",
                    "class": "c.z.s.service.impl.OrderTaskServiceImpl",
                    "message": "OrderTaskServiceImpl.autoCancel | 订单不存在，orderNo: PT629175896604985826248" }
                    
{
                    "app": "Crmeb",
                    "timestamp":"2025-09-27 19:23:00.097",
                    "level": "ERROR",
                    "thread": "task-executor-2",
                    "class": "c.z.s.service.impl.OrderTaskServiceImpl",
                    "message": "OrderTaskServiceImpl.autoCancel | 订单不存在，orderNo: PT629175896604985826248" }
                    
{
                    "app": "Crmeb",
                    "timestamp":"2025-09-27 19:24:00.028",
                    "level": "ERROR",
                    "thread": "task-executor-7",
                    "class": "c.z.s.service.impl.OrderTaskServiceImpl",
                    "message": "OrderTaskServiceImpl.autoCancel | 订单不存在，orderNo: PT629175896604985826248" }
                    
{
                    "app": "Crmeb",
                    "timestamp":"2025-09-27 19:25:00.039",
                    "level": "ERROR",
                    "thread": "task-executor-12",
                    "class": "c.z.s.service.impl.OrderTaskServiceImpl",
                    "message": "OrderTaskServiceImpl.autoCancel | 订单不存在，orderNo: PT629175896604985826248" }
                    
{
                    "app": "Crmeb",
                    "timestamp":"2025-09-27 19:26:00.030",
                    "level": "ERROR",
                    "thread": "task-executor-17",
                    "class": "c.z.s.service.impl.OrderTaskServiceImpl",
                    "message": "OrderTaskServiceImpl.autoCancel | 订单不存在，orderNo: PT629175896604985826248" }
                    
{
                    "app": "Crmeb",
                    "timestamp":"2025-09-27 19:27:00.029",
                    "level": "ERROR",
                    "thread": "task-executor-4",
                    "class": "c.z.s.service.impl.OrderTaskServiceImpl",
                    "message": "OrderTaskServiceImpl.autoCancel | 订单不存在，orderNo: PT629175896604985826248" }
                    
{
                    "app": "Crmeb",
                    "timestamp":"2025-09-27 19:28:00.036",
                    "level": "ERROR",
                    "thread": "task-executor-7",
                    "class": "c.z.s.service.impl.OrderTaskServiceImpl",
                    "message": "OrderTaskServiceImpl.autoCancel | 订单不存在，orderNo: PT629175896604985826248" }
                    
{
                    "app": "Crmeb",
                    "timestamp":"2025-09-27 19:33:15.189",
                    "level": "ERROR",
                    "thread": "task-executor-2",
                    "class": "c.z.s.service.impl.OrderTaskServiceImpl",
                    "message": "OrderTaskServiceImpl.autoCancel | 订单不存在，orderNo: PT629175896604985826248" }
                    
{
                    "app": "Crmeb",
                    "timestamp":"2025-09-27 19:34:00.039",
                    "level": "ERROR",
                    "thread": "task-executor-7",
                    "class": "c.z.s.service.impl.OrderTaskServiceImpl",
                    "message": "OrderTaskServiceImpl.autoCancel | 订单不存在，orderNo: PT629175896604985826248" }
                    
{
                    "app": "Crmeb",
                    "timestamp":"2025-09-27 19:35:00.031",
                    "level": "ERROR",
                    "thread": "task-executor-12",
                    "class": "c.z.s.service.impl.OrderTaskServiceImpl",
                    "message": "OrderTaskServiceImpl.autoCancel | 订单不存在，orderNo: PT629175896604985826248" }
                    
{
                    "app": "Crmeb",
                    "timestamp":"2025-09-27 19:36:00.027",
                    "level": "ERROR",
                    "thread": "task-executor-17",
                    "class": "c.z.s.service.impl.OrderTaskServiceImpl",
                    "message": "OrderTaskServiceImpl.autoCancel | 订单不存在，orderNo: PT629175896604985826248" }
                    
{
                    "app": "Crmeb",
                    "timestamp":"2025-09-27 19:37:00.047",
                    "level": "ERROR",
                    "thread": "task-executor-4",
                    "class": "c.z.s.service.impl.OrderTaskServiceImpl",
                    "message": "OrderTaskServiceImpl.autoCancel | 订单不存在，orderNo: PT629175896604985826248" }
                    
{
                    "app": "Crmeb",
                    "timestamp":"2025-09-27 19:38:00.101",
                    "level": "ERROR",
                    "thread": "task-executor-2",
                    "class": "c.z.s.service.impl.OrderTaskServiceImpl",
                    "message": "OrderTaskServiceImpl.autoCancel | 订单不存在，orderNo: PT629175896604985826248" }
                    
{
                    "app": "Crmeb",
                    "timestamp":"2025-09-27 19:39:00.034",
                    "level": "ERROR",
                    "thread": "task-executor-7",
                    "class": "c.z.s.service.impl.OrderTaskServiceImpl",
                    "message": "OrderTaskServiceImpl.autoCancel | 订单不存在，orderNo: PT629175896604985826248" }
                    
{
                    "app": "Crmeb",
                    "timestamp":"2025-09-27 19:40:00.028",
                    "level": "ERROR",
                    "thread": "task-executor-12",
                    "class": "c.z.s.service.impl.OrderTaskServiceImpl",
                    "message": "OrderTaskServiceImpl.autoCancel | 订单不存在，orderNo: PT629175896604985826248" }
                    
{
                    "app": "Crmeb",
                    "timestamp":"2025-09-27 19:41:00.027",
                    "level": "ERROR",
                    "thread": "task-executor-17",
                    "class": "c.z.s.service.impl.OrderTaskServiceImpl",
                    "message": "OrderTaskServiceImpl.autoCancel | 订单不存在，orderNo: PT629175896604985826248" }
                    
{
                    "app": "Crmeb",
                    "timestamp":"2025-09-27 19:42:00.015",
                    "level": "ERROR",
                    "thread": "task-executor-4",
                    "class": "c.z.s.service.impl.OrderTaskServiceImpl",
                    "message": "OrderTaskServiceImpl.autoCancel | 订单不存在，orderNo: PT629175896604985826248" }
                    
{
                    "app": "Crmeb",
                    "timestamp":"2025-09-27 19:43:00.025",
                    "level": "ERROR",
                    "thread": "task-executor-8",
                    "class": "c.z.s.service.impl.OrderTaskServiceImpl",
                    "message": "OrderTaskServiceImpl.autoCancel | 订单不存在，orderNo: PT629175896604985826248" }
                    
{
                    "app": "Crmeb",
                    "timestamp":"2025-09-27 19:44:00.031",
                    "level": "ERROR",
                    "thread": "task-executor-12",
                    "class": "c.z.s.service.impl.OrderTaskServiceImpl",
                    "message": "OrderTaskServiceImpl.autoCancel | 订单不存在，orderNo: PT629175896604985826248" }
                    
{
                    "app": "Crmeb",
                    "timestamp":"2025-09-27 19:45:00.033",
                    "level": "ERROR",
                    "thread": "task-executor-17",
                    "class": "c.z.s.service.impl.OrderTaskServiceImpl",
                    "message": "OrderTaskServiceImpl.autoCancel | 订单不存在，orderNo: PT629175896604985826248" }
                    
{
                    "app": "Crmeb",
                    "timestamp":"2025-09-27 19:46:00.024",
                    "level": "ERROR",
                    "thread": "task-executor-4",
                    "class": "c.z.s.service.impl.OrderTaskServiceImpl",
                    "message": "OrderTaskServiceImpl.autoCancel | 订单不存在，orderNo: PT629175896604985826248" }
                    
{
                    "app": "Crmeb",
                    "timestamp":"2025-09-27 19:47:00.030",
                    "level": "ERROR",
                    "thread": "task-executor-8",
                    "class": "c.z.s.service.impl.OrderTaskServiceImpl",
                    "message": "OrderTaskServiceImpl.autoCancel | 订单不存在，orderNo: PT629175896604985826248" }
                    
{
                    "app": "Crmeb",
                    "timestamp":"2025-09-27 19:48:00.024",
                    "level": "ERROR",
                    "thread": "task-executor-12",
                    "class": "c.z.s.service.impl.OrderTaskServiceImpl",
                    "message": "OrderTaskServiceImpl.autoCancel | 订单不存在，orderNo: PT629175896604985826248" }
                    
{
                    "app": "Crmeb",
                    "timestamp":"2025-09-27 19:57:48.284",
                    "level": "ERROR",
                    "thread": "task-executor-2",
                    "class": "c.z.s.service.impl.OrderTaskServiceImpl",
                    "message": "OrderTaskServiceImpl.autoCancel | 订单不存在，orderNo: PT629175896604985826248" }
                    
{
                    "app": "Crmeb",
                    "timestamp":"2025-09-27 19:58:00.033",
                    "level": "ERROR",
                    "thread": "task-executor-7",
                    "class": "c.z.s.service.impl.OrderTaskServiceImpl",
                    "message": "OrderTaskServiceImpl.autoCancel | 订单不存在，orderNo: PT629175896604985826248" }
                    
{
                    "app": "Crmeb",
                    "timestamp":"2025-09-27 19:59:00.037",
                    "level": "ERROR",
                    "thread": "task-executor-12",
                    "class": "c.z.s.service.impl.OrderTaskServiceImpl",
                    "message": "OrderTaskServiceImpl.autoCancel | 订单不存在，orderNo: PT629175896604985826248" }
                    
{
                    "app": "Crmeb",
                    "timestamp":"2025-09-27 20:00:00.030",
                    "level": "ERROR",
                    "thread": "task-executor-17",
                    "class": "c.z.s.service.impl.OrderTaskServiceImpl",
                    "message": "OrderTaskServiceImpl.autoCancel | 订单不存在，orderNo: PT629175896604985826248" }
                    
{
                    "app": "Crmeb",
                    "timestamp":"2025-09-27 20:01:00.032",
                    "level": "ERROR",
                    "thread": "task-executor-3",
                    "class": "c.z.s.service.impl.OrderTaskServiceImpl",
                    "message": "OrderTaskServiceImpl.autoCancel | 订单不存在，orderNo: PT629175896604985826248" }
                    
{
                    "app": "Crmeb",
                    "timestamp":"2025-09-27 20:02:00.043",
                    "level": "ERROR",
                    "thread": "task-executor-8",
                    "class": "c.z.s.service.impl.OrderTaskServiceImpl",
                    "message": "OrderTaskServiceImpl.autoCancel | 订单不存在，orderNo: PT629175896604985826248" }
                    
{
                    "app": "Crmeb",
                    "timestamp":"2025-09-27 20:03:00.031",
                    "level": "ERROR",
                    "thread": "task-executor-13",
                    "class": "c.z.s.service.impl.OrderTaskServiceImpl",
                    "message": "OrderTaskServiceImpl.autoCancel | 订单不存在，orderNo: PT629175896604985826248" }
                    
{
                    "app": "Crmeb",
                    "timestamp":"2025-09-27 20:04:00.029",
                    "level": "ERROR",
                    "thread": "task-executor-18",
                    "class": "c.z.s.service.impl.OrderTaskServiceImpl",
                    "message": "OrderTaskServiceImpl.autoCancel | 订单不存在，orderNo: PT629175896604985826248" }
                    
{
                    "app": "Crmeb",
                    "timestamp":"2025-09-27 20:05:00.032",
                    "level": "ERROR",
                    "thread": "task-executor-4",
                    "class": "c.z.s.service.impl.OrderTaskServiceImpl",
                    "message": "OrderTaskServiceImpl.autoCancel | 订单不存在，orderNo: PT629175896604985826248" }
                    
{
                    "app": "Crmeb",
                    "timestamp":"2025-09-27 20:06:00.026",
                    "level": "ERROR",
                    "thread": "task-executor-7",
                    "class": "c.z.s.service.impl.OrderTaskServiceImpl",
                    "message": "OrderTaskServiceImpl.autoCancel | 订单不存在，orderNo: PT629175896604985826248" }
                    
{
                    "app": "Crmeb",
                    "timestamp":"2025-09-27 20:07:00.031",
                    "level": "ERROR",
                    "thread": "task-executor-12",
                    "class": "c.z.s.service.impl.OrderTaskServiceImpl",
                    "message": "OrderTaskServiceImpl.autoCancel | 订单不存在，orderNo: PT629175896604985826248" }
                    
{
                    "app": "Crmeb",
                    "timestamp":"2025-09-27 20:08:00.030",
                    "level": "ERROR",
                    "thread": "task-executor-17",
                    "class": "c.z.s.service.impl.OrderTaskServiceImpl",
                    "message": "OrderTaskServiceImpl.autoCancel | 订单不存在，orderNo: PT629175896604985826248" }
                    
{
                    "app": "Crmeb",
                    "timestamp":"2025-09-27 20:09:00.023",
                    "level": "ERROR",
                    "thread": "task-executor-5",
                    "class": "c.z.s.service.impl.OrderTaskServiceImpl",
                    "message": "OrderTaskServiceImpl.autoCancel | 订单不存在，orderNo: PT629175896604985826248" }
                    
{
                    "app": "Crmeb",
                    "timestamp":"2025-09-27 20:10:00.021",
                    "level": "ERROR",
                    "thread": "task-executor-9",
                    "class": "c.z.s.service.impl.OrderTaskServiceImpl",
                    "message": "OrderTaskServiceImpl.autoCancel | 订单不存在，orderNo: PT629175896604985826248" }
                    
{
                    "app": "Crmeb",
                    "timestamp":"2025-09-27 20:11:00.034",
                    "level": "ERROR",
                    "thread": "task-executor-14",
                    "class": "c.z.s.service.impl.OrderTaskServiceImpl",
                    "message": "OrderTaskServiceImpl.autoCancel | 订单不存在，orderNo: PT629175896604985826248" }
                    
{
                    "app": "Crmeb",
                    "timestamp":"2025-09-27 20:12:00.024",
                    "level": "ERROR",
                    "thread": "task-executor-17",
                    "class": "c.z.s.service.impl.OrderTaskServiceImpl",
                    "message": "OrderTaskServiceImpl.autoCancel | 订单不存在，orderNo: PT629175896604985826248" }
                    
{
                    "app": "Crmeb",
                    "timestamp":"2025-09-27 20:13:00.026",
                    "level": "ERROR",
                    "thread": "task-executor-5",
                    "class": "c.z.s.service.impl.OrderTaskServiceImpl",
                    "message": "OrderTaskServiceImpl.autoCancel | 订单不存在，orderNo: PT629175896604985826248" }
                    
{
                    "app": "Crmeb",
                    "timestamp":"2025-09-27 20:14:00.028",
                    "level": "ERROR",
                    "thread": "task-executor-9",
                    "class": "c.z.s.service.impl.OrderTaskServiceImpl",
                    "message": "OrderTaskServiceImpl.autoCancel | 订单不存在，orderNo: PT629175896604985826248" }
                    
{
                    "app": "Crmeb",
                    "timestamp":"2025-09-27 20:15:00.029",
                    "level": "ERROR",
                    "thread": "task-executor-14",
                    "class": "c.z.s.service.impl.OrderTaskServiceImpl",
                    "message": "OrderTaskServiceImpl.autoCancel | 订单不存在，orderNo: PT629175896604985826248" }
                    
{
                    "app": "Crmeb",
                    "timestamp":"2025-09-27 20:16:00.024",
                    "level": "ERROR",
                    "thread": "task-executor-17",
                    "class": "c.z.s.service.impl.OrderTaskServiceImpl",
                    "message": "OrderTaskServiceImpl.autoCancel | 订单不存在，orderNo: PT629175896604985826248" }
                    
{
                    "app": "Crmeb",
                    "timestamp":"2025-09-27 20:17:00.019",
                    "level": "ERROR",
                    "thread": "task-executor-5",
                    "class": "c.z.s.service.impl.OrderTaskServiceImpl",
                    "message": "OrderTaskServiceImpl.autoCancel | 订单不存在，orderNo: PT629175896604985826248" }
                    
{
                    "app": "Crmeb",
                    "timestamp":"2025-09-27 20:18:00.020",
                    "level": "ERROR",
                    "thread": "task-executor-9",
                    "class": "c.z.s.service.impl.OrderTaskServiceImpl",
                    "message": "OrderTaskServiceImpl.autoCancel | 订单不存在，orderNo: PT629175896604985826248" }
                    
{
                    "app": "Crmeb",
                    "timestamp":"2025-09-27 20:19:00.019",
                    "level": "ERROR",
                    "thread": "task-executor-14",
                    "class": "c.z.s.service.impl.OrderTaskServiceImpl",
                    "message": "OrderTaskServiceImpl.autoCancel | 订单不存在，orderNo: PT629175896604985826248" }
                    
{
                    "app": "Crmeb",
                    "timestamp":"2025-09-27 20:20:00.018",
                    "level": "ERROR",
                    "thread": "task-executor-17",
                    "class": "c.z.s.service.impl.OrderTaskServiceImpl",
                    "message": "OrderTaskServiceImpl.autoCancel | 订单不存在，orderNo: PT629175896604985826248" }
                    
{
                    "app": "Crmeb",
                    "timestamp":"2025-09-27 20:21:00.020",
                    "level": "ERROR",
                    "thread": "task-executor-5",
                    "class": "c.z.s.service.impl.OrderTaskServiceImpl",
                    "message": "OrderTaskServiceImpl.autoCancel | 订单不存在，orderNo: PT629175896604985826248" }
                    
{
                    "app": "Crmeb",
                    "timestamp":"2025-09-27 20:22:00.024",
                    "level": "ERROR",
                    "thread": "task-executor-9",
                    "class": "c.z.s.service.impl.OrderTaskServiceImpl",
                    "message": "OrderTaskServiceImpl.autoCancel | 订单不存在，orderNo: PT629175896604985826248" }
                    
{
                    "app": "Crmeb",
                    "timestamp":"2025-09-27 20:23:00.035",
                    "level": "ERROR",
                    "thread": "task-executor-14",
                    "class": "c.z.s.service.impl.OrderTaskServiceImpl",
                    "message": "OrderTaskServiceImpl.autoCancel | 订单不存在，orderNo: PT629175896604985826248" }
                    
{
                    "app": "Crmeb",
                    "timestamp":"2025-09-27 20:24:00.015",
                    "level": "ERROR",
                    "thread": "task-executor-17",
                    "class": "c.z.s.service.impl.OrderTaskServiceImpl",
                    "message": "OrderTaskServiceImpl.autoCancel | 订单不存在，orderNo: PT629175896604985826248" }
                    
{
                    "app": "Crmeb",
                    "timestamp":"2025-09-27 20:25:00.030",
                    "level": "ERROR",
                    "thread": "task-executor-5",
                    "class": "c.z.s.service.impl.OrderTaskServiceImpl",
                    "message": "OrderTaskServiceImpl.autoCancel | 订单不存在，orderNo: PT629175896604985826248" }
                    
{
                    "app": "Crmeb",
                    "timestamp":"2025-09-27 20:26:00.020",
                    "level": "ERROR",
                    "thread": "task-executor-9",
                    "class": "c.z.s.service.impl.OrderTaskServiceImpl",
                    "message": "OrderTaskServiceImpl.autoCancel | 订单不存在，orderNo: PT629175896604985826248" }
                    
{
                    "app": "Crmeb",
                    "timestamp":"2025-09-27 20:27:00.034",
                    "level": "ERROR",
                    "thread": "task-executor-14",
                    "class": "c.z.s.service.impl.OrderTaskServiceImpl",
                    "message": "OrderTaskServiceImpl.autoCancel | 订单不存在，orderNo: PT629175896604985826248" }
                    
{
                    "app": "Crmeb",
                    "timestamp":"2025-09-27 20:28:00.026",
                    "level": "ERROR",
                    "thread": "task-executor-17",
                    "class": "c.z.s.service.impl.OrderTaskServiceImpl",
                    "message": "OrderTaskServiceImpl.autoCancel | 订单不存在，orderNo: PT629175896604985826248" }
                    
{
                    "app": "Crmeb",
                    "timestamp":"2025-09-27 20:29:00.023",
                    "level": "ERROR",
                    "thread": "task-executor-5",
                    "class": "c.z.s.service.impl.OrderTaskServiceImpl",
                    "message": "OrderTaskServiceImpl.autoCancel | 订单不存在，orderNo: PT629175896604985826248" }
                    
{
                    "app": "Crmeb",
                    "timestamp":"2025-09-27 20:30:00.021",
                    "level": "ERROR",
                    "thread": "task-executor-9",
                    "class": "c.z.s.service.impl.OrderTaskServiceImpl",
                    "message": "OrderTaskServiceImpl.autoCancel | 订单不存在，orderNo: PT629175896604985826248" }
                    
{
                    "app": "Crmeb",
                    "timestamp":"2025-09-27 20:31:00.018",
                    "level": "ERROR",
                    "thread": "task-executor-14",
                    "class": "c.z.s.service.impl.OrderTaskServiceImpl",
                    "message": "OrderTaskServiceImpl.autoCancel | 订单不存在，orderNo: PT629175896604985826248" }
                    
{
                    "app": "Crmeb",
                    "timestamp":"2025-09-27 20:32:00.033",
                    "level": "ERROR",
                    "thread": "task-executor-17",
                    "class": "c.z.s.service.impl.OrderTaskServiceImpl",
                    "message": "OrderTaskServiceImpl.autoCancel | 订单不存在，orderNo: PT629175896604985826248" }
                    
{
                    "app": "Crmeb",
                    "timestamp":"2025-09-27 20:33:00.023",
                    "level": "ERROR",
                    "thread": "task-executor-5",
                    "class": "c.z.s.service.impl.OrderTaskServiceImpl",
                    "message": "OrderTaskServiceImpl.autoCancel | 订单不存在，orderNo: PT629175896604985826248" }
                    
{
                    "app": "Crmeb",
                    "timestamp":"2025-09-27 20:34:00.025",
                    "level": "ERROR",
                    "thread": "task-executor-9",
                    "class": "c.z.s.service.impl.OrderTaskServiceImpl",
                    "message": "OrderTaskServiceImpl.autoCancel | 订单不存在，orderNo: PT629175896604985826248" }
                    
{
                    "app": "Crmeb",
                    "timestamp":"2025-09-27 20:35:00.036",
                    "level": "ERROR",
                    "thread": "task-executor-14",
                    "class": "c.z.s.service.impl.OrderTaskServiceImpl",
                    "message": "OrderTaskServiceImpl.autoCancel | 订单不存在，orderNo: PT629175896604985826248" }
                    
{
                    "app": "Crmeb",
                    "timestamp":"2025-09-27 20:36:00.032",
                    "level": "ERROR",
                    "thread": "task-executor-17",
                    "class": "c.z.s.service.impl.OrderTaskServiceImpl",
                    "message": "OrderTaskServiceImpl.autoCancel | 订单不存在，orderNo: PT629175896604985826248" }
                    
{
                    "app": "Crmeb",
                    "timestamp":"2025-09-27 20:37:00.034",
                    "level": "ERROR",
                    "thread": "task-executor-5",
                    "class": "c.z.s.service.impl.OrderTaskServiceImpl",
                    "message": "OrderTaskServiceImpl.autoCancel | 订单不存在，orderNo: PT629175896604985826248" }
                    
{
                    "app": "Crmeb",
                    "timestamp":"2025-09-27 20:38:00.022",
                    "level": "ERROR",
                    "thread": "task-executor-9",
                    "class": "c.z.s.service.impl.OrderTaskServiceImpl",
                    "message": "OrderTaskServiceImpl.autoCancel | 订单不存在，orderNo: PT629175896604985826248" }
                    
{
                    "app": "Crmeb",
                    "timestamp":"2025-09-27 20:39:00.018",
                    "level": "ERROR",
                    "thread": "task-executor-14",
                    "class": "c.z.s.service.impl.OrderTaskServiceImpl",
                    "message": "OrderTaskServiceImpl.autoCancel | 订单不存在，orderNo: PT629175896604985826248" }
                    
{
                    "app": "Crmeb",
                    "timestamp":"2025-09-27 20:40:00.024",
                    "level": "ERROR",
                    "thread": "task-executor-17",
                    "class": "c.z.s.service.impl.OrderTaskServiceImpl",
                    "message": "OrderTaskServiceImpl.autoCancel | 订单不存在，orderNo: PT629175896604985826248" }
                    
{
                    "app": "Crmeb",
                    "timestamp":"2025-09-27 20:41:00.028",
                    "level": "ERROR",
                    "thread": "task-executor-5",
                    "class": "c.z.s.service.impl.OrderTaskServiceImpl",
                    "message": "OrderTaskServiceImpl.autoCancel | 订单不存在，orderNo: PT629175896604985826248" }
                    
{
                    "app": "Crmeb",
                    "timestamp":"2025-09-27 20:42:00.025",
                    "level": "ERROR",
                    "thread": "task-executor-9",
                    "class": "c.z.s.service.impl.OrderTaskServiceImpl",
                    "message": "OrderTaskServiceImpl.autoCancel | 订单不存在，orderNo: PT629175896604985826248" }
                    
{
                    "app": "Crmeb",
                    "timestamp":"2025-09-27 20:43:00.024",
                    "level": "ERROR",
                    "thread": "task-executor-14",
                    "class": "c.z.s.service.impl.OrderTaskServiceImpl",
                    "message": "OrderTaskServiceImpl.autoCancel | 订单不存在，orderNo: PT629175896604985826248" }
                    
{
                    "app": "Crmeb",
                    "timestamp":"2025-09-27 20:44:00.014",
                    "level": "ERROR",
                    "thread": "task-executor-17",
                    "class": "c.z.s.service.impl.OrderTaskServiceImpl",
                    "message": "OrderTaskServiceImpl.autoCancel | 订单不存在，orderNo: PT629175896604985826248" }
                    
{
                    "app": "Crmeb",
                    "timestamp":"2025-09-27 20:45:00.024",
                    "level": "ERROR",
                    "thread": "task-executor-5",
                    "class": "c.z.s.service.impl.OrderTaskServiceImpl",
                    "message": "OrderTaskServiceImpl.autoCancel | 订单不存在，orderNo: PT629175896604985826248" }
                    
{
                    "app": "Crmeb",
                    "timestamp":"2025-09-27 20:46:00.019",
                    "level": "ERROR",
                    "thread": "task-executor-9",
                    "class": "c.z.s.service.impl.OrderTaskServiceImpl",
                    "message": "OrderTaskServiceImpl.autoCancel | 订单不存在，orderNo: PT629175896604985826248" }
                    
{
                    "app": "Crmeb",
                    "timestamp":"2025-09-27 20:47:00.030",
                    "level": "ERROR",
                    "thread": "task-executor-14",
                    "class": "c.z.s.service.impl.OrderTaskServiceImpl",
                    "message": "OrderTaskServiceImpl.autoCancel | 订单不存在，orderNo: PT629175896604985826248" }
                    
{
                    "app": "Crmeb",
                    "timestamp":"2025-09-27 20:48:00.020",
                    "level": "ERROR",
                    "thread": "task-executor-17",
                    "class": "c.z.s.service.impl.OrderTaskServiceImpl",
                    "message": "OrderTaskServiceImpl.autoCancel | 订单不存在，orderNo: PT629175896604985826248" }
                    
{
                    "app": "Crmeb",
                    "timestamp":"2025-09-27 20:49:00.027",
                    "level": "ERROR",
                    "thread": "task-executor-5",
                    "class": "c.z.s.service.impl.OrderTaskServiceImpl",
                    "message": "OrderTaskServiceImpl.autoCancel | 订单不存在，orderNo: PT629175896604985826248" }
                    
{
                    "app": "Crmeb",
                    "timestamp":"2025-09-27 20:50:00.026",
                    "level": "ERROR",
                    "thread": "task-executor-9",
                    "class": "c.z.s.service.impl.OrderTaskServiceImpl",
                    "message": "OrderTaskServiceImpl.autoCancel | 订单不存在，orderNo: PT629175896604985826248" }
                    
{
                    "app": "Crmeb",
                    "timestamp":"2025-09-27 20:51:00.015",
                    "level": "ERROR",
                    "thread": "task-executor-14",
                    "class": "c.z.s.service.impl.OrderTaskServiceImpl",
                    "message": "OrderTaskServiceImpl.autoCancel | 订单不存在，orderNo: PT629175896604985826248" }
                    
{
                    "app": "Crmeb",
                    "timestamp":"2025-09-27 20:52:00.022",
                    "level": "ERROR",
                    "thread": "task-executor-17",
                    "class": "c.z.s.service.impl.OrderTaskServiceImpl",
                    "message": "OrderTaskServiceImpl.autoCancel | 订单不存在，orderNo: PT629175896604985826248" }
                    
{
                    "app": "Crmeb",
                    "timestamp":"2025-09-27 20:53:00.023",
                    "level": "ERROR",
                    "thread": "task-executor-5",
                    "class": "c.z.s.service.impl.OrderTaskServiceImpl",
                    "message": "OrderTaskServiceImpl.autoCancel | 订单不存在，orderNo: PT629175896604985826248" }
                    
{
                    "app": "Crmeb",
                    "timestamp":"2025-09-27 20:54:00.020",
                    "level": "ERROR",
                    "thread": "task-executor-9",
                    "class": "c.z.s.service.impl.OrderTaskServiceImpl",
                    "message": "OrderTaskServiceImpl.autoCancel | 订单不存在，orderNo: PT629175896604985826248" }
                    
{
                    "app": "Crmeb",
                    "timestamp":"2025-09-27 20:55:00.022",
                    "level": "ERROR",
                    "thread": "task-executor-14",
                    "class": "c.z.s.service.impl.OrderTaskServiceImpl",
                    "message": "OrderTaskServiceImpl.autoCancel | 订单不存在，orderNo: PT629175896604985826248" }
                    
{
                    "app": "Crmeb",
                    "timestamp":"2025-09-27 20:56:00.022",
                    "level": "ERROR",
                    "thread": "task-executor-17",
                    "class": "c.z.s.service.impl.OrderTaskServiceImpl",
                    "message": "OrderTaskServiceImpl.autoCancel | 订单不存在，orderNo: PT629175896604985826248" }
                    
{
                    "app": "Crmeb",
                    "timestamp":"2025-09-27 20:57:00.015",
                    "level": "ERROR",
                    "thread": "task-executor-5",
                    "class": "c.z.s.service.impl.OrderTaskServiceImpl",
                    "message": "OrderTaskServiceImpl.autoCancel | 订单不存在，orderNo: PT629175896604985826248" }
                    
{
                    "app": "Crmeb",
                    "timestamp":"2025-09-27 20:58:00.026",
                    "level": "ERROR",
                    "thread": "task-executor-9",
                    "class": "c.z.s.service.impl.OrderTaskServiceImpl",
                    "message": "OrderTaskServiceImpl.autoCancel | 订单不存在，orderNo: PT629175896604985826248" }
                    
{
                    "app": "Crmeb",
                    "timestamp":"2025-09-27 20:59:00.012",
                    "level": "ERROR",
                    "thread": "task-executor-14",
                    "class": "c.z.s.service.impl.OrderTaskServiceImpl",
                    "message": "OrderTaskServiceImpl.autoCancel | 订单不存在，orderNo: PT629175896604985826248" }
                    
{
                    "app": "Crmeb",
                    "timestamp":"2025-09-27 21:00:00.022",
                    "level": "ERROR",
                    "thread": "task-executor-17",
                    "class": "c.z.s.service.impl.OrderTaskServiceImpl",
                    "message": "OrderTaskServiceImpl.autoCancel | 订单不存在，orderNo: PT629175896604985826248" }
                    
{
                    "app": "Crmeb",
                    "timestamp":"2025-09-27 21:01:00.022",
                    "level": "ERROR",
                    "thread": "task-executor-5",
                    "class": "c.z.s.service.impl.OrderTaskServiceImpl",
                    "message": "OrderTaskServiceImpl.autoCancel | 订单不存在，orderNo: PT629175896604985826248" }
                    
{
                    "app": "Crmeb",
                    "timestamp":"2025-09-27 21:02:00.026",
                    "level": "ERROR",
                    "thread": "task-executor-9",
                    "class": "c.z.s.service.impl.OrderTaskServiceImpl",
                    "message": "OrderTaskServiceImpl.autoCancel | 订单不存在，orderNo: PT629175896604985826248" }
                    
{
                    "app": "Crmeb",
                    "timestamp":"2025-09-27 21:03:00.025",
                    "level": "ERROR",
                    "thread": "task-executor-14",
                    "class": "c.z.s.service.impl.OrderTaskServiceImpl",
                    "message": "OrderTaskServiceImpl.autoCancel | 订单不存在，orderNo: PT629175896604985826248" }
                    
{
                    "app": "Crmeb",
                    "timestamp":"2025-09-27 21:04:00.016",
                    "level": "ERROR",
                    "thread": "task-executor-17",
                    "class": "c.z.s.service.impl.OrderTaskServiceImpl",
                    "message": "OrderTaskServiceImpl.autoCancel | 订单不存在，orderNo: PT629175896604985826248" }
                    
{
                    "app": "Crmeb",
                    "timestamp":"2025-09-27 21:05:00.024",
                    "level": "ERROR",
                    "thread": "task-executor-5",
                    "class": "c.z.s.service.impl.OrderTaskServiceImpl",
                    "message": "OrderTaskServiceImpl.autoCancel | 订单不存在，orderNo: PT629175896604985826248" }
                    
{
                    "app": "Crmeb",
                    "timestamp":"2025-09-27 21:06:00.011",
                    "level": "ERROR",
                    "thread": "task-executor-9",
                    "class": "c.z.s.service.impl.OrderTaskServiceImpl",
                    "message": "OrderTaskServiceImpl.autoCancel | 订单不存在，orderNo: PT629175896604985826248" }
                    
{
                    "app": "Crmeb",
                    "timestamp":"2025-09-27 21:07:00.019",
                    "level": "ERROR",
                    "thread": "task-executor-14",
                    "class": "c.z.s.service.impl.OrderTaskServiceImpl",
                    "message": "OrderTaskServiceImpl.autoCancel | 订单不存在，orderNo: PT629175896604985826248" }
                    
{
                    "app": "Crmeb",
                    "timestamp":"2025-09-27 21:08:00.023",
                    "level": "ERROR",
                    "thread": "task-executor-17",
                    "class": "c.z.s.service.impl.OrderTaskServiceImpl",
                    "message": "OrderTaskServiceImpl.autoCancel | 订单不存在，orderNo: PT629175896604985826248" }
                    
{
                    "app": "Crmeb",
                    "timestamp":"2025-09-27 21:09:00.026",
                    "level": "ERROR",
                    "thread": "task-executor-5",
                    "class": "c.z.s.service.impl.OrderTaskServiceImpl",
                    "message": "OrderTaskServiceImpl.autoCancel | 订单不存在，orderNo: PT629175896604985826248" }
                    
{
                    "app": "Crmeb",
                    "timestamp":"2025-09-27 21:10:00.034",
                    "level": "ERROR",
                    "thread": "task-executor-9",
                    "class": "c.z.s.service.impl.OrderTaskServiceImpl",
                    "message": "OrderTaskServiceImpl.autoCancel | 订单不存在，orderNo: PT629175896604985826248" }
                    
{
                    "app": "Crmeb",
                    "timestamp":"2025-09-27 21:11:00.020",
                    "level": "ERROR",
                    "thread": "task-executor-14",
                    "class": "c.z.s.service.impl.OrderTaskServiceImpl",
                    "message": "OrderTaskServiceImpl.autoCancel | 订单不存在，orderNo: PT629175896604985826248" }
                    
{
                    "app": "Crmeb",
                    "timestamp":"2025-09-27 21:12:00.014",
                    "level": "ERROR",
                    "thread": "task-executor-17",
                    "class": "c.z.s.service.impl.OrderTaskServiceImpl",
                    "message": "OrderTaskServiceImpl.autoCancel | 订单不存在，orderNo: PT629175896604985826248" }
                    
{
                    "app": "Crmeb",
                    "timestamp":"2025-09-27 21:13:00.026",
                    "level": "ERROR",
                    "thread": "task-executor-5",
                    "class": "c.z.s.service.impl.OrderTaskServiceImpl",
                    "message": "OrderTaskServiceImpl.autoCancel | 订单不存在，orderNo: PT629175896604985826248" }
                    
{
                    "app": "Crmeb",
                    "timestamp":"2025-09-27 21:14:00.023",
                    "level": "ERROR",
                    "thread": "task-executor-9",
                    "class": "c.z.s.service.impl.OrderTaskServiceImpl",
                    "message": "OrderTaskServiceImpl.autoCancel | 订单不存在，orderNo: PT629175896604985826248" }
                    
{
                    "app": "Crmeb",
                    "timestamp":"2025-09-27 21:15:00.026",
                    "level": "ERROR",
                    "thread": "task-executor-14",
                    "class": "c.z.s.service.impl.OrderTaskServiceImpl",
                    "message": "OrderTaskServiceImpl.autoCancel | 订单不存在，orderNo: PT629175896604985826248" }
                    
{
                    "app": "Crmeb",
                    "timestamp":"2025-09-27 21:16:00.024",
                    "level": "ERROR",
                    "thread": "task-executor-17",
                    "class": "c.z.s.service.impl.OrderTaskServiceImpl",
                    "message": "OrderTaskServiceImpl.autoCancel | 订单不存在，orderNo: PT629175896604985826248" }
                    
{
                    "app": "Crmeb",
                    "timestamp":"2025-09-27 21:17:00.026",
                    "level": "ERROR",
                    "thread": "task-executor-5",
                    "class": "c.z.s.service.impl.OrderTaskServiceImpl",
                    "message": "OrderTaskServiceImpl.autoCancel | 订单不存在，orderNo: PT629175896604985826248" }
                    
{
                    "app": "Crmeb",
                    "timestamp":"2025-09-27 21:18:00.021",
                    "level": "ERROR",
                    "thread": "task-executor-9",
                    "class": "c.z.s.service.impl.OrderTaskServiceImpl",
                    "message": "OrderTaskServiceImpl.autoCancel | 订单不存在，orderNo: PT629175896604985826248" }
                    
{
                    "app": "Crmeb",
                    "timestamp":"2025-09-27 21:19:00.034",
                    "level": "ERROR",
                    "thread": "task-executor-14",
                    "class": "c.z.s.service.impl.OrderTaskServiceImpl",
                    "message": "OrderTaskServiceImpl.autoCancel | 订单不存在，orderNo: PT629175896604985826248" }
                    
{
                    "app": "Crmeb",
                    "timestamp":"2025-09-27 21:20:00.017",
                    "level": "ERROR",
                    "thread": "task-executor-17",
                    "class": "c.z.s.service.impl.OrderTaskServiceImpl",
                    "message": "OrderTaskServiceImpl.autoCancel | 订单不存在，orderNo: PT629175896604985826248" }
                    
{
                    "app": "Crmeb",
                    "timestamp":"2025-09-27 21:21:00.014",
                    "level": "ERROR",
                    "thread": "task-executor-5",
                    "class": "c.z.s.service.impl.OrderTaskServiceImpl",
                    "message": "OrderTaskServiceImpl.autoCancel | 订单不存在，orderNo: PT629175896604985826248" }
                    
{
                    "app": "Crmeb",
                    "timestamp":"2025-09-27 21:22:00.024",
                    "level": "ERROR",
                    "thread": "task-executor-9",
                    "class": "c.z.s.service.impl.OrderTaskServiceImpl",
                    "message": "OrderTaskServiceImpl.autoCancel | 订单不存在，orderNo: PT629175896604985826248" }
                    
{
                    "app": "Crmeb",
                    "timestamp":"2025-09-27 21:23:00.024",
                    "level": "ERROR",
                    "thread": "task-executor-14",
                    "class": "c.z.s.service.impl.OrderTaskServiceImpl",
                    "message": "OrderTaskServiceImpl.autoCancel | 订单不存在，orderNo: PT629175896604985826248" }
                    
{
                    "app": "Crmeb",
                    "timestamp":"2025-09-27 21:24:00.013",
                    "level": "ERROR",
                    "thread": "task-executor-17",
                    "class": "c.z.s.service.impl.OrderTaskServiceImpl",
                    "message": "OrderTaskServiceImpl.autoCancel | 订单不存在，orderNo: PT629175896604985826248" }
                    
{
                    "app": "Crmeb",
                    "timestamp":"2025-09-27 21:25:00.020",
                    "level": "ERROR",
                    "thread": "task-executor-5",
                    "class": "c.z.s.service.impl.OrderTaskServiceImpl",
                    "message": "OrderTaskServiceImpl.autoCancel | 订单不存在，orderNo: PT629175896604985826248" }
                    
{
                    "app": "Crmeb",
                    "timestamp":"2025-09-27 21:26:00.022",
                    "level": "ERROR",
                    "thread": "task-executor-9",
                    "class": "c.z.s.service.impl.OrderTaskServiceImpl",
                    "message": "OrderTaskServiceImpl.autoCancel | 订单不存在，orderNo: PT629175896604985826248" }
                    
{
                    "app": "Crmeb",
                    "timestamp":"2025-09-27 21:27:00.024",
                    "level": "ERROR",
                    "thread": "task-executor-14",
                    "class": "c.z.s.service.impl.OrderTaskServiceImpl",
                    "message": "OrderTaskServiceImpl.autoCancel | 订单不存在，orderNo: PT629175896604985826248" }
                    
{
                    "app": "Crmeb",
                    "timestamp":"2025-09-27 21:28:00.020",
                    "level": "ERROR",
                    "thread": "task-executor-17",
                    "class": "c.z.s.service.impl.OrderTaskServiceImpl",
                    "message": "OrderTaskServiceImpl.autoCancel | 订单不存在，orderNo: PT629175896604985826248" }
                    
{
                    "app": "Crmeb",
                    "timestamp":"2025-09-27 21:29:00.028",
                    "level": "ERROR",
                    "thread": "task-executor-5",
                    "class": "c.z.s.service.impl.OrderTaskServiceImpl",
                    "message": "OrderTaskServiceImpl.autoCancel | 订单不存在，orderNo: PT629175896604985826248" }
                    
{
                    "app": "Crmeb",
                    "timestamp":"2025-09-27 21:30:00.020",
                    "level": "ERROR",
                    "thread": "task-executor-9",
                    "class": "c.z.s.service.impl.OrderTaskServiceImpl",
                    "message": "OrderTaskServiceImpl.autoCancel | 订单不存在，orderNo: PT629175896604985826248" }
                    
{
                    "app": "Crmeb",
                    "timestamp":"2025-09-27 21:31:00.020",
                    "level": "ERROR",
                    "thread": "task-executor-14",
                    "class": "c.z.s.service.impl.OrderTaskServiceImpl",
                    "message": "OrderTaskServiceImpl.autoCancel | 订单不存在，orderNo: PT629175896604985826248" }
                    
{
                    "app": "Crmeb",
                    "timestamp":"2025-09-27 21:32:00.027",
                    "level": "ERROR",
                    "thread": "task-executor-17",
                    "class": "c.z.s.service.impl.OrderTaskServiceImpl",
                    "message": "OrderTaskServiceImpl.autoCancel | 订单不存在，orderNo: PT629175896604985826248" }
                    
{
                    "app": "Crmeb",
                    "timestamp":"2025-09-27 21:33:00.029",
                    "level": "ERROR",
                    "thread": "task-executor-5",
                    "class": "c.z.s.service.impl.OrderTaskServiceImpl",
                    "message": "OrderTaskServiceImpl.autoCancel | 订单不存在，orderNo: PT629175896604985826248" }
                    
{
                    "app": "Crmeb",
                    "timestamp":"2025-09-27 21:34:00.019",
                    "level": "ERROR",
                    "thread": "task-executor-9",
                    "class": "c.z.s.service.impl.OrderTaskServiceImpl",
                    "message": "OrderTaskServiceImpl.autoCancel | 订单不存在，orderNo: PT629175896604985826248" }
                    
{
                    "app": "Crmeb",
                    "timestamp":"2025-09-27 21:35:00.013",
                    "level": "ERROR",
                    "thread": "task-executor-14",
                    "class": "c.z.s.service.impl.OrderTaskServiceImpl",
                    "message": "OrderTaskServiceImpl.autoCancel | 订单不存在，orderNo: PT629175896604985826248" }
                    
{
                    "app": "Crmeb",
                    "timestamp":"2025-09-27 21:36:00.018",
                    "level": "ERROR",
                    "thread": "task-executor-17",
                    "class": "c.z.s.service.impl.OrderTaskServiceImpl",
                    "message": "OrderTaskServiceImpl.autoCancel | 订单不存在，orderNo: PT629175896604985826248" }
                    
{
                    "app": "Crmeb",
                    "timestamp":"2025-09-27 21:37:00.023",
                    "level": "ERROR",
                    "thread": "task-executor-5",
                    "class": "c.z.s.service.impl.OrderTaskServiceImpl",
                    "message": "OrderTaskServiceImpl.autoCancel | 订单不存在，orderNo: PT629175896604985826248" }
                    
{
                    "app": "Crmeb",
                    "timestamp":"2025-09-27 21:38:00.017",
                    "level": "ERROR",
                    "thread": "task-executor-9",
                    "class": "c.z.s.service.impl.OrderTaskServiceImpl",
                    "message": "OrderTaskServiceImpl.autoCancel | 订单不存在，orderNo: PT629175896604985826248" }
                    
{
                    "app": "Crmeb",
                    "timestamp":"2025-09-27 21:39:00.019",
                    "level": "ERROR",
                    "thread": "task-executor-14",
                    "class": "c.z.s.service.impl.OrderTaskServiceImpl",
                    "message": "OrderTaskServiceImpl.autoCancel | 订单不存在，orderNo: PT629175896604985826248" }
                    
{
                    "app": "Crmeb",
                    "timestamp":"2025-09-27 21:40:00.013",
                    "level": "ERROR",
                    "thread": "task-executor-17",
                    "class": "c.z.s.service.impl.OrderTaskServiceImpl",
                    "message": "OrderTaskServiceImpl.autoCancel | 订单不存在，orderNo: PT629175896604985826248" }
                    
{
                    "app": "Crmeb",
                    "timestamp":"2025-09-27 21:41:00.023",
                    "level": "ERROR",
                    "thread": "task-executor-5",
                    "class": "c.z.s.service.impl.OrderTaskServiceImpl",
                    "message": "OrderTaskServiceImpl.autoCancel | 订单不存在，orderNo: PT629175896604985826248" }
                    
{
                    "app": "Crmeb",
                    "timestamp":"2025-09-27 21:42:00.025",
                    "level": "ERROR",
                    "thread": "task-executor-9",
                    "class": "c.z.s.service.impl.OrderTaskServiceImpl",
                    "message": "OrderTaskServiceImpl.autoCancel | 订单不存在，orderNo: PT629175896604985826248" }
                    
{
                    "app": "Crmeb",
                    "timestamp":"2025-09-27 21:43:00.033",
                    "level": "ERROR",
                    "thread": "task-executor-14",
                    "class": "c.z.s.service.impl.OrderTaskServiceImpl",
                    "message": "OrderTaskServiceImpl.autoCancel | 订单不存在，orderNo: PT629175896604985826248" }
                    
{
                    "app": "Crmeb",
                    "timestamp":"2025-09-27 21:44:00.028",
                    "level": "ERROR",
                    "thread": "task-executor-17",
                    "class": "c.z.s.service.impl.OrderTaskServiceImpl",
                    "message": "OrderTaskServiceImpl.autoCancel | 订单不存在，orderNo: PT629175896604985826248" }
                    
{
                    "app": "Crmeb",
                    "timestamp":"2025-09-27 21:45:00.028",
                    "level": "ERROR",
                    "thread": "task-executor-5",
                    "class": "c.z.s.service.impl.OrderTaskServiceImpl",
                    "message": "OrderTaskServiceImpl.autoCancel | 订单不存在，orderNo: PT629175896604985826248" }
                    
{
                    "app": "Crmeb",
                    "timestamp":"2025-09-27 21:46:00.026",
                    "level": "ERROR",
                    "thread": "task-executor-9",
                    "class": "c.z.s.service.impl.OrderTaskServiceImpl",
                    "message": "OrderTaskServiceImpl.autoCancel | 订单不存在，orderNo: PT629175896604985826248" }
                    
{
                    "app": "Crmeb",
                    "timestamp":"2025-09-27 21:47:00.023",
                    "level": "ERROR",
                    "thread": "task-executor-14",
                    "class": "c.z.s.service.impl.OrderTaskServiceImpl",
                    "message": "OrderTaskServiceImpl.autoCancel | 订单不存在，orderNo: PT629175896604985826248" }
                    
{
                    "app": "Crmeb",
                    "timestamp":"2025-09-27 21:48:00.023",
                    "level": "ERROR",
                    "thread": "task-executor-17",
                    "class": "c.z.s.service.impl.OrderTaskServiceImpl",
                    "message": "OrderTaskServiceImpl.autoCancel | 订单不存在，orderNo: PT629175896604985826248" }
                    
{
                    "app": "Crmeb",
                    "timestamp":"2025-09-27 21:49:00.021",
                    "level": "ERROR",
                    "thread": "task-executor-5",
                    "class": "c.z.s.service.impl.OrderTaskServiceImpl",
                    "message": "OrderTaskServiceImpl.autoCancel | 订单不存在，orderNo: PT629175896604985826248" }
                    
{
                    "app": "Crmeb",
                    "timestamp":"2025-09-27 21:50:00.014",
                    "level": "ERROR",
                    "thread": "task-executor-9",
                    "class": "c.z.s.service.impl.OrderTaskServiceImpl",
                    "message": "OrderTaskServiceImpl.autoCancel | 订单不存在，orderNo: PT629175896604985826248" }
                    
{
                    "app": "Crmeb",
                    "timestamp":"2025-09-27 21:51:00.022",
                    "level": "ERROR",
                    "thread": "task-executor-14",
                    "class": "c.z.s.service.impl.OrderTaskServiceImpl",
                    "message": "OrderTaskServiceImpl.autoCancel | 订单不存在，orderNo: PT629175896604985826248" }
                    
{
                    "app": "Crmeb",
                    "timestamp":"2025-09-27 21:52:00.024",
                    "level": "ERROR",
                    "thread": "task-executor-17",
                    "class": "c.z.s.service.impl.OrderTaskServiceImpl",
                    "message": "OrderTaskServiceImpl.autoCancel | 订单不存在，orderNo: PT629175896604985826248" }
                    
{
                    "app": "Crmeb",
                    "timestamp":"2025-09-27 21:53:00.020",
                    "level": "ERROR",
                    "thread": "task-executor-5",
                    "class": "c.z.s.service.impl.OrderTaskServiceImpl",
                    "message": "OrderTaskServiceImpl.autoCancel | 订单不存在，orderNo: PT629175896604985826248" }
                    
{
                    "app": "Crmeb",
                    "timestamp":"2025-09-27 21:54:00.020",
                    "level": "ERROR",
                    "thread": "task-executor-9",
                    "class": "c.z.s.service.impl.OrderTaskServiceImpl",
                    "message": "OrderTaskServiceImpl.autoCancel | 订单不存在，orderNo: PT629175896604985826248" }
                    
{
                    "app": "Crmeb",
                    "timestamp":"2025-09-27 21:55:00.021",
                    "level": "ERROR",
                    "thread": "task-executor-14",
                    "class": "c.z.s.service.impl.OrderTaskServiceImpl",
                    "message": "OrderTaskServiceImpl.autoCancel | 订单不存在，orderNo: PT629175896604985826248" }
                    
{
                    "app": "Crmeb",
                    "timestamp":"2025-09-27 21:56:00.024",
                    "level": "ERROR",
                    "thread": "task-executor-17",
                    "class": "c.z.s.service.impl.OrderTaskServiceImpl",
                    "message": "OrderTaskServiceImpl.autoCancel | 订单不存在，orderNo: PT629175896604985826248" }
                    
{
                    "app": "Crmeb",
                    "timestamp":"2025-09-27 21:57:00.026",
                    "level": "ERROR",
                    "thread": "task-executor-5",
                    "class": "c.z.s.service.impl.OrderTaskServiceImpl",
                    "message": "OrderTaskServiceImpl.autoCancel | 订单不存在，orderNo: PT629175896604985826248" }
                    
{
                    "app": "Crmeb",
                    "timestamp":"2025-09-27 21:58:00.026",
                    "level": "ERROR",
                    "thread": "task-executor-9",
                    "class": "c.z.s.service.impl.OrderTaskServiceImpl",
                    "message": "OrderTaskServiceImpl.autoCancel | 订单不存在，orderNo: PT629175896604985826248" }
                    
{
                    "app": "Crmeb",
                    "timestamp":"2025-09-27 21:59:00.011",
                    "level": "ERROR",
                    "thread": "task-executor-14",
                    "class": "c.z.s.service.impl.OrderTaskServiceImpl",
                    "message": "OrderTaskServiceImpl.autoCancel | 订单不存在，orderNo: PT629175896604985826248" }
                    
{
                    "app": "Crmeb",
                    "timestamp":"2025-09-27 22:00:00.023",
                    "level": "ERROR",
                    "thread": "task-executor-17",
                    "class": "c.z.s.service.impl.OrderTaskServiceImpl",
                    "message": "OrderTaskServiceImpl.autoCancel | 订单不存在，orderNo: PT629175896604985826248" }
                    
{
                    "app": "Crmeb",
                    "timestamp":"2025-09-27 22:01:00.036",
                    "level": "ERROR",
                    "thread": "task-executor-5",
                    "class": "c.z.s.service.impl.OrderTaskServiceImpl",
                    "message": "OrderTaskServiceImpl.autoCancel | 订单不存在，orderNo: PT629175896604985826248" }
                    
{
                    "app": "Crmeb",
                    "timestamp":"2025-09-27 22:02:00.021",
                    "level": "ERROR",
                    "thread": "task-executor-9",
                    "class": "c.z.s.service.impl.OrderTaskServiceImpl",
                    "message": "OrderTaskServiceImpl.autoCancel | 订单不存在，orderNo: PT629175896604985826248" }
                    
{
                    "app": "Crmeb",
                    "timestamp":"2025-09-27 22:03:00.019",
                    "level": "ERROR",
                    "thread": "task-executor-14",
                    "class": "c.z.s.service.impl.OrderTaskServiceImpl",
                    "message": "OrderTaskServiceImpl.autoCancel | 订单不存在，orderNo: PT629175896604985826248" }
                    
{
                    "app": "Crmeb",
                    "timestamp":"2025-09-27 22:04:00.020",
                    "level": "ERROR",
                    "thread": "task-executor-17",
                    "class": "c.z.s.service.impl.OrderTaskServiceImpl",
                    "message": "OrderTaskServiceImpl.autoCancel | 订单不存在，orderNo: PT629175896604985826248" }
                    
{
                    "app": "Crmeb",
                    "timestamp":"2025-09-27 22:05:00.021",
                    "level": "ERROR",
                    "thread": "task-executor-1",
                    "class": "c.z.s.service.impl.OrderTaskServiceImpl",
                    "message": "OrderTaskServiceImpl.autoCancel | 订单不存在，orderNo: PT629175896604985826248" }
                    
{
                    "app": "Crmeb",
                    "timestamp":"2025-09-27 22:06:00.035",
                    "level": "ERROR",
                    "thread": "task-executor-9",
                    "class": "c.z.s.service.impl.OrderTaskServiceImpl",
                    "message": "OrderTaskServiceImpl.autoCancel | 订单不存在，orderNo: PT629175896604985826248" }
                    
{
                    "app": "Crmeb",
                    "timestamp":"2025-09-27 22:07:00.027",
                    "level": "ERROR",
                    "thread": "task-executor-14",
                    "class": "c.z.s.service.impl.OrderTaskServiceImpl",
                    "message": "OrderTaskServiceImpl.autoCancel | 订单不存在，orderNo: PT629175896604985826248" }
                    
{
                    "app": "Crmeb",
                    "timestamp":"2025-09-27 22:08:00.023",
                    "level": "ERROR",
                    "thread": "task-executor-17",
                    "class": "c.z.s.service.impl.OrderTaskServiceImpl",
                    "message": "OrderTaskServiceImpl.autoCancel | 订单不存在，orderNo: PT629175896604985826248" }
                    
{
                    "app": "Crmeb",
                    "timestamp":"2025-09-27 22:09:00.024",
                    "level": "ERROR",
                    "thread": "task-executor-1",
                    "class": "c.z.s.service.impl.OrderTaskServiceImpl",
                    "message": "OrderTaskServiceImpl.autoCancel | 订单不存在，orderNo: PT629175896604985826248" }
                    
{
                    "app": "Crmeb",
                    "timestamp":"2025-09-27 22:10:00.022",
                    "level": "ERROR",
                    "thread": "task-executor-7",
                    "class": "c.z.s.service.impl.OrderTaskServiceImpl",
                    "message": "OrderTaskServiceImpl.autoCancel | 订单不存在，orderNo: PT629175896604985826248" }
                    
{
                    "app": "Crmeb",
                    "timestamp":"2025-09-27 22:11:00.018",
                    "level": "ERROR",
                    "thread": "task-executor-14",
                    "class": "c.z.s.service.impl.OrderTaskServiceImpl",
                    "message": "OrderTaskServiceImpl.autoCancel | 订单不存在，orderNo: PT629175896604985826248" }
                    
{
                    "app": "Crmeb",
                    "timestamp":"2025-09-27 22:12:00.016",
                    "level": "ERROR",
                    "thread": "task-executor-17",
                    "class": "c.z.s.service.impl.OrderTaskServiceImpl",
                    "message": "OrderTaskServiceImpl.autoCancel | 订单不存在，orderNo: PT629175896604985826248" }
                    
{
                    "app": "Crmeb",
                    "timestamp":"2025-09-27 22:13:00.015",
                    "level": "ERROR",
                    "thread": "task-executor-1",
                    "class": "c.z.s.service.impl.OrderTaskServiceImpl",
                    "message": "OrderTaskServiceImpl.autoCancel | 订单不存在，orderNo: PT629175896604985826248" }
                    
{
                    "app": "Crmeb",
                    "timestamp":"2025-09-27 22:14:00.019",
                    "level": "ERROR",
                    "thread": "task-executor-7",
                    "class": "c.z.s.service.impl.OrderTaskServiceImpl",
                    "message": "OrderTaskServiceImpl.autoCancel | 订单不存在，orderNo: PT629175896604985826248" }
                    
{
                    "app": "Crmeb",
                    "timestamp":"2025-09-27 22:15:00.019",
                    "level": "ERROR",
                    "thread": "task-executor-14",
                    "class": "c.z.s.service.impl.OrderTaskServiceImpl",
                    "message": "OrderTaskServiceImpl.autoCancel | 订单不存在，orderNo: PT629175896604985826248" }
                    
{
                    "app": "Crmeb",
                    "timestamp":"2025-09-27 22:16:00.018",
                    "level": "ERROR",
                    "thread": "task-executor-17",
                    "class": "c.z.s.service.impl.OrderTaskServiceImpl",
                    "message": "OrderTaskServiceImpl.autoCancel | 订单不存在，orderNo: PT629175896604985826248" }
                    
{
                    "app": "Crmeb",
                    "timestamp":"2025-09-27 22:17:00.022",
                    "level": "ERROR",
                    "thread": "task-executor-1",
                    "class": "c.z.s.service.impl.OrderTaskServiceImpl",
                    "message": "OrderTaskServiceImpl.autoCancel | 订单不存在，orderNo: PT629175896604985826248" }
                    
{
                    "app": "Crmeb",
                    "timestamp":"2025-09-27 22:18:00.015",
                    "level": "ERROR",
                    "thread": "task-executor-7",
                    "class": "c.z.s.service.impl.OrderTaskServiceImpl",
                    "message": "OrderTaskServiceImpl.autoCancel | 订单不存在，orderNo: PT629175896604985826248" }
                    
{
                    "app": "Crmeb",
                    "timestamp":"2025-09-27 22:19:00.015",
                    "level": "ERROR",
                    "thread": "task-executor-14",
                    "class": "c.z.s.service.impl.OrderTaskServiceImpl",
                    "message": "OrderTaskServiceImpl.autoCancel | 订单不存在，orderNo: PT629175896604985826248" }
                    
{
                    "app": "Crmeb",
                    "timestamp":"2025-09-27 22:20:00.016",
                    "level": "ERROR",
                    "thread": "task-executor-17",
                    "class": "c.z.s.service.impl.OrderTaskServiceImpl",
                    "message": "OrderTaskServiceImpl.autoCancel | 订单不存在，orderNo: PT629175896604985826248" }
                    
{
                    "app": "Crmeb",
                    "timestamp":"2025-09-27 22:21:00.021",
                    "level": "ERROR",
                    "thread": "task-executor-1",
                    "class": "c.z.s.service.impl.OrderTaskServiceImpl",
                    "message": "OrderTaskServiceImpl.autoCancel | 订单不存在，orderNo: PT629175896604985826248" }
                    
{
                    "app": "Crmeb",
                    "timestamp":"2025-09-27 22:22:00.023",
                    "level": "ERROR",
                    "thread": "task-executor-7",
                    "class": "c.z.s.service.impl.OrderTaskServiceImpl",
                    "message": "OrderTaskServiceImpl.autoCancel | 订单不存在，orderNo: PT629175896604985826248" }
                    
{
                    "app": "Crmeb",
                    "timestamp":"2025-09-27 22:23:00.022",
                    "level": "ERROR",
                    "thread": "task-executor-14",
                    "class": "c.z.s.service.impl.OrderTaskServiceImpl",
                    "message": "OrderTaskServiceImpl.autoCancel | 订单不存在，orderNo: PT629175896604985826248" }
                    
{
                    "app": "Crmeb",
                    "timestamp":"2025-09-27 22:24:00.021",
                    "level": "ERROR",
                    "thread": "task-executor-17",
                    "class": "c.z.s.service.impl.OrderTaskServiceImpl",
                    "message": "OrderTaskServiceImpl.autoCancel | 订单不存在，orderNo: PT629175896604985826248" }
                    
{
                    "app": "Crmeb",
                    "timestamp":"2025-09-27 22:25:00.026",
                    "level": "ERROR",
                    "thread": "task-executor-1",
                    "class": "c.z.s.service.impl.OrderTaskServiceImpl",
                    "message": "OrderTaskServiceImpl.autoCancel | 订单不存在，orderNo: PT629175896604985826248" }
                    
{
                    "app": "Crmeb",
                    "timestamp":"2025-09-27 22:26:00.022",
                    "level": "ERROR",
                    "thread": "task-executor-7",
                    "class": "c.z.s.service.impl.OrderTaskServiceImpl",
                    "message": "OrderTaskServiceImpl.autoCancel | 订单不存在，orderNo: PT629175896604985826248" }
                    
{
                    "app": "Crmeb",
                    "timestamp":"2025-09-27 22:27:00.025",
                    "level": "ERROR",
                    "thread": "task-executor-14",
                    "class": "c.z.s.service.impl.OrderTaskServiceImpl",
                    "message": "OrderTaskServiceImpl.autoCancel | 订单不存在，orderNo: PT629175896604985826248" }
                    
{
                    "app": "Crmeb",
                    "timestamp":"2025-09-27 22:28:00.032",
                    "level": "ERROR",
                    "thread": "task-executor-17",
                    "class": "c.z.s.service.impl.OrderTaskServiceImpl",
                    "message": "OrderTaskServiceImpl.autoCancel | 订单不存在，orderNo: PT629175896604985826248" }
                    
{
                    "app": "Crmeb",
                    "timestamp":"2025-09-27 22:29:00.023",
                    "level": "ERROR",
                    "thread": "task-executor-1",
                    "class": "c.z.s.service.impl.OrderTaskServiceImpl",
                    "message": "OrderTaskServiceImpl.autoCancel | 订单不存在，orderNo: PT629175896604985826248" }
                    
{
                    "app": "Crmeb",
                    "timestamp":"2025-09-27 22:30:00.017",
                    "level": "ERROR",
                    "thread": "task-executor-7",
                    "class": "c.z.s.service.impl.OrderTaskServiceImpl",
                    "message": "OrderTaskServiceImpl.autoCancel | 订单不存在，orderNo: PT629175896604985826248" }
                    
{
                    "app": "Crmeb",
                    "timestamp":"2025-09-27 22:31:00.015",
                    "level": "ERROR",
                    "thread": "task-executor-14",
                    "class": "c.z.s.service.impl.OrderTaskServiceImpl",
                    "message": "OrderTaskServiceImpl.autoCancel | 订单不存在，orderNo: PT629175896604985826248" }
                    
{
                    "app": "Crmeb",
                    "timestamp":"2025-09-27 22:32:00.024",
                    "level": "ERROR",
                    "thread": "task-executor-17",
                    "class": "c.z.s.service.impl.OrderTaskServiceImpl",
                    "message": "OrderTaskServiceImpl.autoCancel | 订单不存在，orderNo: PT629175896604985826248" }
                    
{
                    "app": "Crmeb",
                    "timestamp":"2025-09-27 22:33:00.022",
                    "level": "ERROR",
                    "thread": "task-executor-1",
                    "class": "c.z.s.service.impl.OrderTaskServiceImpl",
                    "message": "OrderTaskServiceImpl.autoCancel | 订单不存在，orderNo: PT629175896604985826248" }
                    
{
                    "app": "Crmeb",
                    "timestamp":"2025-09-27 22:34:00.020",
                    "level": "ERROR",
                    "thread": "task-executor-7",
                    "class": "c.z.s.service.impl.OrderTaskServiceImpl",
                    "message": "OrderTaskServiceImpl.autoCancel | 订单不存在，orderNo: PT629175896604985826248" }
                    
{
                    "app": "Crmeb",
                    "timestamp":"2025-09-27 22:35:00.025",
                    "level": "ERROR",
                    "thread": "task-executor-14",
                    "class": "c.z.s.service.impl.OrderTaskServiceImpl",
                    "message": "OrderTaskServiceImpl.autoCancel | 订单不存在，orderNo: PT629175896604985826248" }
                    
{
                    "app": "Crmeb",
                    "timestamp":"2025-09-27 22:36:00.021",
                    "level": "ERROR",
                    "thread": "task-executor-17",
                    "class": "c.z.s.service.impl.OrderTaskServiceImpl",
                    "message": "OrderTaskServiceImpl.autoCancel | 订单不存在，orderNo: PT629175896604985826248" }
                    
{
                    "app": "Crmeb",
                    "timestamp":"2025-09-27 22:37:00.014",
                    "level": "ERROR",
                    "thread": "task-executor-1",
                    "class": "c.z.s.service.impl.OrderTaskServiceImpl",
                    "message": "OrderTaskServiceImpl.autoCancel | 订单不存在，orderNo: PT629175896604985826248" }
                    
{
                    "app": "Crmeb",
                    "timestamp":"2025-09-27 22:38:00.020",
                    "level": "ERROR",
                    "thread": "task-executor-7",
                    "class": "c.z.s.service.impl.OrderTaskServiceImpl",
                    "message": "OrderTaskServiceImpl.autoCancel | 订单不存在，orderNo: PT629175896604985826248" }
                    
{
                    "app": "Crmeb",
                    "timestamp":"2025-09-27 22:39:00.021",
                    "level": "ERROR",
                    "thread": "task-executor-14",
                    "class": "c.z.s.service.impl.OrderTaskServiceImpl",
                    "message": "OrderTaskServiceImpl.autoCancel | 订单不存在，orderNo: PT629175896604985826248" }
                    
{
                    "app": "Crmeb",
                    "timestamp":"2025-09-27 22:40:00.022",
                    "level": "ERROR",
                    "thread": "task-executor-17",
                    "class": "c.z.s.service.impl.OrderTaskServiceImpl",
                    "message": "OrderTaskServiceImpl.autoCancel | 订单不存在，orderNo: PT629175896604985826248" }
                    
{
                    "app": "Crmeb",
                    "timestamp":"2025-09-27 22:41:00.016",
                    "level": "ERROR",
                    "thread": "task-executor-1",
                    "class": "c.z.s.service.impl.OrderTaskServiceImpl",
                    "message": "OrderTaskServiceImpl.autoCancel | 订单不存在，orderNo: PT629175896604985826248" }
                    
{
                    "app": "Crmeb",
                    "timestamp":"2025-09-27 22:42:00.021",
                    "level": "ERROR",
                    "thread": "task-executor-7",
                    "class": "c.z.s.service.impl.OrderTaskServiceImpl",
                    "message": "OrderTaskServiceImpl.autoCancel | 订单不存在，orderNo: PT629175896604985826248" }
                    
{
                    "app": "Crmeb",
                    "timestamp":"2025-09-27 22:43:00.018",
                    "level": "ERROR",
                    "thread": "task-executor-14",
                    "class": "c.z.s.service.impl.OrderTaskServiceImpl",
                    "message": "OrderTaskServiceImpl.autoCancel | 订单不存在，orderNo: PT629175896604985826248" }
                    
{
                    "app": "Crmeb",
                    "timestamp":"2025-09-27 22:44:00.017",
                    "level": "ERROR",
                    "thread": "task-executor-17",
                    "class": "c.z.s.service.impl.OrderTaskServiceImpl",
                    "message": "OrderTaskServiceImpl.autoCancel | 订单不存在，orderNo: PT629175896604985826248" }
                    
{
                    "app": "Crmeb",
                    "timestamp":"2025-09-27 22:45:00.029",
                    "level": "ERROR",
                    "thread": "task-executor-1",
                    "class": "c.z.s.service.impl.OrderTaskServiceImpl",
                    "message": "OrderTaskServiceImpl.autoCancel | 订单不存在，orderNo: PT629175896604985826248" }
                    
{
                    "app": "Crmeb",
                    "timestamp":"2025-09-27 22:46:00.023",
                    "level": "ERROR",
                    "thread": "task-executor-7",
                    "class": "c.z.s.service.impl.OrderTaskServiceImpl",
                    "message": "OrderTaskServiceImpl.autoCancel | 订单不存在，orderNo: PT629175896604985826248" }
                    
{
                    "app": "Crmeb",
                    "timestamp":"2025-09-27 22:47:00.023",
                    "level": "ERROR",
                    "thread": "task-executor-14",
                    "class": "c.z.s.service.impl.OrderTaskServiceImpl",
                    "message": "OrderTaskServiceImpl.autoCancel | 订单不存在，orderNo: PT629175896604985826248" }
                    
{
                    "app": "Crmeb",
                    "timestamp":"2025-09-27 22:48:00.015",
                    "level": "ERROR",
                    "thread": "task-executor-17",
                    "class": "c.z.s.service.impl.OrderTaskServiceImpl",
                    "message": "OrderTaskServiceImpl.autoCancel | 订单不存在，orderNo: PT629175896604985826248" }
                    
{
                    "app": "Crmeb",
                    "timestamp":"2025-09-27 22:49:00.022",
                    "level": "ERROR",
                    "thread": "task-executor-1",
                    "class": "c.z.s.service.impl.OrderTaskServiceImpl",
                    "message": "OrderTaskServiceImpl.autoCancel | 订单不存在，orderNo: PT629175896604985826248" }
                    
{
                    "app": "Crmeb",
                    "timestamp":"2025-09-27 22:50:00.024",
                    "level": "ERROR",
                    "thread": "task-executor-7",
                    "class": "c.z.s.service.impl.OrderTaskServiceImpl",
                    "message": "OrderTaskServiceImpl.autoCancel | 订单不存在，orderNo: PT629175896604985826248" }
                    
{
                    "app": "Crmeb",
                    "timestamp":"2025-09-27 22:51:00.015",
                    "level": "ERROR",
                    "thread": "task-executor-14",
                    "class": "c.z.s.service.impl.OrderTaskServiceImpl",
                    "message": "OrderTaskServiceImpl.autoCancel | 订单不存在，orderNo: PT629175896604985826248" }
                    
{
                    "app": "Crmeb",
                    "timestamp":"2025-09-27 22:52:00.021",
                    "level": "ERROR",
                    "thread": "task-executor-17",
                    "class": "c.z.s.service.impl.OrderTaskServiceImpl",
                    "message": "OrderTaskServiceImpl.autoCancel | 订单不存在，orderNo: PT629175896604985826248" }
                    
{
                    "app": "Crmeb",
                    "timestamp":"2025-09-27 22:53:00.019",
                    "level": "ERROR",
                    "thread": "task-executor-1",
                    "class": "c.z.s.service.impl.OrderTaskServiceImpl",
                    "message": "OrderTaskServiceImpl.autoCancel | 订单不存在，orderNo: PT629175896604985826248" }
                    
{
                    "app": "Crmeb",
                    "timestamp":"2025-09-27 22:54:00.023",
                    "level": "ERROR",
                    "thread": "task-executor-7",
                    "class": "c.z.s.service.impl.OrderTaskServiceImpl",
                    "message": "OrderTaskServiceImpl.autoCancel | 订单不存在，orderNo: PT629175896604985826248" }
                    
{
                    "app": "Crmeb",
                    "timestamp":"2025-09-27 22:55:00.023",
                    "level": "ERROR",
                    "thread": "task-executor-14",
                    "class": "c.z.s.service.impl.OrderTaskServiceImpl",
                    "message": "OrderTaskServiceImpl.autoCancel | 订单不存在，orderNo: PT629175896604985826248" }
                    
{
                    "app": "Crmeb",
                    "timestamp":"2025-09-27 22:56:00.021",
                    "level": "ERROR",
                    "thread": "task-executor-17",
                    "class": "c.z.s.service.impl.OrderTaskServiceImpl",
                    "message": "OrderTaskServiceImpl.autoCancel | 订单不存在，orderNo: PT629175896604985826248" }
                    
{
                    "app": "Crmeb",
                    "timestamp":"2025-09-27 22:57:00.020",
                    "level": "ERROR",
                    "thread": "task-executor-1",
                    "class": "c.z.s.service.impl.OrderTaskServiceImpl",
                    "message": "OrderTaskServiceImpl.autoCancel | 订单不存在，orderNo: PT629175896604985826248" }
                    
{
                    "app": "Crmeb",
                    "timestamp":"2025-09-27 22:58:00.025",
                    "level": "ERROR",
                    "thread": "task-executor-7",
                    "class": "c.z.s.service.impl.OrderTaskServiceImpl",
                    "message": "OrderTaskServiceImpl.autoCancel | 订单不存在，orderNo: PT629175896604985826248" }
                    
{
                    "app": "Crmeb",
                    "timestamp":"2025-09-27 22:59:00.034",
                    "level": "ERROR",
                    "thread": "task-executor-14",
                    "class": "c.z.s.service.impl.OrderTaskServiceImpl",
                    "message": "OrderTaskServiceImpl.autoCancel | 订单不存在，orderNo: PT629175896604985826248" }
                    
{
                    "app": "Crmeb",
                    "timestamp":"2025-09-27 23:00:00.024",
                    "level": "ERROR",
                    "thread": "task-executor-17",
                    "class": "c.z.s.service.impl.OrderTaskServiceImpl",
                    "message": "OrderTaskServiceImpl.autoCancel | 订单不存在，orderNo: PT629175896604985826248" }
                    
{
                    "app": "Crmeb",
                    "timestamp":"2025-09-27 23:01:00.022",
                    "level": "ERROR",
                    "thread": "task-executor-1",
                    "class": "c.z.s.service.impl.OrderTaskServiceImpl",
                    "message": "OrderTaskServiceImpl.autoCancel | 订单不存在，orderNo: PT629175896604985826248" }
                    
{
                    "app": "Crmeb",
                    "timestamp":"2025-09-27 23:02:00.024",
                    "level": "ERROR",
                    "thread": "task-executor-7",
                    "class": "c.z.s.service.impl.OrderTaskServiceImpl",
                    "message": "OrderTaskServiceImpl.autoCancel | 订单不存在，orderNo: PT629175896604985826248" }
                    
{
                    "app": "Crmeb",
                    "timestamp":"2025-09-27 23:03:00.024",
                    "level": "ERROR",
                    "thread": "task-executor-14",
                    "class": "c.z.s.service.impl.OrderTaskServiceImpl",
                    "message": "OrderTaskServiceImpl.autoCancel | 订单不存在，orderNo: PT629175896604985826248" }
                    
{
                    "app": "Crmeb",
                    "timestamp":"2025-09-27 23:04:00.024",
                    "level": "ERROR",
                    "thread": "task-executor-17",
                    "class": "c.z.s.service.impl.OrderTaskServiceImpl",
                    "message": "OrderTaskServiceImpl.autoCancel | 订单不存在，orderNo: PT629175896604985826248" }
                    
{
                    "app": "Crmeb",
                    "timestamp":"2025-09-27 23:05:00.013",
                    "level": "ERROR",
                    "thread": "task-executor-1",
                    "class": "c.z.s.service.impl.OrderTaskServiceImpl",
                    "message": "OrderTaskServiceImpl.autoCancel | 订单不存在，orderNo: PT629175896604985826248" }
                    
{
                    "app": "Crmeb",
                    "timestamp":"2025-09-27 23:06:00.021",
                    "level": "ERROR",
                    "thread": "task-executor-7",
                    "class": "c.z.s.service.impl.OrderTaskServiceImpl",
                    "message": "OrderTaskServiceImpl.autoCancel | 订单不存在，orderNo: PT629175896604985826248" }
                    
{
                    "app": "Crmeb",
                    "timestamp":"2025-09-27 23:07:00.026",
                    "level": "ERROR",
                    "thread": "task-executor-14",
                    "class": "c.z.s.service.impl.OrderTaskServiceImpl",
                    "message": "OrderTaskServiceImpl.autoCancel | 订单不存在，orderNo: PT629175896604985826248" }
                    
{
                    "app": "Crmeb",
                    "timestamp":"2025-09-27 23:08:00.014",
                    "level": "ERROR",
                    "thread": "task-executor-17",
                    "class": "c.z.s.service.impl.OrderTaskServiceImpl",
                    "message": "OrderTaskServiceImpl.autoCancel | 订单不存在，orderNo: PT629175896604985826248" }
                    
{
                    "app": "Crmeb",
                    "timestamp":"2025-09-27 23:09:00.026",
                    "level": "ERROR",
                    "thread": "task-executor-1",
                    "class": "c.z.s.service.impl.OrderTaskServiceImpl",
                    "message": "OrderTaskServiceImpl.autoCancel | 订单不存在，orderNo: PT629175896604985826248" }
                    
{
                    "app": "Crmeb",
                    "timestamp":"2025-09-27 23:10:00.024",
                    "level": "ERROR",
                    "thread": "task-executor-7",
                    "class": "c.z.s.service.impl.OrderTaskServiceImpl",
                    "message": "OrderTaskServiceImpl.autoCancel | 订单不存在，orderNo: PT629175896604985826248" }
                    
{
                    "app": "Crmeb",
                    "timestamp":"2025-09-27 23:11:00.018",
                    "level": "ERROR",
                    "thread": "task-executor-14",
                    "class": "c.z.s.service.impl.OrderTaskServiceImpl",
                    "message": "OrderTaskServiceImpl.autoCancel | 订单不存在，orderNo: PT629175896604985826248" }
                    
{
                    "app": "Crmeb",
                    "timestamp":"2025-09-27 23:12:00.026",
                    "level": "ERROR",
                    "thread": "task-executor-17",
                    "class": "c.z.s.service.impl.OrderTaskServiceImpl",
                    "message": "OrderTaskServiceImpl.autoCancel | 订单不存在，orderNo: PT629175896604985826248" }
                    
{
                    "app": "Crmeb",
                    "timestamp":"2025-09-27 23:13:00.023",
                    "level": "ERROR",
                    "thread": "task-executor-1",
                    "class": "c.z.s.service.impl.OrderTaskServiceImpl",
                    "message": "OrderTaskServiceImpl.autoCancel | 订单不存在，orderNo: PT629175896604985826248" }
                    
{
                    "app": "Crmeb",
                    "timestamp":"2025-09-27 23:14:00.012",
                    "level": "ERROR",
                    "thread": "task-executor-7",
                    "class": "c.z.s.service.impl.OrderTaskServiceImpl",
                    "message": "OrderTaskServiceImpl.autoCancel | 订单不存在，orderNo: PT629175896604985826248" }
                    
{
                    "app": "Crmeb",
                    "timestamp":"2025-09-27 23:15:00.024",
                    "level": "ERROR",
                    "thread": "task-executor-14",
                    "class": "c.z.s.service.impl.OrderTaskServiceImpl",
                    "message": "OrderTaskServiceImpl.autoCancel | 订单不存在，orderNo: PT629175896604985826248" }
                    
{
                    "app": "Crmeb",
                    "timestamp":"2025-09-27 23:16:00.025",
                    "level": "ERROR",
                    "thread": "task-executor-17",
                    "class": "c.z.s.service.impl.OrderTaskServiceImpl",
                    "message": "OrderTaskServiceImpl.autoCancel | 订单不存在，orderNo: PT629175896604985826248" }
                    
{
                    "app": "Crmeb",
                    "timestamp":"2025-09-27 23:17:00.018",
                    "level": "ERROR",
                    "thread": "task-executor-1",
                    "class": "c.z.s.service.impl.OrderTaskServiceImpl",
                    "message": "OrderTaskServiceImpl.autoCancel | 订单不存在，orderNo: PT629175896604985826248" }
                    
{
                    "app": "Crmeb",
                    "timestamp":"2025-09-27 23:18:00.022",
                    "level": "ERROR",
                    "thread": "task-executor-7",
                    "class": "c.z.s.service.impl.OrderTaskServiceImpl",
                    "message": "OrderTaskServiceImpl.autoCancel | 订单不存在，orderNo: PT629175896604985826248" }
                    
{
                    "app": "Crmeb",
                    "timestamp":"2025-09-27 23:19:00.032",
                    "level": "ERROR",
                    "thread": "task-executor-14",
                    "class": "c.z.s.service.impl.OrderTaskServiceImpl",
                    "message": "OrderTaskServiceImpl.autoCancel | 订单不存在，orderNo: PT629175896604985826248" }
                    
{
                    "app": "Crmeb",
                    "timestamp":"2025-09-27 23:20:00.014",
                    "level": "ERROR",
                    "thread": "task-executor-17",
                    "class": "c.z.s.service.impl.OrderTaskServiceImpl",
                    "message": "OrderTaskServiceImpl.autoCancel | 订单不存在，orderNo: PT629175896604985826248" }
                    
{
                    "app": "Crmeb",
                    "timestamp":"2025-09-27 23:21:00.014",
                    "level": "ERROR",
                    "thread": "task-executor-1",
                    "class": "c.z.s.service.impl.OrderTaskServiceImpl",
                    "message": "OrderTaskServiceImpl.autoCancel | 订单不存在，orderNo: PT629175896604985826248" }
                    
{
                    "app": "Crmeb",
                    "timestamp":"2025-09-27 23:22:00.026",
                    "level": "ERROR",
                    "thread": "task-executor-7",
                    "class": "c.z.s.service.impl.OrderTaskServiceImpl",
                    "message": "OrderTaskServiceImpl.autoCancel | 订单不存在，orderNo: PT629175896604985826248" }
                    
{
                    "app": "Crmeb",
                    "timestamp":"2025-09-27 23:23:00.022",
                    "level": "ERROR",
                    "thread": "task-executor-14",
                    "class": "c.z.s.service.impl.OrderTaskServiceImpl",
                    "message": "OrderTaskServiceImpl.autoCancel | 订单不存在，orderNo: PT629175896604985826248" }
                    
{
                    "app": "Crmeb",
                    "timestamp":"2025-09-27 23:24:00.022",
                    "level": "ERROR",
                    "thread": "task-executor-17",
                    "class": "c.z.s.service.impl.OrderTaskServiceImpl",
                    "message": "OrderTaskServiceImpl.autoCancel | 订单不存在，orderNo: PT629175896604985826248" }
                    
{
                    "app": "Crmeb",
                    "timestamp":"2025-09-27 23:25:00.022",
                    "level": "ERROR",
                    "thread": "task-executor-1",
                    "class": "c.z.s.service.impl.OrderTaskServiceImpl",
                    "message": "OrderTaskServiceImpl.autoCancel | 订单不存在，orderNo: PT629175896604985826248" }
                    
{
                    "app": "Crmeb",
                    "timestamp":"2025-09-27 23:26:00.019",
                    "level": "ERROR",
                    "thread": "task-executor-7",
                    "class": "c.z.s.service.impl.OrderTaskServiceImpl",
                    "message": "OrderTaskServiceImpl.autoCancel | 订单不存在，orderNo: PT629175896604985826248" }
                    
{
                    "app": "Crmeb",
                    "timestamp":"2025-09-27 23:27:00.021",
                    "level": "ERROR",
                    "thread": "task-executor-14",
                    "class": "c.z.s.service.impl.OrderTaskServiceImpl",
                    "message": "OrderTaskServiceImpl.autoCancel | 订单不存在，orderNo: PT629175896604985826248" }
                    
{
                    "app": "Crmeb",
                    "timestamp":"2025-09-27 23:28:00.024",
                    "level": "ERROR",
                    "thread": "task-executor-17",
                    "class": "c.z.s.service.impl.OrderTaskServiceImpl",
                    "message": "OrderTaskServiceImpl.autoCancel | 订单不存在，orderNo: PT629175896604985826248" }
                    
{
                    "app": "Crmeb",
                    "timestamp":"2025-09-27 23:29:00.026",
                    "level": "ERROR",
                    "thread": "task-executor-1",
                    "class": "c.z.s.service.impl.OrderTaskServiceImpl",
                    "message": "OrderTaskServiceImpl.autoCancel | 订单不存在，orderNo: PT629175896604985826248" }
                    
{
                    "app": "Crmeb",
                    "timestamp":"2025-09-27 23:30:00.031",
                    "level": "ERROR",
                    "thread": "task-executor-7",
                    "class": "c.z.s.service.impl.OrderTaskServiceImpl",
                    "message": "OrderTaskServiceImpl.autoCancel | 订单不存在，orderNo: PT629175896604985826248" }
                    
{
                    "app": "Crmeb",
                    "timestamp":"2025-09-27 23:31:00.017",
                    "level": "ERROR",
                    "thread": "task-executor-14",
                    "class": "c.z.s.service.impl.OrderTaskServiceImpl",
                    "message": "OrderTaskServiceImpl.autoCancel | 订单不存在，orderNo: PT629175896604985826248" }
                    
{
                    "app": "Crmeb",
                    "timestamp":"2025-09-27 23:32:00.025",
                    "level": "ERROR",
                    "thread": "task-executor-17",
                    "class": "c.z.s.service.impl.OrderTaskServiceImpl",
                    "message": "OrderTaskServiceImpl.autoCancel | 订单不存在，orderNo: PT629175896604985826248" }
                    
{
                    "app": "Crmeb",
                    "timestamp":"2025-09-27 23:33:00.024",
                    "level": "ERROR",
                    "thread": "task-executor-1",
                    "class": "c.z.s.service.impl.OrderTaskServiceImpl",
                    "message": "OrderTaskServiceImpl.autoCancel | 订单不存在，orderNo: PT629175896604985826248" }
                    
{
                    "app": "Crmeb",
                    "timestamp":"2025-09-27 23:34:00.030",
                    "level": "ERROR",
                    "thread": "task-executor-9",
                    "class": "c.z.s.service.impl.OrderTaskServiceImpl",
                    "message": "OrderTaskServiceImpl.autoCancel | 订单不存在，orderNo: PT629175896604985826248" }
                    
{
                    "app": "Crmeb",
                    "timestamp":"2025-09-27 23:35:00.022",
                    "level": "ERROR",
                    "thread": "task-executor-14",
                    "class": "c.z.s.service.impl.OrderTaskServiceImpl",
                    "message": "OrderTaskServiceImpl.autoCancel | 订单不存在，orderNo: PT629175896604985826248" }
                    
{
                    "app": "Crmeb",
                    "timestamp":"2025-09-27 23:36:00.023",
                    "level": "ERROR",
                    "thread": "task-executor-17",
                    "class": "c.z.s.service.impl.OrderTaskServiceImpl",
                    "message": "OrderTaskServiceImpl.autoCancel | 订单不存在，orderNo: PT629175896604985826248" }
                    
{
                    "app": "Crmeb",
                    "timestamp":"2025-09-27 23:37:00.022",
                    "level": "ERROR",
                    "thread": "task-executor-1",
                    "class": "c.z.s.service.impl.OrderTaskServiceImpl",
                    "message": "OrderTaskServiceImpl.autoCancel | 订单不存在，orderNo: PT629175896604985826248" }
                    
{
                    "app": "Crmeb",
                    "timestamp":"2025-09-27 23:38:00.022",
                    "level": "ERROR",
                    "thread": "task-executor-7",
                    "class": "c.z.s.service.impl.OrderTaskServiceImpl",
                    "message": "OrderTaskServiceImpl.autoCancel | 订单不存在，orderNo: PT629175896604985826248" }
                    
{
                    "app": "Crmeb",
                    "timestamp":"2025-09-27 23:39:00.016",
                    "level": "ERROR",
                    "thread": "task-executor-14",
                    "class": "c.z.s.service.impl.OrderTaskServiceImpl",
                    "message": "OrderTaskServiceImpl.autoCancel | 订单不存在，orderNo: PT629175896604985826248" }
                    
{
                    "app": "Crmeb",
                    "timestamp":"2025-09-27 23:40:00.015",
                    "level": "ERROR",
                    "thread": "task-executor-17",
                    "class": "c.z.s.service.impl.OrderTaskServiceImpl",
                    "message": "OrderTaskServiceImpl.autoCancel | 订单不存在，orderNo: PT629175896604985826248" }
                    
{
                    "app": "Crmeb",
                    "timestamp":"2025-09-27 23:41:00.023",
                    "level": "ERROR",
                    "thread": "task-executor-1",
                    "class": "c.z.s.service.impl.OrderTaskServiceImpl",
                    "message": "OrderTaskServiceImpl.autoCancel | 订单不存在，orderNo: PT629175896604985826248" }
                    
{
                    "app": "Crmeb",
                    "timestamp":"2025-09-27 23:42:00.020",
                    "level": "ERROR",
                    "thread": "task-executor-7",
                    "class": "c.z.s.service.impl.OrderTaskServiceImpl",
                    "message": "OrderTaskServiceImpl.autoCancel | 订单不存在，orderNo: PT629175896604985826248" }
                    
{
                    "app": "Crmeb",
                    "timestamp":"2025-09-27 23:43:00.016",
                    "level": "ERROR",
                    "thread": "task-executor-14",
                    "class": "c.z.s.service.impl.OrderTaskServiceImpl",
                    "message": "OrderTaskServiceImpl.autoCancel | 订单不存在，orderNo: PT629175896604985826248" }
                    
{
                    "app": "Crmeb",
                    "timestamp":"2025-09-27 23:44:00.023",
                    "level": "ERROR",
                    "thread": "task-executor-17",
                    "class": "c.z.s.service.impl.OrderTaskServiceImpl",
                    "message": "OrderTaskServiceImpl.autoCancel | 订单不存在，orderNo: PT629175896604985826248" }
                    
{
                    "app": "Crmeb",
                    "timestamp":"2025-09-27 23:45:00.032",
                    "level": "ERROR",
                    "thread": "task-executor-1",
                    "class": "c.z.s.service.impl.OrderTaskServiceImpl",
                    "message": "OrderTaskServiceImpl.autoCancel | 订单不存在，orderNo: PT629175896604985826248" }
                    
{
                    "app": "Crmeb",
                    "timestamp":"2025-09-27 23:46:00.019",
                    "level": "ERROR",
                    "thread": "task-executor-7",
                    "class": "c.z.s.service.impl.OrderTaskServiceImpl",
                    "message": "OrderTaskServiceImpl.autoCancel | 订单不存在，orderNo: PT629175896604985826248" }
                    
{
                    "app": "Crmeb",
                    "timestamp":"2025-09-27 23:47:00.024",
                    "level": "ERROR",
                    "thread": "task-executor-14",
                    "class": "c.z.s.service.impl.OrderTaskServiceImpl",
                    "message": "OrderTaskServiceImpl.autoCancel | 订单不存在，orderNo: PT629175896604985826248" }
                    
{
                    "app": "Crmeb",
                    "timestamp":"2025-09-27 23:48:00.013",
                    "level": "ERROR",
                    "thread": "task-executor-17",
                    "class": "c.z.s.service.impl.OrderTaskServiceImpl",
                    "message": "OrderTaskServiceImpl.autoCancel | 订单不存在，orderNo: PT629175896604985826248" }
                    
{
                    "app": "Crmeb",
                    "timestamp":"2025-09-27 23:49:00.024",
                    "level": "ERROR",
                    "thread": "task-executor-1",
                    "class": "c.z.s.service.impl.OrderTaskServiceImpl",
                    "message": "OrderTaskServiceImpl.autoCancel | 订单不存在，orderNo: PT629175896604985826248" }
                    
{
                    "app": "Crmeb",
                    "timestamp":"2025-09-27 23:50:00.019",
                    "level": "ERROR",
                    "thread": "task-executor-7",
                    "class": "c.z.s.service.impl.OrderTaskServiceImpl",
                    "message": "OrderTaskServiceImpl.autoCancel | 订单不存在，orderNo: PT629175896604985826248" }
                    
{
                    "app": "Crmeb",
                    "timestamp":"2025-09-27 23:51:00.020",
                    "level": "ERROR",
                    "thread": "task-executor-14",
                    "class": "c.z.s.service.impl.OrderTaskServiceImpl",
                    "message": "OrderTaskServiceImpl.autoCancel | 订单不存在，orderNo: PT629175896604985826248" }
                    
{
                    "app": "Crmeb",
                    "timestamp":"2025-09-27 23:52:00.030",
                    "level": "ERROR",
                    "thread": "task-executor-17",
                    "class": "c.z.s.service.impl.OrderTaskServiceImpl",
                    "message": "OrderTaskServiceImpl.autoCancel | 订单不存在，orderNo: PT629175896604985826248" }
                    
{
                    "app": "Crmeb",
                    "timestamp":"2025-09-27 23:53:00.021",
                    "level": "ERROR",
                    "thread": "task-executor-1",
                    "class": "c.z.s.service.impl.OrderTaskServiceImpl",
                    "message": "OrderTaskServiceImpl.autoCancel | 订单不存在，orderNo: PT629175896604985826248" }
                    
{
                    "app": "Crmeb",
                    "timestamp":"2025-09-27 23:54:00.023",
                    "level": "ERROR",
                    "thread": "task-executor-7",
                    "class": "c.z.s.service.impl.OrderTaskServiceImpl",
                    "message": "OrderTaskServiceImpl.autoCancel | 订单不存在，orderNo: PT629175896604985826248" }
                    
{
                    "app": "Crmeb",
                    "timestamp":"2025-09-27 23:55:00.021",
                    "level": "ERROR",
                    "thread": "task-executor-14",
                    "class": "c.z.s.service.impl.OrderTaskServiceImpl",
                    "message": "OrderTaskServiceImpl.autoCancel | 订单不存在，orderNo: PT629175896604985826248" }
                    
{
                    "app": "Crmeb",
                    "timestamp":"2025-09-27 23:56:00.017",
                    "level": "ERROR",
                    "thread": "task-executor-17",
                    "class": "c.z.s.service.impl.OrderTaskServiceImpl",
                    "message": "OrderTaskServiceImpl.autoCancel | 订单不存在，orderNo: PT629175896604985826248" }
                    
{
                    "app": "Crmeb",
                    "timestamp":"2025-09-27 23:57:00.019",
                    "level": "ERROR",
                    "thread": "task-executor-1",
                    "class": "c.z.s.service.impl.OrderTaskServiceImpl",
                    "message": "OrderTaskServiceImpl.autoCancel | 订单不存在，orderNo: PT629175896604985826248" }
                    
{
                    "app": "Crmeb",
                    "timestamp":"2025-09-27 23:58:00.023",
                    "level": "ERROR",
                    "thread": "task-executor-7",
                    "class": "c.z.s.service.impl.OrderTaskServiceImpl",
                    "message": "OrderTaskServiceImpl.autoCancel | 订单不存在，orderNo: PT629175896604985826248" }
                    
{
                    "app": "Crmeb",
                    "timestamp":"2025-09-27 23:59:00.021",
                    "level": "ERROR",
                    "thread": "task-executor-14",
                    "class": "c.z.s.service.impl.OrderTaskServiceImpl",
                    "message": "OrderTaskServiceImpl.autoCancel | 订单不存在，orderNo: PT629175896604985826248" }
                    
