{
                    "app": "Crmeb",
                    "timestamp":"2025-09-28 00:00:00.018",
                    "level": "ERROR",
                    "thread": "task-executor-17",
                    "class": "c.z.s.service.impl.OrderTaskServiceImpl",
                    "message": "OrderTaskServiceImpl.autoCancel | 订单不存在，orderNo: PT629175896604985826248" }
                    
{
                    "app": "Crmeb",
                    "timestamp":"2025-09-28 00:00:00.344",
                    "level": "ERROR",
                    "thread": "task-executor-3",
                    "class": "c.z.s.service.impl.LogisticsServiceImpl",
                    "message": "Error description:Invalid AppKey" }
                    
{
                    "app": "Crmeb",
                    "timestamp":"2025-09-28 00:00:00.345",
                    "level": "ERROR",
                    "thread": "task-executor-3",
                    "class": "c.z.s.service.impl.LogisticsServiceImpl",
                    "message": "全球快递查询 参数名错误 或 其他错误" }
                    
{
                    "app": "Crmeb",
                    "timestamp":"2025-09-28 00:00:00.346",
                    "level": "ERROR",
                    "thread": "task-executor-3",
                    "class": "c.z.s.service.impl.LogisticsServiceImpl",
                    "message": "Invalid AppKey" }
                    
{
                    "app": "Crmeb",
                    "timestamp":"2025-09-28 00:00:00.453",
                    "level": "ERROR",
                    "thread": "task-executor-3",
                    "class": "c.z.s.service.impl.LogisticsServiceImpl",
                    "message": "Error description:Invalid AppKey" }
                    
{
                    "app": "Crmeb",
                    "timestamp":"2025-09-28 00:00:00.453",
                    "level": "ERROR",
                    "thread": "task-executor-3",
                    "class": "c.z.s.service.impl.LogisticsServiceImpl",
                    "message": "全球快递查询 参数名错误 或 其他错误" }
                    
{
                    "app": "Crmeb",
                    "timestamp":"2025-09-28 00:00:00.454",
                    "level": "ERROR",
                    "thread": "task-executor-3",
                    "class": "c.z.s.service.impl.LogisticsServiceImpl",
                    "message": "Invalid AppKey" }
                    
{
                    "app": "Crmeb",
                    "timestamp":"2025-09-28 00:00:00.543",
                    "level": "ERROR",
                    "thread": "task-executor-3",
                    "class": "c.z.s.service.impl.LogisticsServiceImpl",
                    "message": "Error description:Invalid AppKey" }
                    
{
                    "app": "Crmeb",
                    "timestamp":"2025-09-28 00:00:00.544",
                    "level": "ERROR",
                    "thread": "task-executor-3",
                    "class": "c.z.s.service.impl.LogisticsServiceImpl",
                    "message": "全球快递查询 参数名错误 或 其他错误" }
                    
{
                    "app": "Crmeb",
                    "timestamp":"2025-09-28 00:00:00.544",
                    "level": "ERROR",
                    "thread": "task-executor-3",
                    "class": "c.z.s.service.impl.LogisticsServiceImpl",
                    "message": "Invalid AppKey" }
                    
{
                    "app": "Crmeb",
                    "timestamp":"2025-09-28 00:00:00.643",
                    "level": "ERROR",
                    "thread": "task-executor-3",
                    "class": "c.z.s.service.impl.LogisticsServiceImpl",
                    "message": "Error description:Invalid AppKey" }
                    
{
                    "app": "Crmeb",
                    "timestamp":"2025-09-28 00:00:00.643",
                    "level": "ERROR",
                    "thread": "task-executor-3",
                    "class": "c.z.s.service.impl.LogisticsServiceImpl",
                    "message": "全球快递查询 参数名错误 或 其他错误" }
                    
{
                    "app": "Crmeb",
                    "timestamp":"2025-09-28 00:00:00.644",
                    "level": "ERROR",
                    "thread": "task-executor-3",
                    "class": "c.z.s.service.impl.LogisticsServiceImpl",
                    "message": "Invalid AppKey" }
                    
{
                    "app": "Crmeb",
                    "timestamp":"2025-09-28 00:00:00.742",
                    "level": "ERROR",
                    "thread": "task-executor-3",
                    "class": "c.z.s.service.impl.LogisticsServiceImpl",
                    "message": "Error description:Invalid AppKey" }
                    
{
                    "app": "Crmeb",
                    "timestamp":"2025-09-28 00:00:00.742",
                    "level": "ERROR",
                    "thread": "task-executor-3",
                    "class": "c.z.s.service.impl.LogisticsServiceImpl",
                    "message": "全球快递查询 参数名错误 或 其他错误" }
                    
{
                    "app": "Crmeb",
                    "timestamp":"2025-09-28 00:00:00.743",
                    "level": "ERROR",
                    "thread": "task-executor-3",
                    "class": "c.z.s.service.impl.LogisticsServiceImpl",
                    "message": "Invalid AppKey" }
                    
{
                    "app": "Crmeb",
                    "timestamp":"2025-09-28 00:00:00.833",
                    "level": "ERROR",
                    "thread": "task-executor-3",
                    "class": "c.z.s.service.impl.LogisticsServiceImpl",
                    "message": "Error description:Invalid AppKey" }
                    
{
                    "app": "Crmeb",
                    "timestamp":"2025-09-28 00:00:00.833",
                    "level": "ERROR",
                    "thread": "task-executor-3",
                    "class": "c.z.s.service.impl.LogisticsServiceImpl",
                    "message": "全球快递查询 参数名错误 或 其他错误" }
                    
{
                    "app": "Crmeb",
                    "timestamp":"2025-09-28 00:00:00.834",
                    "level": "ERROR",
                    "thread": "task-executor-3",
                    "class": "c.z.s.service.impl.LogisticsServiceImpl",
                    "message": "Invalid AppKey" }
                    
{
                    "app": "Crmeb",
                    "timestamp":"2025-09-28 00:00:00.918",
                    "level": "ERROR",
                    "thread": "task-executor-3",
                    "class": "c.z.s.service.impl.LogisticsServiceImpl",
                    "message": "Error description:Invalid AppKey" }
                    
{
                    "app": "Crmeb",
                    "timestamp":"2025-09-28 00:00:00.919",
                    "level": "ERROR",
                    "thread": "task-executor-3",
                    "class": "c.z.s.service.impl.LogisticsServiceImpl",
                    "message": "全球快递查询 参数名错误 或 其他错误" }
                    
{
                    "app": "Crmeb",
                    "timestamp":"2025-09-28 00:00:00.920",
                    "level": "ERROR",
                    "thread": "task-executor-3",
                    "class": "c.z.s.service.impl.LogisticsServiceImpl",
                    "message": "Invalid AppKey" }
                    
{
                    "app": "Crmeb",
                    "timestamp":"2025-09-28 00:01:00.018",
                    "level": "ERROR",
                    "thread": "task-executor-6",
                    "class": "c.z.s.service.impl.OrderTaskServiceImpl",
                    "message": "OrderTaskServiceImpl.autoCancel | 订单不存在，orderNo: PT629175896604985826248" }
                    
{
                    "app": "Crmeb",
                    "timestamp":"2025-09-28 00:02:00.023",
                    "level": "ERROR",
                    "thread": "task-executor-11",
                    "class": "c.z.s.service.impl.OrderTaskServiceImpl",
                    "message": "OrderTaskServiceImpl.autoCancel | 订单不存在，orderNo: PT629175896604985826248" }
                    
{
                    "app": "Crmeb",
                    "timestamp":"2025-09-28 00:03:00.035",
                    "level": "ERROR",
                    "thread": "task-executor-16",
                    "class": "c.z.s.service.impl.OrderTaskServiceImpl",
                    "message": "OrderTaskServiceImpl.autoCancel | 订单不存在，orderNo: PT629175896604985826248" }
                    
{
                    "app": "Crmeb",
                    "timestamp":"2025-09-28 00:04:00.022",
                    "level": "ERROR",
                    "thread": "task-executor-1",
                    "class": "c.z.s.service.impl.OrderTaskServiceImpl",
                    "message": "OrderTaskServiceImpl.autoCancel | 订单不存在，orderNo: PT629175896604985826248" }
                    
{
                    "app": "Crmeb",
                    "timestamp":"2025-09-28 00:05:00.022",
                    "level": "ERROR",
                    "thread": "task-executor-2",
                    "class": "c.z.s.service.impl.OrderTaskServiceImpl",
                    "message": "OrderTaskServiceImpl.autoCancel | 订单不存在，orderNo: PT629175896604985826248" }
                    
{
                    "app": "Crmeb",
                    "timestamp":"2025-09-28 00:06:00.024",
                    "level": "ERROR",
                    "thread": "task-executor-11",
                    "class": "c.z.s.service.impl.OrderTaskServiceImpl",
                    "message": "OrderTaskServiceImpl.autoCancel | 订单不存在，orderNo: PT629175896604985826248" }
                    
{
                    "app": "Crmeb",
                    "timestamp":"2025-09-28 00:07:00.023",
                    "level": "ERROR",
                    "thread": "task-executor-16",
                    "class": "c.z.s.service.impl.OrderTaskServiceImpl",
                    "message": "OrderTaskServiceImpl.autoCancel | 订单不存在，orderNo: PT629175896604985826248" }
                    
{
                    "app": "Crmeb",
                    "timestamp":"2025-09-28 00:08:00.022",
                    "level": "ERROR",
                    "thread": "task-executor-1",
                    "class": "c.z.s.service.impl.OrderTaskServiceImpl",
                    "message": "OrderTaskServiceImpl.autoCancel | 订单不存在，orderNo: PT629175896604985826248" }
                    
{
                    "app": "Crmeb",
                    "timestamp":"2025-09-28 00:09:00.021",
                    "level": "ERROR",
                    "thread": "task-executor-2",
                    "class": "c.z.s.service.impl.OrderTaskServiceImpl",
                    "message": "OrderTaskServiceImpl.autoCancel | 订单不存在，orderNo: PT629175896604985826248" }
                    
{
                    "app": "Crmeb",
                    "timestamp":"2025-09-28 00:10:00.023",
                    "level": "ERROR",
                    "thread": "task-executor-11",
                    "class": "c.z.s.service.impl.OrderTaskServiceImpl",
                    "message": "OrderTaskServiceImpl.autoCancel | 订单不存在，orderNo: PT629175896604985826248" }
                    
{
                    "app": "Crmeb",
                    "timestamp":"2025-09-28 00:11:00.022",
                    "level": "ERROR",
                    "thread": "task-executor-16",
                    "class": "c.z.s.service.impl.OrderTaskServiceImpl",
                    "message": "OrderTaskServiceImpl.autoCancel | 订单不存在，orderNo: PT629175896604985826248" }
                    
{
                    "app": "Crmeb",
                    "timestamp":"2025-09-28 00:12:00.033",
                    "level": "ERROR",
                    "thread": "task-executor-1",
                    "class": "c.z.s.service.impl.OrderTaskServiceImpl",
                    "message": "OrderTaskServiceImpl.autoCancel | 订单不存在，orderNo: PT629175896604985826248" }
                    
{
                    "app": "Crmeb",
                    "timestamp":"2025-09-28 00:13:00.023",
                    "level": "ERROR",
                    "thread": "task-executor-2",
                    "class": "c.z.s.service.impl.OrderTaskServiceImpl",
                    "message": "OrderTaskServiceImpl.autoCancel | 订单不存在，orderNo: PT629175896604985826248" }
                    
{
                    "app": "Crmeb",
                    "timestamp":"2025-09-28 00:14:00.018",
                    "level": "ERROR",
                    "thread": "task-executor-11",
                    "class": "c.z.s.service.impl.OrderTaskServiceImpl",
                    "message": "OrderTaskServiceImpl.autoCancel | 订单不存在，orderNo: PT629175896604985826248" }
                    
{
                    "app": "Crmeb",
                    "timestamp":"2025-09-28 00:15:00.015",
                    "level": "ERROR",
                    "thread": "task-executor-16",
                    "class": "c.z.s.service.impl.OrderTaskServiceImpl",
                    "message": "OrderTaskServiceImpl.autoCancel | 订单不存在，orderNo: PT629175896604985826248" }
                    
{
                    "app": "Crmeb",
                    "timestamp":"2025-09-28 00:16:00.047",
                    "level": "ERROR",
                    "thread": "task-executor-1",
                    "class": "c.z.s.service.impl.OrderTaskServiceImpl",
                    "message": "OrderTaskServiceImpl.autoCancel | 订单不存在，orderNo: PT629175896604985826248" }
                    
{
                    "app": "Crmeb",
                    "timestamp":"2025-09-28 00:17:00.037",
                    "level": "ERROR",
                    "thread": "task-executor-2",
                    "class": "c.z.s.service.impl.OrderTaskServiceImpl",
                    "message": "OrderTaskServiceImpl.autoCancel | 订单不存在，orderNo: PT629175896604985826248" }
                    
{
                    "app": "Crmeb",
                    "timestamp":"2025-09-28 00:18:00.020",
                    "level": "ERROR",
                    "thread": "task-executor-11",
                    "class": "c.z.s.service.impl.OrderTaskServiceImpl",
                    "message": "OrderTaskServiceImpl.autoCancel | 订单不存在，orderNo: PT629175896604985826248" }
                    
{
                    "app": "Crmeb",
                    "timestamp":"2025-09-28 00:19:00.027",
                    "level": "ERROR",
                    "thread": "task-executor-16",
                    "class": "c.z.s.service.impl.OrderTaskServiceImpl",
                    "message": "OrderTaskServiceImpl.autoCancel | 订单不存在，orderNo: PT629175896604985826248" }
                    
{
                    "app": "Crmeb",
                    "timestamp":"2025-09-28 00:20:00.037",
                    "level": "ERROR",
                    "thread": "task-executor-1",
                    "class": "c.z.s.service.impl.OrderTaskServiceImpl",
                    "message": "OrderTaskServiceImpl.autoCancel | 订单不存在，orderNo: PT629175896604985826248" }
                    
{
                    "app": "Crmeb",
                    "timestamp":"2025-09-28 00:21:00.026",
                    "level": "ERROR",
                    "thread": "task-executor-2",
                    "class": "c.z.s.service.impl.OrderTaskServiceImpl",
                    "message": "OrderTaskServiceImpl.autoCancel | 订单不存在，orderNo: PT629175896604985826248" }
                    
{
                    "app": "Crmeb",
                    "timestamp":"2025-09-28 00:22:00.029",
                    "level": "ERROR",
                    "thread": "task-executor-11",
                    "class": "c.z.s.service.impl.OrderTaskServiceImpl",
                    "message": "OrderTaskServiceImpl.autoCancel | 订单不存在，orderNo: PT629175896604985826248" }
                    
{
                    "app": "Crmeb",
                    "timestamp":"2025-09-28 00:23:00.015",
                    "level": "ERROR",
                    "thread": "task-executor-16",
                    "class": "c.z.s.service.impl.OrderTaskServiceImpl",
                    "message": "OrderTaskServiceImpl.autoCancel | 订单不存在，orderNo: PT629175896604985826248" }
                    
{
                    "app": "Crmeb",
                    "timestamp":"2025-09-28 00:24:00.022",
                    "level": "ERROR",
                    "thread": "task-executor-1",
                    "class": "c.z.s.service.impl.OrderTaskServiceImpl",
                    "message": "OrderTaskServiceImpl.autoCancel | 订单不存在，orderNo: PT629175896604985826248" }
                    
{
                    "app": "Crmeb",
                    "timestamp":"2025-09-28 00:25:00.019",
                    "level": "ERROR",
                    "thread": "task-executor-2",
                    "class": "c.z.s.service.impl.OrderTaskServiceImpl",
                    "message": "OrderTaskServiceImpl.autoCancel | 订单不存在，orderNo: PT629175896604985826248" }
                    
{
                    "app": "Crmeb",
                    "timestamp":"2025-09-28 00:26:00.020",
                    "level": "ERROR",
                    "thread": "task-executor-11",
                    "class": "c.z.s.service.impl.OrderTaskServiceImpl",
                    "message": "OrderTaskServiceImpl.autoCancel | 订单不存在，orderNo: PT629175896604985826248" }
                    
{
                    "app": "Crmeb",
                    "timestamp":"2025-09-28 00:27:00.023",
                    "level": "ERROR",
                    "thread": "task-executor-16",
                    "class": "c.z.s.service.impl.OrderTaskServiceImpl",
                    "message": "OrderTaskServiceImpl.autoCancel | 订单不存在，orderNo: PT629175896604985826248" }
                    
{
                    "app": "Crmeb",
                    "timestamp":"2025-09-28 00:28:00.011",
                    "level": "ERROR",
                    "thread": "task-executor-1",
                    "class": "c.z.s.service.impl.OrderTaskServiceImpl",
                    "message": "OrderTaskServiceImpl.autoCancel | 订单不存在，orderNo: PT629175896604985826248" }
                    
{
                    "app": "Crmeb",
                    "timestamp":"2025-09-28 00:29:00.025",
                    "level": "ERROR",
                    "thread": "task-executor-2",
                    "class": "c.z.s.service.impl.OrderTaskServiceImpl",
                    "message": "OrderTaskServiceImpl.autoCancel | 订单不存在，orderNo: PT629175896604985826248" }
                    
{
                    "app": "Crmeb",
                    "timestamp":"2025-09-28 00:30:00.025",
                    "level": "ERROR",
                    "thread": "task-executor-11",
                    "class": "c.z.s.service.impl.OrderTaskServiceImpl",
                    "message": "OrderTaskServiceImpl.autoCancel | 订单不存在，orderNo: PT629175896604985826248" }
                    
{
                    "app": "Crmeb",
                    "timestamp":"2025-09-28 00:31:00.026",
                    "level": "ERROR",
                    "thread": "task-executor-16",
                    "class": "c.z.s.service.impl.OrderTaskServiceImpl",
                    "message": "OrderTaskServiceImpl.autoCancel | 订单不存在，orderNo: PT629175896604985826248" }
                    
{
                    "app": "Crmeb",
                    "timestamp":"2025-09-28 00:32:00.021",
                    "level": "ERROR",
                    "thread": "task-executor-1",
                    "class": "c.z.s.service.impl.OrderTaskServiceImpl",
                    "message": "OrderTaskServiceImpl.autoCancel | 订单不存在，orderNo: PT629175896604985826248" }
                    
{
                    "app": "Crmeb",
                    "timestamp":"2025-09-28 00:33:00.021",
                    "level": "ERROR",
                    "thread": "task-executor-2",
                    "class": "c.z.s.service.impl.OrderTaskServiceImpl",
                    "message": "OrderTaskServiceImpl.autoCancel | 订单不存在，orderNo: PT629175896604985826248" }
                    
{
                    "app": "Crmeb",
                    "timestamp":"2025-09-28 00:34:00.024",
                    "level": "ERROR",
                    "thread": "task-executor-11",
                    "class": "c.z.s.service.impl.OrderTaskServiceImpl",
                    "message": "OrderTaskServiceImpl.autoCancel | 订单不存在，orderNo: PT629175896604985826248" }
                    
{
                    "app": "Crmeb",
                    "timestamp":"2025-09-28 00:35:00.019",
                    "level": "ERROR",
                    "thread": "task-executor-16",
                    "class": "c.z.s.service.impl.OrderTaskServiceImpl",
                    "message": "OrderTaskServiceImpl.autoCancel | 订单不存在，orderNo: PT629175896604985826248" }
                    
{
                    "app": "Crmeb",
                    "timestamp":"2025-09-28 00:36:00.027",
                    "level": "ERROR",
                    "thread": "task-executor-1",
                    "class": "c.z.s.service.impl.OrderTaskServiceImpl",
                    "message": "OrderTaskServiceImpl.autoCancel | 订单不存在，orderNo: PT629175896604985826248" }
                    
{
                    "app": "Crmeb",
                    "timestamp":"2025-09-28 00:37:00.028",
                    "level": "ERROR",
                    "thread": "task-executor-2",
                    "class": "c.z.s.service.impl.OrderTaskServiceImpl",
                    "message": "OrderTaskServiceImpl.autoCancel | 订单不存在，orderNo: PT629175896604985826248" }
                    
{
                    "app": "Crmeb",
                    "timestamp":"2025-09-28 00:38:00.023",
                    "level": "ERROR",
                    "thread": "task-executor-11",
                    "class": "c.z.s.service.impl.OrderTaskServiceImpl",
                    "message": "OrderTaskServiceImpl.autoCancel | 订单不存在，orderNo: PT629175896604985826248" }
                    
{
                    "app": "Crmeb",
                    "timestamp":"2025-09-28 00:39:00.016",
                    "level": "ERROR",
                    "thread": "task-executor-16",
                    "class": "c.z.s.service.impl.OrderTaskServiceImpl",
                    "message": "OrderTaskServiceImpl.autoCancel | 订单不存在，orderNo: PT629175896604985826248" }
                    
{
                    "app": "Crmeb",
                    "timestamp":"2025-09-28 00:40:00.012",
                    "level": "ERROR",
                    "thread": "task-executor-1",
                    "class": "c.z.s.service.impl.OrderTaskServiceImpl",
                    "message": "OrderTaskServiceImpl.autoCancel | 订单不存在，orderNo: PT629175896604985826248" }
                    
{
                    "app": "Crmeb",
                    "timestamp":"2025-09-28 00:41:00.023",
                    "level": "ERROR",
                    "thread": "task-executor-2",
                    "class": "c.z.s.service.impl.OrderTaskServiceImpl",
                    "message": "OrderTaskServiceImpl.autoCancel | 订单不存在，orderNo: PT629175896604985826248" }
                    
{
                    "app": "Crmeb",
                    "timestamp":"2025-09-28 00:42:00.024",
                    "level": "ERROR",
                    "thread": "task-executor-11",
                    "class": "c.z.s.service.impl.OrderTaskServiceImpl",
                    "message": "OrderTaskServiceImpl.autoCancel | 订单不存在，orderNo: PT629175896604985826248" }
                    
{
                    "app": "Crmeb",
                    "timestamp":"2025-09-28 00:43:00.021",
                    "level": "ERROR",
                    "thread": "task-executor-16",
                    "class": "c.z.s.service.impl.OrderTaskServiceImpl",
                    "message": "OrderTaskServiceImpl.autoCancel | 订单不存在，orderNo: PT629175896604985826248" }
                    
{
                    "app": "Crmeb",
                    "timestamp":"2025-09-28 00:44:00.023",
                    "level": "ERROR",
                    "thread": "task-executor-1",
                    "class": "c.z.s.service.impl.OrderTaskServiceImpl",
                    "message": "OrderTaskServiceImpl.autoCancel | 订单不存在，orderNo: PT629175896604985826248" }
                    
{
                    "app": "Crmeb",
                    "timestamp":"2025-09-28 00:45:00.020",
                    "level": "ERROR",
                    "thread": "task-executor-2",
                    "class": "c.z.s.service.impl.OrderTaskServiceImpl",
                    "message": "OrderTaskServiceImpl.autoCancel | 订单不存在，orderNo: PT629175896604985826248" }
                    
{
                    "app": "Crmeb",
                    "timestamp":"2025-09-28 00:46:00.023",
                    "level": "ERROR",
                    "thread": "task-executor-11",
                    "class": "c.z.s.service.impl.OrderTaskServiceImpl",
                    "message": "OrderTaskServiceImpl.autoCancel | 订单不存在，orderNo: PT629175896604985826248" }
                    
{
                    "app": "Crmeb",
                    "timestamp":"2025-09-28 00:47:00.019",
                    "level": "ERROR",
                    "thread": "task-executor-16",
                    "class": "c.z.s.service.impl.OrderTaskServiceImpl",
                    "message": "OrderTaskServiceImpl.autoCancel | 订单不存在，orderNo: PT629175896604985826248" }
                    
{
                    "app": "Crmeb",
                    "timestamp":"2025-09-28 00:48:00.031",
                    "level": "ERROR",
                    "thread": "task-executor-1",
                    "class": "c.z.s.service.impl.OrderTaskServiceImpl",
                    "message": "OrderTaskServiceImpl.autoCancel | 订单不存在，orderNo: PT629175896604985826248" }
                    
{
                    "app": "Crmeb",
                    "timestamp":"2025-09-28 00:49:00.020",
                    "level": "ERROR",
                    "thread": "task-executor-2",
                    "class": "c.z.s.service.impl.OrderTaskServiceImpl",
                    "message": "OrderTaskServiceImpl.autoCancel | 订单不存在，orderNo: PT629175896604985826248" }
                    
{
                    "app": "Crmeb",
                    "timestamp":"2025-09-28 00:50:00.020",
                    "level": "ERROR",
                    "thread": "task-executor-11",
                    "class": "c.z.s.service.impl.OrderTaskServiceImpl",
                    "message": "OrderTaskServiceImpl.autoCancel | 订单不存在，orderNo: PT629175896604985826248" }
                    
{
                    "app": "Crmeb",
                    "timestamp":"2025-09-28 00:51:00.022",
                    "level": "ERROR",
                    "thread": "task-executor-16",
                    "class": "c.z.s.service.impl.OrderTaskServiceImpl",
                    "message": "OrderTaskServiceImpl.autoCancel | 订单不存在，orderNo: PT629175896604985826248" }
                    
{
                    "app": "Crmeb",
                    "timestamp":"2025-09-28 00:52:00.021",
                    "level": "ERROR",
                    "thread": "task-executor-1",
                    "class": "c.z.s.service.impl.OrderTaskServiceImpl",
                    "message": "OrderTaskServiceImpl.autoCancel | 订单不存在，orderNo: PT629175896604985826248" }
                    
{
                    "app": "Crmeb",
                    "timestamp":"2025-09-28 00:53:00.027",
                    "level": "ERROR",
                    "thread": "task-executor-2",
                    "class": "c.z.s.service.impl.OrderTaskServiceImpl",
                    "message": "OrderTaskServiceImpl.autoCancel | 订单不存在，orderNo: PT629175896604985826248" }
                    
{
                    "app": "Crmeb",
                    "timestamp":"2025-09-28 00:54:00.012",
                    "level": "ERROR",
                    "thread": "task-executor-11",
                    "class": "c.z.s.service.impl.OrderTaskServiceImpl",
                    "message": "OrderTaskServiceImpl.autoCancel | 订单不存在，orderNo: PT629175896604985826248" }
                    
{
                    "app": "Crmeb",
                    "timestamp":"2025-09-28 00:55:00.032",
                    "level": "ERROR",
                    "thread": "task-executor-16",
                    "class": "c.z.s.service.impl.OrderTaskServiceImpl",
                    "message": "OrderTaskServiceImpl.autoCancel | 订单不存在，orderNo: PT629175896604985826248" }
                    
{
                    "app": "Crmeb",
                    "timestamp":"2025-09-28 00:56:00.022",
                    "level": "ERROR",
                    "thread": "task-executor-1",
                    "class": "c.z.s.service.impl.OrderTaskServiceImpl",
                    "message": "OrderTaskServiceImpl.autoCancel | 订单不存在，orderNo: PT629175896604985826248" }
                    
{
                    "app": "Crmeb",
                    "timestamp":"2025-09-28 00:57:00.023",
                    "level": "ERROR",
                    "thread": "task-executor-2",
                    "class": "c.z.s.service.impl.OrderTaskServiceImpl",
                    "message": "OrderTaskServiceImpl.autoCancel | 订单不存在，orderNo: PT629175896604985826248" }
                    
{
                    "app": "Crmeb",
                    "timestamp":"2025-09-28 00:58:00.018",
                    "level": "ERROR",
                    "thread": "task-executor-11",
                    "class": "c.z.s.service.impl.OrderTaskServiceImpl",
                    "message": "OrderTaskServiceImpl.autoCancel | 订单不存在，orderNo: PT629175896604985826248" }
                    
{
                    "app": "Crmeb",
                    "timestamp":"2025-09-28 00:59:00.022",
                    "level": "ERROR",
                    "thread": "task-executor-17",
                    "class": "c.z.s.service.impl.OrderTaskServiceImpl",
                    "message": "OrderTaskServiceImpl.autoCancel | 订单不存在，orderNo: PT629175896604985826248" }
                    
{
                    "app": "Crmeb",
                    "timestamp":"2025-09-28 01:00:00.027",
                    "level": "ERROR",
                    "thread": "task-executor-1",
                    "class": "c.z.s.service.impl.OrderTaskServiceImpl",
                    "message": "OrderTaskServiceImpl.autoCancel | 订单不存在，orderNo: PT629175896604985826248" }
                    
{
                    "app": "Crmeb",
                    "timestamp":"2025-09-28 01:01:00.025",
                    "level": "ERROR",
                    "thread": "task-executor-2",
                    "class": "c.z.s.service.impl.OrderTaskServiceImpl",
                    "message": "OrderTaskServiceImpl.autoCancel | 订单不存在，orderNo: PT629175896604985826248" }
                    
{
                    "app": "Crmeb",
                    "timestamp":"2025-09-28 01:02:00.021",
                    "level": "ERROR",
                    "thread": "task-executor-11",
                    "class": "c.z.s.service.impl.OrderTaskServiceImpl",
                    "message": "OrderTaskServiceImpl.autoCancel | 订单不存在，orderNo: PT629175896604985826248" }
                    
{
                    "app": "Crmeb",
                    "timestamp":"2025-09-28 01:03:00.020",
                    "level": "ERROR",
                    "thread": "task-executor-17",
                    "class": "c.z.s.service.impl.OrderTaskServiceImpl",
                    "message": "OrderTaskServiceImpl.autoCancel | 订单不存在，orderNo: PT629175896604985826248" }
                    
{
                    "app": "Crmeb",
                    "timestamp":"2025-09-28 01:04:00.017",
                    "level": "ERROR",
                    "thread": "task-executor-1",
                    "class": "c.z.s.service.impl.OrderTaskServiceImpl",
                    "message": "OrderTaskServiceImpl.autoCancel | 订单不存在，orderNo: PT629175896604985826248" }
                    
{
                    "app": "Crmeb",
                    "timestamp":"2025-09-28 01:05:00.025",
                    "level": "ERROR",
                    "thread": "task-executor-7",
                    "class": "c.z.s.service.impl.OrderTaskServiceImpl",
                    "message": "OrderTaskServiceImpl.autoCancel | 订单不存在，orderNo: PT629175896604985826248" }
                    
{
                    "app": "Crmeb",
                    "timestamp":"2025-09-28 01:06:00.014",
                    "level": "ERROR",
                    "thread": "task-executor-11",
                    "class": "c.z.s.service.impl.OrderTaskServiceImpl",
                    "message": "OrderTaskServiceImpl.autoCancel | 订单不存在，orderNo: PT629175896604985826248" }
                    
{
                    "app": "Crmeb",
                    "timestamp":"2025-09-28 01:07:00.021",
                    "level": "ERROR",
                    "thread": "task-executor-17",
                    "class": "c.z.s.service.impl.OrderTaskServiceImpl",
                    "message": "OrderTaskServiceImpl.autoCancel | 订单不存在，orderNo: PT629175896604985826248" }
                    
{
                    "app": "Crmeb",
                    "timestamp":"2025-09-28 01:08:00.023",
                    "level": "ERROR",
                    "thread": "task-executor-1",
                    "class": "c.z.s.service.impl.OrderTaskServiceImpl",
                    "message": "OrderTaskServiceImpl.autoCancel | 订单不存在，orderNo: PT629175896604985826248" }
                    
{
                    "app": "Crmeb",
                    "timestamp":"2025-09-28 01:09:00.016",
                    "level": "ERROR",
                    "thread": "task-executor-7",
                    "class": "c.z.s.service.impl.OrderTaskServiceImpl",
                    "message": "OrderTaskServiceImpl.autoCancel | 订单不存在，orderNo: PT629175896604985826248" }
                    
{
                    "app": "Crmeb",
                    "timestamp":"2025-09-28 01:10:00.021",
                    "level": "ERROR",
                    "thread": "task-executor-11",
                    "class": "c.z.s.service.impl.OrderTaskServiceImpl",
                    "message": "OrderTaskServiceImpl.autoCancel | 订单不存在，orderNo: PT629175896604985826248" }
                    
{
                    "app": "Crmeb",
                    "timestamp":"2025-09-28 01:11:00.019",
                    "level": "ERROR",
                    "thread": "task-executor-17",
                    "class": "c.z.s.service.impl.OrderTaskServiceImpl",
                    "message": "OrderTaskServiceImpl.autoCancel | 订单不存在，orderNo: PT629175896604985826248" }
                    
{
                    "app": "Crmeb",
                    "timestamp":"2025-09-28 01:12:00.026",
                    "level": "ERROR",
                    "thread": "task-executor-1",
                    "class": "c.z.s.service.impl.OrderTaskServiceImpl",
                    "message": "OrderTaskServiceImpl.autoCancel | 订单不存在，orderNo: PT629175896604985826248" }
                    
{
                    "app": "Crmeb",
                    "timestamp":"2025-09-28 01:13:00.020",
                    "level": "ERROR",
                    "thread": "task-executor-7",
                    "class": "c.z.s.service.impl.OrderTaskServiceImpl",
                    "message": "OrderTaskServiceImpl.autoCancel | 订单不存在，orderNo: PT629175896604985826248" }
                    
{
                    "app": "Crmeb",
                    "timestamp":"2025-09-28 01:14:00.022",
                    "level": "ERROR",
                    "thread": "task-executor-11",
                    "class": "c.z.s.service.impl.OrderTaskServiceImpl",
                    "message": "OrderTaskServiceImpl.autoCancel | 订单不存在，orderNo: PT629175896604985826248" }
                    
{
                    "app": "Crmeb",
                    "timestamp":"2025-09-28 01:15:00.015",
                    "level": "ERROR",
                    "thread": "task-executor-17",
                    "class": "c.z.s.service.impl.OrderTaskServiceImpl",
                    "message": "OrderTaskServiceImpl.autoCancel | 订单不存在，orderNo: PT629175896604985826248" }
                    
{
                    "app": "Crmeb",
                    "timestamp":"2025-09-28 01:16:00.026",
                    "level": "ERROR",
                    "thread": "task-executor-1",
                    "class": "c.z.s.service.impl.OrderTaskServiceImpl",
                    "message": "OrderTaskServiceImpl.autoCancel | 订单不存在，orderNo: PT629175896604985826248" }
                    
{
                    "app": "Crmeb",
                    "timestamp":"2025-09-28 01:17:00.014",
                    "level": "ERROR",
                    "thread": "task-executor-7",
                    "class": "c.z.s.service.impl.OrderTaskServiceImpl",
                    "message": "OrderTaskServiceImpl.autoCancel | 订单不存在，orderNo: PT629175896604985826248" }
                    
{
                    "app": "Crmeb",
                    "timestamp":"2025-09-28 01:18:00.026",
                    "level": "ERROR",
                    "thread": "task-executor-11",
                    "class": "c.z.s.service.impl.OrderTaskServiceImpl",
                    "message": "OrderTaskServiceImpl.autoCancel | 订单不存在，orderNo: PT629175896604985826248" }
                    
{
                    "app": "Crmeb",
                    "timestamp":"2025-09-28 01:19:00.032",
                    "level": "ERROR",
                    "thread": "task-executor-17",
                    "class": "c.z.s.service.impl.OrderTaskServiceImpl",
                    "message": "OrderTaskServiceImpl.autoCancel | 订单不存在，orderNo: PT629175896604985826248" }
                    
{
                    "app": "Crmeb",
                    "timestamp":"2025-09-28 01:20:00.015",
                    "level": "ERROR",
                    "thread": "task-executor-1",
                    "class": "c.z.s.service.impl.OrderTaskServiceImpl",
                    "message": "OrderTaskServiceImpl.autoCancel | 订单不存在，orderNo: PT629175896604985826248" }
                    
{
                    "app": "Crmeb",
                    "timestamp":"2025-09-28 01:21:00.022",
                    "level": "ERROR",
                    "thread": "task-executor-7",
                    "class": "c.z.s.service.impl.OrderTaskServiceImpl",
                    "message": "OrderTaskServiceImpl.autoCancel | 订单不存在，orderNo: PT629175896604985826248" }
                    
{
                    "app": "Crmeb",
                    "timestamp":"2025-09-28 01:22:00.023",
                    "level": "ERROR",
                    "thread": "task-executor-11",
                    "class": "c.z.s.service.impl.OrderTaskServiceImpl",
                    "message": "OrderTaskServiceImpl.autoCancel | 订单不存在，orderNo: PT629175896604985826248" }
                    
{
                    "app": "Crmeb",
                    "timestamp":"2025-09-28 01:23:00.029",
                    "level": "ERROR",
                    "thread": "task-executor-17",
                    "class": "c.z.s.service.impl.OrderTaskServiceImpl",
                    "message": "OrderTaskServiceImpl.autoCancel | 订单不存在，orderNo: PT629175896604985826248" }
                    
{
                    "app": "Crmeb",
                    "timestamp":"2025-09-28 01:24:00.017",
                    "level": "ERROR",
                    "thread": "task-executor-1",
                    "class": "c.z.s.service.impl.OrderTaskServiceImpl",
                    "message": "OrderTaskServiceImpl.autoCancel | 订单不存在，orderNo: PT629175896604985826248" }
                    
{
                    "app": "Crmeb",
                    "timestamp":"2025-09-28 01:25:00.021",
                    "level": "ERROR",
                    "thread": "task-executor-7",
                    "class": "c.z.s.service.impl.OrderTaskServiceImpl",
                    "message": "OrderTaskServiceImpl.autoCancel | 订单不存在，orderNo: PT629175896604985826248" }
                    
{
                    "app": "Crmeb",
                    "timestamp":"2025-09-28 01:26:00.033",
                    "level": "ERROR",
                    "thread": "task-executor-11",
                    "class": "c.z.s.service.impl.OrderTaskServiceImpl",
                    "message": "OrderTaskServiceImpl.autoCancel | 订单不存在，orderNo: PT629175896604985826248" }
                    
{
                    "app": "Crmeb",
                    "timestamp":"2025-09-28 01:27:00.022",
                    "level": "ERROR",
                    "thread": "task-executor-17",
                    "class": "c.z.s.service.impl.OrderTaskServiceImpl",
                    "message": "OrderTaskServiceImpl.autoCancel | 订单不存在，orderNo: PT629175896604985826248" }
                    
{
                    "app": "Crmeb",
                    "timestamp":"2025-09-28 01:28:00.031",
                    "level": "ERROR",
                    "thread": "task-executor-1",
                    "class": "c.z.s.service.impl.OrderTaskServiceImpl",
                    "message": "OrderTaskServiceImpl.autoCancel | 订单不存在，orderNo: PT629175896604985826248" }
                    
{
                    "app": "Crmeb",
                    "timestamp":"2025-09-28 01:29:00.015",
                    "level": "ERROR",
                    "thread": "task-executor-7",
                    "class": "c.z.s.service.impl.OrderTaskServiceImpl",
                    "message": "OrderTaskServiceImpl.autoCancel | 订单不存在，orderNo: PT629175896604985826248" }
                    
{
                    "app": "Crmeb",
                    "timestamp":"2025-09-28 01:30:00.022",
                    "level": "ERROR",
                    "thread": "task-executor-10",
                    "class": "c.z.s.service.impl.OrderTaskServiceImpl",
                    "message": "OrderTaskServiceImpl.autoCancel | 订单不存在，orderNo: PT629175896604985826248" }
                    
{
                    "app": "Crmeb",
                    "timestamp":"2025-09-28 01:31:00.029",
                    "level": "ERROR",
                    "thread": "task-executor-17",
                    "class": "c.z.s.service.impl.OrderTaskServiceImpl",
                    "message": "OrderTaskServiceImpl.autoCancel | 订单不存在，orderNo: PT629175896604985826248" }
                    
{
                    "app": "Crmeb",
                    "timestamp":"2025-09-28 01:32:00.015",
                    "level": "ERROR",
                    "thread": "task-executor-1",
                    "class": "c.z.s.service.impl.OrderTaskServiceImpl",
                    "message": "OrderTaskServiceImpl.autoCancel | 订单不存在，orderNo: PT629175896604985826248" }
                    
{
                    "app": "Crmeb",
                    "timestamp":"2025-09-28 01:33:00.021",
                    "level": "ERROR",
                    "thread": "task-executor-7",
                    "class": "c.z.s.service.impl.OrderTaskServiceImpl",
                    "message": "OrderTaskServiceImpl.autoCancel | 订单不存在，orderNo: PT629175896604985826248" }
                    
{
                    "app": "Crmeb",
                    "timestamp":"2025-09-28 01:34:00.031",
                    "level": "ERROR",
                    "thread": "task-executor-10",
                    "class": "c.z.s.service.impl.OrderTaskServiceImpl",
                    "message": "OrderTaskServiceImpl.autoCancel | 订单不存在，orderNo: PT629175896604985826248" }
                    
{
                    "app": "Crmeb",
                    "timestamp":"2025-09-28 01:35:00.011",
                    "level": "ERROR",
                    "thread": "task-executor-17",
                    "class": "c.z.s.service.impl.OrderTaskServiceImpl",
                    "message": "OrderTaskServiceImpl.autoCancel | 订单不存在，orderNo: PT629175896604985826248" }
                    
{
                    "app": "Crmeb",
                    "timestamp":"2025-09-28 01:36:00.021",
                    "level": "ERROR",
                    "thread": "task-executor-1",
                    "class": "c.z.s.service.impl.OrderTaskServiceImpl",
                    "message": "OrderTaskServiceImpl.autoCancel | 订单不存在，orderNo: PT629175896604985826248" }
                    
{
                    "app": "Crmeb",
                    "timestamp":"2025-09-28 01:37:00.015",
                    "level": "ERROR",
                    "thread": "task-executor-7",
                    "class": "c.z.s.service.impl.OrderTaskServiceImpl",
                    "message": "OrderTaskServiceImpl.autoCancel | 订单不存在，orderNo: PT629175896604985826248" }
                    
{
                    "app": "Crmeb",
                    "timestamp":"2025-09-28 01:38:00.022",
                    "level": "ERROR",
                    "thread": "task-executor-10",
                    "class": "c.z.s.service.impl.OrderTaskServiceImpl",
                    "message": "OrderTaskServiceImpl.autoCancel | 订单不存在，orderNo: PT629175896604985826248" }
                    
{
                    "app": "Crmeb",
                    "timestamp":"2025-09-28 01:39:00.023",
                    "level": "ERROR",
                    "thread": "task-executor-16",
                    "class": "c.z.s.service.impl.OrderTaskServiceImpl",
                    "message": "OrderTaskServiceImpl.autoCancel | 订单不存在，orderNo: PT629175896604985826248" }
                    
{
                    "app": "Crmeb",
                    "timestamp":"2025-09-28 01:40:00.015",
                    "level": "ERROR",
                    "thread": "task-executor-1",
                    "class": "c.z.s.service.impl.OrderTaskServiceImpl",
                    "message": "OrderTaskServiceImpl.autoCancel | 订单不存在，orderNo: PT629175896604985826248" }
                    
{
                    "app": "Crmeb",
                    "timestamp":"2025-09-28 01:41:00.022",
                    "level": "ERROR",
                    "thread": "task-executor-7",
                    "class": "c.z.s.service.impl.OrderTaskServiceImpl",
                    "message": "OrderTaskServiceImpl.autoCancel | 订单不存在，orderNo: PT629175896604985826248" }
                    
{
                    "app": "Crmeb",
                    "timestamp":"2025-09-28 01:42:00.029",
                    "level": "ERROR",
                    "thread": "task-executor-10",
                    "class": "c.z.s.service.impl.OrderTaskServiceImpl",
                    "message": "OrderTaskServiceImpl.autoCancel | 订单不存在，orderNo: PT629175896604985826248" }
                    
{
                    "app": "Crmeb",
                    "timestamp":"2025-09-28 01:43:00.017",
                    "level": "ERROR",
                    "thread": "task-executor-16",
                    "class": "c.z.s.service.impl.OrderTaskServiceImpl",
                    "message": "OrderTaskServiceImpl.autoCancel | 订单不存在，orderNo: PT629175896604985826248" }
                    
{
                    "app": "Crmeb",
                    "timestamp":"2025-09-28 01:44:00.020",
                    "level": "ERROR",
                    "thread": "task-executor-1",
                    "class": "c.z.s.service.impl.OrderTaskServiceImpl",
                    "message": "OrderTaskServiceImpl.autoCancel | 订单不存在，orderNo: PT629175896604985826248" }
                    
{
                    "app": "Crmeb",
                    "timestamp":"2025-09-28 01:45:00.016",
                    "level": "ERROR",
                    "thread": "task-executor-7",
                    "class": "c.z.s.service.impl.OrderTaskServiceImpl",
                    "message": "OrderTaskServiceImpl.autoCancel | 订单不存在，orderNo: PT629175896604985826248" }
                    
{
                    "app": "Crmeb",
                    "timestamp":"2025-09-28 01:46:00.016",
                    "level": "ERROR",
                    "thread": "task-executor-10",
                    "class": "c.z.s.service.impl.OrderTaskServiceImpl",
                    "message": "OrderTaskServiceImpl.autoCancel | 订单不存在，orderNo: PT629175896604985826248" }
                    
{
                    "app": "Crmeb",
                    "timestamp":"2025-09-28 01:47:00.032",
                    "level": "ERROR",
                    "thread": "task-executor-16",
                    "class": "c.z.s.service.impl.OrderTaskServiceImpl",
                    "message": "OrderTaskServiceImpl.autoCancel | 订单不存在，orderNo: PT629175896604985826248" }
                    
{
                    "app": "Crmeb",
                    "timestamp":"2025-09-28 01:48:00.026",
                    "level": "ERROR",
                    "thread": "task-executor-1",
                    "class": "c.z.s.service.impl.OrderTaskServiceImpl",
                    "message": "OrderTaskServiceImpl.autoCancel | 订单不存在，orderNo: PT629175896604985826248" }
                    
{
                    "app": "Crmeb",
                    "timestamp":"2025-09-28 01:49:00.024",
                    "level": "ERROR",
                    "thread": "task-executor-7",
                    "class": "c.z.s.service.impl.OrderTaskServiceImpl",
                    "message": "OrderTaskServiceImpl.autoCancel | 订单不存在，orderNo: PT629175896604985826248" }
                    
{
                    "app": "Crmeb",
                    "timestamp":"2025-09-28 01:50:00.036",
                    "level": "ERROR",
                    "thread": "task-executor-10",
                    "class": "c.z.s.service.impl.OrderTaskServiceImpl",
                    "message": "OrderTaskServiceImpl.autoCancel | 订单不存在，orderNo: PT629175896604985826248" }
                    
{
                    "app": "Crmeb",
                    "timestamp":"2025-09-28 01:51:00.020",
                    "level": "ERROR",
                    "thread": "task-executor-16",
                    "class": "c.z.s.service.impl.OrderTaskServiceImpl",
                    "message": "OrderTaskServiceImpl.autoCancel | 订单不存在，orderNo: PT629175896604985826248" }
                    
{
                    "app": "Crmeb",
                    "timestamp":"2025-09-28 01:52:00.021",
                    "level": "ERROR",
                    "thread": "task-executor-1",
                    "class": "c.z.s.service.impl.OrderTaskServiceImpl",
                    "message": "OrderTaskServiceImpl.autoCancel | 订单不存在，orderNo: PT629175896604985826248" }
                    
{
                    "app": "Crmeb",
                    "timestamp":"2025-09-28 01:53:00.021",
                    "level": "ERROR",
                    "thread": "task-executor-7",
                    "class": "c.z.s.service.impl.OrderTaskServiceImpl",
                    "message": "OrderTaskServiceImpl.autoCancel | 订单不存在，orderNo: PT629175896604985826248" }
                    
{
                    "app": "Crmeb",
                    "timestamp":"2025-09-28 01:54:00.022",
                    "level": "ERROR",
                    "thread": "task-executor-10",
                    "class": "c.z.s.service.impl.OrderTaskServiceImpl",
                    "message": "OrderTaskServiceImpl.autoCancel | 订单不存在，orderNo: PT629175896604985826248" }
                    
{
                    "app": "Crmeb",
                    "timestamp":"2025-09-28 01:55:00.022",
                    "level": "ERROR",
                    "thread": "task-executor-16",
                    "class": "c.z.s.service.impl.OrderTaskServiceImpl",
                    "message": "OrderTaskServiceImpl.autoCancel | 订单不存在，orderNo: PT629175896604985826248" }
                    
{
                    "app": "Crmeb",
                    "timestamp":"2025-09-28 01:56:00.022",
                    "level": "ERROR",
                    "thread": "task-executor-1",
                    "class": "c.z.s.service.impl.OrderTaskServiceImpl",
                    "message": "OrderTaskServiceImpl.autoCancel | 订单不存在，orderNo: PT629175896604985826248" }
                    
{
                    "app": "Crmeb",
                    "timestamp":"2025-09-28 01:57:00.021",
                    "level": "ERROR",
                    "thread": "task-executor-7",
                    "class": "c.z.s.service.impl.OrderTaskServiceImpl",
                    "message": "OrderTaskServiceImpl.autoCancel | 订单不存在，orderNo: PT629175896604985826248" }
                    
{
                    "app": "Crmeb",
                    "timestamp":"2025-09-28 01:58:00.023",
                    "level": "ERROR",
                    "thread": "task-executor-10",
                    "class": "c.z.s.service.impl.OrderTaskServiceImpl",
                    "message": "OrderTaskServiceImpl.autoCancel | 订单不存在，orderNo: PT629175896604985826248" }
                    
{
                    "app": "Crmeb",
                    "timestamp":"2025-09-28 01:59:00.018",
                    "level": "ERROR",
                    "thread": "task-executor-16",
                    "class": "c.z.s.service.impl.OrderTaskServiceImpl",
                    "message": "OrderTaskServiceImpl.autoCancel | 订单不存在，orderNo: PT629175896604985826248" }
                    
{
                    "app": "Crmeb",
                    "timestamp":"2025-09-28 02:00:00.021",
                    "level": "ERROR",
                    "thread": "task-executor-1",
                    "class": "c.z.s.service.impl.OrderTaskServiceImpl",
                    "message": "OrderTaskServiceImpl.autoCancel | 订单不存在，orderNo: PT629175896604985826248" }
                    
{
                    "app": "Crmeb",
                    "timestamp":"2025-09-28 02:01:00.028",
                    "level": "ERROR",
                    "thread": "task-executor-7",
                    "class": "c.z.s.service.impl.OrderTaskServiceImpl",
                    "message": "OrderTaskServiceImpl.autoCancel | 订单不存在，orderNo: PT629175896604985826248" }
                    
{
                    "app": "Crmeb",
                    "timestamp":"2025-09-28 02:02:00.024",
                    "level": "ERROR",
                    "thread": "task-executor-10",
                    "class": "c.z.s.service.impl.OrderTaskServiceImpl",
                    "message": "OrderTaskServiceImpl.autoCancel | 订单不存在，orderNo: PT629175896604985826248" }
                    
{
                    "app": "Crmeb",
                    "timestamp":"2025-09-28 02:03:00.018",
                    "level": "ERROR",
                    "thread": "task-executor-16",
                    "class": "c.z.s.service.impl.OrderTaskServiceImpl",
                    "message": "OrderTaskServiceImpl.autoCancel | 订单不存在，orderNo: PT629175896604985826248" }
                    
{
                    "app": "Crmeb",
                    "timestamp":"2025-09-28 02:04:00.018",
                    "level": "ERROR",
                    "thread": "task-executor-1",
                    "class": "c.z.s.service.impl.OrderTaskServiceImpl",
                    "message": "OrderTaskServiceImpl.autoCancel | 订单不存在，orderNo: PT629175896604985826248" }
                    
{
                    "app": "Crmeb",
                    "timestamp":"2025-09-28 02:05:00.023",
                    "level": "ERROR",
                    "thread": "task-executor-7",
                    "class": "c.z.s.service.impl.OrderTaskServiceImpl",
                    "message": "OrderTaskServiceImpl.autoCancel | 订单不存在，orderNo: PT629175896604985826248" }
                    
{
                    "app": "Crmeb",
                    "timestamp":"2025-09-28 02:06:00.025",
                    "level": "ERROR",
                    "thread": "task-executor-10",
                    "class": "c.z.s.service.impl.OrderTaskServiceImpl",
                    "message": "OrderTaskServiceImpl.autoCancel | 订单不存在，orderNo: PT629175896604985826248" }
                    
{
                    "app": "Crmeb",
                    "timestamp":"2025-09-28 02:07:00.024",
                    "level": "ERROR",
                    "thread": "task-executor-16",
                    "class": "c.z.s.service.impl.OrderTaskServiceImpl",
                    "message": "OrderTaskServiceImpl.autoCancel | 订单不存在，orderNo: PT629175896604985826248" }
                    
{
                    "app": "Crmeb",
                    "timestamp":"2025-09-28 02:08:00.021",
                    "level": "ERROR",
                    "thread": "task-executor-1",
                    "class": "c.z.s.service.impl.OrderTaskServiceImpl",
                    "message": "OrderTaskServiceImpl.autoCancel | 订单不存在，orderNo: PT629175896604985826248" }
                    
{
                    "app": "Crmeb",
                    "timestamp":"2025-09-28 02:09:00.022",
                    "level": "ERROR",
                    "thread": "task-executor-7",
                    "class": "c.z.s.service.impl.OrderTaskServiceImpl",
                    "message": "OrderTaskServiceImpl.autoCancel | 订单不存在，orderNo: PT629175896604985826248" }
                    
{
                    "app": "Crmeb",
                    "timestamp":"2025-09-28 02:10:00.031",
                    "level": "ERROR",
                    "thread": "task-executor-10",
                    "class": "c.z.s.service.impl.OrderTaskServiceImpl",
                    "message": "OrderTaskServiceImpl.autoCancel | 订单不存在，orderNo: PT629175896604985826248" }
                    
{
                    "app": "Crmeb",
                    "timestamp":"2025-09-28 02:11:00.013",
                    "level": "ERROR",
                    "thread": "task-executor-16",
                    "class": "c.z.s.service.impl.OrderTaskServiceImpl",
                    "message": "OrderTaskServiceImpl.autoCancel | 订单不存在，orderNo: PT629175896604985826248" }
                    
{
                    "app": "Crmeb",
                    "timestamp":"2025-09-28 02:12:00.021",
                    "level": "ERROR",
                    "thread": "task-executor-1",
                    "class": "c.z.s.service.impl.OrderTaskServiceImpl",
                    "message": "OrderTaskServiceImpl.autoCancel | 订单不存在，orderNo: PT629175896604985826248" }
                    
{
                    "app": "Crmeb",
                    "timestamp":"2025-09-28 02:13:00.013",
                    "level": "ERROR",
                    "thread": "task-executor-7",
                    "class": "c.z.s.service.impl.OrderTaskServiceImpl",
                    "message": "OrderTaskServiceImpl.autoCancel | 订单不存在，orderNo: PT629175896604985826248" }
                    
{
                    "app": "Crmeb",
                    "timestamp":"2025-09-28 02:14:00.020",
                    "level": "ERROR",
                    "thread": "task-executor-10",
                    "class": "c.z.s.service.impl.OrderTaskServiceImpl",
                    "message": "OrderTaskServiceImpl.autoCancel | 订单不存在，orderNo: PT629175896604985826248" }
                    
{
                    "app": "Crmeb",
                    "timestamp":"2025-09-28 02:15:00.019",
                    "level": "ERROR",
                    "thread": "task-executor-16",
                    "class": "c.z.s.service.impl.OrderTaskServiceImpl",
                    "message": "OrderTaskServiceImpl.autoCancel | 订单不存在，orderNo: PT629175896604985826248" }
                    
{
                    "app": "Crmeb",
                    "timestamp":"2025-09-28 02:16:00.021",
                    "level": "ERROR",
                    "thread": "task-executor-1",
                    "class": "c.z.s.service.impl.OrderTaskServiceImpl",
                    "message": "OrderTaskServiceImpl.autoCancel | 订单不存在，orderNo: PT629175896604985826248" }
                    
{
                    "app": "Crmeb",
                    "timestamp":"2025-09-28 02:17:00.025",
                    "level": "ERROR",
                    "thread": "task-executor-7",
                    "class": "c.z.s.service.impl.OrderTaskServiceImpl",
                    "message": "OrderTaskServiceImpl.autoCancel | 订单不存在，orderNo: PT629175896604985826248" }
                    
{
                    "app": "Crmeb",
                    "timestamp":"2025-09-28 02:18:00.020",
                    "level": "ERROR",
                    "thread": "task-executor-10",
                    "class": "c.z.s.service.impl.OrderTaskServiceImpl",
                    "message": "OrderTaskServiceImpl.autoCancel | 订单不存在，orderNo: PT629175896604985826248" }
                    
{
                    "app": "Crmeb",
                    "timestamp":"2025-09-28 02:19:00.022",
                    "level": "ERROR",
                    "thread": "task-executor-16",
                    "class": "c.z.s.service.impl.OrderTaskServiceImpl",
                    "message": "OrderTaskServiceImpl.autoCancel | 订单不存在，orderNo: PT629175896604985826248" }
                    
{
                    "app": "Crmeb",
                    "timestamp":"2025-09-28 02:20:00.026",
                    "level": "ERROR",
                    "thread": "task-executor-1",
                    "class": "c.z.s.service.impl.OrderTaskServiceImpl",
                    "message": "OrderTaskServiceImpl.autoCancel | 订单不存在，orderNo: PT629175896604985826248" }
                    
{
                    "app": "Crmeb",
                    "timestamp":"2025-09-28 02:21:00.018",
                    "level": "ERROR",
                    "thread": "task-executor-7",
                    "class": "c.z.s.service.impl.OrderTaskServiceImpl",
                    "message": "OrderTaskServiceImpl.autoCancel | 订单不存在，orderNo: PT629175896604985826248" }
                    
{
                    "app": "Crmeb",
                    "timestamp":"2025-09-28 02:22:00.015",
                    "level": "ERROR",
                    "thread": "task-executor-10",
                    "class": "c.z.s.service.impl.OrderTaskServiceImpl",
                    "message": "OrderTaskServiceImpl.autoCancel | 订单不存在，orderNo: PT629175896604985826248" }
                    
{
                    "app": "Crmeb",
                    "timestamp":"2025-09-28 02:23:00.031",
                    "level": "ERROR",
                    "thread": "task-executor-16",
                    "class": "c.z.s.service.impl.OrderTaskServiceImpl",
                    "message": "OrderTaskServiceImpl.autoCancel | 订单不存在，orderNo: PT629175896604985826248" }
                    
{
                    "app": "Crmeb",
                    "timestamp":"2025-09-28 02:24:00.021",
                    "level": "ERROR",
                    "thread": "task-executor-1",
                    "class": "c.z.s.service.impl.OrderTaskServiceImpl",
                    "message": "OrderTaskServiceImpl.autoCancel | 订单不存在，orderNo: PT629175896604985826248" }
                    
{
                    "app": "Crmeb",
                    "timestamp":"2025-09-28 02:25:00.028",
                    "level": "ERROR",
                    "thread": "task-executor-7",
                    "class": "c.z.s.service.impl.OrderTaskServiceImpl",
                    "message": "OrderTaskServiceImpl.autoCancel | 订单不存在，orderNo: PT629175896604985826248" }
                    
{
                    "app": "Crmeb",
                    "timestamp":"2025-09-28 02:26:00.015",
                    "level": "ERROR",
                    "thread": "task-executor-10",
                    "class": "c.z.s.service.impl.OrderTaskServiceImpl",
                    "message": "OrderTaskServiceImpl.autoCancel | 订单不存在，orderNo: PT629175896604985826248" }
                    
{
                    "app": "Crmeb",
                    "timestamp":"2025-09-28 02:27:00.026",
                    "level": "ERROR",
                    "thread": "task-executor-16",
                    "class": "c.z.s.service.impl.OrderTaskServiceImpl",
                    "message": "OrderTaskServiceImpl.autoCancel | 订单不存在，orderNo: PT629175896604985826248" }
                    
{
                    "app": "Crmeb",
                    "timestamp":"2025-09-28 02:28:00.015",
                    "level": "ERROR",
                    "thread": "task-executor-1",
                    "class": "c.z.s.service.impl.OrderTaskServiceImpl",
                    "message": "OrderTaskServiceImpl.autoCancel | 订单不存在，orderNo: PT629175896604985826248" }
                    
{
                    "app": "Crmeb",
                    "timestamp":"2025-09-28 02:29:00.018",
                    "level": "ERROR",
                    "thread": "task-executor-7",
                    "class": "c.z.s.service.impl.OrderTaskServiceImpl",
                    "message": "OrderTaskServiceImpl.autoCancel | 订单不存在，orderNo: PT629175896604985826248" }
                    
{
                    "app": "Crmeb",
                    "timestamp":"2025-09-28 02:30:00.031",
                    "level": "ERROR",
                    "thread": "task-executor-10",
                    "class": "c.z.s.service.impl.OrderTaskServiceImpl",
                    "message": "OrderTaskServiceImpl.autoCancel | 订单不存在，orderNo: PT629175896604985826248" }
                    
{
                    "app": "Crmeb",
                    "timestamp":"2025-09-28 02:31:00.022",
                    "level": "ERROR",
                    "thread": "task-executor-16",
                    "class": "c.z.s.service.impl.OrderTaskServiceImpl",
                    "message": "OrderTaskServiceImpl.autoCancel | 订单不存在，orderNo: PT629175896604985826248" }
                    
{
                    "app": "Crmeb",
                    "timestamp":"2025-09-28 02:32:00.022",
                    "level": "ERROR",
                    "thread": "task-executor-1",
                    "class": "c.z.s.service.impl.OrderTaskServiceImpl",
                    "message": "OrderTaskServiceImpl.autoCancel | 订单不存在，orderNo: PT629175896604985826248" }
                    
{
                    "app": "Crmeb",
                    "timestamp":"2025-09-28 02:33:00.024",
                    "level": "ERROR",
                    "thread": "task-executor-7",
                    "class": "c.z.s.service.impl.OrderTaskServiceImpl",
                    "message": "OrderTaskServiceImpl.autoCancel | 订单不存在，orderNo: PT629175896604985826248" }
                    
{
                    "app": "Crmeb",
                    "timestamp":"2025-09-28 02:34:00.022",
                    "level": "ERROR",
                    "thread": "task-executor-10",
                    "class": "c.z.s.service.impl.OrderTaskServiceImpl",
                    "message": "OrderTaskServiceImpl.autoCancel | 订单不存在，orderNo: PT629175896604985826248" }
                    
{
                    "app": "Crmeb",
                    "timestamp":"2025-09-28 02:35:00.022",
                    "level": "ERROR",
                    "thread": "task-executor-16",
                    "class": "c.z.s.service.impl.OrderTaskServiceImpl",
                    "message": "OrderTaskServiceImpl.autoCancel | 订单不存在，orderNo: PT629175896604985826248" }
                    
{
                    "app": "Crmeb",
                    "timestamp":"2025-09-28 02:36:00.027",
                    "level": "ERROR",
                    "thread": "task-executor-1",
                    "class": "c.z.s.service.impl.OrderTaskServiceImpl",
                    "message": "OrderTaskServiceImpl.autoCancel | 订单不存在，orderNo: PT629175896604985826248" }
                    
{
                    "app": "Crmeb",
                    "timestamp":"2025-09-28 02:37:00.022",
                    "level": "ERROR",
                    "thread": "task-executor-7",
                    "class": "c.z.s.service.impl.OrderTaskServiceImpl",
                    "message": "OrderTaskServiceImpl.autoCancel | 订单不存在，orderNo: PT629175896604985826248" }
                    
{
                    "app": "Crmeb",
                    "timestamp":"2025-09-28 02:38:00.025",
                    "level": "ERROR",
                    "thread": "task-executor-10",
                    "class": "c.z.s.service.impl.OrderTaskServiceImpl",
                    "message": "OrderTaskServiceImpl.autoCancel | 订单不存在，orderNo: PT629175896604985826248" }
                    
{
                    "app": "Crmeb",
                    "timestamp":"2025-09-28 02:39:00.018",
                    "level": "ERROR",
                    "thread": "task-executor-16",
                    "class": "c.z.s.service.impl.OrderTaskServiceImpl",
                    "message": "OrderTaskServiceImpl.autoCancel | 订单不存在，orderNo: PT629175896604985826248" }
                    
{
                    "app": "Crmeb",
                    "timestamp":"2025-09-28 02:40:00.031",
                    "level": "ERROR",
                    "thread": "task-executor-1",
                    "class": "c.z.s.service.impl.OrderTaskServiceImpl",
                    "message": "OrderTaskServiceImpl.autoCancel | 订单不存在，orderNo: PT629175896604985826248" }
                    
{
                    "app": "Crmeb",
                    "timestamp":"2025-09-28 02:41:00.023",
                    "level": "ERROR",
                    "thread": "task-executor-7",
                    "class": "c.z.s.service.impl.OrderTaskServiceImpl",
                    "message": "OrderTaskServiceImpl.autoCancel | 订单不存在，orderNo: PT629175896604985826248" }
                    
{
                    "app": "Crmeb",
                    "timestamp":"2025-09-28 02:42:00.022",
                    "level": "ERROR",
                    "thread": "task-executor-10",
                    "class": "c.z.s.service.impl.OrderTaskServiceImpl",
                    "message": "OrderTaskServiceImpl.autoCancel | 订单不存在，orderNo: PT629175896604985826248" }
                    
{
                    "app": "Crmeb",
                    "timestamp":"2025-09-28 02:43:00.022",
                    "level": "ERROR",
                    "thread": "task-executor-16",
                    "class": "c.z.s.service.impl.OrderTaskServiceImpl",
                    "message": "OrderTaskServiceImpl.autoCancel | 订单不存在，orderNo: PT629175896604985826248" }
                    
{
                    "app": "Crmeb",
                    "timestamp":"2025-09-28 02:44:00.023",
                    "level": "ERROR",
                    "thread": "task-executor-1",
                    "class": "c.z.s.service.impl.OrderTaskServiceImpl",
                    "message": "OrderTaskServiceImpl.autoCancel | 订单不存在，orderNo: PT629175896604985826248" }
                    
{
                    "app": "Crmeb",
                    "timestamp":"2025-09-28 02:45:00.025",
                    "level": "ERROR",
                    "thread": "task-executor-7",
                    "class": "c.z.s.service.impl.OrderTaskServiceImpl",
                    "message": "OrderTaskServiceImpl.autoCancel | 订单不存在，orderNo: PT629175896604985826248" }
                    
{
                    "app": "Crmeb",
                    "timestamp":"2025-09-28 02:46:00.018",
                    "level": "ERROR",
                    "thread": "task-executor-10",
                    "class": "c.z.s.service.impl.OrderTaskServiceImpl",
                    "message": "OrderTaskServiceImpl.autoCancel | 订单不存在，orderNo: PT629175896604985826248" }
                    
{
                    "app": "Crmeb",
                    "timestamp":"2025-09-28 02:47:00.013",
                    "level": "ERROR",
                    "thread": "task-executor-16",
                    "class": "c.z.s.service.impl.OrderTaskServiceImpl",
                    "message": "OrderTaskServiceImpl.autoCancel | 订单不存在，orderNo: PT629175896604985826248" }
                    
{
                    "app": "Crmeb",
                    "timestamp":"2025-09-28 02:48:00.032",
                    "level": "ERROR",
                    "thread": "task-executor-1",
                    "class": "c.z.s.service.impl.OrderTaskServiceImpl",
                    "message": "OrderTaskServiceImpl.autoCancel | 订单不存在，orderNo: PT629175896604985826248" }
                    
{
                    "app": "Crmeb",
                    "timestamp":"2025-09-28 02:49:00.023",
                    "level": "ERROR",
                    "thread": "task-executor-7",
                    "class": "c.z.s.service.impl.OrderTaskServiceImpl",
                    "message": "OrderTaskServiceImpl.autoCancel | 订单不存在，orderNo: PT629175896604985826248" }
                    
{
                    "app": "Crmeb",
                    "timestamp":"2025-09-28 02:50:00.024",
                    "level": "ERROR",
                    "thread": "task-executor-10",
                    "class": "c.z.s.service.impl.OrderTaskServiceImpl",
                    "message": "OrderTaskServiceImpl.autoCancel | 订单不存在，orderNo: PT629175896604985826248" }
                    
{
                    "app": "Crmeb",
                    "timestamp":"2025-09-28 02:51:00.014",
                    "level": "ERROR",
                    "thread": "task-executor-16",
                    "class": "c.z.s.service.impl.OrderTaskServiceImpl",
                    "message": "OrderTaskServiceImpl.autoCancel | 订单不存在，orderNo: PT629175896604985826248" }
                    
{
                    "app": "Crmeb",
                    "timestamp":"2025-09-28 02:52:00.022",
                    "level": "ERROR",
                    "thread": "task-executor-1",
                    "class": "c.z.s.service.impl.OrderTaskServiceImpl",
                    "message": "OrderTaskServiceImpl.autoCancel | 订单不存在，orderNo: PT629175896604985826248" }
                    
{
                    "app": "Crmeb",
                    "timestamp":"2025-09-28 02:53:00.017",
                    "level": "ERROR",
                    "thread": "task-executor-7",
                    "class": "c.z.s.service.impl.OrderTaskServiceImpl",
                    "message": "OrderTaskServiceImpl.autoCancel | 订单不存在，orderNo: PT629175896604985826248" }
                    
{
                    "app": "Crmeb",
                    "timestamp":"2025-09-28 02:54:00.026",
                    "level": "ERROR",
                    "thread": "task-executor-10",
                    "class": "c.z.s.service.impl.OrderTaskServiceImpl",
                    "message": "OrderTaskServiceImpl.autoCancel | 订单不存在，orderNo: PT629175896604985826248" }
                    
{
                    "app": "Crmeb",
                    "timestamp":"2025-09-28 02:55:00.030",
                    "level": "ERROR",
                    "thread": "task-executor-16",
                    "class": "c.z.s.service.impl.OrderTaskServiceImpl",
                    "message": "OrderTaskServiceImpl.autoCancel | 订单不存在，orderNo: PT629175896604985826248" }
                    
{
                    "app": "Crmeb",
                    "timestamp":"2025-09-28 02:56:00.033",
                    "level": "ERROR",
                    "thread": "task-executor-1",
                    "class": "c.z.s.service.impl.OrderTaskServiceImpl",
                    "message": "OrderTaskServiceImpl.autoCancel | 订单不存在，orderNo: PT629175896604985826248" }
                    
{
                    "app": "Crmeb",
                    "timestamp":"2025-09-28 02:57:00.020",
                    "level": "ERROR",
                    "thread": "task-executor-7",
                    "class": "c.z.s.service.impl.OrderTaskServiceImpl",
                    "message": "OrderTaskServiceImpl.autoCancel | 订单不存在，orderNo: PT629175896604985826248" }
                    
{
                    "app": "Crmeb",
                    "timestamp":"2025-09-28 02:58:00.032",
                    "level": "ERROR",
                    "thread": "task-executor-10",
                    "class": "c.z.s.service.impl.OrderTaskServiceImpl",
                    "message": "OrderTaskServiceImpl.autoCancel | 订单不存在，orderNo: PT629175896604985826248" }
                    
{
                    "app": "Crmeb",
                    "timestamp":"2025-09-28 02:59:00.022",
                    "level": "ERROR",
                    "thread": "task-executor-17",
                    "class": "c.z.s.service.impl.OrderTaskServiceImpl",
                    "message": "OrderTaskServiceImpl.autoCancel | 订单不存在，orderNo: PT629175896604985826248" }
                    
{
                    "app": "Crmeb",
                    "timestamp":"2025-09-28 03:00:00.022",
                    "level": "ERROR",
                    "thread": "task-executor-1",
                    "class": "c.z.s.service.impl.OrderTaskServiceImpl",
                    "message": "OrderTaskServiceImpl.autoCancel | 订单不存在，orderNo: PT629175896604985826248" }
                    
{
                    "app": "Crmeb",
                    "timestamp":"2025-09-28 03:01:00.020",
                    "level": "ERROR",
                    "thread": "task-executor-7",
                    "class": "c.z.s.service.impl.OrderTaskServiceImpl",
                    "message": "OrderTaskServiceImpl.autoCancel | 订单不存在，orderNo: PT629175896604985826248" }
                    
{
                    "app": "Crmeb",
                    "timestamp":"2025-09-28 03:02:00.022",
                    "level": "ERROR",
                    "thread": "task-executor-10",
                    "class": "c.z.s.service.impl.OrderTaskServiceImpl",
                    "message": "OrderTaskServiceImpl.autoCancel | 订单不存在，orderNo: PT629175896604985826248" }
                    
{
                    "app": "Crmeb",
                    "timestamp":"2025-09-28 03:03:00.013",
                    "level": "ERROR",
                    "thread": "task-executor-17",
                    "class": "c.z.s.service.impl.OrderTaskServiceImpl",
                    "message": "OrderTaskServiceImpl.autoCancel | 订单不存在，orderNo: PT629175896604985826248" }
                    
{
                    "app": "Crmeb",
                    "timestamp":"2025-09-28 03:04:00.019",
                    "level": "ERROR",
                    "thread": "task-executor-1",
                    "class": "c.z.s.service.impl.OrderTaskServiceImpl",
                    "message": "OrderTaskServiceImpl.autoCancel | 订单不存在，orderNo: PT629175896604985826248" }
                    
{
                    "app": "Crmeb",
                    "timestamp":"2025-09-28 03:05:00.017",
                    "level": "ERROR",
                    "thread": "task-executor-7",
                    "class": "c.z.s.service.impl.OrderTaskServiceImpl",
                    "message": "OrderTaskServiceImpl.autoCancel | 订单不存在，orderNo: PT629175896604985826248" }
                    
{
                    "app": "Crmeb",
                    "timestamp":"2025-09-28 03:06:00.019",
                    "level": "ERROR",
                    "thread": "task-executor-10",
                    "class": "c.z.s.service.impl.OrderTaskServiceImpl",
                    "message": "OrderTaskServiceImpl.autoCancel | 订单不存在，orderNo: PT629175896604985826248" }
                    
{
                    "app": "Crmeb",
                    "timestamp":"2025-09-28 03:07:00.021",
                    "level": "ERROR",
                    "thread": "task-executor-17",
                    "class": "c.z.s.service.impl.OrderTaskServiceImpl",
                    "message": "OrderTaskServiceImpl.autoCancel | 订单不存在，orderNo: PT629175896604985826248" }
                    
{
                    "app": "Crmeb",
                    "timestamp":"2025-09-28 03:08:00.020",
                    "level": "ERROR",
                    "thread": "task-executor-1",
                    "class": "c.z.s.service.impl.OrderTaskServiceImpl",
                    "message": "OrderTaskServiceImpl.autoCancel | 订单不存在，orderNo: PT629175896604985826248" }
                    
{
                    "app": "Crmeb",
                    "timestamp":"2025-09-28 03:09:00.023",
                    "level": "ERROR",
                    "thread": "task-executor-7",
                    "class": "c.z.s.service.impl.OrderTaskServiceImpl",
                    "message": "OrderTaskServiceImpl.autoCancel | 订单不存在，orderNo: PT629175896604985826248" }
                    
{
                    "app": "Crmeb",
                    "timestamp":"2025-09-28 03:10:00.015",
                    "level": "ERROR",
                    "thread": "task-executor-10",
                    "class": "c.z.s.service.impl.OrderTaskServiceImpl",
                    "message": "OrderTaskServiceImpl.autoCancel | 订单不存在，orderNo: PT629175896604985826248" }
                    
{
                    "app": "Crmeb",
                    "timestamp":"2025-09-28 03:11:00.021",
                    "level": "ERROR",
                    "thread": "task-executor-17",
                    "class": "c.z.s.service.impl.OrderTaskServiceImpl",
                    "message": "OrderTaskServiceImpl.autoCancel | 订单不存在，orderNo: PT629175896604985826248" }
                    
{
                    "app": "Crmeb",
                    "timestamp":"2025-09-28 03:12:00.021",
                    "level": "ERROR",
                    "thread": "task-executor-1",
                    "class": "c.z.s.service.impl.OrderTaskServiceImpl",
                    "message": "OrderTaskServiceImpl.autoCancel | 订单不存在，orderNo: PT629175896604985826248" }
                    
{
                    "app": "Crmeb",
                    "timestamp":"2025-09-28 03:13:00.031",
                    "level": "ERROR",
                    "thread": "task-executor-7",
                    "class": "c.z.s.service.impl.OrderTaskServiceImpl",
                    "message": "OrderTaskServiceImpl.autoCancel | 订单不存在，orderNo: PT629175896604985826248" }
                    
{
                    "app": "Crmeb",
                    "timestamp":"2025-09-28 03:14:00.024",
                    "level": "ERROR",
                    "thread": "task-executor-10",
                    "class": "c.z.s.service.impl.OrderTaskServiceImpl",
                    "message": "OrderTaskServiceImpl.autoCancel | 订单不存在，orderNo: PT629175896604985826248" }
                    
{
                    "app": "Crmeb",
                    "timestamp":"2025-09-28 03:15:00.013",
                    "level": "ERROR",
                    "thread": "task-executor-17",
                    "class": "c.z.s.service.impl.OrderTaskServiceImpl",
                    "message": "OrderTaskServiceImpl.autoCancel | 订单不存在，orderNo: PT629175896604985826248" }
                    
{
                    "app": "Crmeb",
                    "timestamp":"2025-09-28 03:16:00.023",
                    "level": "ERROR",
                    "thread": "task-executor-1",
                    "class": "c.z.s.service.impl.OrderTaskServiceImpl",
                    "message": "OrderTaskServiceImpl.autoCancel | 订单不存在，orderNo: PT629175896604985826248" }
                    
{
                    "app": "Crmeb",
                    "timestamp":"2025-09-28 03:17:00.011",
                    "level": "ERROR",
                    "thread": "task-executor-7",
                    "class": "c.z.s.service.impl.OrderTaskServiceImpl",
                    "message": "OrderTaskServiceImpl.autoCancel | 订单不存在，orderNo: PT629175896604985826248" }
                    
{
                    "app": "Crmeb",
                    "timestamp":"2025-09-28 03:18:00.022",
                    "level": "ERROR",
                    "thread": "task-executor-10",
                    "class": "c.z.s.service.impl.OrderTaskServiceImpl",
                    "message": "OrderTaskServiceImpl.autoCancel | 订单不存在，orderNo: PT629175896604985826248" }
                    
{
                    "app": "Crmeb",
                    "timestamp":"2025-09-28 03:19:00.023",
                    "level": "ERROR",
                    "thread": "task-executor-17",
                    "class": "c.z.s.service.impl.OrderTaskServiceImpl",
                    "message": "OrderTaskServiceImpl.autoCancel | 订单不存在，orderNo: PT629175896604985826248" }
                    
{
                    "app": "Crmeb",
                    "timestamp":"2025-09-28 03:20:00.022",
                    "level": "ERROR",
                    "thread": "task-executor-1",
                    "class": "c.z.s.service.impl.OrderTaskServiceImpl",
                    "message": "OrderTaskServiceImpl.autoCancel | 订单不存在，orderNo: PT629175896604985826248" }
                    
{
                    "app": "Crmeb",
                    "timestamp":"2025-09-28 03:21:00.023",
                    "level": "ERROR",
                    "thread": "task-executor-7",
                    "class": "c.z.s.service.impl.OrderTaskServiceImpl",
                    "message": "OrderTaskServiceImpl.autoCancel | 订单不存在，orderNo: PT629175896604985826248" }
                    
{
                    "app": "Crmeb",
                    "timestamp":"2025-09-28 03:22:00.022",
                    "level": "ERROR",
                    "thread": "task-executor-10",
                    "class": "c.z.s.service.impl.OrderTaskServiceImpl",
                    "message": "OrderTaskServiceImpl.autoCancel | 订单不存在，orderNo: PT629175896604985826248" }
                    
{
                    "app": "Crmeb",
                    "timestamp":"2025-09-28 03:23:00.019",
                    "level": "ERROR",
                    "thread": "task-executor-17",
                    "class": "c.z.s.service.impl.OrderTaskServiceImpl",
                    "message": "OrderTaskServiceImpl.autoCancel | 订单不存在，orderNo: PT629175896604985826248" }
                    
{
                    "app": "Crmeb",
                    "timestamp":"2025-09-28 03:24:00.032",
                    "level": "ERROR",
                    "thread": "task-executor-1",
                    "class": "c.z.s.service.impl.OrderTaskServiceImpl",
                    "message": "OrderTaskServiceImpl.autoCancel | 订单不存在，orderNo: PT629175896604985826248" }
                    
{
                    "app": "Crmeb",
                    "timestamp":"2025-09-28 03:25:00.019",
                    "level": "ERROR",
                    "thread": "task-executor-7",
                    "class": "c.z.s.service.impl.OrderTaskServiceImpl",
                    "message": "OrderTaskServiceImpl.autoCancel | 订单不存在，orderNo: PT629175896604985826248" }
                    
{
                    "app": "Crmeb",
                    "timestamp":"2025-09-28 03:26:00.021",
                    "level": "ERROR",
                    "thread": "task-executor-10",
                    "class": "c.z.s.service.impl.OrderTaskServiceImpl",
                    "message": "OrderTaskServiceImpl.autoCancel | 订单不存在，orderNo: PT629175896604985826248" }
                    
{
                    "app": "Crmeb",
                    "timestamp":"2025-09-28 03:27:00.016",
                    "level": "ERROR",
                    "thread": "task-executor-17",
                    "class": "c.z.s.service.impl.OrderTaskServiceImpl",
                    "message": "OrderTaskServiceImpl.autoCancel | 订单不存在，orderNo: PT629175896604985826248" }
                    
{
                    "app": "Crmeb",
                    "timestamp":"2025-09-28 03:28:00.022",
                    "level": "ERROR",
                    "thread": "task-executor-1",
                    "class": "c.z.s.service.impl.OrderTaskServiceImpl",
                    "message": "OrderTaskServiceImpl.autoCancel | 订单不存在，orderNo: PT629175896604985826248" }
                    
{
                    "app": "Crmeb",
                    "timestamp":"2025-09-28 03:29:00.026",
                    "level": "ERROR",
                    "thread": "task-executor-7",
                    "class": "c.z.s.service.impl.OrderTaskServiceImpl",
                    "message": "OrderTaskServiceImpl.autoCancel | 订单不存在，orderNo: PT629175896604985826248" }
                    
{
                    "app": "Crmeb",
                    "timestamp":"2025-09-28 03:30:00.024",
                    "level": "ERROR",
                    "thread": "task-executor-10",
                    "class": "c.z.s.service.impl.OrderTaskServiceImpl",
                    "message": "OrderTaskServiceImpl.autoCancel | 订单不存在，orderNo: PT629175896604985826248" }
                    
{
                    "app": "Crmeb",
                    "timestamp":"2025-09-28 03:31:00.034",
                    "level": "ERROR",
                    "thread": "task-executor-17",
                    "class": "c.z.s.service.impl.OrderTaskServiceImpl",
                    "message": "OrderTaskServiceImpl.autoCancel | 订单不存在，orderNo: PT629175896604985826248" }
                    
{
                    "app": "Crmeb",
                    "timestamp":"2025-09-28 03:32:00.020",
                    "level": "ERROR",
                    "thread": "task-executor-1",
                    "class": "c.z.s.service.impl.OrderTaskServiceImpl",
                    "message": "OrderTaskServiceImpl.autoCancel | 订单不存在，orderNo: PT629175896604985826248" }
                    
{
                    "app": "Crmeb",
                    "timestamp":"2025-09-28 03:33:00.033",
                    "level": "ERROR",
                    "thread": "task-executor-7",
                    "class": "c.z.s.service.impl.OrderTaskServiceImpl",
                    "message": "OrderTaskServiceImpl.autoCancel | 订单不存在，orderNo: PT629175896604985826248" }
                    
{
                    "app": "Crmeb",
                    "timestamp":"2025-09-28 03:34:00.020",
                    "level": "ERROR",
                    "thread": "task-executor-10",
                    "class": "c.z.s.service.impl.OrderTaskServiceImpl",
                    "message": "OrderTaskServiceImpl.autoCancel | 订单不存在，orderNo: PT629175896604985826248" }
                    
{
                    "app": "Crmeb",
                    "timestamp":"2025-09-28 03:35:00.022",
                    "level": "ERROR",
                    "thread": "task-executor-17",
                    "class": "c.z.s.service.impl.OrderTaskServiceImpl",
                    "message": "OrderTaskServiceImpl.autoCancel | 订单不存在，orderNo: PT629175896604985826248" }
                    
{
                    "app": "Crmeb",
                    "timestamp":"2025-09-28 03:36:00.024",
                    "level": "ERROR",
                    "thread": "task-executor-1",
                    "class": "c.z.s.service.impl.OrderTaskServiceImpl",
                    "message": "OrderTaskServiceImpl.autoCancel | 订单不存在，orderNo: PT629175896604985826248" }
                    
{
                    "app": "Crmeb",
                    "timestamp":"2025-09-28 03:37:00.023",
                    "level": "ERROR",
                    "thread": "task-executor-7",
                    "class": "c.z.s.service.impl.OrderTaskServiceImpl",
                    "message": "OrderTaskServiceImpl.autoCancel | 订单不存在，orderNo: PT629175896604985826248" }
                    
{
                    "app": "Crmeb",
                    "timestamp":"2025-09-28 03:38:00.020",
                    "level": "ERROR",
                    "thread": "task-executor-10",
                    "class": "c.z.s.service.impl.OrderTaskServiceImpl",
                    "message": "OrderTaskServiceImpl.autoCancel | 订单不存在，orderNo: PT629175896604985826248" }
                    
{
                    "app": "Crmeb",
                    "timestamp":"2025-09-28 03:39:00.020",
                    "level": "ERROR",
                    "thread": "task-executor-17",
                    "class": "c.z.s.service.impl.OrderTaskServiceImpl",
                    "message": "OrderTaskServiceImpl.autoCancel | 订单不存在，orderNo: PT629175896604985826248" }
                    
{
                    "app": "Crmeb",
                    "timestamp":"2025-09-28 03:40:00.022",
                    "level": "ERROR",
                    "thread": "task-executor-1",
                    "class": "c.z.s.service.impl.OrderTaskServiceImpl",
                    "message": "OrderTaskServiceImpl.autoCancel | 订单不存在，orderNo: PT629175896604985826248" }
                    
{
                    "app": "Crmeb",
                    "timestamp":"2025-09-28 03:41:00.022",
                    "level": "ERROR",
                    "thread": "task-executor-7",
                    "class": "c.z.s.service.impl.OrderTaskServiceImpl",
                    "message": "OrderTaskServiceImpl.autoCancel | 订单不存在，orderNo: PT629175896604985826248" }
                    
{
                    "app": "Crmeb",
                    "timestamp":"2025-09-28 03:42:00.017",
                    "level": "ERROR",
                    "thread": "task-executor-10",
                    "class": "c.z.s.service.impl.OrderTaskServiceImpl",
                    "message": "OrderTaskServiceImpl.autoCancel | 订单不存在，orderNo: PT629175896604985826248" }
                    
{
                    "app": "Crmeb",
                    "timestamp":"2025-09-28 03:43:00.021",
                    "level": "ERROR",
                    "thread": "task-executor-17",
                    "class": "c.z.s.service.impl.OrderTaskServiceImpl",
                    "message": "OrderTaskServiceImpl.autoCancel | 订单不存在，orderNo: PT629175896604985826248" }
                    
{
                    "app": "Crmeb",
                    "timestamp":"2025-09-28 03:44:00.014",
                    "level": "ERROR",
                    "thread": "task-executor-1",
                    "class": "c.z.s.service.impl.OrderTaskServiceImpl",
                    "message": "OrderTaskServiceImpl.autoCancel | 订单不存在，orderNo: PT629175896604985826248" }
                    
{
                    "app": "Crmeb",
                    "timestamp":"2025-09-28 03:45:00.029",
                    "level": "ERROR",
                    "thread": "task-executor-7",
                    "class": "c.z.s.service.impl.OrderTaskServiceImpl",
                    "message": "OrderTaskServiceImpl.autoCancel | 订单不存在，orderNo: PT629175896604985826248" }
                    
{
                    "app": "Crmeb",
                    "timestamp":"2025-09-28 03:46:00.013",
                    "level": "ERROR",
                    "thread": "task-executor-10",
                    "class": "c.z.s.service.impl.OrderTaskServiceImpl",
                    "message": "OrderTaskServiceImpl.autoCancel | 订单不存在，orderNo: PT629175896604985826248" }
                    
{
                    "app": "Crmeb",
                    "timestamp":"2025-09-28 03:47:00.033",
                    "level": "ERROR",
                    "thread": "task-executor-17",
                    "class": "c.z.s.service.impl.OrderTaskServiceImpl",
                    "message": "OrderTaskServiceImpl.autoCancel | 订单不存在，orderNo: PT629175896604985826248" }
                    
{
                    "app": "Crmeb",
                    "timestamp":"2025-09-28 03:48:00.022",
                    "level": "ERROR",
                    "thread": "task-executor-1",
                    "class": "c.z.s.service.impl.OrderTaskServiceImpl",
                    "message": "OrderTaskServiceImpl.autoCancel | 订单不存在，orderNo: PT629175896604985826248" }
                    
{
                    "app": "Crmeb",
                    "timestamp":"2025-09-28 03:49:00.018",
                    "level": "ERROR",
                    "thread": "task-executor-7",
                    "class": "c.z.s.service.impl.OrderTaskServiceImpl",
                    "message": "OrderTaskServiceImpl.autoCancel | 订单不存在，orderNo: PT629175896604985826248" }
                    
{
                    "app": "Crmeb",
                    "timestamp":"2025-09-28 03:50:00.021",
                    "level": "ERROR",
                    "thread": "task-executor-10",
                    "class": "c.z.s.service.impl.OrderTaskServiceImpl",
                    "message": "OrderTaskServiceImpl.autoCancel | 订单不存在，orderNo: PT629175896604985826248" }
                    
{
                    "app": "Crmeb",
                    "timestamp":"2025-09-28 03:51:00.020",
                    "level": "ERROR",
                    "thread": "task-executor-17",
                    "class": "c.z.s.service.impl.OrderTaskServiceImpl",
                    "message": "OrderTaskServiceImpl.autoCancel | 订单不存在，orderNo: PT629175896604985826248" }
                    
{
                    "app": "Crmeb",
                    "timestamp":"2025-09-28 03:52:00.032",
                    "level": "ERROR",
                    "thread": "task-executor-1",
                    "class": "c.z.s.service.impl.OrderTaskServiceImpl",
                    "message": "OrderTaskServiceImpl.autoCancel | 订单不存在，orderNo: PT629175896604985826248" }
                    
{
                    "app": "Crmeb",
                    "timestamp":"2025-09-28 03:53:00.026",
                    "level": "ERROR",
                    "thread": "task-executor-7",
                    "class": "c.z.s.service.impl.OrderTaskServiceImpl",
                    "message": "OrderTaskServiceImpl.autoCancel | 订单不存在，orderNo: PT629175896604985826248" }
                    
{
                    "app": "Crmeb",
                    "timestamp":"2025-09-28 03:54:00.023",
                    "level": "ERROR",
                    "thread": "task-executor-10",
                    "class": "c.z.s.service.impl.OrderTaskServiceImpl",
                    "message": "OrderTaskServiceImpl.autoCancel | 订单不存在，orderNo: PT629175896604985826248" }
                    
{
                    "app": "Crmeb",
                    "timestamp":"2025-09-28 03:55:00.027",
                    "level": "ERROR",
                    "thread": "task-executor-17",
                    "class": "c.z.s.service.impl.OrderTaskServiceImpl",
                    "message": "OrderTaskServiceImpl.autoCancel | 订单不存在，orderNo: PT629175896604985826248" }
                    
{
                    "app": "Crmeb",
                    "timestamp":"2025-09-28 03:56:00.015",
                    "level": "ERROR",
                    "thread": "task-executor-1",
                    "class": "c.z.s.service.impl.OrderTaskServiceImpl",
                    "message": "OrderTaskServiceImpl.autoCancel | 订单不存在，orderNo: PT629175896604985826248" }
                    
{
                    "app": "Crmeb",
                    "timestamp":"2025-09-28 03:57:00.023",
                    "level": "ERROR",
                    "thread": "task-executor-7",
                    "class": "c.z.s.service.impl.OrderTaskServiceImpl",
                    "message": "OrderTaskServiceImpl.autoCancel | 订单不存在，orderNo: PT629175896604985826248" }
                    
{
                    "app": "Crmeb",
                    "timestamp":"2025-09-28 03:58:00.017",
                    "level": "ERROR",
                    "thread": "task-executor-10",
                    "class": "c.z.s.service.impl.OrderTaskServiceImpl",
                    "message": "OrderTaskServiceImpl.autoCancel | 订单不存在，orderNo: PT629175896604985826248" }
                    
{
                    "app": "Crmeb",
                    "timestamp":"2025-09-28 03:59:00.026",
                    "level": "ERROR",
                    "thread": "task-executor-17",
                    "class": "c.z.s.service.impl.OrderTaskServiceImpl",
                    "message": "OrderTaskServiceImpl.autoCancel | 订单不存在，orderNo: PT629175896604985826248" }
                    
{
                    "app": "Crmeb",
                    "timestamp":"2025-09-28 04:00:00.018",
                    "level": "ERROR",
                    "thread": "task-executor-1",
                    "class": "c.z.s.service.impl.OrderTaskServiceImpl",
                    "message": "OrderTaskServiceImpl.autoCancel | 订单不存在，orderNo: PT629175896604985826248" }
                    
{
                    "app": "Crmeb",
                    "timestamp":"2025-09-28 04:01:00.020",
                    "level": "ERROR",
                    "thread": "task-executor-7",
                    "class": "c.z.s.service.impl.OrderTaskServiceImpl",
                    "message": "OrderTaskServiceImpl.autoCancel | 订单不存在，orderNo: PT629175896604985826248" }
                    
{
                    "app": "Crmeb",
                    "timestamp":"2025-09-28 04:02:00.022",
                    "level": "ERROR",
                    "thread": "task-executor-10",
                    "class": "c.z.s.service.impl.OrderTaskServiceImpl",
                    "message": "OrderTaskServiceImpl.autoCancel | 订单不存在，orderNo: PT629175896604985826248" }
                    
{
                    "app": "Crmeb",
                    "timestamp":"2025-09-28 04:03:00.029",
                    "level": "ERROR",
                    "thread": "task-executor-17",
                    "class": "c.z.s.service.impl.OrderTaskServiceImpl",
                    "message": "OrderTaskServiceImpl.autoCancel | 订单不存在，orderNo: PT629175896604985826248" }
                    
{
                    "app": "Crmeb",
                    "timestamp":"2025-09-28 04:04:00.025",
                    "level": "ERROR",
                    "thread": "task-executor-1",
                    "class": "c.z.s.service.impl.OrderTaskServiceImpl",
                    "message": "OrderTaskServiceImpl.autoCancel | 订单不存在，orderNo: PT629175896604985826248" }
                    
{
                    "app": "Crmeb",
                    "timestamp":"2025-09-28 04:05:00.022",
                    "level": "ERROR",
                    "thread": "task-executor-7",
                    "class": "c.z.s.service.impl.OrderTaskServiceImpl",
                    "message": "OrderTaskServiceImpl.autoCancel | 订单不存在，orderNo: PT629175896604985826248" }
                    
{
                    "app": "Crmeb",
                    "timestamp":"2025-09-28 04:06:00.019",
                    "level": "ERROR",
                    "thread": "task-executor-10",
                    "class": "c.z.s.service.impl.OrderTaskServiceImpl",
                    "message": "OrderTaskServiceImpl.autoCancel | 订单不存在，orderNo: PT629175896604985826248" }
                    
{
                    "app": "Crmeb",
                    "timestamp":"2025-09-28 04:07:00.018",
                    "level": "ERROR",
                    "thread": "task-executor-17",
                    "class": "c.z.s.service.impl.OrderTaskServiceImpl",
                    "message": "OrderTaskServiceImpl.autoCancel | 订单不存在，orderNo: PT629175896604985826248" }
                    
{
                    "app": "Crmeb",
                    "timestamp":"2025-09-28 04:08:00.026",
                    "level": "ERROR",
                    "thread": "task-executor-1",
                    "class": "c.z.s.service.impl.OrderTaskServiceImpl",
                    "message": "OrderTaskServiceImpl.autoCancel | 订单不存在，orderNo: PT629175896604985826248" }
                    
{
                    "app": "Crmeb",
                    "timestamp":"2025-09-28 04:09:00.022",
                    "level": "ERROR",
                    "thread": "task-executor-7",
                    "class": "c.z.s.service.impl.OrderTaskServiceImpl",
                    "message": "OrderTaskServiceImpl.autoCancel | 订单不存在，orderNo: PT629175896604985826248" }
                    
{
                    "app": "Crmeb",
                    "timestamp":"2025-09-28 04:10:00.023",
                    "level": "ERROR",
                    "thread": "task-executor-10",
                    "class": "c.z.s.service.impl.OrderTaskServiceImpl",
                    "message": "OrderTaskServiceImpl.autoCancel | 订单不存在，orderNo: PT629175896604985826248" }
                    
{
                    "app": "Crmeb",
                    "timestamp":"2025-09-28 04:11:00.015",
                    "level": "ERROR",
                    "thread": "task-executor-17",
                    "class": "c.z.s.service.impl.OrderTaskServiceImpl",
                    "message": "OrderTaskServiceImpl.autoCancel | 订单不存在，orderNo: PT629175896604985826248" }
                    
{
                    "app": "Crmeb",
                    "timestamp":"2025-09-28 04:12:00.023",
                    "level": "ERROR",
                    "thread": "task-executor-1",
                    "class": "c.z.s.service.impl.OrderTaskServiceImpl",
                    "message": "OrderTaskServiceImpl.autoCancel | 订单不存在，orderNo: PT629175896604985826248" }
                    
{
                    "app": "Crmeb",
                    "timestamp":"2025-09-28 04:13:00.013",
                    "level": "ERROR",
                    "thread": "task-executor-7",
                    "class": "c.z.s.service.impl.OrderTaskServiceImpl",
                    "message": "OrderTaskServiceImpl.autoCancel | 订单不存在，orderNo: PT629175896604985826248" }
                    
{
                    "app": "Crmeb",
                    "timestamp":"2025-09-28 04:14:00.020",
                    "level": "ERROR",
                    "thread": "task-executor-10",
                    "class": "c.z.s.service.impl.OrderTaskServiceImpl",
                    "message": "OrderTaskServiceImpl.autoCancel | 订单不存在，orderNo: PT629175896604985826248" }
                    
{
                    "app": "Crmeb",
                    "timestamp":"2025-09-28 04:15:00.023",
                    "level": "ERROR",
                    "thread": "task-executor-17",
                    "class": "c.z.s.service.impl.OrderTaskServiceImpl",
                    "message": "OrderTaskServiceImpl.autoCancel | 订单不存在，orderNo: PT629175896604985826248" }
                    
{
                    "app": "Crmeb",
                    "timestamp":"2025-09-28 04:16:00.021",
                    "level": "ERROR",
                    "thread": "task-executor-1",
                    "class": "c.z.s.service.impl.OrderTaskServiceImpl",
                    "message": "OrderTaskServiceImpl.autoCancel | 订单不存在，orderNo: PT629175896604985826248" }
                    
{
                    "app": "Crmeb",
                    "timestamp":"2025-09-28 04:17:00.016",
                    "level": "ERROR",
                    "thread": "task-executor-7",
                    "class": "c.z.s.service.impl.OrderTaskServiceImpl",
                    "message": "OrderTaskServiceImpl.autoCancel | 订单不存在，orderNo: PT629175896604985826248" }
                    
{
                    "app": "Crmeb",
                    "timestamp":"2025-09-28 04:18:00.023",
                    "level": "ERROR",
                    "thread": "task-executor-10",
                    "class": "c.z.s.service.impl.OrderTaskServiceImpl",
                    "message": "OrderTaskServiceImpl.autoCancel | 订单不存在，orderNo: PT629175896604985826248" }
                    
{
                    "app": "Crmeb",
                    "timestamp":"2025-09-28 04:19:00.020",
                    "level": "ERROR",
                    "thread": "task-executor-17",
                    "class": "c.z.s.service.impl.OrderTaskServiceImpl",
                    "message": "OrderTaskServiceImpl.autoCancel | 订单不存在，orderNo: PT629175896604985826248" }
                    
{
                    "app": "Crmeb",
                    "timestamp":"2025-09-28 04:20:00.019",
                    "level": "ERROR",
                    "thread": "task-executor-1",
                    "class": "c.z.s.service.impl.OrderTaskServiceImpl",
                    "message": "OrderTaskServiceImpl.autoCancel | 订单不存在，orderNo: PT629175896604985826248" }
                    
{
                    "app": "Crmeb",
                    "timestamp":"2025-09-28 04:21:00.016",
                    "level": "ERROR",
                    "thread": "task-executor-7",
                    "class": "c.z.s.service.impl.OrderTaskServiceImpl",
                    "message": "OrderTaskServiceImpl.autoCancel | 订单不存在，orderNo: PT629175896604985826248" }
                    
{
                    "app": "Crmeb",
                    "timestamp":"2025-09-28 04:22:00.024",
                    "level": "ERROR",
                    "thread": "task-executor-10",
                    "class": "c.z.s.service.impl.OrderTaskServiceImpl",
                    "message": "OrderTaskServiceImpl.autoCancel | 订单不存在，orderNo: PT629175896604985826248" }
                    
{
                    "app": "Crmeb",
                    "timestamp":"2025-09-28 04:23:00.015",
                    "level": "ERROR",
                    "thread": "task-executor-17",
                    "class": "c.z.s.service.impl.OrderTaskServiceImpl",
                    "message": "OrderTaskServiceImpl.autoCancel | 订单不存在，orderNo: PT629175896604985826248" }
                    
{
                    "app": "Crmeb",
                    "timestamp":"2025-09-28 04:24:00.032",
                    "level": "ERROR",
                    "thread": "task-executor-1",
                    "class": "c.z.s.service.impl.OrderTaskServiceImpl",
                    "message": "OrderTaskServiceImpl.autoCancel | 订单不存在，orderNo: PT629175896604985826248" }
                    
{
                    "app": "Crmeb",
                    "timestamp":"2025-09-28 04:25:00.019",
                    "level": "ERROR",
                    "thread": "task-executor-7",
                    "class": "c.z.s.service.impl.OrderTaskServiceImpl",
                    "message": "OrderTaskServiceImpl.autoCancel | 订单不存在，orderNo: PT629175896604985826248" }
                    
{
                    "app": "Crmeb",
                    "timestamp":"2025-09-28 04:26:00.020",
                    "level": "ERROR",
                    "thread": "task-executor-10",
                    "class": "c.z.s.service.impl.OrderTaskServiceImpl",
                    "message": "OrderTaskServiceImpl.autoCancel | 订单不存在，orderNo: PT629175896604985826248" }
                    
{
                    "app": "Crmeb",
                    "timestamp":"2025-09-28 04:27:00.021",
                    "level": "ERROR",
                    "thread": "task-executor-17",
                    "class": "c.z.s.service.impl.OrderTaskServiceImpl",
                    "message": "OrderTaskServiceImpl.autoCancel | 订单不存在，orderNo: PT629175896604985826248" }
                    
{
                    "app": "Crmeb",
                    "timestamp":"2025-09-28 04:28:00.024",
                    "level": "ERROR",
                    "thread": "task-executor-1",
                    "class": "c.z.s.service.impl.OrderTaskServiceImpl",
                    "message": "OrderTaskServiceImpl.autoCancel | 订单不存在，orderNo: PT629175896604985826248" }
                    
{
                    "app": "Crmeb",
                    "timestamp":"2025-09-28 04:29:00.028",
                    "level": "ERROR",
                    "thread": "task-executor-7",
                    "class": "c.z.s.service.impl.OrderTaskServiceImpl",
                    "message": "OrderTaskServiceImpl.autoCancel | 订单不存在，orderNo: PT629175896604985826248" }
                    
{
                    "app": "Crmeb",
                    "timestamp":"2025-09-28 04:30:00.024",
                    "level": "ERROR",
                    "thread": "task-executor-10",
                    "class": "c.z.s.service.impl.OrderTaskServiceImpl",
                    "message": "OrderTaskServiceImpl.autoCancel | 订单不存在，orderNo: PT629175896604985826248" }
                    
{
                    "app": "Crmeb",
                    "timestamp":"2025-09-28 04:31:00.024",
                    "level": "ERROR",
                    "thread": "task-executor-17",
                    "class": "c.z.s.service.impl.OrderTaskServiceImpl",
                    "message": "OrderTaskServiceImpl.autoCancel | 订单不存在，orderNo: PT629175896604985826248" }
                    
{
                    "app": "Crmeb",
                    "timestamp":"2025-09-28 04:32:00.022",
                    "level": "ERROR",
                    "thread": "task-executor-1",
                    "class": "c.z.s.service.impl.OrderTaskServiceImpl",
                    "message": "OrderTaskServiceImpl.autoCancel | 订单不存在，orderNo: PT629175896604985826248" }
                    
{
                    "app": "Crmeb",
                    "timestamp":"2025-09-28 04:33:00.016",
                    "level": "ERROR",
                    "thread": "task-executor-7",
                    "class": "c.z.s.service.impl.OrderTaskServiceImpl",
                    "message": "OrderTaskServiceImpl.autoCancel | 订单不存在，orderNo: PT629175896604985826248" }
                    
{
                    "app": "Crmeb",
                    "timestamp":"2025-09-28 04:34:00.022",
                    "level": "ERROR",
                    "thread": "task-executor-10",
                    "class": "c.z.s.service.impl.OrderTaskServiceImpl",
                    "message": "OrderTaskServiceImpl.autoCancel | 订单不存在，orderNo: PT629175896604985826248" }
                    
{
                    "app": "Crmeb",
                    "timestamp":"2025-09-28 04:35:00.020",
                    "level": "ERROR",
                    "thread": "task-executor-17",
                    "class": "c.z.s.service.impl.OrderTaskServiceImpl",
                    "message": "OrderTaskServiceImpl.autoCancel | 订单不存在，orderNo: PT629175896604985826248" }
                    
{
                    "app": "Crmeb",
                    "timestamp":"2025-09-28 04:36:00.020",
                    "level": "ERROR",
                    "thread": "task-executor-1",
                    "class": "c.z.s.service.impl.OrderTaskServiceImpl",
                    "message": "OrderTaskServiceImpl.autoCancel | 订单不存在，orderNo: PT629175896604985826248" }
                    
{
                    "app": "Crmeb",
                    "timestamp":"2025-09-28 04:37:00.018",
                    "level": "ERROR",
                    "thread": "task-executor-7",
                    "class": "c.z.s.service.impl.OrderTaskServiceImpl",
                    "message": "OrderTaskServiceImpl.autoCancel | 订单不存在，orderNo: PT629175896604985826248" }
                    
{
                    "app": "Crmeb",
                    "timestamp":"2025-09-28 04:38:00.021",
                    "level": "ERROR",
                    "thread": "task-executor-10",
                    "class": "c.z.s.service.impl.OrderTaskServiceImpl",
                    "message": "OrderTaskServiceImpl.autoCancel | 订单不存在，orderNo: PT629175896604985826248" }
                    
{
                    "app": "Crmeb",
                    "timestamp":"2025-09-28 04:39:00.031",
                    "level": "ERROR",
                    "thread": "task-executor-17",
                    "class": "c.z.s.service.impl.OrderTaskServiceImpl",
                    "message": "OrderTaskServiceImpl.autoCancel | 订单不存在，orderNo: PT629175896604985826248" }
                    
{
                    "app": "Crmeb",
                    "timestamp":"2025-09-28 04:40:00.027",
                    "level": "ERROR",
                    "thread": "task-executor-1",
                    "class": "c.z.s.service.impl.OrderTaskServiceImpl",
                    "message": "OrderTaskServiceImpl.autoCancel | 订单不存在，orderNo: PT629175896604985826248" }
                    
{
                    "app": "Crmeb",
                    "timestamp":"2025-09-28 04:41:00.024",
                    "level": "ERROR",
                    "thread": "task-executor-7",
                    "class": "c.z.s.service.impl.OrderTaskServiceImpl",
                    "message": "OrderTaskServiceImpl.autoCancel | 订单不存在，orderNo: PT629175896604985826248" }
                    
{
                    "app": "Crmeb",
                    "timestamp":"2025-09-28 04:42:00.020",
                    "level": "ERROR",
                    "thread": "task-executor-10",
                    "class": "c.z.s.service.impl.OrderTaskServiceImpl",
                    "message": "OrderTaskServiceImpl.autoCancel | 订单不存在，orderNo: PT629175896604985826248" }
                    
{
                    "app": "Crmeb",
                    "timestamp":"2025-09-28 04:43:00.025",
                    "level": "ERROR",
                    "thread": "task-executor-17",
                    "class": "c.z.s.service.impl.OrderTaskServiceImpl",
                    "message": "OrderTaskServiceImpl.autoCancel | 订单不存在，orderNo: PT629175896604985826248" }
                    
{
                    "app": "Crmeb",
                    "timestamp":"2025-09-28 04:44:00.031",
                    "level": "ERROR",
                    "thread": "task-executor-1",
                    "class": "c.z.s.service.impl.OrderTaskServiceImpl",
                    "message": "OrderTaskServiceImpl.autoCancel | 订单不存在，orderNo: PT629175896604985826248" }
                    
{
                    "app": "Crmeb",
                    "timestamp":"2025-09-28 04:45:00.028",
                    "level": "ERROR",
                    "thread": "task-executor-7",
                    "class": "c.z.s.service.impl.OrderTaskServiceImpl",
                    "message": "OrderTaskServiceImpl.autoCancel | 订单不存在，orderNo: PT629175896604985826248" }
                    
{
                    "app": "Crmeb",
                    "timestamp":"2025-09-28 04:46:00.013",
                    "level": "ERROR",
                    "thread": "task-executor-10",
                    "class": "c.z.s.service.impl.OrderTaskServiceImpl",
                    "message": "OrderTaskServiceImpl.autoCancel | 订单不存在，orderNo: PT629175896604985826248" }
                    
{
                    "app": "Crmeb",
                    "timestamp":"2025-09-28 04:47:00.024",
                    "level": "ERROR",
                    "thread": "task-executor-17",
                    "class": "c.z.s.service.impl.OrderTaskServiceImpl",
                    "message": "OrderTaskServiceImpl.autoCancel | 订单不存在，orderNo: PT629175896604985826248" }
                    
{
                    "app": "Crmeb",
                    "timestamp":"2025-09-28 04:48:00.014",
                    "level": "ERROR",
                    "thread": "task-executor-1",
                    "class": "c.z.s.service.impl.OrderTaskServiceImpl",
                    "message": "OrderTaskServiceImpl.autoCancel | 订单不存在，orderNo: PT629175896604985826248" }
                    
{
                    "app": "Crmeb",
                    "timestamp":"2025-09-28 04:49:00.022",
                    "level": "ERROR",
                    "thread": "task-executor-7",
                    "class": "c.z.s.service.impl.OrderTaskServiceImpl",
                    "message": "OrderTaskServiceImpl.autoCancel | 订单不存在，orderNo: PT629175896604985826248" }
                    
{
                    "app": "Crmeb",
                    "timestamp":"2025-09-28 04:50:00.024",
                    "level": "ERROR",
                    "thread": "task-executor-10",
                    "class": "c.z.s.service.impl.OrderTaskServiceImpl",
                    "message": "OrderTaskServiceImpl.autoCancel | 订单不存在，orderNo: PT629175896604985826248" }
                    
{
                    "app": "Crmeb",
                    "timestamp":"2025-09-28 04:51:00.019",
                    "level": "ERROR",
                    "thread": "task-executor-17",
                    "class": "c.z.s.service.impl.OrderTaskServiceImpl",
                    "message": "OrderTaskServiceImpl.autoCancel | 订单不存在，orderNo: PT629175896604985826248" }
                    
{
                    "app": "Crmeb",
                    "timestamp":"2025-09-28 04:52:00.023",
                    "level": "ERROR",
                    "thread": "task-executor-1",
                    "class": "c.z.s.service.impl.OrderTaskServiceImpl",
                    "message": "OrderTaskServiceImpl.autoCancel | 订单不存在，orderNo: PT629175896604985826248" }
                    
{
                    "app": "Crmeb",
                    "timestamp":"2025-09-28 04:53:00.013",
                    "level": "ERROR",
                    "thread": "task-executor-7",
                    "class": "c.z.s.service.impl.OrderTaskServiceImpl",
                    "message": "OrderTaskServiceImpl.autoCancel | 订单不存在，orderNo: PT629175896604985826248" }
                    
{
                    "app": "Crmeb",
                    "timestamp":"2025-09-28 04:54:00.020",
                    "level": "ERROR",
                    "thread": "task-executor-10",
                    "class": "c.z.s.service.impl.OrderTaskServiceImpl",
                    "message": "OrderTaskServiceImpl.autoCancel | 订单不存在，orderNo: PT629175896604985826248" }
                    
{
                    "app": "Crmeb",
                    "timestamp":"2025-09-28 04:55:00.023",
                    "level": "ERROR",
                    "thread": "task-executor-17",
                    "class": "c.z.s.service.impl.OrderTaskServiceImpl",
                    "message": "OrderTaskServiceImpl.autoCancel | 订单不存在，orderNo: PT629175896604985826248" }
                    
{
                    "app": "Crmeb",
                    "timestamp":"2025-09-28 04:56:00.021",
                    "level": "ERROR",
                    "thread": "task-executor-1",
                    "class": "c.z.s.service.impl.OrderTaskServiceImpl",
                    "message": "OrderTaskServiceImpl.autoCancel | 订单不存在，orderNo: PT629175896604985826248" }
                    
{
                    "app": "Crmeb",
                    "timestamp":"2025-09-28 04:57:00.016",
                    "level": "ERROR",
                    "thread": "task-executor-7",
                    "class": "c.z.s.service.impl.OrderTaskServiceImpl",
                    "message": "OrderTaskServiceImpl.autoCancel | 订单不存在，orderNo: PT629175896604985826248" }
                    
{
                    "app": "Crmeb",
                    "timestamp":"2025-09-28 04:58:00.022",
                    "level": "ERROR",
                    "thread": "task-executor-10",
                    "class": "c.z.s.service.impl.OrderTaskServiceImpl",
                    "message": "OrderTaskServiceImpl.autoCancel | 订单不存在，orderNo: PT629175896604985826248" }
                    
{
                    "app": "Crmeb",
                    "timestamp":"2025-09-28 04:59:00.018",
                    "level": "ERROR",
                    "thread": "task-executor-17",
                    "class": "c.z.s.service.impl.OrderTaskServiceImpl",
                    "message": "OrderTaskServiceImpl.autoCancel | 订单不存在，orderNo: PT629175896604985826248" }
                    
{
                    "app": "Crmeb",
                    "timestamp":"2025-09-28 05:00:00.020",
                    "level": "ERROR",
                    "thread": "task-executor-1",
                    "class": "c.z.s.service.impl.OrderTaskServiceImpl",
                    "message": "OrderTaskServiceImpl.autoCancel | 订单不存在，orderNo: PT629175896604985826248" }
                    
{
                    "app": "Crmeb",
                    "timestamp":"2025-09-28 05:01:00.022",
                    "level": "ERROR",
                    "thread": "task-executor-7",
                    "class": "c.z.s.service.impl.OrderTaskServiceImpl",
                    "message": "OrderTaskServiceImpl.autoCancel | 订单不存在，orderNo: PT629175896604985826248" }
                    
{
                    "app": "Crmeb",
                    "timestamp":"2025-09-28 05:02:00.022",
                    "level": "ERROR",
                    "thread": "task-executor-10",
                    "class": "c.z.s.service.impl.OrderTaskServiceImpl",
                    "message": "OrderTaskServiceImpl.autoCancel | 订单不存在，orderNo: PT629175896604985826248" }
                    
{
                    "app": "Crmeb",
                    "timestamp":"2025-09-28 05:03:00.016",
                    "level": "ERROR",
                    "thread": "task-executor-17",
                    "class": "c.z.s.service.impl.OrderTaskServiceImpl",
                    "message": "OrderTaskServiceImpl.autoCancel | 订单不存在，orderNo: PT629175896604985826248" }
                    
{
                    "app": "Crmeb",
                    "timestamp":"2025-09-28 05:04:00.026",
                    "level": "ERROR",
                    "thread": "task-executor-1",
                    "class": "c.z.s.service.impl.OrderTaskServiceImpl",
                    "message": "OrderTaskServiceImpl.autoCancel | 订单不存在，orderNo: PT629175896604985826248" }
                    
{
                    "app": "Crmeb",
                    "timestamp":"2025-09-28 05:05:00.017",
                    "level": "ERROR",
                    "thread": "task-executor-7",
                    "class": "c.z.s.service.impl.OrderTaskServiceImpl",
                    "message": "OrderTaskServiceImpl.autoCancel | 订单不存在，orderNo: PT629175896604985826248" }
                    
{
                    "app": "Crmeb",
                    "timestamp":"2025-09-28 05:06:00.022",
                    "level": "ERROR",
                    "thread": "task-executor-10",
                    "class": "c.z.s.service.impl.OrderTaskServiceImpl",
                    "message": "OrderTaskServiceImpl.autoCancel | 订单不存在，orderNo: PT629175896604985826248" }
                    
{
                    "app": "Crmeb",
                    "timestamp":"2025-09-28 05:07:00.022",
                    "level": "ERROR",
                    "thread": "task-executor-17",
                    "class": "c.z.s.service.impl.OrderTaskServiceImpl",
                    "message": "OrderTaskServiceImpl.autoCancel | 订单不存在，orderNo: PT629175896604985826248" }
                    
{
                    "app": "Crmeb",
                    "timestamp":"2025-09-28 05:08:00.028",
                    "level": "ERROR",
                    "thread": "task-executor-1",
                    "class": "c.z.s.service.impl.OrderTaskServiceImpl",
                    "message": "OrderTaskServiceImpl.autoCancel | 订单不存在，orderNo: PT629175896604985826248" }
                    
{
                    "app": "Crmeb",
                    "timestamp":"2025-09-28 05:09:00.015",
                    "level": "ERROR",
                    "thread": "task-executor-7",
                    "class": "c.z.s.service.impl.OrderTaskServiceImpl",
                    "message": "OrderTaskServiceImpl.autoCancel | 订单不存在，orderNo: PT629175896604985826248" }
                    
{
                    "app": "Crmeb",
                    "timestamp":"2025-09-28 05:10:00.022",
                    "level": "ERROR",
                    "thread": "task-executor-10",
                    "class": "c.z.s.service.impl.OrderTaskServiceImpl",
                    "message": "OrderTaskServiceImpl.autoCancel | 订单不存在，orderNo: PT629175896604985826248" }
                    
{
                    "app": "Crmeb",
                    "timestamp":"2025-09-28 05:11:00.028",
                    "level": "ERROR",
                    "thread": "task-executor-17",
                    "class": "c.z.s.service.impl.OrderTaskServiceImpl",
                    "message": "OrderTaskServiceImpl.autoCancel | 订单不存在，orderNo: PT629175896604985826248" }
                    
{
                    "app": "Crmeb",
                    "timestamp":"2025-09-28 05:12:00.020",
                    "level": "ERROR",
                    "thread": "task-executor-1",
                    "class": "c.z.s.service.impl.OrderTaskServiceImpl",
                    "message": "OrderTaskServiceImpl.autoCancel | 订单不存在，orderNo: PT629175896604985826248" }
                    
{
                    "app": "Crmeb",
                    "timestamp":"2025-09-28 05:13:00.024",
                    "level": "ERROR",
                    "thread": "task-executor-7",
                    "class": "c.z.s.service.impl.OrderTaskServiceImpl",
                    "message": "OrderTaskServiceImpl.autoCancel | 订单不存在，orderNo: PT629175896604985826248" }
                    
{
                    "app": "Crmeb",
                    "timestamp":"2025-09-28 05:14:00.022",
                    "level": "ERROR",
                    "thread": "task-executor-10",
                    "class": "c.z.s.service.impl.OrderTaskServiceImpl",
                    "message": "OrderTaskServiceImpl.autoCancel | 订单不存在，orderNo: PT629175896604985826248" }
                    
{
                    "app": "Crmeb",
                    "timestamp":"2025-09-28 05:15:00.016",
                    "level": "ERROR",
                    "thread": "task-executor-17",
                    "class": "c.z.s.service.impl.OrderTaskServiceImpl",
                    "message": "OrderTaskServiceImpl.autoCancel | 订单不存在，orderNo: PT629175896604985826248" }
                    
{
                    "app": "Crmeb",
                    "timestamp":"2025-09-28 05:16:00.021",
                    "level": "ERROR",
                    "thread": "task-executor-1",
                    "class": "c.z.s.service.impl.OrderTaskServiceImpl",
                    "message": "OrderTaskServiceImpl.autoCancel | 订单不存在，orderNo: PT629175896604985826248" }
                    
{
                    "app": "Crmeb",
                    "timestamp":"2025-09-28 05:17:00.022",
                    "level": "ERROR",
                    "thread": "task-executor-7",
                    "class": "c.z.s.service.impl.OrderTaskServiceImpl",
                    "message": "OrderTaskServiceImpl.autoCancel | 订单不存在，orderNo: PT629175896604985826248" }
                    
{
                    "app": "Crmeb",
                    "timestamp":"2025-09-28 05:18:00.021",
                    "level": "ERROR",
                    "thread": "task-executor-10",
                    "class": "c.z.s.service.impl.OrderTaskServiceImpl",
                    "message": "OrderTaskServiceImpl.autoCancel | 订单不存在，orderNo: PT629175896604985826248" }
                    
{
                    "app": "Crmeb",
                    "timestamp":"2025-09-28 05:19:00.021",
                    "level": "ERROR",
                    "thread": "task-executor-17",
                    "class": "c.z.s.service.impl.OrderTaskServiceImpl",
                    "message": "OrderTaskServiceImpl.autoCancel | 订单不存在，orderNo: PT629175896604985826248" }
                    
{
                    "app": "Crmeb",
                    "timestamp":"2025-09-28 05:20:00.027",
                    "level": "ERROR",
                    "thread": "task-executor-1",
                    "class": "c.z.s.service.impl.OrderTaskServiceImpl",
                    "message": "OrderTaskServiceImpl.autoCancel | 订单不存在，orderNo: PT629175896604985826248" }
                    
{
                    "app": "Crmeb",
                    "timestamp":"2025-09-28 05:21:00.021",
                    "level": "ERROR",
                    "thread": "task-executor-7",
                    "class": "c.z.s.service.impl.OrderTaskServiceImpl",
                    "message": "OrderTaskServiceImpl.autoCancel | 订单不存在，orderNo: PT629175896604985826248" }
                    
{
                    "app": "Crmeb",
                    "timestamp":"2025-09-28 05:22:00.028",
                    "level": "ERROR",
                    "thread": "task-executor-10",
                    "class": "c.z.s.service.impl.OrderTaskServiceImpl",
                    "message": "OrderTaskServiceImpl.autoCancel | 订单不存在，orderNo: PT629175896604985826248" }
                    
{
                    "app": "Crmeb",
                    "timestamp":"2025-09-28 05:23:00.020",
                    "level": "ERROR",
                    "thread": "task-executor-17",
                    "class": "c.z.s.service.impl.OrderTaskServiceImpl",
                    "message": "OrderTaskServiceImpl.autoCancel | 订单不存在，orderNo: PT629175896604985826248" }
                    
{
                    "app": "Crmeb",
                    "timestamp":"2025-09-28 05:24:00.020",
                    "level": "ERROR",
                    "thread": "task-executor-1",
                    "class": "c.z.s.service.impl.OrderTaskServiceImpl",
                    "message": "OrderTaskServiceImpl.autoCancel | 订单不存在，orderNo: PT629175896604985826248" }
                    
{
                    "app": "Crmeb",
                    "timestamp":"2025-09-28 05:25:00.022",
                    "level": "ERROR",
                    "thread": "task-executor-7",
                    "class": "c.z.s.service.impl.OrderTaskServiceImpl",
                    "message": "OrderTaskServiceImpl.autoCancel | 订单不存在，orderNo: PT629175896604985826248" }
                    
{
                    "app": "Crmeb",
                    "timestamp":"2025-09-28 05:26:00.022",
                    "level": "ERROR",
                    "thread": "task-executor-11",
                    "class": "c.z.s.service.impl.OrderTaskServiceImpl",
                    "message": "OrderTaskServiceImpl.autoCancel | 订单不存在，orderNo: PT629175896604985826248" }
                    
{
                    "app": "Crmeb",
                    "timestamp":"2025-09-28 05:27:00.021",
                    "level": "ERROR",
                    "thread": "task-executor-17",
                    "class": "c.z.s.service.impl.OrderTaskServiceImpl",
                    "message": "OrderTaskServiceImpl.autoCancel | 订单不存在，orderNo: PT629175896604985826248" }
                    
{
                    "app": "Crmeb",
                    "timestamp":"2025-09-28 05:28:00.024",
                    "level": "ERROR",
                    "thread": "task-executor-1",
                    "class": "c.z.s.service.impl.OrderTaskServiceImpl",
                    "message": "OrderTaskServiceImpl.autoCancel | 订单不存在，orderNo: PT629175896604985826248" }
                    
{
                    "app": "Crmeb",
                    "timestamp":"2025-09-28 05:29:00.023",
                    "level": "ERROR",
                    "thread": "task-executor-7",
                    "class": "c.z.s.service.impl.OrderTaskServiceImpl",
                    "message": "OrderTaskServiceImpl.autoCancel | 订单不存在，orderNo: PT629175896604985826248" }
                    
{
                    "app": "Crmeb",
                    "timestamp":"2025-09-28 05:30:00.021",
                    "level": "ERROR",
                    "thread": "task-executor-11",
                    "class": "c.z.s.service.impl.OrderTaskServiceImpl",
                    "message": "OrderTaskServiceImpl.autoCancel | 订单不存在，orderNo: PT629175896604985826248" }
                    
{
                    "app": "Crmeb",
                    "timestamp":"2025-09-28 05:31:00.025",
                    "level": "ERROR",
                    "thread": "task-executor-17",
                    "class": "c.z.s.service.impl.OrderTaskServiceImpl",
                    "message": "OrderTaskServiceImpl.autoCancel | 订单不存在，orderNo: PT629175896604985826248" }
                    
{
                    "app": "Crmeb",
                    "timestamp":"2025-09-28 05:32:00.022",
                    "level": "ERROR",
                    "thread": "task-executor-1",
                    "class": "c.z.s.service.impl.OrderTaskServiceImpl",
                    "message": "OrderTaskServiceImpl.autoCancel | 订单不存在，orderNo: PT629175896604985826248" }
                    
{
                    "app": "Crmeb",
                    "timestamp":"2025-09-28 05:33:00.023",
                    "level": "ERROR",
                    "thread": "task-executor-7",
                    "class": "c.z.s.service.impl.OrderTaskServiceImpl",
                    "message": "OrderTaskServiceImpl.autoCancel | 订单不存在，orderNo: PT629175896604985826248" }
                    
{
                    "app": "Crmeb",
                    "timestamp":"2025-09-28 05:34:00.034",
                    "level": "ERROR",
                    "thread": "task-executor-11",
                    "class": "c.z.s.service.impl.OrderTaskServiceImpl",
                    "message": "OrderTaskServiceImpl.autoCancel | 订单不存在，orderNo: PT629175896604985826248" }
                    
{
                    "app": "Crmeb",
                    "timestamp":"2025-09-28 05:35:00.020",
                    "level": "ERROR",
                    "thread": "task-executor-17",
                    "class": "c.z.s.service.impl.OrderTaskServiceImpl",
                    "message": "OrderTaskServiceImpl.autoCancel | 订单不存在，orderNo: PT629175896604985826248" }
                    
{
                    "app": "Crmeb",
                    "timestamp":"2025-09-28 05:36:00.034",
                    "level": "ERROR",
                    "thread": "task-executor-1",
                    "class": "c.z.s.service.impl.OrderTaskServiceImpl",
                    "message": "OrderTaskServiceImpl.autoCancel | 订单不存在，orderNo: PT629175896604985826248" }
                    
{
                    "app": "Crmeb",
                    "timestamp":"2025-09-28 05:37:00.022",
                    "level": "ERROR",
                    "thread": "task-executor-7",
                    "class": "c.z.s.service.impl.OrderTaskServiceImpl",
                    "message": "OrderTaskServiceImpl.autoCancel | 订单不存在，orderNo: PT629175896604985826248" }
                    
{
                    "app": "Crmeb",
                    "timestamp":"2025-09-28 05:38:00.012",
                    "level": "ERROR",
                    "thread": "task-executor-11",
                    "class": "c.z.s.service.impl.OrderTaskServiceImpl",
                    "message": "OrderTaskServiceImpl.autoCancel | 订单不存在，orderNo: PT629175896604985826248" }
                    
{
                    "app": "Crmeb",
                    "timestamp":"2025-09-28 05:39:00.015",
                    "level": "ERROR",
                    "thread": "task-executor-17",
                    "class": "c.z.s.service.impl.OrderTaskServiceImpl",
                    "message": "OrderTaskServiceImpl.autoCancel | 订单不存在，orderNo: PT629175896604985826248" }
                    
{
                    "app": "Crmeb",
                    "timestamp":"2025-09-28 05:40:00.024",
                    "level": "ERROR",
                    "thread": "task-executor-1",
                    "class": "c.z.s.service.impl.OrderTaskServiceImpl",
                    "message": "OrderTaskServiceImpl.autoCancel | 订单不存在，orderNo: PT629175896604985826248" }
                    
{
                    "app": "Crmeb",
                    "timestamp":"2025-09-28 05:41:00.030",
                    "level": "ERROR",
                    "thread": "task-executor-7",
                    "class": "c.z.s.service.impl.OrderTaskServiceImpl",
                    "message": "OrderTaskServiceImpl.autoCancel | 订单不存在，orderNo: PT629175896604985826248" }
                    
{
                    "app": "Crmeb",
                    "timestamp":"2025-09-28 05:42:00.021",
                    "level": "ERROR",
                    "thread": "task-executor-11",
                    "class": "c.z.s.service.impl.OrderTaskServiceImpl",
                    "message": "OrderTaskServiceImpl.autoCancel | 订单不存在，orderNo: PT629175896604985826248" }
                    
{
                    "app": "Crmeb",
                    "timestamp":"2025-09-28 05:43:00.020",
                    "level": "ERROR",
                    "thread": "task-executor-17",
                    "class": "c.z.s.service.impl.OrderTaskServiceImpl",
                    "message": "OrderTaskServiceImpl.autoCancel | 订单不存在，orderNo: PT629175896604985826248" }
                    
{
                    "app": "Crmeb",
                    "timestamp":"2025-09-28 05:44:00.024",
                    "level": "ERROR",
                    "thread": "task-executor-1",
                    "class": "c.z.s.service.impl.OrderTaskServiceImpl",
                    "message": "OrderTaskServiceImpl.autoCancel | 订单不存在，orderNo: PT629175896604985826248" }
                    
{
                    "app": "Crmeb",
                    "timestamp":"2025-09-28 05:45:00.022",
                    "level": "ERROR",
                    "thread": "task-executor-7",
                    "class": "c.z.s.service.impl.OrderTaskServiceImpl",
                    "message": "OrderTaskServiceImpl.autoCancel | 订单不存在，orderNo: PT629175896604985826248" }
                    
{
                    "app": "Crmeb",
                    "timestamp":"2025-09-28 05:46:00.027",
                    "level": "ERROR",
                    "thread": "task-executor-11",
                    "class": "c.z.s.service.impl.OrderTaskServiceImpl",
                    "message": "OrderTaskServiceImpl.autoCancel | 订单不存在，orderNo: PT629175896604985826248" }
                    
{
                    "app": "Crmeb",
                    "timestamp":"2025-09-28 05:47:00.022",
                    "level": "ERROR",
                    "thread": "task-executor-17",
                    "class": "c.z.s.service.impl.OrderTaskServiceImpl",
                    "message": "OrderTaskServiceImpl.autoCancel | 订单不存在，orderNo: PT629175896604985826248" }
                    
{
                    "app": "Crmeb",
                    "timestamp":"2025-09-28 05:48:00.013",
                    "level": "ERROR",
                    "thread": "task-executor-1",
                    "class": "c.z.s.service.impl.OrderTaskServiceImpl",
                    "message": "OrderTaskServiceImpl.autoCancel | 订单不存在，orderNo: PT629175896604985826248" }
                    
{
                    "app": "Crmeb",
                    "timestamp":"2025-09-28 05:49:00.020",
                    "level": "ERROR",
                    "thread": "task-executor-7",
                    "class": "c.z.s.service.impl.OrderTaskServiceImpl",
                    "message": "OrderTaskServiceImpl.autoCancel | 订单不存在，orderNo: PT629175896604985826248" }
                    
{
                    "app": "Crmeb",
                    "timestamp":"2025-09-28 05:50:00.032",
                    "level": "ERROR",
                    "thread": "task-executor-11",
                    "class": "c.z.s.service.impl.OrderTaskServiceImpl",
                    "message": "OrderTaskServiceImpl.autoCancel | 订单不存在，orderNo: PT629175896604985826248" }
                    
{
                    "app": "Crmeb",
                    "timestamp":"2025-09-28 05:51:00.023",
                    "level": "ERROR",
                    "thread": "task-executor-17",
                    "class": "c.z.s.service.impl.OrderTaskServiceImpl",
                    "message": "OrderTaskServiceImpl.autoCancel | 订单不存在，orderNo: PT629175896604985826248" }
                    
{
                    "app": "Crmeb",
                    "timestamp":"2025-09-28 05:52:00.035",
                    "level": "ERROR",
                    "thread": "task-executor-1",
                    "class": "c.z.s.service.impl.OrderTaskServiceImpl",
                    "message": "OrderTaskServiceImpl.autoCancel | 订单不存在，orderNo: PT629175896604985826248" }
                    
{
                    "app": "Crmeb",
                    "timestamp":"2025-09-28 05:53:00.022",
                    "level": "ERROR",
                    "thread": "task-executor-7",
                    "class": "c.z.s.service.impl.OrderTaskServiceImpl",
                    "message": "OrderTaskServiceImpl.autoCancel | 订单不存在，orderNo: PT629175896604985826248" }
                    
{
                    "app": "Crmeb",
                    "timestamp":"2025-09-28 05:54:00.012",
                    "level": "ERROR",
                    "thread": "task-executor-11",
                    "class": "c.z.s.service.impl.OrderTaskServiceImpl",
                    "message": "OrderTaskServiceImpl.autoCancel | 订单不存在，orderNo: PT629175896604985826248" }
                    
{
                    "app": "Crmeb",
                    "timestamp":"2025-09-28 05:55:00.020",
                    "level": "ERROR",
                    "thread": "task-executor-17",
                    "class": "c.z.s.service.impl.OrderTaskServiceImpl",
                    "message": "OrderTaskServiceImpl.autoCancel | 订单不存在，orderNo: PT629175896604985826248" }
                    
{
                    "app": "Crmeb",
                    "timestamp":"2025-09-28 05:56:00.022",
                    "level": "ERROR",
                    "thread": "task-executor-1",
                    "class": "c.z.s.service.impl.OrderTaskServiceImpl",
                    "message": "OrderTaskServiceImpl.autoCancel | 订单不存在，orderNo: PT629175896604985826248" }
                    
{
                    "app": "Crmeb",
                    "timestamp":"2025-09-28 05:57:00.022",
                    "level": "ERROR",
                    "thread": "task-executor-7",
                    "class": "c.z.s.service.impl.OrderTaskServiceImpl",
                    "message": "OrderTaskServiceImpl.autoCancel | 订单不存在，orderNo: PT629175896604985826248" }
                    
{
                    "app": "Crmeb",
                    "timestamp":"2025-09-28 05:58:00.020",
                    "level": "ERROR",
                    "thread": "task-executor-11",
                    "class": "c.z.s.service.impl.OrderTaskServiceImpl",
                    "message": "OrderTaskServiceImpl.autoCancel | 订单不存在，orderNo: PT629175896604985826248" }
                    
{
                    "app": "Crmeb",
                    "timestamp":"2025-09-28 05:59:00.035",
                    "level": "ERROR",
                    "thread": "task-executor-17",
                    "class": "c.z.s.service.impl.OrderTaskServiceImpl",
                    "message": "OrderTaskServiceImpl.autoCancel | 订单不存在，orderNo: PT629175896604985826248" }
                    
{
                    "app": "Crmeb",
                    "timestamp":"2025-09-28 06:00:00.019",
                    "level": "ERROR",
                    "thread": "task-executor-1",
                    "class": "c.z.s.service.impl.OrderTaskServiceImpl",
                    "message": "OrderTaskServiceImpl.autoCancel | 订单不存在，orderNo: PT629175896604985826248" }
                    
{
                    "app": "Crmeb",
                    "timestamp":"2025-09-28 06:01:00.018",
                    "level": "ERROR",
                    "thread": "task-executor-7",
                    "class": "c.z.s.service.impl.OrderTaskServiceImpl",
                    "message": "OrderTaskServiceImpl.autoCancel | 订单不存在，orderNo: PT629175896604985826248" }
                    
{
                    "app": "Crmeb",
                    "timestamp":"2025-09-28 06:02:00.022",
                    "level": "ERROR",
                    "thread": "task-executor-11",
                    "class": "c.z.s.service.impl.OrderTaskServiceImpl",
                    "message": "OrderTaskServiceImpl.autoCancel | 订单不存在，orderNo: PT629175896604985826248" }
                    
{
                    "app": "Crmeb",
                    "timestamp":"2025-09-28 06:03:00.029",
                    "level": "ERROR",
                    "thread": "task-executor-17",
                    "class": "c.z.s.service.impl.OrderTaskServiceImpl",
                    "message": "OrderTaskServiceImpl.autoCancel | 订单不存在，orderNo: PT629175896604985826248" }
                    
{
                    "app": "Crmeb",
                    "timestamp":"2025-09-28 06:04:00.023",
                    "level": "ERROR",
                    "thread": "task-executor-1",
                    "class": "c.z.s.service.impl.OrderTaskServiceImpl",
                    "message": "OrderTaskServiceImpl.autoCancel | 订单不存在，orderNo: PT629175896604985826248" }
                    
{
                    "app": "Crmeb",
                    "timestamp":"2025-09-28 06:05:00.026",
                    "level": "ERROR",
                    "thread": "task-executor-7",
                    "class": "c.z.s.service.impl.OrderTaskServiceImpl",
                    "message": "OrderTaskServiceImpl.autoCancel | 订单不存在，orderNo: PT629175896604985826248" }
                    
{
                    "app": "Crmeb",
                    "timestamp":"2025-09-28 06:06:00.021",
                    "level": "ERROR",
                    "thread": "task-executor-11",
                    "class": "c.z.s.service.impl.OrderTaskServiceImpl",
                    "message": "OrderTaskServiceImpl.autoCancel | 订单不存在，orderNo: PT629175896604985826248" }
                    
{
                    "app": "Crmeb",
                    "timestamp":"2025-09-28 06:07:00.029",
                    "level": "ERROR",
                    "thread": "task-executor-17",
                    "class": "c.z.s.service.impl.OrderTaskServiceImpl",
                    "message": "OrderTaskServiceImpl.autoCancel | 订单不存在，orderNo: PT629175896604985826248" }
                    
{
                    "app": "Crmeb",
                    "timestamp":"2025-09-28 06:08:00.019",
                    "level": "ERROR",
                    "thread": "task-executor-1",
                    "class": "c.z.s.service.impl.OrderTaskServiceImpl",
                    "message": "OrderTaskServiceImpl.autoCancel | 订单不存在，orderNo: PT629175896604985826248" }
                    
{
                    "app": "Crmeb",
                    "timestamp":"2025-09-28 06:09:00.027",
                    "level": "ERROR",
                    "thread": "task-executor-7",
                    "class": "c.z.s.service.impl.OrderTaskServiceImpl",
                    "message": "OrderTaskServiceImpl.autoCancel | 订单不存在，orderNo: PT629175896604985826248" }
                    
{
                    "app": "Crmeb",
                    "timestamp":"2025-09-28 06:10:00.021",
                    "level": "ERROR",
                    "thread": "task-executor-11",
                    "class": "c.z.s.service.impl.OrderTaskServiceImpl",
                    "message": "OrderTaskServiceImpl.autoCancel | 订单不存在，orderNo: PT629175896604985826248" }
                    
{
                    "app": "Crmeb",
                    "timestamp":"2025-09-28 06:11:00.011",
                    "level": "ERROR",
                    "thread": "task-executor-17",
                    "class": "c.z.s.service.impl.OrderTaskServiceImpl",
                    "message": "OrderTaskServiceImpl.autoCancel | 订单不存在，orderNo: PT629175896604985826248" }
                    
{
                    "app": "Crmeb",
                    "timestamp":"2025-09-28 06:12:00.019",
                    "level": "ERROR",
                    "thread": "task-executor-1",
                    "class": "c.z.s.service.impl.OrderTaskServiceImpl",
                    "message": "OrderTaskServiceImpl.autoCancel | 订单不存在，orderNo: PT629175896604985826248" }
                    
{
                    "app": "Crmeb",
                    "timestamp":"2025-09-28 06:13:00.035",
                    "level": "ERROR",
                    "thread": "task-executor-7",
                    "class": "c.z.s.service.impl.OrderTaskServiceImpl",
                    "message": "OrderTaskServiceImpl.autoCancel | 订单不存在，orderNo: PT629175896604985826248" }
                    
{
                    "app": "Crmeb",
                    "timestamp":"2025-09-28 06:14:00.020",
                    "level": "ERROR",
                    "thread": "task-executor-11",
                    "class": "c.z.s.service.impl.OrderTaskServiceImpl",
                    "message": "OrderTaskServiceImpl.autoCancel | 订单不存在，orderNo: PT629175896604985826248" }
                    
{
                    "app": "Crmeb",
                    "timestamp":"2025-09-28 06:15:00.021",
                    "level": "ERROR",
                    "thread": "task-executor-17",
                    "class": "c.z.s.service.impl.OrderTaskServiceImpl",
                    "message": "OrderTaskServiceImpl.autoCancel | 订单不存在，orderNo: PT629175896604985826248" }
                    
{
                    "app": "Crmeb",
                    "timestamp":"2025-09-28 06:16:00.023",
                    "level": "ERROR",
                    "thread": "task-executor-1",
                    "class": "c.z.s.service.impl.OrderTaskServiceImpl",
                    "message": "OrderTaskServiceImpl.autoCancel | 订单不存在，orderNo: PT629175896604985826248" }
                    
{
                    "app": "Crmeb",
                    "timestamp":"2025-09-28 06:17:00.022",
                    "level": "ERROR",
                    "thread": "task-executor-7",
                    "class": "c.z.s.service.impl.OrderTaskServiceImpl",
                    "message": "OrderTaskServiceImpl.autoCancel | 订单不存在，orderNo: PT629175896604985826248" }
                    
{
                    "app": "Crmeb",
                    "timestamp":"2025-09-28 06:18:00.022",
                    "level": "ERROR",
                    "thread": "task-executor-11",
                    "class": "c.z.s.service.impl.OrderTaskServiceImpl",
                    "message": "OrderTaskServiceImpl.autoCancel | 订单不存在，orderNo: PT629175896604985826248" }
                    
{
                    "app": "Crmeb",
                    "timestamp":"2025-09-28 06:19:00.023",
                    "level": "ERROR",
                    "thread": "task-executor-17",
                    "class": "c.z.s.service.impl.OrderTaskServiceImpl",
                    "message": "OrderTaskServiceImpl.autoCancel | 订单不存在，orderNo: PT629175896604985826248" }
                    
{
                    "app": "Crmeb",
                    "timestamp":"2025-09-28 06:20:00.016",
                    "level": "ERROR",
                    "thread": "task-executor-1",
                    "class": "c.z.s.service.impl.OrderTaskServiceImpl",
                    "message": "OrderTaskServiceImpl.autoCancel | 订单不存在，orderNo: PT629175896604985826248" }
                    
{
                    "app": "Crmeb",
                    "timestamp":"2025-09-28 06:21:00.022",
                    "level": "ERROR",
                    "thread": "task-executor-7",
                    "class": "c.z.s.service.impl.OrderTaskServiceImpl",
                    "message": "OrderTaskServiceImpl.autoCancel | 订单不存在，orderNo: PT629175896604985826248" }
                    
{
                    "app": "Crmeb",
                    "timestamp":"2025-09-28 06:22:00.024",
                    "level": "ERROR",
                    "thread": "task-executor-11",
                    "class": "c.z.s.service.impl.OrderTaskServiceImpl",
                    "message": "OrderTaskServiceImpl.autoCancel | 订单不存在，orderNo: PT629175896604985826248" }
                    
{
                    "app": "Crmeb",
                    "timestamp":"2025-09-28 06:23:00.019",
                    "level": "ERROR",
                    "thread": "task-executor-17",
                    "class": "c.z.s.service.impl.OrderTaskServiceImpl",
                    "message": "OrderTaskServiceImpl.autoCancel | 订单不存在，orderNo: PT629175896604985826248" }
                    
{
                    "app": "Crmeb",
                    "timestamp":"2025-09-28 06:24:00.022",
                    "level": "ERROR",
                    "thread": "task-executor-1",
                    "class": "c.z.s.service.impl.OrderTaskServiceImpl",
                    "message": "OrderTaskServiceImpl.autoCancel | 订单不存在，orderNo: PT629175896604985826248" }
                    
{
                    "app": "Crmeb",
                    "timestamp":"2025-09-28 06:25:00.020",
                    "level": "ERROR",
                    "thread": "task-executor-7",
                    "class": "c.z.s.service.impl.OrderTaskServiceImpl",
                    "message": "OrderTaskServiceImpl.autoCancel | 订单不存在，orderNo: PT629175896604985826248" }
                    
{
                    "app": "Crmeb",
                    "timestamp":"2025-09-28 06:26:00.017",
                    "level": "ERROR",
                    "thread": "task-executor-11",
                    "class": "c.z.s.service.impl.OrderTaskServiceImpl",
                    "message": "OrderTaskServiceImpl.autoCancel | 订单不存在，orderNo: PT629175896604985826248" }
                    
{
                    "app": "Crmeb",
                    "timestamp":"2025-09-28 06:27:00.020",
                    "level": "ERROR",
                    "thread": "task-executor-17",
                    "class": "c.z.s.service.impl.OrderTaskServiceImpl",
                    "message": "OrderTaskServiceImpl.autoCancel | 订单不存在，orderNo: PT629175896604985826248" }
                    
{
                    "app": "Crmeb",
                    "timestamp":"2025-09-28 06:28:00.021",
                    "level": "ERROR",
                    "thread": "task-executor-1",
                    "class": "c.z.s.service.impl.OrderTaskServiceImpl",
                    "message": "OrderTaskServiceImpl.autoCancel | 订单不存在，orderNo: PT629175896604985826248" }
                    
{
                    "app": "Crmeb",
                    "timestamp":"2025-09-28 06:29:00.021",
                    "level": "ERROR",
                    "thread": "task-executor-7",
                    "class": "c.z.s.service.impl.OrderTaskServiceImpl",
                    "message": "OrderTaskServiceImpl.autoCancel | 订单不存在，orderNo: PT629175896604985826248" }
                    
{
                    "app": "Crmeb",
                    "timestamp":"2025-09-28 06:30:00.021",
                    "level": "ERROR",
                    "thread": "task-executor-11",
                    "class": "c.z.s.service.impl.OrderTaskServiceImpl",
                    "message": "OrderTaskServiceImpl.autoCancel | 订单不存在，orderNo: PT629175896604985826248" }
                    
{
                    "app": "Crmeb",
                    "timestamp":"2025-09-28 06:31:00.020",
                    "level": "ERROR",
                    "thread": "task-executor-17",
                    "class": "c.z.s.service.impl.OrderTaskServiceImpl",
                    "message": "OrderTaskServiceImpl.autoCancel | 订单不存在，orderNo: PT629175896604985826248" }
                    
{
                    "app": "Crmeb",
                    "timestamp":"2025-09-28 06:32:00.021",
                    "level": "ERROR",
                    "thread": "task-executor-1",
                    "class": "c.z.s.service.impl.OrderTaskServiceImpl",
                    "message": "OrderTaskServiceImpl.autoCancel | 订单不存在，orderNo: PT629175896604985826248" }
                    
{
                    "app": "Crmeb",
                    "timestamp":"2025-09-28 06:33:00.022",
                    "level": "ERROR",
                    "thread": "task-executor-7",
                    "class": "c.z.s.service.impl.OrderTaskServiceImpl",
                    "message": "OrderTaskServiceImpl.autoCancel | 订单不存在，orderNo: PT629175896604985826248" }
                    
{
                    "app": "Crmeb",
                    "timestamp":"2025-09-28 06:34:00.023",
                    "level": "ERROR",
                    "thread": "task-executor-11",
                    "class": "c.z.s.service.impl.OrderTaskServiceImpl",
                    "message": "OrderTaskServiceImpl.autoCancel | 订单不存在，orderNo: PT629175896604985826248" }
                    
{
                    "app": "Crmeb",
                    "timestamp":"2025-09-28 06:35:00.022",
                    "level": "ERROR",
                    "thread": "task-executor-17",
                    "class": "c.z.s.service.impl.OrderTaskServiceImpl",
                    "message": "OrderTaskServiceImpl.autoCancel | 订单不存在，orderNo: PT629175896604985826248" }
                    
{
                    "app": "Crmeb",
                    "timestamp":"2025-09-28 06:36:00.023",
                    "level": "ERROR",
                    "thread": "task-executor-1",
                    "class": "c.z.s.service.impl.OrderTaskServiceImpl",
                    "message": "OrderTaskServiceImpl.autoCancel | 订单不存在，orderNo: PT629175896604985826248" }
                    
{
                    "app": "Crmeb",
                    "timestamp":"2025-09-28 06:37:00.024",
                    "level": "ERROR",
                    "thread": "task-executor-7",
                    "class": "c.z.s.service.impl.OrderTaskServiceImpl",
                    "message": "OrderTaskServiceImpl.autoCancel | 订单不存在，orderNo: PT629175896604985826248" }
                    
{
                    "app": "Crmeb",
                    "timestamp":"2025-09-28 06:38:00.025",
                    "level": "ERROR",
                    "thread": "task-executor-11",
                    "class": "c.z.s.service.impl.OrderTaskServiceImpl",
                    "message": "OrderTaskServiceImpl.autoCancel | 订单不存在，orderNo: PT629175896604985826248" }
                    
{
                    "app": "Crmeb",
                    "timestamp":"2025-09-28 06:39:00.021",
                    "level": "ERROR",
                    "thread": "task-executor-17",
                    "class": "c.z.s.service.impl.OrderTaskServiceImpl",
                    "message": "OrderTaskServiceImpl.autoCancel | 订单不存在，orderNo: PT629175896604985826248" }
                    
{
                    "app": "Crmeb",
                    "timestamp":"2025-09-28 06:40:00.031",
                    "level": "ERROR",
                    "thread": "task-executor-1",
                    "class": "c.z.s.service.impl.OrderTaskServiceImpl",
                    "message": "OrderTaskServiceImpl.autoCancel | 订单不存在，orderNo: PT629175896604985826248" }
                    
{
                    "app": "Crmeb",
                    "timestamp":"2025-09-28 06:41:00.019",
                    "level": "ERROR",
                    "thread": "task-executor-7",
                    "class": "c.z.s.service.impl.OrderTaskServiceImpl",
                    "message": "OrderTaskServiceImpl.autoCancel | 订单不存在，orderNo: PT629175896604985826248" }
                    
{
                    "app": "Crmeb",
                    "timestamp":"2025-09-28 06:42:00.022",
                    "level": "ERROR",
                    "thread": "task-executor-11",
                    "class": "c.z.s.service.impl.OrderTaskServiceImpl",
                    "message": "OrderTaskServiceImpl.autoCancel | 订单不存在，orderNo: PT629175896604985826248" }
                    
{
                    "app": "Crmeb",
                    "timestamp":"2025-09-28 06:43:00.016",
                    "level": "ERROR",
                    "thread": "task-executor-17",
                    "class": "c.z.s.service.impl.OrderTaskServiceImpl",
                    "message": "OrderTaskServiceImpl.autoCancel | 订单不存在，orderNo: PT629175896604985826248" }
                    
{
                    "app": "Crmeb",
                    "timestamp":"2025-09-28 06:44:00.020",
                    "level": "ERROR",
                    "thread": "task-executor-1",
                    "class": "c.z.s.service.impl.OrderTaskServiceImpl",
                    "message": "OrderTaskServiceImpl.autoCancel | 订单不存在，orderNo: PT629175896604985826248" }
                    
{
                    "app": "Crmeb",
                    "timestamp":"2025-09-28 06:45:00.019",
                    "level": "ERROR",
                    "thread": "task-executor-7",
                    "class": "c.z.s.service.impl.OrderTaskServiceImpl",
                    "message": "OrderTaskServiceImpl.autoCancel | 订单不存在，orderNo: PT629175896604985826248" }
                    
{
                    "app": "Crmeb",
                    "timestamp":"2025-09-28 06:46:00.021",
                    "level": "ERROR",
                    "thread": "task-executor-11",
                    "class": "c.z.s.service.impl.OrderTaskServiceImpl",
                    "message": "OrderTaskServiceImpl.autoCancel | 订单不存在，orderNo: PT629175896604985826248" }
                    
{
                    "app": "Crmeb",
                    "timestamp":"2025-09-28 06:47:00.024",
                    "level": "ERROR",
                    "thread": "task-executor-17",
                    "class": "c.z.s.service.impl.OrderTaskServiceImpl",
                    "message": "OrderTaskServiceImpl.autoCancel | 订单不存在，orderNo: PT629175896604985826248" }
                    
{
                    "app": "Crmeb",
                    "timestamp":"2025-09-28 06:48:00.022",
                    "level": "ERROR",
                    "thread": "task-executor-1",
                    "class": "c.z.s.service.impl.OrderTaskServiceImpl",
                    "message": "OrderTaskServiceImpl.autoCancel | 订单不存在，orderNo: PT629175896604985826248" }
                    
{
                    "app": "Crmeb",
                    "timestamp":"2025-09-28 06:49:00.014",
                    "level": "ERROR",
                    "thread": "task-executor-7",
                    "class": "c.z.s.service.impl.OrderTaskServiceImpl",
                    "message": "OrderTaskServiceImpl.autoCancel | 订单不存在，orderNo: PT629175896604985826248" }
                    
{
                    "app": "Crmeb",
                    "timestamp":"2025-09-28 06:50:00.021",
                    "level": "ERROR",
                    "thread": "task-executor-11",
                    "class": "c.z.s.service.impl.OrderTaskServiceImpl",
                    "message": "OrderTaskServiceImpl.autoCancel | 订单不存在，orderNo: PT629175896604985826248" }
                    
{
                    "app": "Crmeb",
                    "timestamp":"2025-09-28 06:51:00.022",
                    "level": "ERROR",
                    "thread": "task-executor-17",
                    "class": "c.z.s.service.impl.OrderTaskServiceImpl",
                    "message": "OrderTaskServiceImpl.autoCancel | 订单不存在，orderNo: PT629175896604985826248" }
                    
{
                    "app": "Crmeb",
                    "timestamp":"2025-09-28 06:52:00.021",
                    "level": "ERROR",
                    "thread": "task-executor-1",
                    "class": "c.z.s.service.impl.OrderTaskServiceImpl",
                    "message": "OrderTaskServiceImpl.autoCancel | 订单不存在，orderNo: PT629175896604985826248" }
                    
{
                    "app": "Crmeb",
                    "timestamp":"2025-09-28 06:53:00.025",
                    "level": "ERROR",
                    "thread": "task-executor-7",
                    "class": "c.z.s.service.impl.OrderTaskServiceImpl",
                    "message": "OrderTaskServiceImpl.autoCancel | 订单不存在，orderNo: PT629175896604985826248" }
                    
{
                    "app": "Crmeb",
                    "timestamp":"2025-09-28 06:54:00.021",
                    "level": "ERROR",
                    "thread": "task-executor-11",
                    "class": "c.z.s.service.impl.OrderTaskServiceImpl",
                    "message": "OrderTaskServiceImpl.autoCancel | 订单不存在，orderNo: PT629175896604985826248" }
                    
{
                    "app": "Crmeb",
                    "timestamp":"2025-09-28 06:55:00.021",
                    "level": "ERROR",
                    "thread": "task-executor-17",
                    "class": "c.z.s.service.impl.OrderTaskServiceImpl",
                    "message": "OrderTaskServiceImpl.autoCancel | 订单不存在，orderNo: PT629175896604985826248" }
                    
{
                    "app": "Crmeb",
                    "timestamp":"2025-09-28 06:56:00.021",
                    "level": "ERROR",
                    "thread": "task-executor-1",
                    "class": "c.z.s.service.impl.OrderTaskServiceImpl",
                    "message": "OrderTaskServiceImpl.autoCancel | 订单不存在，orderNo: PT629175896604985826248" }
                    
{
                    "app": "Crmeb",
                    "timestamp":"2025-09-28 06:57:00.021",
                    "level": "ERROR",
                    "thread": "task-executor-7",
                    "class": "c.z.s.service.impl.OrderTaskServiceImpl",
                    "message": "OrderTaskServiceImpl.autoCancel | 订单不存在，orderNo: PT629175896604985826248" }
                    
{
                    "app": "Crmeb",
                    "timestamp":"2025-09-28 06:58:00.022",
                    "level": "ERROR",
                    "thread": "task-executor-11",
                    "class": "c.z.s.service.impl.OrderTaskServiceImpl",
                    "message": "OrderTaskServiceImpl.autoCancel | 订单不存在，orderNo: PT629175896604985826248" }
                    
{
                    "app": "Crmeb",
                    "timestamp":"2025-09-28 06:59:00.019",
                    "level": "ERROR",
                    "thread": "task-executor-17",
                    "class": "c.z.s.service.impl.OrderTaskServiceImpl",
                    "message": "OrderTaskServiceImpl.autoCancel | 订单不存在，orderNo: PT629175896604985826248" }
                    
{
                    "app": "Crmeb",
                    "timestamp":"2025-09-28 07:00:00.021",
                    "level": "ERROR",
                    "thread": "task-executor-1",
                    "class": "c.z.s.service.impl.OrderTaskServiceImpl",
                    "message": "OrderTaskServiceImpl.autoCancel | 订单不存在，orderNo: PT629175896604985826248" }
                    
{
                    "app": "Crmeb",
                    "timestamp":"2025-09-28 07:01:00.025",
                    "level": "ERROR",
                    "thread": "task-executor-7",
                    "class": "c.z.s.service.impl.OrderTaskServiceImpl",
                    "message": "OrderTaskServiceImpl.autoCancel | 订单不存在，orderNo: PT629175896604985826248" }
                    
{
                    "app": "Crmeb",
                    "timestamp":"2025-09-28 07:02:00.020",
                    "level": "ERROR",
                    "thread": "task-executor-11",
                    "class": "c.z.s.service.impl.OrderTaskServiceImpl",
                    "message": "OrderTaskServiceImpl.autoCancel | 订单不存在，orderNo: PT629175896604985826248" }
                    
{
                    "app": "Crmeb",
                    "timestamp":"2025-09-28 07:03:00.021",
                    "level": "ERROR",
                    "thread": "task-executor-17",
                    "class": "c.z.s.service.impl.OrderTaskServiceImpl",
                    "message": "OrderTaskServiceImpl.autoCancel | 订单不存在，orderNo: PT629175896604985826248" }
                    
{
                    "app": "Crmeb",
                    "timestamp":"2025-09-28 07:04:00.017",
                    "level": "ERROR",
                    "thread": "task-executor-1",
                    "class": "c.z.s.service.impl.OrderTaskServiceImpl",
                    "message": "OrderTaskServiceImpl.autoCancel | 订单不存在，orderNo: PT629175896604985826248" }
                    
{
                    "app": "Crmeb",
                    "timestamp":"2025-09-28 07:05:00.021",
                    "level": "ERROR",
                    "thread": "task-executor-7",
                    "class": "c.z.s.service.impl.OrderTaskServiceImpl",
                    "message": "OrderTaskServiceImpl.autoCancel | 订单不存在，orderNo: PT629175896604985826248" }
                    
{
                    "app": "Crmeb",
                    "timestamp":"2025-09-28 07:06:00.022",
                    "level": "ERROR",
                    "thread": "task-executor-11",
                    "class": "c.z.s.service.impl.OrderTaskServiceImpl",
                    "message": "OrderTaskServiceImpl.autoCancel | 订单不存在，orderNo: PT629175896604985826248" }
                    
{
                    "app": "Crmeb",
                    "timestamp":"2025-09-28 07:07:00.020",
                    "level": "ERROR",
                    "thread": "task-executor-17",
                    "class": "c.z.s.service.impl.OrderTaskServiceImpl",
                    "message": "OrderTaskServiceImpl.autoCancel | 订单不存在，orderNo: PT629175896604985826248" }
                    
{
                    "app": "Crmeb",
                    "timestamp":"2025-09-28 07:08:00.021",
                    "level": "ERROR",
                    "thread": "task-executor-1",
                    "class": "c.z.s.service.impl.OrderTaskServiceImpl",
                    "message": "OrderTaskServiceImpl.autoCancel | 订单不存在，orderNo: PT629175896604985826248" }
                    
{
                    "app": "Crmeb",
                    "timestamp":"2025-09-28 07:09:00.014",
                    "level": "ERROR",
                    "thread": "task-executor-7",
                    "class": "c.z.s.service.impl.OrderTaskServiceImpl",
                    "message": "OrderTaskServiceImpl.autoCancel | 订单不存在，orderNo: PT629175896604985826248" }
                    
{
                    "app": "Crmeb",
                    "timestamp":"2025-09-28 07:10:00.025",
                    "level": "ERROR",
                    "thread": "task-executor-11",
                    "class": "c.z.s.service.impl.OrderTaskServiceImpl",
                    "message": "OrderTaskServiceImpl.autoCancel | 订单不存在，orderNo: PT629175896604985826248" }
                    
{
                    "app": "Crmeb",
                    "timestamp":"2025-09-28 07:11:00.022",
                    "level": "ERROR",
                    "thread": "task-executor-17",
                    "class": "c.z.s.service.impl.OrderTaskServiceImpl",
                    "message": "OrderTaskServiceImpl.autoCancel | 订单不存在，orderNo: PT629175896604985826248" }
                    
{
                    "app": "Crmeb",
                    "timestamp":"2025-09-28 07:12:00.020",
                    "level": "ERROR",
                    "thread": "task-executor-5",
                    "class": "c.z.s.service.impl.OrderTaskServiceImpl",
                    "message": "OrderTaskServiceImpl.autoCancel | 订单不存在，orderNo: PT629175896604985826248" }
                    
{
                    "app": "Crmeb",
                    "timestamp":"2025-09-28 07:13:00.020",
                    "level": "ERROR",
                    "thread": "task-executor-7",
                    "class": "c.z.s.service.impl.OrderTaskServiceImpl",
                    "message": "OrderTaskServiceImpl.autoCancel | 订单不存在，orderNo: PT629175896604985826248" }
                    
{
                    "app": "Crmeb",
                    "timestamp":"2025-09-28 07:14:00.021",
                    "level": "ERROR",
                    "thread": "task-executor-11",
                    "class": "c.z.s.service.impl.OrderTaskServiceImpl",
                    "message": "OrderTaskServiceImpl.autoCancel | 订单不存在，orderNo: PT629175896604985826248" }
                    
{
                    "app": "Crmeb",
                    "timestamp":"2025-09-28 07:15:00.024",
                    "level": "ERROR",
                    "thread": "task-executor-17",
                    "class": "c.z.s.service.impl.OrderTaskServiceImpl",
                    "message": "OrderTaskServiceImpl.autoCancel | 订单不存在，orderNo: PT629175896604985826248" }
                    
{
                    "app": "Crmeb",
                    "timestamp":"2025-09-28 07:16:00.027",
                    "level": "ERROR",
                    "thread": "task-executor-5",
                    "class": "c.z.s.service.impl.OrderTaskServiceImpl",
                    "message": "OrderTaskServiceImpl.autoCancel | 订单不存在，orderNo: PT629175896604985826248" }
                    
{
                    "app": "Crmeb",
                    "timestamp":"2025-09-28 07:17:00.024",
                    "level": "ERROR",
                    "thread": "task-executor-7",
                    "class": "c.z.s.service.impl.OrderTaskServiceImpl",
                    "message": "OrderTaskServiceImpl.autoCancel | 订单不存在，orderNo: PT629175896604985826248" }
                    
{
                    "app": "Crmeb",
                    "timestamp":"2025-09-28 07:18:00.023",
                    "level": "ERROR",
                    "thread": "task-executor-11",
                    "class": "c.z.s.service.impl.OrderTaskServiceImpl",
                    "message": "OrderTaskServiceImpl.autoCancel | 订单不存在，orderNo: PT629175896604985826248" }
                    
{
                    "app": "Crmeb",
                    "timestamp":"2025-09-28 07:19:00.020",
                    "level": "ERROR",
                    "thread": "task-executor-17",
                    "class": "c.z.s.service.impl.OrderTaskServiceImpl",
                    "message": "OrderTaskServiceImpl.autoCancel | 订单不存在，orderNo: PT629175896604985826248" }
                    
{
                    "app": "Crmeb",
                    "timestamp":"2025-09-28 07:20:00.013",
                    "level": "ERROR",
                    "thread": "task-executor-5",
                    "class": "c.z.s.service.impl.OrderTaskServiceImpl",
                    "message": "OrderTaskServiceImpl.autoCancel | 订单不存在，orderNo: PT629175896604985826248" }
                    
{
                    "app": "Crmeb",
                    "timestamp":"2025-09-28 07:21:00.022",
                    "level": "ERROR",
                    "thread": "task-executor-7",
                    "class": "c.z.s.service.impl.OrderTaskServiceImpl",
                    "message": "OrderTaskServiceImpl.autoCancel | 订单不存在，orderNo: PT629175896604985826248" }
                    
{
                    "app": "Crmeb",
                    "timestamp":"2025-09-28 07:22:00.021",
                    "level": "ERROR",
                    "thread": "task-executor-11",
                    "class": "c.z.s.service.impl.OrderTaskServiceImpl",
                    "message": "OrderTaskServiceImpl.autoCancel | 订单不存在，orderNo: PT629175896604985826248" }
                    
{
                    "app": "Crmeb",
                    "timestamp":"2025-09-28 07:23:00.013",
                    "level": "ERROR",
                    "thread": "task-executor-17",
                    "class": "c.z.s.service.impl.OrderTaskServiceImpl",
                    "message": "OrderTaskServiceImpl.autoCancel | 订单不存在，orderNo: PT629175896604985826248" }
                    
{
                    "app": "Crmeb",
                    "timestamp":"2025-09-28 07:24:00.024",
                    "level": "ERROR",
                    "thread": "task-executor-5",
                    "class": "c.z.s.service.impl.OrderTaskServiceImpl",
                    "message": "OrderTaskServiceImpl.autoCancel | 订单不存在，orderNo: PT629175896604985826248" }
                    
{
                    "app": "Crmeb",
                    "timestamp":"2025-09-28 07:25:00.026",
                    "level": "ERROR",
                    "thread": "task-executor-7",
                    "class": "c.z.s.service.impl.OrderTaskServiceImpl",
                    "message": "OrderTaskServiceImpl.autoCancel | 订单不存在，orderNo: PT629175896604985826248" }
                    
{
                    "app": "Crmeb",
                    "timestamp":"2025-09-28 07:26:00.019",
                    "level": "ERROR",
                    "thread": "task-executor-11",
                    "class": "c.z.s.service.impl.OrderTaskServiceImpl",
                    "message": "OrderTaskServiceImpl.autoCancel | 订单不存在，orderNo: PT629175896604985826248" }
                    
{
                    "app": "Crmeb",
                    "timestamp":"2025-09-28 07:27:00.020",
                    "level": "ERROR",
                    "thread": "task-executor-17",
                    "class": "c.z.s.service.impl.OrderTaskServiceImpl",
                    "message": "OrderTaskServiceImpl.autoCancel | 订单不存在，orderNo: PT629175896604985826248" }
                    
{
                    "app": "Crmeb",
                    "timestamp":"2025-09-28 07:28:00.015",
                    "level": "ERROR",
                    "thread": "task-executor-5",
                    "class": "c.z.s.service.impl.OrderTaskServiceImpl",
                    "message": "OrderTaskServiceImpl.autoCancel | 订单不存在，orderNo: PT629175896604985826248" }
                    
{
                    "app": "Crmeb",
                    "timestamp":"2025-09-28 07:29:00.023",
                    "level": "ERROR",
                    "thread": "task-executor-7",
                    "class": "c.z.s.service.impl.OrderTaskServiceImpl",
                    "message": "OrderTaskServiceImpl.autoCancel | 订单不存在，orderNo: PT629175896604985826248" }
                    
{
                    "app": "Crmeb",
                    "timestamp":"2025-09-28 07:30:00.022",
                    "level": "ERROR",
                    "thread": "task-executor-11",
                    "class": "c.z.s.service.impl.OrderTaskServiceImpl",
                    "message": "OrderTaskServiceImpl.autoCancel | 订单不存在，orderNo: PT629175896604985826248" }
                    
{
                    "app": "Crmeb",
                    "timestamp":"2025-09-28 07:31:00.019",
                    "level": "ERROR",
                    "thread": "task-executor-17",
                    "class": "c.z.s.service.impl.OrderTaskServiceImpl",
                    "message": "OrderTaskServiceImpl.autoCancel | 订单不存在，orderNo: PT629175896604985826248" }
                    
{
                    "app": "Crmeb",
                    "timestamp":"2025-09-28 07:32:00.028",
                    "level": "ERROR",
                    "thread": "task-executor-5",
                    "class": "c.z.s.service.impl.OrderTaskServiceImpl",
                    "message": "OrderTaskServiceImpl.autoCancel | 订单不存在，orderNo: PT629175896604985826248" }
                    
{
                    "app": "Crmeb",
                    "timestamp":"2025-09-28 07:33:00.022",
                    "level": "ERROR",
                    "thread": "task-executor-7",
                    "class": "c.z.s.service.impl.OrderTaskServiceImpl",
                    "message": "OrderTaskServiceImpl.autoCancel | 订单不存在，orderNo: PT629175896604985826248" }
                    
{
                    "app": "Crmeb",
                    "timestamp":"2025-09-28 07:34:00.014",
                    "level": "ERROR",
                    "thread": "task-executor-11",
                    "class": "c.z.s.service.impl.OrderTaskServiceImpl",
                    "message": "OrderTaskServiceImpl.autoCancel | 订单不存在，orderNo: PT629175896604985826248" }
                    
{
                    "app": "Crmeb",
                    "timestamp":"2025-09-28 07:35:00.022",
                    "level": "ERROR",
                    "thread": "task-executor-17",
                    "class": "c.z.s.service.impl.OrderTaskServiceImpl",
                    "message": "OrderTaskServiceImpl.autoCancel | 订单不存在，orderNo: PT629175896604985826248" }
                    
{
                    "app": "Crmeb",
                    "timestamp":"2025-09-28 07:36:00.021",
                    "level": "ERROR",
                    "thread": "task-executor-5",
                    "class": "c.z.s.service.impl.OrderTaskServiceImpl",
                    "message": "OrderTaskServiceImpl.autoCancel | 订单不存在，orderNo: PT629175896604985826248" }
                    
{
                    "app": "Crmeb",
                    "timestamp":"2025-09-28 07:37:00.021",
                    "level": "ERROR",
                    "thread": "task-executor-7",
                    "class": "c.z.s.service.impl.OrderTaskServiceImpl",
                    "message": "OrderTaskServiceImpl.autoCancel | 订单不存在，orderNo: PT629175896604985826248" }
                    
{
                    "app": "Crmeb",
                    "timestamp":"2025-09-28 07:38:00.021",
                    "level": "ERROR",
                    "thread": "task-executor-11",
                    "class": "c.z.s.service.impl.OrderTaskServiceImpl",
                    "message": "OrderTaskServiceImpl.autoCancel | 订单不存在，orderNo: PT629175896604985826248" }
                    
{
                    "app": "Crmeb",
                    "timestamp":"2025-09-28 07:39:00.021",
                    "level": "ERROR",
                    "thread": "task-executor-17",
                    "class": "c.z.s.service.impl.OrderTaskServiceImpl",
                    "message": "OrderTaskServiceImpl.autoCancel | 订单不存在，orderNo: PT629175896604985826248" }
                    
{
                    "app": "Crmeb",
                    "timestamp":"2025-09-28 07:40:00.019",
                    "level": "ERROR",
                    "thread": "task-executor-5",
                    "class": "c.z.s.service.impl.OrderTaskServiceImpl",
                    "message": "OrderTaskServiceImpl.autoCancel | 订单不存在，orderNo: PT629175896604985826248" }
                    
{
                    "app": "Crmeb",
                    "timestamp":"2025-09-28 07:41:00.025",
                    "level": "ERROR",
                    "thread": "task-executor-7",
                    "class": "c.z.s.service.impl.OrderTaskServiceImpl",
                    "message": "OrderTaskServiceImpl.autoCancel | 订单不存在，orderNo: PT629175896604985826248" }
                    
{
                    "app": "Crmeb",
                    "timestamp":"2025-09-28 07:42:00.023",
                    "level": "ERROR",
                    "thread": "task-executor-11",
                    "class": "c.z.s.service.impl.OrderTaskServiceImpl",
                    "message": "OrderTaskServiceImpl.autoCancel | 订单不存在，orderNo: PT629175896604985826248" }
                    
{
                    "app": "Crmeb",
                    "timestamp":"2025-09-28 07:43:00.021",
                    "level": "ERROR",
                    "thread": "task-executor-17",
                    "class": "c.z.s.service.impl.OrderTaskServiceImpl",
                    "message": "OrderTaskServiceImpl.autoCancel | 订单不存在，orderNo: PT629175896604985826248" }
                    
{
                    "app": "Crmeb",
                    "timestamp":"2025-09-28 07:44:00.017",
                    "level": "ERROR",
                    "thread": "task-executor-5",
                    "class": "c.z.s.service.impl.OrderTaskServiceImpl",
                    "message": "OrderTaskServiceImpl.autoCancel | 订单不存在，orderNo: PT629175896604985826248" }
                    
{
                    "app": "Crmeb",
                    "timestamp":"2025-09-28 07:45:00.020",
                    "level": "ERROR",
                    "thread": "task-executor-7",
                    "class": "c.z.s.service.impl.OrderTaskServiceImpl",
                    "message": "OrderTaskServiceImpl.autoCancel | 订单不存在，orderNo: PT629175896604985826248" }
                    
{
                    "app": "Crmeb",
                    "timestamp":"2025-09-28 07:46:00.025",
                    "level": "ERROR",
                    "thread": "task-executor-11",
                    "class": "c.z.s.service.impl.OrderTaskServiceImpl",
                    "message": "OrderTaskServiceImpl.autoCancel | 订单不存在，orderNo: PT629175896604985826248" }
                    
{
                    "app": "Crmeb",
                    "timestamp":"2025-09-28 07:47:00.023",
                    "level": "ERROR",
                    "thread": "task-executor-17",
                    "class": "c.z.s.service.impl.OrderTaskServiceImpl",
                    "message": "OrderTaskServiceImpl.autoCancel | 订单不存在，orderNo: PT629175896604985826248" }
                    
{
                    "app": "Crmeb",
                    "timestamp":"2025-09-28 07:48:00.021",
                    "level": "ERROR",
                    "thread": "task-executor-5",
                    "class": "c.z.s.service.impl.OrderTaskServiceImpl",
                    "message": "OrderTaskServiceImpl.autoCancel | 订单不存在，orderNo: PT629175896604985826248" }
                    
{
                    "app": "Crmeb",
                    "timestamp":"2025-09-28 07:49:00.020",
                    "level": "ERROR",
                    "thread": "task-executor-7",
                    "class": "c.z.s.service.impl.OrderTaskServiceImpl",
                    "message": "OrderTaskServiceImpl.autoCancel | 订单不存在，orderNo: PT629175896604985826248" }
                    
{
                    "app": "Crmeb",
                    "timestamp":"2025-09-28 07:50:00.015",
                    "level": "ERROR",
                    "thread": "task-executor-11",
                    "class": "c.z.s.service.impl.OrderTaskServiceImpl",
                    "message": "OrderTaskServiceImpl.autoCancel | 订单不存在，orderNo: PT629175896604985826248" }
                    
{
                    "app": "Crmeb",
                    "timestamp":"2025-09-28 07:51:00.021",
                    "level": "ERROR",
                    "thread": "task-executor-17",
                    "class": "c.z.s.service.impl.OrderTaskServiceImpl",
                    "message": "OrderTaskServiceImpl.autoCancel | 订单不存在，orderNo: PT629175896604985826248" }
                    
{
                    "app": "Crmeb",
                    "timestamp":"2025-09-28 07:52:00.033",
                    "level": "ERROR",
                    "thread": "task-executor-5",
                    "class": "c.z.s.service.impl.OrderTaskServiceImpl",
                    "message": "OrderTaskServiceImpl.autoCancel | 订单不存在，orderNo: PT629175896604985826248" }
                    
{
                    "app": "Crmeb",
                    "timestamp":"2025-09-28 07:53:00.013",
                    "level": "ERROR",
                    "thread": "task-executor-7",
                    "class": "c.z.s.service.impl.OrderTaskServiceImpl",
                    "message": "OrderTaskServiceImpl.autoCancel | 订单不存在，orderNo: PT629175896604985826248" }
                    
{
                    "app": "Crmeb",
                    "timestamp":"2025-09-28 07:54:00.013",
                    "level": "ERROR",
                    "thread": "task-executor-11",
                    "class": "c.z.s.service.impl.OrderTaskServiceImpl",
                    "message": "OrderTaskServiceImpl.autoCancel | 订单不存在，orderNo: PT629175896604985826248" }
                    
{
                    "app": "Crmeb",
                    "timestamp":"2025-09-28 07:55:00.028",
                    "level": "ERROR",
                    "thread": "task-executor-17",
                    "class": "c.z.s.service.impl.OrderTaskServiceImpl",
                    "message": "OrderTaskServiceImpl.autoCancel | 订单不存在，orderNo: PT629175896604985826248" }
                    
{
                    "app": "Crmeb",
                    "timestamp":"2025-09-28 07:56:00.023",
                    "level": "ERROR",
                    "thread": "task-executor-5",
                    "class": "c.z.s.service.impl.OrderTaskServiceImpl",
                    "message": "OrderTaskServiceImpl.autoCancel | 订单不存在，orderNo: PT629175896604985826248" }
                    
{
                    "app": "Crmeb",
                    "timestamp":"2025-09-28 07:57:00.013",
                    "level": "ERROR",
                    "thread": "task-executor-7",
                    "class": "c.z.s.service.impl.OrderTaskServiceImpl",
                    "message": "OrderTaskServiceImpl.autoCancel | 订单不存在，orderNo: PT629175896604985826248" }
                    
{
                    "app": "Crmeb",
                    "timestamp":"2025-09-28 07:58:00.020",
                    "level": "ERROR",
                    "thread": "task-executor-11",
                    "class": "c.z.s.service.impl.OrderTaskServiceImpl",
                    "message": "OrderTaskServiceImpl.autoCancel | 订单不存在，orderNo: PT629175896604985826248" }
                    
{
                    "app": "Crmeb",
                    "timestamp":"2025-09-28 07:59:00.024",
                    "level": "ERROR",
                    "thread": "task-executor-17",
                    "class": "c.z.s.service.impl.OrderTaskServiceImpl",
                    "message": "OrderTaskServiceImpl.autoCancel | 订单不存在，orderNo: PT629175896604985826248" }
                    
{
                    "app": "Crmeb",
                    "timestamp":"2025-09-28 08:00:00.022",
                    "level": "ERROR",
                    "thread": "task-executor-5",
                    "class": "c.z.s.service.impl.OrderTaskServiceImpl",
                    "message": "OrderTaskServiceImpl.autoCancel | 订单不存在，orderNo: PT629175896604985826248" }
                    
{
                    "app": "Crmeb",
                    "timestamp":"2025-09-28 08:01:00.035",
                    "level": "ERROR",
                    "thread": "task-executor-7",
                    "class": "c.z.s.service.impl.OrderTaskServiceImpl",
                    "message": "OrderTaskServiceImpl.autoCancel | 订单不存在，orderNo: PT629175896604985826248" }
                    
{
                    "app": "Crmeb",
                    "timestamp":"2025-09-28 08:02:00.022",
                    "level": "ERROR",
                    "thread": "task-executor-11",
                    "class": "c.z.s.service.impl.OrderTaskServiceImpl",
                    "message": "OrderTaskServiceImpl.autoCancel | 订单不存在，orderNo: PT629175896604985826248" }
                    
{
                    "app": "Crmeb",
                    "timestamp":"2025-09-28 08:03:00.022",
                    "level": "ERROR",
                    "thread": "task-executor-17",
                    "class": "c.z.s.service.impl.OrderTaskServiceImpl",
                    "message": "OrderTaskServiceImpl.autoCancel | 订单不存在，orderNo: PT629175896604985826248" }
                    
{
                    "app": "Crmeb",
                    "timestamp":"2025-09-28 08:04:00.024",
                    "level": "ERROR",
                    "thread": "task-executor-5",
                    "class": "c.z.s.service.impl.OrderTaskServiceImpl",
                    "message": "OrderTaskServiceImpl.autoCancel | 订单不存在，orderNo: PT629175896604985826248" }
                    
{
                    "app": "Crmeb",
                    "timestamp":"2025-09-28 08:05:00.020",
                    "level": "ERROR",
                    "thread": "task-executor-7",
                    "class": "c.z.s.service.impl.OrderTaskServiceImpl",
                    "message": "OrderTaskServiceImpl.autoCancel | 订单不存在，orderNo: PT629175896604985826248" }
                    
{
                    "app": "Crmeb",
                    "timestamp":"2025-09-28 08:06:00.016",
                    "level": "ERROR",
                    "thread": "task-executor-11",
                    "class": "c.z.s.service.impl.OrderTaskServiceImpl",
                    "message": "OrderTaskServiceImpl.autoCancel | 订单不存在，orderNo: PT629175896604985826248" }
                    
{
                    "app": "Crmeb",
                    "timestamp":"2025-09-28 08:07:00.021",
                    "level": "ERROR",
                    "thread": "task-executor-17",
                    "class": "c.z.s.service.impl.OrderTaskServiceImpl",
                    "message": "OrderTaskServiceImpl.autoCancel | 订单不存在，orderNo: PT629175896604985826248" }
                    
{
                    "app": "Crmeb",
                    "timestamp":"2025-09-28 08:08:00.016",
                    "level": "ERROR",
                    "thread": "task-executor-5",
                    "class": "c.z.s.service.impl.OrderTaskServiceImpl",
                    "message": "OrderTaskServiceImpl.autoCancel | 订单不存在，orderNo: PT629175896604985826248" }
                    
{
                    "app": "Crmeb",
                    "timestamp":"2025-09-28 08:09:00.020",
                    "level": "ERROR",
                    "thread": "task-executor-7",
                    "class": "c.z.s.service.impl.OrderTaskServiceImpl",
                    "message": "OrderTaskServiceImpl.autoCancel | 订单不存在，orderNo: PT629175896604985826248" }
                    
{
                    "app": "Crmeb",
                    "timestamp":"2025-09-28 08:10:00.013",
                    "level": "ERROR",
                    "thread": "task-executor-11",
                    "class": "c.z.s.service.impl.OrderTaskServiceImpl",
                    "message": "OrderTaskServiceImpl.autoCancel | 订单不存在，orderNo: PT629175896604985826248" }
                    
{
                    "app": "Crmeb",
                    "timestamp":"2025-09-28 08:11:00.035",
                    "level": "ERROR",
                    "thread": "task-executor-17",
                    "class": "c.z.s.service.impl.OrderTaskServiceImpl",
                    "message": "OrderTaskServiceImpl.autoCancel | 订单不存在，orderNo: PT629175896604985826248" }
                    
{
                    "app": "Crmeb",
                    "timestamp":"2025-09-28 08:12:00.027",
                    "level": "ERROR",
                    "thread": "task-executor-5",
                    "class": "c.z.s.service.impl.OrderTaskServiceImpl",
                    "message": "OrderTaskServiceImpl.autoCancel | 订单不存在，orderNo: PT629175896604985826248" }
                    
{
                    "app": "Crmeb",
                    "timestamp":"2025-09-28 08:13:00.021",
                    "level": "ERROR",
                    "thread": "task-executor-7",
                    "class": "c.z.s.service.impl.OrderTaskServiceImpl",
                    "message": "OrderTaskServiceImpl.autoCancel | 订单不存在，orderNo: PT629175896604985826248" }
                    
{
                    "app": "Crmeb",
                    "timestamp":"2025-09-28 08:14:00.034",
                    "level": "ERROR",
                    "thread": "task-executor-11",
                    "class": "c.z.s.service.impl.OrderTaskServiceImpl",
                    "message": "OrderTaskServiceImpl.autoCancel | 订单不存在，orderNo: PT629175896604985826248" }
                    
{
                    "app": "Crmeb",
                    "timestamp":"2025-09-28 08:15:00.018",
                    "level": "ERROR",
                    "thread": "task-executor-17",
                    "class": "c.z.s.service.impl.OrderTaskServiceImpl",
                    "message": "OrderTaskServiceImpl.autoCancel | 订单不存在，orderNo: PT629175896604985826248" }
                    
{
                    "app": "Crmeb",
                    "timestamp":"2025-09-28 08:16:00.035",
                    "level": "ERROR",
                    "thread": "task-executor-1",
                    "class": "c.z.s.service.impl.OrderTaskServiceImpl",
                    "message": "OrderTaskServiceImpl.autoCancel | 订单不存在，orderNo: PT629175896604985826248" }
                    
{
                    "app": "Crmeb",
                    "timestamp":"2025-09-28 08:17:00.015",
                    "level": "ERROR",
                    "thread": "task-executor-7",
                    "class": "c.z.s.service.impl.OrderTaskServiceImpl",
                    "message": "OrderTaskServiceImpl.autoCancel | 订单不存在，orderNo: PT629175896604985826248" }
                    
{
                    "app": "Crmeb",
                    "timestamp":"2025-09-28 08:18:00.020",
                    "level": "ERROR",
                    "thread": "task-executor-11",
                    "class": "c.z.s.service.impl.OrderTaskServiceImpl",
                    "message": "OrderTaskServiceImpl.autoCancel | 订单不存在，orderNo: PT629175896604985826248" }
                    
{
                    "app": "Crmeb",
                    "timestamp":"2025-09-28 08:19:00.018",
                    "level": "ERROR",
                    "thread": "task-executor-17",
                    "class": "c.z.s.service.impl.OrderTaskServiceImpl",
                    "message": "OrderTaskServiceImpl.autoCancel | 订单不存在，orderNo: PT629175896604985826248" }
                    
{
                    "app": "Crmeb",
                    "timestamp":"2025-09-28 08:20:00.022",
                    "level": "ERROR",
                    "thread": "task-executor-1",
                    "class": "c.z.s.service.impl.OrderTaskServiceImpl",
                    "message": "OrderTaskServiceImpl.autoCancel | 订单不存在，orderNo: PT629175896604985826248" }
                    
{
                    "app": "Crmeb",
                    "timestamp":"2025-09-28 08:21:00.021",
                    "level": "ERROR",
                    "thread": "task-executor-7",
                    "class": "c.z.s.service.impl.OrderTaskServiceImpl",
                    "message": "OrderTaskServiceImpl.autoCancel | 订单不存在，orderNo: PT629175896604985826248" }
                    
{
                    "app": "Crmeb",
                    "timestamp":"2025-09-28 08:22:00.024",
                    "level": "ERROR",
                    "thread": "task-executor-11",
                    "class": "c.z.s.service.impl.OrderTaskServiceImpl",
                    "message": "OrderTaskServiceImpl.autoCancel | 订单不存在，orderNo: PT629175896604985826248" }
                    
{
                    "app": "Crmeb",
                    "timestamp":"2025-09-28 08:23:00.026",
                    "level": "ERROR",
                    "thread": "task-executor-17",
                    "class": "c.z.s.service.impl.OrderTaskServiceImpl",
                    "message": "OrderTaskServiceImpl.autoCancel | 订单不存在，orderNo: PT629175896604985826248" }
                    
{
                    "app": "Crmeb",
                    "timestamp":"2025-09-28 08:24:00.034",
                    "level": "ERROR",
                    "thread": "task-executor-1",
                    "class": "c.z.s.service.impl.OrderTaskServiceImpl",
                    "message": "OrderTaskServiceImpl.autoCancel | 订单不存在，orderNo: PT629175896604985826248" }
                    
{
                    "app": "Crmeb",
                    "timestamp":"2025-09-28 08:25:00.021",
                    "level": "ERROR",
                    "thread": "task-executor-7",
                    "class": "c.z.s.service.impl.OrderTaskServiceImpl",
                    "message": "OrderTaskServiceImpl.autoCancel | 订单不存在，orderNo: PT629175896604985826248" }
                    
{
                    "app": "Crmeb",
                    "timestamp":"2025-09-28 08:26:00.019",
                    "level": "ERROR",
                    "thread": "task-executor-11",
                    "class": "c.z.s.service.impl.OrderTaskServiceImpl",
                    "message": "OrderTaskServiceImpl.autoCancel | 订单不存在，orderNo: PT629175896604985826248" }
                    
{
                    "app": "Crmeb",
                    "timestamp":"2025-09-28 08:27:00.017",
                    "level": "ERROR",
                    "thread": "task-executor-17",
                    "class": "c.z.s.service.impl.OrderTaskServiceImpl",
                    "message": "OrderTaskServiceImpl.autoCancel | 订单不存在，orderNo: PT629175896604985826248" }
                    
{
                    "app": "Crmeb",
                    "timestamp":"2025-09-28 08:28:00.022",
                    "level": "ERROR",
                    "thread": "task-executor-1",
                    "class": "c.z.s.service.impl.OrderTaskServiceImpl",
                    "message": "OrderTaskServiceImpl.autoCancel | 订单不存在，orderNo: PT629175896604985826248" }
                    
{
                    "app": "Crmeb",
                    "timestamp":"2025-09-28 08:29:00.010",
                    "level": "ERROR",
                    "thread": "task-executor-7",
                    "class": "c.z.s.service.impl.OrderTaskServiceImpl",
                    "message": "OrderTaskServiceImpl.autoCancel | 订单不存在，orderNo: PT629175896604985826248" }
                    
{
                    "app": "Crmeb",
                    "timestamp":"2025-09-28 08:30:00.021",
                    "level": "ERROR",
                    "thread": "task-executor-11",
                    "class": "c.z.s.service.impl.OrderTaskServiceImpl",
                    "message": "OrderTaskServiceImpl.autoCancel | 订单不存在，orderNo: PT629175896604985826248" }
                    
{
                    "app": "Crmeb",
                    "timestamp":"2025-09-28 08:31:00.032",
                    "level": "ERROR",
                    "thread": "task-executor-17",
                    "class": "c.z.s.service.impl.OrderTaskServiceImpl",
                    "message": "OrderTaskServiceImpl.autoCancel | 订单不存在，orderNo: PT629175896604985826248" }
                    
{
                    "app": "Crmeb",
                    "timestamp":"2025-09-28 08:32:00.019",
                    "level": "ERROR",
                    "thread": "task-executor-1",
                    "class": "c.z.s.service.impl.OrderTaskServiceImpl",
                    "message": "OrderTaskServiceImpl.autoCancel | 订单不存在，orderNo: PT629175896604985826248" }
                    
{
                    "app": "Crmeb",
                    "timestamp":"2025-09-28 08:33:00.022",
                    "level": "ERROR",
                    "thread": "task-executor-7",
                    "class": "c.z.s.service.impl.OrderTaskServiceImpl",
                    "message": "OrderTaskServiceImpl.autoCancel | 订单不存在，orderNo: PT629175896604985826248" }
                    
{
                    "app": "Crmeb",
                    "timestamp":"2025-09-28 08:34:00.019",
                    "level": "ERROR",
                    "thread": "task-executor-11",
                    "class": "c.z.s.service.impl.OrderTaskServiceImpl",
                    "message": "OrderTaskServiceImpl.autoCancel | 订单不存在，orderNo: PT629175896604985826248" }
                    
{
                    "app": "Crmeb",
                    "timestamp":"2025-09-28 08:35:00.020",
                    "level": "ERROR",
                    "thread": "task-executor-17",
                    "class": "c.z.s.service.impl.OrderTaskServiceImpl",
                    "message": "OrderTaskServiceImpl.autoCancel | 订单不存在，orderNo: PT629175896604985826248" }
                    
{
                    "app": "Crmeb",
                    "timestamp":"2025-09-28 08:36:00.035",
                    "level": "ERROR",
                    "thread": "task-executor-1",
                    "class": "c.z.s.service.impl.OrderTaskServiceImpl",
                    "message": "OrderTaskServiceImpl.autoCancel | 订单不存在，orderNo: PT629175896604985826248" }
                    
{
                    "app": "Crmeb",
                    "timestamp":"2025-09-28 08:37:00.024",
                    "level": "ERROR",
                    "thread": "task-executor-7",
                    "class": "c.z.s.service.impl.OrderTaskServiceImpl",
                    "message": "OrderTaskServiceImpl.autoCancel | 订单不存在，orderNo: PT629175896604985826248" }
                    
{
                    "app": "Crmeb",
                    "timestamp":"2025-09-28 08:46:05.018",
                    "level": "ERROR",
                    "thread": "task-executor-2",
                    "class": "c.z.s.service.impl.OrderTaskServiceImpl",
                    "message": "OrderTaskServiceImpl.autoCancel | 订单不存在，orderNo: PT629175896604985826248" }
                    
{
                    "app": "Crmeb",
                    "timestamp":"2025-09-28 08:47:00.044",
                    "level": "ERROR",
                    "thread": "task-executor-7",
                    "class": "c.z.s.service.impl.OrderTaskServiceImpl",
                    "message": "OrderTaskServiceImpl.autoCancel | 订单不存在，orderNo: PT629175896604985826248" }
                    
{
                    "app": "Crmeb",
                    "timestamp":"2025-09-28 08:48:00.031",
                    "level": "ERROR",
                    "thread": "task-executor-12",
                    "class": "c.z.s.service.impl.OrderTaskServiceImpl",
                    "message": "OrderTaskServiceImpl.autoCancel | 订单不存在，orderNo: PT629175896604985826248" }
                    
{
                    "app": "Crmeb",
                    "timestamp":"2025-09-28 08:49:00.045",
                    "level": "ERROR",
                    "thread": "task-executor-17",
                    "class": "c.z.s.service.impl.OrderTaskServiceImpl",
                    "message": "OrderTaskServiceImpl.autoCancel | 订单不存在，orderNo: PT629175896604985826248" }
                    
{
                    "app": "Crmeb",
                    "timestamp":"2025-09-28 08:50:00.019",
                    "level": "ERROR",
                    "thread": "task-executor-3",
                    "class": "c.z.s.service.impl.OrderTaskServiceImpl",
                    "message": "OrderTaskServiceImpl.autoCancel | 订单不存在，orderNo: PT629175896604985826248" }
                    
{
                    "app": "Crmeb",
                    "timestamp":"2025-09-28 08:51:00.030",
                    "level": "ERROR",
                    "thread": "task-executor-8",
                    "class": "c.z.s.service.impl.OrderTaskServiceImpl",
                    "message": "OrderTaskServiceImpl.autoCancel | 订单不存在，orderNo: PT629175896604985826248" }
                    
{
                    "app": "Crmeb",
                    "timestamp":"2025-09-28 08:52:00.029",
                    "level": "ERROR",
                    "thread": "task-executor-13",
                    "class": "c.z.s.service.impl.OrderTaskServiceImpl",
                    "message": "OrderTaskServiceImpl.autoCancel | 订单不存在，orderNo: PT629175896604985826248" }
                    
{
                    "app": "Crmeb",
                    "timestamp":"2025-09-28 08:53:00.020",
                    "level": "ERROR",
                    "thread": "task-executor-18",
                    "class": "c.z.s.service.impl.OrderTaskServiceImpl",
                    "message": "OrderTaskServiceImpl.autoCancel | 订单不存在，orderNo: PT629175896604985826248" }
                    
{
                    "app": "Crmeb",
                    "timestamp":"2025-09-28 08:54:00.036",
                    "level": "ERROR",
                    "thread": "task-executor-4",
                    "class": "c.z.s.service.impl.OrderTaskServiceImpl",
                    "message": "OrderTaskServiceImpl.autoCancel | 订单不存在，orderNo: PT629175896604985826248" }
                    
{
                    "app": "Crmeb",
                    "timestamp":"2025-09-28 08:55:00.028",
                    "level": "ERROR",
                    "thread": "task-executor-7",
                    "class": "c.z.s.service.impl.OrderTaskServiceImpl",
                    "message": "OrderTaskServiceImpl.autoCancel | 订单不存在，orderNo: PT629175896604985826248" }
                    
{
                    "app": "Crmeb",
                    "timestamp":"2025-09-28 08:56:00.016",
                    "level": "ERROR",
                    "thread": "task-executor-11",
                    "class": "c.z.s.service.impl.OrderTaskServiceImpl",
                    "message": "OrderTaskServiceImpl.autoCancel | 订单不存在，orderNo: PT629175896604985826248" }
                    
{
                    "app": "Crmeb",
                    "timestamp":"2025-09-28 08:57:00.018",
                    "level": "ERROR",
                    "thread": "task-executor-18",
                    "class": "c.z.s.service.impl.OrderTaskServiceImpl",
                    "message": "OrderTaskServiceImpl.autoCancel | 订单不存在，orderNo: PT629175896604985826248" }
                    
{
                    "app": "Crmeb",
                    "timestamp":"2025-09-28 08:58:00.025",
                    "level": "ERROR",
                    "thread": "task-executor-4",
                    "class": "c.z.s.service.impl.OrderTaskServiceImpl",
                    "message": "OrderTaskServiceImpl.autoCancel | 订单不存在，orderNo: PT629175896604985826248" }
                    
{
                    "app": "Crmeb",
                    "timestamp":"2025-09-28 08:59:00.031",
                    "level": "ERROR",
                    "thread": "task-executor-7",
                    "class": "c.z.s.service.impl.OrderTaskServiceImpl",
                    "message": "OrderTaskServiceImpl.autoCancel | 订单不存在，orderNo: PT629175896604985826248" }
                    
{
                    "app": "Crmeb",
                    "timestamp":"2025-09-28 09:00:00.023",
                    "level": "ERROR",
                    "thread": "task-executor-11",
                    "class": "c.z.s.service.impl.OrderTaskServiceImpl",
                    "message": "OrderTaskServiceImpl.autoCancel | 订单不存在，orderNo: PT629175896604985826248" }
                    
{
                    "app": "Crmeb",
                    "timestamp":"2025-09-28 09:01:00.022",
                    "level": "ERROR",
                    "thread": "task-executor-18",
                    "class": "c.z.s.service.impl.OrderTaskServiceImpl",
                    "message": "OrderTaskServiceImpl.autoCancel | 订单不存在，orderNo: PT629175896604985826248" }
                    
{
                    "app": "Crmeb",
                    "timestamp":"2025-09-28 09:02:00.014",
                    "level": "ERROR",
                    "thread": "task-executor-4",
                    "class": "c.z.s.service.impl.OrderTaskServiceImpl",
                    "message": "OrderTaskServiceImpl.autoCancel | 订单不存在，orderNo: PT629175896604985826248" }
                    
{
                    "app": "Crmeb",
                    "timestamp":"2025-09-28 09:03:00.023",
                    "level": "ERROR",
                    "thread": "task-executor-7",
                    "class": "c.z.s.service.impl.OrderTaskServiceImpl",
                    "message": "OrderTaskServiceImpl.autoCancel | 订单不存在，orderNo: PT629175896604985826248" }
                    
{
                    "app": "Crmeb",
                    "timestamp":"2025-09-28 09:04:00.024",
                    "level": "ERROR",
                    "thread": "task-executor-11",
                    "class": "c.z.s.service.impl.OrderTaskServiceImpl",
                    "message": "OrderTaskServiceImpl.autoCancel | 订单不存在，orderNo: PT629175896604985826248" }
                    
{
                    "app": "Crmeb",
                    "timestamp":"2025-09-28 09:05:00.018",
                    "level": "ERROR",
                    "thread": "task-executor-18",
                    "class": "c.z.s.service.impl.OrderTaskServiceImpl",
                    "message": "OrderTaskServiceImpl.autoCancel | 订单不存在，orderNo: PT629175896604985826248" }
                    
{
                    "app": "Crmeb",
                    "timestamp":"2025-09-28 09:06:00.035",
                    "level": "ERROR",
                    "thread": "task-executor-4",
                    "class": "c.z.s.service.impl.OrderTaskServiceImpl",
                    "message": "OrderTaskServiceImpl.autoCancel | 订单不存在，orderNo: PT629175896604985826248" }
                    
{
                    "app": "Crmeb",
                    "timestamp":"2025-09-28 09:07:00.039",
                    "level": "ERROR",
                    "thread": "task-executor-7",
                    "class": "c.z.s.service.impl.OrderTaskServiceImpl",
                    "message": "OrderTaskServiceImpl.autoCancel | 订单不存在，orderNo: PT629175896604985826248" }
                    
{
                    "app": "Crmeb",
                    "timestamp":"2025-09-28 09:08:00.015",
                    "level": "ERROR",
                    "thread": "task-executor-11",
                    "class": "c.z.s.service.impl.OrderTaskServiceImpl",
                    "message": "OrderTaskServiceImpl.autoCancel | 订单不存在，orderNo: PT629175896604985826248" }
                    
{
                    "app": "Crmeb",
                    "timestamp":"2025-09-28 09:09:00.023",
                    "level": "ERROR",
                    "thread": "task-executor-18",
                    "class": "c.z.s.service.impl.OrderTaskServiceImpl",
                    "message": "OrderTaskServiceImpl.autoCancel | 订单不存在，orderNo: PT629175896604985826248" }
                    
{
                    "app": "Crmeb",
                    "timestamp":"2025-09-28 09:10:00.037",
                    "level": "ERROR",
                    "thread": "task-executor-4",
                    "class": "c.z.s.service.impl.OrderTaskServiceImpl",
                    "message": "OrderTaskServiceImpl.autoCancel | 订单不存在，orderNo: PT629175896604985826248" }
                    
{
                    "app": "Crmeb",
                    "timestamp":"2025-09-28 09:11:00.026",
                    "level": "ERROR",
                    "thread": "task-executor-7",
                    "class": "c.z.s.service.impl.OrderTaskServiceImpl",
                    "message": "OrderTaskServiceImpl.autoCancel | 订单不存在，orderNo: PT629175896604985826248" }
                    
{
                    "app": "Crmeb",
                    "timestamp":"2025-09-28 09:12:00.022",
                    "level": "ERROR",
                    "thread": "task-executor-11",
                    "class": "c.z.s.service.impl.OrderTaskServiceImpl",
                    "message": "OrderTaskServiceImpl.autoCancel | 订单不存在，orderNo: PT629175896604985826248" }
                    
{
                    "app": "Crmeb",
                    "timestamp":"2025-09-28 09:13:00.023",
                    "level": "ERROR",
                    "thread": "task-executor-18",
                    "class": "c.z.s.service.impl.OrderTaskServiceImpl",
                    "message": "OrderTaskServiceImpl.autoCancel | 订单不存在，orderNo: PT629175896604985826248" }
                    
{
                    "app": "Crmeb",
                    "timestamp":"2025-09-28 09:14:00.022",
                    "level": "ERROR",
                    "thread": "task-executor-4",
                    "class": "c.z.s.service.impl.OrderTaskServiceImpl",
                    "message": "OrderTaskServiceImpl.autoCancel | 订单不存在，orderNo: PT629175896604985826248" }
                    
{
                    "app": "Crmeb",
                    "timestamp":"2025-09-28 09:15:00.020",
                    "level": "ERROR",
                    "thread": "task-executor-7",
                    "class": "c.z.s.service.impl.OrderTaskServiceImpl",
                    "message": "OrderTaskServiceImpl.autoCancel | 订单不存在，orderNo: PT629175896604985826248" }
                    
{
                    "app": "Crmeb",
                    "timestamp":"2025-09-28 09:16:00.023",
                    "level": "ERROR",
                    "thread": "task-executor-11",
                    "class": "c.z.s.service.impl.OrderTaskServiceImpl",
                    "message": "OrderTaskServiceImpl.autoCancel | 订单不存在，orderNo: PT629175896604985826248" }
                    
{
                    "app": "Crmeb",
                    "timestamp":"2025-09-28 09:17:00.024",
                    "level": "ERROR",
                    "thread": "task-executor-18",
                    "class": "c.z.s.service.impl.OrderTaskServiceImpl",
                    "message": "OrderTaskServiceImpl.autoCancel | 订单不存在，orderNo: PT629175896604985826248" }
                    
{
                    "app": "Crmeb",
                    "timestamp":"2025-09-28 09:18:00.024",
                    "level": "ERROR",
                    "thread": "task-executor-4",
                    "class": "c.z.s.service.impl.OrderTaskServiceImpl",
                    "message": "OrderTaskServiceImpl.autoCancel | 订单不存在，orderNo: PT629175896604985826248" }
                    
{
                    "app": "Crmeb",
                    "timestamp":"2025-09-28 09:19:00.020",
                    "level": "ERROR",
                    "thread": "task-executor-7",
                    "class": "c.z.s.service.impl.OrderTaskServiceImpl",
                    "message": "OrderTaskServiceImpl.autoCancel | 订单不存在，orderNo: PT629175896604985826248" }
                    
{
                    "app": "Crmeb",
                    "timestamp":"2025-09-28 09:20:00.012",
                    "level": "ERROR",
                    "thread": "task-executor-11",
                    "class": "c.z.s.service.impl.OrderTaskServiceImpl",
                    "message": "OrderTaskServiceImpl.autoCancel | 订单不存在，orderNo: PT629175896604985826248" }
                    
{
                    "app": "Crmeb",
                    "timestamp":"2025-09-28 09:21:00.019",
                    "level": "ERROR",
                    "thread": "task-executor-18",
                    "class": "c.z.s.service.impl.OrderTaskServiceImpl",
                    "message": "OrderTaskServiceImpl.autoCancel | 订单不存在，orderNo: PT629175896604985826248" }
                    
{
                    "app": "Crmeb",
                    "timestamp":"2025-09-28 09:22:00.024",
                    "level": "ERROR",
                    "thread": "task-executor-4",
                    "class": "c.z.s.service.impl.OrderTaskServiceImpl",
                    "message": "OrderTaskServiceImpl.autoCancel | 订单不存在，orderNo: PT629175896604985826248" }
                    
{
                    "app": "Crmeb",
                    "timestamp":"2025-09-28 09:23:00.019",
                    "level": "ERROR",
                    "thread": "task-executor-9",
                    "class": "c.z.s.service.impl.OrderTaskServiceImpl",
                    "message": "OrderTaskServiceImpl.autoCancel | 订单不存在，orderNo: PT629175896604985826248" }
                    
{
                    "app": "Crmeb",
                    "timestamp":"2025-09-28 09:24:00.027",
                    "level": "ERROR",
                    "thread": "task-executor-11",
                    "class": "c.z.s.service.impl.OrderTaskServiceImpl",
                    "message": "OrderTaskServiceImpl.autoCancel | 订单不存在，orderNo: PT629175896604985826248" }
                    
{
                    "app": "Crmeb",
                    "timestamp":"2025-09-28 09:25:00.022",
                    "level": "ERROR",
                    "thread": "task-executor-18",
                    "class": "c.z.s.service.impl.OrderTaskServiceImpl",
                    "message": "OrderTaskServiceImpl.autoCancel | 订单不存在，orderNo: PT629175896604985826248" }
                    
{
                    "app": "Crmeb",
                    "timestamp":"2025-09-28 09:26:00.016",
                    "level": "ERROR",
                    "thread": "task-executor-4",
                    "class": "c.z.s.service.impl.OrderTaskServiceImpl",
                    "message": "OrderTaskServiceImpl.autoCancel | 订单不存在，orderNo: PT629175896604985826248" }
                    
{
                    "app": "Crmeb",
                    "timestamp":"2025-09-28 09:27:00.024",
                    "level": "ERROR",
                    "thread": "task-executor-9",
                    "class": "c.z.s.service.impl.OrderTaskServiceImpl",
                    "message": "OrderTaskServiceImpl.autoCancel | 订单不存在，orderNo: PT629175896604985826248" }
                    
{
                    "app": "Crmeb",
                    "timestamp":"2025-09-28 09:28:00.025",
                    "level": "ERROR",
                    "thread": "task-executor-11",
                    "class": "c.z.s.service.impl.OrderTaskServiceImpl",
                    "message": "OrderTaskServiceImpl.autoCancel | 订单不存在，orderNo: PT629175896604985826248" }
                    
{
                    "app": "Crmeb",
                    "timestamp":"2025-09-28 09:29:00.020",
                    "level": "ERROR",
                    "thread": "task-executor-18",
                    "class": "c.z.s.service.impl.OrderTaskServiceImpl",
                    "message": "OrderTaskServiceImpl.autoCancel | 订单不存在，orderNo: PT629175896604985826248" }
                    
{
                    "app": "Crmeb",
                    "timestamp":"2025-09-28 09:30:00.024",
                    "level": "ERROR",
                    "thread": "task-executor-4",
                    "class": "c.z.s.service.impl.OrderTaskServiceImpl",
                    "message": "OrderTaskServiceImpl.autoCancel | 订单不存在，orderNo: PT629175896604985826248" }
                    
{
                    "app": "Crmeb",
                    "timestamp":"2025-09-28 09:31:00.025",
                    "level": "ERROR",
                    "thread": "task-executor-9",
                    "class": "c.z.s.service.impl.OrderTaskServiceImpl",
                    "message": "OrderTaskServiceImpl.autoCancel | 订单不存在，orderNo: PT629175896604985826248" }
                    
{
                    "app": "Crmeb",
                    "timestamp":"2025-09-28 09:32:00.014",
                    "level": "ERROR",
                    "thread": "task-executor-11",
                    "class": "c.z.s.service.impl.OrderTaskServiceImpl",
                    "message": "OrderTaskServiceImpl.autoCancel | 订单不存在，orderNo: PT629175896604985826248" }
                    
{
                    "app": "Crmeb",
                    "timestamp":"2025-09-28 09:33:00.013",
                    "level": "ERROR",
                    "thread": "task-executor-17",
                    "class": "c.z.s.service.impl.OrderTaskServiceImpl",
                    "message": "OrderTaskServiceImpl.autoCancel | 订单不存在，orderNo: PT629175896604985826248" }
                    
{
                    "app": "Crmeb",
                    "timestamp":"2025-09-28 09:34:00.019",
                    "level": "ERROR",
                    "thread": "task-executor-4",
                    "class": "c.z.s.service.impl.OrderTaskServiceImpl",
                    "message": "OrderTaskServiceImpl.autoCancel | 订单不存在，orderNo: PT629175896604985826248" }
                    
{
                    "app": "Crmeb",
                    "timestamp":"2025-09-28 09:35:00.034",
                    "level": "ERROR",
                    "thread": "task-executor-9",
                    "class": "c.z.s.service.impl.OrderTaskServiceImpl",
                    "message": "OrderTaskServiceImpl.autoCancel | 订单不存在，orderNo: PT629175896604985826248" }
                    
{
                    "app": "Crmeb",
                    "timestamp":"2025-09-28 09:36:00.025",
                    "level": "ERROR",
                    "thread": "task-executor-11",
                    "class": "c.z.s.service.impl.OrderTaskServiceImpl",
                    "message": "OrderTaskServiceImpl.autoCancel | 订单不存在，orderNo: PT629175896604985826248" }
                    
{
                    "app": "Crmeb",
                    "timestamp":"2025-09-28 09:37:00.024",
                    "level": "ERROR",
                    "thread": "task-executor-17",
                    "class": "c.z.s.service.impl.OrderTaskServiceImpl",
                    "message": "OrderTaskServiceImpl.autoCancel | 订单不存在，orderNo: PT629175896604985826248" }
                    
{
                    "app": "Crmeb",
                    "timestamp":"2025-09-28 09:38:00.026",
                    "level": "ERROR",
                    "thread": "task-executor-4",
                    "class": "c.z.s.service.impl.OrderTaskServiceImpl",
                    "message": "OrderTaskServiceImpl.autoCancel | 订单不存在，orderNo: PT629175896604985826248" }
                    
{
                    "app": "Crmeb",
                    "timestamp":"2025-09-28 09:39:00.022",
                    "level": "ERROR",
                    "thread": "task-executor-9",
                    "class": "c.z.s.service.impl.OrderTaskServiceImpl",
                    "message": "OrderTaskServiceImpl.autoCancel | 订单不存在，orderNo: PT629175896604985826248" }
                    
{
                    "app": "Crmeb",
                    "timestamp":"2025-09-28 09:40:00.039",
                    "level": "ERROR",
                    "thread": "task-executor-11",
                    "class": "c.z.s.service.impl.OrderTaskServiceImpl",
                    "message": "OrderTaskServiceImpl.autoCancel | 订单不存在，orderNo: PT629175896604985826248" }
                    
{
                    "app": "Crmeb",
                    "timestamp":"2025-09-28 09:41:00.021",
                    "level": "ERROR",
                    "thread": "task-executor-17",
                    "class": "c.z.s.service.impl.OrderTaskServiceImpl",
                    "message": "OrderTaskServiceImpl.autoCancel | 订单不存在，orderNo: PT629175896604985826248" }
                    
{
                    "app": "Crmeb",
                    "timestamp":"2025-09-28 09:42:00.016",
                    "level": "ERROR",
                    "thread": "task-executor-4",
                    "class": "c.z.s.service.impl.OrderTaskServiceImpl",
                    "message": "OrderTaskServiceImpl.autoCancel | 订单不存在，orderNo: PT629175896604985826248" }
                    
{
                    "app": "Crmeb",
                    "timestamp":"2025-09-28 09:43:00.016",
                    "level": "ERROR",
                    "thread": "task-executor-9",
                    "class": "c.z.s.service.impl.OrderTaskServiceImpl",
                    "message": "OrderTaskServiceImpl.autoCancel | 订单不存在，orderNo: PT629175896604985826248" }
                    
{
                    "app": "Crmeb",
                    "timestamp":"2025-09-28 09:44:00.022",
                    "level": "ERROR",
                    "thread": "task-executor-11",
                    "class": "c.z.s.service.impl.OrderTaskServiceImpl",
                    "message": "OrderTaskServiceImpl.autoCancel | 订单不存在，orderNo: PT629175896604985826248" }
                    
{
                    "app": "Crmeb",
                    "timestamp":"2025-09-28 09:45:00.015",
                    "level": "ERROR",
                    "thread": "task-executor-17",
                    "class": "c.z.s.service.impl.OrderTaskServiceImpl",
                    "message": "OrderTaskServiceImpl.autoCancel | 订单不存在，orderNo: PT629175896604985826248" }
                    
{
                    "app": "Crmeb",
                    "timestamp":"2025-09-28 09:46:00.027",
                    "level": "ERROR",
                    "thread": "task-executor-4",
                    "class": "c.z.s.service.impl.OrderTaskServiceImpl",
                    "message": "OrderTaskServiceImpl.autoCancel | 订单不存在，orderNo: PT629175896604985826248" }
                    
{
                    "app": "Crmeb",
                    "timestamp":"2025-09-28 09:47:00.021",
                    "level": "ERROR",
                    "thread": "task-executor-9",
                    "class": "c.z.s.service.impl.OrderTaskServiceImpl",
                    "message": "OrderTaskServiceImpl.autoCancel | 订单不存在，orderNo: PT629175896604985826248" }
                    
{
                    "app": "Crmeb",
                    "timestamp":"2025-09-28 09:48:00.017",
                    "level": "ERROR",
                    "thread": "task-executor-11",
                    "class": "c.z.s.service.impl.OrderTaskServiceImpl",
                    "message": "OrderTaskServiceImpl.autoCancel | 订单不存在，orderNo: PT629175896604985826248" }
                    
{
                    "app": "Crmeb",
                    "timestamp":"2025-09-28 09:49:00.026",
                    "level": "ERROR",
                    "thread": "task-executor-17",
                    "class": "c.z.s.service.impl.OrderTaskServiceImpl",
                    "message": "OrderTaskServiceImpl.autoCancel | 订单不存在，orderNo: PT629175896604985826248" }
                    
{
                    "app": "Crmeb",
                    "timestamp":"2025-09-28 09:50:00.016",
                    "level": "ERROR",
                    "thread": "task-executor-3",
                    "class": "c.z.s.service.impl.OrderTaskServiceImpl",
                    "message": "OrderTaskServiceImpl.autoCancel | 订单不存在，orderNo: PT629175896604985826248" }
                    
{
                    "app": "Crmeb",
                    "timestamp":"2025-09-28 09:51:00.022",
                    "level": "ERROR",
                    "thread": "task-executor-9",
                    "class": "c.z.s.service.impl.OrderTaskServiceImpl",
                    "message": "OrderTaskServiceImpl.autoCancel | 订单不存在，orderNo: PT629175896604985826248" }
                    
{
                    "app": "Crmeb",
                    "timestamp":"2025-09-28 09:52:00.021",
                    "level": "ERROR",
                    "thread": "task-executor-14",
                    "class": "c.z.s.service.impl.OrderTaskServiceImpl",
                    "message": "OrderTaskServiceImpl.autoCancel | 订单不存在，orderNo: PT629175896604985826248" }
                    
{
                    "app": "Crmeb",
                    "timestamp":"2025-09-28 09:53:00.017",
                    "level": "ERROR",
                    "thread": "task-executor-17",
                    "class": "c.z.s.service.impl.OrderTaskServiceImpl",
                    "message": "OrderTaskServiceImpl.autoCancel | 订单不存在，orderNo: PT629175896604985826248" }
                    
{
                    "app": "Crmeb",
                    "timestamp":"2025-09-28 09:54:00.033",
                    "level": "ERROR",
                    "thread": "task-executor-3",
                    "class": "c.z.s.service.impl.OrderTaskServiceImpl",
                    "message": "OrderTaskServiceImpl.autoCancel | 订单不存在，orderNo: PT629175896604985826248" }
                    
{
                    "app": "Crmeb",
                    "timestamp":"2025-09-28 09:55:00.026",
                    "level": "ERROR",
                    "thread": "task-executor-9",
                    "class": "c.z.s.service.impl.OrderTaskServiceImpl",
                    "message": "OrderTaskServiceImpl.autoCancel | 订单不存在，orderNo: PT629175896604985826248" }
                    
{
                    "app": "Crmeb",
                    "timestamp":"2025-09-28 09:56:00.022",
                    "level": "ERROR",
                    "thread": "task-executor-14",
                    "class": "c.z.s.service.impl.OrderTaskServiceImpl",
                    "message": "OrderTaskServiceImpl.autoCancel | 订单不存在，orderNo: PT629175896604985826248" }
                    
{
                    "app": "Crmeb",
                    "timestamp":"2025-09-28 09:57:00.018",
                    "level": "ERROR",
                    "thread": "task-executor-17",
                    "class": "c.z.s.service.impl.OrderTaskServiceImpl",
                    "message": "OrderTaskServiceImpl.autoCancel | 订单不存在，orderNo: PT629175896604985826248" }
                    
{
                    "app": "Crmeb",
                    "timestamp":"2025-09-28 09:58:00.024",
                    "level": "ERROR",
                    "thread": "task-executor-3",
                    "class": "c.z.s.service.impl.OrderTaskServiceImpl",
                    "message": "OrderTaskServiceImpl.autoCancel | 订单不存在，orderNo: PT629175896604985826248" }
                    
{
                    "app": "Crmeb",
                    "timestamp":"2025-09-28 09:59:00.019",
                    "level": "ERROR",
                    "thread": "task-executor-9",
                    "class": "c.z.s.service.impl.OrderTaskServiceImpl",
                    "message": "OrderTaskServiceImpl.autoCancel | 订单不存在，orderNo: PT629175896604985826248" }
                    
{
                    "app": "Crmeb",
                    "timestamp":"2025-09-28 10:00:00.024",
                    "level": "ERROR",
                    "thread": "task-executor-14",
                    "class": "c.z.s.service.impl.OrderTaskServiceImpl",
                    "message": "OrderTaskServiceImpl.autoCancel | 订单不存在，orderNo: PT629175896604985826248" }
                    
{
                    "app": "Crmeb",
                    "timestamp":"2025-09-28 10:01:00.025",
                    "level": "ERROR",
                    "thread": "task-executor-17",
                    "class": "c.z.s.service.impl.OrderTaskServiceImpl",
                    "message": "OrderTaskServiceImpl.autoCancel | 订单不存在，orderNo: PT629175896604985826248" }
                    
{
                    "app": "Crmeb",
                    "timestamp":"2025-09-28 10:02:00.023",
                    "level": "ERROR",
                    "thread": "task-executor-3",
                    "class": "c.z.s.service.impl.OrderTaskServiceImpl",
                    "message": "OrderTaskServiceImpl.autoCancel | 订单不存在，orderNo: PT629175896604985826248" }
                    
{
                    "app": "Crmeb",
                    "timestamp":"2025-09-28 10:03:00.034",
                    "level": "ERROR",
                    "thread": "task-executor-9",
                    "class": "c.z.s.service.impl.OrderTaskServiceImpl",
                    "message": "OrderTaskServiceImpl.autoCancel | 订单不存在，orderNo: PT629175896604985826248" }
                    
{
                    "app": "Crmeb",
                    "timestamp":"2025-09-28 10:04:00.019",
                    "level": "ERROR",
                    "thread": "task-executor-14",
                    "class": "c.z.s.service.impl.OrderTaskServiceImpl",
                    "message": "OrderTaskServiceImpl.autoCancel | 订单不存在，orderNo: PT629175896604985826248" }
                    
{
                    "app": "Crmeb",
                    "timestamp":"2025-09-28 10:05:16.277",
                    "level": "ERROR",
                    "thread": "task-executor-2",
                    "class": "c.z.s.service.impl.OrderTaskServiceImpl",
                    "message": "OrderTaskServiceImpl.autoCancel | 订单不存在，orderNo: PT629175896604985826248" }
                    
{
                    "app": "Crmeb",
                    "timestamp":"2025-09-28 10:08:29.869",
                    "level": "ERROR",
                    "thread": "task-executor-2",
                    "class": "c.z.s.service.impl.OrderTaskServiceImpl",
                    "message": "OrderTaskServiceImpl.autoCancel | 订单不存在，orderNo: PT629175896604985826248" }
                    
{
                    "app": "Crmeb",
                    "timestamp":"2025-09-28 10:09:00.034",
                    "level": "ERROR",
                    "thread": "task-executor-7",
                    "class": "c.z.s.service.impl.OrderTaskServiceImpl",
                    "message": "OrderTaskServiceImpl.autoCancel | 订单不存在，orderNo: PT629175896604985826248" }
                    
{
                    "app": "Crmeb",
                    "timestamp":"2025-09-28 10:10:00.032",
                    "level": "ERROR",
                    "thread": "task-executor-12",
                    "class": "c.z.s.service.impl.OrderTaskServiceImpl",
                    "message": "OrderTaskServiceImpl.autoCancel | 订单不存在，orderNo: PT629175896604985826248" }
                    
{
                    "app": "Crmeb",
                    "timestamp":"2025-09-28 10:11:00.037",
                    "level": "ERROR",
                    "thread": "task-executor-17",
                    "class": "c.z.s.service.impl.OrderTaskServiceImpl",
                    "message": "OrderTaskServiceImpl.autoCancel | 订单不存在，orderNo: PT629175896604985826248" }
                    
{
                    "app": "Crmeb",
                    "timestamp":"2025-09-28 10:12:00.042",
                    "level": "ERROR",
                    "thread": "task-executor-4",
                    "class": "c.z.s.service.impl.OrderTaskServiceImpl",
                    "message": "OrderTaskServiceImpl.autoCancel | 订单不存在，orderNo: PT629175896604985826248" }
                    
{
                    "app": "Crmeb",
                    "timestamp":"2025-09-28 10:13:00.029",
                    "level": "ERROR",
                    "thread": "task-executor-8",
                    "class": "c.z.s.service.impl.OrderTaskServiceImpl",
                    "message": "OrderTaskServiceImpl.autoCancel | 订单不存在，orderNo: PT629175896604985826248" }
                    
{
                    "app": "Crmeb",
                    "timestamp":"2025-09-28 10:15:39.203",
                    "level": "ERROR",
                    "thread": "task-executor-2",
                    "class": "c.z.s.service.impl.OrderTaskServiceImpl",
                    "message": "OrderTaskServiceImpl.autoCancel | 订单不存在，orderNo: PT629175896604985826248" }
                    
{
                    "app": "Crmeb",
                    "timestamp":"2025-09-28 10:16:00.045",
                    "level": "ERROR",
                    "thread": "task-executor-7",
                    "class": "c.z.s.service.impl.OrderTaskServiceImpl",
                    "message": "OrderTaskServiceImpl.autoCancel | 订单不存在，orderNo: PT629175896604985826248" }
                    
{
                    "app": "Crmeb",
                    "timestamp":"2025-09-28 10:17:00.041",
                    "level": "ERROR",
                    "thread": "task-executor-12",
                    "class": "c.z.s.service.impl.OrderTaskServiceImpl",
                    "message": "OrderTaskServiceImpl.autoCancel | 订单不存在，orderNo: PT629175896604985826248" }
                    
{
                    "app": "Crmeb",
                    "timestamp":"2025-09-28 10:18:00.035",
                    "level": "ERROR",
                    "thread": "task-executor-17",
                    "class": "c.z.s.service.impl.OrderTaskServiceImpl",
                    "message": "OrderTaskServiceImpl.autoCancel | 订单不存在，orderNo: PT629175896604985826248" }
                    
{
                    "app": "Crmeb",
                    "timestamp":"2025-09-28 10:19:00.028",
                    "level": "ERROR",
                    "thread": "task-executor-3",
                    "class": "c.z.s.service.impl.OrderTaskServiceImpl",
                    "message": "OrderTaskServiceImpl.autoCancel | 订单不存在，orderNo: PT629175896604985826248" }
                    
{
                    "app": "Crmeb",
                    "timestamp":"2025-09-28 10:20:00.034",
                    "level": "ERROR",
                    "thread": "task-executor-6",
                    "class": "c.z.s.service.impl.OrderTaskServiceImpl",
                    "message": "OrderTaskServiceImpl.autoCancel | 订单不存在，orderNo: PT629175896604985826248" }
                    
{
                    "app": "Crmeb",
                    "timestamp":"2025-09-28 10:21:00.029",
                    "level": "ERROR",
                    "thread": "task-executor-13",
                    "class": "c.z.s.service.impl.OrderTaskServiceImpl",
                    "message": "OrderTaskServiceImpl.autoCancel | 订单不存在，orderNo: PT629175896604985826248" }
                    
{
                    "app": "Crmeb",
                    "timestamp":"2025-09-28 10:22:00.039",
                    "level": "ERROR",
                    "thread": "task-executor-18",
                    "class": "c.z.s.service.impl.OrderTaskServiceImpl",
                    "message": "OrderTaskServiceImpl.autoCancel | 订单不存在，orderNo: PT629175896604985826248" }
                    
{
                    "app": "Crmeb",
                    "timestamp":"2025-09-28 10:23:00.034",
                    "level": "ERROR",
                    "thread": "task-executor-5",
                    "class": "c.z.s.service.impl.OrderTaskServiceImpl",
                    "message": "OrderTaskServiceImpl.autoCancel | 订单不存在，orderNo: PT629175896604985826248" }
                    
{
                    "app": "Crmeb",
                    "timestamp":"2025-09-28 10:24:00.029",
                    "level": "ERROR",
                    "thread": "task-executor-9",
                    "class": "c.z.s.service.impl.OrderTaskServiceImpl",
                    "message": "OrderTaskServiceImpl.autoCancel | 订单不存在，orderNo: PT629175896604985826248" }
                    
{
                    "app": "Crmeb",
                    "timestamp":"2025-09-28 10:25:00.035",
                    "level": "ERROR",
                    "thread": "task-executor-14",
                    "class": "c.z.s.service.impl.OrderTaskServiceImpl",
                    "message": "OrderTaskServiceImpl.autoCancel | 订单不存在，orderNo: PT629175896604985826248" }
                    
{
                    "app": "Crmeb",
                    "timestamp":"2025-09-28 10:26:00.028",
                    "level": "ERROR",
                    "thread": "task-executor-19",
                    "class": "c.z.s.service.impl.OrderTaskServiceImpl",
                    "message": "OrderTaskServiceImpl.autoCancel | 订单不存在，orderNo: PT629175896604985826248" }
                    
{
                    "app": "Crmeb",
                    "timestamp":"2025-09-28 10:27:00.049",
                    "level": "ERROR",
                    "thread": "task-executor-4",
                    "class": "c.z.s.service.impl.OrderTaskServiceImpl",
                    "message": "OrderTaskServiceImpl.autoCancel | 订单不存在，orderNo: PT629175896604985826248" }
                    
{
                    "app": "Crmeb",
                    "timestamp":"2025-09-28 10:28:00.028",
                    "level": "ERROR",
                    "thread": "task-executor-7",
                    "class": "c.z.s.service.impl.OrderTaskServiceImpl",
                    "message": "OrderTaskServiceImpl.autoCancel | 订单不存在，orderNo: PT629175896604985826248" }
                    
{
                    "app": "Crmeb",
                    "timestamp":"2025-09-28 10:29:00.033",
                    "level": "ERROR",
                    "thread": "task-executor-15",
                    "class": "c.z.s.service.impl.OrderTaskServiceImpl",
                    "message": "OrderTaskServiceImpl.autoCancel | 订单不存在，orderNo: PT629175896604985826248" }
                    
{
                    "app": "Crmeb",
                    "timestamp":"2025-09-28 10:30:00.036",
                    "level": "ERROR",
                    "thread": "task-executor-17",
                    "class": "c.z.s.service.impl.OrderTaskServiceImpl",
                    "message": "OrderTaskServiceImpl.autoCancel | 订单不存在，orderNo: PT629175896604985826248" }
                    
{
                    "app": "Crmeb",
                    "timestamp":"2025-09-28 10:31:00.019",
                    "level": "ERROR",
                    "thread": "task-executor-3",
                    "class": "c.z.s.service.impl.OrderTaskServiceImpl",
                    "message": "OrderTaskServiceImpl.autoCancel | 订单不存在，orderNo: PT629175896604985826248" }
                    
{
                    "app": "Crmeb",
                    "timestamp":"2025-09-28 10:32:00.019",
                    "level": "ERROR",
                    "thread": "task-executor-7",
                    "class": "c.z.s.service.impl.OrderTaskServiceImpl",
                    "message": "OrderTaskServiceImpl.autoCancel | 订单不存在，orderNo: PT629175896604985826248" }
                    
{
                    "app": "Crmeb",
                    "timestamp":"2025-09-28 10:33:00.016",
                    "level": "ERROR",
                    "thread": "task-executor-15",
                    "class": "c.z.s.service.impl.OrderTaskServiceImpl",
                    "message": "OrderTaskServiceImpl.autoCancel | 订单不存在，orderNo: PT629175896604985826248" }
                    
{
                    "app": "Crmeb",
                    "timestamp":"2025-09-28 10:34:00.032",
                    "level": "ERROR",
                    "thread": "task-executor-19",
                    "class": "c.z.s.service.impl.OrderTaskServiceImpl",
                    "message": "OrderTaskServiceImpl.autoCancel | 订单不存在，orderNo: PT629175896604985826248" }
                    
{
                    "app": "Crmeb",
                    "timestamp":"2025-09-28 10:35:00.023",
                    "level": "ERROR",
                    "thread": "task-executor-4",
                    "class": "c.z.s.service.impl.OrderTaskServiceImpl",
                    "message": "OrderTaskServiceImpl.autoCancel | 订单不存在，orderNo: PT629175896604985826248" }
                    
{
                    "app": "Crmeb",
                    "timestamp":"2025-09-28 10:36:00.022",
                    "level": "ERROR",
                    "thread": "task-executor-7",
                    "class": "c.z.s.service.impl.OrderTaskServiceImpl",
                    "message": "OrderTaskServiceImpl.autoCancel | 订单不存在，orderNo: PT629175896604985826248" }
                    
{
                    "app": "Crmeb",
                    "timestamp":"2025-09-28 10:37:00.021",
                    "level": "ERROR",
                    "thread": "task-executor-15",
                    "class": "c.z.s.service.impl.OrderTaskServiceImpl",
                    "message": "OrderTaskServiceImpl.autoCancel | 订单不存在，orderNo: PT629175896604985826248" }
                    
{
                    "app": "Crmeb",
                    "timestamp":"2025-09-28 10:38:00.021",
                    "level": "ERROR",
                    "thread": "task-executor-19",
                    "class": "c.z.s.service.impl.OrderTaskServiceImpl",
                    "message": "OrderTaskServiceImpl.autoCancel | 订单不存在，orderNo: PT629175896604985826248" }
                    
{
                    "app": "Crmeb",
                    "timestamp":"2025-09-28 10:39:00.021",
                    "level": "ERROR",
                    "thread": "task-executor-4",
                    "class": "c.z.s.service.impl.OrderTaskServiceImpl",
                    "message": "OrderTaskServiceImpl.autoCancel | 订单不存在，orderNo: PT629175896604985826248" }
                    
{
                    "app": "Crmeb",
                    "timestamp":"2025-09-28 10:40:00.026",
                    "level": "ERROR",
                    "thread": "task-executor-7",
                    "class": "c.z.s.service.impl.OrderTaskServiceImpl",
                    "message": "OrderTaskServiceImpl.autoCancel | 订单不存在，orderNo: PT629175896604985826248" }
                    
{
                    "app": "Crmeb",
                    "timestamp":"2025-09-28 10:41:00.021",
                    "level": "ERROR",
                    "thread": "task-executor-15",
                    "class": "c.z.s.service.impl.OrderTaskServiceImpl",
                    "message": "OrderTaskServiceImpl.autoCancel | 订单不存在，orderNo: PT629175896604985826248" }
                    
{
                    "app": "Crmeb",
                    "timestamp":"2025-09-28 10:42:00.020",
                    "level": "ERROR",
                    "thread": "task-executor-19",
                    "class": "c.z.s.service.impl.OrderTaskServiceImpl",
                    "message": "OrderTaskServiceImpl.autoCancel | 订单不存在，orderNo: PT629175896604985826248" }
                    
{
                    "app": "Crmeb",
                    "timestamp":"2025-09-28 10:43:00.021",
                    "level": "ERROR",
                    "thread": "task-executor-4",
                    "class": "c.z.s.service.impl.OrderTaskServiceImpl",
                    "message": "OrderTaskServiceImpl.autoCancel | 订单不存在，orderNo: PT629175896604985826248" }
                    
{
                    "app": "Crmeb",
                    "timestamp":"2025-09-28 10:44:00.030",
                    "level": "ERROR",
                    "thread": "task-executor-7",
                    "class": "c.z.s.service.impl.OrderTaskServiceImpl",
                    "message": "OrderTaskServiceImpl.autoCancel | 订单不存在，orderNo: PT629175896604985826248" }
                    
{
                    "app": "Crmeb",
                    "timestamp":"2025-09-28 10:45:00.032",
                    "level": "ERROR",
                    "thread": "task-executor-15",
                    "class": "c.z.s.service.impl.OrderTaskServiceImpl",
                    "message": "OrderTaskServiceImpl.autoCancel | 订单不存在，orderNo: PT629175896604985826248" }
                    
{
                    "app": "Crmeb",
                    "timestamp":"2025-09-28 10:46:00.025",
                    "level": "ERROR",
                    "thread": "task-executor-19",
                    "class": "c.z.s.service.impl.OrderTaskServiceImpl",
                    "message": "OrderTaskServiceImpl.autoCancel | 订单不存在，orderNo: PT629175896604985826248" }
                    
{
                    "app": "Crmeb",
                    "timestamp":"2025-09-28 10:47:00.024",
                    "level": "ERROR",
                    "thread": "task-executor-4",
                    "class": "c.z.s.service.impl.OrderTaskServiceImpl",
                    "message": "OrderTaskServiceImpl.autoCancel | 订单不存在，orderNo: PT629175896604985826248" }
                    
{
                    "app": "Crmeb",
                    "timestamp":"2025-09-28 10:48:00.025",
                    "level": "ERROR",
                    "thread": "task-executor-7",
                    "class": "c.z.s.service.impl.OrderTaskServiceImpl",
                    "message": "OrderTaskServiceImpl.autoCancel | 订单不存在，orderNo: PT629175896604985826248" }
                    
{
                    "app": "Crmeb",
                    "timestamp":"2025-09-28 10:49:00.020",
                    "level": "ERROR",
                    "thread": "task-executor-15",
                    "class": "c.z.s.service.impl.OrderTaskServiceImpl",
                    "message": "OrderTaskServiceImpl.autoCancel | 订单不存在，orderNo: PT629175896604985826248" }
                    
{
                    "app": "Crmeb",
                    "timestamp":"2025-09-28 10:50:00.019",
                    "level": "ERROR",
                    "thread": "task-executor-19",
                    "class": "c.z.s.service.impl.OrderTaskServiceImpl",
                    "message": "OrderTaskServiceImpl.autoCancel | 订单不存在，orderNo: PT629175896604985826248" }
                    
{
                    "app": "Crmeb",
                    "timestamp":"2025-09-28 10:51:00.016",
                    "level": "ERROR",
                    "thread": "task-executor-4",
                    "class": "c.z.s.service.impl.OrderTaskServiceImpl",
                    "message": "OrderTaskServiceImpl.autoCancel | 订单不存在，orderNo: PT629175896604985826248" }
                    
{
                    "app": "Crmeb",
                    "timestamp":"2025-09-28 11:01:55.513",
                    "level": "ERROR",
                    "thread": "task-executor-2",
                    "class": "c.z.s.service.impl.OrderTaskServiceImpl",
                    "message": "OrderTaskServiceImpl.autoCancel | 订单不存在，orderNo: PT629175896604985826248" }
                    
{
                    "app": "Crmeb",
                    "timestamp":"2025-09-28 11:02:00.031",
                    "level": "ERROR",
                    "thread": "task-executor-7",
                    "class": "c.z.s.service.impl.OrderTaskServiceImpl",
                    "message": "OrderTaskServiceImpl.autoCancel | 订单不存在，orderNo: PT629175896604985826248" }
                    
{
                    "app": "Crmeb",
                    "timestamp":"2025-09-28 11:03:00.042",
                    "level": "ERROR",
                    "thread": "task-executor-12",
                    "class": "c.z.s.service.impl.OrderTaskServiceImpl",
                    "message": "OrderTaskServiceImpl.autoCancel | 订单不存在，orderNo: PT629175896604985826248" }
                    
{
                    "app": "Crmeb",
                    "timestamp":"2025-09-28 11:04:00.035",
                    "level": "ERROR",
                    "thread": "task-executor-17",
                    "class": "c.z.s.service.impl.OrderTaskServiceImpl",
                    "message": "OrderTaskServiceImpl.autoCancel | 订单不存在，orderNo: PT629175896604985826248" }
                    
{
                    "app": "Crmeb",
                    "timestamp":"2025-09-28 11:05:00.029",
                    "level": "ERROR",
                    "thread": "task-executor-4",
                    "class": "c.z.s.service.impl.OrderTaskServiceImpl",
                    "message": "OrderTaskServiceImpl.autoCancel | 订单不存在，orderNo: PT629175896604985826248" }
                    
{
                    "app": "Crmeb",
                    "timestamp":"2025-09-28 11:06:00.035",
                    "level": "ERROR",
                    "thread": "task-executor-8",
                    "class": "c.z.s.service.impl.OrderTaskServiceImpl",
                    "message": "OrderTaskServiceImpl.autoCancel | 订单不存在，orderNo: PT629175896604985826248" }
                    
{
                    "app": "Crmeb",
                    "timestamp":"2025-09-28 11:07:00.046",
                    "level": "ERROR",
                    "thread": "task-executor-13",
                    "class": "c.z.s.service.impl.OrderTaskServiceImpl",
                    "message": "OrderTaskServiceImpl.autoCancel | 订单不存在，orderNo: PT629175896604985826248" }
                    
{
                    "app": "Crmeb",
                    "timestamp":"2025-09-28 11:08:00.025",
                    "level": "ERROR",
                    "thread": "task-executor-18",
                    "class": "c.z.s.service.impl.OrderTaskServiceImpl",
                    "message": "OrderTaskServiceImpl.autoCancel | 订单不存在，orderNo: PT629175896604985826248" }
                    
{
                    "app": "Crmeb",
                    "timestamp":"2025-09-28 11:09:00.032",
                    "level": "ERROR",
                    "thread": "task-executor-1",
                    "class": "c.z.s.service.impl.OrderTaskServiceImpl",
                    "message": "OrderTaskServiceImpl.autoCancel | 订单不存在，orderNo: PT629175896604985826248" }
                    
{
                    "app": "Crmeb",
                    "timestamp":"2025-09-28 11:10:00.031",
                    "level": "ERROR",
                    "thread": "task-executor-7",
                    "class": "c.z.s.service.impl.OrderTaskServiceImpl",
                    "message": "OrderTaskServiceImpl.autoCancel | 订单不存在，orderNo: PT629175896604985826248" }
                    
{
                    "app": "Crmeb",
                    "timestamp":"2025-09-28 11:11:00.026",
                    "level": "ERROR",
                    "thread": "task-executor-14",
                    "class": "c.z.s.service.impl.OrderTaskServiceImpl",
                    "message": "OrderTaskServiceImpl.autoCancel | 订单不存在，orderNo: PT629175896604985826248" }
                    
{
                    "app": "Crmeb",
                    "timestamp":"2025-09-28 11:12:00.104",
                    "level": "ERROR",
                    "thread": "task-executor-2",
                    "class": "c.z.s.service.impl.OrderTaskServiceImpl",
                    "message": "OrderTaskServiceImpl.autoCancel | 订单不存在，orderNo: PT629175896604985826248" }
                    
{
                    "app": "Crmeb",
                    "timestamp":"2025-09-28 11:13:00.029",
                    "level": "ERROR",
                    "thread": "task-executor-7",
                    "class": "c.z.s.service.impl.OrderTaskServiceImpl",
                    "message": "OrderTaskServiceImpl.autoCancel | 订单不存在，orderNo: PT629175896604985826248" }
                    
{
                    "app": "Crmeb",
                    "timestamp":"2025-09-28 11:18:04.963",
                    "level": "ERROR",
                    "thread": "task-executor-2",
                    "class": "c.z.s.service.impl.OrderTaskServiceImpl",
                    "message": "OrderTaskServiceImpl.autoCancel | 订单不存在，orderNo: PT629175896604985826248" }
                    
{
                    "app": "Crmeb",
                    "timestamp":"2025-09-28 11:19:00.029",
                    "level": "ERROR",
                    "thread": "task-executor-7",
                    "class": "c.z.s.service.impl.OrderTaskServiceImpl",
                    "message": "OrderTaskServiceImpl.autoCancel | 订单不存在，orderNo: PT629175896604985826248" }
                    
{
                    "app": "Crmeb",
                    "timestamp":"2025-09-28 11:20:00.027",
                    "level": "ERROR",
                    "thread": "task-executor-12",
                    "class": "c.z.s.service.impl.OrderTaskServiceImpl",
                    "message": "OrderTaskServiceImpl.autoCancel | 订单不存在，orderNo: PT629175896604985826248" }
                    
{
                    "app": "Crmeb",
                    "timestamp":"2025-09-28 11:21:00.025",
                    "level": "ERROR",
                    "thread": "task-executor-17",
                    "class": "c.z.s.service.impl.OrderTaskServiceImpl",
                    "message": "OrderTaskServiceImpl.autoCancel | 订单不存在，orderNo: PT629175896604985826248" }
                    
{
                    "app": "Crmeb",
                    "timestamp":"2025-09-28 11:22:00.027",
                    "level": "ERROR",
                    "thread": "task-executor-4",
                    "class": "c.z.s.service.impl.OrderTaskServiceImpl",
                    "message": "OrderTaskServiceImpl.autoCancel | 订单不存在，orderNo: PT629175896604985826248" }
                    
{
                    "app": "Crmeb",
                    "timestamp":"2025-09-28 11:26:11.314",
                    "level": "ERROR",
                    "thread": "task-executor-2",
                    "class": "c.z.s.service.impl.OrderTaskServiceImpl",
                    "message": "OrderTaskServiceImpl.autoCancel | 订单不存在，orderNo: PT629175896604985826248" }
                    
{
                    "app": "Crmeb",
                    "timestamp":"2025-09-28 11:27:00.036",
                    "level": "ERROR",
                    "thread": "task-executor-7",
                    "class": "c.z.s.service.impl.OrderTaskServiceImpl",
                    "message": "OrderTaskServiceImpl.autoCancel | 订单不存在，orderNo: PT629175896604985826248" }
                    
{
                    "app": "Crmeb",
                    "timestamp":"2025-09-28 11:28:00.034",
                    "level": "ERROR",
                    "thread": "task-executor-12",
                    "class": "c.z.s.service.impl.OrderTaskServiceImpl",
                    "message": "OrderTaskServiceImpl.autoCancel | 订单不存在，orderNo: PT629175896604985826248" }
                    
{
                    "app": "Crmeb",
                    "timestamp":"2025-09-28 11:29:00.026",
                    "level": "ERROR",
                    "thread": "task-executor-17",
                    "class": "c.z.s.service.impl.OrderTaskServiceImpl",
                    "message": "OrderTaskServiceImpl.autoCancel | 订单不存在，orderNo: PT629175896604985826248" }
                    
{
                    "app": "Crmeb",
                    "timestamp":"2025-09-28 11:30:00.032",
                    "level": "ERROR",
                    "thread": "task-executor-3",
                    "class": "c.z.s.service.impl.OrderTaskServiceImpl",
                    "message": "OrderTaskServiceImpl.autoCancel | 订单不存在，orderNo: PT629175896604985826248" }
                    
{
                    "app": "Crmeb",
                    "timestamp":"2025-09-28 11:31:00.027",
                    "level": "ERROR",
                    "thread": "task-executor-8",
                    "class": "c.z.s.service.impl.OrderTaskServiceImpl",
                    "message": "OrderTaskServiceImpl.autoCancel | 订单不存在，orderNo: PT629175896604985826248" }
                    
{
                    "app": "Crmeb",
                    "timestamp":"2025-09-28 11:32:00.047",
                    "level": "ERROR",
                    "thread": "task-executor-13",
                    "class": "c.z.s.service.impl.OrderTaskServiceImpl",
                    "message": "OrderTaskServiceImpl.autoCancel | 订单不存在，orderNo: PT629175896604985826248" }
                    
{
                    "app": "Crmeb",
                    "timestamp":"2025-09-28 11:33:00.027",
                    "level": "ERROR",
                    "thread": "task-executor-18",
                    "class": "c.z.s.service.impl.OrderTaskServiceImpl",
                    "message": "OrderTaskServiceImpl.autoCancel | 订单不存在，orderNo: PT629175896604985826248" }
                    
{
                    "app": "Crmeb",
                    "timestamp":"2025-09-28 11:34:00.044",
                    "level": "ERROR",
                    "thread": "task-executor-4",
                    "class": "c.z.s.service.impl.OrderTaskServiceImpl",
                    "message": "OrderTaskServiceImpl.autoCancel | 订单不存在，orderNo: PT629175896604985826248" }
                    
{
                    "app": "Crmeb",
                    "timestamp":"2025-09-28 11:35:00.026",
                    "level": "ERROR",
                    "thread": "task-executor-7",
                    "class": "c.z.s.service.impl.OrderTaskServiceImpl",
                    "message": "OrderTaskServiceImpl.autoCancel | 订单不存在，orderNo: PT629175896604985826248" }
                    
{
                    "app": "Crmeb",
                    "timestamp":"2025-09-28 11:36:00.031",
                    "level": "ERROR",
                    "thread": "task-executor-14",
                    "class": "c.z.s.service.impl.OrderTaskServiceImpl",
                    "message": "OrderTaskServiceImpl.autoCancel | 订单不存在，orderNo: PT629175896604985826248" }
                    
{
                    "app": "Crmeb",
                    "timestamp":"2025-09-28 11:37:00.026",
                    "level": "ERROR",
                    "thread": "task-executor-19",
                    "class": "c.z.s.service.impl.OrderTaskServiceImpl",
                    "message": "OrderTaskServiceImpl.autoCancel | 订单不存在，orderNo: PT629175896604985826248" }
                    
{
                    "app": "Crmeb",
                    "timestamp":"2025-09-28 11:38:00.036",
                    "level": "ERROR",
                    "thread": "task-executor-1",
                    "class": "c.z.s.service.impl.OrderTaskServiceImpl",
                    "message": "OrderTaskServiceImpl.autoCancel | 订单不存在，orderNo: PT629175896604985826248" }
                    
{
                    "app": "Crmeb",
                    "timestamp":"2025-09-28 11:39:00.019",
                    "level": "ERROR",
                    "thread": "task-executor-9",
                    "class": "c.z.s.service.impl.OrderTaskServiceImpl",
                    "message": "OrderTaskServiceImpl.autoCancel | 订单不存在，orderNo: PT629175896604985826248" }
                    
{
                    "app": "Crmeb",
                    "timestamp":"2025-09-28 11:40:00.042",
                    "level": "ERROR",
                    "thread": "task-executor-12",
                    "class": "c.z.s.service.impl.OrderTaskServiceImpl",
                    "message": "OrderTaskServiceImpl.autoCancel | 订单不存在，orderNo: PT629175896604985826248" }
                    
{
                    "app": "Crmeb",
                    "timestamp":"2025-09-28 11:41:00.029",
                    "level": "ERROR",
                    "thread": "task-executor-17",
                    "class": "c.z.s.service.impl.OrderTaskServiceImpl",
                    "message": "OrderTaskServiceImpl.autoCancel | 订单不存在，orderNo: PT629175896604985826248" }
                    
{
                    "app": "Crmeb",
                    "timestamp":"2025-09-28 11:42:00.024",
                    "level": "ERROR",
                    "thread": "task-executor-1",
                    "class": "c.z.s.service.impl.OrderTaskServiceImpl",
                    "message": "OrderTaskServiceImpl.autoCancel | 订单不存在，orderNo: PT629175896604985826248" }
                    
{
                    "app": "Crmeb",
                    "timestamp":"2025-09-28 11:43:00.020",
                    "level": "ERROR",
                    "thread": "task-executor-9",
                    "class": "c.z.s.service.impl.OrderTaskServiceImpl",
                    "message": "OrderTaskServiceImpl.autoCancel | 订单不存在，orderNo: PT629175896604985826248" }
                    
{
                    "app": "Crmeb",
                    "timestamp":"2025-09-28 11:44:00.038",
                    "level": "ERROR",
                    "thread": "task-executor-15",
                    "class": "c.z.s.service.impl.OrderTaskServiceImpl",
                    "message": "OrderTaskServiceImpl.autoCancel | 订单不存在，orderNo: PT629175896604985826248" }
                    
{
                    "app": "Crmeb",
                    "timestamp":"2025-09-28 11:45:00.020",
                    "level": "ERROR",
                    "thread": "task-executor-17",
                    "class": "c.z.s.service.impl.OrderTaskServiceImpl",
                    "message": "OrderTaskServiceImpl.autoCancel | 订单不存在，orderNo: PT629175896604985826248" }
                    
{
                    "app": "Crmeb",
                    "timestamp":"2025-09-28 11:46:00.022",
                    "level": "ERROR",
                    "thread": "task-executor-1",
                    "class": "c.z.s.service.impl.OrderTaskServiceImpl",
                    "message": "OrderTaskServiceImpl.autoCancel | 订单不存在，orderNo: PT629175896604985826248" }
                    
{
                    "app": "Crmeb",
                    "timestamp":"2025-09-28 11:47:00.025",
                    "level": "ERROR",
                    "thread": "task-executor-9",
                    "class": "c.z.s.service.impl.OrderTaskServiceImpl",
                    "message": "OrderTaskServiceImpl.autoCancel | 订单不存在，orderNo: PT629175896604985826248" }
                    
{
                    "app": "Crmeb",
                    "timestamp":"2025-09-28 11:48:00.028",
                    "level": "ERROR",
                    "thread": "task-executor-15",
                    "class": "c.z.s.service.impl.OrderTaskServiceImpl",
                    "message": "OrderTaskServiceImpl.autoCancel | 订单不存在，orderNo: PT629175896604985826248" }
                    
{
                    "app": "Crmeb",
                    "timestamp":"2025-09-28 11:49:00.023",
                    "level": "ERROR",
                    "thread": "task-executor-17",
                    "class": "c.z.s.service.impl.OrderTaskServiceImpl",
                    "message": "OrderTaskServiceImpl.autoCancel | 订单不存在，orderNo: PT629175896604985826248" }
                    
{
                    "app": "Crmeb",
                    "timestamp":"2025-09-28 11:50:00.019",
                    "level": "ERROR",
                    "thread": "task-executor-1",
                    "class": "c.z.s.service.impl.OrderTaskServiceImpl",
                    "message": "OrderTaskServiceImpl.autoCancel | 订单不存在，orderNo: PT629175896604985826248" }
                    
{
                    "app": "Crmeb",
                    "timestamp":"2025-09-28 11:51:00.021",
                    "level": "ERROR",
                    "thread": "task-executor-9",
                    "class": "c.z.s.service.impl.OrderTaskServiceImpl",
                    "message": "OrderTaskServiceImpl.autoCancel | 订单不存在，orderNo: PT629175896604985826248" }
                    
{
                    "app": "Crmeb",
                    "timestamp":"2025-09-28 11:52:00.021",
                    "level": "ERROR",
                    "thread": "task-executor-15",
                    "class": "c.z.s.service.impl.OrderTaskServiceImpl",
                    "message": "OrderTaskServiceImpl.autoCancel | 订单不存在，orderNo: PT629175896604985826248" }
                    
{
                    "app": "Crmeb",
                    "timestamp":"2025-09-28 11:53:00.032",
                    "level": "ERROR",
                    "thread": "task-executor-17",
                    "class": "c.z.s.service.impl.OrderTaskServiceImpl",
                    "message": "OrderTaskServiceImpl.autoCancel | 订单不存在，orderNo: PT629175896604985826248" }
                    
{
                    "app": "Crmeb",
                    "timestamp":"2025-09-28 11:54:00.026",
                    "level": "ERROR",
                    "thread": "task-executor-1",
                    "class": "c.z.s.service.impl.OrderTaskServiceImpl",
                    "message": "OrderTaskServiceImpl.autoCancel | 订单不存在，orderNo: PT629175896604985826248" }
                    
{
                    "app": "Crmeb",
                    "timestamp":"2025-09-28 11:55:00.019",
                    "level": "ERROR",
                    "thread": "task-executor-9",
                    "class": "c.z.s.service.impl.OrderTaskServiceImpl",
                    "message": "OrderTaskServiceImpl.autoCancel | 订单不存在，orderNo: PT629175896604985826248" }
                    
{
                    "app": "Crmeb",
                    "timestamp":"2025-09-28 11:56:00.022",
                    "level": "ERROR",
                    "thread": "task-executor-15",
                    "class": "c.z.s.service.impl.OrderTaskServiceImpl",
                    "message": "OrderTaskServiceImpl.autoCancel | 订单不存在，orderNo: PT629175896604985826248" }
                    
{
                    "app": "Crmeb",
                    "timestamp":"2025-09-28 11:57:00.022",
                    "level": "ERROR",
                    "thread": "task-executor-17",
                    "class": "c.z.s.service.impl.OrderTaskServiceImpl",
                    "message": "OrderTaskServiceImpl.autoCancel | 订单不存在，orderNo: PT629175896604985826248" }
                    
{
                    "app": "Crmeb",
                    "timestamp":"2025-09-28 11:58:00.022",
                    "level": "ERROR",
                    "thread": "task-executor-1",
                    "class": "c.z.s.service.impl.OrderTaskServiceImpl",
                    "message": "OrderTaskServiceImpl.autoCancel | 订单不存在，orderNo: PT629175896604985826248" }
                    
{
                    "app": "Crmeb",
                    "timestamp":"2025-09-28 11:59:00.026",
                    "level": "ERROR",
                    "thread": "task-executor-9",
                    "class": "c.z.s.service.impl.OrderTaskServiceImpl",
                    "message": "OrderTaskServiceImpl.autoCancel | 订单不存在，orderNo: PT629175896604985826248" }
                    
{
                    "app": "Crmeb",
                    "timestamp":"2025-09-28 12:00:00.037",
                    "level": "ERROR",
                    "thread": "task-executor-15",
                    "class": "c.z.s.service.impl.OrderTaskServiceImpl",
                    "message": "OrderTaskServiceImpl.autoCancel | 订单不存在，orderNo: PT629175896604985826248" }
                    
{
                    "app": "Crmeb",
                    "timestamp":"2025-09-28 12:01:00.024",
                    "level": "ERROR",
                    "thread": "task-executor-17",
                    "class": "c.z.s.service.impl.OrderTaskServiceImpl",
                    "message": "OrderTaskServiceImpl.autoCancel | 订单不存在，orderNo: PT629175896604985826248" }
                    
{
                    "app": "Crmeb",
                    "timestamp":"2025-09-28 12:02:00.023",
                    "level": "ERROR",
                    "thread": "task-executor-1",
                    "class": "c.z.s.service.impl.OrderTaskServiceImpl",
                    "message": "OrderTaskServiceImpl.autoCancel | 订单不存在，orderNo: PT629175896604985826248" }
                    
{
                    "app": "Crmeb",
                    "timestamp":"2025-09-28 12:03:00.034",
                    "level": "ERROR",
                    "thread": "task-executor-9",
                    "class": "c.z.s.service.impl.OrderTaskServiceImpl",
                    "message": "OrderTaskServiceImpl.autoCancel | 订单不存在，orderNo: PT629175896604985826248" }
                    
{
                    "app": "Crmeb",
                    "timestamp":"2025-09-28 12:04:00.038",
                    "level": "ERROR",
                    "thread": "task-executor-15",
                    "class": "c.z.s.service.impl.OrderTaskServiceImpl",
                    "message": "OrderTaskServiceImpl.autoCancel | 订单不存在，orderNo: PT629175896604985826248" }
                    
{
                    "app": "Crmeb",
                    "timestamp":"2025-09-28 12:05:00.016",
                    "level": "ERROR",
                    "thread": "task-executor-17",
                    "class": "c.z.s.service.impl.OrderTaskServiceImpl",
                    "message": "OrderTaskServiceImpl.autoCancel | 订单不存在，orderNo: PT629175896604985826248" }
                    
{
                    "app": "Crmeb",
                    "timestamp":"2025-09-28 12:06:00.019",
                    "level": "ERROR",
                    "thread": "task-executor-1",
                    "class": "c.z.s.service.impl.OrderTaskServiceImpl",
                    "message": "OrderTaskServiceImpl.autoCancel | 订单不存在，orderNo: PT629175896604985826248" }
                    
{
                    "app": "Crmeb",
                    "timestamp":"2025-09-28 12:07:00.022",
                    "level": "ERROR",
                    "thread": "task-executor-9",
                    "class": "c.z.s.service.impl.OrderTaskServiceImpl",
                    "message": "OrderTaskServiceImpl.autoCancel | 订单不存在，orderNo: PT629175896604985826248" }
                    
{
                    "app": "Crmeb",
                    "timestamp":"2025-09-28 12:08:00.023",
                    "level": "ERROR",
                    "thread": "task-executor-15",
                    "class": "c.z.s.service.impl.OrderTaskServiceImpl",
                    "message": "OrderTaskServiceImpl.autoCancel | 订单不存在，orderNo: PT629175896604985826248" }
                    
{
                    "app": "Crmeb",
                    "timestamp":"2025-09-28 12:09:00.025",
                    "level": "ERROR",
                    "thread": "task-executor-17",
                    "class": "c.z.s.service.impl.OrderTaskServiceImpl",
                    "message": "OrderTaskServiceImpl.autoCancel | 订单不存在，orderNo: PT629175896604985826248" }
                    
{
                    "app": "Crmeb",
                    "timestamp":"2025-09-28 12:10:00.036",
                    "level": "ERROR",
                    "thread": "task-executor-1",
                    "class": "c.z.s.service.impl.OrderTaskServiceImpl",
                    "message": "OrderTaskServiceImpl.autoCancel | 订单不存在，orderNo: PT629175896604985826248" }
                    
{
                    "app": "Crmeb",
                    "timestamp":"2025-09-28 12:11:00.023",
                    "level": "ERROR",
                    "thread": "task-executor-9",
                    "class": "c.z.s.service.impl.OrderTaskServiceImpl",
                    "message": "OrderTaskServiceImpl.autoCancel | 订单不存在，orderNo: PT629175896604985826248" }
                    
{
                    "app": "Crmeb",
                    "timestamp":"2025-09-28 12:12:00.023",
                    "level": "ERROR",
                    "thread": "task-executor-15",
                    "class": "c.z.s.service.impl.OrderTaskServiceImpl",
                    "message": "OrderTaskServiceImpl.autoCancel | 订单不存在，orderNo: PT629175896604985826248" }
                    
{
                    "app": "Crmeb",
                    "timestamp":"2025-09-28 12:13:00.036",
                    "level": "ERROR",
                    "thread": "task-executor-17",
                    "class": "c.z.s.service.impl.OrderTaskServiceImpl",
                    "message": "OrderTaskServiceImpl.autoCancel | 订单不存在，orderNo: PT629175896604985826248" }
                    
{
                    "app": "Crmeb",
                    "timestamp":"2025-09-28 12:14:00.034",
                    "level": "ERROR",
                    "thread": "task-executor-1",
                    "class": "c.z.s.service.impl.OrderTaskServiceImpl",
                    "message": "OrderTaskServiceImpl.autoCancel | 订单不存在，orderNo: PT629175896604985826248" }
                    
{
                    "app": "Crmeb",
                    "timestamp":"2025-09-28 12:15:00.023",
                    "level": "ERROR",
                    "thread": "task-executor-9",
                    "class": "c.z.s.service.impl.OrderTaskServiceImpl",
                    "message": "OrderTaskServiceImpl.autoCancel | 订单不存在，orderNo: PT629175896604985826248" }
                    
{
                    "app": "Crmeb",
                    "timestamp":"2025-09-28 12:16:00.019",
                    "level": "ERROR",
                    "thread": "task-executor-15",
                    "class": "c.z.s.service.impl.OrderTaskServiceImpl",
                    "message": "OrderTaskServiceImpl.autoCancel | 订单不存在，orderNo: PT629175896604985826248" }
                    
{
                    "app": "Crmeb",
                    "timestamp":"2025-09-28 12:17:00.038",
                    "level": "ERROR",
                    "thread": "task-executor-17",
                    "class": "c.z.s.service.impl.OrderTaskServiceImpl",
                    "message": "OrderTaskServiceImpl.autoCancel | 订单不存在，orderNo: PT629175896604985826248" }
                    
{
                    "app": "Crmeb",
                    "timestamp":"2025-09-28 12:18:00.017",
                    "level": "ERROR",
                    "thread": "task-executor-1",
                    "class": "c.z.s.service.impl.OrderTaskServiceImpl",
                    "message": "OrderTaskServiceImpl.autoCancel | 订单不存在，orderNo: PT629175896604985826248" }
                    
{
                    "app": "Crmeb",
                    "timestamp":"2025-09-28 12:19:00.023",
                    "level": "ERROR",
                    "thread": "task-executor-9",
                    "class": "c.z.s.service.impl.OrderTaskServiceImpl",
                    "message": "OrderTaskServiceImpl.autoCancel | 订单不存在，orderNo: PT629175896604985826248" }
                    
{
                    "app": "Crmeb",
                    "timestamp":"2025-09-28 12:20:00.021",
                    "level": "ERROR",
                    "thread": "task-executor-15",
                    "class": "c.z.s.service.impl.OrderTaskServiceImpl",
                    "message": "OrderTaskServiceImpl.autoCancel | 订单不存在，orderNo: PT629175896604985826248" }
                    
{
                    "app": "Crmeb",
                    "timestamp":"2025-09-28 12:21:00.030",
                    "level": "ERROR",
                    "thread": "task-executor-17",
                    "class": "c.z.s.service.impl.OrderTaskServiceImpl",
                    "message": "OrderTaskServiceImpl.autoCancel | 订单不存在，orderNo: PT629175896604985826248" }
                    
{
                    "app": "Crmeb",
                    "timestamp":"2025-09-28 12:22:00.024",
                    "level": "ERROR",
                    "thread": "task-executor-1",
                    "class": "c.z.s.service.impl.OrderTaskServiceImpl",
                    "message": "OrderTaskServiceImpl.autoCancel | 订单不存在，orderNo: PT629175896604985826248" }
                    
{
                    "app": "Crmeb",
                    "timestamp":"2025-09-28 12:23:00.035",
                    "level": "ERROR",
                    "thread": "task-executor-9",
                    "class": "c.z.s.service.impl.OrderTaskServiceImpl",
                    "message": "OrderTaskServiceImpl.autoCancel | 订单不存在，orderNo: PT629175896604985826248" }
                    
{
                    "app": "Crmeb",
                    "timestamp":"2025-09-28 12:24:00.022",
                    "level": "ERROR",
                    "thread": "task-executor-15",
                    "class": "c.z.s.service.impl.OrderTaskServiceImpl",
                    "message": "OrderTaskServiceImpl.autoCancel | 订单不存在，orderNo: PT629175896604985826248" }
                    
{
                    "app": "Crmeb",
                    "timestamp":"2025-09-28 12:25:00.031",
                    "level": "ERROR",
                    "thread": "task-executor-17",
                    "class": "c.z.s.service.impl.OrderTaskServiceImpl",
                    "message": "OrderTaskServiceImpl.autoCancel | 订单不存在，orderNo: PT629175896604985826248" }
                    
{
                    "app": "Crmeb",
                    "timestamp":"2025-09-28 12:26:00.015",
                    "level": "ERROR",
                    "thread": "task-executor-1",
                    "class": "c.z.s.service.impl.OrderTaskServiceImpl",
                    "message": "OrderTaskServiceImpl.autoCancel | 订单不存在，orderNo: PT629175896604985826248" }
                    
{
                    "app": "Crmeb",
                    "timestamp":"2025-09-28 12:27:00.022",
                    "level": "ERROR",
                    "thread": "task-executor-9",
                    "class": "c.z.s.service.impl.OrderTaskServiceImpl",
                    "message": "OrderTaskServiceImpl.autoCancel | 订单不存在，orderNo: PT629175896604985826248" }
                    
{
                    "app": "Crmeb",
                    "timestamp":"2025-09-28 12:28:00.023",
                    "level": "ERROR",
                    "thread": "task-executor-15",
                    "class": "c.z.s.service.impl.OrderTaskServiceImpl",
                    "message": "OrderTaskServiceImpl.autoCancel | 订单不存在，orderNo: PT629175896604985826248" }
                    
{
                    "app": "Crmeb",
                    "timestamp":"2025-09-28 12:29:00.023",
                    "level": "ERROR",
                    "thread": "task-executor-17",
                    "class": "c.z.s.service.impl.OrderTaskServiceImpl",
                    "message": "OrderTaskServiceImpl.autoCancel | 订单不存在，orderNo: PT629175896604985826248" }
                    
{
                    "app": "Crmeb",
                    "timestamp":"2025-09-28 12:30:00.029",
                    "level": "ERROR",
                    "thread": "task-executor-1",
                    "class": "c.z.s.service.impl.OrderTaskServiceImpl",
                    "message": "OrderTaskServiceImpl.autoCancel | 订单不存在，orderNo: PT629175896604985826248" }
                    
{
                    "app": "Crmeb",
                    "timestamp":"2025-09-28 12:31:00.024",
                    "level": "ERROR",
                    "thread": "task-executor-9",
                    "class": "c.z.s.service.impl.OrderTaskServiceImpl",
                    "message": "OrderTaskServiceImpl.autoCancel | 订单不存在，orderNo: PT629175896604985826248" }
                    
{
                    "app": "Crmeb",
                    "timestamp":"2025-09-28 12:32:00.029",
                    "level": "ERROR",
                    "thread": "task-executor-15",
                    "class": "c.z.s.service.impl.OrderTaskServiceImpl",
                    "message": "OrderTaskServiceImpl.autoCancel | 订单不存在，orderNo: PT629175896604985826248" }
                    
{
                    "app": "Crmeb",
                    "timestamp":"2025-09-28 12:33:00.021",
                    "level": "ERROR",
                    "thread": "task-executor-17",
                    "class": "c.z.s.service.impl.OrderTaskServiceImpl",
                    "message": "OrderTaskServiceImpl.autoCancel | 订单不存在，orderNo: PT629175896604985826248" }
                    
{
                    "app": "Crmeb",
                    "timestamp":"2025-09-28 12:34:00.020",
                    "level": "ERROR",
                    "thread": "task-executor-1",
                    "class": "c.z.s.service.impl.OrderTaskServiceImpl",
                    "message": "OrderTaskServiceImpl.autoCancel | 订单不存在，orderNo: PT629175896604985826248" }
                    
{
                    "app": "Crmeb",
                    "timestamp":"2025-09-28 12:35:00.047",
                    "level": "ERROR",
                    "thread": "task-executor-9",
                    "class": "c.z.s.service.impl.OrderTaskServiceImpl",
                    "message": "OrderTaskServiceImpl.autoCancel | 订单不存在，orderNo: PT629175896604985826248" }
                    
{
                    "app": "Crmeb",
                    "timestamp":"2025-09-28 12:36:00.024",
                    "level": "ERROR",
                    "thread": "task-executor-15",
                    "class": "c.z.s.service.impl.OrderTaskServiceImpl",
                    "message": "OrderTaskServiceImpl.autoCancel | 订单不存在，orderNo: PT629175896604985826248" }
                    
{
                    "app": "Crmeb",
                    "timestamp":"2025-09-28 12:37:00.036",
                    "level": "ERROR",
                    "thread": "task-executor-17",
                    "class": "c.z.s.service.impl.OrderTaskServiceImpl",
                    "message": "OrderTaskServiceImpl.autoCancel | 订单不存在，orderNo: PT629175896604985826248" }
                    
{
                    "app": "Crmeb",
                    "timestamp":"2025-09-28 12:38:00.022",
                    "level": "ERROR",
                    "thread": "task-executor-1",
                    "class": "c.z.s.service.impl.OrderTaskServiceImpl",
                    "message": "OrderTaskServiceImpl.autoCancel | 订单不存在，orderNo: PT629175896604985826248" }
                    
{
                    "app": "Crmeb",
                    "timestamp":"2025-09-28 12:39:00.020",
                    "level": "ERROR",
                    "thread": "task-executor-9",
                    "class": "c.z.s.service.impl.OrderTaskServiceImpl",
                    "message": "OrderTaskServiceImpl.autoCancel | 订单不存在，orderNo: PT629175896604985826248" }
                    
{
                    "app": "Crmeb",
                    "timestamp":"2025-09-28 12:40:00.016",
                    "level": "ERROR",
                    "thread": "task-executor-15",
                    "class": "c.z.s.service.impl.OrderTaskServiceImpl",
                    "message": "OrderTaskServiceImpl.autoCancel | 订单不存在，orderNo: PT629175896604985826248" }
                    
{
                    "app": "Crmeb",
                    "timestamp":"2025-09-28 12:41:00.022",
                    "level": "ERROR",
                    "thread": "task-executor-17",
                    "class": "c.z.s.service.impl.OrderTaskServiceImpl",
                    "message": "OrderTaskServiceImpl.autoCancel | 订单不存在，orderNo: PT629175896604985826248" }
                    
{
                    "app": "Crmeb",
                    "timestamp":"2025-09-28 12:42:00.019",
                    "level": "ERROR",
                    "thread": "task-executor-1",
                    "class": "c.z.s.service.impl.OrderTaskServiceImpl",
                    "message": "OrderTaskServiceImpl.autoCancel | 订单不存在，orderNo: PT629175896604985826248" }
                    
{
                    "app": "Crmeb",
                    "timestamp":"2025-09-28 12:43:00.032",
                    "level": "ERROR",
                    "thread": "task-executor-9",
                    "class": "c.z.s.service.impl.OrderTaskServiceImpl",
                    "message": "OrderTaskServiceImpl.autoCancel | 订单不存在，orderNo: PT629175896604985826248" }
                    
{
                    "app": "Crmeb",
                    "timestamp":"2025-09-28 12:44:00.013",
                    "level": "ERROR",
                    "thread": "task-executor-15",
                    "class": "c.z.s.service.impl.OrderTaskServiceImpl",
                    "message": "OrderTaskServiceImpl.autoCancel | 订单不存在，orderNo: PT629175896604985826248" }
                    
{
                    "app": "Crmeb",
                    "timestamp":"2025-09-28 12:45:00.034",
                    "level": "ERROR",
                    "thread": "task-executor-17",
                    "class": "c.z.s.service.impl.OrderTaskServiceImpl",
                    "message": "OrderTaskServiceImpl.autoCancel | 订单不存在，orderNo: PT629175896604985826248" }
                    
{
                    "app": "Crmeb",
                    "timestamp":"2025-09-28 12:46:00.021",
                    "level": "ERROR",
                    "thread": "task-executor-1",
                    "class": "c.z.s.service.impl.OrderTaskServiceImpl",
                    "message": "OrderTaskServiceImpl.autoCancel | 订单不存在，orderNo: PT629175896604985826248" }
                    
{
                    "app": "Crmeb",
                    "timestamp":"2025-09-28 12:47:00.034",
                    "level": "ERROR",
                    "thread": "task-executor-9",
                    "class": "c.z.s.service.impl.OrderTaskServiceImpl",
                    "message": "OrderTaskServiceImpl.autoCancel | 订单不存在，orderNo: PT629175896604985826248" }
                    
{
                    "app": "Crmeb",
                    "timestamp":"2025-09-28 12:48:00.019",
                    "level": "ERROR",
                    "thread": "task-executor-15",
                    "class": "c.z.s.service.impl.OrderTaskServiceImpl",
                    "message": "OrderTaskServiceImpl.autoCancel | 订单不存在，orderNo: PT629175896604985826248" }
                    
{
                    "app": "Crmeb",
                    "timestamp":"2025-09-28 12:49:00.016",
                    "level": "ERROR",
                    "thread": "task-executor-17",
                    "class": "c.z.s.service.impl.OrderTaskServiceImpl",
                    "message": "OrderTaskServiceImpl.autoCancel | 订单不存在，orderNo: PT629175896604985826248" }
                    
{
                    "app": "Crmeb",
                    "timestamp":"2025-09-28 12:50:00.022",
                    "level": "ERROR",
                    "thread": "task-executor-1",
                    "class": "c.z.s.service.impl.OrderTaskServiceImpl",
                    "message": "OrderTaskServiceImpl.autoCancel | 订单不存在，orderNo: PT629175896604985826248" }
                    
{
                    "app": "Crmeb",
                    "timestamp":"2025-09-28 12:51:00.023",
                    "level": "ERROR",
                    "thread": "task-executor-9",
                    "class": "c.z.s.service.impl.OrderTaskServiceImpl",
                    "message": "OrderTaskServiceImpl.autoCancel | 订单不存在，orderNo: PT629175896604985826248" }
                    
{
                    "app": "Crmeb",
                    "timestamp":"2025-09-28 12:52:00.017",
                    "level": "ERROR",
                    "thread": "task-executor-15",
                    "class": "c.z.s.service.impl.OrderTaskServiceImpl",
                    "message": "OrderTaskServiceImpl.autoCancel | 订单不存在，orderNo: PT629175896604985826248" }
                    
{
                    "app": "Crmeb",
                    "timestamp":"2025-09-28 12:53:00.028",
                    "level": "ERROR",
                    "thread": "task-executor-17",
                    "class": "c.z.s.service.impl.OrderTaskServiceImpl",
                    "message": "OrderTaskServiceImpl.autoCancel | 订单不存在，orderNo: PT629175896604985826248" }
                    
{
                    "app": "Crmeb",
                    "timestamp":"2025-09-28 12:54:00.020",
                    "level": "ERROR",
                    "thread": "task-executor-1",
                    "class": "c.z.s.service.impl.OrderTaskServiceImpl",
                    "message": "OrderTaskServiceImpl.autoCancel | 订单不存在，orderNo: PT629175896604985826248" }
                    
{
                    "app": "Crmeb",
                    "timestamp":"2025-09-28 12:55:00.018",
                    "level": "ERROR",
                    "thread": "task-executor-9",
                    "class": "c.z.s.service.impl.OrderTaskServiceImpl",
                    "message": "OrderTaskServiceImpl.autoCancel | 订单不存在，orderNo: PT629175896604985826248" }
                    
{
                    "app": "Crmeb",
                    "timestamp":"2025-09-28 12:56:00.020",
                    "level": "ERROR",
                    "thread": "task-executor-15",
                    "class": "c.z.s.service.impl.OrderTaskServiceImpl",
                    "message": "OrderTaskServiceImpl.autoCancel | 订单不存在，orderNo: PT629175896604985826248" }
                    
{
                    "app": "Crmeb",
                    "timestamp":"2025-09-28 12:57:00.016",
                    "level": "ERROR",
                    "thread": "task-executor-17",
                    "class": "c.z.s.service.impl.OrderTaskServiceImpl",
                    "message": "OrderTaskServiceImpl.autoCancel | 订单不存在，orderNo: PT629175896604985826248" }
                    
{
                    "app": "Crmeb",
                    "timestamp":"2025-09-28 12:58:00.028",
                    "level": "ERROR",
                    "thread": "task-executor-1",
                    "class": "c.z.s.service.impl.OrderTaskServiceImpl",
                    "message": "OrderTaskServiceImpl.autoCancel | 订单不存在，orderNo: PT629175896604985826248" }
                    
{
                    "app": "Crmeb",
                    "timestamp":"2025-09-28 12:59:00.020",
                    "level": "ERROR",
                    "thread": "task-executor-9",
                    "class": "c.z.s.service.impl.OrderTaskServiceImpl",
                    "message": "OrderTaskServiceImpl.autoCancel | 订单不存在，orderNo: PT629175896604985826248" }
                    
{
                    "app": "Crmeb",
                    "timestamp":"2025-09-28 13:00:00.023",
                    "level": "ERROR",
                    "thread": "task-executor-15",
                    "class": "c.z.s.service.impl.OrderTaskServiceImpl",
                    "message": "OrderTaskServiceImpl.autoCancel | 订单不存在，orderNo: PT629175896604985826248" }
                    
{
                    "app": "Crmeb",
                    "timestamp":"2025-09-28 13:01:00.035",
                    "level": "ERROR",
                    "thread": "task-executor-17",
                    "class": "c.z.s.service.impl.OrderTaskServiceImpl",
                    "message": "OrderTaskServiceImpl.autoCancel | 订单不存在，orderNo: PT629175896604985826248" }
                    
{
                    "app": "Crmeb",
                    "timestamp":"2025-09-28 13:02:00.021",
                    "level": "ERROR",
                    "thread": "task-executor-1",
                    "class": "c.z.s.service.impl.OrderTaskServiceImpl",
                    "message": "OrderTaskServiceImpl.autoCancel | 订单不存在，orderNo: PT629175896604985826248" }
                    
{
                    "app": "Crmeb",
                    "timestamp":"2025-09-28 13:03:00.146",
                    "level": "ERROR",
                    "thread": "task-executor-9",
                    "class": "c.z.s.service.impl.OrderTaskServiceImpl",
                    "message": "OrderTaskServiceImpl.autoCancel | 订单不存在，orderNo: PT629175896604985826248" }
                    
