{
                    "app": "Crmeb",
                    "timestamp":"2025-09-23 18:32:46.224",
                    "level": "DEBUG",
                    "thread": "main",
                    "class": "o.s.b.c.l.ClasspathLoggingApplicationListener",
                    "message": "Application started with classpath: [file:/E:/2zynt/StoreProject2kai/CRMEB-JAVA-ET-V1.2(2025.4.25)/et_java/crmeb-front/target/classes/, file:/C:/Users/admin/.m2/repository/com/zbkj/crmeb-service/0.0.1-SNAPSHOT/crmeb-service-0.0.1-SNAPSHOT.jar, file:/C:/Users/admin/.m2/repository/com/zbkj/crmeb-common/0.0.1-SNAPSHOT/crmeb-common-0.0.1-SNAPSHOT.jar, file:/C:/Users/admin/.m2/repository/javax/servlet/javax.servlet-api/4.0.1/javax.servlet-api-4.0.1.jar, file:/C:/Users/admin/.m2/repository/javax/servlet/jstl/1.2/jstl-1.2.jar, file:/C:/Users/admin/.m2/repository/org/apache/tomcat/embed/tomcat-embed-jasper/9.0.33/tomcat-embed-jasper-9.0.33.jar, file:/C:/Users/admin/.m2/repository/org/apache/tomcat/embed/tomcat-embed-core/9.0.33/tomcat-embed-core-9.0.33.jar, file:/C:/Users/admin/.m2/repository/org/apache/tomcat/tomcat-annotations-api/9.0.33/tomcat-annotations-api-9.0.33.jar, file:/C:/Users/admin/.m2/repository/org/apache/tomcat/embed/tomcat-embed-el/9.0.33/tomcat-embed-el-9.0.33.jar, file:/C:/Users/admin/.m2/repository/org/eclipse/jdt/ecj/3.18.0/ecj-3.18.0.jar, file:/C:/Users/admin/.m2/repository/org/apache/tomcat/tomcat-jsp-api/9.0.33/tomcat-jsp-api-9.0.33.jar, file:/C:/Users/admin/.m2/repository/org/apache/tomcat/tomcat-el-api/9.0.33/tomcat-el-api-9.0.33.jar, file:/C:/Users/admin/.m2/repository/org/apache/tomcat/tomcat-servlet-api/9.0.33/tomcat-servlet-api-9.0.33.jar, file:/C:/Users/admin/.m2/repository/com/alibaba/fastjson/2.0.38/fastjson-2.0.38.jar, file:/C:/Users/admin/.m2/repository/com/alibaba/fastjson2/fastjson2-extension/2.0.38/fastjson2-extension-2.0.38.jar, file:/C:/Users/admin/.m2/repository/com/alibaba/fastjson2/fastjson2/2.0.38/fastjson2-2.0.38.jar, file:/C:/Users/admin/.m2/repository/com/alibaba/druid/1.1.20/druid-1.1.20.jar, file:/C:/Users/admin/.m2/repository/com/mysql/mysql-connector-j/8.0.33/mysql-connector-j-8.0.33.jar, file:/C:/Users/admin/.m2/repository/com/google/protobuf/protobuf-java/3.21.9/protobuf-java-3.21.9.jar, file:/C:/Users/admin/.m2/repository/org/projectlombok/lombok/1.18.12/lombok-1.18.12.jar, file:/C:/Users/admin/.m2/repository/com/baomidou/mybatis-plus-boot-starter/3.3.1/mybatis-plus-boot-starter-3.3.1.jar, file:/C:/Users/admin/.m2/repository/org/springframework/boot/spring-boot-starter-jdbc/2.2.6.RELEASE/spring-boot-starter-jdbc-2.2.6.RELEASE.jar, file:/C:/Users/admin/.m2/repository/com/zaxxer/HikariCP/3.4.2/HikariCP-3.4.2.jar, file:/C:/Users/admin/.m2/repository/org/springframework/spring-jdbc/5.2.5.RELEASE/spring-jdbc-5.2.5.RELEASE.jar, file:/C:/Users/admin/.m2/repository/org/springframework/boot/spring-boot-test/2.2.6.RELEASE/spring-boot-test-2.2.6.RELEASE.jar, file:/C:/Users/admin/.m2/repository/org/springframework/boot/spring-boot/2.2.6.RELEASE/spring-boot-2.2.6.RELEASE.jar, file:/C:/Users/admin/.m2/repository/org/springframework/spring-context/5.2.5.RELEASE/spring-context-5.2.5.RELEASE.jar, file:/C:/Users/admin/.m2/repository/org/springframework/spring-test/5.2.5.RELEASE/spring-test-5.2.5.RELEASE.jar, file:/C:/Users/admin/.m2/repository/org/springframework/spring-core/5.2.5.RELEASE/spring-core-5.2.5.RELEASE.jar, file:/C:/Users/admin/.m2/repository/org/springframework/spring-jcl/5.2.5.RELEASE/spring-jcl-5.2.5.RELEASE.jar, file:/C:/Users/admin/.m2/repository/com/baomidou/mybatis-plus/3.3.1/mybatis-plus-3.3.1.jar, file:/C:/Users/admin/.m2/repository/com/baomidou/mybatis-plus-extension/3.3.1/mybatis-plus-extension-3.3.1.jar, file:/C:/Users/admin/.m2/repository/com/baomidou/mybatis-plus-core/3.3.1/mybatis-plus-core-3.3.1.jar, file:/C:/Users/admin/.m2/repository/com/baomidou/mybatis-plus-annotation/3.3.1/mybatis-plus-annotation-3.3.1.jar, file:/C:/Users/admin/.m2/repository/org/mybatis/mybatis/3.5.3/mybatis-3.5.3.jar, file:/C:/Users/admin/.m2/repository/org/mybatis/mybatis-spring/2.0.3/mybatis-spring-2.0.3.jar, file:/C:/Users/admin/.m2/repository/com/baomidou/mybatis-plus-generator/3.3.1/mybatis-plus-generator-3.3.1.jar, file:/C:/Users/admin/.m2/repository/io/swagger/swagger-annotations/1.5.21/swagger-annotations-1.5.21.jar, file:/C:/Users/admin/.m2/repository/io/springfox/springfox-swagger2/2.9.2/springfox-swagger2-2.9.2.jar, file:/C:/Users/admin/.m2/repository/io/springfox/springfox-spi/2.9.2/springfox-spi-2.9.2.jar, file:/C:/Users/admin/.m2/repository/io/springfox/springfox-core/2.9.2/springfox-core-2.9.2.jar, file:/C:/Users/admin/.m2/repository/net/bytebuddy/byte-buddy/1.10.8/byte-buddy-1.10.8.jar, file:/C:/Users/admin/.m2/repository/io/springfox/springfox-schema/2.9.2/springfox-schema-2.9.2.jar, file:/C:/Users/admin/.m2/repository/io/springfox/springfox-swagger-common/2.9.2/springfox-swagger-common-2.9.2.jar, file:/C:/Users/admin/.m2/repository/io/springfox/springfox-spring-web/2.9.2/springfox-spring-web-2.9.2.jar, file:/C:/Users/admin/.m2/repository/com/fasterxml/classmate/1.5.1/classmate-1.5.1.jar, file:/C:/Users/admin/.m2/repository/org/slf4j/slf4j-api/1.7.30/slf4j-api-1.7.30.jar, file:/C:/Users/admin/.m2/repository/org/springframework/plugin/spring-plugin-core/1.2.0.RELEASE/spring-plugin-core-1.2.0.RELEASE.jar, file:/C:/Users/admin/.m2/repository/org/springframework/plugin/spring-plugin-metadata/1.2.0.RELEASE/spring-plugin-metadata-1.2.0.RELEASE.jar, file:/C:/Users/admin/.m2/repository/org/mapstruct/mapstruct/1.2.0.Final/mapstruct-1.2.0.Final.jar, file:/C:/Users/admin/.m2/repository/io/swagger/swagger-models/1.5.22/swagger-models-1.5.22.jar, file:/C:/Users/admin/.m2/repository/com/fasterxml/jackson/core/jackson-annotations/2.10.3/jackson-annotations-2.10.3.jar, file:/C:/Users/admin/.m2/repository/com/github/xiaoymin/swagger-bootstrap-ui/1.9.3/swagger-bootstrap-ui-1.9.3.jar, file:/C:/Users/admin/.m2/repository/org/springframework/boot/spring-boot-autoconfigure/2.2.6.RELEASE/spring-boot-autoconfigure-2.2.6.RELEASE.jar, file:/C:/Users/admin/.m2/repository/ch/qos/logback/logback-classic/1.2.3/logback-classic-1.2.3.jar, file:/C:/Users/admin/.m2/repository/ch/qos/logback/logback-core/1.2.3/logback-core-1.2.3.jar, file:/C:/Users/admin/.m2/repository/net/logstash/logback/logstash-logback-encoder/5.3/logstash-logback-encoder-5.3.jar, file:/C:/Users/admin/.m2/repository/com/fasterxml/jackson/core/jackson-databind/2.10.3/jackson-databind-2.10.3.jar, file:/C:/Users/admin/.m2/repository/org/springframework/boot/spring-boot-starter-web/2.2.6.RELEASE/spring-boot-starter-web-2.2.6.RELEASE.jar, file:/C:/Users/admin/.m2/repository/org/springframework/boot/spring-boot-starter/2.2.6.RELEASE/spring-boot-starter-2.2.6.RELEASE.jar, file:/C:/Users/admin/.m2/repository/org/springframework/boot/spring-boot-starter-logging/2.2.6.RELEASE/spring-boot-starter-logging-2.2.6.RELEASE.jar, file:/C:/Users/admin/.m2/repository/org/apache/logging/log4j/log4j-to-slf4j/2.12.1/log4j-to-slf4j-2.12.1.jar, file:/C:/Users/admin/.m2/repository/org/apache/logging/log4j/log4j-api/2.12.1/log4j-api-2.12.1.jar, file:/C:/Users/admin/.m2/repository/org/slf4j/jul-to-slf4j/1.7.30/jul-to-slf4j-1.7.30.jar, file:/C:/Users/admin/.m2/repository/jakarta/annotation/jakarta.annotation-api/1.3.5/jakarta.annotation-api-1.3.5.jar, file:/C:/Users/admin/.m2/repository/org/yaml/snakeyaml/1.25/snakeyaml-1.25.jar, file:/C:/Users/admin/.m2/repository/org/springframework/boot/spring-boot-starter-json/2.2.6.RELEASE/spring-boot-starter-json-2.2.6.RELEASE.jar, file:/C:/Users/admin/.m2/repository/com/fasterxml/jackson/datatype/jackson-datatype-jdk8/2.10.3/jackson-datatype-jdk8-2.10.3.jar, file:/C:/Users/admin/.m2/repository/com/fasterxml/jackson/datatype/jackson-datatype-jsr310/2.10.3/jackson-datatype-jsr310-2.10.3.jar, file:/C:/Users/admin/.m2/repository/com/fasterxml/jackson/module/jackson-module-parameter-names/2.10.3/jackson-module-parameter-names-2.10.3.jar, file:/C:/Users/admin/.m2/repository/org/springframework/boot/spring-boot-starter-tomcat/2.2.6.RELEASE/spring-boot-starter-tomcat-2.2.6.RELEASE.jar, file:/C:/Users/admin/.m2/repository/org/apache/tomcat/embed/tomcat-embed-websocket/9.0.33/tomcat-embed-websocket-9.0.33.jar, file:/C:/Users/admin/.m2/repository/org/springframework/boot/spring-boot-starter-validation/2.2.6.RELEASE/spring-boot-starter-validation-2.2.6.RELEASE.jar, file:/C:/Users/admin/.m2/repository/jakarta/validation/jakarta.validation-api/2.0.2/jakarta.validation-api-2.0.2.jar, file:/C:/Users/admin/.m2/repository/org/hibernate/validator/hibernate-validator/6.0.18.Final/hibernate-validator-6.0.18.Final.jar, file:/C:/Users/admin/.m2/repository/org/jboss/logging/jboss-logging/3.4.1.Final/jboss-logging-3.4.1.Final.jar, file:/C:/Users/admin/.m2/repository/org/springframework/spring-web/5.2.5.RELEASE/spring-web-5.2.5.RELEASE.jar, file:/C:/Users/admin/.m2/repository/org/springframework/spring-webmvc/5.2.5.RELEASE/spring-webmvc-5.2.5.RELEASE.jar, file:/C:/Users/admin/.m2/repository/org/springframework/spring-expression/5.2.5.RELEASE/spring-expression-5.2.5.RELEASE.jar, file:/C:/Users/admin/.m2/repository/org/springframework/boot/spring-boot-starter-data-redis/2.2.0.RELEASE/spring-boot-starter-data-redis-2.2.0.RELEASE.jar, file:/C:/Users/admin/.m2/repository/org/springframework/data/spring-data-redis/2.2.6.RELEASE/spring-data-redis-2.2.6.RELEASE.jar, file:/C:/Users/admin/.m2/repository/org/springframework/data/spring-data-keyvalue/2.2.6.RELEASE/spring-data-keyvalue-2.2.6.RELEASE.jar, file:/C:/Users/admin/.m2/repository/org/springframework/spring-tx/5.2.5.RELEASE/spring-tx-5.2.5.RELEASE.jar, file:/C:/Users/admin/.m2/repository/org/springframework/spring-oxm/5.2.5.RELEASE/spring-oxm-5.2.5.RELEASE.jar, file:/C:/Users/admin/.m2/repository/io/lettuce/lettuce-core/5.2.2.RELEASE/lettuce-core-5.2.2.RELEASE.jar, file:/C:/Users/admin/.m2/repository/io/netty/netty-common/4.1.48.Final/netty-common-4.1.48.Final.jar, file:/C:/Users/admin/.m2/repository/io/netty/netty-handler/4.1.48.Final/netty-handler-4.1.48.Final.jar, file:/C:/Users/admin/.m2/repository/io/netty/netty-resolver/4.1.48.Final/netty-resolver-4.1.48.Final.jar, file:/C:/Users/admin/.m2/repository/io/netty/netty-buffer/4.1.48.Final/netty-buffer-4.1.48.Final.jar, file:/C:/Users/admin/.m2/repository/io/netty/netty-codec/4.1.48.Final/netty-codec-4.1.48.Final.jar, file:/C:/Users/admin/.m2/repository/io/netty/netty-transport/4.1.48.Final/netty-transport-4.1.48.Final.jar, file:/C:/Users/admin/.m2/repository/io/projectreactor/reactor-core/3.3.4.RELEASE/reactor-core-3.3.4.RELEASE.jar, file:/C:/Users/admin/.m2/repository/org/reactivestreams/reactive-streams/1.0.3/reactive-streams-1.0.3.jar, file:/C:/Users/admin/.m2/repository/redis/clients/jedis/3.1.0/jedis-3.1.0.jar, file:/C:/Users/admin/.m2/repository/org/apache/commons/commons-pool2/2.7.0/commons-pool2-2.7.0.jar, file:/C:/Users/admin/.m2/repository/com/github/pagehelper/pagehelper-spring-boot-starter/1.2.5/pagehelper-spring-boot-starter-1.2.5.jar, file:/C:/Users/admin/.m2/repository/org/mybatis/spring/boot/mybatis-spring-boot-starter/1.3.2/mybatis-spring-boot-starter-1.3.2.jar, file:/C:/Users/admin/.m2/repository/org/mybatis/spring/boot/mybatis-spring-boot-autoconfigure/1.3.2/mybatis-spring-boot-autoconfigure-1.3.2.jar, file:/C:/Users/admin/.m2/repository/com/github/pagehelper/pagehelper-spring-boot-autoconfigure/1.2.5/pagehelper-spring-boot-autoconfigure-1.2.5.jar, file:/C:/Users/admin/.m2/repository/com/github/pagehelper/pagehelper/5.1.4/pagehelper-5.1.4.jar, file:/C:/Users/admin/.m2/repository/com/github/jsqlparser/jsqlparser/1.0/jsqlparser-1.0.jar, file:/C:/Users/admin/.m2/repository/javax/validation/validation-api/1.1.0.Final/validation-api-1.1.0.Final.jar, file:/C:/Users/admin/.m2/repository/org/springframework/data/spring-data-commons/2.2.6.RELEASE/spring-data-commons-2.2.6.RELEASE.jar, file:/C:/Users/admin/.m2/repository/org/springframework/spring-beans/5.2.5.RELEASE/spring-beans-5.2.5.RELEASE.jar, file:/C:/Users/admin/.m2/repository/cn/hutool/hutool-all/4.5.7/hutool-all-4.5.7.jar, file:/C:/Users/admin/.m2/repository/org/springframework/boot/spring-boot-starter-actuator/2.2.6.RELEASE/spring-boot-starter-actuator-2.2.6.RELEASE.jar, file:/C:/Users/admin/.m2/repository/org/springframework/boot/spring-boot-actuator-autoconfigure/2.2.6.RELEASE/spring-boot-actuator-autoconfigure-2.2.6.RELEASE.jar, file:/C:/Users/admin/.m2/repository/org/springframework/boot/spring-boot-actuator/2.2.6.RELEASE/spring-boot-actuator-2.2.6.RELEASE.jar, file:/C:/Users/admin/.m2/repository/io/micrometer/micrometer-core/1.3.6/micrometer-core-1.3.6.jar, file:/C:/Users/admin/.m2/repository/org/hdrhistogram/HdrHistogram/2.1.11/HdrHistogram-2.1.11.jar, file:/C:/Users/admin/.m2/repository/org/latencyutils/LatencyUtils/2.0.3/LatencyUtils-2.0.3.jar, file:/C:/Users/admin/.m2/repository/org/apache/httpcomponents/httpclient/4.5.6/httpclient-4.5.6.jar, file:/C:/Users/admin/.m2/repository/org/apache/httpcomponents/httpcore/4.4.13/httpcore-4.4.13.jar, file:/C:/Users/admin/.m2/repository/commons-logging/commons-logging/1.2/commons-logging-1.2.jar, file:/C:/Users/admin/.m2/repository/commons-codec/commons-codec/1.13/commons-codec-1.13.jar, file:/C:/Users/admin/.m2/repository/org/springframework/boot/spring-boot-starter-aop/2.2.6.RELEASE/spring-boot-starter-aop-2.2.6.RELEASE.jar, file:/C:/Users/admin/.m2/repository/org/springframework/spring-aop/5.2.5.RELEASE/spring-aop-5.2.5.RELEASE.jar, file:/C:/Users/admin/.m2/repository/org/aspectj/aspectjweaver/1.9.5/aspectjweaver-1.9.5.jar, file:/C:/Users/admin/.m2/repository/org/apache/commons/commons-lang3/3.10/commons-lang3-3.10.jar, file:/C:/Users/admin/.m2/repository/org/apache/poi/poi/3.17/poi-3.17.jar, file:/C:/Users/admin/.m2/repository/org/apache/commons/commons-collections4/4.1/commons-collections4-4.1.jar, file:/C:/Users/admin/.m2/repository/org/apache/poi/poi-ooxml/3.17/poi-ooxml-3.17.jar, file:/C:/Users/admin/.m2/repository/org/apache/poi/poi-ooxml-schemas/3.17/poi-ooxml-schemas-3.17.jar, file:/C:/Users/admin/.m2/repository/org/apache/xmlbeans/xmlbeans/2.6.0/xmlbeans-2.6.0.jar, file:/C:/Users/admin/.m2/repository/com/github/virtuald/curvesapi/1.04/curvesapi-1.04.jar, file:/C:/Users/admin/.m2/repository/commons-fileupload/commons-fileupload/1.3.3/commons-fileupload-1.3.3.jar, file:/C:/Users/admin/.m2/repository/commons-io/commons-io/2.4/commons-io-2.4.jar, file:/C:/Users/admin/.m2/repository/com/aliyun/oss/aliyun-sdk-oss/3.5.0/aliyun-sdk-oss-3.5.0.jar, file:/C:/Users/admin/.m2/repository/org/jdom/jdom/1.1/jdom-1.1.jar, file:/C:/Users/admin/.m2/repository/org/codehaus/jettison/jettison/1.1/jettison-1.1.jar, file:/C:/Users/admin/.m2/repository/stax/stax-api/1.0.1/stax-api-1.0.1.jar, file:/C:/Users/admin/.m2/repository/com/aliyun/aliyun-java-sdk-core/3.4.0/aliyun-java-sdk-core-3.4.0.jar, file:/C:/Users/admin/.m2/repository/com/aliyun/aliyun-java-sdk-ram/3.0.0/aliyun-java-sdk-ram-3.0.0.jar, file:/C:/Users/admin/.m2/repository/com/aliyun/aliyun-java-sdk-sts/3.0.0/aliyun-java-sdk-sts-3.0.0.jar, file:/C:/Users/admin/.m2/repository/com/aliyun/aliyun-java-sdk-ecs/4.2.0/aliyun-java-sdk-ecs-4.2.0.jar, file:/C:/Users/admin/.m2/repository/com/qcloud/cos_api/5.6.22/cos_api-5.6.22.jar, file:/C:/Users/admin/.m2/repository/joda-time/joda-time/2.10.5/joda-time-2.10.5.jar, file:/C:/Users/admin/.m2/repository/org/bouncycastle/bcprov-jdk15on/1.64/bcprov-jdk15on-1.64.jar, file:/C:/Users/admin/.m2/repository/com/qiniu/qiniu-java-sdk/7.2.28/qiniu-java-sdk-7.2.28.jar, file:/C:/Users/admin/.m2/repository/com/squareup/okhttp3/okhttp/3.14.7/okhttp-3.14.7.jar, file:/C:/Users/admin/.m2/repository/com/squareup/okio/okio/1.17.2/okio-1.17.2.jar, file:/C:/Users/admin/.m2/repository/com/google/code/gson/gson/2.8.6/gson-2.8.6.jar, file:/C:/Users/admin/.m2/repository/dom4j/dom4j/1.6.1/dom4j-1.6.1.jar, file:/C:/Users/admin/.m2/repository/xml-apis/xml-apis/1.0.b2/xml-apis-1.0.b2.jar, file:/C:/Users/admin/.m2/repository/com/thoughtworks/xstream/xstream/1.4.10/xstream-1.4.10.jar, file:/C:/Users/admin/.m2/repository/xmlpull/xmlpull/1.1.3.1/xmlpull-1.1.3.1.jar, file:/C:/Users/admin/.m2/repository/xpp3/xpp3_min/1.1.4c/xpp3_min-1.1.4c.jar, file:/C:/Users/admin/.m2/repository/org/apache/httpcomponents/httpmime/4.5.2/httpmime-4.5.2.jar, file:/C:/Users/admin/.m2/repository/io/jsonwebtoken/jjwt/0.9.1/jjwt-0.9.1.jar, file:/C:/Users/admin/.m2/repository/com/auth0/jwks-rsa/0.9.0/jwks-rsa-0.9.0.jar, file:/C:/Users/admin/.m2/repository/org/springframework/boot/spring-boot-starter-security/2.2.6.RELEASE/spring-boot-starter-security-2.2.6.RELEASE.jar, file:/C:/Users/admin/.m2/repository/org/springframework/security/spring-security-config/5.2.2.RELEASE/spring-security-config-5.2.2.RELEASE.jar, file:/C:/Users/admin/.m2/repository/org/springframework/security/spring-security-core/5.2.2.RELEASE/spring-security-core-5.2.2.RELEASE.jar, file:/C:/Users/admin/.m2/repository/org/springframework/security/spring-security-web/5.2.2.RELEASE/spring-security-web-5.2.2.RELEASE.jar, file:/C:/Users/admin/.m2/repository/org/springframework/boot/spring-boot-starter-mail/2.2.6.RELEASE/spring-boot-starter-mail-2.2.6.RELEASE.jar, file:/C:/Users/admin/.m2/repository/org/springframework/spring-context-support/5.2.5.RELEASE/spring-context-support-5.2.5.RELEASE.jar, file:/C:/Users/admin/.m2/repository/com/sun/mail/jakarta.mail/1.6.5/jakarta.mail-1.6.5.jar, file:/C:/Users/admin/.m2/repository/com/sun/activation/jakarta.activation/1.2.2/jakarta.activation-1.2.2.jar, file:/C:/Users/admin/.m2/repository/com/paypal/sdk/checkout-sdk/1.0.4/checkout-sdk-1.0.4.jar, file:/C:/Users/admin/.m2/repository/com/paypal/paypalhttp/1.0.2/paypalhttp-1.0.2.jar, file:/C:/Users/admin/.m2/repository/com/aliyun/dysmsapi20170525/2.0.8/dysmsapi20170525-2.0.8.jar, file:/C:/Users/admin/.m2/repository/com/aliyun/tea-util/0.2.13/tea-util-0.2.13.jar, file:/C:/Users/admin/.m2/repository/com/aliyun/endpoint-util/0.0.6/endpoint-util-0.0.6.jar, file:/C:/Users/admin/.m2/repository/com/aliyun/tea/1.1.14/tea-1.1.14.jar, file:/C:/Users/admin/.m2/repository/org/jacoco/org.jacoco.agent/0.8.4/org.jacoco.agent-0.8.4-runtime.jar, file:/C:/Users/admin/.m2/repository/com/aliyun/tea-openapi/0.1.6/tea-openapi-0.1.6.jar, file:/C:/Users/admin/.m2/repository/com/aliyun/credentials-java/0.2.4/credentials-java-0.2.4.jar, file:/C:/Users/admin/.m2/repository/org/ini4j/ini4j/0.5.4/ini4j-0.5.4.jar, file:/C:/Users/admin/.m2/repository/javax/xml/bind/jaxb-api/2.3.1/jaxb-api-2.3.1.jar, file:/C:/Users/admin/.m2/repository/javax/activation/javax.activation-api/1.2.0/javax.activation-api-1.2.0.jar, file:/C:/Users/admin/.m2/repository/com/sun/xml/bind/jaxb-core/2.3.0/jaxb-core-2.3.0.jar, file:/C:/Users/admin/.m2/repository/com/sun/xml/bind/jaxb-impl/2.3.0/jaxb-impl-2.3.0.jar, file:/C:/Users/admin/.m2/repository/com/aliyun/openapiutil/0.1.13/openapiutil-0.1.13.jar, file:/C:/Users/admin/.m2/repository/com/aliyun/api/gateway/sdk-core-java/1.1.7/sdk-core-java-1.1.7.jar, file:/C:/Users/admin/.m2/repository/com/googlecode/juniversalchardet/juniversalchardet/1.0.3/juniversalchardet-1.0.3.jar, file:/C:/Users/admin/.m2/repository/org/codehaus/plexus/plexus-digest/1.0/plexus-digest-1.0.jar, file:/C:/Users/admin/.m2/repository/org/codehaus/plexus/plexus-container-default/1.0-alpha-8/plexus-container-default-1.0-alpha-8.jar, file:/C:/Users/admin/.m2/repository/org/codehaus/plexus/plexus-utils/1.0.4/plexus-utils-1.0.4.jar, file:/C:/Users/admin/.m2/repository/classworlds/classworlds/1.1-alpha-2/classworlds-1.1-alpha-2.jar, file:/C:/Users/admin/.m2/repository/com/stripe/stripe-java/20.124.0/stripe-java-20.124.0.jar, file:/C:/Users/admin/.m2/repository/com/github/binarywang/weixin-java-pay/4.5.0/weixin-java-pay-4.5.0.jar, file:/C:/Users/admin/.m2/repository/com/github/binarywang/weixin-java-common/4.5.0/weixin-java-common-4.5.0.jar, file:/C:/Users/admin/.m2/repository/org/slf4j/jcl-over-slf4j/1.7.30/jcl-over-slf4j-1.7.30.jar, file:/C:/Users/admin/.m2/repository/org/dom4j/dom4j/2.1.3/dom4j-2.1.3.jar, file:/C:/Users/admin/.m2/repository/com/github/binarywang/qrcode-utils/1.1/qrcode-utils-1.1.jar, file:/C:/Users/admin/.m2/repository/org/bouncycastle/bcpkix-jdk15on/1.68/bcpkix-jdk15on-1.68.jar, file:/C:/Users/admin/.m2/repository/org/jodd/jodd-http/6.2.1/jodd-http-6.2.1.jar, file:/C:/Users/admin/.m2/repository/org/jodd/jodd-util/6.1.0/jodd-util-6.1.0.jar, file:/C:/Users/admin/.m2/repository/com/google/zxing/javase/3.3.3/javase-3.3.3.jar, file:/C:/Users/admin/.m2/repository/com/google/zxing/core/3.3.3/core-3.3.3.jar, file:/C:/Users/admin/.m2/repository/com/beust/jcommander/1.72/jcommander-1.72.jar, file:/C:/Users/admin/.m2/repository/com/github/jai-imageio/jai-imageio-core/1.4.0/jai-imageio-core-1.4.0.jar, file:/C:/Users/admin/.m2/repository/com/google/api-client/google-api-client/1.30.10/google-api-client-1.30.10.jar, file:/C:/Users/admin/.m2/repository/com/google/oauth-client/google-oauth-client/1.31.0/google-oauth-client-1.31.0.jar, file:/C:/Users/admin/.m2/repository/com/google/http-client/google-http-client/1.35.0/google-http-client-1.35.0.jar, file:/C:/Users/admin/.m2/repository/io/opencensus/opencensus-api/0.24.0/opencensus-api-0.24.0.jar, file:/C:/Users/admin/.m2/repository/io/grpc/grpc-context/1.22.1/grpc-context-1.22.1.jar, file:/C:/Users/admin/.m2/repository/io/opencensus/opencensus-contrib-http-util/0.24.0/opencensus-contrib-http-util-0.24.0.jar, file:/C:/Users/admin/.m2/repository/com/google/code/findbugs/jsr305/3.0.2/jsr305-3.0.2.jar, file:/C:/Users/admin/.m2/repository/com/google/http-client/google-http-client-jackson2/1.36.0/google-http-client-jackson2-1.36.0.jar, file:/C:/Users/admin/.m2/repository/com/fasterxml/jackson/core/jackson-core/2.10.3/jackson-core-2.10.3.jar, file:/C:/Users/admin/.m2/repository/com/google/guava/guava/29.0-android/guava-29.0-android.jar, file:/C:/Users/admin/.m2/repository/com/google/guava/failureaccess/1.0.1/failureaccess-1.0.1.jar, file:/C:/Users/admin/.m2/repository/com/google/guava/listenablefuture/9999.0-empty-to-avoid-conflict-with-guava/listenablefuture-9999.0-empty-to-avoid-conflict-with-guava.jar, file:/C:/Users/admin/.m2/repository/org/checkerframework/checker-compat-qual/2.5.5/checker-compat-qual-2.5.5.jar, file:/C:/Users/admin/.m2/repository/com/google/errorprone/error_prone_annotations/2.3.4/error_prone_annotations-2.3.4.jar, file:/C:/Users/admin/.m2/repository/com/google/j2objc/j2objc-annotations/1.3/j2objc-annotations-1.3.jar, file:/C:/Users/admin/.m2/repository/org/twitter4j/twitter4j-core/4.0.7/twitter4j-core-4.0.7.jar]" }
                    
{
                    "app": "Crmeb",
                    "timestamp":"2025-09-23 18:32:46.266",
                    "level": "DEBUG",
                    "thread": "main",
                    "class": "o.springframework.boot.SpringApplication",
                    "message": "Loading source class com.zbkj.front.CrmebFrontApplication" }
                    
{
                    "app": "Crmeb",
                    "timestamp":"2025-09-23 18:32:46.291",
                    "level": "DEBUG",
                    "thread": "main",
                    "class": "o.s.b.c.c.ConfigFileApplicationListener",
                    "message": "Loaded config file 'file:/E:/2zynt/StoreProject2kai/CRMEB-JAVA-ET-V1.2(2025.4.25)/et_java/crmeb-front/target/classes/application.yml' (classpath:/application.yml)" }
                    
{
                    "app": "Crmeb",
                    "timestamp":"2025-09-23 18:32:46.292",
                    "level": "DEBUG",
                    "thread": "main",
                    "class": "o.s.b.w.s.c.AnnotationConfigServletWebServerApplicationContext",
                    "message": "Refreshing org.springframework.boot.web.servlet.context.AnnotationConfigServletWebServerApplicationContext@73e22a3d" }
                    
{
                    "app": "Crmeb",
                    "timestamp":"2025-09-23 18:32:47.618",
                    "level": "DEBUG",
                    "thread": "main",
                    "class": "o.s.b.w.e.t.TomcatServletWebServerFactory",
                    "message": "Code archive: C:\Users\admin\.m2\repository\org\springframework\boot\spring-boot\2.2.6.RELEASE\spring-boot-2.2.6.RELEASE.jar" }
                    
{
                    "app": "Crmeb",
                    "timestamp":"2025-09-23 18:32:47.619",
                    "level": "DEBUG",
                    "thread": "main",
                    "class": "o.s.b.w.e.t.TomcatServletWebServerFactory",
                    "message": "Code archive: C:\Users\admin\.m2\repository\org\springframework\boot\spring-boot\2.2.6.RELEASE\spring-boot-2.2.6.RELEASE.jar" }
                    
{
                    "app": "Crmeb",
                    "timestamp":"2025-09-23 18:32:47.620",
                    "level": "DEBUG",
                    "thread": "main",
                    "class": "o.s.b.w.e.t.TomcatServletWebServerFactory",
                    "message": "None of the document roots [src/main/webapp, public, static] point to a directory and will be ignored." }
                    
{
                    "app": "Crmeb",
                    "timestamp":"2025-09-23 18:32:47.828",
                    "level": "DEBUG",
                    "thread": "main",
                    "class": "o.s.web.context.ContextLoader",
                    "message": "Published root WebApplicationContext as ServletContext attribute with name [org.springframework.web.context.WebApplicationContext.ROOT]" }
                    
{
                    "app": "Crmeb",
                    "timestamp":"2025-09-23 18:32:48.054",
                    "level": "DEBUG",
                    "thread": "main",
                    "class": "o.s.b.w.s.ServletContextInitializerBeans",
                    "message": "Mapping filters: filterRegistrationBean urls=[/*] order=-2147483647, springSecurityFilterChain urls=[/*] order=-100, filterRegistrationBean urls=[/*] order=2147483647, filterRegistrationBean urls=[/*] order=2147483647, characterEncodingFilter urls=[/*] order=-2147483648, formContentFilter urls=[/*] order=-9900, requestContextFilter urls=[/*] order=-105, corsFilter urls=[/*] order=2147483647" }
                    
{
                    "app": "Crmeb",
                    "timestamp":"2025-09-23 18:32:48.055",
                    "level": "DEBUG",
                    "thread": "main",
                    "class": "o.s.b.w.s.ServletContextInitializerBeans",
                    "message": "Mapping servlets: statViewServlet urls=[/druid/*], dispatcherServlet urls=[/]" }
                    
{
                    "app": "Crmeb",
                    "timestamp":"2025-09-23 18:32:48.066",
                    "level": "DEBUG",
                    "thread": "main",
                    "class": "o.s.b.a.m.w.servlet.WebMvcMetricsFilter",
                    "message": "Filter 'webMvcMetricsFilter' configured for use" }
                    
{
                    "app": "Crmeb",
                    "timestamp":"2025-09-23 18:32:48.066",
                    "level": "DEBUG",
                    "thread": "main",
                    "class": "o.s.b.w.s.f.OrderedRequestContextFilter",
                    "message": "Filter 'requestContextFilter' configured for use" }
                    
{
                    "app": "Crmeb",
                    "timestamp":"2025-09-23 18:32:48.067",
                    "level": "DEBUG",
                    "thread": "main",
                    "class": "o.springframework.web.filter.CorsFilter",
                    "message": "Filter 'corsFilter' configured for use" }
                    
{
                    "app": "Crmeb",
                    "timestamp":"2025-09-23 18:32:48.067",
                    "level": "DEBUG",
                    "thread": "main",
                    "class": "o.s.b.w.s.f.OrderedCharacterEncodingFilter",
                    "message": "Filter 'characterEncodingFilter' configured for use" }
                    
{
                    "app": "Crmeb",
                    "timestamp":"2025-09-23 18:32:48.067",
                    "level": "DEBUG",
                    "thread": "main",
                    "class": "o.s.b.w.s.DelegatingFilterProxyRegistrationBean$1",
                    "message": "Filter 'springSecurityFilterChain' configured for use" }
                    
{
                    "app": "Crmeb",
                    "timestamp":"2025-09-23 18:32:48.067",
                    "level": "DEBUG",
                    "thread": "main",
                    "class": "o.s.b.w.s.f.OrderedFormContentFilter",
                    "message": "Filter 'formContentFilter' configured for use" }
                    
{
                    "app": "Crmeb",
                    "timestamp":"2025-09-23 18:32:51.576",
                    "level": "DEBUG",
                    "thread": "main",
                    "class": "o.s.w.s.m.m.a.RequestMappingHandlerMapping",
                    "message": "151 mappings in 'requestMappingHandlerMapping'" }
                    
{
                    "app": "Crmeb",
                    "timestamp":"2025-09-23 18:32:51.823",
                    "level": "DEBUG",
                    "thread": "main",
                    "class": "o.s.w.s.m.m.a.RequestMappingHandlerAdapter",
                    "message": "ControllerAdvice beans: 0 @ModelAttribute, 0 @InitBinder, 1 RequestBodyAdvice, 1 ResponseBodyAdvice" }
                    
{
                    "app": "Crmeb",
                    "timestamp":"2025-09-23 18:32:51.857",
                    "level": "DEBUG",
                    "thread": "main",
                    "class": "o.s.w.s.handler.SimpleUrlHandlerMapping",
                    "message": "Patterns [/webjars/**, /**, /doc.html, /crmebimage/**, /uploadf/**] in 'resourceHandlerMapping'" }
                    
{
                    "app": "Crmeb",
                    "timestamp":"2025-09-23 18:32:51.866",
                    "level": "DEBUG",
                    "thread": "main",
                    "class": "o.s.w.s.m.m.a.ExceptionHandlerExceptionResolver",
                    "message": "ControllerAdvice beans: 1 @ExceptionHandler, 1 ResponseBodyAdvice" }
                    
{
                    "app": "Crmeb",
                    "timestamp":"2025-09-23 18:32:59.860",
                    "level": "DEBUG",
                    "thread": "http-nio-8081-exec-5",
                    "class": "o.s.web.servlet.DispatcherServlet",
                    "message": "Detected StandardServletMultipartResolver" }
                    
{
                    "app": "Crmeb",
                    "timestamp":"2025-09-23 18:32:59.860",
                    "level": "DEBUG",
                    "thread": "http-nio-8081-exec-5",
                    "class": "o.s.web.servlet.DispatcherServlet",
                    "message": "Detected I18nLocaleResolver" }
                    
{
                    "app": "Crmeb",
                    "timestamp":"2025-09-23 18:32:59.866",
                    "level": "DEBUG",
                    "thread": "http-nio-8081-exec-5",
                    "class": "o.s.web.servlet.DispatcherServlet",
                    "message": "enableLoggingRequestDetails='false': request parameters and headers will be masked to prevent unsafe logging of potentially sensitive data" }
                    
{
                    "app": "Crmeb",
                    "timestamp":"2025-09-23 18:32:59.893",
                    "level": "DEBUG",
                    "thread": "http-nio-8081-exec-10",
                    "class": "o.s.web.servlet.DispatcherServlet",
                    "message": "GET "/api/pc/home/index", parameters={}" }
                    
{
                    "app": "Crmeb",
                    "timestamp":"2025-09-23 18:32:59.893",
                    "level": "DEBUG",
                    "thread": "http-nio-8081-exec-7",
                    "class": "o.s.web.servlet.DispatcherServlet",
                    "message": "GET "/api/front/activity/index/list", parameters={}" }
                    
{
                    "app": "Crmeb",
                    "timestamp":"2025-09-23 18:32:59.893",
                    "level": "DEBUG",
                    "thread": "http-nio-8081-exec-9",
                    "class": "o.s.web.servlet.DispatcherServlet",
                    "message": "GET "/api/front/merchant/street", parameters={}" }
                    
{
                    "app": "Crmeb",
                    "timestamp":"2025-09-23 18:32:59.893",
                    "level": "DEBUG",
                    "thread": "http-nio-8081-exec-16",
                    "class": "o.s.web.servlet.DispatcherServlet",
                    "message": "GET "/api/front/product/leaderboard", parameters={}" }
                    
{
                    "app": "Crmeb",
                    "timestamp":"2025-09-23 18:32:59.893",
                    "level": "DEBUG",
                    "thread": "http-nio-8081-exec-11",
                    "class": "o.s.web.servlet.DispatcherServlet",
                    "message": "GET "/api/front/index/product?page=1&limit=13", parameters={masked}" }
                    
{
                    "app": "Crmeb",
                    "timestamp":"2025-09-23 18:32:59.896",
                    "level": "DEBUG",
                    "thread": "http-nio-8081-exec-10",
                    "class": "o.s.w.s.m.m.a.RequestMappingHandlerMapping",
                    "message": "Mapped to com.zbkj.front.pc.controller.PcIndexController#getIndexInfo()" }
                    
{
                    "app": "Crmeb",
                    "timestamp":"2025-09-23 18:32:59.896",
                    "level": "DEBUG",
                    "thread": "http-nio-8081-exec-7",
                    "class": "o.s.w.s.m.m.a.RequestMappingHandlerMapping",
                    "message": "Mapped to com.zbkj.front.controller.ActivityController#getIndexList()" }
                    
{
                    "app": "Crmeb",
                    "timestamp":"2025-09-23 18:32:59.896",
                    "level": "DEBUG",
                    "thread": "http-nio-8081-exec-11",
                    "class": "o.s.w.s.m.m.a.RequestMappingHandlerMapping",
                    "message": "Mapped to com.zbkj.front.controller.IndexController#getProductList(PageParamRequest)" }
                    
{
                    "app": "Crmeb",
                    "timestamp":"2025-09-23 18:32:59.896",
                    "level": "DEBUG",
                    "thread": "http-nio-8081-exec-9",
                    "class": "o.s.w.s.m.m.a.RequestMappingHandlerMapping",
                    "message": "Mapped to com.zbkj.front.controller.MerchantController#getStreet(PageParamRequest)" }
                    
{
                    "app": "Crmeb",
                    "timestamp":"2025-09-23 18:32:59.896",
                    "level": "DEBUG",
                    "thread": "http-nio-8081-exec-16",
                    "class": "o.s.w.s.m.m.a.RequestMappingHandlerMapping",
                    "message": "Mapped to com.zbkj.front.controller.ProductController#getLeaderboard()" }
                    
{
                    "app": "Crmeb",
                    "timestamp":"2025-09-23 18:33:00.084",
                    "level": "DEBUG",
                    "thread": "http-nio-8081-exec-16",
                    "class": "o.s.w.s.m.m.a.RequestResponseBodyMethodProcessor",
                    "message": "Using 'application/json', given [application/json, text/plain, */*] and supported [application/json, application/*+json, application/json, application/*+json]" }
                    
{
                    "app": "Crmeb",
                    "timestamp":"2025-09-23 18:33:00.089",
                    "level": "DEBUG",
                    "thread": "http-nio-8081-exec-11",
                    "class": "o.s.w.s.m.m.a.RequestResponseBodyMethodProcessor",
                    "message": "Using 'application/json', given [application/json, text/plain, */*] and supported [application/json, application/*+json, application/json, application/*+json]" }
                    
{
                    "app": "Crmeb",
                    "timestamp":"2025-09-23 18:33:00.089",
                    "level": "DEBUG",
                    "thread": "http-nio-8081-exec-16",
                    "class": "o.s.w.s.m.m.a.RequestResponseBodyMethodProcessor",
                    "message": "Writing [com.zbkj.common.response.CommonResult@236957f7]" }
                    
{
                    "app": "Crmeb",
                    "timestamp":"2025-09-23 18:33:00.089",
                    "level": "DEBUG",
                    "thread": "http-nio-8081-exec-11",
                    "class": "o.s.w.s.m.m.a.RequestResponseBodyMethodProcessor",
                    "message": "Writing [com.zbkj.common.response.CommonResult@567d26f4]" }
                    
{
                    "app": "Crmeb",
                    "timestamp":"2025-09-23 18:33:00.090",
                    "level": "DEBUG",
                    "thread": "http-nio-8081-exec-9",
                    "class": "o.s.w.s.m.m.a.RequestResponseBodyMethodProcessor",
                    "message": "Using 'application/json', given [application/json, text/plain, */*] and supported [application/json, application/*+json, application/json, application/*+json]" }
                    
{
                    "app": "Crmeb",
                    "timestamp":"2025-09-23 18:33:00.090",
                    "level": "DEBUG",
                    "thread": "http-nio-8081-exec-9",
                    "class": "o.s.w.s.m.m.a.RequestResponseBodyMethodProcessor",
                    "message": "Writing [com.zbkj.common.response.CommonResult@189c1d18]" }
                    
{
                    "app": "Crmeb",
                    "timestamp":"2025-09-23 18:33:00.103",
                    "level": "DEBUG",
                    "thread": "http-nio-8081-exec-11",
                    "class": "o.s.web.servlet.DispatcherServlet",
                    "message": "Completed 200 OK" }
                    
{
                    "app": "Crmeb",
                    "timestamp":"2025-09-23 18:33:00.103",
                    "level": "DEBUG",
                    "thread": "http-nio-8081-exec-9",
                    "class": "o.s.web.servlet.DispatcherServlet",
                    "message": "Completed 200 OK" }
                    
{
                    "app": "Crmeb",
                    "timestamp":"2025-09-23 18:33:00.103",
                    "level": "DEBUG",
                    "thread": "http-nio-8081-exec-16",
                    "class": "o.s.web.servlet.DispatcherServlet",
                    "message": "Completed 200 OK" }
                    
{
                    "app": "Crmeb",
                    "timestamp":"2025-09-23 18:33:00.110",
                    "level": "DEBUG",
                    "thread": "http-nio-8081-exec-7",
                    "class": "o.s.w.s.m.m.a.RequestResponseBodyMethodProcessor",
                    "message": "Using 'application/json', given [application/json, text/plain, */*] and supported [application/json, application/*+json, application/json, application/*+json]" }
                    
{
                    "app": "Crmeb",
                    "timestamp":"2025-09-23 18:33:00.110",
                    "level": "DEBUG",
                    "thread": "http-nio-8081-exec-7",
                    "class": "o.s.w.s.m.m.a.RequestResponseBodyMethodProcessor",
                    "message": "Writing [com.zbkj.common.response.CommonResult@470bd7d0]" }
                    
{
                    "app": "Crmeb",
                    "timestamp":"2025-09-23 18:33:00.114",
                    "level": "DEBUG",
                    "thread": "http-nio-8081-exec-7",
                    "class": "o.s.web.servlet.DispatcherServlet",
                    "message": "Completed 200 OK" }
                    
{
                    "app": "Crmeb",
                    "timestamp":"2025-09-23 18:33:00.131",
                    "level": "DEBUG",
                    "thread": "http-nio-8081-exec-23",
                    "class": "o.s.web.servlet.DispatcherServlet",
                    "message": "GET "/api/front/activity/index/list", parameters={}" }
                    
{
                    "app": "Crmeb",
                    "timestamp":"2025-09-23 18:33:00.132",
                    "level": "DEBUG",
                    "thread": "http-nio-8081-exec-23",
                    "class": "o.s.w.s.m.m.a.RequestMappingHandlerMapping",
                    "message": "Mapped to com.zbkj.front.controller.ActivityController#getIndexList()" }
                    
{
                    "app": "Crmeb",
                    "timestamp":"2025-09-23 18:33:00.159",
                    "level": "DEBUG",
                    "thread": "http-nio-8081-exec-23",
                    "class": "o.s.w.s.m.m.a.RequestResponseBodyMethodProcessor",
                    "message": "Using 'application/json', given [application/json, text/plain, */*] and supported [application/json, application/*+json, application/json, application/*+json]" }
                    
{
                    "app": "Crmeb",
                    "timestamp":"2025-09-23 18:33:00.159",
                    "level": "DEBUG",
                    "thread": "http-nio-8081-exec-23",
                    "class": "o.s.w.s.m.m.a.RequestResponseBodyMethodProcessor",
                    "message": "Writing [com.zbkj.common.response.CommonResult@4ae5600c]" }
                    
{
                    "app": "Crmeb",
                    "timestamp":"2025-09-23 18:33:00.159",
                    "level": "DEBUG",
                    "thread": "http-nio-8081-exec-23",
                    "class": "o.s.web.servlet.DispatcherServlet",
                    "message": "Completed 200 OK" }
                    
{
                    "app": "Crmeb",
                    "timestamp":"2025-09-23 18:33:00.180",
                    "level": "DEBUG",
                    "thread": "http-nio-8081-exec-10",
                    "class": "o.s.w.s.m.m.a.RequestResponseBodyMethodProcessor",
                    "message": "Using 'application/json', given [application/json, text/plain, */*] and supported [application/json, application/*+json, application/json, application/*+json]" }
                    
{
                    "app": "Crmeb",
                    "timestamp":"2025-09-23 18:33:00.181",
                    "level": "DEBUG",
                    "thread": "http-nio-8081-exec-10",
                    "class": "o.s.w.s.m.m.a.RequestResponseBodyMethodProcessor",
                    "message": "Writing [com.zbkj.common.response.CommonResult@5d0e571]" }
                    
{
                    "app": "Crmeb",
                    "timestamp":"2025-09-23 18:33:00.183",
                    "level": "DEBUG",
                    "thread": "http-nio-8081-exec-10",
                    "class": "o.s.web.servlet.DispatcherServlet",
                    "message": "Completed 200 OK" }
                    
{
                    "app": "Crmeb",
                    "timestamp":"2025-09-23 18:33:00.225",
                    "level": "DEBUG",
                    "thread": "http-nio-8081-exec-17",
                    "class": "o.s.web.servlet.DispatcherServlet",
                    "message": "GET "/api/pc/home/index", parameters={}" }
                    
{
                    "app": "Crmeb",
                    "timestamp":"2025-09-23 18:33:00.225",
                    "level": "DEBUG",
                    "thread": "http-nio-8081-exec-8",
                    "class": "o.s.web.servlet.DispatcherServlet",
                    "message": "GET "/api/front/index/product?page=1&limit=13", parameters={masked}" }
                    
{
                    "app": "Crmeb",
                    "timestamp":"2025-09-23 18:33:00.229",
                    "level": "DEBUG",
                    "thread": "http-nio-8081-exec-19",
                    "class": "o.s.web.servlet.DispatcherServlet",
                    "message": "GET "/api/front/search/keyword", parameters={}" }
                    
{
                    "app": "Crmeb",
                    "timestamp":"2025-09-23 18:33:00.228",
                    "level": "DEBUG",
                    "thread": "http-nio-8081-exec-17",
                    "class": "o.s.w.s.m.m.a.RequestMappingHandlerMapping",
                    "message": "Mapped to com.zbkj.front.pc.controller.PcIndexController#getIndexInfo()" }
                    
{
                    "app": "Crmeb",
                    "timestamp":"2025-09-23 18:33:00.229",
                    "level": "DEBUG",
                    "thread": "http-nio-8081-exec-18",
                    "class": "o.s.web.servlet.DispatcherServlet",
                    "message": "POST "/api/front/login/token/is/exist", parameters={}" }
                    
{
                    "app": "Crmeb",
                    "timestamp":"2025-09-23 18:33:00.229",
                    "level": "DEBUG",
                    "thread": "http-nio-8081-exec-20",
                    "class": "o.s.web.servlet.DispatcherServlet",
                    "message": "GET "/api/front/product/category", parameters={}" }
                    
{
                    "app": "Crmeb",
                    "timestamp":"2025-09-23 18:33:00.229",
                    "level": "DEBUG",
                    "thread": "http-nio-8081-exec-8",
                    "class": "o.s.w.s.m.m.a.RequestMappingHandlerMapping",
                    "message": "Mapped to com.zbkj.front.controller.IndexController#getProductList(PageParamRequest)" }
                    
{
                    "app": "Crmeb",
                    "timestamp":"2025-09-23 18:33:00.230",
                    "level": "DEBUG",
                    "thread": "http-nio-8081-exec-19",
                    "class": "o.s.w.s.m.m.a.RequestMappingHandlerMapping",
                    "message": "Mapped to com.zbkj.front.controller.IndexController#hotKeywords()" }
                    
{
                    "app": "Crmeb",
                    "timestamp":"2025-09-23 18:33:00.231",
                    "level": "DEBUG",
                    "thread": "http-nio-8081-exec-18",
                    "class": "o.s.w.s.m.m.a.RequestMappingHandlerMapping",
                    "message": "Mapped to com.zbkj.front.controller.LoginController#tokenIsExist()" }
                    
{
                    "app": "Crmeb",
                    "timestamp":"2025-09-23 18:33:00.233",
                    "level": "DEBUG",
                    "thread": "http-nio-8081-exec-20",
                    "class": "o.s.w.s.m.m.a.RequestMappingHandlerMapping",
                    "message": "Mapped to com.zbkj.front.controller.ProductController#getCategory()" }
                    
{
                    "app": "Crmeb",
                    "timestamp":"2025-09-23 18:33:00.243",
                    "level": "DEBUG",
                    "thread": "http-nio-8081-exec-18",
                    "class": "o.s.w.s.m.m.a.RequestResponseBodyMethodProcessor",
                    "message": "Using 'application/json', given [application/json, text/plain, */*] and supported [application/json, application/*+json, application/json, application/*+json]" }
                    
{
                    "app": "Crmeb",
                    "timestamp":"2025-09-23 18:33:00.244",
                    "level": "DEBUG",
                    "thread": "http-nio-8081-exec-18",
                    "class": "o.s.w.s.m.m.a.RequestResponseBodyMethodProcessor",
                    "message": "Writing [com.zbkj.common.response.CommonResult@1d81c22e]" }
                    
{
                    "app": "Crmeb",
                    "timestamp":"2025-09-23 18:33:00.246",
                    "level": "DEBUG",
                    "thread": "http-nio-8081-exec-18",
                    "class": "o.s.web.servlet.DispatcherServlet",
                    "message": "Completed 200 OK" }
                    
{
                    "app": "Crmeb",
                    "timestamp":"2025-09-23 18:33:00.251",
                    "level": "DEBUG",
                    "thread": "http-nio-8081-exec-8",
                    "class": "o.s.w.s.m.m.a.RequestResponseBodyMethodProcessor",
                    "message": "Using 'application/json', given [application/json, text/plain, */*] and supported [application/json, application/*+json, application/json, application/*+json]" }
                    
{
                    "app": "Crmeb",
                    "timestamp":"2025-09-23 18:33:00.251",
                    "level": "DEBUG",
                    "thread": "http-nio-8081-exec-8",
                    "class": "o.s.w.s.m.m.a.RequestResponseBodyMethodProcessor",
                    "message": "Writing [com.zbkj.common.response.CommonResult@54f73aac]" }
                    
{
                    "app": "Crmeb",
                    "timestamp":"2025-09-23 18:33:00.252",
                    "level": "DEBUG",
                    "thread": "http-nio-8081-exec-8",
                    "class": "o.s.web.servlet.DispatcherServlet",
                    "message": "Completed 200 OK" }
                    
{
                    "app": "Crmeb",
                    "timestamp":"2025-09-23 18:33:00.253",
                    "level": "DEBUG",
                    "thread": "http-nio-8081-exec-19",
                    "class": "o.s.w.s.m.m.a.RequestResponseBodyMethodProcessor",
                    "message": "Using 'application/json', given [application/json, text/plain, */*] and supported [application/json, application/*+json, application/json, application/*+json]" }
                    
{
                    "app": "Crmeb",
                    "timestamp":"2025-09-23 18:33:00.253",
                    "level": "DEBUG",
                    "thread": "http-nio-8081-exec-19",
                    "class": "o.s.w.s.m.m.a.RequestResponseBodyMethodProcessor",
                    "message": "Writing [com.zbkj.common.response.CommonResult@2db75666]" }
                    
{
                    "app": "Crmeb",
                    "timestamp":"2025-09-23 18:33:00.254",
                    "level": "DEBUG",
                    "thread": "http-nio-8081-exec-19",
                    "class": "o.s.web.servlet.DispatcherServlet",
                    "message": "Completed 200 OK" }
                    
{
                    "app": "Crmeb",
                    "timestamp":"2025-09-23 18:33:00.285",
                    "level": "DEBUG",
                    "thread": "http-nio-8081-exec-17",
                    "class": "o.s.w.s.m.m.a.RequestResponseBodyMethodProcessor",
                    "message": "Using 'application/json', given [application/json, text/plain, */*] and supported [application/json, application/*+json, application/json, application/*+json]" }
                    
{
                    "app": "Crmeb",
                    "timestamp":"2025-09-23 18:33:00.285",
                    "level": "DEBUG",
                    "thread": "http-nio-8081-exec-17",
                    "class": "o.s.w.s.m.m.a.RequestResponseBodyMethodProcessor",
                    "message": "Writing [com.zbkj.common.response.CommonResult@10927fc1]" }
                    
{
                    "app": "Crmeb",
                    "timestamp":"2025-09-23 18:33:00.285",
                    "level": "DEBUG",
                    "thread": "http-nio-8081-exec-17",
                    "class": "o.s.web.servlet.DispatcherServlet",
                    "message": "Completed 200 OK" }
                    
{
                    "app": "Crmeb",
                    "timestamp":"2025-09-23 18:33:00.298",
                    "level": "DEBUG",
                    "thread": "http-nio-8081-exec-20",
                    "class": "o.s.w.s.m.m.a.RequestResponseBodyMethodProcessor",
                    "message": "Using 'application/json', given [application/json, text/plain, */*] and supported [application/json, application/*+json, application/json, application/*+json]" }
                    
{
                    "app": "Crmeb",
                    "timestamp":"2025-09-23 18:33:00.299",
                    "level": "DEBUG",
                    "thread": "http-nio-8081-exec-20",
                    "class": "o.s.w.s.m.m.a.RequestResponseBodyMethodProcessor",
                    "message": "Writing [com.zbkj.common.response.CommonResult@7346e2f4]" }
                    
{
                    "app": "Crmeb",
                    "timestamp":"2025-09-23 18:33:00.300",
                    "level": "DEBUG",
                    "thread": "http-nio-8081-exec-20",
                    "class": "o.s.web.servlet.DispatcherServlet",
                    "message": "Completed 200 OK" }
                    
{
                    "app": "Crmeb",
                    "timestamp":"2025-09-23 18:33:10.040",
                    "level": "DEBUG",
                    "thread": "http-nio-8081-exec-28",
                    "class": "o.s.web.servlet.DispatcherServlet",
                    "message": "GET "/api/pc/home/index", parameters={}" }
                    
{
                    "app": "Crmeb",
                    "timestamp":"2025-09-23 18:33:10.040",
                    "level": "DEBUG",
                    "thread": "http-nio-8081-exec-30",
                    "class": "o.s.web.servlet.DispatcherServlet",
                    "message": "GET "/api/front/product/leaderboard", parameters={}" }
                    
{
                    "app": "Crmeb",
                    "timestamp":"2025-09-23 18:33:10.040",
                    "level": "DEBUG",
                    "thread": "http-nio-8081-exec-29",
                    "class": "o.s.web.servlet.DispatcherServlet",
                    "message": "GET "/api/front/merchant/street", parameters={}" }
                    
{
                    "app": "Crmeb",
                    "timestamp":"2025-09-23 18:33:10.040",
                    "level": "DEBUG",
                    "thread": "http-nio-8081-exec-12",
                    "class": "o.s.web.servlet.DispatcherServlet",
                    "message": "GET "/api/front/activity/index/list", parameters={}" }
                    
{
                    "app": "Crmeb",
                    "timestamp":"2025-09-23 18:33:10.040",
                    "level": "DEBUG",
                    "thread": "http-nio-8081-exec-27",
                    "class": "o.s.web.servlet.DispatcherServlet",
                    "message": "GET "/api/front/index/product?page=1&limit=13", parameters={masked}" }
                    
{
                    "app": "Crmeb",
                    "timestamp":"2025-09-23 18:33:10.041",
                    "level": "DEBUG",
                    "thread": "http-nio-8081-exec-28",
                    "class": "o.s.w.s.m.m.a.RequestMappingHandlerMapping",
                    "message": "Mapped to com.zbkj.front.pc.controller.PcIndexController#getIndexInfo()" }
                    
{
                    "app": "Crmeb",
                    "timestamp":"2025-09-23 18:33:10.041",
                    "level": "DEBUG",
                    "thread": "http-nio-8081-exec-30",
                    "class": "o.s.w.s.m.m.a.RequestMappingHandlerMapping",
                    "message": "Mapped to com.zbkj.front.controller.ProductController#getLeaderboard()" }
                    
{
                    "app": "Crmeb",
                    "timestamp":"2025-09-23 18:33:10.041",
                    "level": "DEBUG",
                    "thread": "http-nio-8081-exec-29",
                    "class": "o.s.w.s.m.m.a.RequestMappingHandlerMapping",
                    "message": "Mapped to com.zbkj.front.controller.MerchantController#getStreet(PageParamRequest)" }
                    
{
                    "app": "Crmeb",
                    "timestamp":"2025-09-23 18:33:10.041",
                    "level": "DEBUG",
                    "thread": "http-nio-8081-exec-12",
                    "class": "o.s.w.s.m.m.a.RequestMappingHandlerMapping",
                    "message": "Mapped to com.zbkj.front.controller.ActivityController#getIndexList()" }
                    
{
                    "app": "Crmeb",
                    "timestamp":"2025-09-23 18:33:10.041",
                    "level": "DEBUG",
                    "thread": "http-nio-8081-exec-27",
                    "class": "o.s.w.s.m.m.a.RequestMappingHandlerMapping",
                    "message": "Mapped to com.zbkj.front.controller.IndexController#getProductList(PageParamRequest)" }
                    
{
                    "app": "Crmeb",
                    "timestamp":"2025-09-23 18:33:10.054",
                    "level": "DEBUG",
                    "thread": "http-nio-8081-exec-30",
                    "class": "o.s.w.s.m.m.a.RequestResponseBodyMethodProcessor",
                    "message": "Using 'application/json', given [application/json, text/plain, */*] and supported [application/json, application/*+json, application/json, application/*+json]" }
                    
{
                    "app": "Crmeb",
                    "timestamp":"2025-09-23 18:33:10.055",
                    "level": "DEBUG",
                    "thread": "http-nio-8081-exec-30",
                    "class": "o.s.w.s.m.m.a.RequestResponseBodyMethodProcessor",
                    "message": "Writing [com.zbkj.common.response.CommonResult@6a5bfc6c]" }
                    
{
                    "app": "Crmeb",
                    "timestamp":"2025-09-23 18:33:10.057",
                    "level": "DEBUG",
                    "thread": "http-nio-8081-exec-30",
                    "class": "o.s.web.servlet.DispatcherServlet",
                    "message": "Completed 200 OK" }
                    
{
                    "app": "Crmeb",
                    "timestamp":"2025-09-23 18:33:10.060",
                    "level": "DEBUG",
                    "thread": "http-nio-8081-exec-27",
                    "class": "o.s.w.s.m.m.a.RequestResponseBodyMethodProcessor",
                    "message": "Using 'application/json', given [application/json, text/plain, */*] and supported [application/json, application/*+json, application/json, application/*+json]" }
                    
{
                    "app": "Crmeb",
                    "timestamp":"2025-09-23 18:33:10.060",
                    "level": "DEBUG",
                    "thread": "http-nio-8081-exec-27",
                    "class": "o.s.w.s.m.m.a.RequestResponseBodyMethodProcessor",
                    "message": "Writing [com.zbkj.common.response.CommonResult@14689ec2]" }
                    
{
                    "app": "Crmeb",
                    "timestamp":"2025-09-23 18:33:10.061",
                    "level": "DEBUG",
                    "thread": "http-nio-8081-exec-27",
                    "class": "o.s.web.servlet.DispatcherServlet",
                    "message": "Completed 200 OK" }
                    
{
                    "app": "Crmeb",
                    "timestamp":"2025-09-23 18:33:10.066",
                    "level": "DEBUG",
                    "thread": "http-nio-8081-exec-29",
                    "class": "o.s.w.s.m.m.a.RequestResponseBodyMethodProcessor",
                    "message": "Using 'application/json', given [application/json, text/plain, */*] and supported [application/json, application/*+json, application/json, application/*+json]" }
                    
{
                    "app": "Crmeb",
                    "timestamp":"2025-09-23 18:33:10.066",
                    "level": "DEBUG",
                    "thread": "http-nio-8081-exec-29",
                    "class": "o.s.w.s.m.m.a.RequestResponseBodyMethodProcessor",
                    "message": "Writing [com.zbkj.common.response.CommonResult@1a10c7bf]" }
                    
{
                    "app": "Crmeb",
                    "timestamp":"2025-09-23 18:33:10.067",
                    "level": "DEBUG",
                    "thread": "http-nio-8081-exec-29",
                    "class": "o.s.web.servlet.DispatcherServlet",
                    "message": "Completed 200 OK" }
                    
{
                    "app": "Crmeb",
                    "timestamp":"2025-09-23 18:33:10.091",
                    "level": "DEBUG",
                    "thread": "http-nio-8081-exec-12",
                    "class": "o.s.w.s.m.m.a.RequestResponseBodyMethodProcessor",
                    "message": "Using 'application/json', given [application/json, text/plain, */*] and supported [application/json, application/*+json, application/json, application/*+json]" }
                    
{
                    "app": "Crmeb",
                    "timestamp":"2025-09-23 18:33:10.091",
                    "level": "DEBUG",
                    "thread": "http-nio-8081-exec-12",
                    "class": "o.s.w.s.m.m.a.RequestResponseBodyMethodProcessor",
                    "message": "Writing [com.zbkj.common.response.CommonResult@6a6cc1ef]" }
                    
{
                    "app": "Crmeb",
                    "timestamp":"2025-09-23 18:33:10.092",
                    "level": "DEBUG",
                    "thread": "http-nio-8081-exec-12",
                    "class": "o.s.web.servlet.DispatcherServlet",
                    "message": "Completed 200 OK" }
                    
{
                    "app": "Crmeb",
                    "timestamp":"2025-09-23 18:33:10.094",
                    "level": "DEBUG",
                    "thread": "http-nio-8081-exec-28",
                    "class": "o.s.w.s.m.m.a.RequestResponseBodyMethodProcessor",
                    "message": "Using 'application/json', given [application/json, text/plain, */*] and supported [application/json, application/*+json, application/json, application/*+json]" }
                    
{
                    "app": "Crmeb",
                    "timestamp":"2025-09-23 18:33:10.095",
                    "level": "DEBUG",
                    "thread": "http-nio-8081-exec-28",
                    "class": "o.s.w.s.m.m.a.RequestResponseBodyMethodProcessor",
                    "message": "Writing [com.zbkj.common.response.CommonResult@64dab3ab]" }
                    
{
                    "app": "Crmeb",
                    "timestamp":"2025-09-23 18:33:10.097",
                    "level": "DEBUG",
                    "thread": "http-nio-8081-exec-28",
                    "class": "o.s.web.servlet.DispatcherServlet",
                    "message": "Completed 200 OK" }
                    
{
                    "app": "Crmeb",
                    "timestamp":"2025-09-23 18:33:10.100",
                    "level": "DEBUG",
                    "thread": "http-nio-8081-exec-1",
                    "class": "o.s.web.servlet.DispatcherServlet",
                    "message": "GET "/api/front/activity/index/list", parameters={}" }
                    
{
                    "app": "Crmeb",
                    "timestamp":"2025-09-23 18:33:10.100",
                    "level": "DEBUG",
                    "thread": "http-nio-8081-exec-1",
                    "class": "o.s.w.s.m.m.a.RequestMappingHandlerMapping",
                    "message": "Mapped to com.zbkj.front.controller.ActivityController#getIndexList()" }
                    
{
                    "app": "Crmeb",
                    "timestamp":"2025-09-23 18:33:10.120",
                    "level": "DEBUG",
                    "thread": "http-nio-8081-exec-1",
                    "class": "o.s.w.s.m.m.a.RequestResponseBodyMethodProcessor",
                    "message": "Using 'application/json', given [application/json, text/plain, */*] and supported [application/json, application/*+json, application/json, application/*+json]" }
                    
{
                    "app": "Crmeb",
                    "timestamp":"2025-09-23 18:33:10.121",
                    "level": "DEBUG",
                    "thread": "http-nio-8081-exec-1",
                    "class": "o.s.w.s.m.m.a.RequestResponseBodyMethodProcessor",
                    "message": "Writing [com.zbkj.common.response.CommonResult@cc3fb2e]" }
                    
{
                    "app": "Crmeb",
                    "timestamp":"2025-09-23 18:33:10.121",
                    "level": "DEBUG",
                    "thread": "http-nio-8081-exec-1",
                    "class": "o.s.web.servlet.DispatcherServlet",
                    "message": "Completed 200 OK" }
                    
{
                    "app": "Crmeb",
                    "timestamp":"2025-09-23 18:33:10.204",
                    "level": "DEBUG",
                    "thread": "http-nio-8081-exec-2",
                    "class": "o.s.web.servlet.DispatcherServlet",
                    "message": "GET "/api/front/index/product?page=1&limit=13", parameters={masked}" }
                    
{
                    "app": "Crmeb",
                    "timestamp":"2025-09-23 18:33:10.204",
                    "level": "DEBUG",
                    "thread": "http-nio-8081-exec-9",
                    "class": "o.s.web.servlet.DispatcherServlet",
                    "message": "POST "/api/front/login/token/is/exist", parameters={}" }
                    
{
                    "app": "Crmeb",
                    "timestamp":"2025-09-23 18:33:10.206",
                    "level": "DEBUG",
                    "thread": "http-nio-8081-exec-2",
                    "class": "o.s.w.s.m.m.a.RequestMappingHandlerMapping",
                    "message": "Mapped to com.zbkj.front.controller.IndexController#getProductList(PageParamRequest)" }
                    
{
                    "app": "Crmeb",
                    "timestamp":"2025-09-23 18:33:10.207",
                    "level": "DEBUG",
                    "thread": "http-nio-8081-exec-9",
                    "class": "o.s.w.s.m.m.a.RequestMappingHandlerMapping",
                    "message": "Mapped to com.zbkj.front.controller.LoginController#tokenIsExist()" }
                    
{
                    "app": "Crmeb",
                    "timestamp":"2025-09-23 18:33:10.208",
                    "level": "DEBUG",
                    "thread": "http-nio-8081-exec-7",
                    "class": "o.s.web.servlet.DispatcherServlet",
                    "message": "GET "/api/front/search/keyword", parameters={}" }
                    
{
                    "app": "Crmeb",
                    "timestamp":"2025-09-23 18:33:10.208",
                    "level": "DEBUG",
                    "thread": "http-nio-8081-exec-16",
                    "class": "o.s.web.servlet.DispatcherServlet",
                    "message": "GET "/api/front/product/category", parameters={}" }
                    
{
                    "app": "Crmeb",
                    "timestamp":"2025-09-23 18:33:10.214",
                    "level": "DEBUG",
                    "thread": "http-nio-8081-exec-7",
                    "class": "o.s.w.s.m.m.a.RequestMappingHandlerMapping",
                    "message": "Mapped to com.zbkj.front.controller.IndexController#hotKeywords()" }
                    
{
                    "app": "Crmeb",
                    "timestamp":"2025-09-23 18:33:10.214",
                    "level": "DEBUG",
                    "thread": "http-nio-8081-exec-16",
                    "class": "o.s.w.s.m.m.a.RequestMappingHandlerMapping",
                    "message": "Mapped to com.zbkj.front.controller.ProductController#getCategory()" }
                    
{
                    "app": "Crmeb",
                    "timestamp":"2025-09-23 18:33:10.220",
                    "level": "DEBUG",
                    "thread": "http-nio-8081-exec-9",
                    "class": "o.s.w.s.m.m.a.RequestResponseBodyMethodProcessor",
                    "message": "Using 'application/json', given [application/json, text/plain, */*] and supported [application/json, application/*+json, application/json, application/*+json]" }
                    
{
                    "app": "Crmeb",
                    "timestamp":"2025-09-23 18:33:10.221",
                    "level": "DEBUG",
                    "thread": "http-nio-8081-exec-9",
                    "class": "o.s.w.s.m.m.a.RequestResponseBodyMethodProcessor",
                    "message": "Writing [com.zbkj.common.response.CommonResult@5d4672e3]" }
                    
{
                    "app": "Crmeb",
                    "timestamp":"2025-09-23 18:33:10.223",
                    "level": "DEBUG",
                    "thread": "http-nio-8081-exec-9",
                    "class": "o.s.web.servlet.DispatcherServlet",
                    "message": "Completed 200 OK" }
                    
{
                    "app": "Crmeb",
                    "timestamp":"2025-09-23 18:33:10.225",
                    "level": "DEBUG",
                    "thread": "http-nio-8081-exec-16",
                    "class": "o.s.w.s.m.m.a.RequestResponseBodyMethodProcessor",
                    "message": "Using 'application/json', given [application/json, text/plain, */*] and supported [application/json, application/*+json, application/json, application/*+json]" }
                    
{
                    "app": "Crmeb",
                    "timestamp":"2025-09-23 18:33:10.226",
                    "level": "DEBUG",
                    "thread": "http-nio-8081-exec-16",
                    "class": "o.s.w.s.m.m.a.RequestResponseBodyMethodProcessor",
                    "message": "Writing [com.zbkj.common.response.CommonResult@9c0d603]" }
                    
{
                    "app": "Crmeb",
                    "timestamp":"2025-09-23 18:33:10.229",
                    "level": "DEBUG",
                    "thread": "http-nio-8081-exec-16",
                    "class": "o.s.web.servlet.DispatcherServlet",
                    "message": "Completed 200 OK" }
                    
{
                    "app": "Crmeb",
                    "timestamp":"2025-09-23 18:33:10.238",
                    "level": "DEBUG",
                    "thread": "http-nio-8081-exec-2",
                    "class": "o.s.w.s.m.m.a.RequestResponseBodyMethodProcessor",
                    "message": "Using 'application/json', given [application/json, text/plain, */*] and supported [application/json, application/*+json, application/json, application/*+json]" }
                    
{
                    "app": "Crmeb",
                    "timestamp":"2025-09-23 18:33:10.239",
                    "level": "DEBUG",
                    "thread": "http-nio-8081-exec-2",
                    "class": "o.s.w.s.m.m.a.RequestResponseBodyMethodProcessor",
                    "message": "Writing [com.zbkj.common.response.CommonResult@416b9324]" }
                    
{
                    "app": "Crmeb",
                    "timestamp":"2025-09-23 18:33:10.239",
                    "level": "DEBUG",
                    "thread": "http-nio-8081-exec-7",
                    "class": "o.s.w.s.m.m.a.RequestResponseBodyMethodProcessor",
                    "message": "Using 'application/json', given [application/json, text/plain, */*] and supported [application/json, application/*+json, application/json, application/*+json]" }
                    
{
                    "app": "Crmeb",
                    "timestamp":"2025-09-23 18:33:10.239",
                    "level": "DEBUG",
                    "thread": "http-nio-8081-exec-7",
                    "class": "o.s.w.s.m.m.a.RequestResponseBodyMethodProcessor",
                    "message": "Writing [com.zbkj.common.response.CommonResult@43802697]" }
                    
{
                    "app": "Crmeb",
                    "timestamp":"2025-09-23 18:33:10.239",
                    "level": "DEBUG",
                    "thread": "http-nio-8081-exec-2",
                    "class": "o.s.web.servlet.DispatcherServlet",
                    "message": "Completed 200 OK" }
                    
{
                    "app": "Crmeb",
                    "timestamp":"2025-09-23 18:33:10.240",
                    "level": "DEBUG",
                    "thread": "http-nio-8081-exec-7",
                    "class": "o.s.web.servlet.DispatcherServlet",
                    "message": "Completed 200 OK" }
                    
{
                    "app": "Crmeb",
                    "timestamp":"2025-09-23 18:33:20.912",
                    "level": "DEBUG",
                    "thread": "http-nio-8081-exec-10",
                    "class": "o.s.web.servlet.DispatcherServlet",
                    "message": "GET "/api/front/merchant/index/info/2", parameters={}" }
                    
{
                    "app": "Crmeb",
                    "timestamp":"2025-09-23 18:33:20.912",
                    "level": "DEBUG",
                    "thread": "http-nio-8081-exec-14",
                    "class": "o.s.web.servlet.DispatcherServlet",
                    "message": "GET "/api/front/merchant/customer/service/info/2", parameters={}" }
                    
{
                    "app": "Crmeb",
                    "timestamp":"2025-09-23 18:33:20.914",
                    "level": "DEBUG",
                    "thread": "http-nio-8081-exec-14",
                    "class": "o.s.w.s.m.m.a.RequestMappingHandlerMapping",
                    "message": "Mapped to com.zbkj.front.controller.MerchantController#getCustomerServiceInfo(Integer)" }
                    
{
                    "app": "Crmeb",
                    "timestamp":"2025-09-23 18:33:20.914",
                    "level": "DEBUG",
                    "thread": "http-nio-8081-exec-10",
                    "class": "o.s.w.s.m.m.a.RequestMappingHandlerMapping",
                    "message": "Mapped to com.zbkj.front.controller.MerchantController#getIndexInfo(Integer)" }
                    
{
                    "app": "Crmeb",
                    "timestamp":"2025-09-23 18:33:20.931",
                    "level": "DEBUG",
                    "thread": "http-nio-8081-exec-10",
                    "class": "o.s.w.s.m.m.a.RequestResponseBodyMethodProcessor",
                    "message": "Using 'application/json', given [application/json, text/plain, */*] and supported [application/json, application/*+json, application/json, application/*+json]" }
                    
{
                    "app": "Crmeb",
                    "timestamp":"2025-09-23 18:33:20.931",
                    "level": "DEBUG",
                    "thread": "http-nio-8081-exec-10",
                    "class": "o.s.w.s.m.m.a.RequestResponseBodyMethodProcessor",
                    "message": "Writing [com.zbkj.common.response.CommonResult@6f06c39f]" }
                    
{
                    "app": "Crmeb",
                    "timestamp":"2025-09-23 18:33:20.931",
                    "level": "DEBUG",
                    "thread": "http-nio-8081-exec-14",
                    "class": "o.s.w.s.m.m.a.RequestResponseBodyMethodProcessor",
                    "message": "Using 'application/json', given [application/json, text/plain, */*] and supported [application/json, application/*+json, application/json, application/*+json]" }
                    
{
                    "app": "Crmeb",
                    "timestamp":"2025-09-23 18:33:20.932",
                    "level": "DEBUG",
                    "thread": "http-nio-8081-exec-14",
                    "class": "o.s.w.s.m.m.a.RequestResponseBodyMethodProcessor",
                    "message": "Writing [com.zbkj.common.response.CommonResult@2b6b2fd1]" }
                    
{
                    "app": "Crmeb",
                    "timestamp":"2025-09-23 18:33:20.933",
                    "level": "DEBUG",
                    "thread": "http-nio-8081-exec-10",
                    "class": "o.s.web.servlet.DispatcherServlet",
                    "message": "Completed 200 OK" }
                    
{
                    "app": "Crmeb",
                    "timestamp":"2025-09-23 18:33:20.933",
                    "level": "DEBUG",
                    "thread": "http-nio-8081-exec-14",
                    "class": "o.s.web.servlet.DispatcherServlet",
                    "message": "Completed 200 OK" }
                    
{
                    "app": "Crmeb",
                    "timestamp":"2025-09-23 18:33:20.985",
                    "level": "DEBUG",
                    "thread": "http-nio-8081-exec-19",
                    "class": "o.s.web.servlet.DispatcherServlet",
                    "message": "GET "/api/front/merchant/all/type/list", parameters={}" }
                    
{
                    "app": "Crmeb",
                    "timestamp":"2025-09-23 18:33:20.985",
                    "level": "DEBUG",
                    "thread": "http-nio-8081-exec-18",
                    "class": "o.s.web.servlet.DispatcherServlet",
                    "message": "GET "/api/front/product/merchant/pro/list?page=1&limit=8&merId=2", parameters={masked}" }
                    
{
                    "app": "Crmeb",
                    "timestamp":"2025-09-23 18:33:20.986",
                    "level": "DEBUG",
                    "thread": "http-nio-8081-exec-19",
                    "class": "o.s.w.s.m.m.a.RequestMappingHandlerMapping",
                    "message": "Mapped to com.zbkj.front.controller.MerchantController#allTypeList()" }
                    
{
                    "app": "Crmeb",
                    "timestamp":"2025-09-23 18:33:20.986",
                    "level": "DEBUG",
                    "thread": "http-nio-8081-exec-18",
                    "class": "o.s.w.s.m.m.a.RequestMappingHandlerMapping",
                    "message": "Mapped to com.zbkj.front.controller.ProductController#getMerchantProList(MerchantProductSearchRequest, PageParamRequest)" }
                    
{
                    "app": "Crmeb",
                    "timestamp":"2025-09-23 18:33:21.006",
                    "level": "DEBUG",
                    "thread": "http-nio-8081-exec-19",
                    "class": "o.s.w.s.m.m.a.RequestResponseBodyMethodProcessor",
                    "message": "Using 'application/json', given [application/json, text/plain, */*] and supported [application/json, application/*+json, application/json, application/*+json]" }
                    
{
                    "app": "Crmeb",
                    "timestamp":"2025-09-23 18:33:21.006",
                    "level": "DEBUG",
                    "thread": "http-nio-8081-exec-19",
                    "class": "o.s.w.s.m.m.a.RequestResponseBodyMethodProcessor",
                    "message": "Writing [com.zbkj.common.response.CommonResult@2ee50005]" }
                    
{
                    "app": "Crmeb",
                    "timestamp":"2025-09-23 18:33:21.007",
                    "level": "DEBUG",
                    "thread": "http-nio-8081-exec-19",
                    "class": "o.s.web.servlet.DispatcherServlet",
                    "message": "Completed 200 OK" }
                    
{
                    "app": "Crmeb",
                    "timestamp":"2025-09-23 18:33:21.045",
                    "level": "DEBUG",
                    "thread": "http-nio-8081-exec-18",
                    "class": "o.s.w.s.m.m.a.RequestResponseBodyMethodProcessor",
                    "message": "Using 'application/json', given [application/json, text/plain, */*] and supported [application/json, application/*+json, application/json, application/*+json]" }
                    
{
                    "app": "Crmeb",
                    "timestamp":"2025-09-23 18:33:21.045",
                    "level": "DEBUG",
                    "thread": "http-nio-8081-exec-18",
                    "class": "o.s.w.s.m.m.a.RequestResponseBodyMethodProcessor",
                    "message": "Writing [com.zbkj.common.response.CommonResult@7a5dc438]" }
                    
{
                    "app": "Crmeb",
                    "timestamp":"2025-09-23 18:33:21.046",
                    "level": "DEBUG",
                    "thread": "http-nio-8081-exec-18",
                    "class": "o.s.web.servlet.DispatcherServlet",
                    "message": "Completed 200 OK" }
                    
{
                    "app": "Crmeb",
                    "timestamp":"2025-09-23 18:33:22.546",
                    "level": "DEBUG",
                    "thread": "http-nio-8081-exec-24",
                    "class": "o.s.web.servlet.DispatcherServlet",
                    "message": "GET "/api/front/index/product?page=1&limit=13", parameters={masked}" }
                    
{
                    "app": "Crmeb",
                    "timestamp":"2025-09-23 18:33:22.546",
                    "level": "DEBUG",
                    "thread": "http-nio-8081-exec-26",
                    "class": "o.s.web.servlet.DispatcherServlet",
                    "message": "GET "/api/front/product/leaderboard", parameters={}" }
                    
{
                    "app": "Crmeb",
                    "timestamp":"2025-09-23 18:33:22.546",
                    "level": "DEBUG",
                    "thread": "http-nio-8081-exec-24",
                    "class": "o.s.w.s.m.m.a.RequestMappingHandlerMapping",
                    "message": "Mapped to com.zbkj.front.controller.IndexController#getProductList(PageParamRequest)" }
                    
{
                    "app": "Crmeb",
                    "timestamp":"2025-09-23 18:33:22.546",
                    "level": "DEBUG",
                    "thread": "http-nio-8081-exec-13",
                    "class": "o.s.web.servlet.DispatcherServlet",
                    "message": "GET "/api/front/activity/index/list", parameters={}" }
                    
{
                    "app": "Crmeb",
                    "timestamp":"2025-09-23 18:33:22.546",
                    "level": "DEBUG",
                    "thread": "http-nio-8081-exec-27",
                    "class": "o.s.web.servlet.DispatcherServlet",
                    "message": "GET "/api/front/merchant/street", parameters={}" }
                    
{
                    "app": "Crmeb",
                    "timestamp":"2025-09-23 18:33:22.546",
                    "level": "DEBUG",
                    "thread": "http-nio-8081-exec-30",
                    "class": "o.s.web.servlet.DispatcherServlet",
                    "message": "GET "/api/pc/home/index", parameters={}" }
                    
{
                    "app": "Crmeb",
                    "timestamp":"2025-09-23 18:33:22.546",
                    "level": "DEBUG",
                    "thread": "http-nio-8081-exec-26",
                    "class": "o.s.w.s.m.m.a.RequestMappingHandlerMapping",
                    "message": "Mapped to com.zbkj.front.controller.ProductController#getLeaderboard()" }
                    
{
                    "app": "Crmeb",
                    "timestamp":"2025-09-23 18:33:22.547",
                    "level": "DEBUG",
                    "thread": "http-nio-8081-exec-13",
                    "class": "o.s.w.s.m.m.a.RequestMappingHandlerMapping",
                    "message": "Mapped to com.zbkj.front.controller.ActivityController#getIndexList()" }
                    
{
                    "app": "Crmeb",
                    "timestamp":"2025-09-23 18:33:22.547",
                    "level": "DEBUG",
                    "thread": "http-nio-8081-exec-27",
                    "class": "o.s.w.s.m.m.a.RequestMappingHandlerMapping",
                    "message": "Mapped to com.zbkj.front.controller.MerchantController#getStreet(PageParamRequest)" }
                    
{
                    "app": "Crmeb",
                    "timestamp":"2025-09-23 18:33:22.547",
                    "level": "DEBUG",
                    "thread": "http-nio-8081-exec-30",
                    "class": "o.s.w.s.m.m.a.RequestMappingHandlerMapping",
                    "message": "Mapped to com.zbkj.front.pc.controller.PcIndexController#getIndexInfo()" }
                    
{
                    "app": "Crmeb",
                    "timestamp":"2025-09-23 18:33:22.555",
                    "level": "DEBUG",
                    "thread": "http-nio-8081-exec-24",
                    "class": "o.s.w.s.m.m.a.RequestResponseBodyMethodProcessor",
                    "message": "Using 'application/json', given [application/json, text/plain, */*] and supported [application/json, application/*+json, application/json, application/*+json]" }
                    
{
                    "app": "Crmeb",
                    "timestamp":"2025-09-23 18:33:22.555",
                    "level": "DEBUG",
                    "thread": "http-nio-8081-exec-26",
                    "class": "o.s.w.s.m.m.a.RequestResponseBodyMethodProcessor",
                    "message": "Using 'application/json', given [application/json, text/plain, */*] and supported [application/json, application/*+json, application/json, application/*+json]" }
                    
{
                    "app": "Crmeb",
                    "timestamp":"2025-09-23 18:33:22.556",
                    "level": "DEBUG",
                    "thread": "http-nio-8081-exec-24",
                    "class": "o.s.w.s.m.m.a.RequestResponseBodyMethodProcessor",
                    "message": "Writing [com.zbkj.common.response.CommonResult@63e82894]" }
                    
{
                    "app": "Crmeb",
                    "timestamp":"2025-09-23 18:33:22.556",
                    "level": "DEBUG",
                    "thread": "http-nio-8081-exec-26",
                    "class": "o.s.w.s.m.m.a.RequestResponseBodyMethodProcessor",
                    "message": "Writing [com.zbkj.common.response.CommonResult@230c0c0d]" }
                    
{
                    "app": "Crmeb",
                    "timestamp":"2025-09-23 18:33:22.557",
                    "level": "DEBUG",
                    "thread": "http-nio-8081-exec-24",
                    "class": "o.s.web.servlet.DispatcherServlet",
                    "message": "Completed 200 OK" }
                    
{
                    "app": "Crmeb",
                    "timestamp":"2025-09-23 18:33:22.558",
                    "level": "DEBUG",
                    "thread": "http-nio-8081-exec-26",
                    "class": "o.s.web.servlet.DispatcherServlet",
                    "message": "Completed 200 OK" }
                    
{
                    "app": "Crmeb",
                    "timestamp":"2025-09-23 18:33:22.558",
                    "level": "DEBUG",
                    "thread": "http-nio-8081-exec-27",
                    "class": "o.s.w.s.m.m.a.RequestResponseBodyMethodProcessor",
                    "message": "Using 'application/json', given [application/json, text/plain, */*] and supported [application/json, application/*+json, application/json, application/*+json]" }
                    
{
                    "app": "Crmeb",
                    "timestamp":"2025-09-23 18:33:22.559",
                    "level": "DEBUG",
                    "thread": "http-nio-8081-exec-27",
                    "class": "o.s.w.s.m.m.a.RequestResponseBodyMethodProcessor",
                    "message": "Writing [com.zbkj.common.response.CommonResult@1034590e]" }
                    
{
                    "app": "Crmeb",
                    "timestamp":"2025-09-23 18:33:22.559",
                    "level": "DEBUG",
                    "thread": "http-nio-8081-exec-27",
                    "class": "o.s.web.servlet.DispatcherServlet",
                    "message": "Completed 200 OK" }
                    
{
                    "app": "Crmeb",
                    "timestamp":"2025-09-23 18:33:22.573",
                    "level": "DEBUG",
                    "thread": "http-nio-8081-exec-13",
                    "class": "o.s.w.s.m.m.a.RequestResponseBodyMethodProcessor",
                    "message": "Using 'application/json', given [application/json, text/plain, */*] and supported [application/json, application/*+json, application/json, application/*+json]" }
                    
{
                    "app": "Crmeb",
                    "timestamp":"2025-09-23 18:33:22.573",
                    "level": "DEBUG",
                    "thread": "http-nio-8081-exec-13",
                    "class": "o.s.w.s.m.m.a.RequestResponseBodyMethodProcessor",
                    "message": "Writing [com.zbkj.common.response.CommonResult@4d21886d]" }
                    
{
                    "app": "Crmeb",
                    "timestamp":"2025-09-23 18:33:22.574",
                    "level": "DEBUG",
                    "thread": "http-nio-8081-exec-13",
                    "class": "o.s.web.servlet.DispatcherServlet",
                    "message": "Completed 200 OK" }
                    
{
                    "app": "Crmeb",
                    "timestamp":"2025-09-23 18:33:22.577",
                    "level": "DEBUG",
                    "thread": "http-nio-8081-exec-30",
                    "class": "o.s.w.s.m.m.a.RequestResponseBodyMethodProcessor",
                    "message": "Using 'application/json', given [application/json, text/plain, */*] and supported [application/json, application/*+json, application/json, application/*+json]" }
                    
{
                    "app": "Crmeb",
                    "timestamp":"2025-09-23 18:33:22.577",
                    "level": "DEBUG",
                    "thread": "http-nio-8081-exec-30",
                    "class": "o.s.w.s.m.m.a.RequestResponseBodyMethodProcessor",
                    "message": "Writing [com.zbkj.common.response.CommonResult@49778e28]" }
                    
{
                    "app": "Crmeb",
                    "timestamp":"2025-09-23 18:33:22.577",
                    "level": "DEBUG",
                    "thread": "http-nio-8081-exec-30",
                    "class": "o.s.web.servlet.DispatcherServlet",
                    "message": "Completed 200 OK" }
                    
{
                    "app": "Crmeb",
                    "timestamp":"2025-09-23 18:33:22.577",
                    "level": "DEBUG",
                    "thread": "http-nio-8081-exec-29",
                    "class": "o.s.web.servlet.DispatcherServlet",
                    "message": "GET "/api/front/activity/index/list", parameters={}" }
                    
{
                    "app": "Crmeb",
                    "timestamp":"2025-09-23 18:33:22.578",
                    "level": "DEBUG",
                    "thread": "http-nio-8081-exec-29",
                    "class": "o.s.w.s.m.m.a.RequestMappingHandlerMapping",
                    "message": "Mapped to com.zbkj.front.controller.ActivityController#getIndexList()" }
                    
{
                    "app": "Crmeb",
                    "timestamp":"2025-09-23 18:33:22.594",
                    "level": "DEBUG",
                    "thread": "http-nio-8081-exec-29",
                    "class": "o.s.w.s.m.m.a.RequestResponseBodyMethodProcessor",
                    "message": "Using 'application/json', given [application/json, text/plain, */*] and supported [application/json, application/*+json, application/json, application/*+json]" }
                    
{
                    "app": "Crmeb",
                    "timestamp":"2025-09-23 18:33:22.594",
                    "level": "DEBUG",
                    "thread": "http-nio-8081-exec-29",
                    "class": "o.s.w.s.m.m.a.RequestResponseBodyMethodProcessor",
                    "message": "Writing [com.zbkj.common.response.CommonResult@7ea07cc6]" }
                    
{
                    "app": "Crmeb",
                    "timestamp":"2025-09-23 18:33:22.595",
                    "level": "DEBUG",
                    "thread": "http-nio-8081-exec-29",
                    "class": "o.s.web.servlet.DispatcherServlet",
                    "message": "Completed 200 OK" }
                    
{
                    "app": "Crmeb",
                    "timestamp":"2025-09-23 18:33:22.644",
                    "level": "DEBUG",
                    "thread": "http-nio-8081-exec-12",
                    "class": "o.s.web.servlet.DispatcherServlet",
                    "message": "GET "/api/front/index/product?page=1&limit=13", parameters={masked}" }
                    
{
                    "app": "Crmeb",
                    "timestamp":"2025-09-23 18:33:22.646",
                    "level": "DEBUG",
                    "thread": "http-nio-8081-exec-12",
                    "class": "o.s.w.s.m.m.a.RequestMappingHandlerMapping",
                    "message": "Mapped to com.zbkj.front.controller.IndexController#getProductList(PageParamRequest)" }
                    
{
                    "app": "Crmeb",
                    "timestamp":"2025-09-23 18:33:22.654",
                    "level": "DEBUG",
                    "thread": "http-nio-8081-exec-12",
                    "class": "o.s.w.s.m.m.a.RequestResponseBodyMethodProcessor",
                    "message": "Using 'application/json', given [application/json, text/plain, */*] and supported [application/json, application/*+json, application/json, application/*+json]" }
                    
{
                    "app": "Crmeb",
                    "timestamp":"2025-09-23 18:33:22.654",
                    "level": "DEBUG",
                    "thread": "http-nio-8081-exec-12",
                    "class": "o.s.w.s.m.m.a.RequestResponseBodyMethodProcessor",
                    "message": "Writing [com.zbkj.common.response.CommonResult@5afee527]" }
                    
{
                    "app": "Crmeb",
                    "timestamp":"2025-09-23 18:33:22.655",
                    "level": "DEBUG",
                    "thread": "http-nio-8081-exec-12",
                    "class": "o.s.web.servlet.DispatcherServlet",
                    "message": "Completed 200 OK" }
                    
{
                    "app": "Crmeb",
                    "timestamp":"2025-09-23 18:33:24.532",
                    "level": "DEBUG",
                    "thread": "http-nio-8081-exec-4",
                    "class": "o.s.web.servlet.DispatcherServlet",
                    "message": "GET "/api/pc/login/getLoginPic", parameters={}" }
                    
{
                    "app": "Crmeb",
                    "timestamp":"2025-09-23 18:33:24.533",
                    "level": "DEBUG",
                    "thread": "http-nio-8081-exec-5",
                    "class": "o.s.web.servlet.DispatcherServlet",
                    "message": "GET "/api/front/login/method/info", parameters={}" }
                    
{
                    "app": "Crmeb",
                    "timestamp":"2025-09-23 18:33:24.534",
                    "level": "DEBUG",
                    "thread": "http-nio-8081-exec-4",
                    "class": "o.s.w.s.m.m.a.RequestMappingHandlerMapping",
                    "message": "Mapped to com.zbkj.front.pc.controller.PcLoginController#getLoginPic()" }
                    
{
                    "app": "Crmeb",
                    "timestamp":"2025-09-23 18:33:24.534",
                    "level": "DEBUG",
                    "thread": "http-nio-8081-exec-5",
                    "class": "o.s.w.s.m.m.a.RequestMappingHandlerMapping",
                    "message": "Mapped to com.zbkj.front.controller.LoginController#getLoginMethod()" }
                    
{
                    "app": "Crmeb",
                    "timestamp":"2025-09-23 18:33:24.540",
                    "level": "DEBUG",
                    "thread": "http-nio-8081-exec-4",
                    "class": "o.s.w.s.m.m.a.RequestResponseBodyMethodProcessor",
                    "message": "Using 'application/json', given [application/json, text/plain, */*] and supported [application/json, application/*+json, application/json, application/*+json]" }
                    
{
                    "app": "Crmeb",
                    "timestamp":"2025-09-23 18:33:24.540",
                    "level": "DEBUG",
                    "thread": "http-nio-8081-exec-4",
                    "class": "o.s.w.s.m.m.a.RequestResponseBodyMethodProcessor",
                    "message": "Writing [com.zbkj.common.response.CommonResult@6d625507]" }
                    
{
                    "app": "Crmeb",
                    "timestamp":"2025-09-23 18:33:24.540",
                    "level": "DEBUG",
                    "thread": "http-nio-8081-exec-4",
                    "class": "o.s.web.servlet.DispatcherServlet",
                    "message": "Completed 200 OK" }
                    
{
                    "app": "Crmeb",
                    "timestamp":"2025-09-23 18:33:24.551",
                    "level": "DEBUG",
                    "thread": "http-nio-8081-exec-5",
                    "class": "o.s.w.s.m.m.a.RequestResponseBodyMethodProcessor",
                    "message": "Using 'application/json', given [application/json, text/plain, */*] and supported [application/json, application/*+json, application/json, application/*+json]" }
                    
{
                    "app": "Crmeb",
                    "timestamp":"2025-09-23 18:33:24.551",
                    "level": "DEBUG",
                    "thread": "http-nio-8081-exec-5",
                    "class": "o.s.w.s.m.m.a.RequestResponseBodyMethodProcessor",
                    "message": "Writing [com.zbkj.common.response.CommonResult@267f316]" }
                    
{
                    "app": "Crmeb",
                    "timestamp":"2025-09-23 18:33:24.552",
                    "level": "DEBUG",
                    "thread": "http-nio-8081-exec-5",
                    "class": "o.s.web.servlet.DispatcherServlet",
                    "message": "Completed 200 OK" }
                    
{
                    "app": "Crmeb",
                    "timestamp":"2025-09-23 18:33:40.410",
                    "level": "DEBUG",
                    "thread": "http-nio-8081-exec-9",
                    "class": "o.s.web.servlet.DispatcherServlet",
                    "message": "POST "/api/front/login/mobile/password", parameters={}" }
                    
{
                    "app": "Crmeb",
                    "timestamp":"2025-09-23 18:33:40.411",
                    "level": "DEBUG",
                    "thread": "http-nio-8081-exec-9",
                    "class": "o.s.w.s.m.m.a.RequestMappingHandlerMapping",
                    "message": "Mapped to com.zbkj.front.controller.LoginController#phonePasswordLogin(LoginMobileRequest)" }
                    
{
                    "app": "Crmeb",
                    "timestamp":"2025-09-23 18:33:40.415",
                    "level": "DEBUG",
                    "thread": "http-nio-8081-exec-9",
                    "class": "o.s.w.s.m.m.a.RequestResponseBodyMethodProcessor",
                    "message": "Read "application/json;charset=UTF-8" to [LoginMobileRequest(phone=13800138000, captcha=null, countryCode=+86, password=123456)]" }
                    
{
                    "app": "Crmeb",
                    "timestamp":"2025-09-23 18:33:40.469",
                    "level": "DEBUG",
                    "thread": "http-nio-8081-exec-9",
                    "class": "o.s.w.s.m.m.a.RequestResponseBodyMethodProcessor",
                    "message": "Using 'application/json', given [application/json, text/plain, */*] and supported [application/json, application/*+json, application/json, application/*+json]" }
                    
{
                    "app": "Crmeb",
                    "timestamp":"2025-09-23 18:33:40.469",
                    "level": "DEBUG",
                    "thread": "http-nio-8081-exec-9",
                    "class": "o.s.w.s.m.m.a.RequestResponseBodyMethodProcessor",
                    "message": "Writing [com.zbkj.common.response.CommonResult@12faf1d1]" }
                    
{
                    "app": "Crmeb",
                    "timestamp":"2025-09-23 18:33:40.470",
                    "level": "DEBUG",
                    "thread": "http-nio-8081-exec-9",
                    "class": "o.s.web.servlet.DispatcherServlet",
                    "message": "Completed 200 OK" }
                    
{
                    "app": "Crmeb",
                    "timestamp":"2025-09-23 18:33:40.474",
                    "level": "DEBUG",
                    "thread": "http-nio-8081-exec-16",
                    "class": "o.s.web.servlet.DispatcherServlet",
                    "message": "GET "/api/front/user/info", parameters={}" }
                    
{
                    "app": "Crmeb",
                    "timestamp":"2025-09-23 18:33:40.474",
                    "level": "DEBUG",
                    "thread": "http-nio-8081-exec-16",
                    "class": "o.s.w.s.m.m.a.RequestMappingHandlerMapping",
                    "message": "Mapped to com.zbkj.front.controller.UserController#getUserCenter()" }
                    
{
                    "app": "Crmeb",
                    "timestamp":"2025-09-23 18:33:40.494",
                    "level": "DEBUG",
                    "thread": "http-nio-8081-exec-16",
                    "class": "o.s.w.s.m.m.a.RequestResponseBodyMethodProcessor",
                    "message": "Using 'application/json', given [application/json, text/plain, */*] and supported [application/json, application/*+json, application/json, application/*+json]" }
                    
{
                    "app": "Crmeb",
                    "timestamp":"2025-09-23 18:33:40.494",
                    "level": "DEBUG",
                    "thread": "http-nio-8081-exec-16",
                    "class": "o.s.w.s.m.m.a.RequestResponseBodyMethodProcessor",
                    "message": "Writing [com.zbkj.common.response.CommonResult@543089fa]" }
                    
{
                    "app": "Crmeb",
                    "timestamp":"2025-09-23 18:33:40.495",
                    "level": "DEBUG",
                    "thread": "http-nio-8081-exec-16",
                    "class": "o.s.web.servlet.DispatcherServlet",
                    "message": "Completed 200 OK" }
                    
{
                    "app": "Crmeb",
                    "timestamp":"2025-09-23 18:33:40.507",
                    "level": "DEBUG",
                    "thread": "http-nio-8081-exec-23",
                    "class": "o.s.web.servlet.DispatcherServlet",
                    "message": "GET "/api/front/user/menu/user", parameters={}" }
                    
{
                    "app": "Crmeb",
                    "timestamp":"2025-09-23 18:33:40.508",
                    "level": "DEBUG",
                    "thread": "http-nio-8081-exec-23",
                    "class": "o.s.w.s.m.m.a.RequestMappingHandlerMapping",
                    "message": "Mapped to com.zbkj.front.controller.UserController#getMenuUser()" }
                    
{
                    "app": "Crmeb",
                    "timestamp":"2025-09-23 18:33:40.508",
                    "level": "DEBUG",
                    "thread": "http-nio-8081-exec-14",
                    "class": "o.s.web.servlet.DispatcherServlet",
                    "message": "GET "/api/front/cart/count?numType=true&type=total", parameters={masked}" }
                    
{
                    "app": "Crmeb",
                    "timestamp":"2025-09-23 18:33:40.509",
                    "level": "DEBUG",
                    "thread": "http-nio-8081-exec-14",
                    "class": "o.s.w.s.m.m.a.RequestMappingHandlerMapping",
                    "message": "Mapped to com.zbkj.front.controller.CartController#count(CartNumRequest)" }
                    
{
                    "app": "Crmeb",
                    "timestamp":"2025-09-23 18:33:40.525",
                    "level": "DEBUG",
                    "thread": "http-nio-8081-exec-14",
                    "class": "o.s.w.s.m.m.a.RequestResponseBodyMethodProcessor",
                    "message": "Using 'application/json', given [application/json, text/plain, */*] and supported [application/json, application/*+json, application/json, application/*+json]" }
                    
{
                    "app": "Crmeb",
                    "timestamp":"2025-09-23 18:33:40.526",
                    "level": "DEBUG",
                    "thread": "http-nio-8081-exec-14",
                    "class": "o.s.w.s.m.m.a.RequestResponseBodyMethodProcessor",
                    "message": "Writing [com.zbkj.common.response.CommonResult@2717be00]" }
                    
{
                    "app": "Crmeb",
                    "timestamp":"2025-09-23 18:33:40.527",
                    "level": "DEBUG",
                    "thread": "http-nio-8081-exec-14",
                    "class": "o.s.web.servlet.DispatcherServlet",
                    "message": "Completed 200 OK" }
                    
{
                    "app": "Crmeb",
                    "timestamp":"2025-09-23 18:33:40.529",
                    "level": "DEBUG",
                    "thread": "http-nio-8081-exec-23",
                    "class": "o.s.w.s.m.m.a.RequestResponseBodyMethodProcessor",
                    "message": "Using 'application/json', given [application/json, text/plain, */*] and supported [application/json, application/*+json, application/json, application/*+json]" }
                    
{
                    "app": "Crmeb",
                    "timestamp":"2025-09-23 18:33:40.529",
                    "level": "DEBUG",
                    "thread": "http-nio-8081-exec-23",
                    "class": "o.s.w.s.m.m.a.RequestResponseBodyMethodProcessor",
                    "message": "Writing [com.zbkj.common.response.CommonResult@6d39161c]" }
                    
{
                    "app": "Crmeb",
                    "timestamp":"2025-09-23 18:33:40.530",
                    "level": "DEBUG",
                    "thread": "http-nio-8081-exec-23",
                    "class": "o.s.web.servlet.DispatcherServlet",
                    "message": "Completed 200 OK" }
                    
{
                    "app": "Crmeb",
                    "timestamp":"2025-09-23 18:33:49.163",
                    "level": "DEBUG",
                    "thread": "http-nio-8081-exec-15",
                    "class": "o.s.web.servlet.DispatcherServlet",
                    "message": "GET "/api/front/user/menu/user", parameters={}" }
                    
{
                    "app": "Crmeb",
                    "timestamp":"2025-09-23 18:33:49.163",
                    "level": "DEBUG",
                    "thread": "http-nio-8081-exec-19",
                    "class": "o.s.web.servlet.DispatcherServlet",
                    "message": "GET "/api/front/cart/count?numType=true&type=total", parameters={masked}" }
                    
{
                    "app": "Crmeb",
                    "timestamp":"2025-09-23 18:33:49.166",
                    "level": "DEBUG",
                    "thread": "http-nio-8081-exec-19",
                    "class": "o.s.w.s.m.m.a.RequestMappingHandlerMapping",
                    "message": "Mapped to com.zbkj.front.controller.CartController#count(CartNumRequest)" }
                    
{
                    "app": "Crmeb",
                    "timestamp":"2025-09-23 18:33:49.166",
                    "level": "DEBUG",
                    "thread": "http-nio-8081-exec-15",
                    "class": "o.s.w.s.m.m.a.RequestMappingHandlerMapping",
                    "message": "Mapped to com.zbkj.front.controller.UserController#getMenuUser()" }
                    
{
                    "app": "Crmeb",
                    "timestamp":"2025-09-23 18:33:49.172",
                    "level": "DEBUG",
                    "thread": "http-nio-8081-exec-19",
                    "class": "o.s.w.s.m.m.a.RequestResponseBodyMethodProcessor",
                    "message": "Using 'application/json', given [application/json, text/plain, */*] and supported [application/json, application/*+json, application/json, application/*+json]" }
                    
{
                    "app": "Crmeb",
                    "timestamp":"2025-09-23 18:33:49.172",
                    "level": "DEBUG",
                    "thread": "http-nio-8081-exec-19",
                    "class": "o.s.w.s.m.m.a.RequestResponseBodyMethodProcessor",
                    "message": "Writing [com.zbkj.common.response.CommonResult@668c1a7a]" }
                    
{
                    "app": "Crmeb",
                    "timestamp":"2025-09-23 18:33:49.172",
                    "level": "DEBUG",
                    "thread": "http-nio-8081-exec-19",
                    "class": "o.s.web.servlet.DispatcherServlet",
                    "message": "Completed 200 OK" }
                    
{
                    "app": "Crmeb",
                    "timestamp":"2025-09-23 18:33:49.177",
                    "level": "DEBUG",
                    "thread": "http-nio-8081-exec-15",
                    "class": "o.s.w.s.m.m.a.RequestResponseBodyMethodProcessor",
                    "message": "Using 'application/json', given [application/json, text/plain, */*] and supported [application/json, application/*+json, application/json, application/*+json]" }
                    
{
                    "app": "Crmeb",
                    "timestamp":"2025-09-23 18:33:49.177",
                    "level": "DEBUG",
                    "thread": "http-nio-8081-exec-15",
                    "class": "o.s.w.s.m.m.a.RequestResponseBodyMethodProcessor",
                    "message": "Writing [com.zbkj.common.response.CommonResult@1f997fc6]" }
                    
{
                    "app": "Crmeb",
                    "timestamp":"2025-09-23 18:33:49.178",
                    "level": "DEBUG",
                    "thread": "http-nio-8081-exec-15",
                    "class": "o.s.web.servlet.DispatcherServlet",
                    "message": "Completed 200 OK" }
                    
{
                    "app": "Crmeb",
                    "timestamp":"2025-09-23 18:33:49.187",
                    "level": "DEBUG",
                    "thread": "http-nio-8081-exec-22",
                    "class": "o.s.web.servlet.DispatcherServlet",
                    "message": "GET "/api/front/cart/list?isValid=false", parameters={masked}" }
                    
{
                    "app": "Crmeb",
                    "timestamp":"2025-09-23 18:33:49.187",
                    "level": "DEBUG",
                    "thread": "http-nio-8081-exec-20",
                    "class": "o.s.web.servlet.DispatcherServlet",
                    "message": "GET "/api/front/cart/list?isValid=true", parameters={masked}" }
                    
{
                    "app": "Crmeb",
                    "timestamp":"2025-09-23 18:33:49.188",
                    "level": "DEBUG",
                    "thread": "http-nio-8081-exec-22",
                    "class": "o.s.w.s.m.m.a.RequestMappingHandlerMapping",
                    "message": "Mapped to com.zbkj.front.controller.CartController#getList(Boolean)" }
                    
{
                    "app": "Crmeb",
                    "timestamp":"2025-09-23 18:33:49.188",
                    "level": "DEBUG",
                    "thread": "http-nio-8081-exec-20",
                    "class": "o.s.w.s.m.m.a.RequestMappingHandlerMapping",
                    "message": "Mapped to com.zbkj.front.controller.CartController#getList(Boolean)" }
                    
{
                    "app": "Crmeb",
                    "timestamp":"2025-09-23 18:33:49.193",
                    "level": "DEBUG",
                    "thread": "http-nio-8081-exec-20",
                    "class": "o.s.w.s.m.m.a.RequestResponseBodyMethodProcessor",
                    "message": "Using 'application/json', given [application/json, text/plain, */*] and supported [application/json, application/*+json, application/json, application/*+json]" }
                    
{
                    "app": "Crmeb",
                    "timestamp":"2025-09-23 18:33:49.193",
                    "level": "DEBUG",
                    "thread": "http-nio-8081-exec-22",
                    "class": "o.s.w.s.m.m.a.RequestResponseBodyMethodProcessor",
                    "message": "Using 'application/json', given [application/json, text/plain, */*] and supported [application/json, application/*+json, application/json, application/*+json]" }
                    
{
                    "app": "Crmeb",
                    "timestamp":"2025-09-23 18:33:49.193",
                    "level": "DEBUG",
                    "thread": "http-nio-8081-exec-20",
                    "class": "o.s.w.s.m.m.a.RequestResponseBodyMethodProcessor",
                    "message": "Writing [com.zbkj.common.response.CommonResult@5f986d3a]" }
                    
{
                    "app": "Crmeb",
                    "timestamp":"2025-09-23 18:33:49.193",
                    "level": "DEBUG",
                    "thread": "http-nio-8081-exec-22",
                    "class": "o.s.w.s.m.m.a.RequestResponseBodyMethodProcessor",
                    "message": "Writing [com.zbkj.common.response.CommonResult@7ac884e0]" }
                    
{
                    "app": "Crmeb",
                    "timestamp":"2025-09-23 18:33:49.194",
                    "level": "DEBUG",
                    "thread": "http-nio-8081-exec-22",
                    "class": "o.s.web.servlet.DispatcherServlet",
                    "message": "Completed 200 OK" }
                    
{
                    "app": "Crmeb",
                    "timestamp":"2025-09-23 18:33:49.194",
                    "level": "DEBUG",
                    "thread": "http-nio-8081-exec-20",
                    "class": "o.s.web.servlet.DispatcherServlet",
                    "message": "Completed 200 OK" }
                    
{
                    "app": "Crmeb",
                    "timestamp":"2025-09-23 18:34:04.039",
                    "level": "DEBUG",
                    "thread": "http-nio-8081-exec-8",
                    "class": "o.s.web.servlet.DispatcherServlet",
                    "message": "GET "/api/front/user/menu/user", parameters={}" }
                    
{
                    "app": "Crmeb",
                    "timestamp":"2025-09-23 18:34:04.039",
                    "level": "DEBUG",
                    "thread": "http-nio-8081-exec-8",
                    "class": "o.s.w.s.m.m.a.RequestMappingHandlerMapping",
                    "message": "Mapped to com.zbkj.front.controller.UserController#getMenuUser()" }
                    
{
                    "app": "Crmeb",
                    "timestamp":"2025-09-23 18:34:04.050",
                    "level": "DEBUG",
                    "thread": "http-nio-8081-exec-8",
                    "class": "o.s.w.s.m.m.a.RequestResponseBodyMethodProcessor",
                    "message": "Using 'application/json', given [application/json, text/plain, */*] and supported [application/json, application/*+json, application/json, application/*+json]" }
                    
{
                    "app": "Crmeb",
                    "timestamp":"2025-09-23 18:34:04.051",
                    "level": "DEBUG",
                    "thread": "http-nio-8081-exec-8",
                    "class": "o.s.w.s.m.m.a.RequestResponseBodyMethodProcessor",
                    "message": "Writing [com.zbkj.common.response.CommonResult@5ba9015c]" }
                    
{
                    "app": "Crmeb",
                    "timestamp":"2025-09-23 18:34:04.052",
                    "level": "DEBUG",
                    "thread": "http-nio-8081-exec-8",
                    "class": "o.s.web.servlet.DispatcherServlet",
                    "message": "Completed 200 OK" }
                    
{
                    "app": "Crmeb",
                    "timestamp":"2025-09-23 18:34:04.065",
                    "level": "DEBUG",
                    "thread": "http-nio-8081-exec-24",
                    "class": "o.s.web.servlet.DispatcherServlet",
                    "message": "GET "/api/front/user/menu/user", parameters={}" }
                    
{
                    "app": "Crmeb",
                    "timestamp":"2025-09-23 18:34:04.066",
                    "level": "DEBUG",
                    "thread": "http-nio-8081-exec-24",
                    "class": "o.s.w.s.m.m.a.RequestMappingHandlerMapping",
                    "message": "Mapped to com.zbkj.front.controller.UserController#getMenuUser()" }
                    
{
                    "app": "Crmeb",
                    "timestamp":"2025-09-23 18:34:04.067",
                    "level": "DEBUG",
                    "thread": "http-nio-8081-exec-26",
                    "class": "o.s.web.servlet.DispatcherServlet",
                    "message": "GET "/api/front/cart/count?numType=true&type=total", parameters={masked}" }
                    
{
                    "app": "Crmeb",
                    "timestamp":"2025-09-23 18:34:04.068",
                    "level": "DEBUG",
                    "thread": "http-nio-8081-exec-26",
                    "class": "o.s.w.s.m.m.a.RequestMappingHandlerMapping",
                    "message": "Mapped to com.zbkj.front.controller.CartController#count(CartNumRequest)" }
                    
{
                    "app": "Crmeb",
                    "timestamp":"2025-09-23 18:34:04.071",
                    "level": "DEBUG",
                    "thread": "http-nio-8081-exec-26",
                    "class": "o.s.w.s.m.m.a.RequestResponseBodyMethodProcessor",
                    "message": "Using 'application/json', given [application/json, text/plain, */*] and supported [application/json, application/*+json, application/json, application/*+json]" }
                    
{
                    "app": "Crmeb",
                    "timestamp":"2025-09-23 18:34:04.071",
                    "level": "DEBUG",
                    "thread": "http-nio-8081-exec-26",
                    "class": "o.s.w.s.m.m.a.RequestResponseBodyMethodProcessor",
                    "message": "Writing [com.zbkj.common.response.CommonResult@1624dbec]" }
                    
{
                    "app": "Crmeb",
                    "timestamp":"2025-09-23 18:34:04.072",
                    "level": "DEBUG",
                    "thread": "http-nio-8081-exec-26",
                    "class": "o.s.web.servlet.DispatcherServlet",
                    "message": "Completed 200 OK" }
                    
{
                    "app": "Crmeb",
                    "timestamp":"2025-09-23 18:34:04.076",
                    "level": "DEBUG",
                    "thread": "http-nio-8081-exec-24",
                    "class": "o.s.w.s.m.m.a.RequestResponseBodyMethodProcessor",
                    "message": "Using 'application/json', given [application/json, text/plain, */*] and supported [application/json, application/*+json, application/json, application/*+json]" }
                    
{
                    "app": "Crmeb",
                    "timestamp":"2025-09-23 18:34:04.076",
                    "level": "DEBUG",
                    "thread": "http-nio-8081-exec-24",
                    "class": "o.s.w.s.m.m.a.RequestResponseBodyMethodProcessor",
                    "message": "Writing [com.zbkj.common.response.CommonResult@78de5a59]" }
                    
{
                    "app": "Crmeb",
                    "timestamp":"2025-09-23 18:34:04.076",
                    "level": "DEBUG",
                    "thread": "http-nio-8081-exec-24",
                    "class": "o.s.web.servlet.DispatcherServlet",
                    "message": "Completed 200 OK" }
                    
{
                    "app": "Crmeb",
                    "timestamp":"2025-09-23 18:34:04.088",
                    "level": "DEBUG",
                    "thread": "http-nio-8081-exec-29",
                    "class": "o.s.web.servlet.DispatcherServlet",
                    "message": "GET "/api/front/order/await/pay/list?page=1&limit=10", parameters={masked}" }
                    
{
                    "app": "Crmeb",
                    "timestamp":"2025-09-23 18:34:04.088",
                    "level": "DEBUG",
                    "thread": "http-nio-8081-exec-30",
                    "class": "o.s.web.servlet.DispatcherServlet",
                    "message": "GET "/api/front/order/data", parameters={}" }
                    
{
                    "app": "Crmeb",
                    "timestamp":"2025-09-23 18:34:04.089",
                    "level": "DEBUG",
                    "thread": "http-nio-8081-exec-29",
                    "class": "o.s.w.s.m.m.a.RequestMappingHandlerMapping",
                    "message": "Mapped to com.zbkj.front.controller.StoreOrderController#awaitPayList(PageParamRequest)" }
                    
{
                    "app": "Crmeb",
                    "timestamp":"2025-09-23 18:34:04.089",
                    "level": "DEBUG",
                    "thread": "http-nio-8081-exec-30",
                    "class": "o.s.w.s.m.m.a.RequestMappingHandlerMapping",
                    "message": "Mapped to com.zbkj.front.controller.StoreOrderController#orderData()" }
                    
{
                    "app": "Crmeb",
                    "timestamp":"2025-09-23 18:34:04.102",
                    "level": "DEBUG",
                    "thread": "http-nio-8081-exec-29",
                    "class": "o.s.w.s.m.m.a.RequestResponseBodyMethodProcessor",
                    "message": "Using 'application/json', given [application/json, text/plain, */*] and supported [application/json, application/*+json, application/json, application/*+json]" }
                    
{
                    "app": "Crmeb",
                    "timestamp":"2025-09-23 18:34:04.102",
                    "level": "DEBUG",
                    "thread": "http-nio-8081-exec-29",
                    "class": "o.s.w.s.m.m.a.RequestResponseBodyMethodProcessor",
                    "message": "Writing [com.zbkj.common.response.CommonResult@4ccbfb36]" }
                    
{
                    "app": "Crmeb",
                    "timestamp":"2025-09-23 18:34:04.102",
                    "level": "DEBUG",
                    "thread": "http-nio-8081-exec-29",
                    "class": "o.s.web.servlet.DispatcherServlet",
                    "message": "Completed 200 OK" }
                    
{
                    "app": "Crmeb",
                    "timestamp":"2025-09-23 18:34:04.115",
                    "level": "DEBUG",
                    "thread": "http-nio-8081-exec-30",
                    "class": "o.s.w.s.m.m.a.RequestResponseBodyMethodProcessor",
                    "message": "Using 'application/json', given [application/json, text/plain, */*] and supported [application/json, application/*+json, application/json, application/*+json]" }
                    
{
                    "app": "Crmeb",
                    "timestamp":"2025-09-23 18:34:04.116",
                    "level": "DEBUG",
                    "thread": "http-nio-8081-exec-30",
                    "class": "o.s.w.s.m.m.a.RequestResponseBodyMethodProcessor",
                    "message": "Writing [com.zbkj.common.response.CommonResult@1d2558bc]" }
                    
{
                    "app": "Crmeb",
                    "timestamp":"2025-09-23 18:34:04.116",
                    "level": "DEBUG",
                    "thread": "http-nio-8081-exec-30",
                    "class": "o.s.web.servlet.DispatcherServlet",
                    "message": "Completed 200 OK" }
                    
{
                    "app": "Crmeb",
                    "timestamp":"2025-09-23 18:34:05.269",
                    "level": "DEBUG",
                    "thread": "http-nio-8081-exec-28",
                    "class": "o.s.web.servlet.DispatcherServlet",
                    "message": "GET "/api/front/order/list?page=1&limit=10&type=1", parameters={masked}" }
                    
{
                    "app": "Crmeb",
                    "timestamp":"2025-09-23 18:34:05.270",
                    "level": "DEBUG",
                    "thread": "http-nio-8081-exec-28",
                    "class": "o.s.w.s.m.m.a.RequestMappingHandlerMapping",
                    "message": "Mapped to com.zbkj.front.controller.StoreOrderController#orderList(Integer, PageParamRequest)" }
                    
{
                    "app": "Crmeb",
                    "timestamp":"2025-09-23 18:34:05.275",
                    "level": "DEBUG",
                    "thread": "http-nio-8081-exec-28",
                    "class": "o.s.w.s.m.m.a.RequestResponseBodyMethodProcessor",
                    "message": "Using 'application/json', given [application/json, text/plain, */*] and supported [application/json, application/*+json, application/json, application/*+json]" }
                    
{
                    "app": "Crmeb",
                    "timestamp":"2025-09-23 18:34:05.275",
                    "level": "DEBUG",
                    "thread": "http-nio-8081-exec-28",
                    "class": "o.s.w.s.m.m.a.RequestResponseBodyMethodProcessor",
                    "message": "Writing [com.zbkj.common.response.CommonResult@31d9e1af]" }
                    
{
                    "app": "Crmeb",
                    "timestamp":"2025-09-23 18:34:05.276",
                    "level": "DEBUG",
                    "thread": "http-nio-8081-exec-28",
                    "class": "o.s.web.servlet.DispatcherServlet",
                    "message": "Completed 200 OK" }
                    
{
                    "app": "Crmeb",
                    "timestamp":"2025-09-23 18:34:05.700",
                    "level": "DEBUG",
                    "thread": "http-nio-8081-exec-1",
                    "class": "o.s.web.servlet.DispatcherServlet",
                    "message": "GET "/api/front/order/await/pay/list?page=1&limit=10", parameters={masked}" }
                    
{
                    "app": "Crmeb",
                    "timestamp":"2025-09-23 18:34:05.701",
                    "level": "DEBUG",
                    "thread": "http-nio-8081-exec-1",
                    "class": "o.s.w.s.m.m.a.RequestMappingHandlerMapping",
                    "message": "Mapped to com.zbkj.front.controller.StoreOrderController#awaitPayList(PageParamRequest)" }
                    
{
                    "app": "Crmeb",
                    "timestamp":"2025-09-23 18:34:05.705",
                    "level": "DEBUG",
                    "thread": "http-nio-8081-exec-1",
                    "class": "o.s.w.s.m.m.a.RequestResponseBodyMethodProcessor",
                    "message": "Using 'application/json', given [application/json, text/plain, */*] and supported [application/json, application/*+json, application/json, application/*+json]" }
                    
{
                    "app": "Crmeb",
                    "timestamp":"2025-09-23 18:34:05.705",
                    "level": "DEBUG",
                    "thread": "http-nio-8081-exec-1",
                    "class": "o.s.w.s.m.m.a.RequestResponseBodyMethodProcessor",
                    "message": "Writing [com.zbkj.common.response.CommonResult@7b6c77c3]" }
                    
{
                    "app": "Crmeb",
                    "timestamp":"2025-09-23 18:34:05.706",
                    "level": "DEBUG",
                    "thread": "http-nio-8081-exec-1",
                    "class": "o.s.web.servlet.DispatcherServlet",
                    "message": "Completed 200 OK" }
                    
{
                    "app": "Crmeb",
                    "timestamp":"2025-09-23 18:34:10.479",
                    "level": "DEBUG",
                    "thread": "http-nio-8081-exec-9",
                    "class": "o.s.web.servlet.DispatcherServlet",
                    "message": "GET "/api/front/user/menu/user", parameters={}" }
                    
{
                    "app": "Crmeb",
                    "timestamp":"2025-09-23 18:34:10.481",
                    "level": "DEBUG",
                    "thread": "http-nio-8081-exec-3",
                    "class": "o.s.web.servlet.DispatcherServlet",
                    "message": "GET "/api/front/cart/count?numType=true&type=total", parameters={masked}" }
                    
{
                    "app": "Crmeb",
                    "timestamp":"2025-09-23 18:34:10.481",
                    "level": "DEBUG",
                    "thread": "http-nio-8081-exec-9",
                    "class": "o.s.w.s.m.m.a.RequestMappingHandlerMapping",
                    "message": "Mapped to com.zbkj.front.controller.UserController#getMenuUser()" }
                    
{
                    "app": "Crmeb",
                    "timestamp":"2025-09-23 18:34:10.481",
                    "level": "DEBUG",
                    "thread": "http-nio-8081-exec-3",
                    "class": "o.s.w.s.m.m.a.RequestMappingHandlerMapping",
                    "message": "Mapped to com.zbkj.front.controller.CartController#count(CartNumRequest)" }
                    
{
                    "app": "Crmeb",
                    "timestamp":"2025-09-23 18:34:10.489",
                    "level": "DEBUG",
                    "thread": "http-nio-8081-exec-3",
                    "class": "o.s.w.s.m.m.a.RequestResponseBodyMethodProcessor",
                    "message": "Using 'application/json', given [application/json, text/plain, */*] and supported [application/json, application/*+json, application/json, application/*+json]" }
                    
{
                    "app": "Crmeb",
                    "timestamp":"2025-09-23 18:34:10.489",
                    "level": "DEBUG",
                    "thread": "http-nio-8081-exec-11",
                    "class": "o.s.web.servlet.DispatcherServlet",
                    "message": "GET "/api/front/cart/list?isValid=false", parameters={masked}" }
                    
{
                    "app": "Crmeb",
                    "timestamp":"2025-09-23 18:34:10.489",
                    "level": "DEBUG",
                    "thread": "http-nio-8081-exec-3",
                    "class": "o.s.w.s.m.m.a.RequestResponseBodyMethodProcessor",
                    "message": "Writing [com.zbkj.common.response.CommonResult@3bcf3ea2]" }
                    
{
                    "app": "Crmeb",
                    "timestamp":"2025-09-23 18:34:10.489",
                    "level": "DEBUG",
                    "thread": "http-nio-8081-exec-2",
                    "class": "o.s.web.servlet.DispatcherServlet",
                    "message": "GET "/api/front/cart/list?isValid=true", parameters={masked}" }
                    
{
                    "app": "Crmeb",
                    "timestamp":"2025-09-23 18:34:10.490",
                    "level": "DEBUG",
                    "thread": "http-nio-8081-exec-3",
                    "class": "o.s.web.servlet.DispatcherServlet",
                    "message": "Completed 200 OK" }
                    
{
                    "app": "Crmeb",
                    "timestamp":"2025-09-23 18:34:10.489",
                    "level": "DEBUG",
                    "thread": "http-nio-8081-exec-11",
                    "class": "o.s.w.s.m.m.a.RequestMappingHandlerMapping",
                    "message": "Mapped to com.zbkj.front.controller.CartController#getList(Boolean)" }
                    
{
                    "app": "Crmeb",
                    "timestamp":"2025-09-23 18:34:10.490",
                    "level": "DEBUG",
                    "thread": "http-nio-8081-exec-2",
                    "class": "o.s.w.s.m.m.a.RequestMappingHandlerMapping",
                    "message": "Mapped to com.zbkj.front.controller.CartController#getList(Boolean)" }
                    
{
                    "app": "Crmeb",
                    "timestamp":"2025-09-23 18:34:10.495",
                    "level": "DEBUG",
                    "thread": "http-nio-8081-exec-11",
                    "class": "o.s.w.s.m.m.a.RequestResponseBodyMethodProcessor",
                    "message": "Using 'application/json', given [application/json, text/plain, */*] and supported [application/json, application/*+json, application/json, application/*+json]" }
                    
{
                    "app": "Crmeb",
                    "timestamp":"2025-09-23 18:34:10.495",
                    "level": "DEBUG",
                    "thread": "http-nio-8081-exec-2",
                    "class": "o.s.w.s.m.m.a.RequestResponseBodyMethodProcessor",
                    "message": "Using 'application/json', given [application/json, text/plain, */*] and supported [application/json, application/*+json, application/json, application/*+json]" }
                    
{
                    "app": "Crmeb",
                    "timestamp":"2025-09-23 18:34:10.496",
                    "level": "DEBUG",
                    "thread": "http-nio-8081-exec-11",
                    "class": "o.s.w.s.m.m.a.RequestResponseBodyMethodProcessor",
                    "message": "Writing [com.zbkj.common.response.CommonResult@1ea772c7]" }
                    
{
                    "app": "Crmeb",
                    "timestamp":"2025-09-23 18:34:10.497",
                    "level": "DEBUG",
                    "thread": "http-nio-8081-exec-2",
                    "class": "o.s.w.s.m.m.a.RequestResponseBodyMethodProcessor",
                    "message": "Writing [com.zbkj.common.response.CommonResult@70305ed9]" }
                    
{
                    "app": "Crmeb",
                    "timestamp":"2025-09-23 18:34:10.498",
                    "level": "DEBUG",
                    "thread": "http-nio-8081-exec-11",
                    "class": "o.s.web.servlet.DispatcherServlet",
                    "message": "Completed 200 OK" }
                    
{
                    "app": "Crmeb",
                    "timestamp":"2025-09-23 18:34:10.498",
                    "level": "DEBUG",
                    "thread": "http-nio-8081-exec-2",
                    "class": "o.s.web.servlet.DispatcherServlet",
                    "message": "Completed 200 OK" }
                    
{
                    "app": "Crmeb",
                    "timestamp":"2025-09-23 18:34:10.503",
                    "level": "DEBUG",
                    "thread": "http-nio-8081-exec-9",
                    "class": "o.s.w.s.m.m.a.RequestResponseBodyMethodProcessor",
                    "message": "Using 'application/json', given [application/json, text/plain, */*] and supported [application/json, application/*+json, application/json, application/*+json]" }
                    
{
                    "app": "Crmeb",
                    "timestamp":"2025-09-23 18:34:10.503",
                    "level": "DEBUG",
                    "thread": "http-nio-8081-exec-9",
                    "class": "o.s.w.s.m.m.a.RequestResponseBodyMethodProcessor",
                    "message": "Writing [com.zbkj.common.response.CommonResult@75c01ad8]" }
                    
{
                    "app": "Crmeb",
                    "timestamp":"2025-09-23 18:34:10.503",
                    "level": "DEBUG",
                    "thread": "http-nio-8081-exec-9",
                    "class": "o.s.web.servlet.DispatcherServlet",
                    "message": "Completed 200 OK" }
                    
{
                    "app": "Crmeb",
                    "timestamp":"2025-09-23 18:34:11.725",
                    "level": "DEBUG",
                    "thread": "http-nio-8081-exec-6",
                    "class": "o.s.web.servlet.DispatcherServlet",
                    "message": "GET "/api/front/merchant/street", parameters={}" }
                    
{
                    "app": "Crmeb",
                    "timestamp":"2025-09-23 18:34:11.725",
                    "level": "DEBUG",
                    "thread": "http-nio-8081-exec-18",
                    "class": "o.s.web.servlet.DispatcherServlet",
                    "message": "GET "/api/front/index/product?page=1&limit=13", parameters={masked}" }
                    
{
                    "app": "Crmeb",
                    "timestamp":"2025-09-23 18:34:11.725",
                    "level": "DEBUG",
                    "thread": "http-nio-8081-exec-22",
                    "class": "o.s.web.servlet.DispatcherServlet",
                    "message": "GET "/api/pc/home/index", parameters={}" }
                    
{
                    "app": "Crmeb",
                    "timestamp":"2025-09-23 18:34:11.725",
                    "level": "DEBUG",
                    "thread": "http-nio-8081-exec-21",
                    "class": "o.s.web.servlet.DispatcherServlet",
                    "message": "GET "/api/front/activity/index/list", parameters={}" }
                    
{
                    "app": "Crmeb",
                    "timestamp":"2025-09-23 18:34:11.725",
                    "level": "DEBUG",
                    "thread": "http-nio-8081-exec-20",
                    "class": "o.s.web.servlet.DispatcherServlet",
                    "message": "GET "/api/front/product/leaderboard", parameters={}" }
                    
{
                    "app": "Crmeb",
                    "timestamp":"2025-09-23 18:34:11.726",
                    "level": "DEBUG",
                    "thread": "http-nio-8081-exec-6",
                    "class": "o.s.w.s.m.m.a.RequestMappingHandlerMapping",
                    "message": "Mapped to com.zbkj.front.controller.MerchantController#getStreet(PageParamRequest)" }
                    
{
                    "app": "Crmeb",
                    "timestamp":"2025-09-23 18:34:11.726",
                    "level": "DEBUG",
                    "thread": "http-nio-8081-exec-20",
                    "class": "o.s.w.s.m.m.a.RequestMappingHandlerMapping",
                    "message": "Mapped to com.zbkj.front.controller.ProductController#getLeaderboard()" }
                    
{
                    "app": "Crmeb",
                    "timestamp":"2025-09-23 18:34:11.726",
                    "level": "DEBUG",
                    "thread": "http-nio-8081-exec-18",
                    "class": "o.s.w.s.m.m.a.RequestMappingHandlerMapping",
                    "message": "Mapped to com.zbkj.front.controller.IndexController#getProductList(PageParamRequest)" }
                    
{
                    "app": "Crmeb",
                    "timestamp":"2025-09-23 18:34:11.726",
                    "level": "DEBUG",
                    "thread": "http-nio-8081-exec-22",
                    "class": "o.s.w.s.m.m.a.RequestMappingHandlerMapping",
                    "message": "Mapped to com.zbkj.front.pc.controller.PcIndexController#getIndexInfo()" }
                    
{
                    "app": "Crmeb",
                    "timestamp":"2025-09-23 18:34:11.726",
                    "level": "DEBUG",
                    "thread": "http-nio-8081-exec-21",
                    "class": "o.s.w.s.m.m.a.RequestMappingHandlerMapping",
                    "message": "Mapped to com.zbkj.front.controller.ActivityController#getIndexList()" }
                    
{
                    "app": "Crmeb",
                    "timestamp":"2025-09-23 18:34:11.736",
                    "level": "DEBUG",
                    "thread": "http-nio-8081-exec-20",
                    "class": "o.s.w.s.m.m.a.RequestResponseBodyMethodProcessor",
                    "message": "Using 'application/json', given [application/json, text/plain, */*] and supported [application/json, application/*+json, application/json, application/*+json]" }
                    
{
                    "app": "Crmeb",
                    "timestamp":"2025-09-23 18:34:11.737",
                    "level": "DEBUG",
                    "thread": "http-nio-8081-exec-20",
                    "class": "o.s.w.s.m.m.a.RequestResponseBodyMethodProcessor",
                    "message": "Writing [com.zbkj.common.response.CommonResult@5571a558]" }
                    
{
                    "app": "Crmeb",
                    "timestamp":"2025-09-23 18:34:11.737",
                    "level": "DEBUG",
                    "thread": "http-nio-8081-exec-20",
                    "class": "o.s.web.servlet.DispatcherServlet",
                    "message": "Completed 200 OK" }
                    
{
                    "app": "Crmeb",
                    "timestamp":"2025-09-23 18:34:11.738",
                    "level": "DEBUG",
                    "thread": "http-nio-8081-exec-18",
                    "class": "o.s.w.s.m.m.a.RequestResponseBodyMethodProcessor",
                    "message": "Using 'application/json', given [application/json, text/plain, */*] and supported [application/json, application/*+json, application/json, application/*+json]" }
                    
{
                    "app": "Crmeb",
                    "timestamp":"2025-09-23 18:34:11.739",
                    "level": "DEBUG",
                    "thread": "http-nio-8081-exec-18",
                    "class": "o.s.w.s.m.m.a.RequestResponseBodyMethodProcessor",
                    "message": "Writing [com.zbkj.common.response.CommonResult@514df6bc]" }
                    
{
                    "app": "Crmeb",
                    "timestamp":"2025-09-23 18:34:11.739",
                    "level": "DEBUG",
                    "thread": "http-nio-8081-exec-18",
                    "class": "o.s.web.servlet.DispatcherServlet",
                    "message": "Completed 200 OK" }
                    
{
                    "app": "Crmeb",
                    "timestamp":"2025-09-23 18:34:11.741",
                    "level": "DEBUG",
                    "thread": "http-nio-8081-exec-6",
                    "class": "o.s.w.s.m.m.a.RequestResponseBodyMethodProcessor",
                    "message": "Using 'application/json', given [application/json, text/plain, */*] and supported [application/json, application/*+json, application/json, application/*+json]" }
                    
{
                    "app": "Crmeb",
                    "timestamp":"2025-09-23 18:34:11.741",
                    "level": "DEBUG",
                    "thread": "http-nio-8081-exec-6",
                    "class": "o.s.w.s.m.m.a.RequestResponseBodyMethodProcessor",
                    "message": "Writing [com.zbkj.common.response.CommonResult@7b2157e9]" }
                    
{
                    "app": "Crmeb",
                    "timestamp":"2025-09-23 18:34:11.742",
                    "level": "DEBUG",
                    "thread": "http-nio-8081-exec-6",
                    "class": "o.s.web.servlet.DispatcherServlet",
                    "message": "Completed 200 OK" }
                    
{
                    "app": "Crmeb",
                    "timestamp":"2025-09-23 18:34:11.757",
                    "level": "DEBUG",
                    "thread": "http-nio-8081-exec-21",
                    "class": "o.s.w.s.m.m.a.RequestResponseBodyMethodProcessor",
                    "message": "Using 'application/json', given [application/json, text/plain, */*] and supported [application/json, application/*+json, application/json, application/*+json]" }
                    
{
                    "app": "Crmeb",
                    "timestamp":"2025-09-23 18:34:11.757",
                    "level": "DEBUG",
                    "thread": "http-nio-8081-exec-21",
                    "class": "o.s.w.s.m.m.a.RequestResponseBodyMethodProcessor",
                    "message": "Writing [com.zbkj.common.response.CommonResult@247a6404]" }
                    
{
                    "app": "Crmeb",
                    "timestamp":"2025-09-23 18:34:11.757",
                    "level": "DEBUG",
                    "thread": "http-nio-8081-exec-21",
                    "class": "o.s.web.servlet.DispatcherServlet",
                    "message": "Completed 200 OK" }
                    
{
                    "app": "Crmeb",
                    "timestamp":"2025-09-23 18:34:11.760",
                    "level": "DEBUG",
                    "thread": "http-nio-8081-exec-22",
                    "class": "o.s.w.s.m.m.a.RequestResponseBodyMethodProcessor",
                    "message": "Using 'application/json', given [application/json, text/plain, */*] and supported [application/json, application/*+json, application/json, application/*+json]" }
                    
{
                    "app": "Crmeb",
                    "timestamp":"2025-09-23 18:34:11.760",
                    "level": "DEBUG",
                    "thread": "http-nio-8081-exec-22",
                    "class": "o.s.w.s.m.m.a.RequestResponseBodyMethodProcessor",
                    "message": "Writing [com.zbkj.common.response.CommonResult@20dcdbb2]" }
                    
{
                    "app": "Crmeb",
                    "timestamp":"2025-09-23 18:34:11.761",
                    "level": "DEBUG",
                    "thread": "http-nio-8081-exec-22",
                    "class": "o.s.web.servlet.DispatcherServlet",
                    "message": "Completed 200 OK" }
                    
{
                    "app": "Crmeb",
                    "timestamp":"2025-09-23 18:34:11.761",
                    "level": "DEBUG",
                    "thread": "http-nio-8081-exec-8",
                    "class": "o.s.web.servlet.DispatcherServlet",
                    "message": "GET "/api/front/activity/index/list", parameters={}" }
                    
{
                    "app": "Crmeb",
                    "timestamp":"2025-09-23 18:34:11.762",
                    "level": "DEBUG",
                    "thread": "http-nio-8081-exec-8",
                    "class": "o.s.w.s.m.m.a.RequestMappingHandlerMapping",
                    "message": "Mapped to com.zbkj.front.controller.ActivityController#getIndexList()" }
                    
{
                    "app": "Crmeb",
                    "timestamp":"2025-09-23 18:34:11.774",
                    "level": "DEBUG",
                    "thread": "http-nio-8081-exec-8",
                    "class": "o.s.w.s.m.m.a.RequestResponseBodyMethodProcessor",
                    "message": "Using 'application/json', given [application/json, text/plain, */*] and supported [application/json, application/*+json, application/json, application/*+json]" }
                    
{
                    "app": "Crmeb",
                    "timestamp":"2025-09-23 18:34:11.774",
                    "level": "DEBUG",
                    "thread": "http-nio-8081-exec-8",
                    "class": "o.s.w.s.m.m.a.RequestResponseBodyMethodProcessor",
                    "message": "Writing [com.zbkj.common.response.CommonResult@4c711013]" }
                    
{
                    "app": "Crmeb",
                    "timestamp":"2025-09-23 18:34:11.774",
                    "level": "DEBUG",
                    "thread": "http-nio-8081-exec-8",
                    "class": "o.s.web.servlet.DispatcherServlet",
                    "message": "Completed 200 OK" }
                    
{
                    "app": "Crmeb",
                    "timestamp":"2025-09-23 18:34:11.807",
                    "level": "DEBUG",
                    "thread": "http-nio-8081-exec-17",
                    "class": "o.s.web.servlet.DispatcherServlet",
                    "message": "GET "/api/front/user/menu/user", parameters={}" }
                    
{
                    "app": "Crmeb",
                    "timestamp":"2025-09-23 18:34:11.807",
                    "level": "DEBUG",
                    "thread": "http-nio-8081-exec-26",
                    "class": "o.s.web.servlet.DispatcherServlet",
                    "message": "GET "/api/front/cart/count?numType=true&type=total", parameters={masked}" }
                    
{
                    "app": "Crmeb",
                    "timestamp":"2025-09-23 18:34:11.808",
                    "level": "DEBUG",
                    "thread": "http-nio-8081-exec-17",
                    "class": "o.s.w.s.m.m.a.RequestMappingHandlerMapping",
                    "message": "Mapped to com.zbkj.front.controller.UserController#getMenuUser()" }
                    
{
                    "app": "Crmeb",
                    "timestamp":"2025-09-23 18:34:11.808",
                    "level": "DEBUG",
                    "thread": "http-nio-8081-exec-26",
                    "class": "o.s.w.s.m.m.a.RequestMappingHandlerMapping",
                    "message": "Mapped to com.zbkj.front.controller.CartController#count(CartNumRequest)" }
                    
{
                    "app": "Crmeb",
                    "timestamp":"2025-09-23 18:34:11.811",
                    "level": "DEBUG",
                    "thread": "http-nio-8081-exec-26",
                    "class": "o.s.w.s.m.m.a.RequestResponseBodyMethodProcessor",
                    "message": "Using 'application/json', given [application/json, text/plain, */*] and supported [application/json, application/*+json, application/json, application/*+json]" }
                    
{
                    "app": "Crmeb",
                    "timestamp":"2025-09-23 18:34:11.811",
                    "level": "DEBUG",
                    "thread": "http-nio-8081-exec-26",
                    "class": "o.s.w.s.m.m.a.RequestResponseBodyMethodProcessor",
                    "message": "Writing [com.zbkj.common.response.CommonResult@ed0097e]" }
                    
{
                    "app": "Crmeb",
                    "timestamp":"2025-09-23 18:34:11.812",
                    "level": "DEBUG",
                    "thread": "http-nio-8081-exec-26",
                    "class": "o.s.web.servlet.DispatcherServlet",
                    "message": "Completed 200 OK" }
                    
{
                    "app": "Crmeb",
                    "timestamp":"2025-09-23 18:34:11.818",
                    "level": "DEBUG",
                    "thread": "http-nio-8081-exec-17",
                    "class": "o.s.w.s.m.m.a.RequestResponseBodyMethodProcessor",
                    "message": "Using 'application/json', given [application/json, text/plain, */*] and supported [application/json, application/*+json, application/json, application/*+json]" }
                    
{
                    "app": "Crmeb",
                    "timestamp":"2025-09-23 18:34:11.818",
                    "level": "DEBUG",
                    "thread": "http-nio-8081-exec-17",
                    "class": "o.s.w.s.m.m.a.RequestResponseBodyMethodProcessor",
                    "message": "Writing [com.zbkj.common.response.CommonResult@b3a7d25]" }
                    
{
                    "app": "Crmeb",
                    "timestamp":"2025-09-23 18:34:11.818",
                    "level": "DEBUG",
                    "thread": "http-nio-8081-exec-17",
                    "class": "o.s.web.servlet.DispatcherServlet",
                    "message": "Completed 200 OK" }
                    
{
                    "app": "Crmeb",
                    "timestamp":"2025-09-23 18:34:11.828",
                    "level": "DEBUG",
                    "thread": "http-nio-8081-exec-24",
                    "class": "o.s.web.servlet.DispatcherServlet",
                    "message": "GET "/api/front/index/product?page=1&limit=13", parameters={masked}" }
                    
{
                    "app": "Crmeb",
                    "timestamp":"2025-09-23 18:34:11.829",
                    "level": "DEBUG",
                    "thread": "http-nio-8081-exec-24",
                    "class": "o.s.w.s.m.m.a.RequestMappingHandlerMapping",
                    "message": "Mapped to com.zbkj.front.controller.IndexController#getProductList(PageParamRequest)" }
                    
{
                    "app": "Crmeb",
                    "timestamp":"2025-09-23 18:34:11.838",
                    "level": "DEBUG",
                    "thread": "http-nio-8081-exec-24",
                    "class": "o.s.w.s.m.m.a.RequestResponseBodyMethodProcessor",
                    "message": "Using 'application/json', given [application/json, text/plain, */*] and supported [application/json, application/*+json, application/json, application/*+json]" }
                    
{
                    "app": "Crmeb",
                    "timestamp":"2025-09-23 18:34:11.838",
                    "level": "DEBUG",
                    "thread": "http-nio-8081-exec-24",
                    "class": "o.s.w.s.m.m.a.RequestResponseBodyMethodProcessor",
                    "message": "Writing [com.zbkj.common.response.CommonResult@160b02e9]" }
                    
{
                    "app": "Crmeb",
                    "timestamp":"2025-09-23 18:34:11.839",
                    "level": "DEBUG",
                    "thread": "http-nio-8081-exec-24",
                    "class": "o.s.web.servlet.DispatcherServlet",
                    "message": "Completed 200 OK" }
                    
{
                    "app": "Crmeb",
                    "timestamp":"2025-09-23 18:34:13.522",
                    "level": "DEBUG",
                    "thread": "http-nio-8081-exec-13",
                    "class": "o.s.web.servlet.DispatcherServlet",
                    "message": "GET "/api/front/product/detail/8", parameters={}" }
                    
{
                    "app": "Crmeb",
                    "timestamp":"2025-09-23 18:34:13.525",
                    "level": "DEBUG",
                    "thread": "http-nio-8081-exec-13",
                    "class": "o.s.w.s.m.m.a.RequestMappingHandlerMapping",
                    "message": "Mapped to com.zbkj.front.controller.ProductController#getDetail(Integer)" }
                    
{
                    "app": "Crmeb",
                    "timestamp":"2025-09-23 18:34:13.573",
                    "level": "DEBUG",
                    "thread": "http-nio-8081-exec-13",
                    "class": "o.s.w.s.m.m.a.RequestResponseBodyMethodProcessor",
                    "message": "Using 'application/json', given [application/json, text/plain, */*] and supported [application/json, application/*+json, application/json, application/*+json]" }
                    
{
                    "app": "Crmeb",
                    "timestamp":"2025-09-23 18:34:13.573",
                    "level": "DEBUG",
                    "thread": "http-nio-8081-exec-13",
                    "class": "o.s.w.s.m.m.a.RequestResponseBodyMethodProcessor",
                    "message": "Writing [com.zbkj.common.response.CommonResult@57e7603f]" }
                    
{
                    "app": "Crmeb",
                    "timestamp":"2025-09-23 18:34:13.575",
                    "level": "DEBUG",
                    "thread": "http-nio-8081-exec-13",
                    "class": "o.s.web.servlet.DispatcherServlet",
                    "message": "Completed 200 OK" }
                    
{
                    "app": "Crmeb",
                    "timestamp":"2025-09-23 18:34:13.589",
                    "level": "DEBUG",
                    "thread": "http-nio-8081-exec-30",
                    "class": "o.s.web.servlet.DispatcherServlet",
                    "message": "GET "/api/front/cart/count?numType=true&type=total", parameters={masked}" }
                    
{
                    "app": "Crmeb",
                    "timestamp":"2025-09-23 18:34:13.589",
                    "level": "DEBUG",
                    "thread": "http-nio-8081-exec-29",
                    "class": "o.s.web.servlet.DispatcherServlet",
                    "message": "GET "/api/front/user/menu/user", parameters={}" }
                    
{
                    "app": "Crmeb",
                    "timestamp":"2025-09-23 18:34:13.589",
                    "level": "DEBUG",
                    "thread": "http-nio-8081-exec-30",
                    "class": "o.s.w.s.m.m.a.RequestMappingHandlerMapping",
                    "message": "Mapped to com.zbkj.front.controller.CartController#count(CartNumRequest)" }
                    
{
                    "app": "Crmeb",
                    "timestamp":"2025-09-23 18:34:13.589",
                    "level": "DEBUG",
                    "thread": "http-nio-8081-exec-29",
                    "class": "o.s.w.s.m.m.a.RequestMappingHandlerMapping",
                    "message": "Mapped to com.zbkj.front.controller.UserController#getMenuUser()" }
                    
{
                    "app": "Crmeb",
                    "timestamp":"2025-09-23 18:34:13.592",
                    "level": "DEBUG",
                    "thread": "http-nio-8081-exec-30",
                    "class": "o.s.w.s.m.m.a.RequestResponseBodyMethodProcessor",
                    "message": "Using 'application/json', given [application/json, text/plain, */*] and supported [application/json, application/*+json, application/json, application/*+json]" }
                    
{
                    "app": "Crmeb",
                    "timestamp":"2025-09-23 18:34:13.592",
                    "level": "DEBUG",
                    "thread": "http-nio-8081-exec-30",
                    "class": "o.s.w.s.m.m.a.RequestResponseBodyMethodProcessor",
                    "message": "Writing [com.zbkj.common.response.CommonResult@3d2b697f]" }
                    
{
                    "app": "Crmeb",
                    "timestamp":"2025-09-23 18:34:13.592",
                    "level": "DEBUG",
                    "thread": "http-nio-8081-exec-30",
                    "class": "o.s.web.servlet.DispatcherServlet",
                    "message": "Completed 200 OK" }
                    
{
                    "app": "Crmeb",
                    "timestamp":"2025-09-23 18:34:13.597",
                    "level": "DEBUG",
                    "thread": "http-nio-8081-exec-29",
                    "class": "o.s.w.s.m.m.a.RequestResponseBodyMethodProcessor",
                    "message": "Using 'application/json', given [application/json, text/plain, */*] and supported [application/json, application/*+json, application/json, application/*+json]" }
                    
{
                    "app": "Crmeb",
                    "timestamp":"2025-09-23 18:34:13.597",
                    "level": "DEBUG",
                    "thread": "http-nio-8081-exec-29",
                    "class": "o.s.w.s.m.m.a.RequestResponseBodyMethodProcessor",
                    "message": "Writing [com.zbkj.common.response.CommonResult@235dd096]" }
                    
{
                    "app": "Crmeb",
                    "timestamp":"2025-09-23 18:34:13.597",
                    "level": "DEBUG",
                    "thread": "http-nio-8081-exec-29",
                    "class": "o.s.web.servlet.DispatcherServlet",
                    "message": "Completed 200 OK" }
                    
{
                    "app": "Crmeb",
                    "timestamp":"2025-09-23 18:34:13.626",
                    "level": "DEBUG",
                    "thread": "http-nio-8081-exec-3",
                    "class": "o.s.web.servlet.DispatcherServlet",
                    "message": "GET "/api/front/merchant/all/type/list", parameters={}" }
                    
{
                    "app": "Crmeb",
                    "timestamp":"2025-09-23 18:34:13.626",
                    "level": "DEBUG",
                    "thread": "http-nio-8081-exec-2",
                    "class": "o.s.web.servlet.DispatcherServlet",
                    "message": "GET "/api/front/product/reply/config/8", parameters={}" }
                    
{
                    "app": "Crmeb",
                    "timestamp":"2025-09-23 18:34:13.627",
                    "level": "DEBUG",
                    "thread": "http-nio-8081-exec-7",
                    "class": "o.s.web.servlet.DispatcherServlet",
                    "message": "GET "/api/front/product/reply/list/8?page=1&limit=20&type=0", parameters={masked}" }
                    
{
                    "app": "Crmeb",
                    "timestamp":"2025-09-23 18:34:13.627",
                    "level": "DEBUG",
                    "thread": "http-nio-8081-exec-9",
                    "class": "o.s.web.servlet.DispatcherServlet",
                    "message": "GET "/api/front/coupons?merId=2&productId=8&useType=2&page=1&limit=20", parameters={masked}" }
                    
{
                    "app": "Crmeb",
                    "timestamp":"2025-09-23 18:34:13.630",
                    "level": "DEBUG",
                    "thread": "http-nio-8081-exec-7",
                    "class": "o.s.w.s.m.m.a.RequestMappingHandlerMapping",
                    "message": "Mapped to com.zbkj.front.controller.ProductController#getReplyList(Integer, Integer, PageParamRequest)" }
                    
{
                    "app": "Crmeb",
                    "timestamp":"2025-09-23 18:34:13.627",
                    "level": "DEBUG",
                    "thread": "http-nio-8081-exec-3",
                    "class": "o.s.w.s.m.m.a.RequestMappingHandlerMapping",
                    "message": "Mapped to com.zbkj.front.controller.MerchantController#allTypeList()" }
                    
{
                    "app": "Crmeb",
                    "timestamp":"2025-09-23 18:34:13.628",
                    "level": "DEBUG",
                    "thread": "http-nio-8081-exec-10",
                    "class": "o.s.web.servlet.DispatcherServlet",
                    "message": "GET "/api/front/merchant/customer/service/info/2", parameters={}" }
                    
{
                    "app": "Crmeb",
                    "timestamp":"2025-09-23 18:34:13.630",
                    "level": "DEBUG",
                    "thread": "http-nio-8081-exec-2",
                    "class": "o.s.w.s.m.m.a.RequestMappingHandlerMapping",
                    "message": "Mapped to com.zbkj.front.controller.ProductController#getReplyCount(Integer)" }
                    
{
                    "app": "Crmeb",
                    "timestamp":"2025-09-23 18:34:13.630",
                    "level": "DEBUG",
                    "thread": "http-nio-8081-exec-9",
                    "class": "o.s.w.s.m.m.a.RequestMappingHandlerMapping",
                    "message": "Mapped to com.zbkj.front.controller.CouponController#getList(CouponSearchRequest, PageParamRequest)" }
                    
{
                    "app": "Crmeb",
                    "timestamp":"2025-09-23 18:34:13.631",
                    "level": "DEBUG",
                    "thread": "http-nio-8081-exec-11",
                    "class": "o.s.web.servlet.DispatcherServlet",
                    "message": "GET "/api/front/cart/count?type=total&numType=true", parameters={masked}" }
                    
{
                    "app": "Crmeb",
                    "timestamp":"2025-09-23 18:34:13.632",
                    "level": "DEBUG",
                    "thread": "http-nio-8081-exec-10",
                    "class": "o.s.w.s.m.m.a.RequestMappingHandlerMapping",
                    "message": "Mapped to com.zbkj.front.controller.MerchantController#getCustomerServiceInfo(Integer)" }
                    
{
                    "app": "Crmeb",
                    "timestamp":"2025-09-23 18:34:13.634",
                    "level": "DEBUG",
                    "thread": "http-nio-8081-exec-11",
                    "class": "o.s.w.s.m.m.a.RequestMappingHandlerMapping",
                    "message": "Mapped to com.zbkj.front.controller.CartController#count(CartNumRequest)" }
                    
{
                    "app": "Crmeb",
                    "timestamp":"2025-09-23 18:34:13.639",
                    "level": "DEBUG",
                    "thread": "http-nio-8081-exec-3",
                    "class": "o.s.w.s.m.m.a.RequestResponseBodyMethodProcessor",
                    "message": "Using 'application/json', given [application/json, text/plain, */*] and supported [application/json, application/*+json, application/json, application/*+json]" }
                    
{
                    "app": "Crmeb",
                    "timestamp":"2025-09-23 18:34:13.639",
                    "level": "DEBUG",
                    "thread": "http-nio-8081-exec-3",
                    "class": "o.s.w.s.m.m.a.RequestResponseBodyMethodProcessor",
                    "message": "Writing [com.zbkj.common.response.CommonResult@8a9e31c]" }
                    
{
                    "app": "Crmeb",
                    "timestamp":"2025-09-23 18:34:13.640",
                    "level": "DEBUG",
                    "thread": "http-nio-8081-exec-3",
                    "class": "o.s.web.servlet.DispatcherServlet",
                    "message": "Completed 200 OK" }
                    
{
                    "app": "Crmeb",
                    "timestamp":"2025-09-23 18:34:13.641",
                    "level": "DEBUG",
                    "thread": "http-nio-8081-exec-11",
                    "class": "o.s.w.s.m.m.a.RequestResponseBodyMethodProcessor",
                    "message": "Using 'application/json', given [application/json, text/plain, */*] and supported [application/json, application/*+json, application/json, application/*+json]" }
                    
{
                    "app": "Crmeb",
                    "timestamp":"2025-09-23 18:34:13.641",
                    "level": "DEBUG",
                    "thread": "http-nio-8081-exec-11",
                    "class": "o.s.w.s.m.m.a.RequestResponseBodyMethodProcessor",
                    "message": "Writing [com.zbkj.common.response.CommonResult@3d42e7c1]" }
                    
{
                    "app": "Crmeb",
                    "timestamp":"2025-09-23 18:34:13.642",
                    "level": "DEBUG",
                    "thread": "http-nio-8081-exec-11",
                    "class": "o.s.web.servlet.DispatcherServlet",
                    "message": "Completed 200 OK" }
                    
{
                    "app": "Crmeb",
                    "timestamp":"2025-09-23 18:34:13.642",
                    "level": "DEBUG",
                    "thread": "http-nio-8081-exec-10",
                    "class": "o.s.w.s.m.m.a.RequestResponseBodyMethodProcessor",
                    "message": "Using 'application/json', given [application/json, text/plain, */*] and supported [application/json, application/*+json, application/json, application/*+json]" }
                    
{
                    "app": "Crmeb",
                    "timestamp":"2025-09-23 18:34:13.642",
                    "level": "DEBUG",
                    "thread": "http-nio-8081-exec-10",
                    "class": "o.s.w.s.m.m.a.RequestResponseBodyMethodProcessor",
                    "message": "Writing [com.zbkj.common.response.CommonResult@5aa944e2]" }
                    
{
                    "app": "Crmeb",
                    "timestamp":"2025-09-23 18:34:13.643",
                    "level": "DEBUG",
                    "thread": "http-nio-8081-exec-7",
                    "class": "o.s.w.s.m.m.a.RequestResponseBodyMethodProcessor",
                    "message": "Using 'application/json', given [application/json, text/plain, */*] and supported [application/json, application/*+json, application/json, application/*+json]" }
                    
{
                    "app": "Crmeb",
                    "timestamp":"2025-09-23 18:34:13.643",
                    "level": "DEBUG",
                    "thread": "http-nio-8081-exec-7",
                    "class": "o.s.w.s.m.m.a.RequestResponseBodyMethodProcessor",
                    "message": "Writing [com.zbkj.common.response.CommonResult@91b9fba]" }
                    
{
                    "app": "Crmeb",
                    "timestamp":"2025-09-23 18:34:13.643",
                    "level": "DEBUG",
                    "thread": "http-nio-8081-exec-10",
                    "class": "o.s.web.servlet.DispatcherServlet",
                    "message": "Completed 200 OK" }
                    
{
                    "app": "Crmeb",
                    "timestamp":"2025-09-23 18:34:13.644",
                    "level": "DEBUG",
                    "thread": "http-nio-8081-exec-7",
                    "class": "o.s.web.servlet.DispatcherServlet",
                    "message": "Completed 200 OK" }
                    
{
                    "app": "Crmeb",
                    "timestamp":"2025-09-23 18:34:13.656",
                    "level": "DEBUG",
                    "thread": "http-nio-8081-exec-2",
                    "class": "o.s.w.s.m.m.a.RequestResponseBodyMethodProcessor",
                    "message": "Using 'application/json', given [application/json, text/plain, */*] and supported [application/json, application/*+json, application/json, application/*+json]" }
                    
{
                    "app": "Crmeb",
                    "timestamp":"2025-09-23 18:34:13.656",
                    "level": "DEBUG",
                    "thread": "http-nio-8081-exec-2",
                    "class": "o.s.w.s.m.m.a.RequestResponseBodyMethodProcessor",
                    "message": "Writing [com.zbkj.common.response.CommonResult@75221910]" }
                    
{
                    "app": "Crmeb",
                    "timestamp":"2025-09-23 18:34:13.657",
                    "level": "DEBUG",
                    "thread": "http-nio-8081-exec-2",
                    "class": "o.s.web.servlet.DispatcherServlet",
                    "message": "Completed 200 OK" }
                    
{
                    "app": "Crmeb",
                    "timestamp":"2025-09-23 18:34:13.673",
                    "level": "DEBUG",
                    "thread": "http-nio-8081-exec-9",
                    "class": "o.s.w.s.m.m.a.RequestResponseBodyMethodProcessor",
                    "message": "Using 'application/json', given [application/json, text/plain, */*] and supported [application/json, application/*+json, application/json, application/*+json]" }
                    
{
                    "app": "Crmeb",
                    "timestamp":"2025-09-23 18:34:13.674",
                    "level": "DEBUG",
                    "thread": "http-nio-8081-exec-9",
                    "class": "o.s.w.s.m.m.a.RequestResponseBodyMethodProcessor",
                    "message": "Writing [com.zbkj.common.response.CommonResult@18203b82]" }
                    
{
                    "app": "Crmeb",
                    "timestamp":"2025-09-23 18:34:13.674",
                    "level": "DEBUG",
                    "thread": "http-nio-8081-exec-9",
                    "class": "o.s.web.servlet.DispatcherServlet",
                    "message": "Completed 200 OK" }
                    
{
                    "app": "Crmeb",
                    "timestamp":"2025-09-23 18:34:15.556",
                    "level": "DEBUG",
                    "thread": "http-nio-8081-exec-14",
                    "class": "o.s.web.servlet.DispatcherServlet",
                    "message": "POST "/api/front/order/pre/order", parameters={}" }
                    
{
                    "app": "Crmeb",
                    "timestamp":"2025-09-23 18:34:15.556",
                    "level": "DEBUG",
                    "thread": "http-nio-8081-exec-14",
                    "class": "o.s.w.s.m.m.a.RequestMappingHandlerMapping",
                    "message": "Mapped to com.zbkj.front.controller.StoreOrderController#preOrder(PreOrderRequest)" }
                    
{
                    "app": "Crmeb",
                    "timestamp":"2025-09-23 18:34:15.558",
                    "level": "DEBUG",
                    "thread": "http-nio-8081-exec-14",
                    "class": "o.s.w.s.m.m.a.RequestResponseBodyMethodProcessor",
                    "message": "Read "application/json;charset=UTF-8" to [PreOrderRequest(preOrderType=buyNow, orderDetails=[PreOrderDetailRequest(shoppingCartId=null, produc (truncated)...]" }
                    
{
                    "app": "Crmeb",
                    "timestamp":"2025-09-23 18:34:15.592",
                    "level": "DEBUG",
                    "thread": "http-nio-8081-exec-14",
                    "class": "o.s.w.s.m.m.a.RequestResponseBodyMethodProcessor",
                    "message": "Using 'application/json', given [application/json, text/plain, */*] and supported [application/json, application/*+json, application/json, application/*+json]" }
                    
{
                    "app": "Crmeb",
                    "timestamp":"2025-09-23 18:34:15.592",
                    "level": "DEBUG",
                    "thread": "http-nio-8081-exec-14",
                    "class": "o.s.w.s.m.m.a.RequestResponseBodyMethodProcessor",
                    "message": "Writing [com.zbkj.common.response.CommonResult@2453332f]" }
                    
{
                    "app": "Crmeb",
                    "timestamp":"2025-09-23 18:34:15.592",
                    "level": "DEBUG",
                    "thread": "http-nio-8081-exec-14",
                    "class": "o.s.web.servlet.DispatcherServlet",
                    "message": "Completed 200 OK" }
                    
{
                    "app": "Crmeb",
                    "timestamp":"2025-09-23 18:34:15.604",
                    "level": "DEBUG",
                    "thread": "http-nio-8081-exec-20",
                    "class": "o.s.web.servlet.DispatcherServlet",
                    "message": "GET "/api/front/pay/method", parameters={}" }
                    
{
                    "app": "Crmeb",
                    "timestamp":"2025-09-23 18:34:15.605",
                    "level": "DEBUG",
                    "thread": "http-nio-8081-exec-25",
                    "class": "o.s.web.servlet.DispatcherServlet",
                    "message": "GET "/api/pc/address/all/list", parameters={}" }
                    
{
                    "app": "Crmeb",
                    "timestamp":"2025-09-23 18:34:15.605",
                    "level": "DEBUG",
                    "thread": "http-nio-8081-exec-20",
                    "class": "o.s.w.s.m.m.a.RequestMappingHandlerMapping",
                    "message": "Mapped to com.zbkj.front.controller.PayController#getPayMethod()" }
                    
{
                    "app": "Crmeb",
                    "timestamp":"2025-09-23 18:34:15.605",
                    "level": "DEBUG",
                    "thread": "http-nio-8081-exec-25",
                    "class": "o.s.w.s.m.m.a.RequestMappingHandlerMapping",
                    "message": "Mapped to com.zbkj.front.pc.controller.PcUserAddressController#getAllList()" }
                    
{
                    "app": "Crmeb",
                    "timestamp":"2025-09-23 18:34:15.611",
                    "level": "DEBUG",
                    "thread": "http-nio-8081-exec-25",
                    "class": "o.s.w.s.m.m.a.RequestResponseBodyMethodProcessor",
                    "message": "Using 'application/json', given [application/json, text/plain, */*] and supported [application/json, application/*+json, application/json, application/*+json]" }
                    
{
                    "app": "Crmeb",
                    "timestamp":"2025-09-23 18:34:15.611",
                    "level": "DEBUG",
                    "thread": "http-nio-8081-exec-20",
                    "class": "o.s.w.s.m.m.a.RequestResponseBodyMethodProcessor",
                    "message": "Using 'application/json', given [application/json, text/plain, */*] and supported [application/json, application/*+json, application/json, application/*+json]" }
                    
{
                    "app": "Crmeb",
                    "timestamp":"2025-09-23 18:34:15.611",
                    "level": "DEBUG",
                    "thread": "http-nio-8081-exec-25",
                    "class": "o.s.w.s.m.m.a.RequestResponseBodyMethodProcessor",
                    "message": "Writing [com.zbkj.common.response.CommonResult@1fa90a3d]" }
                    
{
                    "app": "Crmeb",
                    "timestamp":"2025-09-23 18:34:15.611",
                    "level": "DEBUG",
                    "thread": "http-nio-8081-exec-20",
                    "class": "o.s.w.s.m.m.a.RequestResponseBodyMethodProcessor",
                    "message": "Writing [com.zbkj.common.response.CommonResult@7fdaf917]" }
                    
{
                    "app": "Crmeb",
                    "timestamp":"2025-09-23 18:34:15.612",
                    "level": "DEBUG",
                    "thread": "http-nio-8081-exec-25",
                    "class": "o.s.web.servlet.DispatcherServlet",
                    "message": "Completed 200 OK" }
                    
{
                    "app": "Crmeb",
                    "timestamp":"2025-09-23 18:34:15.613",
                    "level": "DEBUG",
                    "thread": "http-nio-8081-exec-20",
                    "class": "o.s.web.servlet.DispatcherServlet",
                    "message": "Completed 200 OK" }
                    
{
                    "app": "Crmeb",
                    "timestamp":"2025-09-23 18:34:15.626",
                    "level": "DEBUG",
                    "thread": "http-nio-8081-exec-21",
                    "class": "o.s.web.servlet.DispatcherServlet",
                    "message": "GET "/api/front/user/menu/user", parameters={}" }
                    
{
                    "app": "Crmeb",
                    "timestamp":"2025-09-23 18:34:15.626",
                    "level": "DEBUG",
                    "thread": "http-nio-8081-exec-22",
                    "class": "o.s.web.servlet.DispatcherServlet",
                    "message": "GET "/api/front/cart/count?numType=true&type=total", parameters={masked}" }
                    
{
                    "app": "Crmeb",
                    "timestamp":"2025-09-23 18:34:15.626",
                    "level": "DEBUG",
                    "thread": "http-nio-8081-exec-21",
                    "class": "o.s.w.s.m.m.a.RequestMappingHandlerMapping",
                    "message": "Mapped to com.zbkj.front.controller.UserController#getMenuUser()" }
                    
{
                    "app": "Crmeb",
                    "timestamp":"2025-09-23 18:34:15.626",
                    "level": "DEBUG",
                    "thread": "http-nio-8081-exec-22",
                    "class": "o.s.w.s.m.m.a.RequestMappingHandlerMapping",
                    "message": "Mapped to com.zbkj.front.controller.CartController#count(CartNumRequest)" }
                    
{
                    "app": "Crmeb",
                    "timestamp":"2025-09-23 18:34:15.630",
                    "level": "DEBUG",
                    "thread": "http-nio-8081-exec-22",
                    "class": "o.s.w.s.m.m.a.RequestResponseBodyMethodProcessor",
                    "message": "Using 'application/json', given [application/json, text/plain, */*] and supported [application/json, application/*+json, application/json, application/*+json]" }
                    
{
                    "app": "Crmeb",
                    "timestamp":"2025-09-23 18:34:15.631",
                    "level": "DEBUG",
                    "thread": "http-nio-8081-exec-22",
                    "class": "o.s.w.s.m.m.a.RequestResponseBodyMethodProcessor",
                    "message": "Writing [com.zbkj.common.response.CommonResult@65af40d5]" }
                    
{
                    "app": "Crmeb",
                    "timestamp":"2025-09-23 18:34:15.631",
                    "level": "DEBUG",
                    "thread": "http-nio-8081-exec-22",
                    "class": "o.s.web.servlet.DispatcherServlet",
                    "message": "Completed 200 OK" }
                    
{
                    "app": "Crmeb",
                    "timestamp":"2025-09-23 18:34:15.638",
                    "level": "DEBUG",
                    "thread": "http-nio-8081-exec-21",
                    "class": "o.s.w.s.m.m.a.RequestResponseBodyMethodProcessor",
                    "message": "Using 'application/json', given [application/json, text/plain, */*] and supported [application/json, application/*+json, application/json, application/*+json]" }
                    
{
                    "app": "Crmeb",
                    "timestamp":"2025-09-23 18:34:15.639",
                    "level": "DEBUG",
                    "thread": "http-nio-8081-exec-21",
                    "class": "o.s.w.s.m.m.a.RequestResponseBodyMethodProcessor",
                    "message": "Writing [com.zbkj.common.response.CommonResult@41e4014f]" }
                    
{
                    "app": "Crmeb",
                    "timestamp":"2025-09-23 18:34:15.639",
                    "level": "DEBUG",
                    "thread": "http-nio-8081-exec-21",
                    "class": "o.s.web.servlet.DispatcherServlet",
                    "message": "Completed 200 OK" }
                    
{
                    "app": "Crmeb",
                    "timestamp":"2025-09-23 18:34:15.653",
                    "level": "DEBUG",
                    "thread": "http-nio-8081-exec-17",
                    "class": "o.s.web.servlet.DispatcherServlet",
                    "message": "GET "/api/pc/address/all/list", parameters={}" }
                    
{
                    "app": "Crmeb",
                    "timestamp":"2025-09-23 18:34:15.654",
                    "level": "DEBUG",
                    "thread": "http-nio-8081-exec-17",
                    "class": "o.s.w.s.m.m.a.RequestMappingHandlerMapping",
                    "message": "Mapped to com.zbkj.front.pc.controller.PcUserAddressController#getAllList()" }
                    
{
                    "app": "Crmeb",
                    "timestamp":"2025-09-23 18:34:15.654",
                    "level": "DEBUG",
                    "thread": "http-nio-8081-exec-24",
                    "class": "o.s.web.servlet.DispatcherServlet",
                    "message": "GET "/api/front/order/load/pre/1701758623655a737d18b95b64ea5bdc24224783779e7", parameters={}" }
                    
{
                    "app": "Crmeb",
                    "timestamp":"2025-09-23 18:34:15.654",
                    "level": "DEBUG",
                    "thread": "http-nio-8081-exec-27",
                    "class": "o.s.web.servlet.DispatcherServlet",
                    "message": "GET "/api/front/coupons/order/1701758623655a737d18b95b64ea5bdc24224783779e7", parameters={}" }
                    
{
                    "app": "Crmeb",
                    "timestamp":"2025-09-23 18:34:15.655",
                    "level": "DEBUG",
                    "thread": "http-nio-8081-exec-24",
                    "class": "o.s.w.s.m.m.a.RequestMappingHandlerMapping",
                    "message": "Mapped to com.zbkj.front.controller.StoreOrderController#loadPreOrder(String)" }
                    
{
                    "app": "Crmeb",
                    "timestamp":"2025-09-23 18:34:15.655",
                    "level": "DEBUG",
                    "thread": "http-nio-8081-exec-27",
                    "class": "o.s.w.s.m.m.a.RequestMappingHandlerMapping",
                    "message": "Mapped to com.zbkj.front.controller.CouponController#getCouponsListByPreOrderNo(String)" }
                    
{
                    "app": "Crmeb",
                    "timestamp":"2025-09-23 18:34:15.657",
                    "level": "DEBUG",
                    "thread": "http-nio-8081-exec-17",
                    "class": "o.s.w.s.m.m.a.RequestResponseBodyMethodProcessor",
                    "message": "Using 'application/json', given [application/json, text/plain, */*] and supported [application/json, application/*+json, application/json, application/*+json]" }
                    
{
                    "app": "Crmeb",
                    "timestamp":"2025-09-23 18:34:15.658",
                    "level": "DEBUG",
                    "thread": "http-nio-8081-exec-17",
                    "class": "o.s.w.s.m.m.a.RequestResponseBodyMethodProcessor",
                    "message": "Writing [com.zbkj.common.response.CommonResult@5afc1b34]" }
                    
{
                    "app": "Crmeb",
                    "timestamp":"2025-09-23 18:34:15.658",
                    "level": "DEBUG",
                    "thread": "http-nio-8081-exec-17",
                    "class": "o.s.web.servlet.DispatcherServlet",
                    "message": "Completed 200 OK" }
                    
{
                    "app": "Crmeb",
                    "timestamp":"2025-09-23 18:34:15.668",
                    "level": "DEBUG",
                    "thread": "http-nio-8081-exec-24",
                    "class": "o.s.w.s.m.m.a.RequestResponseBodyMethodProcessor",
                    "message": "Using 'application/json', given [application/json, text/plain, */*] and supported [application/json, application/*+json, application/json, application/*+json]" }
                    
{
                    "app": "Crmeb",
                    "timestamp":"2025-09-23 18:34:15.668",
                    "level": "DEBUG",
                    "thread": "http-nio-8081-exec-24",
                    "class": "o.s.w.s.m.m.a.RequestResponseBodyMethodProcessor",
                    "message": "Writing [com.zbkj.common.response.CommonResult@4258802e]" }
                    
{
                    "app": "Crmeb",
                    "timestamp":"2025-09-23 18:34:15.669",
                    "level": "DEBUG",
                    "thread": "http-nio-8081-exec-24",
                    "class": "o.s.web.servlet.DispatcherServlet",
                    "message": "Completed 200 OK" }
                    
{
                    "app": "Crmeb",
                    "timestamp":"2025-09-23 18:34:15.673",
                    "level": "DEBUG",
                    "thread": "http-nio-8081-exec-27",
                    "class": "o.s.w.s.m.m.a.RequestResponseBodyMethodProcessor",
                    "message": "Using 'application/json', given [application/json, text/plain, */*] and supported [application/json, application/*+json, application/json, application/*+json]" }
                    
{
                    "app": "Crmeb",
                    "timestamp":"2025-09-23 18:34:15.673",
                    "level": "DEBUG",
                    "thread": "http-nio-8081-exec-27",
                    "class": "o.s.w.s.m.m.a.RequestResponseBodyMethodProcessor",
                    "message": "Writing [com.zbkj.common.response.CommonResult@1f396679]" }
                    
{
                    "app": "Crmeb",
                    "timestamp":"2025-09-23 18:34:15.673",
                    "level": "DEBUG",
                    "thread": "http-nio-8081-exec-27",
                    "class": "o.s.web.servlet.DispatcherServlet",
                    "message": "Completed 200 OK" }
                    
{
                    "app": "Crmeb",
                    "timestamp":"2025-09-23 18:34:20.974",
                    "level": "DEBUG",
                    "thread": "http-nio-8081-exec-30",
                    "class": "o.s.web.servlet.DispatcherServlet",
                    "message": "POST "/api/front/order/create", parameters={}" }
                    
{
                    "app": "Crmeb",
                    "timestamp":"2025-09-23 18:34:20.974",
                    "level": "DEBUG",
                    "thread": "http-nio-8081-exec-30",
                    "class": "o.s.w.s.m.m.a.RequestMappingHandlerMapping",
                    "message": "Mapped to com.zbkj.front.controller.StoreOrderController#createOrder(CreateOrderRequest)" }
                    
{
                    "app": "Crmeb",
                    "timestamp":"2025-09-23 18:34:20.976",
                    "level": "DEBUG",
                    "thread": "http-nio-8081-exec-30",
                    "class": "o.s.w.s.m.m.a.RequestResponseBodyMethodProcessor",
                    "message": "Read "application/json;charset=UTF-8" to [CreateOrderRequest(preOrderNo=1701758623655a737d18b95b64ea5bdc24224783779e7, addressId=1, couponId=n (truncated)...]" }
                    
{
                    "app": "Crmeb",
                    "timestamp":"2025-09-23 18:34:21.026",
                    "level": "DEBUG",
                    "thread": "http-nio-8081-exec-30",
                    "class": "o.s.w.s.m.m.a.RequestResponseBodyMethodProcessor",
                    "message": "Using 'application/json', given [application/json, text/plain, */*] and supported [application/json, application/*+json, application/json, application/*+json]" }
                    
{
                    "app": "Crmeb",
                    "timestamp":"2025-09-23 18:34:21.027",
                    "level": "DEBUG",
                    "thread": "http-nio-8081-exec-30",
                    "class": "o.s.w.s.m.m.a.RequestResponseBodyMethodProcessor",
                    "message": "Writing [com.zbkj.common.response.CommonResult@42c91d5c]" }
                    
{
                    "app": "Crmeb",
                    "timestamp":"2025-09-23 18:34:21.027",
                    "level": "DEBUG",
                    "thread": "http-nio-8081-exec-30",
                    "class": "o.s.web.servlet.DispatcherServlet",
                    "message": "Completed 200 OK" }
                    
{
                    "app": "Crmeb",
                    "timestamp":"2025-09-23 18:34:21.032",
                    "level": "DEBUG",
                    "thread": "http-nio-8081-exec-5",
                    "class": "o.s.web.servlet.DispatcherServlet",
                    "message": "POST "/api/front/pay/payment", parameters={}" }
                    
{
                    "app": "Crmeb",
                    "timestamp":"2025-09-23 18:34:21.033",
                    "level": "DEBUG",
                    "thread": "http-nio-8081-exec-5",
                    "class": "o.s.w.s.m.m.a.RequestMappingHandlerMapping",
                    "message": "Mapped to com.zbkj.front.controller.PayController#payment(OrderPayRequest)" }
                    
{
                    "app": "Crmeb",
                    "timestamp":"2025-09-23 18:34:21.034",
                    "level": "DEBUG",
                    "thread": "http-nio-8081-exec-5",
                    "class": "o.s.w.s.m.m.a.RequestResponseBodyMethodProcessor",
                    "message": "Read "application/json;charset=UTF-8" to [OrderPayRequest(orderNo=PT126175862366099475435, payType=stripe, payChannel=pc)]" }
                    
{
                    "app": "Crmeb",
                    "timestamp":"2025-09-23 18:34:21.618",
                    "level": "DEBUG",
                    "thread": "http-nio-8081-exec-5",
                    "class": "o.s.w.s.m.m.a.ExceptionHandlerExceptionResolver",
                    "message": "Using @ExceptionHandler com.zbkj.common.exception.GlobalExceptionHandler#defaultExceptionHandler(Exception)" }
                    
{
                    "app": "Crmeb",
                    "timestamp":"2025-09-23 18:34:21.623",
                    "level": "DEBUG",
                    "thread": "http-nio-8081-exec-5",
                    "class": "o.s.w.s.m.m.a.RequestResponseBodyMethodProcessor",
                    "message": "Using 'application/json', given [application/json, text/plain, */*] and supported [application/json, application/*+json, application/json, application/*+json]" }
                    
{
                    "app": "Crmeb",
                    "timestamp":"2025-09-23 18:34:21.623",
                    "level": "DEBUG",
                    "thread": "http-nio-8081-exec-5",
                    "class": "o.s.w.s.m.m.a.RequestResponseBodyMethodProcessor",
                    "message": "Writing [com.zbkj.common.response.CommonResult@5d683ffd]" }
                    
{
                    "app": "Crmeb",
                    "timestamp":"2025-09-23 18:34:21.624",
                    "level": "DEBUG",
                    "thread": "http-nio-8081-exec-5",
                    "class": "o.s.w.s.m.m.a.ExceptionHandlerExceptionResolver",
                    "message": "Resolved [com.zbkj.common.exception.CrmebException: Stripe 付款意图错误]" }
                    
{
                    "app": "Crmeb",
                    "timestamp":"2025-09-23 18:34:21.624",
                    "level": "DEBUG",
                    "thread": "http-nio-8081-exec-5",
                    "class": "o.s.web.servlet.DispatcherServlet",
                    "message": "Completed 200 OK" }
                    
{
                    "app": "Crmeb",
                    "timestamp":"2025-09-23 18:34:25.877",
                    "level": "DEBUG",
                    "thread": "http-nio-8081-exec-28",
                    "class": "o.s.web.servlet.DispatcherServlet",
                    "message": "GET "/api/front/user/menu/user", parameters={}" }
                    
{
                    "app": "Crmeb",
                    "timestamp":"2025-09-23 18:34:25.878",
                    "level": "DEBUG",
                    "thread": "http-nio-8081-exec-28",
                    "class": "o.s.w.s.m.m.a.RequestMappingHandlerMapping",
                    "message": "Mapped to com.zbkj.front.controller.UserController#getMenuUser()" }
                    
{
                    "app": "Crmeb",
                    "timestamp":"2025-09-23 18:34:25.887",
                    "level": "DEBUG",
                    "thread": "http-nio-8081-exec-28",
                    "class": "o.s.w.s.m.m.a.RequestResponseBodyMethodProcessor",
                    "message": "Using 'application/json', given [application/json, text/plain, */*] and supported [application/json, application/*+json, application/json, application/*+json]" }
                    
{
                    "app": "Crmeb",
                    "timestamp":"2025-09-23 18:34:25.888",
                    "level": "DEBUG",
                    "thread": "http-nio-8081-exec-28",
                    "class": "o.s.w.s.m.m.a.RequestResponseBodyMethodProcessor",
                    "message": "Writing [com.zbkj.common.response.CommonResult@4e1e5d97]" }
                    
{
                    "app": "Crmeb",
                    "timestamp":"2025-09-23 18:34:25.888",
                    "level": "DEBUG",
                    "thread": "http-nio-8081-exec-28",
                    "class": "o.s.web.servlet.DispatcherServlet",
                    "message": "Completed 200 OK" }
                    
{
                    "app": "Crmeb",
                    "timestamp":"2025-09-23 18:34:25.899",
                    "level": "DEBUG",
                    "thread": "http-nio-8081-exec-1",
                    "class": "o.s.web.servlet.DispatcherServlet",
                    "message": "GET "/api/front/user/menu/user", parameters={}" }
                    
{
                    "app": "Crmeb",
                    "timestamp":"2025-09-23 18:34:25.899",
                    "level": "DEBUG",
                    "thread": "http-nio-8081-exec-1",
                    "class": "o.s.w.s.m.m.a.RequestMappingHandlerMapping",
                    "message": "Mapped to com.zbkj.front.controller.UserController#getMenuUser()" }
                    
{
                    "app": "Crmeb",
                    "timestamp":"2025-09-23 18:34:25.901",
                    "level": "DEBUG",
                    "thread": "http-nio-8081-exec-16",
                    "class": "o.s.web.servlet.DispatcherServlet",
                    "message": "GET "/api/front/cart/count?numType=true&type=total", parameters={masked}" }
                    
{
                    "app": "Crmeb",
                    "timestamp":"2025-09-23 18:34:25.902",
                    "level": "DEBUG",
                    "thread": "http-nio-8081-exec-16",
                    "class": "o.s.w.s.m.m.a.RequestMappingHandlerMapping",
                    "message": "Mapped to com.zbkj.front.controller.CartController#count(CartNumRequest)" }
                    
{
                    "app": "Crmeb",
                    "timestamp":"2025-09-23 18:34:25.905",
                    "level": "DEBUG",
                    "thread": "http-nio-8081-exec-16",
                    "class": "o.s.w.s.m.m.a.RequestResponseBodyMethodProcessor",
                    "message": "Using 'application/json', given [application/json, text/plain, */*] and supported [application/json, application/*+json, application/json, application/*+json]" }
                    
{
                    "app": "Crmeb",
                    "timestamp":"2025-09-23 18:34:25.905",
                    "level": "DEBUG",
                    "thread": "http-nio-8081-exec-16",
                    "class": "o.s.w.s.m.m.a.RequestResponseBodyMethodProcessor",
                    "message": "Writing [com.zbkj.common.response.CommonResult@3850cf74]" }
                    
{
                    "app": "Crmeb",
                    "timestamp":"2025-09-23 18:34:25.905",
                    "level": "DEBUG",
                    "thread": "http-nio-8081-exec-16",
                    "class": "o.s.web.servlet.DispatcherServlet",
                    "message": "Completed 200 OK" }
                    
{
                    "app": "Crmeb",
                    "timestamp":"2025-09-23 18:34:25.909",
                    "level": "DEBUG",
                    "thread": "http-nio-8081-exec-1",
                    "class": "o.s.w.s.m.m.a.RequestResponseBodyMethodProcessor",
                    "message": "Using 'application/json', given [application/json, text/plain, */*] and supported [application/json, application/*+json, application/json, application/*+json]" }
                    
{
                    "app": "Crmeb",
                    "timestamp":"2025-09-23 18:34:25.909",
                    "level": "DEBUG",
                    "thread": "http-nio-8081-exec-1",
                    "class": "o.s.w.s.m.m.a.RequestResponseBodyMethodProcessor",
                    "message": "Writing [com.zbkj.common.response.CommonResult@2b5b38b4]" }
                    
{
                    "app": "Crmeb",
                    "timestamp":"2025-09-23 18:34:25.909",
                    "level": "DEBUG",
                    "thread": "http-nio-8081-exec-1",
                    "class": "o.s.web.servlet.DispatcherServlet",
                    "message": "Completed 200 OK" }
                    
{
                    "app": "Crmeb",
                    "timestamp":"2025-09-23 18:34:25.920",
                    "level": "DEBUG",
                    "thread": "http-nio-8081-exec-10",
                    "class": "o.s.web.servlet.DispatcherServlet",
                    "message": "GET "/api/front/order/list?page=1&limit=10&type=1", parameters={masked}" }
                    
{
                    "app": "Crmeb",
                    "timestamp":"2025-09-23 18:34:25.920",
                    "level": "DEBUG",
                    "thread": "http-nio-8081-exec-7",
                    "class": "o.s.web.servlet.DispatcherServlet",
                    "message": "GET "/api/front/order/data", parameters={}" }
                    
{
                    "app": "Crmeb",
                    "timestamp":"2025-09-23 18:34:25.921",
                    "level": "DEBUG",
                    "thread": "http-nio-8081-exec-10",
                    "class": "o.s.w.s.m.m.a.RequestMappingHandlerMapping",
                    "message": "Mapped to com.zbkj.front.controller.StoreOrderController#orderList(Integer, PageParamRequest)" }
                    
{
                    "app": "Crmeb",
                    "timestamp":"2025-09-23 18:34:25.921",
                    "level": "DEBUG",
                    "thread": "http-nio-8081-exec-7",
                    "class": "o.s.w.s.m.m.a.RequestMappingHandlerMapping",
                    "message": "Mapped to com.zbkj.front.controller.StoreOrderController#orderData()" }
                    
{
                    "app": "Crmeb",
                    "timestamp":"2025-09-23 18:34:25.925",
                    "level": "DEBUG",
                    "thread": "http-nio-8081-exec-10",
                    "class": "o.s.w.s.m.m.a.RequestResponseBodyMethodProcessor",
                    "message": "Using 'application/json', given [application/json, text/plain, */*] and supported [application/json, application/*+json, application/json, application/*+json]" }
                    
{
                    "app": "Crmeb",
                    "timestamp":"2025-09-23 18:34:25.925",
                    "level": "DEBUG",
                    "thread": "http-nio-8081-exec-10",
                    "class": "o.s.w.s.m.m.a.RequestResponseBodyMethodProcessor",
                    "message": "Writing [com.zbkj.common.response.CommonResult@49553b77]" }
                    
{
                    "app": "Crmeb",
                    "timestamp":"2025-09-23 18:34:25.926",
                    "level": "DEBUG",
                    "thread": "http-nio-8081-exec-10",
                    "class": "o.s.web.servlet.DispatcherServlet",
                    "message": "Completed 200 OK" }
                    
{
                    "app": "Crmeb",
                    "timestamp":"2025-09-23 18:34:25.929",
                    "level": "DEBUG",
                    "thread": "http-nio-8081-exec-7",
                    "class": "o.s.w.s.m.m.a.RequestResponseBodyMethodProcessor",
                    "message": "Using 'application/json', given [application/json, text/plain, */*] and supported [application/json, application/*+json, application/json, application/*+json]" }
                    
{
                    "app": "Crmeb",
                    "timestamp":"2025-09-23 18:34:25.930",
                    "level": "DEBUG",
                    "thread": "http-nio-8081-exec-7",
                    "class": "o.s.w.s.m.m.a.RequestResponseBodyMethodProcessor",
                    "message": "Writing [com.zbkj.common.response.CommonResult@5e773b10]" }
                    
{
                    "app": "Crmeb",
                    "timestamp":"2025-09-23 18:34:25.930",
                    "level": "DEBUG",
                    "thread": "http-nio-8081-exec-7",
                    "class": "o.s.web.servlet.DispatcherServlet",
                    "message": "Completed 200 OK" }
                    
{
                    "app": "Crmeb",
                    "timestamp":"2025-09-23 18:34:27.133",
                    "level": "DEBUG",
                    "thread": "http-nio-8081-exec-9",
                    "class": "o.s.web.servlet.DispatcherServlet",
                    "message": "GET "/api/front/order/await/pay/list?page=1&limit=10", parameters={masked}" }
                    
{
                    "app": "Crmeb",
                    "timestamp":"2025-09-23 18:34:27.134",
                    "level": "DEBUG",
                    "thread": "http-nio-8081-exec-9",
                    "class": "o.s.w.s.m.m.a.RequestMappingHandlerMapping",
                    "message": "Mapped to com.zbkj.front.controller.StoreOrderController#awaitPayList(PageParamRequest)" }
                    
{
                    "app": "Crmeb",
                    "timestamp":"2025-09-23 18:34:27.152",
                    "level": "DEBUG",
                    "thread": "http-nio-8081-exec-9",
                    "class": "o.s.w.s.m.m.a.RequestResponseBodyMethodProcessor",
                    "message": "Using 'application/json', given [application/json, text/plain, */*] and supported [application/json, application/*+json, application/json, application/*+json]" }
                    
{
                    "app": "Crmeb",
                    "timestamp":"2025-09-23 18:34:27.153",
                    "level": "DEBUG",
                    "thread": "http-nio-8081-exec-9",
                    "class": "o.s.w.s.m.m.a.RequestResponseBodyMethodProcessor",
                    "message": "Writing [com.zbkj.common.response.CommonResult@24b292d4]" }
                    
{
                    "app": "Crmeb",
                    "timestamp":"2025-09-23 18:34:27.153",
                    "level": "DEBUG",
                    "thread": "http-nio-8081-exec-9",
                    "class": "o.s.web.servlet.DispatcherServlet",
                    "message": "Completed 200 OK" }
                    
{
                    "app": "Crmeb",
                    "timestamp":"2025-09-23 18:34:29.969",
                    "level": "DEBUG",
                    "thread": "http-nio-8081-exec-14",
                    "class": "o.s.web.servlet.DispatcherServlet",
                    "message": "POST "/api/front/pay/payment", parameters={}" }
                    
{
                    "app": "Crmeb",
                    "timestamp":"2025-09-23 18:34:29.970",
                    "level": "DEBUG",
                    "thread": "http-nio-8081-exec-14",
                    "class": "o.s.w.s.m.m.a.RequestMappingHandlerMapping",
                    "message": "Mapped to com.zbkj.front.controller.PayController#payment(OrderPayRequest)" }
                    
{
                    "app": "Crmeb",
                    "timestamp":"2025-09-23 18:34:29.971",
                    "level": "DEBUG",
                    "thread": "http-nio-8081-exec-14",
                    "class": "o.s.w.s.m.m.a.RequestResponseBodyMethodProcessor",
                    "message": "Read "application/json;charset=UTF-8" to [OrderPayRequest(orderNo=PT126175862366099475435, payType=stripe, payChannel=pc)]" }
                    
{
                    "app": "Crmeb",
                    "timestamp":"2025-09-23 18:34:30.224",
                    "level": "DEBUG",
                    "thread": "http-nio-8081-exec-14",
                    "class": "o.s.w.s.m.m.a.ExceptionHandlerExceptionResolver",
                    "message": "Using @ExceptionHandler com.zbkj.common.exception.GlobalExceptionHandler#defaultExceptionHandler(Exception)" }
                    
{
                    "app": "Crmeb",
                    "timestamp":"2025-09-23 18:34:30.233",
                    "level": "DEBUG",
                    "thread": "http-nio-8081-exec-14",
                    "class": "o.s.w.s.m.m.a.RequestResponseBodyMethodProcessor",
                    "message": "Using 'application/json', given [application/json, text/plain, */*] and supported [application/json, application/*+json, application/json, application/*+json]" }
                    
{
                    "app": "Crmeb",
                    "timestamp":"2025-09-23 18:34:30.233",
                    "level": "DEBUG",
                    "thread": "http-nio-8081-exec-14",
                    "class": "o.s.w.s.m.m.a.RequestResponseBodyMethodProcessor",
                    "message": "Writing [com.zbkj.common.response.CommonResult@1afada82]" }
                    
{
                    "app": "Crmeb",
                    "timestamp":"2025-09-23 18:34:30.233",
                    "level": "DEBUG",
                    "thread": "http-nio-8081-exec-14",
                    "class": "o.s.w.s.m.m.a.ExceptionHandlerExceptionResolver",
                    "message": "Resolved [com.zbkj.common.exception.CrmebException: Stripe 付款意图错误]" }
                    
{
                    "app": "Crmeb",
                    "timestamp":"2025-09-23 18:34:30.233",
                    "level": "DEBUG",
                    "thread": "http-nio-8081-exec-14",
                    "class": "o.s.web.servlet.DispatcherServlet",
                    "message": "Completed 200 OK" }
                    
{
                    "app": "Crmeb",
                    "timestamp":"2025-09-23 18:34:32.919",
                    "level": "DEBUG",
                    "thread": "http-nio-8081-exec-19",
                    "class": "o.s.web.servlet.DispatcherServlet",
                    "message": "POST "/api/front/order/cancel/PT126175862366099475435", parameters={}" }
                    
{
                    "app": "Crmeb",
                    "timestamp":"2025-09-23 18:34:32.920",
                    "level": "DEBUG",
                    "thread": "http-nio-8081-exec-19",
                    "class": "o.s.w.s.m.m.a.RequestMappingHandlerMapping",
                    "message": "Mapped to com.zbkj.front.controller.StoreOrderController#cancel(String)" }
                    
{
                    "app": "Crmeb",
                    "timestamp":"2025-09-23 18:34:32.932",
                    "level": "DEBUG",
                    "thread": "http-nio-8081-exec-19",
                    "class": "o.s.w.s.m.m.a.RequestResponseBodyMethodProcessor",
                    "message": "Using 'application/json', given [application/json, text/plain, */*] and supported [application/json, application/*+json, application/json, application/*+json]" }
                    
{
                    "app": "Crmeb",
                    "timestamp":"2025-09-23 18:34:32.932",
                    "level": "DEBUG",
                    "thread": "http-nio-8081-exec-19",
                    "class": "o.s.w.s.m.m.a.RequestResponseBodyMethodProcessor",
                    "message": "Writing [com.zbkj.common.response.CommonResult@6850e981]" }
                    
{
                    "app": "Crmeb",
                    "timestamp":"2025-09-23 18:34:32.932",
                    "level": "DEBUG",
                    "thread": "http-nio-8081-exec-19",
                    "class": "o.s.web.servlet.DispatcherServlet",
                    "message": "Completed 200 OK" }
                    
{
                    "app": "Crmeb",
                    "timestamp":"2025-09-23 18:34:38.408",
                    "level": "DEBUG",
                    "thread": "http-nio-8081-exec-17",
                    "class": "o.s.web.servlet.DispatcherServlet",
                    "message": "GET "/api/front/product/leaderboard", parameters={}" }
                    
{
                    "app": "Crmeb",
                    "timestamp":"2025-09-23 18:34:38.408",
                    "level": "DEBUG",
                    "thread": "http-nio-8081-exec-8",
                    "class": "o.s.web.servlet.DispatcherServlet",
                    "message": "GET "/api/pc/home/index", parameters={}" }
                    
{
                    "app": "Crmeb",
                    "timestamp":"2025-09-23 18:34:38.408",
                    "level": "DEBUG",
                    "thread": "http-nio-8081-exec-26",
                    "class": "o.s.web.servlet.DispatcherServlet",
                    "message": "GET "/api/front/merchant/street", parameters={}" }
                    
{
                    "app": "Crmeb",
                    "timestamp":"2025-09-23 18:34:38.408",
                    "level": "DEBUG",
                    "thread": "http-nio-8081-exec-24",
                    "class": "o.s.web.servlet.DispatcherServlet",
                    "message": "GET "/api/front/activity/index/list", parameters={}" }
                    
{
                    "app": "Crmeb",
                    "timestamp":"2025-09-23 18:34:38.409",
                    "level": "DEBUG",
                    "thread": "http-nio-8081-exec-27",
                    "class": "o.s.web.servlet.DispatcherServlet",
                    "message": "GET "/api/front/index/product?page=1&limit=13", parameters={masked}" }
                    
{
                    "app": "Crmeb",
                    "timestamp":"2025-09-23 18:34:38.409",
                    "level": "DEBUG",
                    "thread": "http-nio-8081-exec-17",
                    "class": "o.s.w.s.m.m.a.RequestMappingHandlerMapping",
                    "message": "Mapped to com.zbkj.front.controller.ProductController#getLeaderboard()" }
                    
{
                    "app": "Crmeb",
                    "timestamp":"2025-09-23 18:34:38.409",
                    "level": "DEBUG",
                    "thread": "http-nio-8081-exec-8",
                    "class": "o.s.w.s.m.m.a.RequestMappingHandlerMapping",
                    "message": "Mapped to com.zbkj.front.pc.controller.PcIndexController#getIndexInfo()" }
                    
{
                    "app": "Crmeb",
                    "timestamp":"2025-09-23 18:34:38.409",
                    "level": "DEBUG",
                    "thread": "http-nio-8081-exec-26",
                    "class": "o.s.w.s.m.m.a.RequestMappingHandlerMapping",
                    "message": "Mapped to com.zbkj.front.controller.MerchantController#getStreet(PageParamRequest)" }
                    
{
                    "app": "Crmeb",
                    "timestamp":"2025-09-23 18:34:38.411",
                    "level": "DEBUG",
                    "thread": "http-nio-8081-exec-24",
                    "class": "o.s.w.s.m.m.a.RequestMappingHandlerMapping",
                    "message": "Mapped to com.zbkj.front.controller.ActivityController#getIndexList()" }
                    
{
                    "app": "Crmeb",
                    "timestamp":"2025-09-23 18:34:38.412",
                    "level": "DEBUG",
                    "thread": "http-nio-8081-exec-27",
                    "class": "o.s.w.s.m.m.a.RequestMappingHandlerMapping",
                    "message": "Mapped to com.zbkj.front.controller.IndexController#getProductList(PageParamRequest)" }
                    
{
                    "app": "Crmeb",
                    "timestamp":"2025-09-23 18:34:38.420",
                    "level": "DEBUG",
                    "thread": "http-nio-8081-exec-17",
                    "class": "o.s.w.s.m.m.a.RequestResponseBodyMethodProcessor",
                    "message": "Using 'application/json', given [application/json, text/plain, */*] and supported [application/json, application/*+json, application/json, application/*+json]" }
                    
{
                    "app": "Crmeb",
                    "timestamp":"2025-09-23 18:34:38.420",
                    "level": "DEBUG",
                    "thread": "http-nio-8081-exec-17",
                    "class": "o.s.w.s.m.m.a.RequestResponseBodyMethodProcessor",
                    "message": "Writing [com.zbkj.common.response.CommonResult@413115e]" }
                    
{
                    "app": "Crmeb",
                    "timestamp":"2025-09-23 18:34:38.421",
                    "level": "DEBUG",
                    "thread": "http-nio-8081-exec-17",
                    "class": "o.s.web.servlet.DispatcherServlet",
                    "message": "Completed 200 OK" }
                    
{
                    "app": "Crmeb",
                    "timestamp":"2025-09-23 18:34:38.422",
                    "level": "DEBUG",
                    "thread": "http-nio-8081-exec-27",
                    "class": "o.s.w.s.m.m.a.RequestResponseBodyMethodProcessor",
                    "message": "Using 'application/json', given [application/json, text/plain, */*] and supported [application/json, application/*+json, application/json, application/*+json]" }
                    
{
                    "app": "Crmeb",
                    "timestamp":"2025-09-23 18:34:38.422",
                    "level": "DEBUG",
                    "thread": "http-nio-8081-exec-27",
                    "class": "o.s.w.s.m.m.a.RequestResponseBodyMethodProcessor",
                    "message": "Writing [com.zbkj.common.response.CommonResult@642af1b4]" }
                    
{
                    "app": "Crmeb",
                    "timestamp":"2025-09-23 18:34:38.423",
                    "level": "DEBUG",
                    "thread": "http-nio-8081-exec-27",
                    "class": "o.s.web.servlet.DispatcherServlet",
                    "message": "Completed 200 OK" }
                    
{
                    "app": "Crmeb",
                    "timestamp":"2025-09-23 18:34:38.424",
                    "level": "DEBUG",
                    "thread": "http-nio-8081-exec-26",
                    "class": "o.s.w.s.m.m.a.RequestResponseBodyMethodProcessor",
                    "message": "Using 'application/json', given [application/json, text/plain, */*] and supported [application/json, application/*+json, application/json, application/*+json]" }
                    
{
                    "app": "Crmeb",
                    "timestamp":"2025-09-23 18:34:38.424",
                    "level": "DEBUG",
                    "thread": "http-nio-8081-exec-26",
                    "class": "o.s.w.s.m.m.a.RequestResponseBodyMethodProcessor",
                    "message": "Writing [com.zbkj.common.response.CommonResult@685161ef]" }
                    
{
                    "app": "Crmeb",
                    "timestamp":"2025-09-23 18:34:38.424",
                    "level": "DEBUG",
                    "thread": "http-nio-8081-exec-26",
                    "class": "o.s.web.servlet.DispatcherServlet",
                    "message": "Completed 200 OK" }
                    
{
                    "app": "Crmeb",
                    "timestamp":"2025-09-23 18:34:38.438",
                    "level": "DEBUG",
                    "thread": "http-nio-8081-exec-24",
                    "class": "o.s.w.s.m.m.a.RequestResponseBodyMethodProcessor",
                    "message": "Using 'application/json', given [application/json, text/plain, */*] and supported [application/json, application/*+json, application/json, application/*+json]" }
                    
{
                    "app": "Crmeb",
                    "timestamp":"2025-09-23 18:34:38.438",
                    "level": "DEBUG",
                    "thread": "http-nio-8081-exec-24",
                    "class": "o.s.w.s.m.m.a.RequestResponseBodyMethodProcessor",
                    "message": "Writing [com.zbkj.common.response.CommonResult@6fa6ed69]" }
                    
{
                    "app": "Crmeb",
                    "timestamp":"2025-09-23 18:34:38.438",
                    "level": "DEBUG",
                    "thread": "http-nio-8081-exec-24",
                    "class": "o.s.web.servlet.DispatcherServlet",
                    "message": "Completed 200 OK" }
                    
{
                    "app": "Crmeb",
                    "timestamp":"2025-09-23 18:34:38.440",
                    "level": "DEBUG",
                    "thread": "http-nio-8081-exec-8",
                    "class": "o.s.w.s.m.m.a.RequestResponseBodyMethodProcessor",
                    "message": "Using 'application/json', given [application/json, text/plain, */*] and supported [application/json, application/*+json, application/json, application/*+json]" }
                    
{
                    "app": "Crmeb",
                    "timestamp":"2025-09-23 18:34:38.440",
                    "level": "DEBUG",
                    "thread": "http-nio-8081-exec-8",
                    "class": "o.s.w.s.m.m.a.RequestResponseBodyMethodProcessor",
                    "message": "Writing [com.zbkj.common.response.CommonResult@746331b1]" }
                    
{
                    "app": "Crmeb",
                    "timestamp":"2025-09-23 18:34:38.441",
                    "level": "DEBUG",
                    "thread": "http-nio-8081-exec-8",
                    "class": "o.s.web.servlet.DispatcherServlet",
                    "message": "Completed 200 OK" }
                    
{
                    "app": "Crmeb",
                    "timestamp":"2025-09-23 18:34:38.443",
                    "level": "DEBUG",
                    "thread": "http-nio-8081-exec-13",
                    "class": "o.s.web.servlet.DispatcherServlet",
                    "message": "GET "/api/front/activity/index/list", parameters={}" }
                    
{
                    "app": "Crmeb",
                    "timestamp":"2025-09-23 18:34:38.444",
                    "level": "DEBUG",
                    "thread": "http-nio-8081-exec-13",
                    "class": "o.s.w.s.m.m.a.RequestMappingHandlerMapping",
                    "message": "Mapped to com.zbkj.front.controller.ActivityController#getIndexList()" }
                    
{
                    "app": "Crmeb",
                    "timestamp":"2025-09-23 18:34:38.455",
                    "level": "DEBUG",
                    "thread": "http-nio-8081-exec-13",
                    "class": "o.s.w.s.m.m.a.RequestResponseBodyMethodProcessor",
                    "message": "Using 'application/json', given [application/json, text/plain, */*] and supported [application/json, application/*+json, application/json, application/*+json]" }
                    
{
                    "app": "Crmeb",
                    "timestamp":"2025-09-23 18:34:38.455",
                    "level": "DEBUG",
                    "thread": "http-nio-8081-exec-13",
                    "class": "o.s.w.s.m.m.a.RequestResponseBodyMethodProcessor",
                    "message": "Writing [com.zbkj.common.response.CommonResult@44d9487e]" }
                    
{
                    "app": "Crmeb",
                    "timestamp":"2025-09-23 18:34:38.455",
                    "level": "DEBUG",
                    "thread": "http-nio-8081-exec-13",
                    "class": "o.s.web.servlet.DispatcherServlet",
                    "message": "Completed 200 OK" }
                    
{
                    "app": "Crmeb",
                    "timestamp":"2025-09-23 18:34:38.470",
                    "level": "DEBUG",
                    "thread": "http-nio-8081-exec-5",
                    "class": "o.s.web.servlet.DispatcherServlet",
                    "message": "GET "/api/front/user/menu/user", parameters={}" }
                    
{
                    "app": "Crmeb",
                    "timestamp":"2025-09-23 18:34:38.470",
                    "level": "DEBUG",
                    "thread": "http-nio-8081-exec-12",
                    "class": "o.s.web.servlet.DispatcherServlet",
                    "message": "GET "/api/front/cart/count?numType=true&type=total", parameters={masked}" }
                    
{
                    "app": "Crmeb",
                    "timestamp":"2025-09-23 18:34:38.471",
                    "level": "DEBUG",
                    "thread": "http-nio-8081-exec-5",
                    "class": "o.s.w.s.m.m.a.RequestMappingHandlerMapping",
                    "message": "Mapped to com.zbkj.front.controller.UserController#getMenuUser()" }
                    
{
                    "app": "Crmeb",
                    "timestamp":"2025-09-23 18:34:38.471",
                    "level": "DEBUG",
                    "thread": "http-nio-8081-exec-12",
                    "class": "o.s.w.s.m.m.a.RequestMappingHandlerMapping",
                    "message": "Mapped to com.zbkj.front.controller.CartController#count(CartNumRequest)" }
                    
{
                    "app": "Crmeb",
                    "timestamp":"2025-09-23 18:34:38.475",
                    "level": "DEBUG",
                    "thread": "http-nio-8081-exec-12",
                    "class": "o.s.w.s.m.m.a.RequestResponseBodyMethodProcessor",
                    "message": "Using 'application/json', given [application/json, text/plain, */*] and supported [application/json, application/*+json, application/json, application/*+json]" }
                    
{
                    "app": "Crmeb",
                    "timestamp":"2025-09-23 18:34:38.476",
                    "level": "DEBUG",
                    "thread": "http-nio-8081-exec-12",
                    "class": "o.s.w.s.m.m.a.RequestResponseBodyMethodProcessor",
                    "message": "Writing [com.zbkj.common.response.CommonResult@7acd2672]" }
                    
{
                    "app": "Crmeb",
                    "timestamp":"2025-09-23 18:34:38.476",
                    "level": "DEBUG",
                    "thread": "http-nio-8081-exec-12",
                    "class": "o.s.web.servlet.DispatcherServlet",
                    "message": "Completed 200 OK" }
                    
{
                    "app": "Crmeb",
                    "timestamp":"2025-09-23 18:34:38.483",
                    "level": "DEBUG",
                    "thread": "http-nio-8081-exec-5",
                    "class": "o.s.w.s.m.m.a.RequestResponseBodyMethodProcessor",
                    "message": "Using 'application/json', given [application/json, text/plain, */*] and supported [application/json, application/*+json, application/json, application/*+json]" }
                    
{
                    "app": "Crmeb",
                    "timestamp":"2025-09-23 18:34:38.483",
                    "level": "DEBUG",
                    "thread": "http-nio-8081-exec-28",
                    "class": "o.s.web.servlet.DispatcherServlet",
                    "message": "GET "/api/front/index/product?page=1&limit=13", parameters={masked}" }
                    
{
                    "app": "Crmeb",
                    "timestamp":"2025-09-23 18:34:38.483",
                    "level": "DEBUG",
                    "thread": "http-nio-8081-exec-5",
                    "class": "o.s.w.s.m.m.a.RequestResponseBodyMethodProcessor",
                    "message": "Writing [com.zbkj.common.response.CommonResult@48d9b983]" }
                    
{
                    "app": "Crmeb",
                    "timestamp":"2025-09-23 18:34:38.484",
                    "level": "DEBUG",
                    "thread": "http-nio-8081-exec-28",
                    "class": "o.s.w.s.m.m.a.RequestMappingHandlerMapping",
                    "message": "Mapped to com.zbkj.front.controller.IndexController#getProductList(PageParamRequest)" }
                    
{
                    "app": "Crmeb",
                    "timestamp":"2025-09-23 18:34:38.485",
                    "level": "DEBUG",
                    "thread": "http-nio-8081-exec-5",
                    "class": "o.s.web.servlet.DispatcherServlet",
                    "message": "Completed 200 OK" }
                    
{
                    "app": "Crmeb",
                    "timestamp":"2025-09-23 18:34:38.494",
                    "level": "DEBUG",
                    "thread": "http-nio-8081-exec-28",
                    "class": "o.s.w.s.m.m.a.RequestResponseBodyMethodProcessor",
                    "message": "Using 'application/json', given [application/json, text/plain, */*] and supported [application/json, application/*+json, application/json, application/*+json]" }
                    
{
                    "app": "Crmeb",
                    "timestamp":"2025-09-23 18:34:38.494",
                    "level": "DEBUG",
                    "thread": "http-nio-8081-exec-28",
                    "class": "o.s.w.s.m.m.a.RequestResponseBodyMethodProcessor",
                    "message": "Writing [com.zbkj.common.response.CommonResult@1eb89c32]" }
                    
{
                    "app": "Crmeb",
                    "timestamp":"2025-09-23 18:34:38.495",
                    "level": "DEBUG",
                    "thread": "http-nio-8081-exec-28",
                    "class": "o.s.web.servlet.DispatcherServlet",
                    "message": "Completed 200 OK" }
                    
{
                    "app": "Crmeb",
                    "timestamp":"2025-09-23 18:34:42.235",
                    "level": "DEBUG",
                    "thread": "http-nio-8081-exec-16",
                    "class": "o.s.web.servlet.DispatcherServlet",
                    "message": "GET "/api/front/product/detail/14", parameters={}" }
                    
{
                    "app": "Crmeb",
                    "timestamp":"2025-09-23 18:34:42.236",
                    "level": "DEBUG",
                    "thread": "http-nio-8081-exec-16",
                    "class": "o.s.w.s.m.m.a.RequestMappingHandlerMapping",
                    "message": "Mapped to com.zbkj.front.controller.ProductController#getDetail(Integer)" }
                    
{
                    "app": "Crmeb",
                    "timestamp":"2025-09-23 18:34:42.254",
                    "level": "DEBUG",
                    "thread": "http-nio-8081-exec-16",
                    "class": "o.s.w.s.m.m.a.RequestResponseBodyMethodProcessor",
                    "message": "Using 'application/json', given [application/json, text/plain, */*] and supported [application/json, application/*+json, application/json, application/*+json]" }
                    
{
                    "app": "Crmeb",
                    "timestamp":"2025-09-23 18:34:42.255",
                    "level": "DEBUG",
                    "thread": "http-nio-8081-exec-16",
                    "class": "o.s.w.s.m.m.a.RequestResponseBodyMethodProcessor",
                    "message": "Writing [com.zbkj.common.response.CommonResult@6fd617e1]" }
                    
{
                    "app": "Crmeb",
                    "timestamp":"2025-09-23 18:34:42.255",
                    "level": "DEBUG",
                    "thread": "http-nio-8081-exec-16",
                    "class": "o.s.web.servlet.DispatcherServlet",
                    "message": "Completed 200 OK" }
                    
{
                    "app": "Crmeb",
                    "timestamp":"2025-09-23 18:34:42.268",
                    "level": "DEBUG",
                    "thread": "http-nio-8081-exec-11",
                    "class": "o.s.web.servlet.DispatcherServlet",
                    "message": "GET "/api/front/cart/count?numType=true&type=total", parameters={masked}" }
                    
{
                    "app": "Crmeb",
                    "timestamp":"2025-09-23 18:34:42.268",
                    "level": "DEBUG",
                    "thread": "http-nio-8081-exec-1",
                    "class": "o.s.web.servlet.DispatcherServlet",
                    "message": "GET "/api/front/user/menu/user", parameters={}" }
                    
{
                    "app": "Crmeb",
                    "timestamp":"2025-09-23 18:34:42.269",
                    "level": "DEBUG",
                    "thread": "http-nio-8081-exec-11",
                    "class": "o.s.w.s.m.m.a.RequestMappingHandlerMapping",
                    "message": "Mapped to com.zbkj.front.controller.CartController#count(CartNumRequest)" }
                    
{
                    "app": "Crmeb",
                    "timestamp":"2025-09-23 18:34:42.269",
                    "level": "DEBUG",
                    "thread": "http-nio-8081-exec-1",
                    "class": "o.s.w.s.m.m.a.RequestMappingHandlerMapping",
                    "message": "Mapped to com.zbkj.front.controller.UserController#getMenuUser()" }
                    
{
                    "app": "Crmeb",
                    "timestamp":"2025-09-23 18:34:42.274",
                    "level": "DEBUG",
                    "thread": "http-nio-8081-exec-11",
                    "class": "o.s.w.s.m.m.a.RequestResponseBodyMethodProcessor",
                    "message": "Using 'application/json', given [application/json, text/plain, */*] and supported [application/json, application/*+json, application/json, application/*+json]" }
                    
{
                    "app": "Crmeb",
                    "timestamp":"2025-09-23 18:34:42.274",
                    "level": "DEBUG",
                    "thread": "http-nio-8081-exec-11",
                    "class": "o.s.w.s.m.m.a.RequestResponseBodyMethodProcessor",
                    "message": "Writing [com.zbkj.common.response.CommonResult@37b5924f]" }
                    
{
                    "app": "Crmeb",
                    "timestamp":"2025-09-23 18:34:42.275",
                    "level": "DEBUG",
                    "thread": "http-nio-8081-exec-11",
                    "class": "o.s.web.servlet.DispatcherServlet",
                    "message": "Completed 200 OK" }
                    
{
                    "app": "Crmeb",
                    "timestamp":"2025-09-23 18:34:42.280",
                    "level": "DEBUG",
                    "thread": "http-nio-8081-exec-1",
                    "class": "o.s.w.s.m.m.a.RequestResponseBodyMethodProcessor",
                    "message": "Using 'application/json', given [application/json, text/plain, */*] and supported [application/json, application/*+json, application/json, application/*+json]" }
                    
{
                    "app": "Crmeb",
                    "timestamp":"2025-09-23 18:34:42.280",
                    "level": "DEBUG",
                    "thread": "http-nio-8081-exec-1",
                    "class": "o.s.w.s.m.m.a.RequestResponseBodyMethodProcessor",
                    "message": "Writing [com.zbkj.common.response.CommonResult@5f280090]" }
                    
{
                    "app": "Crmeb",
                    "timestamp":"2025-09-23 18:34:42.280",
                    "level": "DEBUG",
                    "thread": "http-nio-8081-exec-1",
                    "class": "o.s.web.servlet.DispatcherServlet",
                    "message": "Completed 200 OK" }
                    
{
                    "app": "Crmeb",
                    "timestamp":"2025-09-23 18:34:42.306",
                    "level": "DEBUG",
                    "thread": "http-nio-8081-exec-15",
                    "class": "o.s.web.servlet.DispatcherServlet",
                    "message": "GET "/api/front/product/reply/config/14", parameters={}" }
                    
{
                    "app": "Crmeb",
                    "timestamp":"2025-09-23 18:34:42.306",
                    "level": "DEBUG",
                    "thread": "http-nio-8081-exec-22",
                    "class": "o.s.web.servlet.DispatcherServlet",
                    "message": "GET "/api/front/cart/count?type=total&numType=true", parameters={masked}" }
                    
{
                    "app": "Crmeb",
                    "timestamp":"2025-09-23 18:34:42.306",
                    "level": "DEBUG",
                    "thread": "http-nio-8081-exec-14",
                    "class": "o.s.web.servlet.DispatcherServlet",
                    "message": "GET "/api/front/merchant/all/type/list", parameters={}" }
                    
{
                    "app": "Crmeb",
                    "timestamp":"2025-09-23 18:34:42.306",
                    "level": "DEBUG",
                    "thread": "http-nio-8081-exec-19",
                    "class": "o.s.web.servlet.DispatcherServlet",
                    "message": "GET "/api/front/product/reply/list/14?page=1&limit=20&type=0", parameters={masked}" }
                    
{
                    "app": "Crmeb",
                    "timestamp":"2025-09-23 18:34:42.306",
                    "level": "DEBUG",
                    "thread": "http-nio-8081-exec-6",
                    "class": "o.s.web.servlet.DispatcherServlet",
                    "message": "GET "/api/front/merchant/customer/service/info/2", parameters={}" }
                    
{
                    "app": "Crmeb",
                    "timestamp":"2025-09-23 18:34:42.307",
                    "level": "DEBUG",
                    "thread": "http-nio-8081-exec-20",
                    "class": "o.s.web.servlet.DispatcherServlet",
                    "message": "GET "/api/front/coupons?merId=2&productId=14&useType=2&page=1&limit=20", parameters={masked}" }
                    
{
                    "app": "Crmeb",
                    "timestamp":"2025-09-23 18:34:42.307",
                    "level": "DEBUG",
                    "thread": "http-nio-8081-exec-14",
                    "class": "o.s.w.s.m.m.a.RequestMappingHandlerMapping",
                    "message": "Mapped to com.zbkj.front.controller.MerchantController#allTypeList()" }
                    
{
                    "app": "Crmeb",
                    "timestamp":"2025-09-23 18:34:42.307",
                    "level": "DEBUG",
                    "thread": "http-nio-8081-exec-22",
                    "class": "o.s.w.s.m.m.a.RequestMappingHandlerMapping",
                    "message": "Mapped to com.zbkj.front.controller.CartController#count(CartNumRequest)" }
                    
{
                    "app": "Crmeb",
                    "timestamp":"2025-09-23 18:34:42.307",
                    "level": "DEBUG",
                    "thread": "http-nio-8081-exec-15",
                    "class": "o.s.w.s.m.m.a.RequestMappingHandlerMapping",
                    "message": "Mapped to com.zbkj.front.controller.ProductController#getReplyCount(Integer)" }
                    
{
                    "app": "Crmeb",
                    "timestamp":"2025-09-23 18:34:42.307",
                    "level": "DEBUG",
                    "thread": "http-nio-8081-exec-19",
                    "class": "o.s.w.s.m.m.a.RequestMappingHandlerMapping",
                    "message": "Mapped to com.zbkj.front.controller.ProductController#getReplyList(Integer, Integer, PageParamRequest)" }
                    
{
                    "app": "Crmeb",
                    "timestamp":"2025-09-23 18:34:42.307",
                    "level": "DEBUG",
                    "thread": "http-nio-8081-exec-20",
                    "class": "o.s.w.s.m.m.a.RequestMappingHandlerMapping",
                    "message": "Mapped to com.zbkj.front.controller.CouponController#getList(CouponSearchRequest, PageParamRequest)" }
                    
{
                    "app": "Crmeb",
                    "timestamp":"2025-09-23 18:34:42.307",
                    "level": "DEBUG",
                    "thread": "http-nio-8081-exec-6",
                    "class": "o.s.w.s.m.m.a.RequestMappingHandlerMapping",
                    "message": "Mapped to com.zbkj.front.controller.MerchantController#getCustomerServiceInfo(Integer)" }
                    
{
                    "app": "Crmeb",
                    "timestamp":"2025-09-23 18:34:42.316",
                    "level": "DEBUG",
                    "thread": "http-nio-8081-exec-14",
                    "class": "o.s.w.s.m.m.a.RequestResponseBodyMethodProcessor",
                    "message": "Using 'application/json', given [application/json, text/plain, */*] and supported [application/json, application/*+json, application/json, application/*+json]" }
                    
{
                    "app": "Crmeb",
                    "timestamp":"2025-09-23 18:34:42.317",
                    "level": "DEBUG",
                    "thread": "http-nio-8081-exec-14",
                    "class": "o.s.w.s.m.m.a.RequestResponseBodyMethodProcessor",
                    "message": "Writing [com.zbkj.common.response.CommonResult@49be69c8]" }
                    
{
                    "app": "Crmeb",
                    "timestamp":"2025-09-23 18:34:42.318",
                    "level": "DEBUG",
                    "thread": "http-nio-8081-exec-22",
                    "class": "o.s.w.s.m.m.a.RequestResponseBodyMethodProcessor",
                    "message": "Using 'application/json', given [application/json, text/plain, */*] and supported [application/json, application/*+json, application/json, application/*+json]" }
                    
{
                    "app": "Crmeb",
                    "timestamp":"2025-09-23 18:34:42.318",
                    "level": "DEBUG",
                    "thread": "http-nio-8081-exec-14",
                    "class": "o.s.web.servlet.DispatcherServlet",
                    "message": "Completed 200 OK" }
                    
{
                    "app": "Crmeb",
                    "timestamp":"2025-09-23 18:34:42.318",
                    "level": "DEBUG",
                    "thread": "http-nio-8081-exec-19",
                    "class": "o.s.w.s.m.m.a.RequestResponseBodyMethodProcessor",
                    "message": "Using 'application/json', given [application/json, text/plain, */*] and supported [application/json, application/*+json, application/json, application/*+json]" }
                    
{
                    "app": "Crmeb",
                    "timestamp":"2025-09-23 18:34:42.318",
                    "level": "DEBUG",
                    "thread": "http-nio-8081-exec-22",
                    "class": "o.s.w.s.m.m.a.RequestResponseBodyMethodProcessor",
                    "message": "Writing [com.zbkj.common.response.CommonResult@79537655]" }
                    
{
                    "app": "Crmeb",
                    "timestamp":"2025-09-23 18:34:42.319",
                    "level": "DEBUG",
                    "thread": "http-nio-8081-exec-6",
                    "class": "o.s.w.s.m.m.a.RequestResponseBodyMethodProcessor",
                    "message": "Using 'application/json', given [application/json, text/plain, */*] and supported [application/json, application/*+json, application/json, application/*+json]" }
                    
{
                    "app": "Crmeb",
                    "timestamp":"2025-09-23 18:34:42.319",
                    "level": "DEBUG",
                    "thread": "http-nio-8081-exec-19",
                    "class": "o.s.w.s.m.m.a.RequestResponseBodyMethodProcessor",
                    "message": "Writing [com.zbkj.common.response.CommonResult@cd91658]" }
                    
{
                    "app": "Crmeb",
                    "timestamp":"2025-09-23 18:34:42.320",
                    "level": "DEBUG",
                    "thread": "http-nio-8081-exec-6",
                    "class": "o.s.w.s.m.m.a.RequestResponseBodyMethodProcessor",
                    "message": "Writing [com.zbkj.common.response.CommonResult@4cc1bfa2]" }
                    
{
                    "app": "Crmeb",
                    "timestamp":"2025-09-23 18:34:42.320",
                    "level": "DEBUG",
                    "thread": "http-nio-8081-exec-22",
                    "class": "o.s.web.servlet.DispatcherServlet",
                    "message": "Completed 200 OK" }
                    
{
                    "app": "Crmeb",
                    "timestamp":"2025-09-23 18:34:42.320",
                    "level": "DEBUG",
                    "thread": "http-nio-8081-exec-19",
                    "class": "o.s.web.servlet.DispatcherServlet",
                    "message": "Completed 200 OK" }
                    
{
                    "app": "Crmeb",
                    "timestamp":"2025-09-23 18:34:42.320",
                    "level": "DEBUG",
                    "thread": "http-nio-8081-exec-6",
                    "class": "o.s.web.servlet.DispatcherServlet",
                    "message": "Completed 200 OK" }
                    
{
                    "app": "Crmeb",
                    "timestamp":"2025-09-23 18:34:42.322",
                    "level": "DEBUG",
                    "thread": "http-nio-8081-exec-20",
                    "class": "o.s.w.s.m.m.a.RequestResponseBodyMethodProcessor",
                    "message": "Using 'application/json', given [application/json, text/plain, */*] and supported [application/json, application/*+json, application/json, application/*+json]" }
                    
{
                    "app": "Crmeb",
                    "timestamp":"2025-09-23 18:34:42.323",
                    "level": "DEBUG",
                    "thread": "http-nio-8081-exec-20",
                    "class": "o.s.w.s.m.m.a.RequestResponseBodyMethodProcessor",
                    "message": "Writing [com.zbkj.common.response.CommonResult@5c7fafaf]" }
                    
{
                    "app": "Crmeb",
                    "timestamp":"2025-09-23 18:34:42.323",
                    "level": "DEBUG",
                    "thread": "http-nio-8081-exec-20",
                    "class": "o.s.web.servlet.DispatcherServlet",
                    "message": "Completed 200 OK" }
                    
{
                    "app": "Crmeb",
                    "timestamp":"2025-09-23 18:34:42.323",
                    "level": "DEBUG",
                    "thread": "http-nio-8081-exec-15",
                    "class": "o.s.w.s.m.m.a.RequestResponseBodyMethodProcessor",
                    "message": "Using 'application/json', given [application/json, text/plain, */*] and supported [application/json, application/*+json, application/json, application/*+json]" }
                    
{
                    "app": "Crmeb",
                    "timestamp":"2025-09-23 18:34:42.323",
                    "level": "DEBUG",
                    "thread": "http-nio-8081-exec-15",
                    "class": "o.s.w.s.m.m.a.RequestResponseBodyMethodProcessor",
                    "message": "Writing [com.zbkj.common.response.CommonResult@23d706df]" }
                    
{
                    "app": "Crmeb",
                    "timestamp":"2025-09-23 18:34:42.323",
                    "level": "DEBUG",
                    "thread": "http-nio-8081-exec-15",
                    "class": "o.s.web.servlet.DispatcherServlet",
                    "message": "Completed 200 OK" }
                    
{
                    "app": "Crmeb",
                    "timestamp":"2025-09-23 18:34:43.993",
                    "level": "DEBUG",
                    "thread": "http-nio-8081-exec-18",
                    "class": "o.s.web.servlet.DispatcherServlet",
                    "message": "POST "/api/front/order/pre/order", parameters={}" }
                    
{
                    "app": "Crmeb",
                    "timestamp":"2025-09-23 18:34:43.993",
                    "level": "DEBUG",
                    "thread": "http-nio-8081-exec-18",
                    "class": "o.s.w.s.m.m.a.RequestMappingHandlerMapping",
                    "message": "Mapped to com.zbkj.front.controller.StoreOrderController#preOrder(PreOrderRequest)" }
                    
{
                    "app": "Crmeb",
                    "timestamp":"2025-09-23 18:34:43.994",
                    "level": "DEBUG",
                    "thread": "http-nio-8081-exec-18",
                    "class": "o.s.w.s.m.m.a.RequestResponseBodyMethodProcessor",
                    "message": "Read "application/json;charset=UTF-8" to [PreOrderRequest(preOrderType=buyNow, orderDetails=[PreOrderDetailRequest(shoppingCartId=null, produc (truncated)...]" }
                    
{
                    "app": "Crmeb",
                    "timestamp":"2025-09-23 18:34:44.006",
                    "level": "DEBUG",
                    "thread": "http-nio-8081-exec-18",
                    "class": "o.s.w.s.m.m.a.RequestResponseBodyMethodProcessor",
                    "message": "Using 'application/json', given [application/json, text/plain, */*] and supported [application/json, application/*+json, application/json, application/*+json]" }
                    
{
                    "app": "Crmeb",
                    "timestamp":"2025-09-23 18:34:44.006",
                    "level": "DEBUG",
                    "thread": "http-nio-8081-exec-18",
                    "class": "o.s.w.s.m.m.a.RequestResponseBodyMethodProcessor",
                    "message": "Writing [com.zbkj.common.response.CommonResult@72d0c065]" }
                    
{
                    "app": "Crmeb",
                    "timestamp":"2025-09-23 18:34:44.006",
                    "level": "DEBUG",
                    "thread": "http-nio-8081-exec-18",
                    "class": "o.s.web.servlet.DispatcherServlet",
                    "message": "Completed 200 OK" }
                    
{
                    "app": "Crmeb",
                    "timestamp":"2025-09-23 18:34:44.011",
                    "level": "DEBUG",
                    "thread": "http-nio-8081-exec-27",
                    "class": "o.s.web.servlet.DispatcherServlet",
                    "message": "GET "/api/pc/address/all/list", parameters={}" }
                    
{
                    "app": "Crmeb",
                    "timestamp":"2025-09-23 18:34:44.011",
                    "level": "DEBUG",
                    "thread": "http-nio-8081-exec-26",
                    "class": "o.s.web.servlet.DispatcherServlet",
                    "message": "GET "/api/front/pay/method", parameters={}" }
                    
{
                    "app": "Crmeb",
                    "timestamp":"2025-09-23 18:34:44.012",
                    "level": "DEBUG",
                    "thread": "http-nio-8081-exec-27",
                    "class": "o.s.w.s.m.m.a.RequestMappingHandlerMapping",
                    "message": "Mapped to com.zbkj.front.pc.controller.PcUserAddressController#getAllList()" }
                    
{
                    "app": "Crmeb",
                    "timestamp":"2025-09-23 18:34:44.012",
                    "level": "DEBUG",
                    "thread": "http-nio-8081-exec-26",
                    "class": "o.s.w.s.m.m.a.RequestMappingHandlerMapping",
                    "message": "Mapped to com.zbkj.front.controller.PayController#getPayMethod()" }
                    
{
                    "app": "Crmeb",
                    "timestamp":"2025-09-23 18:34:44.015",
                    "level": "DEBUG",
                    "thread": "http-nio-8081-exec-27",
                    "class": "o.s.w.s.m.m.a.RequestResponseBodyMethodProcessor",
                    "message": "Using 'application/json', given [application/json, text/plain, */*] and supported [application/json, application/*+json, application/json, application/*+json]" }
                    
{
                    "app": "Crmeb",
                    "timestamp":"2025-09-23 18:34:44.016",
                    "level": "DEBUG",
                    "thread": "http-nio-8081-exec-27",
                    "class": "o.s.w.s.m.m.a.RequestResponseBodyMethodProcessor",
                    "message": "Writing [com.zbkj.common.response.CommonResult@1816bbe6]" }
                    
{
                    "app": "Crmeb",
                    "timestamp":"2025-09-23 18:34:44.016",
                    "level": "DEBUG",
                    "thread": "http-nio-8081-exec-27",
                    "class": "o.s.web.servlet.DispatcherServlet",
                    "message": "Completed 200 OK" }
                    
{
                    "app": "Crmeb",
                    "timestamp":"2025-09-23 18:34:44.020",
                    "level": "DEBUG",
                    "thread": "http-nio-8081-exec-26",
                    "class": "o.s.w.s.m.m.a.RequestResponseBodyMethodProcessor",
                    "message": "Using 'application/json', given [application/json, text/plain, */*] and supported [application/json, application/*+json, application/json, application/*+json]" }
                    
{
                    "app": "Crmeb",
                    "timestamp":"2025-09-23 18:34:44.020",
                    "level": "DEBUG",
                    "thread": "http-nio-8081-exec-26",
                    "class": "o.s.w.s.m.m.a.RequestResponseBodyMethodProcessor",
                    "message": "Writing [com.zbkj.common.response.CommonResult@666e453b]" }
                    
{
                    "app": "Crmeb",
                    "timestamp":"2025-09-23 18:34:44.021",
                    "level": "DEBUG",
                    "thread": "http-nio-8081-exec-26",
                    "class": "o.s.web.servlet.DispatcherServlet",
                    "message": "Completed 200 OK" }
                    
{
                    "app": "Crmeb",
                    "timestamp":"2025-09-23 18:34:44.037",
                    "level": "DEBUG",
                    "thread": "http-nio-8081-exec-30",
                    "class": "o.s.web.servlet.DispatcherServlet",
                    "message": "GET "/api/front/cart/count?numType=true&type=total", parameters={masked}" }
                    
{
                    "app": "Crmeb",
                    "timestamp":"2025-09-23 18:34:44.037",
                    "level": "DEBUG",
                    "thread": "http-nio-8081-exec-13",
                    "class": "o.s.web.servlet.DispatcherServlet",
                    "message": "GET "/api/front/user/menu/user", parameters={}" }
                    
{
                    "app": "Crmeb",
                    "timestamp":"2025-09-23 18:34:44.037",
                    "level": "DEBUG",
                    "thread": "http-nio-8081-exec-30",
                    "class": "o.s.w.s.m.m.a.RequestMappingHandlerMapping",
                    "message": "Mapped to com.zbkj.front.controller.CartController#count(CartNumRequest)" }
                    
{
                    "app": "Crmeb",
                    "timestamp":"2025-09-23 18:34:44.037",
                    "level": "DEBUG",
                    "thread": "http-nio-8081-exec-13",
                    "class": "o.s.w.s.m.m.a.RequestMappingHandlerMapping",
                    "message": "Mapped to com.zbkj.front.controller.UserController#getMenuUser()" }
                    
{
                    "app": "Crmeb",
                    "timestamp":"2025-09-23 18:34:44.040",
                    "level": "DEBUG",
                    "thread": "http-nio-8081-exec-30",
                    "class": "o.s.w.s.m.m.a.RequestResponseBodyMethodProcessor",
                    "message": "Using 'application/json', given [application/json, text/plain, */*] and supported [application/json, application/*+json, application/json, application/*+json]" }
                    
{
                    "app": "Crmeb",
                    "timestamp":"2025-09-23 18:34:44.040",
                    "level": "DEBUG",
                    "thread": "http-nio-8081-exec-30",
                    "class": "o.s.w.s.m.m.a.RequestResponseBodyMethodProcessor",
                    "message": "Writing [com.zbkj.common.response.CommonResult@17fd3846]" }
                    
{
                    "app": "Crmeb",
                    "timestamp":"2025-09-23 18:34:44.041",
                    "level": "DEBUG",
                    "thread": "http-nio-8081-exec-30",
                    "class": "o.s.web.servlet.DispatcherServlet",
                    "message": "Completed 200 OK" }
                    
{
                    "app": "Crmeb",
                    "timestamp":"2025-09-23 18:34:44.044",
                    "level": "DEBUG",
                    "thread": "http-nio-8081-exec-13",
                    "class": "o.s.w.s.m.m.a.RequestResponseBodyMethodProcessor",
                    "message": "Using 'application/json', given [application/json, text/plain, */*] and supported [application/json, application/*+json, application/json, application/*+json]" }
                    
{
                    "app": "Crmeb",
                    "timestamp":"2025-09-23 18:34:44.044",
                    "level": "DEBUG",
                    "thread": "http-nio-8081-exec-13",
                    "class": "o.s.w.s.m.m.a.RequestResponseBodyMethodProcessor",
                    "message": "Writing [com.zbkj.common.response.CommonResult@bf3c7b6]" }
                    
{
                    "app": "Crmeb",
                    "timestamp":"2025-09-23 18:34:44.045",
                    "level": "DEBUG",
                    "thread": "http-nio-8081-exec-13",
                    "class": "o.s.web.servlet.DispatcherServlet",
                    "message": "Completed 200 OK" }
                    
{
                    "app": "Crmeb",
                    "timestamp":"2025-09-23 18:34:44.054",
                    "level": "DEBUG",
                    "thread": "http-nio-8081-exec-5",
                    "class": "o.s.web.servlet.DispatcherServlet",
                    "message": "GET "/api/pc/address/all/list", parameters={}" }
                    
{
                    "app": "Crmeb",
                    "timestamp":"2025-09-23 18:34:44.055",
                    "level": "DEBUG",
                    "thread": "http-nio-8081-exec-5",
                    "class": "o.s.w.s.m.m.a.RequestMappingHandlerMapping",
                    "message": "Mapped to com.zbkj.front.pc.controller.PcUserAddressController#getAllList()" }
                    
{
                    "app": "Crmeb",
                    "timestamp":"2025-09-23 18:34:44.056",
                    "level": "DEBUG",
                    "thread": "http-nio-8081-exec-28",
                    "class": "o.s.web.servlet.DispatcherServlet",
                    "message": "GET "/api/front/order/load/pre/17017586236848835a7f9b1c743f8a61d97a7e04ac60f", parameters={}" }
                    
{
                    "app": "Crmeb",
                    "timestamp":"2025-09-23 18:34:44.056",
                    "level": "DEBUG",
                    "thread": "http-nio-8081-exec-4",
                    "class": "o.s.web.servlet.DispatcherServlet",
                    "message": "GET "/api/front/coupons/order/17017586236848835a7f9b1c743f8a61d97a7e04ac60f", parameters={}" }
                    
{
                    "app": "Crmeb",
                    "timestamp":"2025-09-23 18:34:44.056",
                    "level": "DEBUG",
                    "thread": "http-nio-8081-exec-28",
                    "class": "o.s.w.s.m.m.a.RequestMappingHandlerMapping",
                    "message": "Mapped to com.zbkj.front.controller.StoreOrderController#loadPreOrder(String)" }
                    
{
                    "app": "Crmeb",
                    "timestamp":"2025-09-23 18:34:44.056",
                    "level": "DEBUG",
                    "thread": "http-nio-8081-exec-4",
                    "class": "o.s.w.s.m.m.a.RequestMappingHandlerMapping",
                    "message": "Mapped to com.zbkj.front.controller.CouponController#getCouponsListByPreOrderNo(String)" }
                    
{
                    "app": "Crmeb",
                    "timestamp":"2025-09-23 18:34:44.058",
                    "level": "DEBUG",
                    "thread": "http-nio-8081-exec-28",
                    "class": "o.s.w.s.m.m.a.RequestResponseBodyMethodProcessor",
                    "message": "Using 'application/json', given [application/json, text/plain, */*] and supported [application/json, application/*+json, application/json, application/*+json]" }
                    
{
                    "app": "Crmeb",
                    "timestamp":"2025-09-23 18:34:44.059",
                    "level": "DEBUG",
                    "thread": "http-nio-8081-exec-28",
                    "class": "o.s.w.s.m.m.a.RequestResponseBodyMethodProcessor",
                    "message": "Writing [com.zbkj.common.response.CommonResult@6e6eaa01]" }
                    
{
                    "app": "Crmeb",
                    "timestamp":"2025-09-23 18:34:44.059",
                    "level": "DEBUG",
                    "thread": "http-nio-8081-exec-5",
                    "class": "o.s.w.s.m.m.a.RequestResponseBodyMethodProcessor",
                    "message": "Using 'application/json', given [application/json, text/plain, */*] and supported [application/json, application/*+json, application/json, application/*+json]" }
                    
{
                    "app": "Crmeb",
                    "timestamp":"2025-09-23 18:34:44.059",
                    "level": "DEBUG",
                    "thread": "http-nio-8081-exec-5",
                    "class": "o.s.w.s.m.m.a.RequestResponseBodyMethodProcessor",
                    "message": "Writing [com.zbkj.common.response.CommonResult@76d14276]" }
                    
{
                    "app": "Crmeb",
                    "timestamp":"2025-09-23 18:34:44.059",
                    "level": "DEBUG",
                    "thread": "http-nio-8081-exec-28",
                    "class": "o.s.web.servlet.DispatcherServlet",
                    "message": "Completed 200 OK" }
                    
{
                    "app": "Crmeb",
                    "timestamp":"2025-09-23 18:34:44.059",
                    "level": "DEBUG",
                    "thread": "http-nio-8081-exec-5",
                    "class": "o.s.web.servlet.DispatcherServlet",
                    "message": "Completed 200 OK" }
                    
{
                    "app": "Crmeb",
                    "timestamp":"2025-09-23 18:34:44.061",
                    "level": "DEBUG",
                    "thread": "http-nio-8081-exec-4",
                    "class": "o.s.w.s.m.m.a.RequestResponseBodyMethodProcessor",
                    "message": "Using 'application/json', given [application/json, text/plain, */*] and supported [application/json, application/*+json, application/json, application/*+json]" }
                    
{
                    "app": "Crmeb",
                    "timestamp":"2025-09-23 18:34:44.061",
                    "level": "DEBUG",
                    "thread": "http-nio-8081-exec-4",
                    "class": "o.s.w.s.m.m.a.RequestResponseBodyMethodProcessor",
                    "message": "Writing [com.zbkj.common.response.CommonResult@304bbea9]" }
                    
{
                    "app": "Crmeb",
                    "timestamp":"2025-09-23 18:34:44.061",
                    "level": "DEBUG",
                    "thread": "http-nio-8081-exec-4",
                    "class": "o.s.web.servlet.DispatcherServlet",
                    "message": "Completed 200 OK" }
                    
{
                    "app": "Crmeb",
                    "timestamp":"2025-09-23 18:35:24.774",
                    "level": "DEBUG",
                    "thread": "http-nio-8081-exec-23",
                    "class": "o.s.web.servlet.DispatcherServlet",
                    "message": "GET "/api/front/merchant/street", parameters={}" }
                    
{
                    "app": "Crmeb",
                    "timestamp":"2025-09-23 18:35:24.774",
                    "level": "DEBUG",
                    "thread": "http-nio-8081-exec-3",
                    "class": "o.s.web.servlet.DispatcherServlet",
                    "message": "GET "/api/pc/home/index", parameters={}" }
                    
{
                    "app": "Crmeb",
                    "timestamp":"2025-09-23 18:35:24.775",
                    "level": "DEBUG",
                    "thread": "http-nio-8081-exec-10",
                    "class": "o.s.web.servlet.DispatcherServlet",
                    "message": "GET "/api/front/activity/index/list", parameters={}" }
                    
{
                    "app": "Crmeb",
                    "timestamp":"2025-09-23 18:35:24.775",
                    "level": "DEBUG",
                    "thread": "http-nio-8081-exec-14",
                    "class": "o.s.web.servlet.DispatcherServlet",
                    "message": "GET "/api/front/product/leaderboard", parameters={}" }
                    
{
                    "app": "Crmeb",
                    "timestamp":"2025-09-23 18:35:24.775",
                    "level": "DEBUG",
                    "thread": "http-nio-8081-exec-22",
                    "class": "o.s.web.servlet.DispatcherServlet",
                    "message": "GET "/api/front/index/product?page=1&limit=13", parameters={masked}" }
                    
{
                    "app": "Crmeb",
                    "timestamp":"2025-09-23 18:35:24.775",
                    "level": "DEBUG",
                    "thread": "http-nio-8081-exec-23",
                    "class": "o.s.w.s.m.m.a.RequestMappingHandlerMapping",
                    "message": "Mapped to com.zbkj.front.controller.MerchantController#getStreet(PageParamRequest)" }
                    
{
                    "app": "Crmeb",
                    "timestamp":"2025-09-23 18:35:24.775",
                    "level": "DEBUG",
                    "thread": "http-nio-8081-exec-3",
                    "class": "o.s.w.s.m.m.a.RequestMappingHandlerMapping",
                    "message": "Mapped to com.zbkj.front.pc.controller.PcIndexController#getIndexInfo()" }
                    
{
                    "app": "Crmeb",
                    "timestamp":"2025-09-23 18:35:24.775",
                    "level": "DEBUG",
                    "thread": "http-nio-8081-exec-10",
                    "class": "o.s.w.s.m.m.a.RequestMappingHandlerMapping",
                    "message": "Mapped to com.zbkj.front.controller.ActivityController#getIndexList()" }
                    
{
                    "app": "Crmeb",
                    "timestamp":"2025-09-23 18:35:24.775",
                    "level": "DEBUG",
                    "thread": "http-nio-8081-exec-14",
                    "class": "o.s.w.s.m.m.a.RequestMappingHandlerMapping",
                    "message": "Mapped to com.zbkj.front.controller.ProductController#getLeaderboard()" }
                    
{
                    "app": "Crmeb",
                    "timestamp":"2025-09-23 18:35:24.776",
                    "level": "DEBUG",
                    "thread": "http-nio-8081-exec-22",
                    "class": "o.s.w.s.m.m.a.RequestMappingHandlerMapping",
                    "message": "Mapped to com.zbkj.front.controller.IndexController#getProductList(PageParamRequest)" }
                    
{
                    "app": "Crmeb",
                    "timestamp":"2025-09-23 18:35:24.784",
                    "level": "DEBUG",
                    "thread": "http-nio-8081-exec-14",
                    "class": "o.s.w.s.m.m.a.RequestResponseBodyMethodProcessor",
                    "message": "Using 'application/json', given [application/json, text/plain, */*] and supported [application/json, application/*+json, application/json, application/*+json]" }
                    
{
                    "app": "Crmeb",
                    "timestamp":"2025-09-23 18:35:24.785",
                    "level": "DEBUG",
                    "thread": "http-nio-8081-exec-22",
                    "class": "o.s.w.s.m.m.a.RequestResponseBodyMethodProcessor",
                    "message": "Using 'application/json', given [application/json, text/plain, */*] and supported [application/json, application/*+json, application/json, application/*+json]" }
                    
{
                    "app": "Crmeb",
                    "timestamp":"2025-09-23 18:35:24.787",
                    "level": "DEBUG",
                    "thread": "http-nio-8081-exec-14",
                    "class": "o.s.w.s.m.m.a.RequestResponseBodyMethodProcessor",
                    "message": "Writing [com.zbkj.common.response.CommonResult@550a1061]" }
                    
{
                    "app": "Crmeb",
                    "timestamp":"2025-09-23 18:35:24.788",
                    "level": "DEBUG",
                    "thread": "http-nio-8081-exec-22",
                    "class": "o.s.w.s.m.m.a.RequestResponseBodyMethodProcessor",
                    "message": "Writing [com.zbkj.common.response.CommonResult@217de976]" }
                    
{
                    "app": "Crmeb",
                    "timestamp":"2025-09-23 18:35:24.788",
                    "level": "DEBUG",
                    "thread": "http-nio-8081-exec-14",
                    "class": "o.s.web.servlet.DispatcherServlet",
                    "message": "Completed 200 OK" }
                    
{
                    "app": "Crmeb",
                    "timestamp":"2025-09-23 18:35:24.788",
                    "level": "DEBUG",
                    "thread": "http-nio-8081-exec-22",
                    "class": "o.s.web.servlet.DispatcherServlet",
                    "message": "Completed 200 OK" }
                    
{
                    "app": "Crmeb",
                    "timestamp":"2025-09-23 18:35:24.791",
                    "level": "DEBUG",
                    "thread": "http-nio-8081-exec-23",
                    "class": "o.s.w.s.m.m.a.RequestResponseBodyMethodProcessor",
                    "message": "Using 'application/json', given [application/json, text/plain, */*] and supported [application/json, application/*+json, application/json, application/*+json]" }
                    
{
                    "app": "Crmeb",
                    "timestamp":"2025-09-23 18:35:24.792",
                    "level": "DEBUG",
                    "thread": "http-nio-8081-exec-23",
                    "class": "o.s.w.s.m.m.a.RequestResponseBodyMethodProcessor",
                    "message": "Writing [com.zbkj.common.response.CommonResult@28aabf0c]" }
                    
{
                    "app": "Crmeb",
                    "timestamp":"2025-09-23 18:35:24.793",
                    "level": "DEBUG",
                    "thread": "http-nio-8081-exec-23",
                    "class": "o.s.web.servlet.DispatcherServlet",
                    "message": "Completed 200 OK" }
                    
{
                    "app": "Crmeb",
                    "timestamp":"2025-09-23 18:35:24.807",
                    "level": "DEBUG",
                    "thread": "http-nio-8081-exec-10",
                    "class": "o.s.w.s.m.m.a.RequestResponseBodyMethodProcessor",
                    "message": "Using 'application/json', given [application/json, text/plain, */*] and supported [application/json, application/*+json, application/json, application/*+json]" }
                    
{
                    "app": "Crmeb",
                    "timestamp":"2025-09-23 18:35:24.807",
                    "level": "DEBUG",
                    "thread": "http-nio-8081-exec-10",
                    "class": "o.s.w.s.m.m.a.RequestResponseBodyMethodProcessor",
                    "message": "Writing [com.zbkj.common.response.CommonResult@7a17a0b]" }
                    
{
                    "app": "Crmeb",
                    "timestamp":"2025-09-23 18:35:24.808",
                    "level": "DEBUG",
                    "thread": "http-nio-8081-exec-10",
                    "class": "o.s.web.servlet.DispatcherServlet",
                    "message": "Completed 200 OK" }
                    
{
                    "app": "Crmeb",
                    "timestamp":"2025-09-23 18:35:24.810",
                    "level": "DEBUG",
                    "thread": "http-nio-8081-exec-3",
                    "class": "o.s.w.s.m.m.a.RequestResponseBodyMethodProcessor",
                    "message": "Using 'application/json', given [application/json, text/plain, */*] and supported [application/json, application/*+json, application/json, application/*+json]" }
                    
{
                    "app": "Crmeb",
                    "timestamp":"2025-09-23 18:35:24.811",
                    "level": "DEBUG",
                    "thread": "http-nio-8081-exec-3",
                    "class": "o.s.w.s.m.m.a.RequestResponseBodyMethodProcessor",
                    "message": "Writing [com.zbkj.common.response.CommonResult@6a527d7a]" }
                    
{
                    "app": "Crmeb",
                    "timestamp":"2025-09-23 18:35:24.811",
                    "level": "DEBUG",
                    "thread": "http-nio-8081-exec-3",
                    "class": "o.s.web.servlet.DispatcherServlet",
                    "message": "Completed 200 OK" }
                    
{
                    "app": "Crmeb",
                    "timestamp":"2025-09-23 18:35:24.812",
                    "level": "DEBUG",
                    "thread": "http-nio-8081-exec-19",
                    "class": "o.s.web.servlet.DispatcherServlet",
                    "message": "GET "/api/front/activity/index/list", parameters={}" }
                    
{
                    "app": "Crmeb",
                    "timestamp":"2025-09-23 18:35:24.812",
                    "level": "DEBUG",
                    "thread": "http-nio-8081-exec-19",
                    "class": "o.s.w.s.m.m.a.RequestMappingHandlerMapping",
                    "message": "Mapped to com.zbkj.front.controller.ActivityController#getIndexList()" }
                    
{
                    "app": "Crmeb",
                    "timestamp":"2025-09-23 18:35:24.827",
                    "level": "DEBUG",
                    "thread": "http-nio-8081-exec-19",
                    "class": "o.s.w.s.m.m.a.RequestResponseBodyMethodProcessor",
                    "message": "Using 'application/json', given [application/json, text/plain, */*] and supported [application/json, application/*+json, application/json, application/*+json]" }
                    
{
                    "app": "Crmeb",
                    "timestamp":"2025-09-23 18:35:24.827",
                    "level": "DEBUG",
                    "thread": "http-nio-8081-exec-19",
                    "class": "o.s.w.s.m.m.a.RequestResponseBodyMethodProcessor",
                    "message": "Writing [com.zbkj.common.response.CommonResult@71884ce9]" }
                    
{
                    "app": "Crmeb",
                    "timestamp":"2025-09-23 18:35:24.828",
                    "level": "DEBUG",
                    "thread": "http-nio-8081-exec-19",
                    "class": "o.s.web.servlet.DispatcherServlet",
                    "message": "Completed 200 OK" }
                    
{
                    "app": "Crmeb",
                    "timestamp":"2025-09-23 18:35:24.840",
                    "level": "DEBUG",
                    "thread": "http-nio-8081-exec-15",
                    "class": "o.s.web.servlet.DispatcherServlet",
                    "message": "GET "/api/front/user/menu/user", parameters={}" }
                    
{
                    "app": "Crmeb",
                    "timestamp":"2025-09-23 18:35:24.840",
                    "level": "DEBUG",
                    "thread": "http-nio-8081-exec-21",
                    "class": "o.s.web.servlet.DispatcherServlet",
                    "message": "GET "/api/front/cart/count?numType=true&type=total", parameters={masked}" }
                    
{
                    "app": "Crmeb",
                    "timestamp":"2025-09-23 18:35:24.840",
                    "level": "DEBUG",
                    "thread": "http-nio-8081-exec-15",
                    "class": "o.s.w.s.m.m.a.RequestMappingHandlerMapping",
                    "message": "Mapped to com.zbkj.front.controller.UserController#getMenuUser()" }
                    
{
                    "app": "Crmeb",
                    "timestamp":"2025-09-23 18:35:24.840",
                    "level": "DEBUG",
                    "thread": "http-nio-8081-exec-21",
                    "class": "o.s.w.s.m.m.a.RequestMappingHandlerMapping",
                    "message": "Mapped to com.zbkj.front.controller.CartController#count(CartNumRequest)" }
                    
{
                    "app": "Crmeb",
                    "timestamp":"2025-09-23 18:35:24.843",
                    "level": "DEBUG",
                    "thread": "http-nio-8081-exec-21",
                    "class": "o.s.w.s.m.m.a.RequestResponseBodyMethodProcessor",
                    "message": "Using 'application/json', given [application/json, text/plain, */*] and supported [application/json, application/*+json, application/json, application/*+json]" }
                    
{
                    "app": "Crmeb",
                    "timestamp":"2025-09-23 18:35:24.843",
                    "level": "DEBUG",
                    "thread": "http-nio-8081-exec-21",
                    "class": "o.s.w.s.m.m.a.RequestResponseBodyMethodProcessor",
                    "message": "Writing [com.zbkj.common.response.CommonResult@218b248c]" }
                    
{
                    "app": "Crmeb",
                    "timestamp":"2025-09-23 18:35:24.844",
                    "level": "DEBUG",
                    "thread": "http-nio-8081-exec-21",
                    "class": "o.s.web.servlet.DispatcherServlet",
                    "message": "Completed 200 OK" }
                    
{
                    "app": "Crmeb",
                    "timestamp":"2025-09-23 18:35:24.849",
                    "level": "DEBUG",
                    "thread": "http-nio-8081-exec-15",
                    "class": "o.s.w.s.m.m.a.RequestResponseBodyMethodProcessor",
                    "message": "Using 'application/json', given [application/json, text/plain, */*] and supported [application/json, application/*+json, application/json, application/*+json]" }
                    
{
                    "app": "Crmeb",
                    "timestamp":"2025-09-23 18:35:24.849",
                    "level": "DEBUG",
                    "thread": "http-nio-8081-exec-15",
                    "class": "o.s.w.s.m.m.a.RequestResponseBodyMethodProcessor",
                    "message": "Writing [com.zbkj.common.response.CommonResult@1cfb2deb]" }
                    
{
                    "app": "Crmeb",
                    "timestamp":"2025-09-23 18:35:24.850",
                    "level": "DEBUG",
                    "thread": "http-nio-8081-exec-15",
                    "class": "o.s.web.servlet.DispatcherServlet",
                    "message": "Completed 200 OK" }
                    
{
                    "app": "Crmeb",
                    "timestamp":"2025-09-23 18:35:24.883",
                    "level": "DEBUG",
                    "thread": "http-nio-8081-exec-18",
                    "class": "o.s.web.servlet.DispatcherServlet",
                    "message": "GET "/api/front/index/product?page=1&limit=13", parameters={masked}" }
                    
{
                    "app": "Crmeb",
                    "timestamp":"2025-09-23 18:35:24.884",
                    "level": "DEBUG",
                    "thread": "http-nio-8081-exec-18",
                    "class": "o.s.w.s.m.m.a.RequestMappingHandlerMapping",
                    "message": "Mapped to com.zbkj.front.controller.IndexController#getProductList(PageParamRequest)" }
                    
{
                    "app": "Crmeb",
                    "timestamp":"2025-09-23 18:35:24.889",
                    "level": "DEBUG",
                    "thread": "http-nio-8081-exec-18",
                    "class": "o.s.w.s.m.m.a.RequestResponseBodyMethodProcessor",
                    "message": "Using 'application/json', given [application/json, text/plain, */*] and supported [application/json, application/*+json, application/json, application/*+json]" }
                    
{
                    "app": "Crmeb",
                    "timestamp":"2025-09-23 18:35:24.889",
                    "level": "DEBUG",
                    "thread": "http-nio-8081-exec-18",
                    "class": "o.s.w.s.m.m.a.RequestResponseBodyMethodProcessor",
                    "message": "Writing [com.zbkj.common.response.CommonResult@48282197]" }
                    
{
                    "app": "Crmeb",
                    "timestamp":"2025-09-23 18:35:24.889",
                    "level": "DEBUG",
                    "thread": "http-nio-8081-exec-18",
                    "class": "o.s.web.servlet.DispatcherServlet",
                    "message": "Completed 200 OK" }
                    
{
                    "app": "Crmeb",
                    "timestamp":"2025-09-23 18:37:43.507",
                    "level": "DEBUG",
                    "thread": "main",
                    "class": "o.s.b.c.l.ClasspathLoggingApplicationListener",
                    "message": "Application started with classpath: [file:/E:/2zynt/StoreProject2kai/CRMEB-JAVA-ET-V1.2(2025.4.25)/et_java/crmeb-front/target/classes/, file:/C:/Users/admin/.m2/repository/com/zbkj/crmeb-service/0.0.1-SNAPSHOT/crmeb-service-0.0.1-SNAPSHOT.jar, file:/C:/Users/admin/.m2/repository/com/zbkj/crmeb-common/0.0.1-SNAPSHOT/crmeb-common-0.0.1-SNAPSHOT.jar, file:/C:/Users/admin/.m2/repository/javax/servlet/javax.servlet-api/4.0.1/javax.servlet-api-4.0.1.jar, file:/C:/Users/admin/.m2/repository/javax/servlet/jstl/1.2/jstl-1.2.jar, file:/C:/Users/admin/.m2/repository/org/apache/tomcat/embed/tomcat-embed-jasper/9.0.33/tomcat-embed-jasper-9.0.33.jar, file:/C:/Users/admin/.m2/repository/org/apache/tomcat/embed/tomcat-embed-core/9.0.33/tomcat-embed-core-9.0.33.jar, file:/C:/Users/admin/.m2/repository/org/apache/tomcat/tomcat-annotations-api/9.0.33/tomcat-annotations-api-9.0.33.jar, file:/C:/Users/admin/.m2/repository/org/apache/tomcat/embed/tomcat-embed-el/9.0.33/tomcat-embed-el-9.0.33.jar, file:/C:/Users/admin/.m2/repository/org/eclipse/jdt/ecj/3.18.0/ecj-3.18.0.jar, file:/C:/Users/admin/.m2/repository/org/apache/tomcat/tomcat-jsp-api/9.0.33/tomcat-jsp-api-9.0.33.jar, file:/C:/Users/admin/.m2/repository/org/apache/tomcat/tomcat-el-api/9.0.33/tomcat-el-api-9.0.33.jar, file:/C:/Users/admin/.m2/repository/org/apache/tomcat/tomcat-servlet-api/9.0.33/tomcat-servlet-api-9.0.33.jar, file:/C:/Users/admin/.m2/repository/com/alibaba/fastjson/2.0.38/fastjson-2.0.38.jar, file:/C:/Users/admin/.m2/repository/com/alibaba/fastjson2/fastjson2-extension/2.0.38/fastjson2-extension-2.0.38.jar, file:/C:/Users/admin/.m2/repository/com/alibaba/fastjson2/fastjson2/2.0.38/fastjson2-2.0.38.jar, file:/C:/Users/admin/.m2/repository/com/alibaba/druid/1.1.20/druid-1.1.20.jar, file:/C:/Users/admin/.m2/repository/com/mysql/mysql-connector-j/8.0.33/mysql-connector-j-8.0.33.jar, file:/C:/Users/admin/.m2/repository/com/google/protobuf/protobuf-java/3.21.9/protobuf-java-3.21.9.jar, file:/C:/Users/admin/.m2/repository/org/projectlombok/lombok/1.18.12/lombok-1.18.12.jar, file:/C:/Users/admin/.m2/repository/com/baomidou/mybatis-plus-boot-starter/3.3.1/mybatis-plus-boot-starter-3.3.1.jar, file:/C:/Users/admin/.m2/repository/org/springframework/boot/spring-boot-starter-jdbc/2.2.6.RELEASE/spring-boot-starter-jdbc-2.2.6.RELEASE.jar, file:/C:/Users/admin/.m2/repository/com/zaxxer/HikariCP/3.4.2/HikariCP-3.4.2.jar, file:/C:/Users/admin/.m2/repository/org/springframework/spring-jdbc/5.2.5.RELEASE/spring-jdbc-5.2.5.RELEASE.jar, file:/C:/Users/admin/.m2/repository/org/springframework/boot/spring-boot-test/2.2.6.RELEASE/spring-boot-test-2.2.6.RELEASE.jar, file:/C:/Users/admin/.m2/repository/org/springframework/boot/spring-boot/2.2.6.RELEASE/spring-boot-2.2.6.RELEASE.jar, file:/C:/Users/admin/.m2/repository/org/springframework/spring-context/5.2.5.RELEASE/spring-context-5.2.5.RELEASE.jar, file:/C:/Users/admin/.m2/repository/org/springframework/spring-test/5.2.5.RELEASE/spring-test-5.2.5.RELEASE.jar, file:/C:/Users/admin/.m2/repository/org/springframework/spring-core/5.2.5.RELEASE/spring-core-5.2.5.RELEASE.jar, file:/C:/Users/admin/.m2/repository/org/springframework/spring-jcl/5.2.5.RELEASE/spring-jcl-5.2.5.RELEASE.jar, file:/C:/Users/admin/.m2/repository/com/baomidou/mybatis-plus/3.3.1/mybatis-plus-3.3.1.jar, file:/C:/Users/admin/.m2/repository/com/baomidou/mybatis-plus-extension/3.3.1/mybatis-plus-extension-3.3.1.jar, file:/C:/Users/admin/.m2/repository/com/baomidou/mybatis-plus-core/3.3.1/mybatis-plus-core-3.3.1.jar, file:/C:/Users/admin/.m2/repository/com/baomidou/mybatis-plus-annotation/3.3.1/mybatis-plus-annotation-3.3.1.jar, file:/C:/Users/admin/.m2/repository/org/mybatis/mybatis/3.5.3/mybatis-3.5.3.jar, file:/C:/Users/admin/.m2/repository/org/mybatis/mybatis-spring/2.0.3/mybatis-spring-2.0.3.jar, file:/C:/Users/admin/.m2/repository/com/baomidou/mybatis-plus-generator/3.3.1/mybatis-plus-generator-3.3.1.jar, file:/C:/Users/admin/.m2/repository/io/swagger/swagger-annotations/1.5.21/swagger-annotations-1.5.21.jar, file:/C:/Users/admin/.m2/repository/io/springfox/springfox-swagger2/2.9.2/springfox-swagger2-2.9.2.jar, file:/C:/Users/admin/.m2/repository/io/springfox/springfox-spi/2.9.2/springfox-spi-2.9.2.jar, file:/C:/Users/admin/.m2/repository/io/springfox/springfox-core/2.9.2/springfox-core-2.9.2.jar, file:/C:/Users/admin/.m2/repository/net/bytebuddy/byte-buddy/1.10.8/byte-buddy-1.10.8.jar, file:/C:/Users/admin/.m2/repository/io/springfox/springfox-schema/2.9.2/springfox-schema-2.9.2.jar, file:/C:/Users/admin/.m2/repository/io/springfox/springfox-swagger-common/2.9.2/springfox-swagger-common-2.9.2.jar, file:/C:/Users/admin/.m2/repository/io/springfox/springfox-spring-web/2.9.2/springfox-spring-web-2.9.2.jar, file:/C:/Users/admin/.m2/repository/com/fasterxml/classmate/1.5.1/classmate-1.5.1.jar, file:/C:/Users/admin/.m2/repository/org/slf4j/slf4j-api/1.7.30/slf4j-api-1.7.30.jar, file:/C:/Users/admin/.m2/repository/org/springframework/plugin/spring-plugin-core/1.2.0.RELEASE/spring-plugin-core-1.2.0.RELEASE.jar, file:/C:/Users/admin/.m2/repository/org/springframework/plugin/spring-plugin-metadata/1.2.0.RELEASE/spring-plugin-metadata-1.2.0.RELEASE.jar, file:/C:/Users/admin/.m2/repository/org/mapstruct/mapstruct/1.2.0.Final/mapstruct-1.2.0.Final.jar, file:/C:/Users/admin/.m2/repository/io/swagger/swagger-models/1.5.22/swagger-models-1.5.22.jar, file:/C:/Users/admin/.m2/repository/com/fasterxml/jackson/core/jackson-annotations/2.10.3/jackson-annotations-2.10.3.jar, file:/C:/Users/admin/.m2/repository/com/github/xiaoymin/swagger-bootstrap-ui/1.9.3/swagger-bootstrap-ui-1.9.3.jar, file:/C:/Users/admin/.m2/repository/org/springframework/boot/spring-boot-autoconfigure/2.2.6.RELEASE/spring-boot-autoconfigure-2.2.6.RELEASE.jar, file:/C:/Users/admin/.m2/repository/ch/qos/logback/logback-classic/1.2.3/logback-classic-1.2.3.jar, file:/C:/Users/admin/.m2/repository/ch/qos/logback/logback-core/1.2.3/logback-core-1.2.3.jar, file:/C:/Users/admin/.m2/repository/net/logstash/logback/logstash-logback-encoder/5.3/logstash-logback-encoder-5.3.jar, file:/C:/Users/admin/.m2/repository/com/fasterxml/jackson/core/jackson-databind/2.10.3/jackson-databind-2.10.3.jar, file:/C:/Users/admin/.m2/repository/org/springframework/boot/spring-boot-starter-web/2.2.6.RELEASE/spring-boot-starter-web-2.2.6.RELEASE.jar, file:/C:/Users/admin/.m2/repository/org/springframework/boot/spring-boot-starter/2.2.6.RELEASE/spring-boot-starter-2.2.6.RELEASE.jar, file:/C:/Users/admin/.m2/repository/org/springframework/boot/spring-boot-starter-logging/2.2.6.RELEASE/spring-boot-starter-logging-2.2.6.RELEASE.jar, file:/C:/Users/admin/.m2/repository/org/apache/logging/log4j/log4j-to-slf4j/2.12.1/log4j-to-slf4j-2.12.1.jar, file:/C:/Users/admin/.m2/repository/org/apache/logging/log4j/log4j-api/2.12.1/log4j-api-2.12.1.jar, file:/C:/Users/admin/.m2/repository/org/slf4j/jul-to-slf4j/1.7.30/jul-to-slf4j-1.7.30.jar, file:/C:/Users/admin/.m2/repository/jakarta/annotation/jakarta.annotation-api/1.3.5/jakarta.annotation-api-1.3.5.jar, file:/C:/Users/admin/.m2/repository/org/yaml/snakeyaml/1.25/snakeyaml-1.25.jar, file:/C:/Users/admin/.m2/repository/org/springframework/boot/spring-boot-starter-json/2.2.6.RELEASE/spring-boot-starter-json-2.2.6.RELEASE.jar, file:/C:/Users/admin/.m2/repository/com/fasterxml/jackson/datatype/jackson-datatype-jdk8/2.10.3/jackson-datatype-jdk8-2.10.3.jar, file:/C:/Users/admin/.m2/repository/com/fasterxml/jackson/datatype/jackson-datatype-jsr310/2.10.3/jackson-datatype-jsr310-2.10.3.jar, file:/C:/Users/admin/.m2/repository/com/fasterxml/jackson/module/jackson-module-parameter-names/2.10.3/jackson-module-parameter-names-2.10.3.jar, file:/C:/Users/admin/.m2/repository/org/springframework/boot/spring-boot-starter-tomcat/2.2.6.RELEASE/spring-boot-starter-tomcat-2.2.6.RELEASE.jar, file:/C:/Users/admin/.m2/repository/org/apache/tomcat/embed/tomcat-embed-websocket/9.0.33/tomcat-embed-websocket-9.0.33.jar, file:/C:/Users/admin/.m2/repository/org/springframework/boot/spring-boot-starter-validation/2.2.6.RELEASE/spring-boot-starter-validation-2.2.6.RELEASE.jar, file:/C:/Users/admin/.m2/repository/jakarta/validation/jakarta.validation-api/2.0.2/jakarta.validation-api-2.0.2.jar, file:/C:/Users/admin/.m2/repository/org/hibernate/validator/hibernate-validator/6.0.18.Final/hibernate-validator-6.0.18.Final.jar, file:/C:/Users/admin/.m2/repository/org/jboss/logging/jboss-logging/3.4.1.Final/jboss-logging-3.4.1.Final.jar, file:/C:/Users/admin/.m2/repository/org/springframework/spring-web/5.2.5.RELEASE/spring-web-5.2.5.RELEASE.jar, file:/C:/Users/admin/.m2/repository/org/springframework/spring-webmvc/5.2.5.RELEASE/spring-webmvc-5.2.5.RELEASE.jar, file:/C:/Users/admin/.m2/repository/org/springframework/spring-expression/5.2.5.RELEASE/spring-expression-5.2.5.RELEASE.jar, file:/C:/Users/admin/.m2/repository/org/springframework/boot/spring-boot-starter-data-redis/2.2.0.RELEASE/spring-boot-starter-data-redis-2.2.0.RELEASE.jar, file:/C:/Users/admin/.m2/repository/org/springframework/data/spring-data-redis/2.2.6.RELEASE/spring-data-redis-2.2.6.RELEASE.jar, file:/C:/Users/admin/.m2/repository/org/springframework/data/spring-data-keyvalue/2.2.6.RELEASE/spring-data-keyvalue-2.2.6.RELEASE.jar, file:/C:/Users/admin/.m2/repository/org/springframework/spring-tx/5.2.5.RELEASE/spring-tx-5.2.5.RELEASE.jar, file:/C:/Users/admin/.m2/repository/org/springframework/spring-oxm/5.2.5.RELEASE/spring-oxm-5.2.5.RELEASE.jar, file:/C:/Users/admin/.m2/repository/io/lettuce/lettuce-core/5.2.2.RELEASE/lettuce-core-5.2.2.RELEASE.jar, file:/C:/Users/admin/.m2/repository/io/netty/netty-common/4.1.48.Final/netty-common-4.1.48.Final.jar, file:/C:/Users/admin/.m2/repository/io/netty/netty-handler/4.1.48.Final/netty-handler-4.1.48.Final.jar, file:/C:/Users/admin/.m2/repository/io/netty/netty-resolver/4.1.48.Final/netty-resolver-4.1.48.Final.jar, file:/C:/Users/admin/.m2/repository/io/netty/netty-buffer/4.1.48.Final/netty-buffer-4.1.48.Final.jar, file:/C:/Users/admin/.m2/repository/io/netty/netty-codec/4.1.48.Final/netty-codec-4.1.48.Final.jar, file:/C:/Users/admin/.m2/repository/io/netty/netty-transport/4.1.48.Final/netty-transport-4.1.48.Final.jar, file:/C:/Users/admin/.m2/repository/io/projectreactor/reactor-core/3.3.4.RELEASE/reactor-core-3.3.4.RELEASE.jar, file:/C:/Users/admin/.m2/repository/org/reactivestreams/reactive-streams/1.0.3/reactive-streams-1.0.3.jar, file:/C:/Users/admin/.m2/repository/redis/clients/jedis/3.1.0/jedis-3.1.0.jar, file:/C:/Users/admin/.m2/repository/org/apache/commons/commons-pool2/2.7.0/commons-pool2-2.7.0.jar, file:/C:/Users/admin/.m2/repository/com/github/pagehelper/pagehelper-spring-boot-starter/1.2.5/pagehelper-spring-boot-starter-1.2.5.jar, file:/C:/Users/admin/.m2/repository/org/mybatis/spring/boot/mybatis-spring-boot-starter/1.3.2/mybatis-spring-boot-starter-1.3.2.jar, file:/C:/Users/admin/.m2/repository/org/mybatis/spring/boot/mybatis-spring-boot-autoconfigure/1.3.2/mybatis-spring-boot-autoconfigure-1.3.2.jar, file:/C:/Users/admin/.m2/repository/com/github/pagehelper/pagehelper-spring-boot-autoconfigure/1.2.5/pagehelper-spring-boot-autoconfigure-1.2.5.jar, file:/C:/Users/admin/.m2/repository/com/github/pagehelper/pagehelper/5.1.4/pagehelper-5.1.4.jar, file:/C:/Users/admin/.m2/repository/com/github/jsqlparser/jsqlparser/1.0/jsqlparser-1.0.jar, file:/C:/Users/admin/.m2/repository/javax/validation/validation-api/1.1.0.Final/validation-api-1.1.0.Final.jar, file:/C:/Users/admin/.m2/repository/org/springframework/data/spring-data-commons/2.2.6.RELEASE/spring-data-commons-2.2.6.RELEASE.jar, file:/C:/Users/admin/.m2/repository/org/springframework/spring-beans/5.2.5.RELEASE/spring-beans-5.2.5.RELEASE.jar, file:/C:/Users/admin/.m2/repository/cn/hutool/hutool-all/4.5.7/hutool-all-4.5.7.jar, file:/C:/Users/admin/.m2/repository/org/springframework/boot/spring-boot-starter-actuator/2.2.6.RELEASE/spring-boot-starter-actuator-2.2.6.RELEASE.jar, file:/C:/Users/admin/.m2/repository/org/springframework/boot/spring-boot-actuator-autoconfigure/2.2.6.RELEASE/spring-boot-actuator-autoconfigure-2.2.6.RELEASE.jar, file:/C:/Users/admin/.m2/repository/org/springframework/boot/spring-boot-actuator/2.2.6.RELEASE/spring-boot-actuator-2.2.6.RELEASE.jar, file:/C:/Users/admin/.m2/repository/io/micrometer/micrometer-core/1.3.6/micrometer-core-1.3.6.jar, file:/C:/Users/admin/.m2/repository/org/hdrhistogram/HdrHistogram/2.1.11/HdrHistogram-2.1.11.jar, file:/C:/Users/admin/.m2/repository/org/latencyutils/LatencyUtils/2.0.3/LatencyUtils-2.0.3.jar, file:/C:/Users/admin/.m2/repository/org/apache/httpcomponents/httpclient/4.5.6/httpclient-4.5.6.jar, file:/C:/Users/admin/.m2/repository/org/apache/httpcomponents/httpcore/4.4.13/httpcore-4.4.13.jar, file:/C:/Users/admin/.m2/repository/commons-logging/commons-logging/1.2/commons-logging-1.2.jar, file:/C:/Users/admin/.m2/repository/commons-codec/commons-codec/1.13/commons-codec-1.13.jar, file:/C:/Users/admin/.m2/repository/org/springframework/boot/spring-boot-starter-aop/2.2.6.RELEASE/spring-boot-starter-aop-2.2.6.RELEASE.jar, file:/C:/Users/admin/.m2/repository/org/springframework/spring-aop/5.2.5.RELEASE/spring-aop-5.2.5.RELEASE.jar, file:/C:/Users/admin/.m2/repository/org/aspectj/aspectjweaver/1.9.5/aspectjweaver-1.9.5.jar, file:/C:/Users/admin/.m2/repository/org/apache/commons/commons-lang3/3.10/commons-lang3-3.10.jar, file:/C:/Users/admin/.m2/repository/org/apache/poi/poi/3.17/poi-3.17.jar, file:/C:/Users/admin/.m2/repository/org/apache/commons/commons-collections4/4.1/commons-collections4-4.1.jar, file:/C:/Users/admin/.m2/repository/org/apache/poi/poi-ooxml/3.17/poi-ooxml-3.17.jar, file:/C:/Users/admin/.m2/repository/org/apache/poi/poi-ooxml-schemas/3.17/poi-ooxml-schemas-3.17.jar, file:/C:/Users/admin/.m2/repository/org/apache/xmlbeans/xmlbeans/2.6.0/xmlbeans-2.6.0.jar, file:/C:/Users/admin/.m2/repository/com/github/virtuald/curvesapi/1.04/curvesapi-1.04.jar, file:/C:/Users/admin/.m2/repository/commons-fileupload/commons-fileupload/1.3.3/commons-fileupload-1.3.3.jar, file:/C:/Users/admin/.m2/repository/commons-io/commons-io/2.4/commons-io-2.4.jar, file:/C:/Users/admin/.m2/repository/com/aliyun/oss/aliyun-sdk-oss/3.5.0/aliyun-sdk-oss-3.5.0.jar, file:/C:/Users/admin/.m2/repository/org/jdom/jdom/1.1/jdom-1.1.jar, file:/C:/Users/admin/.m2/repository/org/codehaus/jettison/jettison/1.1/jettison-1.1.jar, file:/C:/Users/admin/.m2/repository/stax/stax-api/1.0.1/stax-api-1.0.1.jar, file:/C:/Users/admin/.m2/repository/com/aliyun/aliyun-java-sdk-core/3.4.0/aliyun-java-sdk-core-3.4.0.jar, file:/C:/Users/admin/.m2/repository/com/aliyun/aliyun-java-sdk-ram/3.0.0/aliyun-java-sdk-ram-3.0.0.jar, file:/C:/Users/admin/.m2/repository/com/aliyun/aliyun-java-sdk-sts/3.0.0/aliyun-java-sdk-sts-3.0.0.jar, file:/C:/Users/admin/.m2/repository/com/aliyun/aliyun-java-sdk-ecs/4.2.0/aliyun-java-sdk-ecs-4.2.0.jar, file:/C:/Users/admin/.m2/repository/com/qcloud/cos_api/5.6.22/cos_api-5.6.22.jar, file:/C:/Users/admin/.m2/repository/joda-time/joda-time/2.10.5/joda-time-2.10.5.jar, file:/C:/Users/admin/.m2/repository/org/bouncycastle/bcprov-jdk15on/1.64/bcprov-jdk15on-1.64.jar, file:/C:/Users/admin/.m2/repository/com/qiniu/qiniu-java-sdk/7.2.28/qiniu-java-sdk-7.2.28.jar, file:/C:/Users/admin/.m2/repository/com/squareup/okhttp3/okhttp/3.14.7/okhttp-3.14.7.jar, file:/C:/Users/admin/.m2/repository/com/squareup/okio/okio/1.17.2/okio-1.17.2.jar, file:/C:/Users/admin/.m2/repository/com/google/code/gson/gson/2.8.6/gson-2.8.6.jar, file:/C:/Users/admin/.m2/repository/dom4j/dom4j/1.6.1/dom4j-1.6.1.jar, file:/C:/Users/admin/.m2/repository/xml-apis/xml-apis/1.0.b2/xml-apis-1.0.b2.jar, file:/C:/Users/admin/.m2/repository/com/thoughtworks/xstream/xstream/1.4.10/xstream-1.4.10.jar, file:/C:/Users/admin/.m2/repository/xmlpull/xmlpull/1.1.3.1/xmlpull-1.1.3.1.jar, file:/C:/Users/admin/.m2/repository/xpp3/xpp3_min/1.1.4c/xpp3_min-1.1.4c.jar, file:/C:/Users/admin/.m2/repository/org/apache/httpcomponents/httpmime/4.5.2/httpmime-4.5.2.jar, file:/C:/Users/admin/.m2/repository/io/jsonwebtoken/jjwt/0.9.1/jjwt-0.9.1.jar, file:/C:/Users/admin/.m2/repository/com/auth0/jwks-rsa/0.9.0/jwks-rsa-0.9.0.jar, file:/C:/Users/admin/.m2/repository/org/springframework/boot/spring-boot-starter-security/2.2.6.RELEASE/spring-boot-starter-security-2.2.6.RELEASE.jar, file:/C:/Users/admin/.m2/repository/org/springframework/security/spring-security-config/5.2.2.RELEASE/spring-security-config-5.2.2.RELEASE.jar, file:/C:/Users/admin/.m2/repository/org/springframework/security/spring-security-core/5.2.2.RELEASE/spring-security-core-5.2.2.RELEASE.jar, file:/C:/Users/admin/.m2/repository/org/springframework/security/spring-security-web/5.2.2.RELEASE/spring-security-web-5.2.2.RELEASE.jar, file:/C:/Users/admin/.m2/repository/org/springframework/boot/spring-boot-starter-mail/2.2.6.RELEASE/spring-boot-starter-mail-2.2.6.RELEASE.jar, file:/C:/Users/admin/.m2/repository/org/springframework/spring-context-support/5.2.5.RELEASE/spring-context-support-5.2.5.RELEASE.jar, file:/C:/Users/admin/.m2/repository/com/sun/mail/jakarta.mail/1.6.5/jakarta.mail-1.6.5.jar, file:/C:/Users/admin/.m2/repository/com/sun/activation/jakarta.activation/1.2.2/jakarta.activation-1.2.2.jar, file:/C:/Users/admin/.m2/repository/com/paypal/sdk/checkout-sdk/1.0.4/checkout-sdk-1.0.4.jar, file:/C:/Users/admin/.m2/repository/com/paypal/paypalhttp/1.0.2/paypalhttp-1.0.2.jar, file:/C:/Users/admin/.m2/repository/com/aliyun/dysmsapi20170525/2.0.8/dysmsapi20170525-2.0.8.jar, file:/C:/Users/admin/.m2/repository/com/aliyun/tea-util/0.2.13/tea-util-0.2.13.jar, file:/C:/Users/admin/.m2/repository/com/aliyun/endpoint-util/0.0.6/endpoint-util-0.0.6.jar, file:/C:/Users/admin/.m2/repository/com/aliyun/tea/1.1.14/tea-1.1.14.jar, file:/C:/Users/admin/.m2/repository/org/jacoco/org.jacoco.agent/0.8.4/org.jacoco.agent-0.8.4-runtime.jar, file:/C:/Users/admin/.m2/repository/com/aliyun/tea-openapi/0.1.6/tea-openapi-0.1.6.jar, file:/C:/Users/admin/.m2/repository/com/aliyun/credentials-java/0.2.4/credentials-java-0.2.4.jar, file:/C:/Users/admin/.m2/repository/org/ini4j/ini4j/0.5.4/ini4j-0.5.4.jar, file:/C:/Users/admin/.m2/repository/javax/xml/bind/jaxb-api/2.3.1/jaxb-api-2.3.1.jar, file:/C:/Users/admin/.m2/repository/javax/activation/javax.activation-api/1.2.0/javax.activation-api-1.2.0.jar, file:/C:/Users/admin/.m2/repository/com/sun/xml/bind/jaxb-core/2.3.0/jaxb-core-2.3.0.jar, file:/C:/Users/admin/.m2/repository/com/sun/xml/bind/jaxb-impl/2.3.0/jaxb-impl-2.3.0.jar, file:/C:/Users/admin/.m2/repository/com/aliyun/openapiutil/0.1.13/openapiutil-0.1.13.jar, file:/C:/Users/admin/.m2/repository/com/aliyun/api/gateway/sdk-core-java/1.1.7/sdk-core-java-1.1.7.jar, file:/C:/Users/admin/.m2/repository/com/googlecode/juniversalchardet/juniversalchardet/1.0.3/juniversalchardet-1.0.3.jar, file:/C:/Users/admin/.m2/repository/org/codehaus/plexus/plexus-digest/1.0/plexus-digest-1.0.jar, file:/C:/Users/admin/.m2/repository/org/codehaus/plexus/plexus-container-default/1.0-alpha-8/plexus-container-default-1.0-alpha-8.jar, file:/C:/Users/admin/.m2/repository/org/codehaus/plexus/plexus-utils/1.0.4/plexus-utils-1.0.4.jar, file:/C:/Users/admin/.m2/repository/classworlds/classworlds/1.1-alpha-2/classworlds-1.1-alpha-2.jar, file:/C:/Users/admin/.m2/repository/com/stripe/stripe-java/20.124.0/stripe-java-20.124.0.jar, file:/C:/Users/admin/.m2/repository/com/github/binarywang/weixin-java-pay/4.5.0/weixin-java-pay-4.5.0.jar, file:/C:/Users/admin/.m2/repository/com/github/binarywang/weixin-java-common/4.5.0/weixin-java-common-4.5.0.jar, file:/C:/Users/admin/.m2/repository/org/slf4j/jcl-over-slf4j/1.7.30/jcl-over-slf4j-1.7.30.jar, file:/C:/Users/admin/.m2/repository/org/dom4j/dom4j/2.1.3/dom4j-2.1.3.jar, file:/C:/Users/admin/.m2/repository/com/github/binarywang/qrcode-utils/1.1/qrcode-utils-1.1.jar, file:/C:/Users/admin/.m2/repository/org/bouncycastle/bcpkix-jdk15on/1.68/bcpkix-jdk15on-1.68.jar, file:/C:/Users/admin/.m2/repository/org/jodd/jodd-http/6.2.1/jodd-http-6.2.1.jar, file:/C:/Users/admin/.m2/repository/org/jodd/jodd-util/6.1.0/jodd-util-6.1.0.jar, file:/C:/Users/admin/.m2/repository/com/google/zxing/javase/3.3.3/javase-3.3.3.jar, file:/C:/Users/admin/.m2/repository/com/google/zxing/core/3.3.3/core-3.3.3.jar, file:/C:/Users/admin/.m2/repository/com/beust/jcommander/1.72/jcommander-1.72.jar, file:/C:/Users/admin/.m2/repository/com/github/jai-imageio/jai-imageio-core/1.4.0/jai-imageio-core-1.4.0.jar, file:/C:/Users/admin/.m2/repository/com/google/api-client/google-api-client/1.30.10/google-api-client-1.30.10.jar, file:/C:/Users/admin/.m2/repository/com/google/oauth-client/google-oauth-client/1.31.0/google-oauth-client-1.31.0.jar, file:/C:/Users/admin/.m2/repository/com/google/http-client/google-http-client/1.35.0/google-http-client-1.35.0.jar, file:/C:/Users/admin/.m2/repository/io/opencensus/opencensus-api/0.24.0/opencensus-api-0.24.0.jar, file:/C:/Users/admin/.m2/repository/io/grpc/grpc-context/1.22.1/grpc-context-1.22.1.jar, file:/C:/Users/admin/.m2/repository/io/opencensus/opencensus-contrib-http-util/0.24.0/opencensus-contrib-http-util-0.24.0.jar, file:/C:/Users/admin/.m2/repository/com/google/code/findbugs/jsr305/3.0.2/jsr305-3.0.2.jar, file:/C:/Users/admin/.m2/repository/com/google/http-client/google-http-client-jackson2/1.36.0/google-http-client-jackson2-1.36.0.jar, file:/C:/Users/admin/.m2/repository/com/fasterxml/jackson/core/jackson-core/2.10.3/jackson-core-2.10.3.jar, file:/C:/Users/admin/.m2/repository/com/google/guava/guava/29.0-android/guava-29.0-android.jar, file:/C:/Users/admin/.m2/repository/com/google/guava/failureaccess/1.0.1/failureaccess-1.0.1.jar, file:/C:/Users/admin/.m2/repository/com/google/guava/listenablefuture/9999.0-empty-to-avoid-conflict-with-guava/listenablefuture-9999.0-empty-to-avoid-conflict-with-guava.jar, file:/C:/Users/admin/.m2/repository/org/checkerframework/checker-compat-qual/2.5.5/checker-compat-qual-2.5.5.jar, file:/C:/Users/admin/.m2/repository/com/google/errorprone/error_prone_annotations/2.3.4/error_prone_annotations-2.3.4.jar, file:/C:/Users/admin/.m2/repository/com/google/j2objc/j2objc-annotations/1.3/j2objc-annotations-1.3.jar, file:/C:/Users/admin/.m2/repository/org/twitter4j/twitter4j-core/4.0.7/twitter4j-core-4.0.7.jar]" }
                    
{
                    "app": "Crmeb",
                    "timestamp":"2025-09-23 18:37:43.547",
                    "level": "DEBUG",
                    "thread": "main",
                    "class": "o.springframework.boot.SpringApplication",
                    "message": "Loading source class com.zbkj.front.CrmebFrontApplication" }
                    
{
                    "app": "Crmeb",
                    "timestamp":"2025-09-23 18:37:43.571",
                    "level": "DEBUG",
                    "thread": "main",
                    "class": "o.s.b.c.c.ConfigFileApplicationListener",
                    "message": "Loaded config file 'file:/E:/2zynt/StoreProject2kai/CRMEB-JAVA-ET-V1.2(2025.4.25)/et_java/crmeb-front/target/classes/application.yml' (classpath:/application.yml)" }
                    
{
                    "app": "Crmeb",
                    "timestamp":"2025-09-23 18:37:43.572",
                    "level": "DEBUG",
                    "thread": "main",
                    "class": "o.s.b.w.s.c.AnnotationConfigServletWebServerApplicationContext",
                    "message": "Refreshing org.springframework.boot.web.servlet.context.AnnotationConfigServletWebServerApplicationContext@1da2cb77" }
                    
{
                    "app": "Crmeb",
                    "timestamp":"2025-09-23 18:37:44.886",
                    "level": "DEBUG",
                    "thread": "main",
                    "class": "o.s.b.w.e.t.TomcatServletWebServerFactory",
                    "message": "Code archive: C:\Users\admin\.m2\repository\org\springframework\boot\spring-boot\2.2.6.RELEASE\spring-boot-2.2.6.RELEASE.jar" }
                    
{
                    "app": "Crmeb",
                    "timestamp":"2025-09-23 18:37:44.887",
                    "level": "DEBUG",
                    "thread": "main",
                    "class": "o.s.b.w.e.t.TomcatServletWebServerFactory",
                    "message": "Code archive: C:\Users\admin\.m2\repository\org\springframework\boot\spring-boot\2.2.6.RELEASE\spring-boot-2.2.6.RELEASE.jar" }
                    
{
                    "app": "Crmeb",
                    "timestamp":"2025-09-23 18:37:44.887",
                    "level": "DEBUG",
                    "thread": "main",
                    "class": "o.s.b.w.e.t.TomcatServletWebServerFactory",
                    "message": "None of the document roots [src/main/webapp, public, static] point to a directory and will be ignored." }
                    
{
                    "app": "Crmeb",
                    "timestamp":"2025-09-23 18:37:45.065",
                    "level": "DEBUG",
                    "thread": "main",
                    "class": "o.s.web.context.ContextLoader",
                    "message": "Published root WebApplicationContext as ServletContext attribute with name [org.springframework.web.context.WebApplicationContext.ROOT]" }
                    
{
                    "app": "Crmeb",
                    "timestamp":"2025-09-23 18:37:45.310",
                    "level": "DEBUG",
                    "thread": "main",
                    "class": "o.s.b.w.s.ServletContextInitializerBeans",
                    "message": "Mapping filters: filterRegistrationBean urls=[/*] order=-2147483647, springSecurityFilterChain urls=[/*] order=-100, filterRegistrationBean urls=[/*] order=2147483647, filterRegistrationBean urls=[/*] order=2147483647, characterEncodingFilter urls=[/*] order=-2147483648, formContentFilter urls=[/*] order=-9900, requestContextFilter urls=[/*] order=-105, corsFilter urls=[/*] order=2147483647" }
                    
{
                    "app": "Crmeb",
                    "timestamp":"2025-09-23 18:37:45.311",
                    "level": "DEBUG",
                    "thread": "main",
                    "class": "o.s.b.w.s.ServletContextInitializerBeans",
                    "message": "Mapping servlets: statViewServlet urls=[/druid/*], dispatcherServlet urls=[/]" }
                    
{
                    "app": "Crmeb",
                    "timestamp":"2025-09-23 18:37:45.325",
                    "level": "DEBUG",
                    "thread": "main",
                    "class": "o.s.b.a.m.w.servlet.WebMvcMetricsFilter",
                    "message": "Filter 'webMvcMetricsFilter' configured for use" }
                    
{
                    "app": "Crmeb",
                    "timestamp":"2025-09-23 18:37:45.326",
                    "level": "DEBUG",
                    "thread": "main",
                    "class": "o.s.b.w.s.f.OrderedRequestContextFilter",
                    "message": "Filter 'requestContextFilter' configured for use" }
                    
{
                    "app": "Crmeb",
                    "timestamp":"2025-09-23 18:37:45.326",
                    "level": "DEBUG",
                    "thread": "main",
                    "class": "o.springframework.web.filter.CorsFilter",
                    "message": "Filter 'corsFilter' configured for use" }
                    
{
                    "app": "Crmeb",
                    "timestamp":"2025-09-23 18:37:45.326",
                    "level": "DEBUG",
                    "thread": "main",
                    "class": "o.s.b.w.s.f.OrderedCharacterEncodingFilter",
                    "message": "Filter 'characterEncodingFilter' configured for use" }
                    
{
                    "app": "Crmeb",
                    "timestamp":"2025-09-23 18:37:45.326",
                    "level": "DEBUG",
                    "thread": "main",
                    "class": "o.s.b.w.s.DelegatingFilterProxyRegistrationBean$1",
                    "message": "Filter 'springSecurityFilterChain' configured for use" }
                    
{
                    "app": "Crmeb",
                    "timestamp":"2025-09-23 18:37:45.326",
                    "level": "DEBUG",
                    "thread": "main",
                    "class": "o.s.b.w.s.f.OrderedFormContentFilter",
                    "message": "Filter 'formContentFilter' configured for use" }
                    
{
                    "app": "Crmeb",
                    "timestamp":"2025-09-23 18:37:49.567",
                    "level": "DEBUG",
                    "thread": "main",
                    "class": "o.s.w.s.m.m.a.RequestMappingHandlerMapping",
                    "message": "151 mappings in 'requestMappingHandlerMapping'" }
                    
{
                    "app": "Crmeb",
                    "timestamp":"2025-09-23 18:37:49.840",
                    "level": "DEBUG",
                    "thread": "main",
                    "class": "o.s.w.s.m.m.a.RequestMappingHandlerAdapter",
                    "message": "ControllerAdvice beans: 0 @ModelAttribute, 0 @InitBinder, 1 RequestBodyAdvice, 1 ResponseBodyAdvice" }
                    
{
                    "app": "Crmeb",
                    "timestamp":"2025-09-23 18:37:49.868",
                    "level": "DEBUG",
                    "thread": "main",
                    "class": "o.s.w.s.handler.SimpleUrlHandlerMapping",
                    "message": "Patterns [/webjars/**, /**, /doc.html, /crmebimage/**, /uploadf/**] in 'resourceHandlerMapping'" }
                    
{
                    "app": "Crmeb",
                    "timestamp":"2025-09-23 18:37:49.877",
                    "level": "DEBUG",
                    "thread": "main",
                    "class": "o.s.w.s.m.m.a.ExceptionHandlerExceptionResolver",
                    "message": "ControllerAdvice beans: 1 @ExceptionHandler, 1 ResponseBodyAdvice" }
                    
{
                    "app": "Crmeb",
                    "timestamp":"2025-09-23 18:38:06.796",
                    "level": "DEBUG",
                    "thread": "http-nio-8081-exec-1",
                    "class": "o.s.web.servlet.DispatcherServlet",
                    "message": "Detected StandardServletMultipartResolver" }
                    
{
                    "app": "Crmeb",
                    "timestamp":"2025-09-23 18:38:06.796",
                    "level": "DEBUG",
                    "thread": "http-nio-8081-exec-1",
                    "class": "o.s.web.servlet.DispatcherServlet",
                    "message": "Detected I18nLocaleResolver" }
                    
{
                    "app": "Crmeb",
                    "timestamp":"2025-09-23 18:38:06.803",
                    "level": "DEBUG",
                    "thread": "http-nio-8081-exec-1",
                    "class": "o.s.web.servlet.DispatcherServlet",
                    "message": "enableLoggingRequestDetails='false': request parameters and headers will be masked to prevent unsafe logging of potentially sensitive data" }
                    
{
                    "app": "Crmeb",
                    "timestamp":"2025-09-23 18:38:06.828",
                    "level": "DEBUG",
                    "thread": "http-nio-8081-exec-1",
                    "class": "o.s.web.servlet.DispatcherServlet",
                    "message": "GET "/api/front/user/info", parameters={}" }
                    
{
                    "app": "Crmeb",
                    "timestamp":"2025-09-23 18:38:06.831",
                    "level": "DEBUG",
                    "thread": "http-nio-8081-exec-1",
                    "class": "o.s.w.s.m.m.a.RequestMappingHandlerMapping",
                    "message": "Mapped to com.zbkj.front.controller.UserController#getUserCenter()" }
                    
{
                    "app": "Crmeb",
                    "timestamp":"2025-09-23 18:38:07.069",
                    "level": "DEBUG",
                    "thread": "http-nio-8081-exec-1",
                    "class": "o.s.w.s.m.m.a.RequestResponseBodyMethodProcessor",
                    "message": "Using 'application/json', given [application/json, text/plain, */*] and supported [application/json, application/*+json, application/json, application/*+json]" }
                    
{
                    "app": "Crmeb",
                    "timestamp":"2025-09-23 18:38:07.070",
                    "level": "DEBUG",
                    "thread": "http-nio-8081-exec-1",
                    "class": "o.s.w.s.m.m.a.RequestResponseBodyMethodProcessor",
                    "message": "Writing [com.zbkj.common.response.CommonResult@7ff98c2f]" }
                    
{
                    "app": "Crmeb",
                    "timestamp":"2025-09-23 18:38:07.076",
                    "level": "DEBUG",
                    "thread": "http-nio-8081-exec-1",
                    "class": "o.s.web.servlet.DispatcherServlet",
                    "message": "Completed 200 OK" }
                    
{
                    "app": "Crmeb",
                    "timestamp":"2025-09-23 18:38:07.120",
                    "level": "DEBUG",
                    "thread": "http-nio-8081-exec-8",
                    "class": "o.s.web.servlet.DispatcherServlet",
                    "message": "GET "/api/pc/home/index", parameters={}" }
                    
{
                    "app": "Crmeb",
                    "timestamp":"2025-09-23 18:38:07.122",
                    "level": "DEBUG",
                    "thread": "http-nio-8081-exec-8",
                    "class": "o.s.w.s.m.m.a.RequestMappingHandlerMapping",
                    "message": "Mapped to com.zbkj.front.pc.controller.PcIndexController#getIndexInfo()" }
                    
{
                    "app": "Crmeb",
                    "timestamp":"2025-09-23 18:38:07.122",
                    "level": "DEBUG",
                    "thread": "http-nio-8081-exec-15",
                    "class": "o.s.web.servlet.DispatcherServlet",
                    "message": "GET "/api/front/merchant/street", parameters={}" }
                    
{
                    "app": "Crmeb",
                    "timestamp":"2025-09-23 18:38:07.122",
                    "level": "DEBUG",
                    "thread": "http-nio-8081-exec-9",
                    "class": "o.s.web.servlet.DispatcherServlet",
                    "message": "GET "/api/front/activity/index/list", parameters={}" }
                    
{
                    "app": "Crmeb",
                    "timestamp":"2025-09-23 18:38:07.122",
                    "level": "DEBUG",
                    "thread": "http-nio-8081-exec-15",
                    "class": "o.s.w.s.m.m.a.RequestMappingHandlerMapping",
                    "message": "Mapped to com.zbkj.front.controller.MerchantController#getStreet(PageParamRequest)" }
                    
{
                    "app": "Crmeb",
                    "timestamp":"2025-09-23 18:38:07.122",
                    "level": "DEBUG",
                    "thread": "http-nio-8081-exec-12",
                    "class": "o.s.web.servlet.DispatcherServlet",
                    "message": "GET "/api/front/product/leaderboard", parameters={}" }
                    
{
                    "app": "Crmeb",
                    "timestamp":"2025-09-23 18:38:07.122",
                    "level": "DEBUG",
                    "thread": "http-nio-8081-exec-14",
                    "class": "o.s.web.servlet.DispatcherServlet",
                    "message": "GET "/api/front/index/product?page=1&limit=13", parameters={masked}" }
                    
{
                    "app": "Crmeb",
                    "timestamp":"2025-09-23 18:38:07.123",
                    "level": "DEBUG",
                    "thread": "http-nio-8081-exec-9",
                    "class": "o.s.w.s.m.m.a.RequestMappingHandlerMapping",
                    "message": "Mapped to com.zbkj.front.controller.ActivityController#getIndexList()" }
                    
{
                    "app": "Crmeb",
                    "timestamp":"2025-09-23 18:38:07.123",
                    "level": "DEBUG",
                    "thread": "http-nio-8081-exec-12",
                    "class": "o.s.w.s.m.m.a.RequestMappingHandlerMapping",
                    "message": "Mapped to com.zbkj.front.controller.ProductController#getLeaderboard()" }
                    
{
                    "app": "Crmeb",
                    "timestamp":"2025-09-23 18:38:07.123",
                    "level": "DEBUG",
                    "thread": "http-nio-8081-exec-14",
                    "class": "o.s.w.s.m.m.a.RequestMappingHandlerMapping",
                    "message": "Mapped to com.zbkj.front.controller.IndexController#getProductList(PageParamRequest)" }
                    
{
                    "app": "Crmeb",
                    "timestamp":"2025-09-23 18:38:07.146",
                    "level": "DEBUG",
                    "thread": "http-nio-8081-exec-12",
                    "class": "o.s.w.s.m.m.a.RequestResponseBodyMethodProcessor",
                    "message": "Using 'application/json', given [application/json, text/plain, */*] and supported [application/json, application/*+json, application/json, application/*+json]" }
                    
{
                    "app": "Crmeb",
                    "timestamp":"2025-09-23 18:38:07.147",
                    "level": "DEBUG",
                    "thread": "http-nio-8081-exec-12",
                    "class": "o.s.w.s.m.m.a.RequestResponseBodyMethodProcessor",
                    "message": "Writing [com.zbkj.common.response.CommonResult@5abe9d1]" }
                    
{
                    "app": "Crmeb",
                    "timestamp":"2025-09-23 18:38:07.151",
                    "level": "DEBUG",
                    "thread": "http-nio-8081-exec-12",
                    "class": "o.s.web.servlet.DispatcherServlet",
                    "message": "Completed 200 OK" }
                    
{
                    "app": "Crmeb",
                    "timestamp":"2025-09-23 18:38:07.189",
                    "level": "DEBUG",
                    "thread": "http-nio-8081-exec-14",
                    "class": "o.s.w.s.m.m.a.RequestResponseBodyMethodProcessor",
                    "message": "Using 'application/json', given [application/json, text/plain, */*] and supported [application/json, application/*+json, application/json, application/*+json]" }
                    
{
                    "app": "Crmeb",
                    "timestamp":"2025-09-23 18:38:07.190",
                    "level": "DEBUG",
                    "thread": "http-nio-8081-exec-14",
                    "class": "o.s.w.s.m.m.a.RequestResponseBodyMethodProcessor",
                    "message": "Writing [com.zbkj.common.response.CommonResult@6e4ba4c2]" }
                    
{
                    "app": "Crmeb",
                    "timestamp":"2025-09-23 18:38:07.195",
                    "level": "DEBUG",
                    "thread": "http-nio-8081-exec-14",
                    "class": "o.s.web.servlet.DispatcherServlet",
                    "message": "Completed 200 OK" }
                    
{
                    "app": "Crmeb",
                    "timestamp":"2025-09-23 18:38:07.196",
                    "level": "DEBUG",
                    "thread": "http-nio-8081-exec-15",
                    "class": "o.s.w.s.m.m.a.RequestResponseBodyMethodProcessor",
                    "message": "Using 'application/json', given [application/json, text/plain, */*] and supported [application/json, application/*+json, application/json, application/*+json]" }
                    
{
                    "app": "Crmeb",
                    "timestamp":"2025-09-23 18:38:07.197",
                    "level": "DEBUG",
                    "thread": "http-nio-8081-exec-15",
                    "class": "o.s.w.s.m.m.a.RequestResponseBodyMethodProcessor",
                    "message": "Writing [com.zbkj.common.response.CommonResult@6729307f]" }
                    
{
                    "app": "Crmeb",
                    "timestamp":"2025-09-23 18:38:07.198",
                    "level": "DEBUG",
                    "thread": "http-nio-8081-exec-15",
                    "class": "o.s.web.servlet.DispatcherServlet",
                    "message": "Completed 200 OK" }
                    
{
                    "app": "Crmeb",
                    "timestamp":"2025-09-23 18:38:07.225",
                    "level": "DEBUG",
                    "thread": "http-nio-8081-exec-9",
                    "class": "o.s.w.s.m.m.a.RequestResponseBodyMethodProcessor",
                    "message": "Using 'application/json', given [application/json, text/plain, */*] and supported [application/json, application/*+json, application/json, application/*+json]" }
                    
{
                    "app": "Crmeb",
                    "timestamp":"2025-09-23 18:38:07.225",
                    "level": "DEBUG",
                    "thread": "http-nio-8081-exec-9",
                    "class": "o.s.w.s.m.m.a.RequestResponseBodyMethodProcessor",
                    "message": "Writing [com.zbkj.common.response.CommonResult@244ca829]" }
                    
{
                    "app": "Crmeb",
                    "timestamp":"2025-09-23 18:38:07.228",
                    "level": "DEBUG",
                    "thread": "http-nio-8081-exec-9",
                    "class": "o.s.web.servlet.DispatcherServlet",
                    "message": "Completed 200 OK" }
                    
{
                    "app": "Crmeb",
                    "timestamp":"2025-09-23 18:38:07.238",
                    "level": "DEBUG",
                    "thread": "http-nio-8081-exec-19",
                    "class": "o.s.web.servlet.DispatcherServlet",
                    "message": "GET "/api/front/activity/index/list", parameters={}" }
                    
{
                    "app": "Crmeb",
                    "timestamp":"2025-09-23 18:38:07.240",
                    "level": "DEBUG",
                    "thread": "http-nio-8081-exec-19",
                    "class": "o.s.w.s.m.m.a.RequestMappingHandlerMapping",
                    "message": "Mapped to com.zbkj.front.controller.ActivityController#getIndexList()" }
                    
{
                    "app": "Crmeb",
                    "timestamp":"2025-09-23 18:38:07.286",
                    "level": "DEBUG",
                    "thread": "http-nio-8081-exec-19",
                    "class": "o.s.w.s.m.m.a.RequestResponseBodyMethodProcessor",
                    "message": "Using 'application/json', given [application/json, text/plain, */*] and supported [application/json, application/*+json, application/json, application/*+json]" }
                    
{
                    "app": "Crmeb",
                    "timestamp":"2025-09-23 18:38:07.286",
                    "level": "DEBUG",
                    "thread": "http-nio-8081-exec-19",
                    "class": "o.s.w.s.m.m.a.RequestResponseBodyMethodProcessor",
                    "message": "Writing [com.zbkj.common.response.CommonResult@2fd1efe9]" }
                    
{
                    "app": "Crmeb",
                    "timestamp":"2025-09-23 18:38:07.287",
                    "level": "DEBUG",
                    "thread": "http-nio-8081-exec-19",
                    "class": "o.s.web.servlet.DispatcherServlet",
                    "message": "Completed 200 OK" }
                    
{
                    "app": "Crmeb",
                    "timestamp":"2025-09-23 18:38:07.302",
                    "level": "DEBUG",
                    "thread": "http-nio-8081-exec-8",
                    "class": "o.s.w.s.m.m.a.RequestResponseBodyMethodProcessor",
                    "message": "Using 'application/json', given [application/json, text/plain, */*] and supported [application/json, application/*+json, application/json, application/*+json]" }
                    
{
                    "app": "Crmeb",
                    "timestamp":"2025-09-23 18:38:07.303",
                    "level": "DEBUG",
                    "thread": "http-nio-8081-exec-8",
                    "class": "o.s.w.s.m.m.a.RequestResponseBodyMethodProcessor",
                    "message": "Writing [com.zbkj.common.response.CommonResult@22029540]" }
                    
{
                    "app": "Crmeb",
                    "timestamp":"2025-09-23 18:38:07.306",
                    "level": "DEBUG",
                    "thread": "http-nio-8081-exec-8",
                    "class": "o.s.web.servlet.DispatcherServlet",
                    "message": "Completed 200 OK" }
                    
{
                    "app": "Crmeb",
                    "timestamp":"2025-09-23 18:38:07.359",
                    "level": "DEBUG",
                    "thread": "http-nio-8081-exec-16",
                    "class": "o.s.web.servlet.DispatcherServlet",
                    "message": "GET "/api/front/index/product?page=1&limit=13", parameters={masked}" }
                    
{
                    "app": "Crmeb",
                    "timestamp":"2025-09-23 18:38:07.361",
                    "level": "DEBUG",
                    "thread": "http-nio-8081-exec-22",
                    "class": "o.s.web.servlet.DispatcherServlet",
                    "message": "GET "/api/front/cart/count?numType=true&type=total", parameters={masked}" }
                    
{
                    "app": "Crmeb",
                    "timestamp":"2025-09-23 18:38:07.361",
                    "level": "DEBUG",
                    "thread": "http-nio-8081-exec-21",
                    "class": "o.s.web.servlet.DispatcherServlet",
                    "message": "GET "/api/front/user/menu/user", parameters={}" }
                    
{
                    "app": "Crmeb",
                    "timestamp":"2025-09-23 18:38:07.361",
                    "level": "DEBUG",
                    "thread": "http-nio-8081-exec-18",
                    "class": "o.s.web.servlet.DispatcherServlet",
                    "message": "POST "/api/front/login/token/is/exist", parameters={}" }
                    
{
                    "app": "Crmeb",
                    "timestamp":"2025-09-23 18:38:07.367",
                    "level": "DEBUG",
                    "thread": "http-nio-8081-exec-22",
                    "class": "o.s.w.s.m.m.a.RequestMappingHandlerMapping",
                    "message": "Mapped to com.zbkj.front.controller.CartController#count(CartNumRequest)" }
                    
{
                    "app": "Crmeb",
                    "timestamp":"2025-09-23 18:38:07.363",
                    "level": "DEBUG",
                    "thread": "http-nio-8081-exec-16",
                    "class": "o.s.w.s.m.m.a.RequestMappingHandlerMapping",
                    "message": "Mapped to com.zbkj.front.controller.IndexController#getProductList(PageParamRequest)" }
                    
{
                    "app": "Crmeb",
                    "timestamp":"2025-09-23 18:38:07.365",
                    "level": "DEBUG",
                    "thread": "http-nio-8081-exec-25",
                    "class": "o.s.web.servlet.DispatcherServlet",
                    "message": "GET "/api/front/search/keyword", parameters={}" }
                    
{
                    "app": "Crmeb",
                    "timestamp":"2025-09-23 18:38:07.365",
                    "level": "DEBUG",
                    "thread": "http-nio-8081-exec-24",
                    "class": "o.s.web.servlet.DispatcherServlet",
                    "message": "GET "/api/front/product/category", parameters={}" }
                    
{
                    "app": "Crmeb",
                    "timestamp":"2025-09-23 18:38:07.367",
                    "level": "DEBUG",
                    "thread": "http-nio-8081-exec-18",
                    "class": "o.s.w.s.m.m.a.RequestMappingHandlerMapping",
                    "message": "Mapped to com.zbkj.front.controller.LoginController#tokenIsExist()" }
                    
{
                    "app": "Crmeb",
                    "timestamp":"2025-09-23 18:38:07.367",
                    "level": "DEBUG",
                    "thread": "http-nio-8081-exec-21",
                    "class": "o.s.w.s.m.m.a.RequestMappingHandlerMapping",
                    "message": "Mapped to com.zbkj.front.controller.UserController#getMenuUser()" }
                    
{
                    "app": "Crmeb",
                    "timestamp":"2025-09-23 18:38:07.372",
                    "level": "DEBUG",
                    "thread": "http-nio-8081-exec-24",
                    "class": "o.s.w.s.m.m.a.RequestMappingHandlerMapping",
                    "message": "Mapped to com.zbkj.front.controller.ProductController#getCategory()" }
                    
{
                    "app": "Crmeb",
                    "timestamp":"2025-09-23 18:38:07.372",
                    "level": "DEBUG",
                    "thread": "http-nio-8081-exec-25",
                    "class": "o.s.w.s.m.m.a.RequestMappingHandlerMapping",
                    "message": "Mapped to com.zbkj.front.controller.IndexController#hotKeywords()" }
                    
{
                    "app": "Crmeb",
                    "timestamp":"2025-09-23 18:38:07.377",
                    "level": "DEBUG",
                    "thread": "http-nio-8081-exec-18",
                    "class": "o.s.w.s.m.m.a.RequestResponseBodyMethodProcessor",
                    "message": "Using 'application/json', given [application/json, text/plain, */*] and supported [application/json, application/*+json, application/json, application/*+json]" }
                    
{
                    "app": "Crmeb",
                    "timestamp":"2025-09-23 18:38:07.383",
                    "level": "DEBUG",
                    "thread": "http-nio-8081-exec-18",
                    "class": "o.s.w.s.m.m.a.RequestResponseBodyMethodProcessor",
                    "message": "Writing [com.zbkj.common.response.CommonResult@1783c280]" }
                    
{
                    "app": "Crmeb",
                    "timestamp":"2025-09-23 18:38:07.386",
                    "level": "DEBUG",
                    "thread": "http-nio-8081-exec-18",
                    "class": "o.s.web.servlet.DispatcherServlet",
                    "message": "Completed 200 OK" }
                    
{
                    "app": "Crmeb",
                    "timestamp":"2025-09-23 18:38:07.416",
                    "level": "DEBUG",
                    "thread": "http-nio-8081-exec-25",
                    "class": "o.s.w.s.m.m.a.RequestResponseBodyMethodProcessor",
                    "message": "Using 'application/json', given [application/json, text/plain, */*] and supported [application/json, application/*+json, application/json, application/*+json]" }
                    
{
                    "app": "Crmeb",
                    "timestamp":"2025-09-23 18:38:07.417",
                    "level": "DEBUG",
                    "thread": "http-nio-8081-exec-25",
                    "class": "o.s.w.s.m.m.a.RequestResponseBodyMethodProcessor",
                    "message": "Writing [com.zbkj.common.response.CommonResult@30950d67]" }
                    
{
                    "app": "Crmeb",
                    "timestamp":"2025-09-23 18:38:07.417",
                    "level": "DEBUG",
                    "thread": "http-nio-8081-exec-16",
                    "class": "o.s.w.s.m.m.a.RequestResponseBodyMethodProcessor",
                    "message": "Using 'application/json', given [application/json, text/plain, */*] and supported [application/json, application/*+json, application/json, application/*+json]" }
                    
{
                    "app": "Crmeb",
                    "timestamp":"2025-09-23 18:38:07.420",
                    "level": "DEBUG",
                    "thread": "http-nio-8081-exec-16",
                    "class": "o.s.w.s.m.m.a.RequestResponseBodyMethodProcessor",
                    "message": "Writing [com.zbkj.common.response.CommonResult@2e570e70]" }
                    
{
                    "app": "Crmeb",
                    "timestamp":"2025-09-23 18:38:07.420",
                    "level": "DEBUG",
                    "thread": "http-nio-8081-exec-25",
                    "class": "o.s.web.servlet.DispatcherServlet",
                    "message": "Completed 200 OK" }
                    
{
                    "app": "Crmeb",
                    "timestamp":"2025-09-23 18:38:07.422",
                    "level": "DEBUG",
                    "thread": "http-nio-8081-exec-16",
                    "class": "o.s.web.servlet.DispatcherServlet",
                    "message": "Completed 200 OK" }
                    
{
                    "app": "Crmeb",
                    "timestamp":"2025-09-23 18:38:07.430",
                    "level": "DEBUG",
                    "thread": "http-nio-8081-exec-24",
                    "class": "o.s.w.s.m.m.a.RequestResponseBodyMethodProcessor",
                    "message": "Using 'application/json', given [application/json, text/plain, */*] and supported [application/json, application/*+json, application/json, application/*+json]" }
                    
{
                    "app": "Crmeb",
                    "timestamp":"2025-09-23 18:38:07.430",
                    "level": "DEBUG",
                    "thread": "http-nio-8081-exec-24",
                    "class": "o.s.w.s.m.m.a.RequestResponseBodyMethodProcessor",
                    "message": "Writing [com.zbkj.common.response.CommonResult@183f786d]" }
                    
{
                    "app": "Crmeb",
                    "timestamp":"2025-09-23 18:38:07.433",
                    "level": "DEBUG",
                    "thread": "http-nio-8081-exec-24",
                    "class": "o.s.web.servlet.DispatcherServlet",
                    "message": "Completed 200 OK" }
                    
{
                    "app": "Crmeb",
                    "timestamp":"2025-09-23 18:38:07.439",
                    "level": "DEBUG",
                    "thread": "http-nio-8081-exec-21",
                    "class": "o.s.w.s.m.m.a.RequestResponseBodyMethodProcessor",
                    "message": "Using 'application/json', given [application/json, text/plain, */*] and supported [application/json, application/*+json, application/json, application/*+json]" }
                    
{
                    "app": "Crmeb",
                    "timestamp":"2025-09-23 18:38:07.440",
                    "level": "DEBUG",
                    "thread": "http-nio-8081-exec-21",
                    "class": "o.s.w.s.m.m.a.RequestResponseBodyMethodProcessor",
                    "message": "Writing [com.zbkj.common.response.CommonResult@187086f8]" }
                    
{
                    "app": "Crmeb",
                    "timestamp":"2025-09-23 18:38:07.445",
                    "level": "DEBUG",
                    "thread": "http-nio-8081-exec-21",
                    "class": "o.s.web.servlet.DispatcherServlet",
                    "message": "Completed 200 OK" }
                    
{
                    "app": "Crmeb",
                    "timestamp":"2025-09-23 18:38:07.461",
                    "level": "DEBUG",
                    "thread": "http-nio-8081-exec-26",
                    "class": "o.s.web.servlet.DispatcherServlet",
                    "message": "GET "/api/front/user/menu/user", parameters={}" }
                    
{
                    "app": "Crmeb",
                    "timestamp":"2025-09-23 18:38:07.462",
                    "level": "DEBUG",
                    "thread": "http-nio-8081-exec-26",
                    "class": "o.s.w.s.m.m.a.RequestMappingHandlerMapping",
                    "message": "Mapped to com.zbkj.front.controller.UserController#getMenuUser()" }
                    
{
                    "app": "Crmeb",
                    "timestamp":"2025-09-23 18:38:07.469",
                    "level": "DEBUG",
                    "thread": "http-nio-8081-exec-22",
                    "class": "o.s.w.s.m.m.a.RequestResponseBodyMethodProcessor",
                    "message": "Using 'application/json', given [application/json, text/plain, */*] and supported [application/json, application/*+json, application/json, application/*+json]" }
                    
{
                    "app": "Crmeb",
                    "timestamp":"2025-09-23 18:38:07.470",
                    "level": "DEBUG",
                    "thread": "http-nio-8081-exec-22",
                    "class": "o.s.w.s.m.m.a.RequestResponseBodyMethodProcessor",
                    "message": "Writing [com.zbkj.common.response.CommonResult@50591580]" }
                    
{
                    "app": "Crmeb",
                    "timestamp":"2025-09-23 18:38:07.473",
                    "level": "DEBUG",
                    "thread": "http-nio-8081-exec-22",
                    "class": "o.s.web.servlet.DispatcherServlet",
                    "message": "Completed 200 OK" }
                    
{
                    "app": "Crmeb",
                    "timestamp":"2025-09-23 18:38:07.479",
                    "level": "DEBUG",
                    "thread": "http-nio-8081-exec-22",
                    "class": "o.s.web.servlet.DispatcherServlet",
                    "message": "GET "/api/front/cart/count?numType=true&type=total", parameters={masked}" }
                    
{
                    "app": "Crmeb",
                    "timestamp":"2025-09-23 18:38:07.480",
                    "level": "DEBUG",
                    "thread": "http-nio-8081-exec-22",
                    "class": "o.s.w.s.m.m.a.RequestMappingHandlerMapping",
                    "message": "Mapped to com.zbkj.front.controller.CartController#count(CartNumRequest)" }
                    
{
                    "app": "Crmeb",
                    "timestamp":"2025-09-23 18:38:07.487",
                    "level": "DEBUG",
                    "thread": "http-nio-8081-exec-22",
                    "class": "o.s.w.s.m.m.a.RequestResponseBodyMethodProcessor",
                    "message": "Using 'application/json', given [application/json, text/plain, */*] and supported [application/json, application/*+json, application/json, application/*+json]" }
                    
{
                    "app": "Crmeb",
                    "timestamp":"2025-09-23 18:38:07.487",
                    "level": "DEBUG",
                    "thread": "http-nio-8081-exec-22",
                    "class": "o.s.w.s.m.m.a.RequestResponseBodyMethodProcessor",
                    "message": "Writing [com.zbkj.common.response.CommonResult@89988c0]" }
                    
{
                    "app": "Crmeb",
                    "timestamp":"2025-09-23 18:38:07.488",
                    "level": "DEBUG",
                    "thread": "http-nio-8081-exec-22",
                    "class": "o.s.web.servlet.DispatcherServlet",
                    "message": "Completed 200 OK" }
                    
{
                    "app": "Crmeb",
                    "timestamp":"2025-09-23 18:38:07.493",
                    "level": "DEBUG",
                    "thread": "http-nio-8081-exec-26",
                    "class": "o.s.w.s.m.m.a.RequestResponseBodyMethodProcessor",
                    "message": "Using 'application/json', given [application/json, text/plain, */*] and supported [application/json, application/*+json, application/json, application/*+json]" }
                    
{
                    "app": "Crmeb",
                    "timestamp":"2025-09-23 18:38:07.493",
                    "level": "DEBUG",
                    "thread": "http-nio-8081-exec-26",
                    "class": "o.s.w.s.m.m.a.RequestResponseBodyMethodProcessor",
                    "message": "Writing [com.zbkj.common.response.CommonResult@176c2193]" }
                    
{
                    "app": "Crmeb",
                    "timestamp":"2025-09-23 18:38:07.494",
                    "level": "DEBUG",
                    "thread": "http-nio-8081-exec-26",
                    "class": "o.s.web.servlet.DispatcherServlet",
                    "message": "Completed 200 OK" }
                    
{
                    "app": "Crmeb",
                    "timestamp":"2025-09-23 18:38:11.590",
                    "level": "DEBUG",
                    "thread": "http-nio-8081-exec-29",
                    "class": "o.s.web.servlet.DispatcherServlet",
                    "message": "GET "/api/front/cart/count?numType=true&type=total", parameters={masked}" }
                    
{
                    "app": "Crmeb",
                    "timestamp":"2025-09-23 18:38:11.591",
                    "level": "DEBUG",
                    "thread": "http-nio-8081-exec-28",
                    "class": "o.s.web.servlet.DispatcherServlet",
                    "message": "GET "/api/front/user/menu/user", parameters={}" }
                    
{
                    "app": "Crmeb",
                    "timestamp":"2025-09-23 18:38:11.592",
                    "level": "DEBUG",
                    "thread": "http-nio-8081-exec-29",
                    "class": "o.s.w.s.m.m.a.RequestMappingHandlerMapping",
                    "message": "Mapped to com.zbkj.front.controller.CartController#count(CartNumRequest)" }
                    
{
                    "app": "Crmeb",
                    "timestamp":"2025-09-23 18:38:11.593",
                    "level": "DEBUG",
                    "thread": "http-nio-8081-exec-28",
                    "class": "o.s.w.s.m.m.a.RequestMappingHandlerMapping",
                    "message": "Mapped to com.zbkj.front.controller.UserController#getMenuUser()" }
                    
{
                    "app": "Crmeb",
                    "timestamp":"2025-09-23 18:38:11.606",
                    "level": "DEBUG",
                    "thread": "http-nio-8081-exec-29",
                    "class": "o.s.w.s.m.m.a.RequestResponseBodyMethodProcessor",
                    "message": "Using 'application/json', given [application/json, text/plain, */*] and supported [application/json, application/*+json, application/json, application/*+json]" }
                    
{
                    "app": "Crmeb",
                    "timestamp":"2025-09-23 18:38:11.606",
                    "level": "DEBUG",
                    "thread": "http-nio-8081-exec-29",
                    "class": "o.s.w.s.m.m.a.RequestResponseBodyMethodProcessor",
                    "message": "Writing [com.zbkj.common.response.CommonResult@1ebcfb77]" }
                    
{
                    "app": "Crmeb",
                    "timestamp":"2025-09-23 18:38:11.607",
                    "level": "DEBUG",
                    "thread": "http-nio-8081-exec-29",
                    "class": "o.s.web.servlet.DispatcherServlet",
                    "message": "Completed 200 OK" }
                    
{
                    "app": "Crmeb",
                    "timestamp":"2025-09-23 18:38:11.612",
                    "level": "DEBUG",
                    "thread": "http-nio-8081-exec-3",
                    "class": "o.s.web.servlet.DispatcherServlet",
                    "message": "GET "/api/front/cart/list?isValid=false", parameters={masked}" }
                    
{
                    "app": "Crmeb",
                    "timestamp":"2025-09-23 18:38:11.612",
                    "level": "DEBUG",
                    "thread": "http-nio-8081-exec-2",
                    "class": "o.s.web.servlet.DispatcherServlet",
                    "message": "GET "/api/front/cart/list?isValid=true", parameters={masked}" }
                    
{
                    "app": "Crmeb",
                    "timestamp":"2025-09-23 18:38:11.612",
                    "level": "DEBUG",
                    "thread": "http-nio-8081-exec-3",
                    "class": "o.s.w.s.m.m.a.RequestMappingHandlerMapping",
                    "message": "Mapped to com.zbkj.front.controller.CartController#getList(Boolean)" }
                    
{
                    "app": "Crmeb",
                    "timestamp":"2025-09-23 18:38:11.613",
                    "level": "DEBUG",
                    "thread": "http-nio-8081-exec-2",
                    "class": "o.s.w.s.m.m.a.RequestMappingHandlerMapping",
                    "message": "Mapped to com.zbkj.front.controller.CartController#getList(Boolean)" }
                    
{
                    "app": "Crmeb",
                    "timestamp":"2025-09-23 18:38:11.626",
                    "level": "DEBUG",
                    "thread": "http-nio-8081-exec-28",
                    "class": "o.s.w.s.m.m.a.RequestResponseBodyMethodProcessor",
                    "message": "Using 'application/json', given [application/json, text/plain, */*] and supported [application/json, application/*+json, application/json, application/*+json]" }
                    
{
                    "app": "Crmeb",
                    "timestamp":"2025-09-23 18:38:11.627",
                    "level": "DEBUG",
                    "thread": "http-nio-8081-exec-2",
                    "class": "o.s.w.s.m.m.a.RequestResponseBodyMethodProcessor",
                    "message": "Using 'application/json', given [application/json, text/plain, */*] and supported [application/json, application/*+json, application/json, application/*+json]" }
                    
{
                    "app": "Crmeb",
                    "timestamp":"2025-09-23 18:38:11.627",
                    "level": "DEBUG",
                    "thread": "http-nio-8081-exec-3",
                    "class": "o.s.w.s.m.m.a.RequestResponseBodyMethodProcessor",
                    "message": "Using 'application/json', given [application/json, text/plain, */*] and supported [application/json, application/*+json, application/json, application/*+json]" }
                    
{
                    "app": "Crmeb",
                    "timestamp":"2025-09-23 18:38:11.627",
                    "level": "DEBUG",
                    "thread": "http-nio-8081-exec-28",
                    "class": "o.s.w.s.m.m.a.RequestResponseBodyMethodProcessor",
                    "message": "Writing [com.zbkj.common.response.CommonResult@9c2d0fb]" }
                    
{
                    "app": "Crmeb",
                    "timestamp":"2025-09-23 18:38:11.627",
                    "level": "DEBUG",
                    "thread": "http-nio-8081-exec-2",
                    "class": "o.s.w.s.m.m.a.RequestResponseBodyMethodProcessor",
                    "message": "Writing [com.zbkj.common.response.CommonResult@62cb04ac]" }
                    
{
                    "app": "Crmeb",
                    "timestamp":"2025-09-23 18:38:11.628",
                    "level": "DEBUG",
                    "thread": "http-nio-8081-exec-3",
                    "class": "o.s.w.s.m.m.a.RequestResponseBodyMethodProcessor",
                    "message": "Writing [com.zbkj.common.response.CommonResult@19a20f3e]" }
                    
{
                    "app": "Crmeb",
                    "timestamp":"2025-09-23 18:38:11.628",
                    "level": "DEBUG",
                    "thread": "http-nio-8081-exec-28",
                    "class": "o.s.web.servlet.DispatcherServlet",
                    "message": "Completed 200 OK" }
                    
{
                    "app": "Crmeb",
                    "timestamp":"2025-09-23 18:38:11.628",
                    "level": "DEBUG",
                    "thread": "http-nio-8081-exec-2",
                    "class": "o.s.web.servlet.DispatcherServlet",
                    "message": "Completed 200 OK" }
                    
{
                    "app": "Crmeb",
                    "timestamp":"2025-09-23 18:38:11.628",
                    "level": "DEBUG",
                    "thread": "http-nio-8081-exec-3",
                    "class": "o.s.web.servlet.DispatcherServlet",
                    "message": "Completed 200 OK" }
                    
{
                    "app": "Crmeb",
                    "timestamp":"2025-09-23 18:38:16.061",
                    "level": "DEBUG",
                    "thread": "http-nio-8081-exec-9",
                    "class": "o.s.web.servlet.DispatcherServlet",
                    "message": "GET "/api/front/activity/index/list", parameters={}" }
                    
{
                    "app": "Crmeb",
                    "timestamp":"2025-09-23 18:38:16.061",
                    "level": "DEBUG",
                    "thread": "http-nio-8081-exec-15",
                    "class": "o.s.web.servlet.DispatcherServlet",
                    "message": "GET "/api/front/merchant/street", parameters={}" }
                    
{
                    "app": "Crmeb",
                    "timestamp":"2025-09-23 18:38:16.061",
                    "level": "DEBUG",
                    "thread": "http-nio-8081-exec-11",
                    "class": "o.s.web.servlet.DispatcherServlet",
                    "message": "GET "/api/front/index/product?page=1&limit=13", parameters={masked}" }
                    
{
                    "app": "Crmeb",
                    "timestamp":"2025-09-23 18:38:16.061",
                    "level": "DEBUG",
                    "thread": "http-nio-8081-exec-19",
                    "class": "o.s.web.servlet.DispatcherServlet",
                    "message": "GET "/api/pc/home/index", parameters={}" }
                    
{
                    "app": "Crmeb",
                    "timestamp":"2025-09-23 18:38:16.061",
                    "level": "DEBUG",
                    "thread": "http-nio-8081-exec-8",
                    "class": "o.s.web.servlet.DispatcherServlet",
                    "message": "GET "/api/front/product/leaderboard", parameters={}" }
                    
{
                    "app": "Crmeb",
                    "timestamp":"2025-09-23 18:38:16.062",
                    "level": "DEBUG",
                    "thread": "http-nio-8081-exec-9",
                    "class": "o.s.w.s.m.m.a.RequestMappingHandlerMapping",
                    "message": "Mapped to com.zbkj.front.controller.ActivityController#getIndexList()" }
                    
{
                    "app": "Crmeb",
                    "timestamp":"2025-09-23 18:38:16.064",
                    "level": "DEBUG",
                    "thread": "http-nio-8081-exec-8",
                    "class": "o.s.w.s.m.m.a.RequestMappingHandlerMapping",
                    "message": "Mapped to com.zbkj.front.controller.ProductController#getLeaderboard()" }
                    
{
                    "app": "Crmeb",
                    "timestamp":"2025-09-23 18:38:16.062",
                    "level": "DEBUG",
                    "thread": "http-nio-8081-exec-15",
                    "class": "o.s.w.s.m.m.a.RequestMappingHandlerMapping",
                    "message": "Mapped to com.zbkj.front.controller.MerchantController#getStreet(PageParamRequest)" }
                    
{
                    "app": "Crmeb",
                    "timestamp":"2025-09-23 18:38:16.063",
                    "level": "DEBUG",
                    "thread": "http-nio-8081-exec-11",
                    "class": "o.s.w.s.m.m.a.RequestMappingHandlerMapping",
                    "message": "Mapped to com.zbkj.front.controller.IndexController#getProductList(PageParamRequest)" }
                    
{
                    "app": "Crmeb",
                    "timestamp":"2025-09-23 18:38:16.063",
                    "level": "DEBUG",
                    "thread": "http-nio-8081-exec-19",
                    "class": "o.s.w.s.m.m.a.RequestMappingHandlerMapping",
                    "message": "Mapped to com.zbkj.front.pc.controller.PcIndexController#getIndexInfo()" }
                    
{
                    "app": "Crmeb",
                    "timestamp":"2025-09-23 18:38:16.082",
                    "level": "DEBUG",
                    "thread": "http-nio-8081-exec-8",
                    "class": "o.s.w.s.m.m.a.RequestResponseBodyMethodProcessor",
                    "message": "Using 'application/json', given [application/json, text/plain, */*] and supported [application/json, application/*+json, application/json, application/*+json]" }
                    
{
                    "app": "Crmeb",
                    "timestamp":"2025-09-23 18:38:16.085",
                    "level": "DEBUG",
                    "thread": "http-nio-8081-exec-8",
                    "class": "o.s.w.s.m.m.a.RequestResponseBodyMethodProcessor",
                    "message": "Writing [com.zbkj.common.response.CommonResult@4e5decf1]" }
                    
{
                    "app": "Crmeb",
                    "timestamp":"2025-09-23 18:38:16.087",
                    "level": "DEBUG",
                    "thread": "http-nio-8081-exec-8",
                    "class": "o.s.web.servlet.DispatcherServlet",
                    "message": "Completed 200 OK" }
                    
{
                    "app": "Crmeb",
                    "timestamp":"2025-09-23 18:38:16.096",
                    "level": "DEBUG",
                    "thread": "http-nio-8081-exec-15",
                    "class": "o.s.w.s.m.m.a.RequestResponseBodyMethodProcessor",
                    "message": "Using 'application/json', given [application/json, text/plain, */*] and supported [application/json, application/*+json, application/json, application/*+json]" }
                    
{
                    "app": "Crmeb",
                    "timestamp":"2025-09-23 18:38:16.097",
                    "level": "DEBUG",
                    "thread": "http-nio-8081-exec-11",
                    "class": "o.s.w.s.m.m.a.RequestResponseBodyMethodProcessor",
                    "message": "Using 'application/json', given [application/json, text/plain, */*] and supported [application/json, application/*+json, application/json, application/*+json]" }
                    
{
                    "app": "Crmeb",
                    "timestamp":"2025-09-23 18:38:16.097",
                    "level": "DEBUG",
                    "thread": "http-nio-8081-exec-15",
                    "class": "o.s.w.s.m.m.a.RequestResponseBodyMethodProcessor",
                    "message": "Writing [com.zbkj.common.response.CommonResult@13a0fb39]" }
                    
{
                    "app": "Crmeb",
                    "timestamp":"2025-09-23 18:38:16.098",
                    "level": "DEBUG",
                    "thread": "http-nio-8081-exec-11",
                    "class": "o.s.w.s.m.m.a.RequestResponseBodyMethodProcessor",
                    "message": "Writing [com.zbkj.common.response.CommonResult@4bad770f]" }
                    
{
                    "app": "Crmeb",
                    "timestamp":"2025-09-23 18:38:16.100",
                    "level": "DEBUG",
                    "thread": "http-nio-8081-exec-15",
                    "class": "o.s.web.servlet.DispatcherServlet",
                    "message": "Completed 200 OK" }
                    
{
                    "app": "Crmeb",
                    "timestamp":"2025-09-23 18:38:16.102",
                    "level": "DEBUG",
                    "thread": "http-nio-8081-exec-11",
                    "class": "o.s.web.servlet.DispatcherServlet",
                    "message": "Completed 200 OK" }
                    
{
                    "app": "Crmeb",
                    "timestamp":"2025-09-23 18:38:16.140",
                    "level": "DEBUG",
                    "thread": "http-nio-8081-exec-9",
                    "class": "o.s.w.s.m.m.a.RequestResponseBodyMethodProcessor",
                    "message": "Using 'application/json', given [application/json, text/plain, */*] and supported [application/json, application/*+json, application/json, application/*+json]" }
                    
{
                    "app": "Crmeb",
                    "timestamp":"2025-09-23 18:38:16.142",
                    "level": "DEBUG",
                    "thread": "http-nio-8081-exec-9",
                    "class": "o.s.w.s.m.m.a.RequestResponseBodyMethodProcessor",
                    "message": "Writing [com.zbkj.common.response.CommonResult@561cc8a9]" }
                    
{
                    "app": "Crmeb",
                    "timestamp":"2025-09-23 18:38:16.143",
                    "level": "DEBUG",
                    "thread": "http-nio-8081-exec-9",
                    "class": "o.s.web.servlet.DispatcherServlet",
                    "message": "Completed 200 OK" }
                    
{
                    "app": "Crmeb",
                    "timestamp":"2025-09-23 18:38:16.154",
                    "level": "DEBUG",
                    "thread": "http-nio-8081-exec-20",
                    "class": "o.s.web.servlet.DispatcherServlet",
                    "message": "GET "/api/front/activity/index/list", parameters={}" }
                    
{
                    "app": "Crmeb",
                    "timestamp":"2025-09-23 18:38:16.154",
                    "level": "DEBUG",
                    "thread": "http-nio-8081-exec-20",
                    "class": "o.s.w.s.m.m.a.RequestMappingHandlerMapping",
                    "message": "Mapped to com.zbkj.front.controller.ActivityController#getIndexList()" }
                    
{
                    "app": "Crmeb",
                    "timestamp":"2025-09-23 18:38:16.155",
                    "level": "DEBUG",
                    "thread": "http-nio-8081-exec-19",
                    "class": "o.s.w.s.m.m.a.RequestResponseBodyMethodProcessor",
                    "message": "Using 'application/json', given [application/json, text/plain, */*] and supported [application/json, application/*+json, application/json, application/*+json]" }
                    
{
                    "app": "Crmeb",
                    "timestamp":"2025-09-23 18:38:16.155",
                    "level": "DEBUG",
                    "thread": "http-nio-8081-exec-19",
                    "class": "o.s.w.s.m.m.a.RequestResponseBodyMethodProcessor",
                    "message": "Writing [com.zbkj.common.response.CommonResult@3c37913]" }
                    
{
                    "app": "Crmeb",
                    "timestamp":"2025-09-23 18:38:16.158",
                    "level": "DEBUG",
                    "thread": "http-nio-8081-exec-19",
                    "class": "o.s.web.servlet.DispatcherServlet",
                    "message": "Completed 200 OK" }
                    
{
                    "app": "Crmeb",
                    "timestamp":"2025-09-23 18:38:16.191",
                    "level": "DEBUG",
                    "thread": "http-nio-8081-exec-20",
                    "class": "o.s.w.s.m.m.a.RequestResponseBodyMethodProcessor",
                    "message": "Using 'application/json', given [application/json, text/plain, */*] and supported [application/json, application/*+json, application/json, application/*+json]" }
                    
{
                    "app": "Crmeb",
                    "timestamp":"2025-09-23 18:38:16.191",
                    "level": "DEBUG",
                    "thread": "http-nio-8081-exec-20",
                    "class": "o.s.w.s.m.m.a.RequestResponseBodyMethodProcessor",
                    "message": "Writing [com.zbkj.common.response.CommonResult@1b4b898d]" }
                    
{
                    "app": "Crmeb",
                    "timestamp":"2025-09-23 18:38:16.191",
                    "level": "DEBUG",
                    "thread": "http-nio-8081-exec-20",
                    "class": "o.s.web.servlet.DispatcherServlet",
                    "message": "Completed 200 OK" }
                    
{
                    "app": "Crmeb",
                    "timestamp":"2025-09-23 18:38:16.208",
                    "level": "DEBUG",
                    "thread": "http-nio-8081-exec-23",
                    "class": "o.s.web.servlet.DispatcherServlet",
                    "message": "GET "/api/front/user/menu/user", parameters={}" }
                    
{
                    "app": "Crmeb",
                    "timestamp":"2025-09-23 18:38:16.208",
                    "level": "DEBUG",
                    "thread": "http-nio-8081-exec-10",
                    "class": "o.s.web.servlet.DispatcherServlet",
                    "message": "GET "/api/front/cart/count?numType=true&type=total", parameters={masked}" }
                    
{
                    "app": "Crmeb",
                    "timestamp":"2025-09-23 18:38:16.208",
                    "level": "DEBUG",
                    "thread": "http-nio-8081-exec-23",
                    "class": "o.s.w.s.m.m.a.RequestMappingHandlerMapping",
                    "message": "Mapped to com.zbkj.front.controller.UserController#getMenuUser()" }
                    
{
                    "app": "Crmeb",
                    "timestamp":"2025-09-23 18:38:16.208",
                    "level": "DEBUG",
                    "thread": "http-nio-8081-exec-10",
                    "class": "o.s.w.s.m.m.a.RequestMappingHandlerMapping",
                    "message": "Mapped to com.zbkj.front.controller.CartController#count(CartNumRequest)" }
                    
{
                    "app": "Crmeb",
                    "timestamp":"2025-09-23 18:38:16.217",
                    "level": "DEBUG",
                    "thread": "http-nio-8081-exec-10",
                    "class": "o.s.w.s.m.m.a.RequestResponseBodyMethodProcessor",
                    "message": "Using 'application/json', given [application/json, text/plain, */*] and supported [application/json, application/*+json, application/json, application/*+json]" }
                    
{
                    "app": "Crmeb",
                    "timestamp":"2025-09-23 18:38:16.218",
                    "level": "DEBUG",
                    "thread": "http-nio-8081-exec-10",
                    "class": "o.s.w.s.m.m.a.RequestResponseBodyMethodProcessor",
                    "message": "Writing [com.zbkj.common.response.CommonResult@4547b399]" }
                    
{
                    "app": "Crmeb",
                    "timestamp":"2025-09-23 18:38:16.220",
                    "level": "DEBUG",
                    "thread": "http-nio-8081-exec-10",
                    "class": "o.s.web.servlet.DispatcherServlet",
                    "message": "Completed 200 OK" }
                    
{
                    "app": "Crmeb",
                    "timestamp":"2025-09-23 18:38:16.228",
                    "level": "DEBUG",
                    "thread": "http-nio-8081-exec-23",
                    "class": "o.s.w.s.m.m.a.RequestResponseBodyMethodProcessor",
                    "message": "Using 'application/json', given [application/json, text/plain, */*] and supported [application/json, application/*+json, application/json, application/*+json]" }
                    
{
                    "app": "Crmeb",
                    "timestamp":"2025-09-23 18:38:16.228",
                    "level": "DEBUG",
                    "thread": "http-nio-8081-exec-23",
                    "class": "o.s.w.s.m.m.a.RequestResponseBodyMethodProcessor",
                    "message": "Writing [com.zbkj.common.response.CommonResult@71383ff9]" }
                    
{
                    "app": "Crmeb",
                    "timestamp":"2025-09-23 18:38:16.229",
                    "level": "DEBUG",
                    "thread": "http-nio-8081-exec-23",
                    "class": "o.s.web.servlet.DispatcherServlet",
                    "message": "Completed 200 OK" }
                    
{
                    "app": "Crmeb",
                    "timestamp":"2025-09-23 18:38:16.235",
                    "level": "DEBUG",
                    "thread": "http-nio-8081-exec-18",
                    "class": "o.s.web.servlet.DispatcherServlet",
                    "message": "GET "/api/front/index/product?page=1&limit=13", parameters={masked}" }
                    
{
                    "app": "Crmeb",
                    "timestamp":"2025-09-23 18:38:16.239",
                    "level": "DEBUG",
                    "thread": "http-nio-8081-exec-18",
                    "class": "o.s.w.s.m.m.a.RequestMappingHandlerMapping",
                    "message": "Mapped to com.zbkj.front.controller.IndexController#getProductList(PageParamRequest)" }
                    
{
                    "app": "Crmeb",
                    "timestamp":"2025-09-23 18:38:16.271",
                    "level": "DEBUG",
                    "thread": "http-nio-8081-exec-18",
                    "class": "o.s.w.s.m.m.a.RequestResponseBodyMethodProcessor",
                    "message": "Using 'application/json', given [application/json, text/plain, */*] and supported [application/json, application/*+json, application/json, application/*+json]" }
                    
{
                    "app": "Crmeb",
                    "timestamp":"2025-09-23 18:38:16.271",
                    "level": "DEBUG",
                    "thread": "http-nio-8081-exec-18",
                    "class": "o.s.w.s.m.m.a.RequestResponseBodyMethodProcessor",
                    "message": "Writing [com.zbkj.common.response.CommonResult@3c18078b]" }
                    
{
                    "app": "Crmeb",
                    "timestamp":"2025-09-23 18:38:16.272",
                    "level": "DEBUG",
                    "thread": "http-nio-8081-exec-18",
                    "class": "o.s.web.servlet.DispatcherServlet",
                    "message": "Completed 200 OK" }
                    
{
                    "app": "Crmeb",
                    "timestamp":"2025-09-23 18:38:17.401",
                    "level": "DEBUG",
                    "thread": "http-nio-8081-exec-16",
                    "class": "o.s.web.servlet.DispatcherServlet",
                    "message": "GET "/api/front/product/detail/8", parameters={}" }
                    
{
                    "app": "Crmeb",
                    "timestamp":"2025-09-23 18:38:17.402",
                    "level": "DEBUG",
                    "thread": "http-nio-8081-exec-16",
                    "class": "o.s.w.s.m.m.a.RequestMappingHandlerMapping",
                    "message": "Mapped to com.zbkj.front.controller.ProductController#getDetail(Integer)" }
                    
{
                    "app": "Crmeb",
                    "timestamp":"2025-09-23 18:38:17.470",
                    "level": "DEBUG",
                    "thread": "http-nio-8081-exec-16",
                    "class": "o.s.w.s.m.m.a.RequestResponseBodyMethodProcessor",
                    "message": "Using 'application/json', given [application/json, text/plain, */*] and supported [application/json, application/*+json, application/json, application/*+json]" }
                    
{
                    "app": "Crmeb",
                    "timestamp":"2025-09-23 18:38:17.470",
                    "level": "DEBUG",
                    "thread": "http-nio-8081-exec-16",
                    "class": "o.s.w.s.m.m.a.RequestResponseBodyMethodProcessor",
                    "message": "Writing [com.zbkj.common.response.CommonResult@46b9ee1f]" }
                    
{
                    "app": "Crmeb",
                    "timestamp":"2025-09-23 18:38:17.473",
                    "level": "DEBUG",
                    "thread": "http-nio-8081-exec-16",
                    "class": "o.s.web.servlet.DispatcherServlet",
                    "message": "Completed 200 OK" }
                    
{
                    "app": "Crmeb",
                    "timestamp":"2025-09-23 18:38:17.489",
                    "level": "DEBUG",
                    "thread": "http-nio-8081-exec-21",
                    "class": "o.s.web.servlet.DispatcherServlet",
                    "message": "GET "/api/front/cart/count?numType=true&type=total", parameters={masked}" }
                    
{
                    "app": "Crmeb",
                    "timestamp":"2025-09-23 18:38:17.489",
                    "level": "DEBUG",
                    "thread": "http-nio-8081-exec-24",
                    "class": "o.s.web.servlet.DispatcherServlet",
                    "message": "GET "/api/front/user/menu/user", parameters={}" }
                    
{
                    "app": "Crmeb",
                    "timestamp":"2025-09-23 18:38:17.490",
                    "level": "DEBUG",
                    "thread": "http-nio-8081-exec-24",
                    "class": "o.s.w.s.m.m.a.RequestMappingHandlerMapping",
                    "message": "Mapped to com.zbkj.front.controller.UserController#getMenuUser()" }
                    
{
                    "app": "Crmeb",
                    "timestamp":"2025-09-23 18:38:17.491",
                    "level": "DEBUG",
                    "thread": "http-nio-8081-exec-21",
                    "class": "o.s.w.s.m.m.a.RequestMappingHandlerMapping",
                    "message": "Mapped to com.zbkj.front.controller.CartController#count(CartNumRequest)" }
                    
{
                    "app": "Crmeb",
                    "timestamp":"2025-09-23 18:38:17.510",
                    "level": "DEBUG",
                    "thread": "http-nio-8081-exec-21",
                    "class": "o.s.w.s.m.m.a.RequestResponseBodyMethodProcessor",
                    "message": "Using 'application/json', given [application/json, text/plain, */*] and supported [application/json, application/*+json, application/json, application/*+json]" }
                    
{
                    "app": "Crmeb",
                    "timestamp":"2025-09-23 18:38:17.510",
                    "level": "DEBUG",
                    "thread": "http-nio-8081-exec-21",
                    "class": "o.s.w.s.m.m.a.RequestResponseBodyMethodProcessor",
                    "message": "Writing [com.zbkj.common.response.CommonResult@58792007]" }
                    
{
                    "app": "Crmeb",
                    "timestamp":"2025-09-23 18:38:17.511",
                    "level": "DEBUG",
                    "thread": "http-nio-8081-exec-21",
                    "class": "o.s.web.servlet.DispatcherServlet",
                    "message": "Completed 200 OK" }
                    
{
                    "app": "Crmeb",
                    "timestamp":"2025-09-23 18:38:17.518",
                    "level": "DEBUG",
                    "thread": "http-nio-8081-exec-28",
                    "class": "o.s.web.servlet.DispatcherServlet",
                    "message": "GET "/api/front/merchant/all/type/list", parameters={}" }
                    
{
                    "app": "Crmeb",
                    "timestamp":"2025-09-23 18:38:17.522",
                    "level": "DEBUG",
                    "thread": "http-nio-8081-exec-7",
                    "class": "o.s.web.servlet.DispatcherServlet",
                    "message": "GET "/api/front/product/reply/config/8", parameters={}" }
                    
{
                    "app": "Crmeb",
                    "timestamp":"2025-09-23 18:38:17.518",
                    "level": "DEBUG",
                    "thread": "http-nio-8081-exec-2",
                    "class": "o.s.web.servlet.DispatcherServlet",
                    "message": "GET "/api/front/product/reply/list/8?page=1&limit=20&type=0", parameters={masked}" }
                    
{
                    "app": "Crmeb",
                    "timestamp":"2025-09-23 18:38:17.519",
                    "level": "DEBUG",
                    "thread": "http-nio-8081-exec-3",
                    "class": "o.s.web.servlet.DispatcherServlet",
                    "message": "GET "/api/front/coupons?merId=2&productId=8&useType=2&page=1&limit=20", parameters={masked}" }
                    
{
                    "app": "Crmeb",
                    "timestamp":"2025-09-23 18:38:17.522",
                    "level": "DEBUG",
                    "thread": "http-nio-8081-exec-28",
                    "class": "o.s.w.s.m.m.a.RequestMappingHandlerMapping",
                    "message": "Mapped to com.zbkj.front.controller.MerchantController#allTypeList()" }
                    
{
                    "app": "Crmeb",
                    "timestamp":"2025-09-23 18:38:17.523",
                    "level": "DEBUG",
                    "thread": "http-nio-8081-exec-14",
                    "class": "o.s.web.servlet.DispatcherServlet",
                    "message": "GET "/api/front/merchant/customer/service/info/2", parameters={}" }
                    
{
                    "app": "Crmeb",
                    "timestamp":"2025-09-23 18:38:17.523",
                    "level": "DEBUG",
                    "thread": "http-nio-8081-exec-3",
                    "class": "o.s.w.s.m.m.a.RequestMappingHandlerMapping",
                    "message": "Mapped to com.zbkj.front.controller.CouponController#getList(CouponSearchRequest, PageParamRequest)" }
                    
{
                    "app": "Crmeb",
                    "timestamp":"2025-09-23 18:38:17.524",
                    "level": "DEBUG",
                    "thread": "http-nio-8081-exec-2",
                    "class": "o.s.w.s.m.m.a.RequestMappingHandlerMapping",
                    "message": "Mapped to com.zbkj.front.controller.ProductController#getReplyList(Integer, Integer, PageParamRequest)" }
                    
{
                    "app": "Crmeb",
                    "timestamp":"2025-09-23 18:38:17.524",
                    "level": "DEBUG",
                    "thread": "http-nio-8081-exec-7",
                    "class": "o.s.w.s.m.m.a.RequestMappingHandlerMapping",
                    "message": "Mapped to com.zbkj.front.controller.ProductController#getReplyCount(Integer)" }
                    
{
                    "app": "Crmeb",
                    "timestamp":"2025-09-23 18:38:17.525",
                    "level": "DEBUG",
                    "thread": "http-nio-8081-exec-14",
                    "class": "o.s.w.s.m.m.a.RequestMappingHandlerMapping",
                    "message": "Mapped to com.zbkj.front.controller.MerchantController#getCustomerServiceInfo(Integer)" }
                    
{
                    "app": "Crmeb",
                    "timestamp":"2025-09-23 18:38:17.564",
                    "level": "DEBUG",
                    "thread": "http-nio-8081-exec-2",
                    "class": "o.s.w.s.m.m.a.RequestResponseBodyMethodProcessor",
                    "message": "Using 'application/json', given [application/json, text/plain, */*] and supported [application/json, application/*+json, application/json, application/*+json]" }
                    
{
                    "app": "Crmeb",
                    "timestamp":"2025-09-23 18:38:17.564",
                    "level": "DEBUG",
                    "thread": "http-nio-8081-exec-2",
                    "class": "o.s.w.s.m.m.a.RequestResponseBodyMethodProcessor",
                    "message": "Writing [com.zbkj.common.response.CommonResult@2138ab75]" }
                    
{
                    "app": "Crmeb",
                    "timestamp":"2025-09-23 18:38:17.567",
                    "level": "DEBUG",
                    "thread": "http-nio-8081-exec-2",
                    "class": "o.s.web.servlet.DispatcherServlet",
                    "message": "Completed 200 OK" }
                    
{
                    "app": "Crmeb",
                    "timestamp":"2025-09-23 18:38:17.571",
                    "level": "DEBUG",
                    "thread": "http-nio-8081-exec-6",
                    "class": "o.s.web.servlet.DispatcherServlet",
                    "message": "GET "/api/front/cart/count?type=total&numType=true", parameters={masked}" }
                    
{
                    "app": "Crmeb",
                    "timestamp":"2025-09-23 18:38:17.574",
                    "level": "DEBUG",
                    "thread": "http-nio-8081-exec-6",
                    "class": "o.s.w.s.m.m.a.RequestMappingHandlerMapping",
                    "message": "Mapped to com.zbkj.front.controller.CartController#count(CartNumRequest)" }
                    
{
                    "app": "Crmeb",
                    "timestamp":"2025-09-23 18:38:17.579",
                    "level": "DEBUG",
                    "thread": "http-nio-8081-exec-28",
                    "class": "o.s.w.s.m.m.a.RequestResponseBodyMethodProcessor",
                    "message": "Using 'application/json', given [application/json, text/plain, */*] and supported [application/json, application/*+json, application/json, application/*+json]" }
                    
{
                    "app": "Crmeb",
                    "timestamp":"2025-09-23 18:38:17.581",
                    "level": "DEBUG",
                    "thread": "http-nio-8081-exec-24",
                    "class": "o.s.w.s.m.m.a.RequestResponseBodyMethodProcessor",
                    "message": "Using 'application/json', given [application/json, text/plain, */*] and supported [application/json, application/*+json, application/json, application/*+json]" }
                    
{
                    "app": "Crmeb",
                    "timestamp":"2025-09-23 18:38:17.582",
                    "level": "DEBUG",
                    "thread": "http-nio-8081-exec-28",
                    "class": "o.s.w.s.m.m.a.RequestResponseBodyMethodProcessor",
                    "message": "Writing [com.zbkj.common.response.CommonResult@648616b7]" }
                    
{
                    "app": "Crmeb",
                    "timestamp":"2025-09-23 18:38:17.585",
                    "level": "DEBUG",
                    "thread": "http-nio-8081-exec-24",
                    "class": "o.s.w.s.m.m.a.RequestResponseBodyMethodProcessor",
                    "message": "Writing [com.zbkj.common.response.CommonResult@2fe10f88]" }
                    
{
                    "app": "Crmeb",
                    "timestamp":"2025-09-23 18:38:17.587",
                    "level": "DEBUG",
                    "thread": "http-nio-8081-exec-28",
                    "class": "o.s.web.servlet.DispatcherServlet",
                    "message": "Completed 200 OK" }
                    
{
                    "app": "Crmeb",
                    "timestamp":"2025-09-23 18:38:17.590",
                    "level": "DEBUG",
                    "thread": "http-nio-8081-exec-24",
                    "class": "o.s.web.servlet.DispatcherServlet",
                    "message": "Completed 200 OK" }
                    
{
                    "app": "Crmeb",
                    "timestamp":"2025-09-23 18:38:17.590",
                    "level": "DEBUG",
                    "thread": "http-nio-8081-exec-6",
                    "class": "o.s.w.s.m.m.a.RequestResponseBodyMethodProcessor",
                    "message": "Using 'application/json', given [application/json, text/plain, */*] and supported [application/json, application/*+json, application/json, application/*+json]" }
                    
{
                    "app": "Crmeb",
                    "timestamp":"2025-09-23 18:38:17.593",
                    "level": "DEBUG",
                    "thread": "http-nio-8081-exec-14",
                    "class": "o.s.w.s.m.m.a.RequestResponseBodyMethodProcessor",
                    "message": "Using 'application/json', given [application/json, text/plain, */*] and supported [application/json, application/*+json, application/json, application/*+json]" }
                    
{
                    "app": "Crmeb",
                    "timestamp":"2025-09-23 18:38:17.595",
                    "level": "DEBUG",
                    "thread": "http-nio-8081-exec-6",
                    "class": "o.s.w.s.m.m.a.RequestResponseBodyMethodProcessor",
                    "message": "Writing [com.zbkj.common.response.CommonResult@1a350e8a]" }
                    
{
                    "app": "Crmeb",
                    "timestamp":"2025-09-23 18:38:17.596",
                    "level": "DEBUG",
                    "thread": "http-nio-8081-exec-14",
                    "class": "o.s.w.s.m.m.a.RequestResponseBodyMethodProcessor",
                    "message": "Writing [com.zbkj.common.response.CommonResult@6054fda4]" }
                    
{
                    "app": "Crmeb",
                    "timestamp":"2025-09-23 18:38:17.596",
                    "level": "DEBUG",
                    "thread": "http-nio-8081-exec-6",
                    "class": "o.s.web.servlet.DispatcherServlet",
                    "message": "Completed 200 OK" }
                    
{
                    "app": "Crmeb",
                    "timestamp":"2025-09-23 18:38:17.596",
                    "level": "DEBUG",
                    "thread": "http-nio-8081-exec-14",
                    "class": "o.s.web.servlet.DispatcherServlet",
                    "message": "Completed 200 OK" }
                    
{
                    "app": "Crmeb",
                    "timestamp":"2025-09-23 18:38:17.605",
                    "level": "DEBUG",
                    "thread": "http-nio-8081-exec-7",
                    "class": "o.s.w.s.m.m.a.RequestResponseBodyMethodProcessor",
                    "message": "Using 'application/json', given [application/json, text/plain, */*] and supported [application/json, application/*+json, application/json, application/*+json]" }
                    
{
                    "app": "Crmeb",
                    "timestamp":"2025-09-23 18:38:17.605",
                    "level": "DEBUG",
                    "thread": "http-nio-8081-exec-7",
                    "class": "o.s.w.s.m.m.a.RequestResponseBodyMethodProcessor",
                    "message": "Writing [com.zbkj.common.response.CommonResult@4febc481]" }
                    
{
                    "app": "Crmeb",
                    "timestamp":"2025-09-23 18:38:17.607",
                    "level": "DEBUG",
                    "thread": "http-nio-8081-exec-7",
                    "class": "o.s.web.servlet.DispatcherServlet",
                    "message": "Completed 200 OK" }
                    
{
                    "app": "Crmeb",
                    "timestamp":"2025-09-23 18:38:17.609",
                    "level": "DEBUG",
                    "thread": "http-nio-8081-exec-3",
                    "class": "o.s.w.s.m.m.a.RequestResponseBodyMethodProcessor",
                    "message": "Using 'application/json', given [application/json, text/plain, */*] and supported [application/json, application/*+json, application/json, application/*+json]" }
                    
{
                    "app": "Crmeb",
                    "timestamp":"2025-09-23 18:38:17.609",
                    "level": "DEBUG",
                    "thread": "http-nio-8081-exec-3",
                    "class": "o.s.w.s.m.m.a.RequestResponseBodyMethodProcessor",
                    "message": "Writing [com.zbkj.common.response.CommonResult@27117dad]" }
                    
{
                    "app": "Crmeb",
                    "timestamp":"2025-09-23 18:38:17.610",
                    "level": "DEBUG",
                    "thread": "http-nio-8081-exec-3",
                    "class": "o.s.web.servlet.DispatcherServlet",
                    "message": "Completed 200 OK" }
                    
{
                    "app": "Crmeb",
                    "timestamp":"2025-09-23 18:38:19.100",
                    "level": "DEBUG",
                    "thread": "http-nio-8081-exec-4",
                    "class": "o.s.web.servlet.DispatcherServlet",
                    "message": "POST "/api/front/order/pre/order", parameters={}" }
                    
{
                    "app": "Crmeb",
                    "timestamp":"2025-09-23 18:38:19.101",
                    "level": "DEBUG",
                    "thread": "http-nio-8081-exec-4",
                    "class": "o.s.w.s.m.m.a.RequestMappingHandlerMapping",
                    "message": "Mapped to com.zbkj.front.controller.StoreOrderController#preOrder(PreOrderRequest)" }
                    
{
                    "app": "Crmeb",
                    "timestamp":"2025-09-23 18:38:19.104",
                    "level": "DEBUG",
                    "thread": "http-nio-8081-exec-4",
                    "class": "o.s.w.s.m.m.a.RequestResponseBodyMethodProcessor",
                    "message": "Read "application/json;charset=UTF-8" to [PreOrderRequest(preOrderType=buyNow, orderDetails=[PreOrderDetailRequest(shoppingCartId=null, produc (truncated)...]" }
                    
{
                    "app": "Crmeb",
                    "timestamp":"2025-09-23 18:38:19.154",
                    "level": "DEBUG",
                    "thread": "http-nio-8081-exec-4",
                    "class": "o.s.w.s.m.m.a.RequestResponseBodyMethodProcessor",
                    "message": "Using 'application/json', given [application/json, text/plain, */*] and supported [application/json, application/*+json, application/json, application/*+json]" }
                    
{
                    "app": "Crmeb",
                    "timestamp":"2025-09-23 18:38:19.155",
                    "level": "DEBUG",
                    "thread": "http-nio-8081-exec-4",
                    "class": "o.s.w.s.m.m.a.RequestResponseBodyMethodProcessor",
                    "message": "Writing [com.zbkj.common.response.CommonResult@29c81102]" }
                    
{
                    "app": "Crmeb",
                    "timestamp":"2025-09-23 18:38:19.155",
                    "level": "DEBUG",
                    "thread": "http-nio-8081-exec-4",
                    "class": "o.s.web.servlet.DispatcherServlet",
                    "message": "Completed 200 OK" }
                    
{
                    "app": "Crmeb",
                    "timestamp":"2025-09-23 18:38:19.187",
                    "level": "DEBUG",
                    "thread": "http-nio-8081-exec-11",
                    "class": "o.s.web.servlet.DispatcherServlet",
                    "message": "GET "/api/front/pay/method", parameters={}" }
                    
{
                    "app": "Crmeb",
                    "timestamp":"2025-09-23 18:38:19.187",
                    "level": "DEBUG",
                    "thread": "http-nio-8081-exec-15",
                    "class": "o.s.web.servlet.DispatcherServlet",
                    "message": "GET "/api/pc/address/all/list", parameters={}" }
                    
{
                    "app": "Crmeb",
                    "timestamp":"2025-09-23 18:38:19.187",
                    "level": "DEBUG",
                    "thread": "http-nio-8081-exec-11",
                    "class": "o.s.w.s.m.m.a.RequestMappingHandlerMapping",
                    "message": "Mapped to com.zbkj.front.controller.PayController#getPayMethod()" }
                    
{
                    "app": "Crmeb",
                    "timestamp":"2025-09-23 18:38:19.189",
                    "level": "DEBUG",
                    "thread": "http-nio-8081-exec-15",
                    "class": "o.s.w.s.m.m.a.RequestMappingHandlerMapping",
                    "message": "Mapped to com.zbkj.front.pc.controller.PcUserAddressController#getAllList()" }
                    
{
                    "app": "Crmeb",
                    "timestamp":"2025-09-23 18:38:19.199",
                    "level": "DEBUG",
                    "thread": "http-nio-8081-exec-15",
                    "class": "o.s.w.s.m.m.a.RequestResponseBodyMethodProcessor",
                    "message": "Using 'application/json', given [application/json, text/plain, */*] and supported [application/json, application/*+json, application/json, application/*+json]" }
                    
{
                    "app": "Crmeb",
                    "timestamp":"2025-09-23 18:38:19.199",
                    "level": "DEBUG",
                    "thread": "http-nio-8081-exec-15",
                    "class": "o.s.w.s.m.m.a.RequestResponseBodyMethodProcessor",
                    "message": "Writing [com.zbkj.common.response.CommonResult@44d06b82]" }
                    
{
                    "app": "Crmeb",
                    "timestamp":"2025-09-23 18:38:19.201",
                    "level": "DEBUG",
                    "thread": "http-nio-8081-exec-15",
                    "class": "o.s.web.servlet.DispatcherServlet",
                    "message": "Completed 200 OK" }
                    
{
                    "app": "Crmeb",
                    "timestamp":"2025-09-23 18:38:19.203",
                    "level": "DEBUG",
                    "thread": "http-nio-8081-exec-11",
                    "class": "o.s.w.s.m.m.a.RequestResponseBodyMethodProcessor",
                    "message": "Using 'application/json', given [application/json, text/plain, */*] and supported [application/json, application/*+json, application/json, application/*+json]" }
                    
{
                    "app": "Crmeb",
                    "timestamp":"2025-09-23 18:38:19.203",
                    "level": "DEBUG",
                    "thread": "http-nio-8081-exec-11",
                    "class": "o.s.w.s.m.m.a.RequestResponseBodyMethodProcessor",
                    "message": "Writing [com.zbkj.common.response.CommonResult@2682d5c8]" }
                    
{
                    "app": "Crmeb",
                    "timestamp":"2025-09-23 18:38:19.204",
                    "level": "DEBUG",
                    "thread": "http-nio-8081-exec-11",
                    "class": "o.s.web.servlet.DispatcherServlet",
                    "message": "Completed 200 OK" }
                    
{
                    "app": "Crmeb",
                    "timestamp":"2025-09-23 18:38:19.213",
                    "level": "DEBUG",
                    "thread": "http-nio-8081-exec-19",
                    "class": "o.s.web.servlet.DispatcherServlet",
                    "message": "GET "/api/front/cart/count?numType=true&type=total", parameters={masked}" }
                    
{
                    "app": "Crmeb",
                    "timestamp":"2025-09-23 18:38:19.213",
                    "level": "DEBUG",
                    "thread": "http-nio-8081-exec-9",
                    "class": "o.s.web.servlet.DispatcherServlet",
                    "message": "GET "/api/front/user/menu/user", parameters={}" }
                    
{
                    "app": "Crmeb",
                    "timestamp":"2025-09-23 18:38:19.213",
                    "level": "DEBUG",
                    "thread": "http-nio-8081-exec-19",
                    "class": "o.s.w.s.m.m.a.RequestMappingHandlerMapping",
                    "message": "Mapped to com.zbkj.front.controller.CartController#count(CartNumRequest)" }
                    
{
                    "app": "Crmeb",
                    "timestamp":"2025-09-23 18:38:19.214",
                    "level": "DEBUG",
                    "thread": "http-nio-8081-exec-9",
                    "class": "o.s.w.s.m.m.a.RequestMappingHandlerMapping",
                    "message": "Mapped to com.zbkj.front.controller.UserController#getMenuUser()" }
                    
{
                    "app": "Crmeb",
                    "timestamp":"2025-09-23 18:38:19.225",
                    "level": "DEBUG",
                    "thread": "http-nio-8081-exec-19",
                    "class": "o.s.w.s.m.m.a.RequestResponseBodyMethodProcessor",
                    "message": "Using 'application/json', given [application/json, text/plain, */*] and supported [application/json, application/*+json, application/json, application/*+json]" }
                    
{
                    "app": "Crmeb",
                    "timestamp":"2025-09-23 18:38:19.226",
                    "level": "DEBUG",
                    "thread": "http-nio-8081-exec-19",
                    "class": "o.s.w.s.m.m.a.RequestResponseBodyMethodProcessor",
                    "message": "Writing [com.zbkj.common.response.CommonResult@6004f2a4]" }
                    
{
                    "app": "Crmeb",
                    "timestamp":"2025-09-23 18:38:19.226",
                    "level": "DEBUG",
                    "thread": "http-nio-8081-exec-19",
                    "class": "o.s.web.servlet.DispatcherServlet",
                    "message": "Completed 200 OK" }
                    
{
                    "app": "Crmeb",
                    "timestamp":"2025-09-23 18:38:19.241",
                    "level": "DEBUG",
                    "thread": "http-nio-8081-exec-9",
                    "class": "o.s.w.s.m.m.a.RequestResponseBodyMethodProcessor",
                    "message": "Using 'application/json', given [application/json, text/plain, */*] and supported [application/json, application/*+json, application/json, application/*+json]" }
                    
{
                    "app": "Crmeb",
                    "timestamp":"2025-09-23 18:38:19.241",
                    "level": "DEBUG",
                    "thread": "http-nio-8081-exec-9",
                    "class": "o.s.w.s.m.m.a.RequestResponseBodyMethodProcessor",
                    "message": "Writing [com.zbkj.common.response.CommonResult@5469835]" }
                    
{
                    "app": "Crmeb",
                    "timestamp":"2025-09-23 18:38:19.242",
                    "level": "DEBUG",
                    "thread": "http-nio-8081-exec-9",
                    "class": "o.s.web.servlet.DispatcherServlet",
                    "message": "Completed 200 OK" }
                    
{
                    "app": "Crmeb",
                    "timestamp":"2025-09-23 18:38:19.242",
                    "level": "DEBUG",
                    "thread": "http-nio-8081-exec-17",
                    "class": "o.s.web.servlet.DispatcherServlet",
                    "message": "GET "/api/pc/address/all/list", parameters={}" }
                    
{
                    "app": "Crmeb",
                    "timestamp":"2025-09-23 18:38:19.243",
                    "level": "DEBUG",
                    "thread": "http-nio-8081-exec-17",
                    "class": "o.s.w.s.m.m.a.RequestMappingHandlerMapping",
                    "message": "Mapped to com.zbkj.front.pc.controller.PcUserAddressController#getAllList()" }
                    
{
                    "app": "Crmeb",
                    "timestamp":"2025-09-23 18:38:19.244",
                    "level": "DEBUG",
                    "thread": "http-nio-8081-exec-10",
                    "class": "o.s.web.servlet.DispatcherServlet",
                    "message": "GET "/api/front/coupons/order/170175862389961c0f336236f4eee853c0850f3b43e41", parameters={}" }
                    
{
                    "app": "Crmeb",
                    "timestamp":"2025-09-23 18:38:19.244",
                    "level": "DEBUG",
                    "thread": "http-nio-8081-exec-23",
                    "class": "o.s.web.servlet.DispatcherServlet",
                    "message": "GET "/api/front/order/load/pre/170175862389961c0f336236f4eee853c0850f3b43e41", parameters={}" }
                    
{
                    "app": "Crmeb",
                    "timestamp":"2025-09-23 18:38:19.245",
                    "level": "DEBUG",
                    "thread": "http-nio-8081-exec-10",
                    "class": "o.s.w.s.m.m.a.RequestMappingHandlerMapping",
                    "message": "Mapped to com.zbkj.front.controller.CouponController#getCouponsListByPreOrderNo(String)" }
                    
{
                    "app": "Crmeb",
                    "timestamp":"2025-09-23 18:38:19.245",
                    "level": "DEBUG",
                    "thread": "http-nio-8081-exec-23",
                    "class": "o.s.w.s.m.m.a.RequestMappingHandlerMapping",
                    "message": "Mapped to com.zbkj.front.controller.StoreOrderController#loadPreOrder(String)" }
                    
{
                    "app": "Crmeb",
                    "timestamp":"2025-09-23 18:38:19.255",
                    "level": "DEBUG",
                    "thread": "http-nio-8081-exec-17",
                    "class": "o.s.w.s.m.m.a.RequestResponseBodyMethodProcessor",
                    "message": "Using 'application/json', given [application/json, text/plain, */*] and supported [application/json, application/*+json, application/json, application/*+json]" }
                    
{
                    "app": "Crmeb",
                    "timestamp":"2025-09-23 18:38:19.255",
                    "level": "DEBUG",
                    "thread": "http-nio-8081-exec-17",
                    "class": "o.s.w.s.m.m.a.RequestResponseBodyMethodProcessor",
                    "message": "Writing [com.zbkj.common.response.CommonResult@197b9c97]" }
                    
{
                    "app": "Crmeb",
                    "timestamp":"2025-09-23 18:38:19.255",
                    "level": "DEBUG",
                    "thread": "http-nio-8081-exec-17",
                    "class": "o.s.web.servlet.DispatcherServlet",
                    "message": "Completed 200 OK" }
                    
{
                    "app": "Crmeb",
                    "timestamp":"2025-09-23 18:38:19.258",
                    "level": "DEBUG",
                    "thread": "http-nio-8081-exec-23",
                    "class": "o.s.w.s.m.m.a.RequestResponseBodyMethodProcessor",
                    "message": "Using 'application/json', given [application/json, text/plain, */*] and supported [application/json, application/*+json, application/json, application/*+json]" }
                    
{
                    "app": "Crmeb",
                    "timestamp":"2025-09-23 18:38:19.259",
                    "level": "DEBUG",
                    "thread": "http-nio-8081-exec-23",
                    "class": "o.s.w.s.m.m.a.RequestResponseBodyMethodProcessor",
                    "message": "Writing [com.zbkj.common.response.CommonResult@5a2d1254]" }
                    
{
                    "app": "Crmeb",
                    "timestamp":"2025-09-23 18:38:19.261",
                    "level": "DEBUG",
                    "thread": "http-nio-8081-exec-23",
                    "class": "o.s.web.servlet.DispatcherServlet",
                    "message": "Completed 200 OK" }
                    
{
                    "app": "Crmeb",
                    "timestamp":"2025-09-23 18:38:19.268",
                    "level": "DEBUG",
                    "thread": "http-nio-8081-exec-10",
                    "class": "o.s.w.s.m.m.a.RequestResponseBodyMethodProcessor",
                    "message": "Using 'application/json', given [application/json, text/plain, */*] and supported [application/json, application/*+json, application/json, application/*+json]" }
                    
{
                    "app": "Crmeb",
                    "timestamp":"2025-09-23 18:38:19.269",
                    "level": "DEBUG",
                    "thread": "http-nio-8081-exec-10",
                    "class": "o.s.w.s.m.m.a.RequestResponseBodyMethodProcessor",
                    "message": "Writing [com.zbkj.common.response.CommonResult@29dcbb31]" }
                    
{
                    "app": "Crmeb",
                    "timestamp":"2025-09-23 18:38:19.269",
                    "level": "DEBUG",
                    "thread": "http-nio-8081-exec-10",
                    "class": "o.s.web.servlet.DispatcherServlet",
                    "message": "Completed 200 OK" }
                    
{
                    "app": "Crmeb",
                    "timestamp":"2025-09-23 18:39:12.499",
                    "level": "DEBUG",
                    "thread": "http-nio-8081-exec-29",
                    "class": "o.s.web.servlet.DispatcherServlet",
                    "message": "GET "/api/front/user/menu/user", parameters={}" }
                    
{
                    "app": "Crmeb",
                    "timestamp":"2025-09-23 18:39:12.499",
                    "level": "DEBUG",
                    "thread": "http-nio-8081-exec-16",
                    "class": "o.s.web.servlet.DispatcherServlet",
                    "message": "GET "/api/front/cart/count?numType=true&type=total", parameters={masked}" }
                    
{
                    "app": "Crmeb",
                    "timestamp":"2025-09-23 18:39:12.500",
                    "level": "DEBUG",
                    "thread": "http-nio-8081-exec-29",
                    "class": "o.s.w.s.m.m.a.RequestMappingHandlerMapping",
                    "message": "Mapped to com.zbkj.front.controller.UserController#getMenuUser()" }
                    
{
                    "app": "Crmeb",
                    "timestamp":"2025-09-23 18:39:12.502",
                    "level": "DEBUG",
                    "thread": "http-nio-8081-exec-16",
                    "class": "o.s.w.s.m.m.a.RequestMappingHandlerMapping",
                    "message": "Mapped to com.zbkj.front.controller.CartController#count(CartNumRequest)" }
                    
{
                    "app": "Crmeb",
                    "timestamp":"2025-09-23 18:39:12.506",
                    "level": "DEBUG",
                    "thread": "http-nio-8081-exec-22",
                    "class": "o.s.web.servlet.DispatcherServlet",
                    "message": "GET "/api/front/cart/list?isValid=false", parameters={masked}" }
                    
{
                    "app": "Crmeb",
                    "timestamp":"2025-09-23 18:39:12.506",
                    "level": "DEBUG",
                    "thread": "http-nio-8081-exec-26",
                    "class": "o.s.web.servlet.DispatcherServlet",
                    "message": "GET "/api/front/cart/list?isValid=true", parameters={masked}" }
                    
{
                    "app": "Crmeb",
                    "timestamp":"2025-09-23 18:39:12.508",
                    "level": "DEBUG",
                    "thread": "http-nio-8081-exec-22",
                    "class": "o.s.w.s.m.m.a.RequestMappingHandlerMapping",
                    "message": "Mapped to com.zbkj.front.controller.CartController#getList(Boolean)" }
                    
{
                    "app": "Crmeb",
                    "timestamp":"2025-09-23 18:39:12.510",
                    "level": "DEBUG",
                    "thread": "http-nio-8081-exec-26",
                    "class": "o.s.w.s.m.m.a.RequestMappingHandlerMapping",
                    "message": "Mapped to com.zbkj.front.controller.CartController#getList(Boolean)" }
                    
{
                    "app": "Crmeb",
                    "timestamp":"2025-09-23 18:39:12.518",
                    "level": "DEBUG",
                    "thread": "http-nio-8081-exec-16",
                    "class": "o.s.w.s.m.m.a.RequestResponseBodyMethodProcessor",
                    "message": "Using 'application/json', given [application/json, text/plain, */*] and supported [application/json, application/*+json, application/json, application/*+json]" }
                    
{
                    "app": "Crmeb",
                    "timestamp":"2025-09-23 18:39:12.519",
                    "level": "DEBUG",
                    "thread": "http-nio-8081-exec-16",
                    "class": "o.s.w.s.m.m.a.RequestResponseBodyMethodProcessor",
                    "message": "Writing [com.zbkj.common.response.CommonResult@7cf03085]" }
                    
{
                    "app": "Crmeb",
                    "timestamp":"2025-09-23 18:39:12.520",
                    "level": "DEBUG",
                    "thread": "http-nio-8081-exec-22",
                    "class": "o.s.w.s.m.m.a.RequestResponseBodyMethodProcessor",
                    "message": "Using 'application/json', given [application/json, text/plain, */*] and supported [application/json, application/*+json, application/json, application/*+json]" }
                    
{
                    "app": "Crmeb",
                    "timestamp":"2025-09-23 18:39:12.520",
                    "level": "DEBUG",
                    "thread": "http-nio-8081-exec-16",
                    "class": "o.s.web.servlet.DispatcherServlet",
                    "message": "Completed 200 OK" }
                    
{
                    "app": "Crmeb",
                    "timestamp":"2025-09-23 18:39:12.524",
                    "level": "DEBUG",
                    "thread": "http-nio-8081-exec-22",
                    "class": "o.s.w.s.m.m.a.RequestResponseBodyMethodProcessor",
                    "message": "Writing [com.zbkj.common.response.CommonResult@25284489]" }
                    
{
                    "app": "Crmeb",
                    "timestamp":"2025-09-23 18:39:12.528",
                    "level": "DEBUG",
                    "thread": "http-nio-8081-exec-26",
                    "class": "o.s.w.s.m.m.a.RequestResponseBodyMethodProcessor",
                    "message": "Using 'application/json', given [application/json, text/plain, */*] and supported [application/json, application/*+json, application/json, application/*+json]" }
                    
{
                    "app": "Crmeb",
                    "timestamp":"2025-09-23 18:39:12.529",
                    "level": "DEBUG",
                    "thread": "http-nio-8081-exec-22",
                    "class": "o.s.web.servlet.DispatcherServlet",
                    "message": "Completed 200 OK" }
                    
{
                    "app": "Crmeb",
                    "timestamp":"2025-09-23 18:39:12.530",
                    "level": "DEBUG",
                    "thread": "http-nio-8081-exec-26",
                    "class": "o.s.w.s.m.m.a.RequestResponseBodyMethodProcessor",
                    "message": "Writing [com.zbkj.common.response.CommonResult@6ca2ffff]" }
                    
{
                    "app": "Crmeb",
                    "timestamp":"2025-09-23 18:39:12.530",
                    "level": "DEBUG",
                    "thread": "http-nio-8081-exec-26",
                    "class": "o.s.web.servlet.DispatcherServlet",
                    "message": "Completed 200 OK" }
                    
{
                    "app": "Crmeb",
                    "timestamp":"2025-09-23 18:39:12.542",
                    "level": "DEBUG",
                    "thread": "http-nio-8081-exec-29",
                    "class": "o.s.w.s.m.m.a.RequestResponseBodyMethodProcessor",
                    "message": "Using 'application/json', given [application/json, text/plain, */*] and supported [application/json, application/*+json, application/json, application/*+json]" }
                    
{
                    "app": "Crmeb",
                    "timestamp":"2025-09-23 18:39:12.543",
                    "level": "DEBUG",
                    "thread": "http-nio-8081-exec-29",
                    "class": "o.s.w.s.m.m.a.RequestResponseBodyMethodProcessor",
                    "message": "Writing [com.zbkj.common.response.CommonResult@2c8700b]" }
                    
{
                    "app": "Crmeb",
                    "timestamp":"2025-09-23 18:39:12.543",
                    "level": "DEBUG",
                    "thread": "http-nio-8081-exec-29",
                    "class": "o.s.web.servlet.DispatcherServlet",
                    "message": "Completed 200 OK" }
                    
{
                    "app": "Crmeb",
                    "timestamp":"2025-09-23 18:39:14.058",
                    "level": "DEBUG",
                    "thread": "http-nio-8081-exec-24",
                    "class": "o.s.web.servlet.DispatcherServlet",
                    "message": "GET "/api/front/activity/index/list", parameters={}" }
                    
{
                    "app": "Crmeb",
                    "timestamp":"2025-09-23 18:39:14.058",
                    "level": "DEBUG",
                    "thread": "http-nio-8081-exec-7",
                    "class": "o.s.web.servlet.DispatcherServlet",
                    "message": "GET "/api/front/product/leaderboard", parameters={}" }
                    
{
                    "app": "Crmeb",
                    "timestamp":"2025-09-23 18:39:14.059",
                    "level": "DEBUG",
                    "thread": "http-nio-8081-exec-3",
                    "class": "o.s.web.servlet.DispatcherServlet",
                    "message": "GET "/api/front/merchant/street", parameters={}" }
                    
{
                    "app": "Crmeb",
                    "timestamp":"2025-09-23 18:39:14.060",
                    "level": "DEBUG",
                    "thread": "http-nio-8081-exec-4",
                    "class": "o.s.web.servlet.DispatcherServlet",
                    "message": "GET "/api/front/index/product?page=1&limit=13", parameters={masked}" }
                    
{
                    "app": "Crmeb",
                    "timestamp":"2025-09-23 18:39:14.060",
                    "level": "DEBUG",
                    "thread": "http-nio-8081-exec-5",
                    "class": "o.s.web.servlet.DispatcherServlet",
                    "message": "GET "/api/pc/home/index", parameters={}" }
                    
{
                    "app": "Crmeb",
                    "timestamp":"2025-09-23 18:39:14.061",
                    "level": "DEBUG",
                    "thread": "http-nio-8081-exec-24",
                    "class": "o.s.w.s.m.m.a.RequestMappingHandlerMapping",
                    "message": "Mapped to com.zbkj.front.controller.ActivityController#getIndexList()" }
                    
{
                    "app": "Crmeb",
                    "timestamp":"2025-09-23 18:39:14.062",
                    "level": "DEBUG",
                    "thread": "http-nio-8081-exec-7",
                    "class": "o.s.w.s.m.m.a.RequestMappingHandlerMapping",
                    "message": "Mapped to com.zbkj.front.controller.ProductController#getLeaderboard()" }
                    
{
                    "app": "Crmeb",
                    "timestamp":"2025-09-23 18:39:14.062",
                    "level": "DEBUG",
                    "thread": "http-nio-8081-exec-3",
                    "class": "o.s.w.s.m.m.a.RequestMappingHandlerMapping",
                    "message": "Mapped to com.zbkj.front.controller.MerchantController#getStreet(PageParamRequest)" }
                    
{
                    "app": "Crmeb",
                    "timestamp":"2025-09-23 18:39:14.062",
                    "level": "DEBUG",
                    "thread": "http-nio-8081-exec-4",
                    "class": "o.s.w.s.m.m.a.RequestMappingHandlerMapping",
                    "message": "Mapped to com.zbkj.front.controller.IndexController#getProductList(PageParamRequest)" }
                    
{
                    "app": "Crmeb",
                    "timestamp":"2025-09-23 18:39:14.063",
                    "level": "DEBUG",
                    "thread": "http-nio-8081-exec-5",
                    "class": "o.s.w.s.m.m.a.RequestMappingHandlerMapping",
                    "message": "Mapped to com.zbkj.front.pc.controller.PcIndexController#getIndexInfo()" }
                    
{
                    "app": "Crmeb",
                    "timestamp":"2025-09-23 18:39:14.089",
                    "level": "DEBUG",
                    "thread": "http-nio-8081-exec-7",
                    "class": "o.s.w.s.m.m.a.RequestResponseBodyMethodProcessor",
                    "message": "Using 'application/json', given [application/json, text/plain, */*] and supported [application/json, application/*+json, application/json, application/*+json]" }
                    
{
                    "app": "Crmeb",
                    "timestamp":"2025-09-23 18:39:14.091",
                    "level": "DEBUG",
                    "thread": "http-nio-8081-exec-7",
                    "class": "o.s.w.s.m.m.a.RequestResponseBodyMethodProcessor",
                    "message": "Writing [com.zbkj.common.response.CommonResult@53221243]" }
                    
{
                    "app": "Crmeb",
                    "timestamp":"2025-09-23 18:39:14.093",
                    "level": "DEBUG",
                    "thread": "http-nio-8081-exec-7",
                    "class": "o.s.web.servlet.DispatcherServlet",
                    "message": "Completed 200 OK" }
                    
{
                    "app": "Crmeb",
                    "timestamp":"2025-09-23 18:39:14.106",
                    "level": "DEBUG",
                    "thread": "http-nio-8081-exec-4",
                    "class": "o.s.w.s.m.m.a.RequestResponseBodyMethodProcessor",
                    "message": "Using 'application/json', given [application/json, text/plain, */*] and supported [application/json, application/*+json, application/json, application/*+json]" }
                    
{
                    "app": "Crmeb",
                    "timestamp":"2025-09-23 18:39:14.107",
                    "level": "DEBUG",
                    "thread": "http-nio-8081-exec-4",
                    "class": "o.s.w.s.m.m.a.RequestResponseBodyMethodProcessor",
                    "message": "Writing [com.zbkj.common.response.CommonResult@58cb4319]" }
                    
{
                    "app": "Crmeb",
                    "timestamp":"2025-09-23 18:39:14.108",
                    "level": "DEBUG",
                    "thread": "http-nio-8081-exec-3",
                    "class": "o.s.w.s.m.m.a.RequestResponseBodyMethodProcessor",
                    "message": "Using 'application/json', given [application/json, text/plain, */*] and supported [application/json, application/*+json, application/json, application/*+json]" }
                    
{
                    "app": "Crmeb",
                    "timestamp":"2025-09-23 18:39:14.109",
                    "level": "DEBUG",
                    "thread": "http-nio-8081-exec-4",
                    "class": "o.s.web.servlet.DispatcherServlet",
                    "message": "Completed 200 OK" }
                    
{
                    "app": "Crmeb",
                    "timestamp":"2025-09-23 18:39:14.110",
                    "level": "DEBUG",
                    "thread": "http-nio-8081-exec-3",
                    "class": "o.s.w.s.m.m.a.RequestResponseBodyMethodProcessor",
                    "message": "Writing [com.zbkj.common.response.CommonResult@1482fede]" }
                    
{
                    "app": "Crmeb",
                    "timestamp":"2025-09-23 18:39:14.113",
                    "level": "DEBUG",
                    "thread": "http-nio-8081-exec-3",
                    "class": "o.s.web.servlet.DispatcherServlet",
                    "message": "Completed 200 OK" }
                    
{
                    "app": "Crmeb",
                    "timestamp":"2025-09-23 18:39:14.148",
                    "level": "DEBUG",
                    "thread": "http-nio-8081-exec-24",
                    "class": "o.s.w.s.m.m.a.RequestResponseBodyMethodProcessor",
                    "message": "Using 'application/json', given [application/json, text/plain, */*] and supported [application/json, application/*+json, application/json, application/*+json]" }
                    
{
                    "app": "Crmeb",
                    "timestamp":"2025-09-23 18:39:14.148",
                    "level": "DEBUG",
                    "thread": "http-nio-8081-exec-24",
                    "class": "o.s.w.s.m.m.a.RequestResponseBodyMethodProcessor",
                    "message": "Writing [com.zbkj.common.response.CommonResult@7e29e925]" }
                    
{
                    "app": "Crmeb",
                    "timestamp":"2025-09-23 18:39:14.149",
                    "level": "DEBUG",
                    "thread": "http-nio-8081-exec-24",
                    "class": "o.s.web.servlet.DispatcherServlet",
                    "message": "Completed 200 OK" }
                    
{
                    "app": "Crmeb",
                    "timestamp":"2025-09-23 18:39:14.163",
                    "level": "DEBUG",
                    "thread": "http-nio-8081-exec-8",
                    "class": "o.s.web.servlet.DispatcherServlet",
                    "message": "GET "/api/front/activity/index/list", parameters={}" }
                    
{
                    "app": "Crmeb",
                    "timestamp":"2025-09-23 18:39:14.164",
                    "level": "DEBUG",
                    "thread": "http-nio-8081-exec-8",
                    "class": "o.s.w.s.m.m.a.RequestMappingHandlerMapping",
                    "message": "Mapped to com.zbkj.front.controller.ActivityController#getIndexList()" }
                    
{
                    "app": "Crmeb",
                    "timestamp":"2025-09-23 18:39:14.173",
                    "level": "DEBUG",
                    "thread": "http-nio-8081-exec-5",
                    "class": "o.s.w.s.m.m.a.RequestResponseBodyMethodProcessor",
                    "message": "Using 'application/json', given [application/json, text/plain, */*] and supported [application/json, application/*+json, application/json, application/*+json]" }
                    
{
                    "app": "Crmeb",
                    "timestamp":"2025-09-23 18:39:14.174",
                    "level": "DEBUG",
                    "thread": "http-nio-8081-exec-5",
                    "class": "o.s.w.s.m.m.a.RequestResponseBodyMethodProcessor",
                    "message": "Writing [com.zbkj.common.response.CommonResult@7b1c0876]" }
                    
{
                    "app": "Crmeb",
                    "timestamp":"2025-09-23 18:39:14.175",
                    "level": "DEBUG",
                    "thread": "http-nio-8081-exec-5",
                    "class": "o.s.web.servlet.DispatcherServlet",
                    "message": "Completed 200 OK" }
                    
{
                    "app": "Crmeb",
                    "timestamp":"2025-09-23 18:39:14.204",
                    "level": "DEBUG",
                    "thread": "http-nio-8081-exec-8",
                    "class": "o.s.w.s.m.m.a.RequestResponseBodyMethodProcessor",
                    "message": "Using 'application/json', given [application/json, text/plain, */*] and supported [application/json, application/*+json, application/json, application/*+json]" }
                    
{
                    "app": "Crmeb",
                    "timestamp":"2025-09-23 18:39:14.204",
                    "level": "DEBUG",
                    "thread": "http-nio-8081-exec-8",
                    "class": "o.s.w.s.m.m.a.RequestResponseBodyMethodProcessor",
                    "message": "Writing [com.zbkj.common.response.CommonResult@ba278c9]" }
                    
{
                    "app": "Crmeb",
                    "timestamp":"2025-09-23 18:39:14.205",
                    "level": "DEBUG",
                    "thread": "http-nio-8081-exec-8",
                    "class": "o.s.web.servlet.DispatcherServlet",
                    "message": "Completed 200 OK" }
                    
{
                    "app": "Crmeb",
                    "timestamp":"2025-09-23 18:39:14.217",
                    "level": "DEBUG",
                    "thread": "http-nio-8081-exec-12",
                    "class": "o.s.web.servlet.DispatcherServlet",
                    "message": "GET "/api/front/user/menu/user", parameters={}" }
                    
{
                    "app": "Crmeb",
                    "timestamp":"2025-09-23 18:39:14.220",
                    "level": "DEBUG",
                    "thread": "http-nio-8081-exec-12",
                    "class": "o.s.w.s.m.m.a.RequestMappingHandlerMapping",
                    "message": "Mapped to com.zbkj.front.controller.UserController#getMenuUser()" }
                    
{
                    "app": "Crmeb",
                    "timestamp":"2025-09-23 18:39:14.220",
                    "level": "DEBUG",
                    "thread": "http-nio-8081-exec-15",
                    "class": "o.s.web.servlet.DispatcherServlet",
                    "message": "GET "/api/front/cart/count?numType=true&type=total", parameters={masked}" }
                    
{
                    "app": "Crmeb",
                    "timestamp":"2025-09-23 18:39:14.221",
                    "level": "DEBUG",
                    "thread": "http-nio-8081-exec-15",
                    "class": "o.s.w.s.m.m.a.RequestMappingHandlerMapping",
                    "message": "Mapped to com.zbkj.front.controller.CartController#count(CartNumRequest)" }
                    
{
                    "app": "Crmeb",
                    "timestamp":"2025-09-23 18:39:14.239",
                    "level": "DEBUG",
                    "thread": "http-nio-8081-exec-11",
                    "class": "o.s.web.servlet.DispatcherServlet",
                    "message": "GET "/api/front/index/product?page=1&limit=13", parameters={masked}" }
                    
{
                    "app": "Crmeb",
                    "timestamp":"2025-09-23 18:39:14.241",
                    "level": "DEBUG",
                    "thread": "http-nio-8081-exec-15",
                    "class": "o.s.w.s.m.m.a.RequestResponseBodyMethodProcessor",
                    "message": "Using 'application/json', given [application/json, text/plain, */*] and supported [application/json, application/*+json, application/json, application/*+json]" }
                    
{
                    "app": "Crmeb",
                    "timestamp":"2025-09-23 18:39:14.242",
                    "level": "DEBUG",
                    "thread": "http-nio-8081-exec-11",
                    "class": "o.s.w.s.m.m.a.RequestMappingHandlerMapping",
                    "message": "Mapped to com.zbkj.front.controller.IndexController#getProductList(PageParamRequest)" }
                    
{
                    "app": "Crmeb",
                    "timestamp":"2025-09-23 18:39:14.242",
                    "level": "DEBUG",
                    "thread": "http-nio-8081-exec-15",
                    "class": "o.s.w.s.m.m.a.RequestResponseBodyMethodProcessor",
                    "message": "Writing [com.zbkj.common.response.CommonResult@618b40ed]" }
                    
{
                    "app": "Crmeb",
                    "timestamp":"2025-09-23 18:39:14.249",
                    "level": "DEBUG",
                    "thread": "http-nio-8081-exec-15",
                    "class": "o.s.web.servlet.DispatcherServlet",
                    "message": "Completed 200 OK" }
                    
{
                    "app": "Crmeb",
                    "timestamp":"2025-09-23 18:39:14.266",
                    "level": "DEBUG",
                    "thread": "http-nio-8081-exec-11",
                    "class": "o.s.w.s.m.m.a.RequestResponseBodyMethodProcessor",
                    "message": "Using 'application/json', given [application/json, text/plain, */*] and supported [application/json, application/*+json, application/json, application/*+json]" }
                    
{
                    "app": "Crmeb",
                    "timestamp":"2025-09-23 18:39:14.266",
                    "level": "DEBUG",
                    "thread": "http-nio-8081-exec-11",
                    "class": "o.s.w.s.m.m.a.RequestResponseBodyMethodProcessor",
                    "message": "Writing [com.zbkj.common.response.CommonResult@3a08c6ae]" }
                    
{
                    "app": "Crmeb",
                    "timestamp":"2025-09-23 18:39:14.266",
                    "level": "DEBUG",
                    "thread": "http-nio-8081-exec-12",
                    "class": "o.s.w.s.m.m.a.RequestResponseBodyMethodProcessor",
                    "message": "Using 'application/json', given [application/json, text/plain, */*] and supported [application/json, application/*+json, application/json, application/*+json]" }
                    
{
                    "app": "Crmeb",
                    "timestamp":"2025-09-23 18:39:14.267",
                    "level": "DEBUG",
                    "thread": "http-nio-8081-exec-12",
                    "class": "o.s.w.s.m.m.a.RequestResponseBodyMethodProcessor",
                    "message": "Writing [com.zbkj.common.response.CommonResult@67bc35d3]" }
                    
{
                    "app": "Crmeb",
                    "timestamp":"2025-09-23 18:39:14.267",
                    "level": "DEBUG",
                    "thread": "http-nio-8081-exec-12",
                    "class": "o.s.web.servlet.DispatcherServlet",
                    "message": "Completed 200 OK" }
                    
{
                    "app": "Crmeb",
                    "timestamp":"2025-09-23 18:39:14.267",
                    "level": "DEBUG",
                    "thread": "http-nio-8081-exec-11",
                    "class": "o.s.web.servlet.DispatcherServlet",
                    "message": "Completed 200 OK" }
                    
{
                    "app": "Crmeb",
                    "timestamp":"2025-09-23 18:39:15.797",
                    "level": "DEBUG",
                    "thread": "http-nio-8081-exec-20",
                    "class": "o.s.web.servlet.DispatcherServlet",
                    "message": "GET "/api/front/product/detail/8", parameters={}" }
                    
{
                    "app": "Crmeb",
                    "timestamp":"2025-09-23 18:39:15.798",
                    "level": "DEBUG",
                    "thread": "http-nio-8081-exec-20",
                    "class": "o.s.w.s.m.m.a.RequestMappingHandlerMapping",
                    "message": "Mapped to com.zbkj.front.controller.ProductController#getDetail(Integer)" }
                    
{
                    "app": "Crmeb",
                    "timestamp":"2025-09-23 18:39:15.844",
                    "level": "DEBUG",
                    "thread": "http-nio-8081-exec-20",
                    "class": "o.s.w.s.m.m.a.RequestResponseBodyMethodProcessor",
                    "message": "Using 'application/json', given [application/json, text/plain, */*] and supported [application/json, application/*+json, application/json, application/*+json]" }
                    
{
                    "app": "Crmeb",
                    "timestamp":"2025-09-23 18:39:15.844",
                    "level": "DEBUG",
                    "thread": "http-nio-8081-exec-20",
                    "class": "o.s.w.s.m.m.a.RequestResponseBodyMethodProcessor",
                    "message": "Writing [com.zbkj.common.response.CommonResult@36b61b3c]" }
                    
{
                    "app": "Crmeb",
                    "timestamp":"2025-09-23 18:39:15.845",
                    "level": "DEBUG",
                    "thread": "http-nio-8081-exec-20",
                    "class": "o.s.web.servlet.DispatcherServlet",
                    "message": "Completed 200 OK" }
                    
{
                    "app": "Crmeb",
                    "timestamp":"2025-09-23 18:39:15.861",
                    "level": "DEBUG",
                    "thread": "http-nio-8081-exec-13",
                    "class": "o.s.web.servlet.DispatcherServlet",
                    "message": "GET "/api/front/user/menu/user", parameters={}" }
                    
{
                    "app": "Crmeb",
                    "timestamp":"2025-09-23 18:39:15.861",
                    "level": "DEBUG",
                    "thread": "http-nio-8081-exec-17",
                    "class": "o.s.web.servlet.DispatcherServlet",
                    "message": "GET "/api/front/cart/count?numType=true&type=total", parameters={masked}" }
                    
{
                    "app": "Crmeb",
                    "timestamp":"2025-09-23 18:39:15.862",
                    "level": "DEBUG",
                    "thread": "http-nio-8081-exec-13",
                    "class": "o.s.w.s.m.m.a.RequestMappingHandlerMapping",
                    "message": "Mapped to com.zbkj.front.controller.UserController#getMenuUser()" }
                    
{
                    "app": "Crmeb",
                    "timestamp":"2025-09-23 18:39:15.862",
                    "level": "DEBUG",
                    "thread": "http-nio-8081-exec-17",
                    "class": "o.s.w.s.m.m.a.RequestMappingHandlerMapping",
                    "message": "Mapped to com.zbkj.front.controller.CartController#count(CartNumRequest)" }
                    
{
                    "app": "Crmeb",
                    "timestamp":"2025-09-23 18:39:15.869",
                    "level": "DEBUG",
                    "thread": "http-nio-8081-exec-17",
                    "class": "o.s.w.s.m.m.a.RequestResponseBodyMethodProcessor",
                    "message": "Using 'application/json', given [application/json, text/plain, */*] and supported [application/json, application/*+json, application/json, application/*+json]" }
                    
{
                    "app": "Crmeb",
                    "timestamp":"2025-09-23 18:39:15.869",
                    "level": "DEBUG",
                    "thread": "http-nio-8081-exec-17",
                    "class": "o.s.w.s.m.m.a.RequestResponseBodyMethodProcessor",
                    "message": "Writing [com.zbkj.common.response.CommonResult@6d6f4ba6]" }
                    
{
                    "app": "Crmeb",
                    "timestamp":"2025-09-23 18:39:15.870",
                    "level": "DEBUG",
                    "thread": "http-nio-8081-exec-17",
                    "class": "o.s.web.servlet.DispatcherServlet",
                    "message": "Completed 200 OK" }
                    
{
                    "app": "Crmeb",
                    "timestamp":"2025-09-23 18:39:15.886",
                    "level": "DEBUG",
                    "thread": "http-nio-8081-exec-21",
                    "class": "o.s.web.servlet.DispatcherServlet",
                    "message": "GET "/api/front/merchant/all/type/list", parameters={}" }
                    
{
                    "app": "Crmeb",
                    "timestamp":"2025-09-23 18:39:15.889",
                    "level": "DEBUG",
                    "thread": "http-nio-8081-exec-29",
                    "class": "o.s.web.servlet.DispatcherServlet",
                    "message": "GET "/api/front/cart/count?type=total&numType=true", parameters={masked}" }
                    
{
                    "app": "Crmeb",
                    "timestamp":"2025-09-23 18:39:15.889",
                    "level": "DEBUG",
                    "thread": "http-nio-8081-exec-16",
                    "class": "o.s.web.servlet.DispatcherServlet",
                    "message": "GET "/api/front/coupons?merId=2&productId=8&useType=2&page=1&limit=20", parameters={masked}" }
                    
{
                    "app": "Crmeb",
                    "timestamp":"2025-09-23 18:39:15.889",
                    "level": "DEBUG",
                    "thread": "http-nio-8081-exec-22",
                    "class": "o.s.web.servlet.DispatcherServlet",
                    "message": "GET "/api/front/product/reply/config/8", parameters={}" }
                    
{
                    "app": "Crmeb",
                    "timestamp":"2025-09-23 18:39:15.889",
                    "level": "DEBUG",
                    "thread": "http-nio-8081-exec-26",
                    "class": "o.s.web.servlet.DispatcherServlet",
                    "message": "GET "/api/front/product/reply/list/8?page=1&limit=20&type=0", parameters={masked}" }
                    
{
                    "app": "Crmeb",
                    "timestamp":"2025-09-23 18:39:15.890",
                    "level": "DEBUG",
                    "thread": "http-nio-8081-exec-21",
                    "class": "o.s.w.s.m.m.a.RequestMappingHandlerMapping",
                    "message": "Mapped to com.zbkj.front.controller.MerchantController#allTypeList()" }
                    
{
                    "app": "Crmeb",
                    "timestamp":"2025-09-23 18:39:15.891",
                    "level": "DEBUG",
                    "thread": "http-nio-8081-exec-29",
                    "class": "o.s.w.s.m.m.a.RequestMappingHandlerMapping",
                    "message": "Mapped to com.zbkj.front.controller.CartController#count(CartNumRequest)" }
                    
{
                    "app": "Crmeb",
                    "timestamp":"2025-09-23 18:39:15.891",
                    "level": "DEBUG",
                    "thread": "http-nio-8081-exec-16",
                    "class": "o.s.w.s.m.m.a.RequestMappingHandlerMapping",
                    "message": "Mapped to com.zbkj.front.controller.CouponController#getList(CouponSearchRequest, PageParamRequest)" }
                    
{
                    "app": "Crmeb",
                    "timestamp":"2025-09-23 18:39:15.893",
                    "level": "DEBUG",
                    "thread": "http-nio-8081-exec-22",
                    "class": "o.s.w.s.m.m.a.RequestMappingHandlerMapping",
                    "message": "Mapped to com.zbkj.front.controller.ProductController#getReplyCount(Integer)" }
                    
{
                    "app": "Crmeb",
                    "timestamp":"2025-09-23 18:39:15.893",
                    "level": "DEBUG",
                    "thread": "http-nio-8081-exec-26",
                    "class": "o.s.w.s.m.m.a.RequestMappingHandlerMapping",
                    "message": "Mapped to com.zbkj.front.controller.ProductController#getReplyList(Integer, Integer, PageParamRequest)" }
                    
{
                    "app": "Crmeb",
                    "timestamp":"2025-09-23 18:39:15.895",
                    "level": "DEBUG",
                    "thread": "http-nio-8081-exec-13",
                    "class": "o.s.w.s.m.m.a.RequestResponseBodyMethodProcessor",
                    "message": "Using 'application/json', given [application/json, text/plain, */*] and supported [application/json, application/*+json, application/json, application/*+json]" }
                    
{
                    "app": "Crmeb",
                    "timestamp":"2025-09-23 18:39:15.911",
                    "level": "DEBUG",
                    "thread": "http-nio-8081-exec-13",
                    "class": "o.s.w.s.m.m.a.RequestResponseBodyMethodProcessor",
                    "message": "Writing [com.zbkj.common.response.CommonResult@67a05711]" }
                    
{
                    "app": "Crmeb",
                    "timestamp":"2025-09-23 18:39:15.913",
                    "level": "DEBUG",
                    "thread": "http-nio-8081-exec-13",
                    "class": "o.s.web.servlet.DispatcherServlet",
                    "message": "Completed 200 OK" }
                    
{
                    "app": "Crmeb",
                    "timestamp":"2025-09-23 18:39:15.918",
                    "level": "DEBUG",
                    "thread": "http-nio-8081-exec-29",
                    "class": "o.s.w.s.m.m.a.RequestResponseBodyMethodProcessor",
                    "message": "Using 'application/json', given [application/json, text/plain, */*] and supported [application/json, application/*+json, application/json, application/*+json]" }
                    
{
                    "app": "Crmeb",
                    "timestamp":"2025-09-23 18:39:15.919",
                    "level": "DEBUG",
                    "thread": "http-nio-8081-exec-29",
                    "class": "o.s.w.s.m.m.a.RequestResponseBodyMethodProcessor",
                    "message": "Writing [com.zbkj.common.response.CommonResult@7d5f80ca]" }
                    
{
                    "app": "Crmeb",
                    "timestamp":"2025-09-23 18:39:15.920",
                    "level": "DEBUG",
                    "thread": "http-nio-8081-exec-29",
                    "class": "o.s.web.servlet.DispatcherServlet",
                    "message": "Completed 200 OK" }
                    
{
                    "app": "Crmeb",
                    "timestamp":"2025-09-23 18:39:15.924",
                    "level": "DEBUG",
                    "thread": "http-nio-8081-exec-2",
                    "class": "o.s.web.servlet.DispatcherServlet",
                    "message": "GET "/api/front/merchant/customer/service/info/2", parameters={}" }
                    
{
                    "app": "Crmeb",
                    "timestamp":"2025-09-23 18:39:15.924",
                    "level": "DEBUG",
                    "thread": "http-nio-8081-exec-21",
                    "class": "o.s.w.s.m.m.a.RequestResponseBodyMethodProcessor",
                    "message": "Using 'application/json', given [application/json, text/plain, */*] and supported [application/json, application/*+json, application/json, application/*+json]" }
                    
{
                    "app": "Crmeb",
                    "timestamp":"2025-09-23 18:39:15.925",
                    "level": "DEBUG",
                    "thread": "http-nio-8081-exec-2",
                    "class": "o.s.w.s.m.m.a.RequestMappingHandlerMapping",
                    "message": "Mapped to com.zbkj.front.controller.MerchantController#getCustomerServiceInfo(Integer)" }
                    
{
                    "app": "Crmeb",
                    "timestamp":"2025-09-23 18:39:15.925",
                    "level": "DEBUG",
                    "thread": "http-nio-8081-exec-21",
                    "class": "o.s.w.s.m.m.a.RequestResponseBodyMethodProcessor",
                    "message": "Writing [com.zbkj.common.response.CommonResult@75566d7f]" }
                    
{
                    "app": "Crmeb",
                    "timestamp":"2025-09-23 18:39:15.926",
                    "level": "DEBUG",
                    "thread": "http-nio-8081-exec-26",
                    "class": "o.s.w.s.m.m.a.RequestResponseBodyMethodProcessor",
                    "message": "Using 'application/json', given [application/json, text/plain, */*] and supported [application/json, application/*+json, application/json, application/*+json]" }
                    
{
                    "app": "Crmeb",
                    "timestamp":"2025-09-23 18:39:15.930",
                    "level": "DEBUG",
                    "thread": "http-nio-8081-exec-21",
                    "class": "o.s.web.servlet.DispatcherServlet",
                    "message": "Completed 200 OK" }
                    
{
                    "app": "Crmeb",
                    "timestamp":"2025-09-23 18:39:15.932",
                    "level": "DEBUG",
                    "thread": "http-nio-8081-exec-26",
                    "class": "o.s.w.s.m.m.a.RequestResponseBodyMethodProcessor",
                    "message": "Writing [com.zbkj.common.response.CommonResult@492a0e4f]" }
                    
{
                    "app": "Crmeb",
                    "timestamp":"2025-09-23 18:39:15.938",
                    "level": "DEBUG",
                    "thread": "http-nio-8081-exec-26",
                    "class": "o.s.web.servlet.DispatcherServlet",
                    "message": "Completed 200 OK" }
                    
{
                    "app": "Crmeb",
                    "timestamp":"2025-09-23 18:39:15.940",
                    "level": "DEBUG",
                    "thread": "http-nio-8081-exec-16",
                    "class": "o.s.w.s.m.m.a.RequestResponseBodyMethodProcessor",
                    "message": "Using 'application/json', given [application/json, text/plain, */*] and supported [application/json, application/*+json, application/json, application/*+json]" }
                    
{
                    "app": "Crmeb",
                    "timestamp":"2025-09-23 18:39:15.941",
                    "level": "DEBUG",
                    "thread": "http-nio-8081-exec-16",
                    "class": "o.s.w.s.m.m.a.RequestResponseBodyMethodProcessor",
                    "message": "Writing [com.zbkj.common.response.CommonResult@513f87b3]" }
                    
{
                    "app": "Crmeb",
                    "timestamp":"2025-09-23 18:39:15.941",
                    "level": "DEBUG",
                    "thread": "http-nio-8081-exec-16",
                    "class": "o.s.web.servlet.DispatcherServlet",
                    "message": "Completed 200 OK" }
                    
{
                    "app": "Crmeb",
                    "timestamp":"2025-09-23 18:39:15.944",
                    "level": "DEBUG",
                    "thread": "http-nio-8081-exec-22",
                    "class": "o.s.w.s.m.m.a.RequestResponseBodyMethodProcessor",
                    "message": "Using 'application/json', given [application/json, text/plain, */*] and supported [application/json, application/*+json, application/json, application/*+json]" }
                    
{
                    "app": "Crmeb",
                    "timestamp":"2025-09-23 18:39:15.945",
                    "level": "DEBUG",
                    "thread": "http-nio-8081-exec-22",
                    "class": "o.s.w.s.m.m.a.RequestResponseBodyMethodProcessor",
                    "message": "Writing [com.zbkj.common.response.CommonResult@6795b91c]" }
                    
{
                    "app": "Crmeb",
                    "timestamp":"2025-09-23 18:39:15.946",
                    "level": "DEBUG",
                    "thread": "http-nio-8081-exec-22",
                    "class": "o.s.web.servlet.DispatcherServlet",
                    "message": "Completed 200 OK" }
                    
{
                    "app": "Crmeb",
                    "timestamp":"2025-09-23 18:39:15.948",
                    "level": "DEBUG",
                    "thread": "http-nio-8081-exec-2",
                    "class": "o.s.w.s.m.m.a.RequestResponseBodyMethodProcessor",
                    "message": "Using 'application/json', given [application/json, text/plain, */*] and supported [application/json, application/*+json, application/json, application/*+json]" }
                    
{
                    "app": "Crmeb",
                    "timestamp":"2025-09-23 18:39:15.948",
                    "level": "DEBUG",
                    "thread": "http-nio-8081-exec-2",
                    "class": "o.s.w.s.m.m.a.RequestResponseBodyMethodProcessor",
                    "message": "Writing [com.zbkj.common.response.CommonResult@7e63d99f]" }
                    
{
                    "app": "Crmeb",
                    "timestamp":"2025-09-23 18:39:15.948",
                    "level": "DEBUG",
                    "thread": "http-nio-8081-exec-2",
                    "class": "o.s.web.servlet.DispatcherServlet",
                    "message": "Completed 200 OK" }
                    
{
                    "app": "Crmeb",
                    "timestamp":"2025-09-23 18:39:39.829",
                    "level": "DEBUG",
                    "thread": "http-nio-8081-exec-6",
                    "class": "o.s.web.servlet.DispatcherServlet",
                    "message": "POST "/api/front/order/pre/order", parameters={}" }
                    
{
                    "app": "Crmeb",
                    "timestamp":"2025-09-23 18:39:39.829",
                    "level": "DEBUG",
                    "thread": "http-nio-8081-exec-6",
                    "class": "o.s.w.s.m.m.a.RequestMappingHandlerMapping",
                    "message": "Mapped to com.zbkj.front.controller.StoreOrderController#preOrder(PreOrderRequest)" }
                    
{
                    "app": "Crmeb",
                    "timestamp":"2025-09-23 18:39:39.831",
                    "level": "DEBUG",
                    "thread": "http-nio-8081-exec-6",
                    "class": "o.s.w.s.m.m.a.RequestResponseBodyMethodProcessor",
                    "message": "Read "application/json;charset=UTF-8" to [PreOrderRequest(preOrderType=buyNow, orderDetails=[PreOrderDetailRequest(shoppingCartId=null, produc (truncated)...]" }
                    
{
                    "app": "Crmeb",
                    "timestamp":"2025-09-23 18:39:39.845",
                    "level": "DEBUG",
                    "thread": "http-nio-8081-exec-6",
                    "class": "o.s.w.s.m.m.a.RequestResponseBodyMethodProcessor",
                    "message": "Using 'application/json', given [application/json, text/plain, */*] and supported [application/json, application/*+json, application/json, application/*+json]" }
                    
{
                    "app": "Crmeb",
                    "timestamp":"2025-09-23 18:39:39.845",
                    "level": "DEBUG",
                    "thread": "http-nio-8081-exec-6",
                    "class": "o.s.w.s.m.m.a.RequestResponseBodyMethodProcessor",
                    "message": "Writing [com.zbkj.common.response.CommonResult@7b48bb1b]" }
                    
{
                    "app": "Crmeb",
                    "timestamp":"2025-09-23 18:39:39.846",
                    "level": "DEBUG",
                    "thread": "http-nio-8081-exec-6",
                    "class": "o.s.web.servlet.DispatcherServlet",
                    "message": "Completed 200 OK" }
                    
{
                    "app": "Crmeb",
                    "timestamp":"2025-09-23 18:39:39.850",
                    "level": "DEBUG",
                    "thread": "http-nio-8081-exec-7",
                    "class": "o.s.web.servlet.DispatcherServlet",
                    "message": "GET "/api/pc/address/all/list", parameters={}" }
                    
{
                    "app": "Crmeb",
                    "timestamp":"2025-09-23 18:39:39.851",
                    "level": "DEBUG",
                    "thread": "http-nio-8081-exec-1",
                    "class": "o.s.web.servlet.DispatcherServlet",
                    "message": "GET "/api/front/pay/method", parameters={}" }
                    
{
                    "app": "Crmeb",
                    "timestamp":"2025-09-23 18:39:39.851",
                    "level": "DEBUG",
                    "thread": "http-nio-8081-exec-7",
                    "class": "o.s.w.s.m.m.a.RequestMappingHandlerMapping",
                    "message": "Mapped to com.zbkj.front.pc.controller.PcUserAddressController#getAllList()" }
                    
{
                    "app": "Crmeb",
                    "timestamp":"2025-09-23 18:39:39.851",
                    "level": "DEBUG",
                    "thread": "http-nio-8081-exec-1",
                    "class": "o.s.w.s.m.m.a.RequestMappingHandlerMapping",
                    "message": "Mapped to com.zbkj.front.controller.PayController#getPayMethod()" }
                    
{
                    "app": "Crmeb",
                    "timestamp":"2025-09-23 18:39:39.858",
                    "level": "DEBUG",
                    "thread": "http-nio-8081-exec-7",
                    "class": "o.s.w.s.m.m.a.RequestResponseBodyMethodProcessor",
                    "message": "Using 'application/json', given [application/json, text/plain, */*] and supported [application/json, application/*+json, application/json, application/*+json]" }
                    
{
                    "app": "Crmeb",
                    "timestamp":"2025-09-23 18:39:39.859",
                    "level": "DEBUG",
                    "thread": "http-nio-8081-exec-7",
                    "class": "o.s.w.s.m.m.a.RequestResponseBodyMethodProcessor",
                    "message": "Writing [com.zbkj.common.response.CommonResult@5402ffb5]" }
                    
{
                    "app": "Crmeb",
                    "timestamp":"2025-09-23 18:39:39.859",
                    "level": "DEBUG",
                    "thread": "http-nio-8081-exec-7",
                    "class": "o.s.web.servlet.DispatcherServlet",
                    "message": "Completed 200 OK" }
                    
{
                    "app": "Crmeb",
                    "timestamp":"2025-09-23 18:39:39.863",
                    "level": "DEBUG",
                    "thread": "http-nio-8081-exec-1",
                    "class": "o.s.w.s.m.m.a.RequestResponseBodyMethodProcessor",
                    "message": "Using 'application/json', given [application/json, text/plain, */*] and supported [application/json, application/*+json, application/json, application/*+json]" }
                    
{
                    "app": "Crmeb",
                    "timestamp":"2025-09-23 18:39:39.863",
                    "level": "DEBUG",
                    "thread": "http-nio-8081-exec-1",
                    "class": "o.s.w.s.m.m.a.RequestResponseBodyMethodProcessor",
                    "message": "Writing [com.zbkj.common.response.CommonResult@2c5dc66]" }
                    
{
                    "app": "Crmeb",
                    "timestamp":"2025-09-23 18:39:39.864",
                    "level": "DEBUG",
                    "thread": "http-nio-8081-exec-1",
                    "class": "o.s.web.servlet.DispatcherServlet",
                    "message": "Completed 200 OK" }
                    
{
                    "app": "Crmeb",
                    "timestamp":"2025-09-23 18:39:39.876",
                    "level": "DEBUG",
                    "thread": "http-nio-8081-exec-24",
                    "class": "o.s.web.servlet.DispatcherServlet",
                    "message": "GET "/api/front/user/menu/user", parameters={}" }
                    
{
                    "app": "Crmeb",
                    "timestamp":"2025-09-23 18:39:39.876",
                    "level": "DEBUG",
                    "thread": "http-nio-8081-exec-5",
                    "class": "o.s.web.servlet.DispatcherServlet",
                    "message": "GET "/api/front/cart/count?numType=true&type=total", parameters={masked}" }
                    
{
                    "app": "Crmeb",
                    "timestamp":"2025-09-23 18:39:39.876",
                    "level": "DEBUG",
                    "thread": "http-nio-8081-exec-24",
                    "class": "o.s.w.s.m.m.a.RequestMappingHandlerMapping",
                    "message": "Mapped to com.zbkj.front.controller.UserController#getMenuUser()" }
                    
{
                    "app": "Crmeb",
                    "timestamp":"2025-09-23 18:39:39.878",
                    "level": "DEBUG",
                    "thread": "http-nio-8081-exec-5",
                    "class": "o.s.w.s.m.m.a.RequestMappingHandlerMapping",
                    "message": "Mapped to com.zbkj.front.controller.CartController#count(CartNumRequest)" }
                    
{
                    "app": "Crmeb",
                    "timestamp":"2025-09-23 18:39:39.883",
                    "level": "DEBUG",
                    "thread": "http-nio-8081-exec-5",
                    "class": "o.s.w.s.m.m.a.RequestResponseBodyMethodProcessor",
                    "message": "Using 'application/json', given [application/json, text/plain, */*] and supported [application/json, application/*+json, application/json, application/*+json]" }
                    
{
                    "app": "Crmeb",
                    "timestamp":"2025-09-23 18:39:39.885",
                    "level": "DEBUG",
                    "thread": "http-nio-8081-exec-5",
                    "class": "o.s.w.s.m.m.a.RequestResponseBodyMethodProcessor",
                    "message": "Writing [com.zbkj.common.response.CommonResult@20f738a4]" }
                    
{
                    "app": "Crmeb",
                    "timestamp":"2025-09-23 18:39:39.885",
                    "level": "DEBUG",
                    "thread": "http-nio-8081-exec-5",
                    "class": "o.s.web.servlet.DispatcherServlet",
                    "message": "Completed 200 OK" }
                    
{
                    "app": "Crmeb",
                    "timestamp":"2025-09-23 18:39:39.895",
                    "level": "DEBUG",
                    "thread": "http-nio-8081-exec-12",
                    "class": "o.s.web.servlet.DispatcherServlet",
                    "message": "GET "/api/pc/address/all/list", parameters={}" }
                    
{
                    "app": "Crmeb",
                    "timestamp":"2025-09-23 18:39:39.895",
                    "level": "DEBUG",
                    "thread": "http-nio-8081-exec-12",
                    "class": "o.s.w.s.m.m.a.RequestMappingHandlerMapping",
                    "message": "Mapped to com.zbkj.front.pc.controller.PcUserAddressController#getAllList()" }
                    
{
                    "app": "Crmeb",
                    "timestamp":"2025-09-23 18:39:39.896",
                    "level": "DEBUG",
                    "thread": "http-nio-8081-exec-11",
                    "class": "o.s.web.servlet.DispatcherServlet",
                    "message": "GET "/api/front/coupons/order/170175862397943431721fefc4102a8b45bad48542ce4", parameters={}" }
                    
{
                    "app": "Crmeb",
                    "timestamp":"2025-09-23 18:39:39.896",
                    "level": "DEBUG",
                    "thread": "http-nio-8081-exec-19",
                    "class": "o.s.web.servlet.DispatcherServlet",
                    "message": "GET "/api/front/order/load/pre/170175862397943431721fefc4102a8b45bad48542ce4", parameters={}" }
                    
{
                    "app": "Crmeb",
                    "timestamp":"2025-09-23 18:39:39.896",
                    "level": "DEBUG",
                    "thread": "http-nio-8081-exec-24",
                    "class": "o.s.w.s.m.m.a.RequestResponseBodyMethodProcessor",
                    "message": "Using 'application/json', given [application/json, text/plain, */*] and supported [application/json, application/*+json, application/json, application/*+json]" }
                    
{
                    "app": "Crmeb",
                    "timestamp":"2025-09-23 18:39:39.899",
                    "level": "DEBUG",
                    "thread": "http-nio-8081-exec-11",
                    "class": "o.s.w.s.m.m.a.RequestMappingHandlerMapping",
                    "message": "Mapped to com.zbkj.front.controller.CouponController#getCouponsListByPreOrderNo(String)" }
                    
{
                    "app": "Crmeb",
                    "timestamp":"2025-09-23 18:39:39.899",
                    "level": "DEBUG",
                    "thread": "http-nio-8081-exec-19",
                    "class": "o.s.w.s.m.m.a.RequestMappingHandlerMapping",
                    "message": "Mapped to com.zbkj.front.controller.StoreOrderController#loadPreOrder(String)" }
                    
{
                    "app": "Crmeb",
                    "timestamp":"2025-09-23 18:39:39.906",
                    "level": "DEBUG",
                    "thread": "http-nio-8081-exec-24",
                    "class": "o.s.w.s.m.m.a.RequestResponseBodyMethodProcessor",
                    "message": "Writing [com.zbkj.common.response.CommonResult@7e4e22eb]" }
                    
{
                    "app": "Crmeb",
                    "timestamp":"2025-09-23 18:39:39.907",
                    "level": "DEBUG",
                    "thread": "http-nio-8081-exec-24",
                    "class": "o.s.web.servlet.DispatcherServlet",
                    "message": "Completed 200 OK" }
                    
{
                    "app": "Crmeb",
                    "timestamp":"2025-09-23 18:39:39.908",
                    "level": "DEBUG",
                    "thread": "http-nio-8081-exec-19",
                    "class": "o.s.w.s.m.m.a.RequestResponseBodyMethodProcessor",
                    "message": "Using 'application/json', given [application/json, text/plain, */*] and supported [application/json, application/*+json, application/json, application/*+json]" }
                    
{
                    "app": "Crmeb",
                    "timestamp":"2025-09-23 18:39:39.910",
                    "level": "DEBUG",
                    "thread": "http-nio-8081-exec-19",
                    "class": "o.s.w.s.m.m.a.RequestResponseBodyMethodProcessor",
                    "message": "Writing [com.zbkj.common.response.CommonResult@2c6fe884]" }
                    
{
                    "app": "Crmeb",
                    "timestamp":"2025-09-23 18:39:39.911",
                    "level": "DEBUG",
                    "thread": "http-nio-8081-exec-12",
                    "class": "o.s.w.s.m.m.a.RequestResponseBodyMethodProcessor",
                    "message": "Using 'application/json', given [application/json, text/plain, */*] and supported [application/json, application/*+json, application/json, application/*+json]" }
                    
{
                    "app": "Crmeb",
                    "timestamp":"2025-09-23 18:39:39.911",
                    "level": "DEBUG",
                    "thread": "http-nio-8081-exec-19",
                    "class": "o.s.web.servlet.DispatcherServlet",
                    "message": "Completed 200 OK" }
                    
{
                    "app": "Crmeb",
                    "timestamp":"2025-09-23 18:39:39.912",
                    "level": "DEBUG",
                    "thread": "http-nio-8081-exec-12",
                    "class": "o.s.w.s.m.m.a.RequestResponseBodyMethodProcessor",
                    "message": "Writing [com.zbkj.common.response.CommonResult@77c29cbd]" }
                    
{
                    "app": "Crmeb",
                    "timestamp":"2025-09-23 18:39:39.913",
                    "level": "DEBUG",
                    "thread": "http-nio-8081-exec-12",
                    "class": "o.s.web.servlet.DispatcherServlet",
                    "message": "Completed 200 OK" }
                    
{
                    "app": "Crmeb",
                    "timestamp":"2025-09-23 18:39:39.914",
                    "level": "DEBUG",
                    "thread": "http-nio-8081-exec-11",
                    "class": "o.s.w.s.m.m.a.RequestResponseBodyMethodProcessor",
                    "message": "Using 'application/json', given [application/json, text/plain, */*] and supported [application/json, application/*+json, application/json, application/*+json]" }
                    
{
                    "app": "Crmeb",
                    "timestamp":"2025-09-23 18:39:39.918",
                    "level": "DEBUG",
                    "thread": "http-nio-8081-exec-11",
                    "class": "o.s.w.s.m.m.a.RequestResponseBodyMethodProcessor",
                    "message": "Writing [com.zbkj.common.response.CommonResult@6108338]" }
                    
{
                    "app": "Crmeb",
                    "timestamp":"2025-09-23 18:39:39.919",
                    "level": "DEBUG",
                    "thread": "http-nio-8081-exec-11",
                    "class": "o.s.web.servlet.DispatcherServlet",
                    "message": "Completed 200 OK" }
                    
{
                    "app": "Crmeb",
                    "timestamp":"2025-09-23 18:41:00.790",
                    "level": "DEBUG",
                    "thread": "http-nio-8081-exec-30",
                    "class": "o.s.web.servlet.DispatcherServlet",
                    "message": "GET "/api/front/product/leaderboard", parameters={}" }
                    
{
                    "app": "Crmeb",
                    "timestamp":"2025-09-23 18:41:00.790",
                    "level": "DEBUG",
                    "thread": "http-nio-8081-exec-2",
                    "class": "o.s.web.servlet.DispatcherServlet",
                    "message": "GET "/api/front/index/product?page=1&limit=13", parameters={masked}" }
                    
{
                    "app": "Crmeb",
                    "timestamp":"2025-09-23 18:41:00.790",
                    "level": "DEBUG",
                    "thread": "http-nio-8081-exec-16",
                    "class": "o.s.web.servlet.DispatcherServlet",
                    "message": "GET "/api/front/activity/index/list", parameters={}" }
                    
{
                    "app": "Crmeb",
                    "timestamp":"2025-09-23 18:41:00.790",
                    "level": "DEBUG",
                    "thread": "http-nio-8081-exec-6",
                    "class": "o.s.web.servlet.DispatcherServlet",
                    "message": "GET "/api/pc/home/index", parameters={}" }
                    
{
                    "app": "Crmeb",
                    "timestamp":"2025-09-23 18:41:00.790",
                    "level": "DEBUG",
                    "thread": "http-nio-8081-exec-22",
                    "class": "o.s.web.servlet.DispatcherServlet",
                    "message": "GET "/api/front/merchant/street", parameters={}" }
                    
{
                    "app": "Crmeb",
                    "timestamp":"2025-09-23 18:41:00.790",
                    "level": "DEBUG",
                    "thread": "http-nio-8081-exec-30",
                    "class": "o.s.w.s.m.m.a.RequestMappingHandlerMapping",
                    "message": "Mapped to com.zbkj.front.controller.ProductController#getLeaderboard()" }
                    
{
                    "app": "Crmeb",
                    "timestamp":"2025-09-23 18:41:00.791",
                    "level": "DEBUG",
                    "thread": "http-nio-8081-exec-2",
                    "class": "o.s.w.s.m.m.a.RequestMappingHandlerMapping",
                    "message": "Mapped to com.zbkj.front.controller.IndexController#getProductList(PageParamRequest)" }
                    
{
                    "app": "Crmeb",
                    "timestamp":"2025-09-23 18:41:00.792",
                    "level": "DEBUG",
                    "thread": "http-nio-8081-exec-16",
                    "class": "o.s.w.s.m.m.a.RequestMappingHandlerMapping",
                    "message": "Mapped to com.zbkj.front.controller.ActivityController#getIndexList()" }
                    
{
                    "app": "Crmeb",
                    "timestamp":"2025-09-23 18:41:00.792",
                    "level": "DEBUG",
                    "thread": "http-nio-8081-exec-6",
                    "class": "o.s.w.s.m.m.a.RequestMappingHandlerMapping",
                    "message": "Mapped to com.zbkj.front.pc.controller.PcIndexController#getIndexInfo()" }
                    
{
                    "app": "Crmeb",
                    "timestamp":"2025-09-23 18:41:00.792",
                    "level": "DEBUG",
                    "thread": "http-nio-8081-exec-22",
                    "class": "o.s.w.s.m.m.a.RequestMappingHandlerMapping",
                    "message": "Mapped to com.zbkj.front.controller.MerchantController#getStreet(PageParamRequest)" }
                    
{
                    "app": "Crmeb",
                    "timestamp":"2025-09-23 18:41:00.812",
                    "level": "DEBUG",
                    "thread": "http-nio-8081-exec-2",
                    "class": "o.s.w.s.m.m.a.RequestResponseBodyMethodProcessor",
                    "message": "Using 'application/json', given [application/json, text/plain, */*] and supported [application/json, application/*+json, application/json, application/*+json]" }
                    
{
                    "app": "Crmeb",
                    "timestamp":"2025-09-23 18:41:00.812",
                    "level": "DEBUG",
                    "thread": "http-nio-8081-exec-2",
                    "class": "o.s.w.s.m.m.a.RequestResponseBodyMethodProcessor",
                    "message": "Writing [com.zbkj.common.response.CommonResult@32df964f]" }
                    
{
                    "app": "Crmeb",
                    "timestamp":"2025-09-23 18:41:00.813",
                    "level": "DEBUG",
                    "thread": "http-nio-8081-exec-2",
                    "class": "o.s.web.servlet.DispatcherServlet",
                    "message": "Completed 200 OK" }
                    
{
                    "app": "Crmeb",
                    "timestamp":"2025-09-23 18:41:00.814",
                    "level": "DEBUG",
                    "thread": "http-nio-8081-exec-30",
                    "class": "o.s.w.s.m.m.a.RequestResponseBodyMethodProcessor",
                    "message": "Using 'application/json', given [application/json, text/plain, */*] and supported [application/json, application/*+json, application/json, application/*+json]" }
                    
{
                    "app": "Crmeb",
                    "timestamp":"2025-09-23 18:41:00.815",
                    "level": "DEBUG",
                    "thread": "http-nio-8081-exec-30",
                    "class": "o.s.w.s.m.m.a.RequestResponseBodyMethodProcessor",
                    "message": "Writing [com.zbkj.common.response.CommonResult@491dda2f]" }
                    
{
                    "app": "Crmeb",
                    "timestamp":"2025-09-23 18:41:00.815",
                    "level": "DEBUG",
                    "thread": "http-nio-8081-exec-22",
                    "class": "o.s.w.s.m.m.a.RequestResponseBodyMethodProcessor",
                    "message": "Using 'application/json', given [application/json, text/plain, */*] and supported [application/json, application/*+json, application/json, application/*+json]" }
                    
{
                    "app": "Crmeb",
                    "timestamp":"2025-09-23 18:41:00.815",
                    "level": "DEBUG",
                    "thread": "http-nio-8081-exec-30",
                    "class": "o.s.web.servlet.DispatcherServlet",
                    "message": "Completed 200 OK" }
                    
{
                    "app": "Crmeb",
                    "timestamp":"2025-09-23 18:41:00.816",
                    "level": "DEBUG",
                    "thread": "http-nio-8081-exec-22",
                    "class": "o.s.w.s.m.m.a.RequestResponseBodyMethodProcessor",
                    "message": "Writing [com.zbkj.common.response.CommonResult@22ed32e2]" }
                    
{
                    "app": "Crmeb",
                    "timestamp":"2025-09-23 18:41:00.816",
                    "level": "DEBUG",
                    "thread": "http-nio-8081-exec-22",
                    "class": "o.s.web.servlet.DispatcherServlet",
                    "message": "Completed 200 OK" }
                    
{
                    "app": "Crmeb",
                    "timestamp":"2025-09-23 18:41:00.828",
                    "level": "DEBUG",
                    "thread": "http-nio-8081-exec-16",
                    "class": "o.s.w.s.m.m.a.RequestResponseBodyMethodProcessor",
                    "message": "Using 'application/json', given [application/json, text/plain, */*] and supported [application/json, application/*+json, application/json, application/*+json]" }
                    
{
                    "app": "Crmeb",
                    "timestamp":"2025-09-23 18:41:00.829",
                    "level": "DEBUG",
                    "thread": "http-nio-8081-exec-16",
                    "class": "o.s.w.s.m.m.a.RequestResponseBodyMethodProcessor",
                    "message": "Writing [com.zbkj.common.response.CommonResult@7a90d9ef]" }
                    
{
                    "app": "Crmeb",
                    "timestamp":"2025-09-23 18:41:00.830",
                    "level": "DEBUG",
                    "thread": "http-nio-8081-exec-16",
                    "class": "o.s.web.servlet.DispatcherServlet",
                    "message": "Completed 200 OK" }
                    
{
                    "app": "Crmeb",
                    "timestamp":"2025-09-23 18:41:00.834",
                    "level": "DEBUG",
                    "thread": "http-nio-8081-exec-28",
                    "class": "o.s.web.servlet.DispatcherServlet",
                    "message": "GET "/api/front/activity/index/list", parameters={}" }
                    
{
                    "app": "Crmeb",
                    "timestamp":"2025-09-23 18:41:00.835",
                    "level": "DEBUG",
                    "thread": "http-nio-8081-exec-6",
                    "class": "o.s.w.s.m.m.a.RequestResponseBodyMethodProcessor",
                    "message": "Using 'application/json', given [application/json, text/plain, */*] and supported [application/json, application/*+json, application/json, application/*+json]" }
                    
{
                    "app": "Crmeb",
                    "timestamp":"2025-09-23 18:41:00.835",
                    "level": "DEBUG",
                    "thread": "http-nio-8081-exec-28",
                    "class": "o.s.w.s.m.m.a.RequestMappingHandlerMapping",
                    "message": "Mapped to com.zbkj.front.controller.ActivityController#getIndexList()" }
                    
{
                    "app": "Crmeb",
                    "timestamp":"2025-09-23 18:41:00.835",
                    "level": "DEBUG",
                    "thread": "http-nio-8081-exec-6",
                    "class": "o.s.w.s.m.m.a.RequestResponseBodyMethodProcessor",
                    "message": "Writing [com.zbkj.common.response.CommonResult@5305b6b1]" }
                    
{
                    "app": "Crmeb",
                    "timestamp":"2025-09-23 18:41:00.835",
                    "level": "DEBUG",
                    "thread": "http-nio-8081-exec-6",
                    "class": "o.s.web.servlet.DispatcherServlet",
                    "message": "Completed 200 OK" }
                    
{
                    "app": "Crmeb",
                    "timestamp":"2025-09-23 18:41:00.850",
                    "level": "DEBUG",
                    "thread": "http-nio-8081-exec-28",
                    "class": "o.s.w.s.m.m.a.RequestResponseBodyMethodProcessor",
                    "message": "Using 'application/json', given [application/json, text/plain, */*] and supported [application/json, application/*+json, application/json, application/*+json]" }
                    
{
                    "app": "Crmeb",
                    "timestamp":"2025-09-23 18:41:00.850",
                    "level": "DEBUG",
                    "thread": "http-nio-8081-exec-28",
                    "class": "o.s.w.s.m.m.a.RequestResponseBodyMethodProcessor",
                    "message": "Writing [com.zbkj.common.response.CommonResult@23b50405]" }
                    
{
                    "app": "Crmeb",
                    "timestamp":"2025-09-23 18:41:00.850",
                    "level": "DEBUG",
                    "thread": "http-nio-8081-exec-28",
                    "class": "o.s.web.servlet.DispatcherServlet",
                    "message": "Completed 200 OK" }
                    
{
                    "app": "Crmeb",
                    "timestamp":"2025-09-23 18:41:00.862",
                    "level": "DEBUG",
                    "thread": "http-nio-8081-exec-1",
                    "class": "o.s.web.servlet.DispatcherServlet",
                    "message": "GET "/api/front/user/menu/user", parameters={}" }
                    
{
                    "app": "Crmeb",
                    "timestamp":"2025-09-23 18:41:00.863",
                    "level": "DEBUG",
                    "thread": "http-nio-8081-exec-3",
                    "class": "o.s.web.servlet.DispatcherServlet",
                    "message": "GET "/api/front/cart/count?numType=true&type=total", parameters={masked}" }
                    
{
                    "app": "Crmeb",
                    "timestamp":"2025-09-23 18:41:00.863",
                    "level": "DEBUG",
                    "thread": "http-nio-8081-exec-1",
                    "class": "o.s.w.s.m.m.a.RequestMappingHandlerMapping",
                    "message": "Mapped to com.zbkj.front.controller.UserController#getMenuUser()" }
                    
{
                    "app": "Crmeb",
                    "timestamp":"2025-09-23 18:41:00.863",
                    "level": "DEBUG",
                    "thread": "http-nio-8081-exec-3",
                    "class": "o.s.w.s.m.m.a.RequestMappingHandlerMapping",
                    "message": "Mapped to com.zbkj.front.controller.CartController#count(CartNumRequest)" }
                    
{
                    "app": "Crmeb",
                    "timestamp":"2025-09-23 18:41:00.868",
                    "level": "DEBUG",
                    "thread": "http-nio-8081-exec-3",
                    "class": "o.s.w.s.m.m.a.RequestResponseBodyMethodProcessor",
                    "message": "Using 'application/json', given [application/json, text/plain, */*] and supported [application/json, application/*+json, application/json, application/*+json]" }
                    
{
                    "app": "Crmeb",
                    "timestamp":"2025-09-23 18:41:00.868",
                    "level": "DEBUG",
                    "thread": "http-nio-8081-exec-3",
                    "class": "o.s.w.s.m.m.a.RequestResponseBodyMethodProcessor",
                    "message": "Writing [com.zbkj.common.response.CommonResult@4c7811d6]" }
                    
{
                    "app": "Crmeb",
                    "timestamp":"2025-09-23 18:41:00.869",
                    "level": "DEBUG",
                    "thread": "http-nio-8081-exec-3",
                    "class": "o.s.web.servlet.DispatcherServlet",
                    "message": "Completed 200 OK" }
                    
{
                    "app": "Crmeb",
                    "timestamp":"2025-09-23 18:41:00.878",
                    "level": "DEBUG",
                    "thread": "http-nio-8081-exec-1",
                    "class": "o.s.w.s.m.m.a.RequestResponseBodyMethodProcessor",
                    "message": "Using 'application/json', given [application/json, text/plain, */*] and supported [application/json, application/*+json, application/json, application/*+json]" }
                    
{
                    "app": "Crmeb",
                    "timestamp":"2025-09-23 18:41:00.879",
                    "level": "DEBUG",
                    "thread": "http-nio-8081-exec-1",
                    "class": "o.s.w.s.m.m.a.RequestResponseBodyMethodProcessor",
                    "message": "Writing [com.zbkj.common.response.CommonResult@45f4300b]" }
                    
{
                    "app": "Crmeb",
                    "timestamp":"2025-09-23 18:41:00.879",
                    "level": "DEBUG",
                    "thread": "http-nio-8081-exec-1",
                    "class": "o.s.web.servlet.DispatcherServlet",
                    "message": "Completed 200 OK" }
                    
{
                    "app": "Crmeb",
                    "timestamp":"2025-09-23 18:41:00.887",
                    "level": "DEBUG",
                    "thread": "http-nio-8081-exec-4",
                    "class": "o.s.web.servlet.DispatcherServlet",
                    "message": "GET "/api/front/index/product?page=1&limit=13", parameters={masked}" }
                    
{
                    "app": "Crmeb",
                    "timestamp":"2025-09-23 18:41:00.888",
                    "level": "DEBUG",
                    "thread": "http-nio-8081-exec-4",
                    "class": "o.s.w.s.m.m.a.RequestMappingHandlerMapping",
                    "message": "Mapped to com.zbkj.front.controller.IndexController#getProductList(PageParamRequest)" }
                    
{
                    "app": "Crmeb",
                    "timestamp":"2025-09-23 18:41:00.895",
                    "level": "DEBUG",
                    "thread": "http-nio-8081-exec-4",
                    "class": "o.s.w.s.m.m.a.RequestResponseBodyMethodProcessor",
                    "message": "Using 'application/json', given [application/json, text/plain, */*] and supported [application/json, application/*+json, application/json, application/*+json]" }
                    
{
                    "app": "Crmeb",
                    "timestamp":"2025-09-23 18:41:00.896",
                    "level": "DEBUG",
                    "thread": "http-nio-8081-exec-4",
                    "class": "o.s.w.s.m.m.a.RequestResponseBodyMethodProcessor",
                    "message": "Writing [com.zbkj.common.response.CommonResult@3426f5b1]" }
                    
{
                    "app": "Crmeb",
                    "timestamp":"2025-09-23 18:41:00.897",
                    "level": "DEBUG",
                    "thread": "http-nio-8081-exec-4",
                    "class": "o.s.web.servlet.DispatcherServlet",
                    "message": "Completed 200 OK" }
                    
{
                    "app": "Crmeb",
                    "timestamp":"2025-09-23 18:41:05.133",
                    "level": "DEBUG",
                    "thread": "http-nio-8081-exec-8",
                    "class": "o.s.web.servlet.DispatcherServlet",
                    "message": "GET "/api/front/merchant/customer/service/info/2", parameters={}" }
                    
{
                    "app": "Crmeb",
                    "timestamp":"2025-09-23 18:41:05.133",
                    "level": "DEBUG",
                    "thread": "http-nio-8081-exec-12",
                    "class": "o.s.web.servlet.DispatcherServlet",
                    "message": "GET "/api/front/merchant/index/info/2", parameters={}" }
                    
{
                    "app": "Crmeb",
                    "timestamp":"2025-09-23 18:41:05.134",
                    "level": "DEBUG",
                    "thread": "http-nio-8081-exec-8",
                    "class": "o.s.w.s.m.m.a.RequestMappingHandlerMapping",
                    "message": "Mapped to com.zbkj.front.controller.MerchantController#getCustomerServiceInfo(Integer)" }
                    
{
                    "app": "Crmeb",
                    "timestamp":"2025-09-23 18:41:05.134",
                    "level": "DEBUG",
                    "thread": "http-nio-8081-exec-12",
                    "class": "o.s.w.s.m.m.a.RequestMappingHandlerMapping",
                    "message": "Mapped to com.zbkj.front.controller.MerchantController#getIndexInfo(Integer)" }
                    
{
                    "app": "Crmeb",
                    "timestamp":"2025-09-23 18:41:05.147",
                    "level": "DEBUG",
                    "thread": "http-nio-8081-exec-8",
                    "class": "o.s.w.s.m.m.a.RequestResponseBodyMethodProcessor",
                    "message": "Using 'application/json', given [application/json, text/plain, */*] and supported [application/json, application/*+json, application/json, application/*+json]" }
                    
{
                    "app": "Crmeb",
                    "timestamp":"2025-09-23 18:41:05.147",
                    "level": "DEBUG",
                    "thread": "http-nio-8081-exec-8",
                    "class": "o.s.w.s.m.m.a.RequestResponseBodyMethodProcessor",
                    "message": "Writing [com.zbkj.common.response.CommonResult@38d0a44b]" }
                    
{
                    "app": "Crmeb",
                    "timestamp":"2025-09-23 18:41:05.147",
                    "level": "DEBUG",
                    "thread": "http-nio-8081-exec-8",
                    "class": "o.s.web.servlet.DispatcherServlet",
                    "message": "Completed 200 OK" }
                    
{
                    "app": "Crmeb",
                    "timestamp":"2025-09-23 18:41:05.149",
                    "level": "DEBUG",
                    "thread": "http-nio-8081-exec-12",
                    "class": "o.s.w.s.m.m.a.RequestResponseBodyMethodProcessor",
                    "message": "Using 'application/json', given [application/json, text/plain, */*] and supported [application/json, application/*+json, application/json, application/*+json]" }
                    
{
                    "app": "Crmeb",
                    "timestamp":"2025-09-23 18:41:05.149",
                    "level": "DEBUG",
                    "thread": "http-nio-8081-exec-12",
                    "class": "o.s.w.s.m.m.a.RequestResponseBodyMethodProcessor",
                    "message": "Writing [com.zbkj.common.response.CommonResult@59656d93]" }
                    
{
                    "app": "Crmeb",
                    "timestamp":"2025-09-23 18:41:05.150",
                    "level": "DEBUG",
                    "thread": "http-nio-8081-exec-12",
                    "class": "o.s.web.servlet.DispatcherServlet",
                    "message": "Completed 200 OK" }
                    
{
                    "app": "Crmeb",
                    "timestamp":"2025-09-23 18:41:05.162",
                    "level": "DEBUG",
                    "thread": "http-nio-8081-exec-11",
                    "class": "o.s.web.servlet.DispatcherServlet",
                    "message": "GET "/api/front/user/menu/user", parameters={}" }
                    
{
                    "app": "Crmeb",
                    "timestamp":"2025-09-23 18:41:05.162",
                    "level": "DEBUG",
                    "thread": "http-nio-8081-exec-24",
                    "class": "o.s.web.servlet.DispatcherServlet",
                    "message": "GET "/api/front/cart/count?numType=true&type=total", parameters={masked}" }
                    
{
                    "app": "Crmeb",
                    "timestamp":"2025-09-23 18:41:05.163",
                    "level": "DEBUG",
                    "thread": "http-nio-8081-exec-11",
                    "class": "o.s.w.s.m.m.a.RequestMappingHandlerMapping",
                    "message": "Mapped to com.zbkj.front.controller.UserController#getMenuUser()" }
                    
{
                    "app": "Crmeb",
                    "timestamp":"2025-09-23 18:41:05.163",
                    "level": "DEBUG",
                    "thread": "http-nio-8081-exec-24",
                    "class": "o.s.w.s.m.m.a.RequestMappingHandlerMapping",
                    "message": "Mapped to com.zbkj.front.controller.CartController#count(CartNumRequest)" }
                    
{
                    "app": "Crmeb",
                    "timestamp":"2025-09-23 18:41:05.166",
                    "level": "DEBUG",
                    "thread": "http-nio-8081-exec-24",
                    "class": "o.s.w.s.m.m.a.RequestResponseBodyMethodProcessor",
                    "message": "Using 'application/json', given [application/json, text/plain, */*] and supported [application/json, application/*+json, application/json, application/*+json]" }
                    
{
                    "app": "Crmeb",
                    "timestamp":"2025-09-23 18:41:05.166",
                    "level": "DEBUG",
                    "thread": "http-nio-8081-exec-24",
                    "class": "o.s.w.s.m.m.a.RequestResponseBodyMethodProcessor",
                    "message": "Writing [com.zbkj.common.response.CommonResult@33140a4b]" }
                    
{
                    "app": "Crmeb",
                    "timestamp":"2025-09-23 18:41:05.166",
                    "level": "DEBUG",
                    "thread": "http-nio-8081-exec-24",
                    "class": "o.s.web.servlet.DispatcherServlet",
                    "message": "Completed 200 OK" }
                    
{
                    "app": "Crmeb",
                    "timestamp":"2025-09-23 18:41:05.173",
                    "level": "DEBUG",
                    "thread": "http-nio-8081-exec-11",
                    "class": "o.s.w.s.m.m.a.RequestResponseBodyMethodProcessor",
                    "message": "Using 'application/json', given [application/json, text/plain, */*] and supported [application/json, application/*+json, application/json, application/*+json]" }
                    
{
                    "app": "Crmeb",
                    "timestamp":"2025-09-23 18:41:05.173",
                    "level": "DEBUG",
                    "thread": "http-nio-8081-exec-11",
                    "class": "o.s.w.s.m.m.a.RequestResponseBodyMethodProcessor",
                    "message": "Writing [com.zbkj.common.response.CommonResult@6881d8bd]" }
                    
{
                    "app": "Crmeb",
                    "timestamp":"2025-09-23 18:41:05.174",
                    "level": "DEBUG",
                    "thread": "http-nio-8081-exec-11",
                    "class": "o.s.web.servlet.DispatcherServlet",
                    "message": "Completed 200 OK" }
                    
{
                    "app": "Crmeb",
                    "timestamp":"2025-09-23 18:41:05.199",
                    "level": "DEBUG",
                    "thread": "http-nio-8081-exec-20",
                    "class": "o.s.web.servlet.DispatcherServlet",
                    "message": "GET "/api/front/merchant/all/type/list", parameters={}" }
                    
{
                    "app": "Crmeb",
                    "timestamp":"2025-09-23 18:41:05.199",
                    "level": "DEBUG",
                    "thread": "http-nio-8081-exec-25",
                    "class": "o.s.web.servlet.DispatcherServlet",
                    "message": "GET "/api/front/product/merchant/pro/list?page=1&limit=8&merId=2", parameters={masked}" }
                    
{
                    "app": "Crmeb",
                    "timestamp":"2025-09-23 18:41:05.200",
                    "level": "DEBUG",
                    "thread": "http-nio-8081-exec-20",
                    "class": "o.s.w.s.m.m.a.RequestMappingHandlerMapping",
                    "message": "Mapped to com.zbkj.front.controller.MerchantController#allTypeList()" }
                    
{
                    "app": "Crmeb",
                    "timestamp":"2025-09-23 18:41:05.200",
                    "level": "DEBUG",
                    "thread": "http-nio-8081-exec-25",
                    "class": "o.s.w.s.m.m.a.RequestMappingHandlerMapping",
                    "message": "Mapped to com.zbkj.front.controller.ProductController#getMerchantProList(MerchantProductSearchRequest, PageParamRequest)" }
                    
{
                    "app": "Crmeb",
                    "timestamp":"2025-09-23 18:41:05.209",
                    "level": "DEBUG",
                    "thread": "http-nio-8081-exec-20",
                    "class": "o.s.w.s.m.m.a.RequestResponseBodyMethodProcessor",
                    "message": "Using 'application/json', given [application/json, text/plain, */*] and supported [application/json, application/*+json, application/json, application/*+json]" }
                    
{
                    "app": "Crmeb",
                    "timestamp":"2025-09-23 18:41:05.209",
                    "level": "DEBUG",
                    "thread": "http-nio-8081-exec-20",
                    "class": "o.s.w.s.m.m.a.RequestResponseBodyMethodProcessor",
                    "message": "Writing [com.zbkj.common.response.CommonResult@1687ee9b]" }
                    
{
                    "app": "Crmeb",
                    "timestamp":"2025-09-23 18:41:05.210",
                    "level": "DEBUG",
                    "thread": "http-nio-8081-exec-20",
                    "class": "o.s.web.servlet.DispatcherServlet",
                    "message": "Completed 200 OK" }
                    
{
                    "app": "Crmeb",
                    "timestamp":"2025-09-23 18:41:05.217",
                    "level": "DEBUG",
                    "thread": "http-nio-8081-exec-25",
                    "class": "o.s.w.s.m.m.a.RequestResponseBodyMethodProcessor",
                    "message": "Using 'application/json', given [application/json, text/plain, */*] and supported [application/json, application/*+json, application/json, application/*+json]" }
                    
{
                    "app": "Crmeb",
                    "timestamp":"2025-09-23 18:41:05.217",
                    "level": "DEBUG",
                    "thread": "http-nio-8081-exec-25",
                    "class": "o.s.w.s.m.m.a.RequestResponseBodyMethodProcessor",
                    "message": "Writing [com.zbkj.common.response.CommonResult@2e247615]" }
                    
{
                    "app": "Crmeb",
                    "timestamp":"2025-09-23 18:41:05.217",
                    "level": "DEBUG",
                    "thread": "http-nio-8081-exec-25",
                    "class": "o.s.web.servlet.DispatcherServlet",
                    "message": "Completed 200 OK" }
                    
{
                    "app": "Crmeb",
                    "timestamp":"2025-09-23 18:41:17.308",
                    "level": "DEBUG",
                    "thread": "http-nio-8081-exec-9",
                    "class": "o.s.web.servlet.DispatcherServlet",
                    "message": "GET "/api/front/product/detail/15", parameters={}" }
                    
{
                    "app": "Crmeb",
                    "timestamp":"2025-09-23 18:41:17.309",
                    "level": "DEBUG",
                    "thread": "http-nio-8081-exec-9",
                    "class": "o.s.w.s.m.m.a.RequestMappingHandlerMapping",
                    "message": "Mapped to com.zbkj.front.controller.ProductController#getDetail(Integer)" }
                    
{
                    "app": "Crmeb",
                    "timestamp":"2025-09-23 18:41:17.328",
                    "level": "DEBUG",
                    "thread": "http-nio-8081-exec-9",
                    "class": "o.s.w.s.m.m.a.RequestResponseBodyMethodProcessor",
                    "message": "Using 'application/json', given [application/json, text/plain, */*] and supported [application/json, application/*+json, application/json, application/*+json]" }
                    
{
                    "app": "Crmeb",
                    "timestamp":"2025-09-23 18:41:17.328",
                    "level": "DEBUG",
                    "thread": "http-nio-8081-exec-9",
                    "class": "o.s.w.s.m.m.a.RequestResponseBodyMethodProcessor",
                    "message": "Writing [com.zbkj.common.response.CommonResult@555febf1]" }
                    
{
                    "app": "Crmeb",
                    "timestamp":"2025-09-23 18:41:17.329",
                    "level": "DEBUG",
                    "thread": "http-nio-8081-exec-9",
                    "class": "o.s.web.servlet.DispatcherServlet",
                    "message": "Completed 200 OK" }
                    
{
                    "app": "Crmeb",
                    "timestamp":"2025-09-23 18:41:17.347",
                    "level": "DEBUG",
                    "thread": "http-nio-8081-exec-23",
                    "class": "o.s.web.servlet.DispatcherServlet",
                    "message": "GET "/api/front/cart/count?numType=true&type=total", parameters={masked}" }
                    
{
                    "app": "Crmeb",
                    "timestamp":"2025-09-23 18:41:17.347",
                    "level": "DEBUG",
                    "thread": "http-nio-8081-exec-26",
                    "class": "o.s.web.servlet.DispatcherServlet",
                    "message": "GET "/api/front/user/menu/user", parameters={}" }
                    
{
                    "app": "Crmeb",
                    "timestamp":"2025-09-23 18:41:17.348",
                    "level": "DEBUG",
                    "thread": "http-nio-8081-exec-23",
                    "class": "o.s.w.s.m.m.a.RequestMappingHandlerMapping",
                    "message": "Mapped to com.zbkj.front.controller.CartController#count(CartNumRequest)" }
                    
{
                    "app": "Crmeb",
                    "timestamp":"2025-09-23 18:41:17.348",
                    "level": "DEBUG",
                    "thread": "http-nio-8081-exec-26",
                    "class": "o.s.w.s.m.m.a.RequestMappingHandlerMapping",
                    "message": "Mapped to com.zbkj.front.controller.UserController#getMenuUser()" }
                    
{
                    "app": "Crmeb",
                    "timestamp":"2025-09-23 18:41:17.351",
                    "level": "DEBUG",
                    "thread": "http-nio-8081-exec-23",
                    "class": "o.s.w.s.m.m.a.RequestResponseBodyMethodProcessor",
                    "message": "Using 'application/json', given [application/json, text/plain, */*] and supported [application/json, application/*+json, application/json, application/*+json]" }
                    
{
                    "app": "Crmeb",
                    "timestamp":"2025-09-23 18:41:17.351",
                    "level": "DEBUG",
                    "thread": "http-nio-8081-exec-23",
                    "class": "o.s.w.s.m.m.a.RequestResponseBodyMethodProcessor",
                    "message": "Writing [com.zbkj.common.response.CommonResult@15303b9d]" }
                    
{
                    "app": "Crmeb",
                    "timestamp":"2025-09-23 18:41:17.351",
                    "level": "DEBUG",
                    "thread": "http-nio-8081-exec-23",
                    "class": "o.s.web.servlet.DispatcherServlet",
                    "message": "Completed 200 OK" }
                    
{
                    "app": "Crmeb",
                    "timestamp":"2025-09-23 18:41:17.357",
                    "level": "DEBUG",
                    "thread": "http-nio-8081-exec-26",
                    "class": "o.s.w.s.m.m.a.RequestResponseBodyMethodProcessor",
                    "message": "Using 'application/json', given [application/json, text/plain, */*] and supported [application/json, application/*+json, application/json, application/*+json]" }
                    
{
                    "app": "Crmeb",
                    "timestamp":"2025-09-23 18:41:17.357",
                    "level": "DEBUG",
                    "thread": "http-nio-8081-exec-26",
                    "class": "o.s.w.s.m.m.a.RequestResponseBodyMethodProcessor",
                    "message": "Writing [com.zbkj.common.response.CommonResult@484d1626]" }
                    
{
                    "app": "Crmeb",
                    "timestamp":"2025-09-23 18:41:17.358",
                    "level": "DEBUG",
                    "thread": "http-nio-8081-exec-26",
                    "class": "o.s.web.servlet.DispatcherServlet",
                    "message": "Completed 200 OK" }
                    
{
                    "app": "Crmeb",
                    "timestamp":"2025-09-23 18:41:17.372",
                    "level": "DEBUG",
                    "thread": "http-nio-8081-exec-6",
                    "class": "o.s.web.servlet.DispatcherServlet",
                    "message": "GET "/api/front/cart/count?type=total&numType=true", parameters={masked}" }
                    
{
                    "app": "Crmeb",
                    "timestamp":"2025-09-23 18:41:17.372",
                    "level": "DEBUG",
                    "thread": "http-nio-8081-exec-28",
                    "class": "o.s.web.servlet.DispatcherServlet",
                    "message": "GET "/api/front/coupons?merId=2&productId=15&useType=2&page=1&limit=20", parameters={masked}" }
                    
{
                    "app": "Crmeb",
                    "timestamp":"2025-09-23 18:41:17.373",
                    "level": "DEBUG",
                    "thread": "http-nio-8081-exec-6",
                    "class": "o.s.w.s.m.m.a.RequestMappingHandlerMapping",
                    "message": "Mapped to com.zbkj.front.controller.CartController#count(CartNumRequest)" }
                    
{
                    "app": "Crmeb",
                    "timestamp":"2025-09-23 18:41:17.372",
                    "level": "DEBUG",
                    "thread": "http-nio-8081-exec-16",
                    "class": "o.s.web.servlet.DispatcherServlet",
                    "message": "GET "/api/front/product/reply/config/15", parameters={}" }
                    
{
                    "app": "Crmeb",
                    "timestamp":"2025-09-23 18:41:17.373",
                    "level": "DEBUG",
                    "thread": "http-nio-8081-exec-7",
                    "class": "o.s.web.servlet.DispatcherServlet",
                    "message": "GET "/api/front/merchant/customer/service/info/2", parameters={}" }
                    
{
                    "app": "Crmeb",
                    "timestamp":"2025-09-23 18:41:17.373",
                    "level": "DEBUG",
                    "thread": "http-nio-8081-exec-14",
                    "class": "o.s.web.servlet.DispatcherServlet",
                    "message": "GET "/api/front/merchant/all/type/list", parameters={}" }
                    
{
                    "app": "Crmeb",
                    "timestamp":"2025-09-23 18:41:17.373",
                    "level": "DEBUG",
                    "thread": "http-nio-8081-exec-3",
                    "class": "o.s.web.servlet.DispatcherServlet",
                    "message": "GET "/api/front/product/reply/list/15?page=1&limit=20&type=0", parameters={masked}" }
                    
{
                    "app": "Crmeb",
                    "timestamp":"2025-09-23 18:41:17.374",
                    "level": "DEBUG",
                    "thread": "http-nio-8081-exec-7",
                    "class": "o.s.w.s.m.m.a.RequestMappingHandlerMapping",
                    "message": "Mapped to com.zbkj.front.controller.MerchantController#getCustomerServiceInfo(Integer)" }
                    
{
                    "app": "Crmeb",
                    "timestamp":"2025-09-23 18:41:17.373",
                    "level": "DEBUG",
                    "thread": "http-nio-8081-exec-28",
                    "class": "o.s.w.s.m.m.a.RequestMappingHandlerMapping",
                    "message": "Mapped to com.zbkj.front.controller.CouponController#getList(CouponSearchRequest, PageParamRequest)" }
                    
{
                    "app": "Crmeb",
                    "timestamp":"2025-09-23 18:41:17.374",
                    "level": "DEBUG",
                    "thread": "http-nio-8081-exec-16",
                    "class": "o.s.w.s.m.m.a.RequestMappingHandlerMapping",
                    "message": "Mapped to com.zbkj.front.controller.ProductController#getReplyCount(Integer)" }
                    
{
                    "app": "Crmeb",
                    "timestamp":"2025-09-23 18:41:17.374",
                    "level": "DEBUG",
                    "thread": "http-nio-8081-exec-14",
                    "class": "o.s.w.s.m.m.a.RequestMappingHandlerMapping",
                    "message": "Mapped to com.zbkj.front.controller.MerchantController#allTypeList()" }
                    
{
                    "app": "Crmeb",
                    "timestamp":"2025-09-23 18:41:17.374",
                    "level": "DEBUG",
                    "thread": "http-nio-8081-exec-3",
                    "class": "o.s.w.s.m.m.a.RequestMappingHandlerMapping",
                    "message": "Mapped to com.zbkj.front.controller.ProductController#getReplyList(Integer, Integer, PageParamRequest)" }
                    
{
                    "app": "Crmeb",
                    "timestamp":"2025-09-23 18:41:17.381",
                    "level": "DEBUG",
                    "thread": "http-nio-8081-exec-6",
                    "class": "o.s.w.s.m.m.a.RequestResponseBodyMethodProcessor",
                    "message": "Using 'application/json', given [application/json, text/plain, */*] and supported [application/json, application/*+json, application/json, application/*+json]" }
                    
{
                    "app": "Crmeb",
                    "timestamp":"2025-09-23 18:41:17.382",
                    "level": "DEBUG",
                    "thread": "http-nio-8081-exec-6",
                    "class": "o.s.w.s.m.m.a.RequestResponseBodyMethodProcessor",
                    "message": "Writing [com.zbkj.common.response.CommonResult@734fafdc]" }
                    
{
                    "app": "Crmeb",
                    "timestamp":"2025-09-23 18:41:17.382",
                    "level": "DEBUG",
                    "thread": "http-nio-8081-exec-6",
                    "class": "o.s.web.servlet.DispatcherServlet",
                    "message": "Completed 200 OK" }
                    
{
                    "app": "Crmeb",
                    "timestamp":"2025-09-23 18:41:17.384",
                    "level": "DEBUG",
                    "thread": "http-nio-8081-exec-14",
                    "class": "o.s.w.s.m.m.a.RequestResponseBodyMethodProcessor",
                    "message": "Using 'application/json', given [application/json, text/plain, */*] and supported [application/json, application/*+json, application/json, application/*+json]" }
                    
{
                    "app": "Crmeb",
                    "timestamp":"2025-09-23 18:41:17.384",
                    "level": "DEBUG",
                    "thread": "http-nio-8081-exec-3",
                    "class": "o.s.w.s.m.m.a.RequestResponseBodyMethodProcessor",
                    "message": "Using 'application/json', given [application/json, text/plain, */*] and supported [application/json, application/*+json, application/json, application/*+json]" }
                    
{
                    "app": "Crmeb",
                    "timestamp":"2025-09-23 18:41:17.384",
                    "level": "DEBUG",
                    "thread": "http-nio-8081-exec-14",
                    "class": "o.s.w.s.m.m.a.RequestResponseBodyMethodProcessor",
                    "message": "Writing [com.zbkj.common.response.CommonResult@17d25d92]" }
                    
{
                    "app": "Crmeb",
                    "timestamp":"2025-09-23 18:41:17.384",
                    "level": "DEBUG",
                    "thread": "http-nio-8081-exec-7",
                    "class": "o.s.w.s.m.m.a.RequestResponseBodyMethodProcessor",
                    "message": "Using 'application/json', given [application/json, text/plain, */*] and supported [application/json, application/*+json, application/json, application/*+json]" }
                    
{
                    "app": "Crmeb",
                    "timestamp":"2025-09-23 18:41:17.385",
                    "level": "DEBUG",
                    "thread": "http-nio-8081-exec-3",
                    "class": "o.s.w.s.m.m.a.RequestResponseBodyMethodProcessor",
                    "message": "Writing [com.zbkj.common.response.CommonResult@513ff219]" }
                    
{
                    "app": "Crmeb",
                    "timestamp":"2025-09-23 18:41:17.385",
                    "level": "DEBUG",
                    "thread": "http-nio-8081-exec-7",
                    "class": "o.s.w.s.m.m.a.RequestResponseBodyMethodProcessor",
                    "message": "Writing [com.zbkj.common.response.CommonResult@10235294]" }
                    
{
                    "app": "Crmeb",
                    "timestamp":"2025-09-23 18:41:17.385",
                    "level": "DEBUG",
                    "thread": "http-nio-8081-exec-14",
                    "class": "o.s.web.servlet.DispatcherServlet",
                    "message": "Completed 200 OK" }
                    
{
                    "app": "Crmeb",
                    "timestamp":"2025-09-23 18:41:17.385",
                    "level": "DEBUG",
                    "thread": "http-nio-8081-exec-3",
                    "class": "o.s.web.servlet.DispatcherServlet",
                    "message": "Completed 200 OK" }
                    
{
                    "app": "Crmeb",
                    "timestamp":"2025-09-23 18:41:17.386",
                    "level": "DEBUG",
                    "thread": "http-nio-8081-exec-7",
                    "class": "o.s.web.servlet.DispatcherServlet",
                    "message": "Completed 200 OK" }
                    
{
                    "app": "Crmeb",
                    "timestamp":"2025-09-23 18:41:17.390",
                    "level": "DEBUG",
                    "thread": "http-nio-8081-exec-28",
                    "class": "o.s.w.s.m.m.a.RequestResponseBodyMethodProcessor",
                    "message": "Using 'application/json', given [application/json, text/plain, */*] and supported [application/json, application/*+json, application/json, application/*+json]" }
                    
{
                    "app": "Crmeb",
                    "timestamp":"2025-09-23 18:41:17.390",
                    "level": "DEBUG",
                    "thread": "http-nio-8081-exec-28",
                    "class": "o.s.w.s.m.m.a.RequestResponseBodyMethodProcessor",
                    "message": "Writing [com.zbkj.common.response.CommonResult@4d88dd1f]" }
                    
{
                    "app": "Crmeb",
                    "timestamp":"2025-09-23 18:41:17.391",
                    "level": "DEBUG",
                    "thread": "http-nio-8081-exec-28",
                    "class": "o.s.web.servlet.DispatcherServlet",
                    "message": "Completed 200 OK" }
                    
{
                    "app": "Crmeb",
                    "timestamp":"2025-09-23 18:41:17.393",
                    "level": "DEBUG",
                    "thread": "http-nio-8081-exec-16",
                    "class": "o.s.w.s.m.m.a.RequestResponseBodyMethodProcessor",
                    "message": "Using 'application/json', given [application/json, text/plain, */*] and supported [application/json, application/*+json, application/json, application/*+json]" }
                    
{
                    "app": "Crmeb",
                    "timestamp":"2025-09-23 18:41:17.393",
                    "level": "DEBUG",
                    "thread": "http-nio-8081-exec-16",
                    "class": "o.s.w.s.m.m.a.RequestResponseBodyMethodProcessor",
                    "message": "Writing [com.zbkj.common.response.CommonResult@43fa995a]" }
                    
{
                    "app": "Crmeb",
                    "timestamp":"2025-09-23 18:41:17.393",
                    "level": "DEBUG",
                    "thread": "http-nio-8081-exec-16",
                    "class": "o.s.web.servlet.DispatcherServlet",
                    "message": "Completed 200 OK" }
                    
{
                    "app": "Crmeb",
                    "timestamp":"2025-09-23 18:41:22.727",
                    "level": "DEBUG",
                    "thread": "http-nio-8081-exec-4",
                    "class": "o.s.web.servlet.DispatcherServlet",
                    "message": "GET "/api/front/product/reply/list/15?page=1&limit=20&type=1", parameters={masked}" }
                    
{
                    "app": "Crmeb",
                    "timestamp":"2025-09-23 18:41:22.728",
                    "level": "DEBUG",
                    "thread": "http-nio-8081-exec-4",
                    "class": "o.s.w.s.m.m.a.RequestMappingHandlerMapping",
                    "message": "Mapped to com.zbkj.front.controller.ProductController#getReplyList(Integer, Integer, PageParamRequest)" }
                    
{
                    "app": "Crmeb",
                    "timestamp":"2025-09-23 18:41:22.733",
                    "level": "DEBUG",
                    "thread": "http-nio-8081-exec-4",
                    "class": "o.s.w.s.m.m.a.RequestResponseBodyMethodProcessor",
                    "message": "Using 'application/json', given [application/json, text/plain, */*] and supported [application/json, application/*+json, application/json, application/*+json]" }
                    
{
                    "app": "Crmeb",
                    "timestamp":"2025-09-23 18:41:22.733",
                    "level": "DEBUG",
                    "thread": "http-nio-8081-exec-4",
                    "class": "o.s.w.s.m.m.a.RequestResponseBodyMethodProcessor",
                    "message": "Writing [com.zbkj.common.response.CommonResult@396fe873]" }
                    
{
                    "app": "Crmeb",
                    "timestamp":"2025-09-23 18:41:22.733",
                    "level": "DEBUG",
                    "thread": "http-nio-8081-exec-4",
                    "class": "o.s.web.servlet.DispatcherServlet",
                    "message": "Completed 200 OK" }
                    
{
                    "app": "Crmeb",
                    "timestamp":"2025-09-23 18:41:23.296",
                    "level": "DEBUG",
                    "thread": "http-nio-8081-exec-15",
                    "class": "o.s.web.servlet.DispatcherServlet",
                    "message": "GET "/api/front/product/reply/list/15?page=1&limit=20&type=0", parameters={masked}" }
                    
{
                    "app": "Crmeb",
                    "timestamp":"2025-09-23 18:41:23.297",
                    "level": "DEBUG",
                    "thread": "http-nio-8081-exec-15",
                    "class": "o.s.w.s.m.m.a.RequestMappingHandlerMapping",
                    "message": "Mapped to com.zbkj.front.controller.ProductController#getReplyList(Integer, Integer, PageParamRequest)" }
                    
{
                    "app": "Crmeb",
                    "timestamp":"2025-09-23 18:41:23.300",
                    "level": "DEBUG",
                    "thread": "http-nio-8081-exec-15",
                    "class": "o.s.w.s.m.m.a.RequestResponseBodyMethodProcessor",
                    "message": "Using 'application/json', given [application/json, text/plain, */*] and supported [application/json, application/*+json, application/json, application/*+json]" }
                    
{
                    "app": "Crmeb",
                    "timestamp":"2025-09-23 18:41:23.300",
                    "level": "DEBUG",
                    "thread": "http-nio-8081-exec-15",
                    "class": "o.s.w.s.m.m.a.RequestResponseBodyMethodProcessor",
                    "message": "Writing [com.zbkj.common.response.CommonResult@374d50b0]" }
                    
{
                    "app": "Crmeb",
                    "timestamp":"2025-09-23 18:41:23.300",
                    "level": "DEBUG",
                    "thread": "http-nio-8081-exec-15",
                    "class": "o.s.web.servlet.DispatcherServlet",
                    "message": "Completed 200 OK" }
                    
{
                    "app": "Crmeb",
                    "timestamp":"2025-09-23 18:42:50.344",
                    "level": "DEBUG",
                    "thread": "http-nio-8081-exec-23",
                    "class": "o.s.web.servlet.DispatcherServlet",
                    "message": "GET "/api/front/product/leaderboard", parameters={}" }
                    
{
                    "app": "Crmeb",
                    "timestamp":"2025-09-23 18:42:50.345",
                    "level": "DEBUG",
                    "thread": "http-nio-8081-exec-26",
                    "class": "o.s.web.servlet.DispatcherServlet",
                    "message": "GET "/api/front/merchant/street", parameters={}" }
                    
{
                    "app": "Crmeb",
                    "timestamp":"2025-09-23 18:42:50.345",
                    "level": "DEBUG",
                    "thread": "http-nio-8081-exec-27",
                    "class": "o.s.web.servlet.DispatcherServlet",
                    "message": "GET "/api/front/index/product?page=1&limit=13", parameters={masked}" }
                    
{
                    "app": "Crmeb",
                    "timestamp":"2025-09-23 18:42:50.345",
                    "level": "DEBUG",
                    "thread": "http-nio-8081-exec-22",
                    "class": "o.s.web.servlet.DispatcherServlet",
                    "message": "GET "/api/front/activity/index/list", parameters={}" }
                    
{
                    "app": "Crmeb",
                    "timestamp":"2025-09-23 18:42:50.345",
                    "level": "DEBUG",
                    "thread": "http-nio-8081-exec-13",
                    "class": "o.s.web.servlet.DispatcherServlet",
                    "message": "GET "/api/pc/home/index", parameters={}" }
                    
{
                    "app": "Crmeb",
                    "timestamp":"2025-09-23 18:42:50.345",
                    "level": "DEBUG",
                    "thread": "http-nio-8081-exec-23",
                    "class": "o.s.w.s.m.m.a.RequestMappingHandlerMapping",
                    "message": "Mapped to com.zbkj.front.controller.ProductController#getLeaderboard()" }
                    
{
                    "app": "Crmeb",
                    "timestamp":"2025-09-23 18:42:50.346",
                    "level": "DEBUG",
                    "thread": "http-nio-8081-exec-26",
                    "class": "o.s.w.s.m.m.a.RequestMappingHandlerMapping",
                    "message": "Mapped to com.zbkj.front.controller.MerchantController#getStreet(PageParamRequest)" }
                    
{
                    "app": "Crmeb",
                    "timestamp":"2025-09-23 18:42:50.346",
                    "level": "DEBUG",
                    "thread": "http-nio-8081-exec-27",
                    "class": "o.s.w.s.m.m.a.RequestMappingHandlerMapping",
                    "message": "Mapped to com.zbkj.front.controller.IndexController#getProductList(PageParamRequest)" }
                    
{
                    "app": "Crmeb",
                    "timestamp":"2025-09-23 18:42:50.346",
                    "level": "DEBUG",
                    "thread": "http-nio-8081-exec-22",
                    "class": "o.s.w.s.m.m.a.RequestMappingHandlerMapping",
                    "message": "Mapped to com.zbkj.front.controller.ActivityController#getIndexList()" }
                    
{
                    "app": "Crmeb",
                    "timestamp":"2025-09-23 18:42:50.346",
                    "level": "DEBUG",
                    "thread": "http-nio-8081-exec-13",
                    "class": "o.s.w.s.m.m.a.RequestMappingHandlerMapping",
                    "message": "Mapped to com.zbkj.front.pc.controller.PcIndexController#getIndexInfo()" }
                    
{
                    "app": "Crmeb",
                    "timestamp":"2025-09-23 18:42:50.356",
                    "level": "DEBUG",
                    "thread": "http-nio-8081-exec-23",
                    "class": "o.s.w.s.m.m.a.RequestResponseBodyMethodProcessor",
                    "message": "Using 'application/json', given [application/json, text/plain, */*] and supported [application/json, application/*+json, application/json, application/*+json]" }
                    
{
                    "app": "Crmeb",
                    "timestamp":"2025-09-23 18:42:50.356",
                    "level": "DEBUG",
                    "thread": "http-nio-8081-exec-23",
                    "class": "o.s.w.s.m.m.a.RequestResponseBodyMethodProcessor",
                    "message": "Writing [com.zbkj.common.response.CommonResult@57252612]" }
                    
{
                    "app": "Crmeb",
                    "timestamp":"2025-09-23 18:42:50.357",
                    "level": "DEBUG",
                    "thread": "http-nio-8081-exec-23",
                    "class": "o.s.web.servlet.DispatcherServlet",
                    "message": "Completed 200 OK" }
                    
{
                    "app": "Crmeb",
                    "timestamp":"2025-09-23 18:42:50.362",
                    "level": "DEBUG",
                    "thread": "http-nio-8081-exec-27",
                    "class": "o.s.w.s.m.m.a.RequestResponseBodyMethodProcessor",
                    "message": "Using 'application/json', given [application/json, text/plain, */*] and supported [application/json, application/*+json, application/json, application/*+json]" }
                    
{
                    "app": "Crmeb",
                    "timestamp":"2025-09-23 18:42:50.362",
                    "level": "DEBUG",
                    "thread": "http-nio-8081-exec-27",
                    "class": "o.s.w.s.m.m.a.RequestResponseBodyMethodProcessor",
                    "message": "Writing [com.zbkj.common.response.CommonResult@151f5d07]" }
                    
{
                    "app": "Crmeb",
                    "timestamp":"2025-09-23 18:42:50.363",
                    "level": "DEBUG",
                    "thread": "http-nio-8081-exec-27",
                    "class": "o.s.web.servlet.DispatcherServlet",
                    "message": "Completed 200 OK" }
                    
{
                    "app": "Crmeb",
                    "timestamp":"2025-09-23 18:42:50.367",
                    "level": "DEBUG",
                    "thread": "http-nio-8081-exec-26",
                    "class": "o.s.w.s.m.m.a.RequestResponseBodyMethodProcessor",
                    "message": "Using 'application/json', given [application/json, text/plain, */*] and supported [application/json, application/*+json, application/json, application/*+json]" }
                    
{
                    "app": "Crmeb",
                    "timestamp":"2025-09-23 18:42:50.368",
                    "level": "DEBUG",
                    "thread": "http-nio-8081-exec-26",
                    "class": "o.s.w.s.m.m.a.RequestResponseBodyMethodProcessor",
                    "message": "Writing [com.zbkj.common.response.CommonResult@68e38bfa]" }
                    
{
                    "app": "Crmeb",
                    "timestamp":"2025-09-23 18:42:50.368",
                    "level": "DEBUG",
                    "thread": "http-nio-8081-exec-26",
                    "class": "o.s.web.servlet.DispatcherServlet",
                    "message": "Completed 200 OK" }
                    
{
                    "app": "Crmeb",
                    "timestamp":"2025-09-23 18:42:50.383",
                    "level": "DEBUG",
                    "thread": "http-nio-8081-exec-22",
                    "class": "o.s.w.s.m.m.a.RequestResponseBodyMethodProcessor",
                    "message": "Using 'application/json', given [application/json, text/plain, */*] and supported [application/json, application/*+json, application/json, application/*+json]" }
                    
{
                    "app": "Crmeb",
                    "timestamp":"2025-09-23 18:42:50.383",
                    "level": "DEBUG",
                    "thread": "http-nio-8081-exec-22",
                    "class": "o.s.w.s.m.m.a.RequestResponseBodyMethodProcessor",
                    "message": "Writing [com.zbkj.common.response.CommonResult@6a4ce7b8]" }
                    
{
                    "app": "Crmeb",
                    "timestamp":"2025-09-23 18:42:50.383",
                    "level": "DEBUG",
                    "thread": "http-nio-8081-exec-22",
                    "class": "o.s.web.servlet.DispatcherServlet",
                    "message": "Completed 200 OK" }
                    
{
                    "app": "Crmeb",
                    "timestamp":"2025-09-23 18:42:50.385",
                    "level": "DEBUG",
                    "thread": "http-nio-8081-exec-13",
                    "class": "o.s.w.s.m.m.a.RequestResponseBodyMethodProcessor",
                    "message": "Using 'application/json', given [application/json, text/plain, */*] and supported [application/json, application/*+json, application/json, application/*+json]" }
                    
{
                    "app": "Crmeb",
                    "timestamp":"2025-09-23 18:42:50.385",
                    "level": "DEBUG",
                    "thread": "http-nio-8081-exec-13",
                    "class": "o.s.w.s.m.m.a.RequestResponseBodyMethodProcessor",
                    "message": "Writing [com.zbkj.common.response.CommonResult@7d7601d3]" }
                    
{
                    "app": "Crmeb",
                    "timestamp":"2025-09-23 18:42:50.386",
                    "level": "DEBUG",
                    "thread": "http-nio-8081-exec-13",
                    "class": "o.s.web.servlet.DispatcherServlet",
                    "message": "Completed 200 OK" }
                    
{
                    "app": "Crmeb",
                    "timestamp":"2025-09-23 18:42:50.388",
                    "level": "DEBUG",
                    "thread": "http-nio-8081-exec-21",
                    "class": "o.s.web.servlet.DispatcherServlet",
                    "message": "GET "/api/front/activity/index/list", parameters={}" }
                    
{
                    "app": "Crmeb",
                    "timestamp":"2025-09-23 18:42:50.389",
                    "level": "DEBUG",
                    "thread": "http-nio-8081-exec-21",
                    "class": "o.s.w.s.m.m.a.RequestMappingHandlerMapping",
                    "message": "Mapped to com.zbkj.front.controller.ActivityController#getIndexList()" }
                    
{
                    "app": "Crmeb",
                    "timestamp":"2025-09-23 18:42:50.401",
                    "level": "DEBUG",
                    "thread": "http-nio-8081-exec-21",
                    "class": "o.s.w.s.m.m.a.RequestResponseBodyMethodProcessor",
                    "message": "Using 'application/json', given [application/json, text/plain, */*] and supported [application/json, application/*+json, application/json, application/*+json]" }
                    
{
                    "app": "Crmeb",
                    "timestamp":"2025-09-23 18:42:50.401",
                    "level": "DEBUG",
                    "thread": "http-nio-8081-exec-21",
                    "class": "o.s.w.s.m.m.a.RequestResponseBodyMethodProcessor",
                    "message": "Writing [com.zbkj.common.response.CommonResult@62242264]" }
                    
{
                    "app": "Crmeb",
                    "timestamp":"2025-09-23 18:42:50.401",
                    "level": "DEBUG",
                    "thread": "http-nio-8081-exec-21",
                    "class": "o.s.web.servlet.DispatcherServlet",
                    "message": "Completed 200 OK" }
                    
{
                    "app": "Crmeb",
                    "timestamp":"2025-09-23 18:42:50.414",
                    "level": "DEBUG",
                    "thread": "http-nio-8081-exec-3",
                    "class": "o.s.web.servlet.DispatcherServlet",
                    "message": "GET "/api/front/cart/count?numType=true&type=total", parameters={masked}" }
                    
{
                    "app": "Crmeb",
                    "timestamp":"2025-09-23 18:42:50.414",
                    "level": "DEBUG",
                    "thread": "http-nio-8081-exec-6",
                    "class": "o.s.web.servlet.DispatcherServlet",
                    "message": "GET "/api/front/user/menu/user", parameters={}" }
                    
{
                    "app": "Crmeb",
                    "timestamp":"2025-09-23 18:42:50.415",
                    "level": "DEBUG",
                    "thread": "http-nio-8081-exec-3",
                    "class": "o.s.w.s.m.m.a.RequestMappingHandlerMapping",
                    "message": "Mapped to com.zbkj.front.controller.CartController#count(CartNumRequest)" }
                    
{
                    "app": "Crmeb",
                    "timestamp":"2025-09-23 18:42:50.415",
                    "level": "DEBUG",
                    "thread": "http-nio-8081-exec-6",
                    "class": "o.s.w.s.m.m.a.RequestMappingHandlerMapping",
                    "message": "Mapped to com.zbkj.front.controller.UserController#getMenuUser()" }
                    
{
                    "app": "Crmeb",
                    "timestamp":"2025-09-23 18:42:50.418",
                    "level": "DEBUG",
                    "thread": "http-nio-8081-exec-3",
                    "class": "o.s.w.s.m.m.a.RequestResponseBodyMethodProcessor",
                    "message": "Using 'application/json', given [application/json, text/plain, */*] and supported [application/json, application/*+json, application/json, application/*+json]" }
                    
{
                    "app": "Crmeb",
                    "timestamp":"2025-09-23 18:42:50.418",
                    "level": "DEBUG",
                    "thread": "http-nio-8081-exec-3",
                    "class": "o.s.w.s.m.m.a.RequestResponseBodyMethodProcessor",
                    "message": "Writing [com.zbkj.common.response.CommonResult@7c36af2f]" }
                    
{
                    "app": "Crmeb",
                    "timestamp":"2025-09-23 18:42:50.418",
                    "level": "DEBUG",
                    "thread": "http-nio-8081-exec-3",
                    "class": "o.s.web.servlet.DispatcherServlet",
                    "message": "Completed 200 OK" }
                    
{
                    "app": "Crmeb",
                    "timestamp":"2025-09-23 18:42:50.424",
                    "level": "DEBUG",
                    "thread": "http-nio-8081-exec-6",
                    "class": "o.s.w.s.m.m.a.RequestResponseBodyMethodProcessor",
                    "message": "Using 'application/json', given [application/json, text/plain, */*] and supported [application/json, application/*+json, application/json, application/*+json]" }
                    
{
                    "app": "Crmeb",
                    "timestamp":"2025-09-23 18:42:50.424",
                    "level": "DEBUG",
                    "thread": "http-nio-8081-exec-6",
                    "class": "o.s.w.s.m.m.a.RequestResponseBodyMethodProcessor",
                    "message": "Writing [com.zbkj.common.response.CommonResult@61bb67ea]" }
                    
{
                    "app": "Crmeb",
                    "timestamp":"2025-09-23 18:42:50.424",
                    "level": "DEBUG",
                    "thread": "http-nio-8081-exec-6",
                    "class": "o.s.web.servlet.DispatcherServlet",
                    "message": "Completed 200 OK" }
                    
{
                    "app": "Crmeb",
                    "timestamp":"2025-09-23 18:42:50.452",
                    "level": "DEBUG",
                    "thread": "http-nio-8081-exec-14",
                    "class": "o.s.web.servlet.DispatcherServlet",
                    "message": "GET "/api/front/index/product?page=1&limit=13", parameters={masked}" }
                    
{
                    "app": "Crmeb",
                    "timestamp":"2025-09-23 18:42:50.453",
                    "level": "DEBUG",
                    "thread": "http-nio-8081-exec-14",
                    "class": "o.s.w.s.m.m.a.RequestMappingHandlerMapping",
                    "message": "Mapped to com.zbkj.front.controller.IndexController#getProductList(PageParamRequest)" }
                    
{
                    "app": "Crmeb",
                    "timestamp":"2025-09-23 18:42:50.465",
                    "level": "DEBUG",
                    "thread": "http-nio-8081-exec-14",
                    "class": "o.s.w.s.m.m.a.RequestResponseBodyMethodProcessor",
                    "message": "Using 'application/json', given [application/json, text/plain, */*] and supported [application/json, application/*+json, application/json, application/*+json]" }
                    
{
                    "app": "Crmeb",
                    "timestamp":"2025-09-23 18:42:50.465",
                    "level": "DEBUG",
                    "thread": "http-nio-8081-exec-14",
                    "class": "o.s.w.s.m.m.a.RequestResponseBodyMethodProcessor",
                    "message": "Writing [com.zbkj.common.response.CommonResult@566505f6]" }
                    
{
                    "app": "Crmeb",
                    "timestamp":"2025-09-23 18:42:50.465",
                    "level": "DEBUG",
                    "thread": "http-nio-8081-exec-14",
                    "class": "o.s.web.servlet.DispatcherServlet",
                    "message": "Completed 200 OK" }
                    
{
                    "app": "Crmeb",
                    "timestamp":"2025-09-23 18:42:51.652",
                    "level": "DEBUG",
                    "thread": "http-nio-8081-exec-28",
                    "class": "o.s.web.servlet.DispatcherServlet",
                    "message": "GET "/api/front/product/detail/8", parameters={}" }
                    
{
                    "app": "Crmeb",
                    "timestamp":"2025-09-23 18:42:51.652",
                    "level": "DEBUG",
                    "thread": "http-nio-8081-exec-28",
                    "class": "o.s.w.s.m.m.a.RequestMappingHandlerMapping",
                    "message": "Mapped to com.zbkj.front.controller.ProductController#getDetail(Integer)" }
                    
{
                    "app": "Crmeb",
                    "timestamp":"2025-09-23 18:42:51.669",
                    "level": "DEBUG",
                    "thread": "http-nio-8081-exec-28",
                    "class": "o.s.w.s.m.m.a.RequestResponseBodyMethodProcessor",
                    "message": "Using 'application/json', given [application/json, text/plain, */*] and supported [application/json, application/*+json, application/json, application/*+json]" }
                    
{
                    "app": "Crmeb",
                    "timestamp":"2025-09-23 18:42:51.669",
                    "level": "DEBUG",
                    "thread": "http-nio-8081-exec-28",
                    "class": "o.s.w.s.m.m.a.RequestResponseBodyMethodProcessor",
                    "message": "Writing [com.zbkj.common.response.CommonResult@9eff0a5]" }
                    
{
                    "app": "Crmeb",
                    "timestamp":"2025-09-23 18:42:51.670",
                    "level": "DEBUG",
                    "thread": "http-nio-8081-exec-28",
                    "class": "o.s.web.servlet.DispatcherServlet",
                    "message": "Completed 200 OK" }
                    
{
                    "app": "Crmeb",
                    "timestamp":"2025-09-23 18:42:51.682",
                    "level": "DEBUG",
                    "thread": "http-nio-8081-exec-16",
                    "class": "o.s.web.servlet.DispatcherServlet",
                    "message": "GET "/api/front/user/menu/user", parameters={}" }
                    
{
                    "app": "Crmeb",
                    "timestamp":"2025-09-23 18:42:51.683",
                    "level": "DEBUG",
                    "thread": "http-nio-8081-exec-16",
                    "class": "o.s.w.s.m.m.a.RequestMappingHandlerMapping",
                    "message": "Mapped to com.zbkj.front.controller.UserController#getMenuUser()" }
                    
{
                    "app": "Crmeb",
                    "timestamp":"2025-09-23 18:42:51.684",
                    "level": "DEBUG",
                    "thread": "http-nio-8081-exec-1",
                    "class": "o.s.web.servlet.DispatcherServlet",
                    "message": "GET "/api/front/cart/count?numType=true&type=total", parameters={masked}" }
                    
{
                    "app": "Crmeb",
                    "timestamp":"2025-09-23 18:42:51.685",
                    "level": "DEBUG",
                    "thread": "http-nio-8081-exec-1",
                    "class": "o.s.w.s.m.m.a.RequestMappingHandlerMapping",
                    "message": "Mapped to com.zbkj.front.controller.CartController#count(CartNumRequest)" }
                    
{
                    "app": "Crmeb",
                    "timestamp":"2025-09-23 18:42:51.688",
                    "level": "DEBUG",
                    "thread": "http-nio-8081-exec-1",
                    "class": "o.s.w.s.m.m.a.RequestResponseBodyMethodProcessor",
                    "message": "Using 'application/json', given [application/json, text/plain, */*] and supported [application/json, application/*+json, application/json, application/*+json]" }
                    
{
                    "app": "Crmeb",
                    "timestamp":"2025-09-23 18:42:51.689",
                    "level": "DEBUG",
                    "thread": "http-nio-8081-exec-1",
                    "class": "o.s.w.s.m.m.a.RequestResponseBodyMethodProcessor",
                    "message": "Writing [com.zbkj.common.response.CommonResult@7b28bb01]" }
                    
{
                    "app": "Crmeb",
                    "timestamp":"2025-09-23 18:42:51.689",
                    "level": "DEBUG",
                    "thread": "http-nio-8081-exec-1",
                    "class": "o.s.web.servlet.DispatcherServlet",
                    "message": "Completed 200 OK" }
                    
{
                    "app": "Crmeb",
                    "timestamp":"2025-09-23 18:42:51.694",
                    "level": "DEBUG",
                    "thread": "http-nio-8081-exec-16",
                    "class": "o.s.w.s.m.m.a.RequestResponseBodyMethodProcessor",
                    "message": "Using 'application/json', given [application/json, text/plain, */*] and supported [application/json, application/*+json, application/json, application/*+json]" }
                    
{
                    "app": "Crmeb",
                    "timestamp":"2025-09-23 18:42:51.694",
                    "level": "DEBUG",
                    "thread": "http-nio-8081-exec-16",
                    "class": "o.s.w.s.m.m.a.RequestResponseBodyMethodProcessor",
                    "message": "Writing [com.zbkj.common.response.CommonResult@51b8c4af]" }
                    
{
                    "app": "Crmeb",
                    "timestamp":"2025-09-23 18:42:51.694",
                    "level": "DEBUG",
                    "thread": "http-nio-8081-exec-16",
                    "class": "o.s.web.servlet.DispatcherServlet",
                    "message": "Completed 200 OK" }
                    
{
                    "app": "Crmeb",
                    "timestamp":"2025-09-23 18:42:51.715",
                    "level": "DEBUG",
                    "thread": "http-nio-8081-exec-11",
                    "class": "o.s.web.servlet.DispatcherServlet",
                    "message": "GET "/api/front/cart/count?type=total&numType=true", parameters={masked}" }
                    
{
                    "app": "Crmeb",
                    "timestamp":"2025-09-23 18:42:51.715",
                    "level": "DEBUG",
                    "thread": "http-nio-8081-exec-17",
                    "class": "o.s.web.servlet.DispatcherServlet",
                    "message": "GET "/api/front/coupons?merId=2&productId=8&useType=2&page=1&limit=20", parameters={masked}" }
                    
{
                    "app": "Crmeb",
                    "timestamp":"2025-09-23 18:42:51.715",
                    "level": "DEBUG",
                    "thread": "http-nio-8081-exec-29",
                    "class": "o.s.web.servlet.DispatcherServlet",
                    "message": "GET "/api/front/merchant/customer/service/info/2", parameters={}" }
                    
{
                    "app": "Crmeb",
                    "timestamp":"2025-09-23 18:42:51.715",
                    "level": "DEBUG",
                    "thread": "http-nio-8081-exec-25",
                    "class": "o.s.web.servlet.DispatcherServlet",
                    "message": "GET "/api/front/merchant/all/type/list", parameters={}" }
                    
{
                    "app": "Crmeb",
                    "timestamp":"2025-09-23 18:42:51.715",
                    "level": "DEBUG",
                    "thread": "http-nio-8081-exec-10",
                    "class": "o.s.web.servlet.DispatcherServlet",
                    "message": "GET "/api/front/product/reply/list/8?page=1&limit=20&type=0", parameters={masked}" }
                    
{
                    "app": "Crmeb",
                    "timestamp":"2025-09-23 18:42:51.715",
                    "level": "DEBUG",
                    "thread": "http-nio-8081-exec-19",
                    "class": "o.s.web.servlet.DispatcherServlet",
                    "message": "GET "/api/front/product/reply/config/8", parameters={}" }
                    
{
                    "app": "Crmeb",
                    "timestamp":"2025-09-23 18:42:51.715",
                    "level": "DEBUG",
                    "thread": "http-nio-8081-exec-11",
                    "class": "o.s.w.s.m.m.a.RequestMappingHandlerMapping",
                    "message": "Mapped to com.zbkj.front.controller.CartController#count(CartNumRequest)" }
                    
{
                    "app": "Crmeb",
                    "timestamp":"2025-09-23 18:42:51.715",
                    "level": "DEBUG",
                    "thread": "http-nio-8081-exec-17",
                    "class": "o.s.w.s.m.m.a.RequestMappingHandlerMapping",
                    "message": "Mapped to com.zbkj.front.controller.CouponController#getList(CouponSearchRequest, PageParamRequest)" }
                    
{
                    "app": "Crmeb",
                    "timestamp":"2025-09-23 18:42:51.716",
                    "level": "DEBUG",
                    "thread": "http-nio-8081-exec-25",
                    "class": "o.s.w.s.m.m.a.RequestMappingHandlerMapping",
                    "message": "Mapped to com.zbkj.front.controller.MerchantController#allTypeList()" }
                    
{
                    "app": "Crmeb",
                    "timestamp":"2025-09-23 18:42:51.716",
                    "level": "DEBUG",
                    "thread": "http-nio-8081-exec-29",
                    "class": "o.s.w.s.m.m.a.RequestMappingHandlerMapping",
                    "message": "Mapped to com.zbkj.front.controller.MerchantController#getCustomerServiceInfo(Integer)" }
                    
{
                    "app": "Crmeb",
                    "timestamp":"2025-09-23 18:42:51.716",
                    "level": "DEBUG",
                    "thread": "http-nio-8081-exec-10",
                    "class": "o.s.w.s.m.m.a.RequestMappingHandlerMapping",
                    "message": "Mapped to com.zbkj.front.controller.ProductController#getReplyList(Integer, Integer, PageParamRequest)" }
                    
{
                    "app": "Crmeb",
                    "timestamp":"2025-09-23 18:42:51.716",
                    "level": "DEBUG",
                    "thread": "http-nio-8081-exec-19",
                    "class": "o.s.w.s.m.m.a.RequestMappingHandlerMapping",
                    "message": "Mapped to com.zbkj.front.controller.ProductController#getReplyCount(Integer)" }
                    
{
                    "app": "Crmeb",
                    "timestamp":"2025-09-23 18:42:51.728",
                    "level": "DEBUG",
                    "thread": "http-nio-8081-exec-11",
                    "class": "o.s.w.s.m.m.a.RequestResponseBodyMethodProcessor",
                    "message": "Using 'application/json', given [application/json, text/plain, */*] and supported [application/json, application/*+json, application/json, application/*+json]" }
                    
{
                    "app": "Crmeb",
                    "timestamp":"2025-09-23 18:42:51.728",
                    "level": "DEBUG",
                    "thread": "http-nio-8081-exec-11",
                    "class": "o.s.w.s.m.m.a.RequestResponseBodyMethodProcessor",
                    "message": "Writing [com.zbkj.common.response.CommonResult@7501ff91]" }
                    
{
                    "app": "Crmeb",
                    "timestamp":"2025-09-23 18:42:51.729",
                    "level": "DEBUG",
                    "thread": "http-nio-8081-exec-11",
                    "class": "o.s.web.servlet.DispatcherServlet",
                    "message": "Completed 200 OK" }
                    
{
                    "app": "Crmeb",
                    "timestamp":"2025-09-23 18:42:51.730",
                    "level": "DEBUG",
                    "thread": "http-nio-8081-exec-25",
                    "class": "o.s.w.s.m.m.a.RequestResponseBodyMethodProcessor",
                    "message": "Using 'application/json', given [application/json, text/plain, */*] and supported [application/json, application/*+json, application/json, application/*+json]" }
                    
{
                    "app": "Crmeb",
                    "timestamp":"2025-09-23 18:42:51.730",
                    "level": "DEBUG",
                    "thread": "http-nio-8081-exec-25",
                    "class": "o.s.w.s.m.m.a.RequestResponseBodyMethodProcessor",
                    "message": "Writing [com.zbkj.common.response.CommonResult@3e7df1c3]" }
                    
{
                    "app": "Crmeb",
                    "timestamp":"2025-09-23 18:42:51.731",
                    "level": "DEBUG",
                    "thread": "http-nio-8081-exec-25",
                    "class": "o.s.web.servlet.DispatcherServlet",
                    "message": "Completed 200 OK" }
                    
{
                    "app": "Crmeb",
                    "timestamp":"2025-09-23 18:42:51.731",
                    "level": "DEBUG",
                    "thread": "http-nio-8081-exec-10",
                    "class": "o.s.w.s.m.m.a.RequestResponseBodyMethodProcessor",
                    "message": "Using 'application/json', given [application/json, text/plain, */*] and supported [application/json, application/*+json, application/json, application/*+json]" }
                    
{
                    "app": "Crmeb",
                    "timestamp":"2025-09-23 18:42:51.731",
                    "level": "DEBUG",
                    "thread": "http-nio-8081-exec-10",
                    "class": "o.s.w.s.m.m.a.RequestResponseBodyMethodProcessor",
                    "message": "Writing [com.zbkj.common.response.CommonResult@54a9a0a4]" }
                    
{
                    "app": "Crmeb",
                    "timestamp":"2025-09-23 18:42:51.761",
                    "level": "DEBUG",
                    "thread": "http-nio-8081-exec-10",
                    "class": "o.s.web.servlet.DispatcherServlet",
                    "message": "Completed 200 OK" }
                    
{
                    "app": "Crmeb",
                    "timestamp":"2025-09-23 18:42:51.762",
                    "level": "DEBUG",
                    "thread": "http-nio-8081-exec-29",
                    "class": "o.s.w.s.m.m.a.RequestResponseBodyMethodProcessor",
                    "message": "Using 'application/json', given [application/json, text/plain, */*] and supported [application/json, application/*+json, application/json, application/*+json]" }
                    
{
                    "app": "Crmeb",
                    "timestamp":"2025-09-23 18:42:51.762",
                    "level": "DEBUG",
                    "thread": "http-nio-8081-exec-29",
                    "class": "o.s.w.s.m.m.a.RequestResponseBodyMethodProcessor",
                    "message": "Writing [com.zbkj.common.response.CommonResult@478d101c]" }
                    
{
                    "app": "Crmeb",
                    "timestamp":"2025-09-23 18:42:51.762",
                    "level": "DEBUG",
                    "thread": "http-nio-8081-exec-29",
                    "class": "o.s.web.servlet.DispatcherServlet",
                    "message": "Completed 200 OK" }
                    
{
                    "app": "Crmeb",
                    "timestamp":"2025-09-23 18:42:51.766",
                    "level": "DEBUG",
                    "thread": "http-nio-8081-exec-17",
                    "class": "o.s.w.s.m.m.a.RequestResponseBodyMethodProcessor",
                    "message": "Using 'application/json', given [application/json, text/plain, */*] and supported [application/json, application/*+json, application/json, application/*+json]" }
                    
{
                    "app": "Crmeb",
                    "timestamp":"2025-09-23 18:42:51.766",
                    "level": "DEBUG",
                    "thread": "http-nio-8081-exec-19",
                    "class": "o.s.w.s.m.m.a.RequestResponseBodyMethodProcessor",
                    "message": "Using 'application/json', given [application/json, text/plain, */*] and supported [application/json, application/*+json, application/json, application/*+json]" }
                    
{
                    "app": "Crmeb",
                    "timestamp":"2025-09-23 18:42:51.766",
                    "level": "DEBUG",
                    "thread": "http-nio-8081-exec-17",
                    "class": "o.s.w.s.m.m.a.RequestResponseBodyMethodProcessor",
                    "message": "Writing [com.zbkj.common.response.CommonResult@2fd890a9]" }
                    
{
                    "app": "Crmeb",
                    "timestamp":"2025-09-23 18:42:51.766",
                    "level": "DEBUG",
                    "thread": "http-nio-8081-exec-19",
                    "class": "o.s.w.s.m.m.a.RequestResponseBodyMethodProcessor",
                    "message": "Writing [com.zbkj.common.response.CommonResult@7353787d]" }
                    
{
                    "app": "Crmeb",
                    "timestamp":"2025-09-23 18:42:51.767",
                    "level": "DEBUG",
                    "thread": "http-nio-8081-exec-17",
                    "class": "o.s.web.servlet.DispatcherServlet",
                    "message": "Completed 200 OK" }
                    
{
                    "app": "Crmeb",
                    "timestamp":"2025-09-23 18:42:51.767",
                    "level": "DEBUG",
                    "thread": "http-nio-8081-exec-19",
                    "class": "o.s.web.servlet.DispatcherServlet",
                    "message": "Completed 200 OK" }
                    
{
                    "app": "Crmeb",
                    "timestamp":"2025-09-23 18:42:56.763",
                    "level": "DEBUG",
                    "thread": "http-nio-8081-exec-22",
                    "class": "o.s.web.servlet.DispatcherServlet",
                    "message": "GET "/api/front/merchant/street", parameters={}" }
                    
{
                    "app": "Crmeb",
                    "timestamp":"2025-09-23 18:42:56.763",
                    "level": "DEBUG",
                    "thread": "http-nio-8081-exec-13",
                    "class": "o.s.web.servlet.DispatcherServlet",
                    "message": "GET "/api/pc/home/index", parameters={}" }
                    
{
                    "app": "Crmeb",
                    "timestamp":"2025-09-23 18:42:56.763",
                    "level": "DEBUG",
                    "thread": "http-nio-8081-exec-21",
                    "class": "o.s.web.servlet.DispatcherServlet",
                    "message": "GET "/api/front/product/leaderboard", parameters={}" }
                    
{
                    "app": "Crmeb",
                    "timestamp":"2025-09-23 18:42:56.763",
                    "level": "DEBUG",
                    "thread": "http-nio-8081-exec-30",
                    "class": "o.s.web.servlet.DispatcherServlet",
                    "message": "GET "/api/front/index/product?page=1&limit=13", parameters={masked}" }
                    
{
                    "app": "Crmeb",
                    "timestamp":"2025-09-23 18:42:56.763",
                    "level": "DEBUG",
                    "thread": "http-nio-8081-exec-2",
                    "class": "o.s.web.servlet.DispatcherServlet",
                    "message": "GET "/api/front/activity/index/list", parameters={}" }
                    
{
                    "app": "Crmeb",
                    "timestamp":"2025-09-23 18:42:56.764",
                    "level": "DEBUG",
                    "thread": "http-nio-8081-exec-22",
                    "class": "o.s.w.s.m.m.a.RequestMappingHandlerMapping",
                    "message": "Mapped to com.zbkj.front.controller.MerchantController#getStreet(PageParamRequest)" }
                    
{
                    "app": "Crmeb",
                    "timestamp":"2025-09-23 18:42:56.764",
                    "level": "DEBUG",
                    "thread": "http-nio-8081-exec-13",
                    "class": "o.s.w.s.m.m.a.RequestMappingHandlerMapping",
                    "message": "Mapped to com.zbkj.front.pc.controller.PcIndexController#getIndexInfo()" }
                    
{
                    "app": "Crmeb",
                    "timestamp":"2025-09-23 18:42:56.764",
                    "level": "DEBUG",
                    "thread": "http-nio-8081-exec-21",
                    "class": "o.s.w.s.m.m.a.RequestMappingHandlerMapping",
                    "message": "Mapped to com.zbkj.front.controller.ProductController#getLeaderboard()" }
                    
{
                    "app": "Crmeb",
                    "timestamp":"2025-09-23 18:42:56.764",
                    "level": "DEBUG",
                    "thread": "http-nio-8081-exec-30",
                    "class": "o.s.w.s.m.m.a.RequestMappingHandlerMapping",
                    "message": "Mapped to com.zbkj.front.controller.IndexController#getProductList(PageParamRequest)" }
                    
{
                    "app": "Crmeb",
                    "timestamp":"2025-09-23 18:42:56.764",
                    "level": "DEBUG",
                    "thread": "http-nio-8081-exec-2",
                    "class": "o.s.w.s.m.m.a.RequestMappingHandlerMapping",
                    "message": "Mapped to com.zbkj.front.controller.ActivityController#getIndexList()" }
                    
{
                    "app": "Crmeb",
                    "timestamp":"2025-09-23 18:42:56.770",
                    "level": "DEBUG",
                    "thread": "http-nio-8081-exec-21",
                    "class": "o.s.w.s.m.m.a.RequestResponseBodyMethodProcessor",
                    "message": "Using 'application/json', given [application/json, text/plain, */*] and supported [application/json, application/*+json, application/json, application/*+json]" }
                    
{
                    "app": "Crmeb",
                    "timestamp":"2025-09-23 18:42:56.772",
                    "level": "DEBUG",
                    "thread": "http-nio-8081-exec-21",
                    "class": "o.s.w.s.m.m.a.RequestResponseBodyMethodProcessor",
                    "message": "Writing [com.zbkj.common.response.CommonResult@60282c73]" }
                    
{
                    "app": "Crmeb",
                    "timestamp":"2025-09-23 18:42:56.773",
                    "level": "DEBUG",
                    "thread": "http-nio-8081-exec-30",
                    "class": "o.s.w.s.m.m.a.RequestResponseBodyMethodProcessor",
                    "message": "Using 'application/json', given [application/json, text/plain, */*] and supported [application/json, application/*+json, application/json, application/*+json]" }
                    
{
                    "app": "Crmeb",
                    "timestamp":"2025-09-23 18:42:56.773",
                    "level": "DEBUG",
                    "thread": "http-nio-8081-exec-21",
                    "class": "o.s.web.servlet.DispatcherServlet",
                    "message": "Completed 200 OK" }
                    
{
                    "app": "Crmeb",
                    "timestamp":"2025-09-23 18:42:56.774",
                    "level": "DEBUG",
                    "thread": "http-nio-8081-exec-30",
                    "class": "o.s.w.s.m.m.a.RequestResponseBodyMethodProcessor",
                    "message": "Writing [com.zbkj.common.response.CommonResult@daa58c2]" }
                    
{
                    "app": "Crmeb",
                    "timestamp":"2025-09-23 18:42:56.778",
                    "level": "DEBUG",
                    "thread": "http-nio-8081-exec-30",
                    "class": "o.s.web.servlet.DispatcherServlet",
                    "message": "Completed 200 OK" }
                    
{
                    "app": "Crmeb",
                    "timestamp":"2025-09-23 18:42:56.779",
                    "level": "DEBUG",
                    "thread": "http-nio-8081-exec-22",
                    "class": "o.s.w.s.m.m.a.RequestResponseBodyMethodProcessor",
                    "message": "Using 'application/json', given [application/json, text/plain, */*] and supported [application/json, application/*+json, application/json, application/*+json]" }
                    
{
                    "app": "Crmeb",
                    "timestamp":"2025-09-23 18:42:56.779",
                    "level": "DEBUG",
                    "thread": "http-nio-8081-exec-22",
                    "class": "o.s.w.s.m.m.a.RequestResponseBodyMethodProcessor",
                    "message": "Writing [com.zbkj.common.response.CommonResult@52a0fe1e]" }
                    
{
                    "app": "Crmeb",
                    "timestamp":"2025-09-23 18:42:56.780",
                    "level": "DEBUG",
                    "thread": "http-nio-8081-exec-22",
                    "class": "o.s.web.servlet.DispatcherServlet",
                    "message": "Completed 200 OK" }
                    
{
                    "app": "Crmeb",
                    "timestamp":"2025-09-23 18:42:56.796",
                    "level": "DEBUG",
                    "thread": "http-nio-8081-exec-2",
                    "class": "o.s.w.s.m.m.a.RequestResponseBodyMethodProcessor",
                    "message": "Using 'application/json', given [application/json, text/plain, */*] and supported [application/json, application/*+json, application/json, application/*+json]" }
                    
{
                    "app": "Crmeb",
                    "timestamp":"2025-09-23 18:42:56.796",
                    "level": "DEBUG",
                    "thread": "http-nio-8081-exec-2",
                    "class": "o.s.w.s.m.m.a.RequestResponseBodyMethodProcessor",
                    "message": "Writing [com.zbkj.common.response.CommonResult@7400821f]" }
                    
{
                    "app": "Crmeb",
                    "timestamp":"2025-09-23 18:42:56.796",
                    "level": "DEBUG",
                    "thread": "http-nio-8081-exec-2",
                    "class": "o.s.web.servlet.DispatcherServlet",
                    "message": "Completed 200 OK" }
                    
{
                    "app": "Crmeb",
                    "timestamp":"2025-09-23 18:42:56.798",
                    "level": "DEBUG",
                    "thread": "http-nio-8081-exec-13",
                    "class": "o.s.w.s.m.m.a.RequestResponseBodyMethodProcessor",
                    "message": "Using 'application/json', given [application/json, text/plain, */*] and supported [application/json, application/*+json, application/json, application/*+json]" }
                    
{
                    "app": "Crmeb",
                    "timestamp":"2025-09-23 18:42:56.798",
                    "level": "DEBUG",
                    "thread": "http-nio-8081-exec-13",
                    "class": "o.s.w.s.m.m.a.RequestResponseBodyMethodProcessor",
                    "message": "Writing [com.zbkj.common.response.CommonResult@40df15e6]" }
                    
{
                    "app": "Crmeb",
                    "timestamp":"2025-09-23 18:42:56.798",
                    "level": "DEBUG",
                    "thread": "http-nio-8081-exec-13",
                    "class": "o.s.web.servlet.DispatcherServlet",
                    "message": "Completed 200 OK" }
                    
{
                    "app": "Crmeb",
                    "timestamp":"2025-09-23 18:42:56.800",
                    "level": "DEBUG",
                    "thread": "http-nio-8081-exec-3",
                    "class": "o.s.web.servlet.DispatcherServlet",
                    "message": "GET "/api/front/activity/index/list", parameters={}" }
                    
{
                    "app": "Crmeb",
                    "timestamp":"2025-09-23 18:42:56.801",
                    "level": "DEBUG",
                    "thread": "http-nio-8081-exec-3",
                    "class": "o.s.w.s.m.m.a.RequestMappingHandlerMapping",
                    "message": "Mapped to com.zbkj.front.controller.ActivityController#getIndexList()" }
                    
{
                    "app": "Crmeb",
                    "timestamp":"2025-09-23 18:42:56.814",
                    "level": "DEBUG",
                    "thread": "http-nio-8081-exec-3",
                    "class": "o.s.w.s.m.m.a.RequestResponseBodyMethodProcessor",
                    "message": "Using 'application/json', given [application/json, text/plain, */*] and supported [application/json, application/*+json, application/json, application/*+json]" }
                    
{
                    "app": "Crmeb",
                    "timestamp":"2025-09-23 18:42:56.814",
                    "level": "DEBUG",
                    "thread": "http-nio-8081-exec-3",
                    "class": "o.s.w.s.m.m.a.RequestResponseBodyMethodProcessor",
                    "message": "Writing [com.zbkj.common.response.CommonResult@cd46ef8]" }
                    
{
                    "app": "Crmeb",
                    "timestamp":"2025-09-23 18:42:56.814",
                    "level": "DEBUG",
                    "thread": "http-nio-8081-exec-3",
                    "class": "o.s.web.servlet.DispatcherServlet",
                    "message": "Completed 200 OK" }
                    
{
                    "app": "Crmeb",
                    "timestamp":"2025-09-23 18:42:56.829",
                    "level": "DEBUG",
                    "thread": "http-nio-8081-exec-28",
                    "class": "o.s.web.servlet.DispatcherServlet",
                    "message": "GET "/api/front/cart/count?numType=true&type=total", parameters={masked}" }
                    
{
                    "app": "Crmeb",
                    "timestamp":"2025-09-23 18:42:56.829",
                    "level": "DEBUG",
                    "thread": "http-nio-8081-exec-7",
                    "class": "o.s.web.servlet.DispatcherServlet",
                    "message": "GET "/api/front/user/menu/user", parameters={}" }
                    
{
                    "app": "Crmeb",
                    "timestamp":"2025-09-23 18:42:56.829",
                    "level": "DEBUG",
                    "thread": "http-nio-8081-exec-7",
                    "class": "o.s.w.s.m.m.a.RequestMappingHandlerMapping",
                    "message": "Mapped to com.zbkj.front.controller.UserController#getMenuUser()" }
                    
{
                    "app": "Crmeb",
                    "timestamp":"2025-09-23 18:42:56.829",
                    "level": "DEBUG",
                    "thread": "http-nio-8081-exec-28",
                    "class": "o.s.w.s.m.m.a.RequestMappingHandlerMapping",
                    "message": "Mapped to com.zbkj.front.controller.CartController#count(CartNumRequest)" }
                    
{
                    "app": "Crmeb",
                    "timestamp":"2025-09-23 18:42:56.833",
                    "level": "DEBUG",
                    "thread": "http-nio-8081-exec-28",
                    "class": "o.s.w.s.m.m.a.RequestResponseBodyMethodProcessor",
                    "message": "Using 'application/json', given [application/json, text/plain, */*] and supported [application/json, application/*+json, application/json, application/*+json]" }
                    
{
                    "app": "Crmeb",
                    "timestamp":"2025-09-23 18:42:56.833",
                    "level": "DEBUG",
                    "thread": "http-nio-8081-exec-28",
                    "class": "o.s.w.s.m.m.a.RequestResponseBodyMethodProcessor",
                    "message": "Writing [com.zbkj.common.response.CommonResult@44b69411]" }
                    
{
                    "app": "Crmeb",
                    "timestamp":"2025-09-23 18:42:56.834",
                    "level": "DEBUG",
                    "thread": "http-nio-8081-exec-28",
                    "class": "o.s.web.servlet.DispatcherServlet",
                    "message": "Completed 200 OK" }
                    
{
                    "app": "Crmeb",
                    "timestamp":"2025-09-23 18:42:56.841",
                    "level": "DEBUG",
                    "thread": "http-nio-8081-exec-7",
                    "class": "o.s.w.s.m.m.a.RequestResponseBodyMethodProcessor",
                    "message": "Using 'application/json', given [application/json, text/plain, */*] and supported [application/json, application/*+json, application/json, application/*+json]" }
                    
{
                    "app": "Crmeb",
                    "timestamp":"2025-09-23 18:42:56.841",
                    "level": "DEBUG",
                    "thread": "http-nio-8081-exec-7",
                    "class": "o.s.w.s.m.m.a.RequestResponseBodyMethodProcessor",
                    "message": "Writing [com.zbkj.common.response.CommonResult@70017e85]" }
                    
{
                    "app": "Crmeb",
                    "timestamp":"2025-09-23 18:42:56.842",
                    "level": "DEBUG",
                    "thread": "http-nio-8081-exec-7",
                    "class": "o.s.web.servlet.DispatcherServlet",
                    "message": "Completed 200 OK" }
                    
{
                    "app": "Crmeb",
                    "timestamp":"2025-09-23 18:42:56.848",
                    "level": "DEBUG",
                    "thread": "http-nio-8081-exec-1",
                    "class": "o.s.web.servlet.DispatcherServlet",
                    "message": "GET "/api/front/index/product?page=1&limit=13", parameters={masked}" }
                    
{
                    "app": "Crmeb",
                    "timestamp":"2025-09-23 18:42:56.849",
                    "level": "DEBUG",
                    "thread": "http-nio-8081-exec-1",
                    "class": "o.s.w.s.m.m.a.RequestMappingHandlerMapping",
                    "message": "Mapped to com.zbkj.front.controller.IndexController#getProductList(PageParamRequest)" }
                    
{
                    "app": "Crmeb",
                    "timestamp":"2025-09-23 18:42:56.853",
                    "level": "DEBUG",
                    "thread": "http-nio-8081-exec-1",
                    "class": "o.s.w.s.m.m.a.RequestResponseBodyMethodProcessor",
                    "message": "Using 'application/json', given [application/json, text/plain, */*] and supported [application/json, application/*+json, application/json, application/*+json]" }
                    
{
                    "app": "Crmeb",
                    "timestamp":"2025-09-23 18:42:56.853",
                    "level": "DEBUG",
                    "thread": "http-nio-8081-exec-1",
                    "class": "o.s.w.s.m.m.a.RequestResponseBodyMethodProcessor",
                    "message": "Writing [com.zbkj.common.response.CommonResult@715f1dbc]" }
                    
{
                    "app": "Crmeb",
                    "timestamp":"2025-09-23 18:42:56.854",
                    "level": "DEBUG",
                    "thread": "http-nio-8081-exec-1",
                    "class": "o.s.web.servlet.DispatcherServlet",
                    "message": "Completed 200 OK" }
                    
{
                    "app": "Crmeb",
                    "timestamp":"2025-09-23 18:42:59.432",
                    "level": "DEBUG",
                    "thread": "http-nio-8081-exec-8",
                    "class": "o.s.web.servlet.DispatcherServlet",
                    "message": "GET "/api/front/product/detail/14", parameters={}" }
                    
{
                    "app": "Crmeb",
                    "timestamp":"2025-09-23 18:42:59.432",
                    "level": "DEBUG",
                    "thread": "http-nio-8081-exec-8",
                    "class": "o.s.w.s.m.m.a.RequestMappingHandlerMapping",
                    "message": "Mapped to com.zbkj.front.controller.ProductController#getDetail(Integer)" }
                    
{
                    "app": "Crmeb",
                    "timestamp":"2025-09-23 18:42:59.455",
                    "level": "DEBUG",
                    "thread": "http-nio-8081-exec-8",
                    "class": "o.s.w.s.m.m.a.RequestResponseBodyMethodProcessor",
                    "message": "Using 'application/json', given [application/json, text/plain, */*] and supported [application/json, application/*+json, application/json, application/*+json]" }
                    
{
                    "app": "Crmeb",
                    "timestamp":"2025-09-23 18:42:59.455",
                    "level": "DEBUG",
                    "thread": "http-nio-8081-exec-8",
                    "class": "o.s.w.s.m.m.a.RequestResponseBodyMethodProcessor",
                    "message": "Writing [com.zbkj.common.response.CommonResult@40541838]" }
                    
{
                    "app": "Crmeb",
                    "timestamp":"2025-09-23 18:42:59.456",
                    "level": "DEBUG",
                    "thread": "http-nio-8081-exec-8",
                    "class": "o.s.web.servlet.DispatcherServlet",
                    "message": "Completed 200 OK" }
                    
{
                    "app": "Crmeb",
                    "timestamp":"2025-09-23 18:42:59.468",
                    "level": "DEBUG",
                    "thread": "http-nio-8081-exec-5",
                    "class": "o.s.web.servlet.DispatcherServlet",
                    "message": "GET "/api/front/user/menu/user", parameters={}" }
                    
{
                    "app": "Crmeb",
                    "timestamp":"2025-09-23 18:42:59.468",
                    "level": "DEBUG",
                    "thread": "http-nio-8081-exec-5",
                    "class": "o.s.w.s.m.m.a.RequestMappingHandlerMapping",
                    "message": "Mapped to com.zbkj.front.controller.UserController#getMenuUser()" }
                    
{
                    "app": "Crmeb",
                    "timestamp":"2025-09-23 18:42:59.470",
                    "level": "DEBUG",
                    "thread": "http-nio-8081-exec-24",
                    "class": "o.s.web.servlet.DispatcherServlet",
                    "message": "GET "/api/front/cart/count?numType=true&type=total", parameters={masked}" }
                    
{
                    "app": "Crmeb",
                    "timestamp":"2025-09-23 18:42:59.470",
                    "level": "DEBUG",
                    "thread": "http-nio-8081-exec-24",
                    "class": "o.s.w.s.m.m.a.RequestMappingHandlerMapping",
                    "message": "Mapped to com.zbkj.front.controller.CartController#count(CartNumRequest)" }
                    
{
                    "app": "Crmeb",
                    "timestamp":"2025-09-23 18:42:59.477",
                    "level": "DEBUG",
                    "thread": "http-nio-8081-exec-24",
                    "class": "o.s.w.s.m.m.a.RequestResponseBodyMethodProcessor",
                    "message": "Using 'application/json', given [application/json, text/plain, */*] and supported [application/json, application/*+json, application/json, application/*+json]" }
                    
{
                    "app": "Crmeb",
                    "timestamp":"2025-09-23 18:42:59.477",
                    "level": "DEBUG",
                    "thread": "http-nio-8081-exec-24",
                    "class": "o.s.w.s.m.m.a.RequestResponseBodyMethodProcessor",
                    "message": "Writing [com.zbkj.common.response.CommonResult@3d9a887]" }
                    
{
                    "app": "Crmeb",
                    "timestamp":"2025-09-23 18:42:59.477",
                    "level": "DEBUG",
                    "thread": "http-nio-8081-exec-24",
                    "class": "o.s.web.servlet.DispatcherServlet",
                    "message": "Completed 200 OK" }
                    
{
                    "app": "Crmeb",
                    "timestamp":"2025-09-23 18:42:59.481",
                    "level": "DEBUG",
                    "thread": "http-nio-8081-exec-5",
                    "class": "o.s.w.s.m.m.a.RequestResponseBodyMethodProcessor",
                    "message": "Using 'application/json', given [application/json, text/plain, */*] and supported [application/json, application/*+json, application/json, application/*+json]" }
                    
{
                    "app": "Crmeb",
                    "timestamp":"2025-09-23 18:42:59.481",
                    "level": "DEBUG",
                    "thread": "http-nio-8081-exec-5",
                    "class": "o.s.w.s.m.m.a.RequestResponseBodyMethodProcessor",
                    "message": "Writing [com.zbkj.common.response.CommonResult@5e2aec02]" }
                    
{
                    "app": "Crmeb",
                    "timestamp":"2025-09-23 18:42:59.481",
                    "level": "DEBUG",
                    "thread": "http-nio-8081-exec-5",
                    "class": "o.s.web.servlet.DispatcherServlet",
                    "message": "Completed 200 OK" }
                    
{
                    "app": "Crmeb",
                    "timestamp":"2025-09-23 18:42:59.494",
                    "level": "DEBUG",
                    "thread": "http-nio-8081-exec-29",
                    "class": "o.s.web.servlet.DispatcherServlet",
                    "message": "GET "/api/front/merchant/all/type/list", parameters={}" }
                    
{
                    "app": "Crmeb",
                    "timestamp":"2025-09-23 18:42:59.494",
                    "level": "DEBUG",
                    "thread": "http-nio-8081-exec-17",
                    "class": "o.s.web.servlet.DispatcherServlet",
                    "message": "GET "/api/front/product/reply/config/14", parameters={}" }
                    
{
                    "app": "Crmeb",
                    "timestamp":"2025-09-23 18:42:59.494",
                    "level": "DEBUG",
                    "thread": "http-nio-8081-exec-19",
                    "class": "o.s.web.servlet.DispatcherServlet",
                    "message": "GET "/api/front/coupons?merId=2&productId=14&useType=2&page=1&limit=20", parameters={masked}" }
                    
{
                    "app": "Crmeb",
                    "timestamp":"2025-09-23 18:42:59.495",
                    "level": "DEBUG",
                    "thread": "http-nio-8081-exec-26",
                    "class": "o.s.web.servlet.DispatcherServlet",
                    "message": "GET "/api/front/merchant/customer/service/info/2", parameters={}" }
                    
{
                    "app": "Crmeb",
                    "timestamp":"2025-09-23 18:42:59.495",
                    "level": "DEBUG",
                    "thread": "http-nio-8081-exec-20",
                    "class": "o.s.web.servlet.DispatcherServlet",
                    "message": "GET "/api/front/product/reply/list/14?page=1&limit=20&type=0", parameters={masked}" }
                    
{
                    "app": "Crmeb",
                    "timestamp":"2025-09-23 18:42:59.496",
                    "level": "DEBUG",
                    "thread": "http-nio-8081-exec-26",
                    "class": "o.s.w.s.m.m.a.RequestMappingHandlerMapping",
                    "message": "Mapped to com.zbkj.front.controller.MerchantController#getCustomerServiceInfo(Integer)" }
                    
{
                    "app": "Crmeb",
                    "timestamp":"2025-09-23 18:42:59.495",
                    "level": "DEBUG",
                    "thread": "http-nio-8081-exec-29",
                    "class": "o.s.w.s.m.m.a.RequestMappingHandlerMapping",
                    "message": "Mapped to com.zbkj.front.controller.MerchantController#allTypeList()" }
                    
{
                    "app": "Crmeb",
                    "timestamp":"2025-09-23 18:42:59.495",
                    "level": "DEBUG",
                    "thread": "http-nio-8081-exec-27",
                    "class": "o.s.web.servlet.DispatcherServlet",
                    "message": "GET "/api/front/cart/count?type=total&numType=true", parameters={masked}" }
                    
{
                    "app": "Crmeb",
                    "timestamp":"2025-09-23 18:42:59.496",
                    "level": "DEBUG",
                    "thread": "http-nio-8081-exec-17",
                    "class": "o.s.w.s.m.m.a.RequestMappingHandlerMapping",
                    "message": "Mapped to com.zbkj.front.controller.ProductController#getReplyCount(Integer)" }
                    
{
                    "app": "Crmeb",
                    "timestamp":"2025-09-23 18:42:59.496",
                    "level": "DEBUG",
                    "thread": "http-nio-8081-exec-19",
                    "class": "o.s.w.s.m.m.a.RequestMappingHandlerMapping",
                    "message": "Mapped to com.zbkj.front.controller.CouponController#getList(CouponSearchRequest, PageParamRequest)" }
                    
{
                    "app": "Crmeb",
                    "timestamp":"2025-09-23 18:42:59.496",
                    "level": "DEBUG",
                    "thread": "http-nio-8081-exec-20",
                    "class": "o.s.w.s.m.m.a.RequestMappingHandlerMapping",
                    "message": "Mapped to com.zbkj.front.controller.ProductController#getReplyList(Integer, Integer, PageParamRequest)" }
                    
{
                    "app": "Crmeb",
                    "timestamp":"2025-09-23 18:42:59.497",
                    "level": "DEBUG",
                    "thread": "http-nio-8081-exec-27",
                    "class": "o.s.w.s.m.m.a.RequestMappingHandlerMapping",
                    "message": "Mapped to com.zbkj.front.controller.CartController#count(CartNumRequest)" }
                    
{
                    "app": "Crmeb",
                    "timestamp":"2025-09-23 18:42:59.502",
                    "level": "DEBUG",
                    "thread": "http-nio-8081-exec-27",
                    "class": "o.s.w.s.m.m.a.RequestResponseBodyMethodProcessor",
                    "message": "Using 'application/json', given [application/json, text/plain, */*] and supported [application/json, application/*+json, application/json, application/*+json]" }
                    
{
                    "app": "Crmeb",
                    "timestamp":"2025-09-23 18:42:59.502",
                    "level": "DEBUG",
                    "thread": "http-nio-8081-exec-20",
                    "class": "o.s.w.s.m.m.a.RequestResponseBodyMethodProcessor",
                    "message": "Using 'application/json', given [application/json, text/plain, */*] and supported [application/json, application/*+json, application/json, application/*+json]" }
                    
{
                    "app": "Crmeb",
                    "timestamp":"2025-09-23 18:42:59.503",
                    "level": "DEBUG",
                    "thread": "http-nio-8081-exec-29",
                    "class": "o.s.w.s.m.m.a.RequestResponseBodyMethodProcessor",
                    "message": "Using 'application/json', given [application/json, text/plain, */*] and supported [application/json, application/*+json, application/json, application/*+json]" }
                    
{
                    "app": "Crmeb",
                    "timestamp":"2025-09-23 18:42:59.503",
                    "level": "DEBUG",
                    "thread": "http-nio-8081-exec-27",
                    "class": "o.s.w.s.m.m.a.RequestResponseBodyMethodProcessor",
                    "message": "Writing [com.zbkj.common.response.CommonResult@1ac7b46]" }
                    
{
                    "app": "Crmeb",
                    "timestamp":"2025-09-23 18:42:59.504",
                    "level": "DEBUG",
                    "thread": "http-nio-8081-exec-20",
                    "class": "o.s.w.s.m.m.a.RequestResponseBodyMethodProcessor",
                    "message": "Writing [com.zbkj.common.response.CommonResult@33b2ef65]" }
                    
{
                    "app": "Crmeb",
                    "timestamp":"2025-09-23 18:42:59.505",
                    "level": "DEBUG",
                    "thread": "http-nio-8081-exec-27",
                    "class": "o.s.web.servlet.DispatcherServlet",
                    "message": "Completed 200 OK" }
                    
{
                    "app": "Crmeb",
                    "timestamp":"2025-09-23 18:42:59.504",
                    "level": "DEBUG",
                    "thread": "http-nio-8081-exec-29",
                    "class": "o.s.w.s.m.m.a.RequestResponseBodyMethodProcessor",
                    "message": "Writing [com.zbkj.common.response.CommonResult@51e31038]" }
                    
{
                    "app": "Crmeb",
                    "timestamp":"2025-09-23 18:42:59.504",
                    "level": "DEBUG",
                    "thread": "http-nio-8081-exec-26",
                    "class": "o.s.w.s.m.m.a.RequestResponseBodyMethodProcessor",
                    "message": "Using 'application/json', given [application/json, text/plain, */*] and supported [application/json, application/*+json, application/json, application/*+json]" }
                    
{
                    "app": "Crmeb",
                    "timestamp":"2025-09-23 18:42:59.505",
                    "level": "DEBUG",
                    "thread": "http-nio-8081-exec-20",
                    "class": "o.s.web.servlet.DispatcherServlet",
                    "message": "Completed 200 OK" }
                    
{
                    "app": "Crmeb",
                    "timestamp":"2025-09-23 18:42:59.508",
                    "level": "DEBUG",
                    "thread": "http-nio-8081-exec-26",
                    "class": "o.s.w.s.m.m.a.RequestResponseBodyMethodProcessor",
                    "message": "Writing [com.zbkj.common.response.CommonResult@602b382d]" }
                    
{
                    "app": "Crmeb",
                    "timestamp":"2025-09-23 18:42:59.508",
                    "level": "DEBUG",
                    "thread": "http-nio-8081-exec-29",
                    "class": "o.s.web.servlet.DispatcherServlet",
                    "message": "Completed 200 OK" }
                    
{
                    "app": "Crmeb",
                    "timestamp":"2025-09-23 18:42:59.508",
                    "level": "DEBUG",
                    "thread": "http-nio-8081-exec-26",
                    "class": "o.s.web.servlet.DispatcherServlet",
                    "message": "Completed 200 OK" }
                    
{
                    "app": "Crmeb",
                    "timestamp":"2025-09-23 18:42:59.511",
                    "level": "DEBUG",
                    "thread": "http-nio-8081-exec-19",
                    "class": "o.s.w.s.m.m.a.RequestResponseBodyMethodProcessor",
                    "message": "Using 'application/json', given [application/json, text/plain, */*] and supported [application/json, application/*+json, application/json, application/*+json]" }
                    
{
                    "app": "Crmeb",
                    "timestamp":"2025-09-23 18:42:59.511",
                    "level": "DEBUG",
                    "thread": "http-nio-8081-exec-17",
                    "class": "o.s.w.s.m.m.a.RequestResponseBodyMethodProcessor",
                    "message": "Using 'application/json', given [application/json, text/plain, */*] and supported [application/json, application/*+json, application/json, application/*+json]" }
                    
{
                    "app": "Crmeb",
                    "timestamp":"2025-09-23 18:42:59.512",
                    "level": "DEBUG",
                    "thread": "http-nio-8081-exec-19",
                    "class": "o.s.w.s.m.m.a.RequestResponseBodyMethodProcessor",
                    "message": "Writing [com.zbkj.common.response.CommonResult@24d3989e]" }
                    
{
                    "app": "Crmeb",
                    "timestamp":"2025-09-23 18:42:59.512",
                    "level": "DEBUG",
                    "thread": "http-nio-8081-exec-17",
                    "class": "o.s.w.s.m.m.a.RequestResponseBodyMethodProcessor",
                    "message": "Writing [com.zbkj.common.response.CommonResult@d954467]" }
                    
{
                    "app": "Crmeb",
                    "timestamp":"2025-09-23 18:42:59.512",
                    "level": "DEBUG",
                    "thread": "http-nio-8081-exec-19",
                    "class": "o.s.web.servlet.DispatcherServlet",
                    "message": "Completed 200 OK" }
                    
{
                    "app": "Crmeb",
                    "timestamp":"2025-09-23 18:42:59.512",
                    "level": "DEBUG",
                    "thread": "http-nio-8081-exec-17",
                    "class": "o.s.web.servlet.DispatcherServlet",
                    "message": "Completed 200 OK" }
                    
{
                    "app": "Crmeb",
                    "timestamp":"2025-09-23 18:44:11.452",
                    "level": "DEBUG",
                    "thread": "http-nio-8081-exec-13",
                    "class": "o.s.web.servlet.DispatcherServlet",
                    "message": "POST "/api/front/cart/save", parameters={}" }
                    
{
                    "app": "Crmeb",
                    "timestamp":"2025-09-23 18:44:11.453",
                    "level": "DEBUG",
                    "thread": "http-nio-8081-exec-13",
                    "class": "o.s.w.s.m.m.a.RequestMappingHandlerMapping",
                    "message": "Mapped to com.zbkj.front.controller.CartController#save(List)" }
                    
{
                    "app": "Crmeb",
                    "timestamp":"2025-09-23 18:44:11.455",
                    "level": "DEBUG",
                    "thread": "http-nio-8081-exec-13",
                    "class": "o.s.w.s.m.m.a.RequestResponseBodyMethodProcessor",
                    "message": "Read "application/json;charset=UTF-8" to [[CartRequest(productId=14, productAttrUnique=60, cartNum=1)]]" }
                    
{
                    "app": "Crmeb",
                    "timestamp":"2025-09-23 18:44:11.490",
                    "level": "DEBUG",
                    "thread": "http-nio-8081-exec-13",
                    "class": "o.s.w.s.m.m.a.RequestResponseBodyMethodProcessor",
                    "message": "Using 'application/json', given [application/json, text/plain, */*] and supported [application/json, application/*+json, application/json, application/*+json]" }
                    
{
                    "app": "Crmeb",
                    "timestamp":"2025-09-23 18:44:11.491",
                    "level": "DEBUG",
                    "thread": "http-nio-8081-exec-13",
                    "class": "o.s.w.s.m.m.a.RequestResponseBodyMethodProcessor",
                    "message": "Writing [com.zbkj.common.response.CommonResult@4a8fb9a4]" }
                    
{
                    "app": "Crmeb",
                    "timestamp":"2025-09-23 18:44:11.491",
                    "level": "DEBUG",
                    "thread": "http-nio-8081-exec-13",
                    "class": "o.s.web.servlet.DispatcherServlet",
                    "message": "Completed 200 OK" }
                    
{
                    "app": "Crmeb",
                    "timestamp":"2025-09-23 18:44:11.497",
                    "level": "DEBUG",
                    "thread": "http-nio-8081-exec-6",
                    "class": "o.s.web.servlet.DispatcherServlet",
                    "message": "GET "/api/front/cart/count?type=total&numType=true", parameters={masked}" }
                    
{
                    "app": "Crmeb",
                    "timestamp":"2025-09-23 18:44:11.497",
                    "level": "DEBUG",
                    "thread": "http-nio-8081-exec-6",
                    "class": "o.s.w.s.m.m.a.RequestMappingHandlerMapping",
                    "message": "Mapped to com.zbkj.front.controller.CartController#count(CartNumRequest)" }
                    
{
                    "app": "Crmeb",
                    "timestamp":"2025-09-23 18:44:11.500",
                    "level": "DEBUG",
                    "thread": "http-nio-8081-exec-6",
                    "class": "o.s.w.s.m.m.a.RequestResponseBodyMethodProcessor",
                    "message": "Using 'application/json', given [application/json, text/plain, */*] and supported [application/json, application/*+json, application/json, application/*+json]" }
                    
{
                    "app": "Crmeb",
                    "timestamp":"2025-09-23 18:44:11.500",
                    "level": "DEBUG",
                    "thread": "http-nio-8081-exec-6",
                    "class": "o.s.w.s.m.m.a.RequestResponseBodyMethodProcessor",
                    "message": "Writing [com.zbkj.common.response.CommonResult@4d027ef2]" }
                    
{
                    "app": "Crmeb",
                    "timestamp":"2025-09-23 18:44:11.500",
                    "level": "DEBUG",
                    "thread": "http-nio-8081-exec-6",
                    "class": "o.s.web.servlet.DispatcherServlet",
                    "message": "Completed 200 OK" }
                    
{
                    "app": "Crmeb",
                    "timestamp":"2025-09-23 18:44:12.949",
                    "level": "DEBUG",
                    "thread": "http-nio-8081-exec-1",
                    "class": "o.s.web.servlet.DispatcherServlet",
                    "message": "GET "/api/front/cart/count?numType=true&type=total", parameters={masked}" }
                    
{
                    "app": "Crmeb",
                    "timestamp":"2025-09-23 18:44:12.951",
                    "level": "DEBUG",
                    "thread": "http-nio-8081-exec-7",
                    "class": "o.s.web.servlet.DispatcherServlet",
                    "message": "GET "/api/front/user/menu/user", parameters={}" }
                    
{
                    "app": "Crmeb",
                    "timestamp":"2025-09-23 18:44:12.952",
                    "level": "DEBUG",
                    "thread": "http-nio-8081-exec-1",
                    "class": "o.s.w.s.m.m.a.RequestMappingHandlerMapping",
                    "message": "Mapped to com.zbkj.front.controller.CartController#count(CartNumRequest)" }
                    
{
                    "app": "Crmeb",
                    "timestamp":"2025-09-23 18:44:12.952",
                    "level": "DEBUG",
                    "thread": "http-nio-8081-exec-7",
                    "class": "o.s.w.s.m.m.a.RequestMappingHandlerMapping",
                    "message": "Mapped to com.zbkj.front.controller.UserController#getMenuUser()" }
                    
{
                    "app": "Crmeb",
                    "timestamp":"2025-09-23 18:44:12.960",
                    "level": "DEBUG",
                    "thread": "http-nio-8081-exec-1",
                    "class": "o.s.w.s.m.m.a.RequestResponseBodyMethodProcessor",
                    "message": "Using 'application/json', given [application/json, text/plain, */*] and supported [application/json, application/*+json, application/json, application/*+json]" }
                    
{
                    "app": "Crmeb",
                    "timestamp":"2025-09-23 18:44:12.960",
                    "level": "DEBUG",
                    "thread": "http-nio-8081-exec-1",
                    "class": "o.s.w.s.m.m.a.RequestResponseBodyMethodProcessor",
                    "message": "Writing [com.zbkj.common.response.CommonResult@1ecc10e5]" }
                    
{
                    "app": "Crmeb",
                    "timestamp":"2025-09-23 18:44:12.960",
                    "level": "DEBUG",
                    "thread": "http-nio-8081-exec-1",
                    "class": "o.s.web.servlet.DispatcherServlet",
                    "message": "Completed 200 OK" }
                    
{
                    "app": "Crmeb",
                    "timestamp":"2025-09-23 18:44:12.962",
                    "level": "DEBUG",
                    "thread": "http-nio-8081-exec-24",
                    "class": "o.s.web.servlet.DispatcherServlet",
                    "message": "GET "/api/front/cart/list?isValid=true", parameters={masked}" }
                    
{
                    "app": "Crmeb",
                    "timestamp":"2025-09-23 18:44:12.962",
                    "level": "DEBUG",
                    "thread": "http-nio-8081-exec-5",
                    "class": "o.s.web.servlet.DispatcherServlet",
                    "message": "GET "/api/front/cart/list?isValid=false", parameters={masked}" }
                    
{
                    "app": "Crmeb",
                    "timestamp":"2025-09-23 18:44:12.962",
                    "level": "DEBUG",
                    "thread": "http-nio-8081-exec-24",
                    "class": "o.s.w.s.m.m.a.RequestMappingHandlerMapping",
                    "message": "Mapped to com.zbkj.front.controller.CartController#getList(Boolean)" }
                    
{
                    "app": "Crmeb",
                    "timestamp":"2025-09-23 18:44:12.962",
                    "level": "DEBUG",
                    "thread": "http-nio-8081-exec-5",
                    "class": "o.s.w.s.m.m.a.RequestMappingHandlerMapping",
                    "message": "Mapped to com.zbkj.front.controller.CartController#getList(Boolean)" }
                    
{
                    "app": "Crmeb",
                    "timestamp":"2025-09-23 18:44:12.966",
                    "level": "DEBUG",
                    "thread": "http-nio-8081-exec-5",
                    "class": "o.s.w.s.m.m.a.RequestResponseBodyMethodProcessor",
                    "message": "Using 'application/json', given [application/json, text/plain, */*] and supported [application/json, application/*+json, application/json, application/*+json]" }
                    
{
                    "app": "Crmeb",
                    "timestamp":"2025-09-23 18:44:12.967",
                    "level": "DEBUG",
                    "thread": "http-nio-8081-exec-5",
                    "class": "o.s.w.s.m.m.a.RequestResponseBodyMethodProcessor",
                    "message": "Writing [com.zbkj.common.response.CommonResult@721d7cc7]" }
                    
{
                    "app": "Crmeb",
                    "timestamp":"2025-09-23 18:44:12.967",
                    "level": "DEBUG",
                    "thread": "http-nio-8081-exec-5",
                    "class": "o.s.web.servlet.DispatcherServlet",
                    "message": "Completed 200 OK" }
                    
{
                    "app": "Crmeb",
                    "timestamp":"2025-09-23 18:44:12.969",
                    "level": "DEBUG",
                    "thread": "http-nio-8081-exec-7",
                    "class": "o.s.w.s.m.m.a.RequestResponseBodyMethodProcessor",
                    "message": "Using 'application/json', given [application/json, text/plain, */*] and supported [application/json, application/*+json, application/json, application/*+json]" }
                    
{
                    "app": "Crmeb",
                    "timestamp":"2025-09-23 18:44:12.969",
                    "level": "DEBUG",
                    "thread": "http-nio-8081-exec-7",
                    "class": "o.s.w.s.m.m.a.RequestResponseBodyMethodProcessor",
                    "message": "Writing [com.zbkj.common.response.CommonResult@2b44601c]" }
                    
{
                    "app": "Crmeb",
                    "timestamp":"2025-09-23 18:44:12.969",
                    "level": "DEBUG",
                    "thread": "http-nio-8081-exec-7",
                    "class": "o.s.web.servlet.DispatcherServlet",
                    "message": "Completed 200 OK" }
                    
{
                    "app": "Crmeb",
                    "timestamp":"2025-09-23 18:44:12.977",
                    "level": "DEBUG",
                    "thread": "http-nio-8081-exec-24",
                    "class": "o.s.w.s.m.m.a.RequestResponseBodyMethodProcessor",
                    "message": "Using 'application/json', given [application/json, text/plain, */*] and supported [application/json, application/*+json, application/json, application/*+json]" }
                    
{
                    "app": "Crmeb",
                    "timestamp":"2025-09-23 18:44:12.977",
                    "level": "DEBUG",
                    "thread": "http-nio-8081-exec-24",
                    "class": "o.s.w.s.m.m.a.RequestResponseBodyMethodProcessor",
                    "message": "Writing [com.zbkj.common.response.CommonResult@59996cc]" }
                    
{
                    "app": "Crmeb",
                    "timestamp":"2025-09-23 18:44:12.978",
                    "level": "DEBUG",
                    "thread": "http-nio-8081-exec-24",
                    "class": "o.s.web.servlet.DispatcherServlet",
                    "message": "Completed 200 OK" }
                    
{
                    "app": "Crmeb",
                    "timestamp":"2025-09-23 18:44:15.871",
                    "level": "DEBUG",
                    "thread": "http-nio-8081-exec-15",
                    "class": "o.s.web.servlet.DispatcherServlet",
                    "message": "POST "/api/front/order/pre/order", parameters={}" }
                    
{
                    "app": "Crmeb",
                    "timestamp":"2025-09-23 18:44:15.874",
                    "level": "DEBUG",
                    "thread": "http-nio-8081-exec-15",
                    "class": "o.s.w.s.m.m.a.RequestMappingHandlerMapping",
                    "message": "Mapped to com.zbkj.front.controller.StoreOrderController#preOrder(PreOrderRequest)" }
                    
{
                    "app": "Crmeb",
                    "timestamp":"2025-09-23 18:44:15.876",
                    "level": "DEBUG",
                    "thread": "http-nio-8081-exec-15",
                    "class": "o.s.w.s.m.m.a.RequestResponseBodyMethodProcessor",
                    "message": "Read "application/json;charset=UTF-8" to [PreOrderRequest(preOrderType=shoppingCart, orderDetails=[PreOrderDetailRequest(shoppingCartId=4, pro (truncated)...]" }
                    
{
                    "app": "Crmeb",
                    "timestamp":"2025-09-23 18:44:15.893",
                    "level": "DEBUG",
                    "thread": "http-nio-8081-exec-15",
                    "class": "o.s.w.s.m.m.a.RequestResponseBodyMethodProcessor",
                    "message": "Using 'application/json', given [application/json, text/plain, */*] and supported [application/json, application/*+json, application/json, application/*+json]" }
                    
{
                    "app": "Crmeb",
                    "timestamp":"2025-09-23 18:44:15.894",
                    "level": "DEBUG",
                    "thread": "http-nio-8081-exec-15",
                    "class": "o.s.w.s.m.m.a.RequestResponseBodyMethodProcessor",
                    "message": "Writing [com.zbkj.common.response.CommonResult@3aebcc23]" }
                    
{
                    "app": "Crmeb",
                    "timestamp":"2025-09-23 18:44:15.894",
                    "level": "DEBUG",
                    "thread": "http-nio-8081-exec-15",
                    "class": "o.s.web.servlet.DispatcherServlet",
                    "message": "Completed 200 OK" }
                    
{
                    "app": "Crmeb",
                    "timestamp":"2025-09-23 18:44:15.901",
                    "level": "DEBUG",
                    "thread": "http-nio-8081-exec-12",
                    "class": "o.s.web.servlet.DispatcherServlet",
                    "message": "GET "/api/front/pay/method", parameters={}" }
                    
{
                    "app": "Crmeb",
                    "timestamp":"2025-09-23 18:44:15.901",
                    "level": "DEBUG",
                    "thread": "http-nio-8081-exec-10",
                    "class": "o.s.web.servlet.DispatcherServlet",
                    "message": "GET "/api/pc/address/all/list", parameters={}" }
                    
{
                    "app": "Crmeb",
                    "timestamp":"2025-09-23 18:44:15.902",
                    "level": "DEBUG",
                    "thread": "http-nio-8081-exec-12",
                    "class": "o.s.w.s.m.m.a.RequestMappingHandlerMapping",
                    "message": "Mapped to com.zbkj.front.controller.PayController#getPayMethod()" }
                    
{
                    "app": "Crmeb",
                    "timestamp":"2025-09-23 18:44:15.902",
                    "level": "DEBUG",
                    "thread": "http-nio-8081-exec-10",
                    "class": "o.s.w.s.m.m.a.RequestMappingHandlerMapping",
                    "message": "Mapped to com.zbkj.front.pc.controller.PcUserAddressController#getAllList()" }
                    
{
                    "app": "Crmeb",
                    "timestamp":"2025-09-23 18:44:15.905",
                    "level": "DEBUG",
                    "thread": "http-nio-8081-exec-10",
                    "class": "o.s.w.s.m.m.a.RequestResponseBodyMethodProcessor",
                    "message": "Using 'application/json', given [application/json, text/plain, */*] and supported [application/json, application/*+json, application/json, application/*+json]" }
                    
{
                    "app": "Crmeb",
                    "timestamp":"2025-09-23 18:44:15.905",
                    "level": "DEBUG",
                    "thread": "http-nio-8081-exec-10",
                    "class": "o.s.w.s.m.m.a.RequestResponseBodyMethodProcessor",
                    "message": "Writing [com.zbkj.common.response.CommonResult@3e37ac22]" }
                    
{
                    "app": "Crmeb",
                    "timestamp":"2025-09-23 18:44:15.905",
                    "level": "DEBUG",
                    "thread": "http-nio-8081-exec-10",
                    "class": "o.s.web.servlet.DispatcherServlet",
                    "message": "Completed 200 OK" }
                    
{
                    "app": "Crmeb",
                    "timestamp":"2025-09-23 18:44:15.908",
                    "level": "DEBUG",
                    "thread": "http-nio-8081-exec-12",
                    "class": "o.s.w.s.m.m.a.RequestResponseBodyMethodProcessor",
                    "message": "Using 'application/json', given [application/json, text/plain, */*] and supported [application/json, application/*+json, application/json, application/*+json]" }
                    
{
                    "app": "Crmeb",
                    "timestamp":"2025-09-23 18:44:15.908",
                    "level": "DEBUG",
                    "thread": "http-nio-8081-exec-12",
                    "class": "o.s.w.s.m.m.a.RequestResponseBodyMethodProcessor",
                    "message": "Writing [com.zbkj.common.response.CommonResult@6792d120]" }
                    
{
                    "app": "Crmeb",
                    "timestamp":"2025-09-23 18:44:15.908",
                    "level": "DEBUG",
                    "thread": "http-nio-8081-exec-12",
                    "class": "o.s.web.servlet.DispatcherServlet",
                    "message": "Completed 200 OK" }
                    
{
                    "app": "Crmeb",
                    "timestamp":"2025-09-23 18:44:15.914",
                    "level": "DEBUG",
                    "thread": "http-nio-8081-exec-27",
                    "class": "o.s.web.servlet.DispatcherServlet",
                    "message": "GET "/api/front/user/menu/user", parameters={}" }
                    
{
                    "app": "Crmeb",
                    "timestamp":"2025-09-23 18:44:15.914",
                    "level": "DEBUG",
                    "thread": "http-nio-8081-exec-20",
                    "class": "o.s.web.servlet.DispatcherServlet",
                    "message": "GET "/api/front/cart/count?numType=true&type=total", parameters={masked}" }
                    
{
                    "app": "Crmeb",
                    "timestamp":"2025-09-23 18:44:15.914",
                    "level": "DEBUG",
                    "thread": "http-nio-8081-exec-27",
                    "class": "o.s.w.s.m.m.a.RequestMappingHandlerMapping",
                    "message": "Mapped to com.zbkj.front.controller.UserController#getMenuUser()" }
                    
{
                    "app": "Crmeb",
                    "timestamp":"2025-09-23 18:44:15.914",
                    "level": "DEBUG",
                    "thread": "http-nio-8081-exec-20",
                    "class": "o.s.w.s.m.m.a.RequestMappingHandlerMapping",
                    "message": "Mapped to com.zbkj.front.controller.CartController#count(CartNumRequest)" }
                    
{
                    "app": "Crmeb",
                    "timestamp":"2025-09-23 18:44:15.918",
                    "level": "DEBUG",
                    "thread": "http-nio-8081-exec-20",
                    "class": "o.s.w.s.m.m.a.RequestResponseBodyMethodProcessor",
                    "message": "Using 'application/json', given [application/json, text/plain, */*] and supported [application/json, application/*+json, application/json, application/*+json]" }
                    
{
                    "app": "Crmeb",
                    "timestamp":"2025-09-23 18:44:15.919",
                    "level": "DEBUG",
                    "thread": "http-nio-8081-exec-20",
                    "class": "o.s.w.s.m.m.a.RequestResponseBodyMethodProcessor",
                    "message": "Writing [com.zbkj.common.response.CommonResult@2fbcb19d]" }
                    
{
                    "app": "Crmeb",
                    "timestamp":"2025-09-23 18:44:15.919",
                    "level": "DEBUG",
                    "thread": "http-nio-8081-exec-20",
                    "class": "o.s.web.servlet.DispatcherServlet",
                    "message": "Completed 200 OK" }
                    
{
                    "app": "Crmeb",
                    "timestamp":"2025-09-23 18:44:15.923",
                    "level": "DEBUG",
                    "thread": "http-nio-8081-exec-27",
                    "class": "o.s.w.s.m.m.a.RequestResponseBodyMethodProcessor",
                    "message": "Using 'application/json', given [application/json, text/plain, */*] and supported [application/json, application/*+json, application/json, application/*+json]" }
                    
{
                    "app": "Crmeb",
                    "timestamp":"2025-09-23 18:44:15.924",
                    "level": "DEBUG",
                    "thread": "http-nio-8081-exec-27",
                    "class": "o.s.w.s.m.m.a.RequestResponseBodyMethodProcessor",
                    "message": "Writing [com.zbkj.common.response.CommonResult@1ca11fd5]" }
                    
{
                    "app": "Crmeb",
                    "timestamp":"2025-09-23 18:44:15.924",
                    "level": "DEBUG",
                    "thread": "http-nio-8081-exec-27",
                    "class": "o.s.web.servlet.DispatcherServlet",
                    "message": "Completed 200 OK" }
                    
{
                    "app": "Crmeb",
                    "timestamp":"2025-09-23 18:44:15.944",
                    "level": "DEBUG",
                    "thread": "http-nio-8081-exec-17",
                    "class": "o.s.web.servlet.DispatcherServlet",
                    "message": "GET "/api/pc/address/all/list", parameters={}" }
                    
{
                    "app": "Crmeb",
                    "timestamp":"2025-09-23 18:44:15.945",
                    "level": "DEBUG",
                    "thread": "http-nio-8081-exec-17",
                    "class": "o.s.w.s.m.m.a.RequestMappingHandlerMapping",
                    "message": "Mapped to com.zbkj.front.pc.controller.PcUserAddressController#getAllList()" }
                    
{
                    "app": "Crmeb",
                    "timestamp":"2025-09-23 18:44:15.946",
                    "level": "DEBUG",
                    "thread": "http-nio-8081-exec-19",
                    "class": "o.s.web.servlet.DispatcherServlet",
                    "message": "GET "/api/front/coupons/order/1701758624255d9393564eced41648cfa75479b241bd8", parameters={}" }
                    
{
                    "app": "Crmeb",
                    "timestamp":"2025-09-23 18:44:15.946",
                    "level": "DEBUG",
                    "thread": "http-nio-8081-exec-23",
                    "class": "o.s.web.servlet.DispatcherServlet",
                    "message": "GET "/api/front/order/load/pre/1701758624255d9393564eced41648cfa75479b241bd8", parameters={}" }
                    
{
                    "app": "Crmeb",
                    "timestamp":"2025-09-23 18:44:15.946",
                    "level": "DEBUG",
                    "thread": "http-nio-8081-exec-19",
                    "class": "o.s.w.s.m.m.a.RequestMappingHandlerMapping",
                    "message": "Mapped to com.zbkj.front.controller.CouponController#getCouponsListByPreOrderNo(String)" }
                    
{
                    "app": "Crmeb",
                    "timestamp":"2025-09-23 18:44:15.946",
                    "level": "DEBUG",
                    "thread": "http-nio-8081-exec-23",
                    "class": "o.s.w.s.m.m.a.RequestMappingHandlerMapping",
                    "message": "Mapped to com.zbkj.front.controller.StoreOrderController#loadPreOrder(String)" }
                    
{
                    "app": "Crmeb",
                    "timestamp":"2025-09-23 18:44:15.948",
                    "level": "DEBUG",
                    "thread": "http-nio-8081-exec-23",
                    "class": "o.s.w.s.m.m.a.RequestResponseBodyMethodProcessor",
                    "message": "Using 'application/json', given [application/json, text/plain, */*] and supported [application/json, application/*+json, application/json, application/*+json]" }
                    
{
                    "app": "Crmeb",
                    "timestamp":"2025-09-23 18:44:15.948",
                    "level": "DEBUG",
                    "thread": "http-nio-8081-exec-23",
                    "class": "o.s.w.s.m.m.a.RequestResponseBodyMethodProcessor",
                    "message": "Writing [com.zbkj.common.response.CommonResult@482c3ce1]" }
                    
{
                    "app": "Crmeb",
                    "timestamp":"2025-09-23 18:44:15.949",
                    "level": "DEBUG",
                    "thread": "http-nio-8081-exec-23",
                    "class": "o.s.web.servlet.DispatcherServlet",
                    "message": "Completed 200 OK" }
                    
{
                    "app": "Crmeb",
                    "timestamp":"2025-09-23 18:44:15.949",
                    "level": "DEBUG",
                    "thread": "http-nio-8081-exec-17",
                    "class": "o.s.w.s.m.m.a.RequestResponseBodyMethodProcessor",
                    "message": "Using 'application/json', given [application/json, text/plain, */*] and supported [application/json, application/*+json, application/json, application/*+json]" }
                    
{
                    "app": "Crmeb",
                    "timestamp":"2025-09-23 18:44:15.950",
                    "level": "DEBUG",
                    "thread": "http-nio-8081-exec-17",
                    "class": "o.s.w.s.m.m.a.RequestResponseBodyMethodProcessor",
                    "message": "Writing [com.zbkj.common.response.CommonResult@14a7a3cb]" }
                    
{
                    "app": "Crmeb",
                    "timestamp":"2025-09-23 18:44:15.950",
                    "level": "DEBUG",
                    "thread": "http-nio-8081-exec-17",
                    "class": "o.s.web.servlet.DispatcherServlet",
                    "message": "Completed 200 OK" }
                    
{
                    "app": "Crmeb",
                    "timestamp":"2025-09-23 18:44:15.951",
                    "level": "DEBUG",
                    "thread": "http-nio-8081-exec-19",
                    "class": "o.s.w.s.m.m.a.RequestResponseBodyMethodProcessor",
                    "message": "Using 'application/json', given [application/json, text/plain, */*] and supported [application/json, application/*+json, application/json, application/*+json]" }
                    
{
                    "app": "Crmeb",
                    "timestamp":"2025-09-23 18:44:15.951",
                    "level": "DEBUG",
                    "thread": "http-nio-8081-exec-19",
                    "class": "o.s.w.s.m.m.a.RequestResponseBodyMethodProcessor",
                    "message": "Writing [com.zbkj.common.response.CommonResult@1a2a0d3c]" }
                    
{
                    "app": "Crmeb",
                    "timestamp":"2025-09-23 18:44:15.951",
                    "level": "DEBUG",
                    "thread": "http-nio-8081-exec-19",
                    "class": "o.s.web.servlet.DispatcherServlet",
                    "message": "Completed 200 OK" }
                    
{
                    "app": "Crmeb",
                    "timestamp":"2025-09-23 18:44:24.981",
                    "level": "DEBUG",
                    "thread": "http-nio-8081-exec-22",
                    "class": "o.s.web.servlet.DispatcherServlet",
                    "message": "POST "/api/front/order/create", parameters={}" }
                    
{
                    "app": "Crmeb",
                    "timestamp":"2025-09-23 18:44:24.981",
                    "level": "DEBUG",
                    "thread": "http-nio-8081-exec-22",
                    "class": "o.s.w.s.m.m.a.RequestMappingHandlerMapping",
                    "message": "Mapped to com.zbkj.front.controller.StoreOrderController#createOrder(CreateOrderRequest)" }
                    
{
                    "app": "Crmeb",
                    "timestamp":"2025-09-23 18:44:24.984",
                    "level": "DEBUG",
                    "thread": "http-nio-8081-exec-22",
                    "class": "o.s.w.s.m.m.a.RequestResponseBodyMethodProcessor",
                    "message": "Read "application/json;charset=UTF-8" to [CreateOrderRequest(preOrderNo=1701758624255d9393564eced41648cfa75479b241bd8, addressId=1, couponId=n (truncated)...]" }
                    
{
                    "app": "Crmeb",
                    "timestamp":"2025-09-23 18:44:25.000",
                    "level": "DEBUG",
                    "thread": "http-nio-8081-exec-22",
                    "class": "o.s.w.s.m.m.a.ExceptionHandlerExceptionResolver",
                    "message": "Using @ExceptionHandler com.zbkj.common.exception.GlobalExceptionHandler#defaultExceptionHandler(Exception)" }
                    
{
                    "app": "Crmeb",
                    "timestamp":"2025-09-23 18:44:25.012",
                    "level": "DEBUG",
                    "thread": "http-nio-8081-exec-22",
                    "class": "o.s.w.s.m.m.a.RequestResponseBodyMethodProcessor",
                    "message": "Using 'application/json', given [application/json, text/plain, */*] and supported [application/json, application/*+json, application/json, application/*+json]" }
                    
{
                    "app": "Crmeb",
                    "timestamp":"2025-09-23 18:44:25.012",
                    "level": "DEBUG",
                    "thread": "http-nio-8081-exec-22",
                    "class": "o.s.w.s.m.m.a.RequestResponseBodyMethodProcessor",
                    "message": "Writing [com.zbkj.common.response.CommonResult@79303f47]" }
                    
{
                    "app": "Crmeb",
                    "timestamp":"2025-09-23 18:44:25.012",
                    "level": "DEBUG",
                    "thread": "http-nio-8081-exec-22",
                    "class": "o.s.w.s.m.m.a.ExceptionHandlerExceptionResolver",
                    "message": "Resolved [com.zbkj.common.exception.CrmebException: 此支付方式暂不支持，请刷新页面或联系管理员]" }
                    
{
                    "app": "Crmeb",
                    "timestamp":"2025-09-23 18:44:25.012",
                    "level": "DEBUG",
                    "thread": "http-nio-8081-exec-22",
                    "class": "o.s.web.servlet.DispatcherServlet",
                    "message": "Completed 200 OK" }
                    
{
                    "app": "Crmeb",
                    "timestamp":"2025-09-23 18:44:41.846",
                    "level": "DEBUG",
                    "thread": "http-nio-8081-exec-9",
                    "class": "o.s.web.servlet.DispatcherServlet",
                    "message": "GET "/api/front/user/info", parameters={}" }
                    
{
                    "app": "Crmeb",
                    "timestamp":"2025-09-23 18:44:41.850",
                    "level": "DEBUG",
                    "thread": "http-nio-8081-exec-9",
                    "class": "o.s.w.s.m.m.a.RequestMappingHandlerMapping",
                    "message": "Mapped to com.zbkj.front.controller.UserController#getUserCenter()" }
                    
{
                    "app": "Crmeb",
                    "timestamp":"2025-09-23 18:44:41.860",
                    "level": "DEBUG",
                    "thread": "http-nio-8081-exec-9",
                    "class": "o.s.w.s.m.m.a.RequestResponseBodyMethodProcessor",
                    "message": "Using 'application/json', given [application/json, text/plain, */*] and supported [application/json, application/*+json, application/json, application/*+json]" }
                    
{
                    "app": "Crmeb",
                    "timestamp":"2025-09-23 18:44:41.860",
                    "level": "DEBUG",
                    "thread": "http-nio-8081-exec-9",
                    "class": "o.s.w.s.m.m.a.RequestResponseBodyMethodProcessor",
                    "message": "Writing [com.zbkj.common.response.CommonResult@3c9247fb]" }
                    
{
                    "app": "Crmeb",
                    "timestamp":"2025-09-23 18:44:41.861",
                    "level": "DEBUG",
                    "thread": "http-nio-8081-exec-9",
                    "class": "o.s.web.servlet.DispatcherServlet",
                    "message": "Completed 200 OK" }
                    
{
                    "app": "Crmeb",
                    "timestamp":"2025-09-23 18:44:41.880",
                    "level": "DEBUG",
                    "thread": "http-nio-8081-exec-13",
                    "class": "o.s.web.servlet.DispatcherServlet",
                    "message": "GET "/api/pc/address/all/list", parameters={}" }
                    
{
                    "app": "Crmeb",
                    "timestamp":"2025-09-23 18:44:41.880",
                    "level": "DEBUG",
                    "thread": "http-nio-8081-exec-3",
                    "class": "o.s.web.servlet.DispatcherServlet",
                    "message": "GET "/api/front/pay/method", parameters={}" }
                    
{
                    "app": "Crmeb",
                    "timestamp":"2025-09-23 18:44:41.882",
                    "level": "DEBUG",
                    "thread": "http-nio-8081-exec-13",
                    "class": "o.s.w.s.m.m.a.RequestMappingHandlerMapping",
                    "message": "Mapped to com.zbkj.front.pc.controller.PcUserAddressController#getAllList()" }
                    
{
                    "app": "Crmeb",
                    "timestamp":"2025-09-23 18:44:41.882",
                    "level": "DEBUG",
                    "thread": "http-nio-8081-exec-3",
                    "class": "o.s.w.s.m.m.a.RequestMappingHandlerMapping",
                    "message": "Mapped to com.zbkj.front.controller.PayController#getPayMethod()" }
                    
{
                    "app": "Crmeb",
                    "timestamp":"2025-09-23 18:44:41.885",
                    "level": "DEBUG",
                    "thread": "http-nio-8081-exec-13",
                    "class": "o.s.w.s.m.m.a.RequestResponseBodyMethodProcessor",
                    "message": "Using 'application/json', given [application/json, text/plain, */*] and supported [application/json, application/*+json, application/json, application/*+json]" }
                    
{
                    "app": "Crmeb",
                    "timestamp":"2025-09-23 18:44:41.885",
                    "level": "DEBUG",
                    "thread": "http-nio-8081-exec-13",
                    "class": "o.s.w.s.m.m.a.RequestResponseBodyMethodProcessor",
                    "message": "Writing [com.zbkj.common.response.CommonResult@7fcb6473]" }
                    
{
                    "app": "Crmeb",
                    "timestamp":"2025-09-23 18:44:41.885",
                    "level": "DEBUG",
                    "thread": "http-nio-8081-exec-13",
                    "class": "o.s.web.servlet.DispatcherServlet",
                    "message": "Completed 200 OK" }
                    
{
                    "app": "Crmeb",
                    "timestamp":"2025-09-23 18:44:41.887",
                    "level": "DEBUG",
                    "thread": "http-nio-8081-exec-3",
                    "class": "o.s.w.s.m.m.a.RequestResponseBodyMethodProcessor",
                    "message": "Using 'application/json', given [application/json, text/plain, */*] and supported [application/json, application/*+json, application/json, application/*+json]" }
                    
{
                    "app": "Crmeb",
                    "timestamp":"2025-09-23 18:44:41.887",
                    "level": "DEBUG",
                    "thread": "http-nio-8081-exec-3",
                    "class": "o.s.w.s.m.m.a.RequestResponseBodyMethodProcessor",
                    "message": "Writing [com.zbkj.common.response.CommonResult@448b9135]" }
                    
{
                    "app": "Crmeb",
                    "timestamp":"2025-09-23 18:44:41.887",
                    "level": "DEBUG",
                    "thread": "http-nio-8081-exec-3",
                    "class": "o.s.web.servlet.DispatcherServlet",
                    "message": "Completed 200 OK" }
                    
{
                    "app": "Crmeb",
                    "timestamp":"2025-09-23 18:44:41.918",
                    "level": "DEBUG",
                    "thread": "http-nio-8081-exec-16",
                    "class": "o.s.web.servlet.DispatcherServlet",
                    "message": "GET "/api/pc/address/all/list", parameters={}" }
                    
{
                    "app": "Crmeb",
                    "timestamp":"2025-09-23 18:44:41.919",
                    "level": "DEBUG",
                    "thread": "http-nio-8081-exec-16",
                    "class": "o.s.w.s.m.m.a.RequestMappingHandlerMapping",
                    "message": "Mapped to com.zbkj.front.pc.controller.PcUserAddressController#getAllList()" }
                    
{
                    "app": "Crmeb",
                    "timestamp":"2025-09-23 18:44:41.921",
                    "level": "DEBUG",
                    "thread": "http-nio-8081-exec-11",
                    "class": "o.s.web.servlet.DispatcherServlet",
                    "message": "GET "/api/front/order/load/pre/1701758624255d9393564eced41648cfa75479b241bd8", parameters={}" }
                    
{
                    "app": "Crmeb",
                    "timestamp":"2025-09-23 18:44:41.921",
                    "level": "DEBUG",
                    "thread": "http-nio-8081-exec-25",
                    "class": "o.s.web.servlet.DispatcherServlet",
                    "message": "GET "/api/front/coupons/order/1701758624255d9393564eced41648cfa75479b241bd8", parameters={}" }
                    
{
                    "app": "Crmeb",
                    "timestamp":"2025-09-23 18:44:41.921",
                    "level": "DEBUG",
                    "thread": "http-nio-8081-exec-10",
                    "class": "o.s.web.servlet.DispatcherServlet",
                    "message": "GET "/api/front/user/menu/user", parameters={}" }
                    
{
                    "app": "Crmeb",
                    "timestamp":"2025-09-23 18:44:41.921",
                    "level": "DEBUG",
                    "thread": "http-nio-8081-exec-15",
                    "class": "o.s.web.servlet.DispatcherServlet",
                    "message": "POST "/api/front/login/token/is/exist", parameters={}" }
                    
{
                    "app": "Crmeb",
                    "timestamp":"2025-09-23 18:44:41.921",
                    "level": "DEBUG",
                    "thread": "http-nio-8081-exec-12",
                    "class": "o.s.web.servlet.DispatcherServlet",
                    "message": "GET "/api/front/cart/count?numType=true&type=total", parameters={masked}" }
                    
{
                    "app": "Crmeb",
                    "timestamp":"2025-09-23 18:44:41.922",
                    "level": "DEBUG",
                    "thread": "http-nio-8081-exec-10",
                    "class": "o.s.w.s.m.m.a.RequestMappingHandlerMapping",
                    "message": "Mapped to com.zbkj.front.controller.UserController#getMenuUser()" }
                    
{
                    "app": "Crmeb",
                    "timestamp":"2025-09-23 18:44:41.922",
                    "level": "DEBUG",
                    "thread": "http-nio-8081-exec-11",
                    "class": "o.s.w.s.m.m.a.RequestMappingHandlerMapping",
                    "message": "Mapped to com.zbkj.front.controller.StoreOrderController#loadPreOrder(String)" }
                    
{
                    "app": "Crmeb",
                    "timestamp":"2025-09-23 18:44:41.922",
                    "level": "DEBUG",
                    "thread": "http-nio-8081-exec-25",
                    "class": "o.s.w.s.m.m.a.RequestMappingHandlerMapping",
                    "message": "Mapped to com.zbkj.front.controller.CouponController#getCouponsListByPreOrderNo(String)" }
                    
{
                    "app": "Crmeb",
                    "timestamp":"2025-09-23 18:44:41.922",
                    "level": "DEBUG",
                    "thread": "http-nio-8081-exec-15",
                    "class": "o.s.w.s.m.m.a.RequestMappingHandlerMapping",
                    "message": "Mapped to com.zbkj.front.controller.LoginController#tokenIsExist()" }
                    
{
                    "app": "Crmeb",
                    "timestamp":"2025-09-23 18:44:41.922",
                    "level": "DEBUG",
                    "thread": "http-nio-8081-exec-12",
                    "class": "o.s.w.s.m.m.a.RequestMappingHandlerMapping",
                    "message": "Mapped to com.zbkj.front.controller.CartController#count(CartNumRequest)" }
                    
{
                    "app": "Crmeb",
                    "timestamp":"2025-09-23 18:44:41.926",
                    "level": "DEBUG",
                    "thread": "http-nio-8081-exec-11",
                    "class": "o.s.w.s.m.m.a.RequestResponseBodyMethodProcessor",
                    "message": "Using 'application/json', given [application/json, text/plain, */*] and supported [application/json, application/*+json, application/json, application/*+json]" }
                    
{
                    "app": "Crmeb",
                    "timestamp":"2025-09-23 18:44:41.926",
                    "level": "DEBUG",
                    "thread": "http-nio-8081-exec-16",
                    "class": "o.s.w.s.m.m.a.RequestResponseBodyMethodProcessor",
                    "message": "Using 'application/json', given [application/json, text/plain, */*] and supported [application/json, application/*+json, application/json, application/*+json]" }
                    
{
                    "app": "Crmeb",
                    "timestamp":"2025-09-23 18:44:41.926",
                    "level": "DEBUG",
                    "thread": "http-nio-8081-exec-15",
                    "class": "o.s.w.s.m.m.a.RequestResponseBodyMethodProcessor",
                    "message": "Using 'application/json', given [application/json, text/plain, */*] and supported [application/json, application/*+json, application/json, application/*+json]" }
                    
{
                    "app": "Crmeb",
                    "timestamp":"2025-09-23 18:44:41.926",
                    "level": "DEBUG",
                    "thread": "http-nio-8081-exec-11",
                    "class": "o.s.w.s.m.m.a.RequestResponseBodyMethodProcessor",
                    "message": "Writing [com.zbkj.common.response.CommonResult@32aeb9ca]" }
                    
{
                    "app": "Crmeb",
                    "timestamp":"2025-09-23 18:44:41.927",
                    "level": "DEBUG",
                    "thread": "http-nio-8081-exec-16",
                    "class": "o.s.w.s.m.m.a.RequestResponseBodyMethodProcessor",
                    "message": "Writing [com.zbkj.common.response.CommonResult@78fa2deb]" }
                    
{
                    "app": "Crmeb",
                    "timestamp":"2025-09-23 18:44:41.927",
                    "level": "DEBUG",
                    "thread": "http-nio-8081-exec-15",
                    "class": "o.s.w.s.m.m.a.RequestResponseBodyMethodProcessor",
                    "message": "Writing [com.zbkj.common.response.CommonResult@6acf0400]" }
                    
{
                    "app": "Crmeb",
                    "timestamp":"2025-09-23 18:44:41.927",
                    "level": "DEBUG",
                    "thread": "http-nio-8081-exec-11",
                    "class": "o.s.web.servlet.DispatcherServlet",
                    "message": "Completed 200 OK" }
                    
{
                    "app": "Crmeb",
                    "timestamp":"2025-09-23 18:44:41.927",
                    "level": "DEBUG",
                    "thread": "http-nio-8081-exec-16",
                    "class": "o.s.web.servlet.DispatcherServlet",
                    "message": "Completed 200 OK" }
                    
{
                    "app": "Crmeb",
                    "timestamp":"2025-09-23 18:44:41.927",
                    "level": "DEBUG",
                    "thread": "http-nio-8081-exec-15",
                    "class": "o.s.web.servlet.DispatcherServlet",
                    "message": "Completed 200 OK" }
                    
{
                    "app": "Crmeb",
                    "timestamp":"2025-09-23 18:44:41.929",
                    "level": "DEBUG",
                    "thread": "http-nio-8081-exec-12",
                    "class": "o.s.w.s.m.m.a.RequestResponseBodyMethodProcessor",
                    "message": "Using 'application/json', given [application/json, text/plain, */*] and supported [application/json, application/*+json, application/json, application/*+json]" }
                    
{
                    "app": "Crmeb",
                    "timestamp":"2025-09-23 18:44:41.929",
                    "level": "DEBUG",
                    "thread": "http-nio-8081-exec-25",
                    "class": "o.s.w.s.m.m.a.RequestResponseBodyMethodProcessor",
                    "message": "Using 'application/json', given [application/json, text/plain, */*] and supported [application/json, application/*+json, application/json, application/*+json]" }
                    
{
                    "app": "Crmeb",
                    "timestamp":"2025-09-23 18:44:41.929",
                    "level": "DEBUG",
                    "thread": "http-nio-8081-exec-12",
                    "class": "o.s.w.s.m.m.a.RequestResponseBodyMethodProcessor",
                    "message": "Writing [com.zbkj.common.response.CommonResult@6b53144b]" }
                    
{
                    "app": "Crmeb",
                    "timestamp":"2025-09-23 18:44:41.929",
                    "level": "DEBUG",
                    "thread": "http-nio-8081-exec-25",
                    "class": "o.s.w.s.m.m.a.RequestResponseBodyMethodProcessor",
                    "message": "Writing [com.zbkj.common.response.CommonResult@4674c1e1]" }
                    
{
                    "app": "Crmeb",
                    "timestamp":"2025-09-23 18:44:41.930",
                    "level": "DEBUG",
                    "thread": "http-nio-8081-exec-27",
                    "class": "o.s.web.servlet.DispatcherServlet",
                    "message": "GET "/api/front/product/category", parameters={}" }
                    
{
                    "app": "Crmeb",
                    "timestamp":"2025-09-23 18:44:41.930",
                    "level": "DEBUG",
                    "thread": "http-nio-8081-exec-20",
                    "class": "o.s.web.servlet.DispatcherServlet",
                    "message": "GET "/api/front/search/keyword", parameters={}" }
                    
{
                    "app": "Crmeb",
                    "timestamp":"2025-09-23 18:44:41.930",
                    "level": "DEBUG",
                    "thread": "http-nio-8081-exec-12",
                    "class": "o.s.web.servlet.DispatcherServlet",
                    "message": "Completed 200 OK" }
                    
{
                    "app": "Crmeb",
                    "timestamp":"2025-09-23 18:44:41.930",
                    "level": "DEBUG",
                    "thread": "http-nio-8081-exec-25",
                    "class": "o.s.web.servlet.DispatcherServlet",
                    "message": "Completed 200 OK" }
                    
{
                    "app": "Crmeb",
                    "timestamp":"2025-09-23 18:44:41.930",
                    "level": "DEBUG",
                    "thread": "http-nio-8081-exec-27",
                    "class": "o.s.w.s.m.m.a.RequestMappingHandlerMapping",
                    "message": "Mapped to com.zbkj.front.controller.ProductController#getCategory()" }
                    
{
                    "app": "Crmeb",
                    "timestamp":"2025-09-23 18:44:41.931",
                    "level": "DEBUG",
                    "thread": "http-nio-8081-exec-20",
                    "class": "o.s.w.s.m.m.a.RequestMappingHandlerMapping",
                    "message": "Mapped to com.zbkj.front.controller.IndexController#hotKeywords()" }
                    
{
                    "app": "Crmeb",
                    "timestamp":"2025-09-23 18:44:41.932",
                    "level": "DEBUG",
                    "thread": "http-nio-8081-exec-26",
                    "class": "o.s.web.servlet.DispatcherServlet",
                    "message": "GET "/api/front/cart/count?numType=true&type=total", parameters={masked}" }
                    
{
                    "app": "Crmeb",
                    "timestamp":"2025-09-23 18:44:41.933",
                    "level": "DEBUG",
                    "thread": "http-nio-8081-exec-26",
                    "class": "o.s.w.s.m.m.a.RequestMappingHandlerMapping",
                    "message": "Mapped to com.zbkj.front.controller.CartController#count(CartNumRequest)" }
                    
{
                    "app": "Crmeb",
                    "timestamp":"2025-09-23 18:44:41.935",
                    "level": "DEBUG",
                    "thread": "http-nio-8081-exec-27",
                    "class": "o.s.w.s.m.m.a.RequestResponseBodyMethodProcessor",
                    "message": "Using 'application/json', given [application/json, text/plain, */*] and supported [application/json, application/*+json, application/json, application/*+json]" }
                    
{
                    "app": "Crmeb",
                    "timestamp":"2025-09-23 18:44:41.935",
                    "level": "DEBUG",
                    "thread": "http-nio-8081-exec-27",
                    "class": "o.s.w.s.m.m.a.RequestResponseBodyMethodProcessor",
                    "message": "Writing [com.zbkj.common.response.CommonResult@472d5998]" }
                    
{
                    "app": "Crmeb",
                    "timestamp":"2025-09-23 18:44:41.935",
                    "level": "DEBUG",
                    "thread": "http-nio-8081-exec-27",
                    "class": "o.s.web.servlet.DispatcherServlet",
                    "message": "Completed 200 OK" }
                    
{
                    "app": "Crmeb",
                    "timestamp":"2025-09-23 18:44:41.938",
                    "level": "DEBUG",
                    "thread": "http-nio-8081-exec-10",
                    "class": "o.s.w.s.m.m.a.RequestResponseBodyMethodProcessor",
                    "message": "Using 'application/json', given [application/json, text/plain, */*] and supported [application/json, application/*+json, application/json, application/*+json]" }
                    
{
                    "app": "Crmeb",
                    "timestamp":"2025-09-23 18:44:41.938",
                    "level": "DEBUG",
                    "thread": "http-nio-8081-exec-10",
                    "class": "o.s.w.s.m.m.a.RequestResponseBodyMethodProcessor",
                    "message": "Writing [com.zbkj.common.response.CommonResult@49eccd34]" }
                    
{
                    "app": "Crmeb",
                    "timestamp":"2025-09-23 18:44:41.938",
                    "level": "DEBUG",
                    "thread": "http-nio-8081-exec-10",
                    "class": "o.s.web.servlet.DispatcherServlet",
                    "message": "Completed 200 OK" }
                    
{
                    "app": "Crmeb",
                    "timestamp":"2025-09-23 18:44:41.938",
                    "level": "DEBUG",
                    "thread": "http-nio-8081-exec-26",
                    "class": "o.s.w.s.m.m.a.RequestResponseBodyMethodProcessor",
                    "message": "Using 'application/json', given [application/json, text/plain, */*] and supported [application/json, application/*+json, application/json, application/*+json]" }
                    
{
                    "app": "Crmeb",
                    "timestamp":"2025-09-23 18:44:41.938",
                    "level": "DEBUG",
                    "thread": "http-nio-8081-exec-20",
                    "class": "o.s.w.s.m.m.a.RequestResponseBodyMethodProcessor",
                    "message": "Using 'application/json', given [application/json, text/plain, */*] and supported [application/json, application/*+json, application/json, application/*+json]" }
                    
{
                    "app": "Crmeb",
                    "timestamp":"2025-09-23 18:44:41.939",
                    "level": "DEBUG",
                    "thread": "http-nio-8081-exec-26",
                    "class": "o.s.w.s.m.m.a.RequestResponseBodyMethodProcessor",
                    "message": "Writing [com.zbkj.common.response.CommonResult@401c789e]" }
                    
{
                    "app": "Crmeb",
                    "timestamp":"2025-09-23 18:44:41.939",
                    "level": "DEBUG",
                    "thread": "http-nio-8081-exec-20",
                    "class": "o.s.w.s.m.m.a.RequestResponseBodyMethodProcessor",
                    "message": "Writing [com.zbkj.common.response.CommonResult@5221ed7b]" }
                    
{
                    "app": "Crmeb",
                    "timestamp":"2025-09-23 18:44:41.939",
                    "level": "DEBUG",
                    "thread": "http-nio-8081-exec-20",
                    "class": "o.s.web.servlet.DispatcherServlet",
                    "message": "Completed 200 OK" }
                    
{
                    "app": "Crmeb",
                    "timestamp":"2025-09-23 18:44:41.939",
                    "level": "DEBUG",
                    "thread": "http-nio-8081-exec-26",
                    "class": "o.s.web.servlet.DispatcherServlet",
                    "message": "Completed 200 OK" }
                    
{
                    "app": "Crmeb",
                    "timestamp":"2025-09-23 18:44:41.945",
                    "level": "DEBUG",
                    "thread": "http-nio-8081-exec-29",
                    "class": "o.s.web.servlet.DispatcherServlet",
                    "message": "GET "/api/front/user/menu/user", parameters={}" }
                    
{
                    "app": "Crmeb",
                    "timestamp":"2025-09-23 18:44:41.946",
                    "level": "DEBUG",
                    "thread": "http-nio-8081-exec-29",
                    "class": "o.s.w.s.m.m.a.RequestMappingHandlerMapping",
                    "message": "Mapped to com.zbkj.front.controller.UserController#getMenuUser()" }
                    
{
                    "app": "Crmeb",
                    "timestamp":"2025-09-23 18:44:41.953",
                    "level": "DEBUG",
                    "thread": "http-nio-8081-exec-29",
                    "class": "o.s.w.s.m.m.a.RequestResponseBodyMethodProcessor",
                    "message": "Using 'application/json', given [application/json, text/plain, */*] and supported [application/json, application/*+json, application/json, application/*+json]" }
                    
{
                    "app": "Crmeb",
                    "timestamp":"2025-09-23 18:44:41.953",
                    "level": "DEBUG",
                    "thread": "http-nio-8081-exec-29",
                    "class": "o.s.w.s.m.m.a.RequestResponseBodyMethodProcessor",
                    "message": "Writing [com.zbkj.common.response.CommonResult@76d5acd9]" }
                    
{
                    "app": "Crmeb",
                    "timestamp":"2025-09-23 18:44:41.954",
                    "level": "DEBUG",
                    "thread": "http-nio-8081-exec-29",
                    "class": "o.s.web.servlet.DispatcherServlet",
                    "message": "Completed 200 OK" }
                    
{
                    "app": "Crmeb",
                    "timestamp":"2025-09-23 18:44:48.815",
                    "level": "DEBUG",
                    "thread": "http-nio-8081-exec-19",
                    "class": "o.s.web.servlet.DispatcherServlet",
                    "message": "POST "/api/front/order/create", parameters={}" }
                    
{
                    "app": "Crmeb",
                    "timestamp":"2025-09-23 18:44:48.816",
                    "level": "DEBUG",
                    "thread": "http-nio-8081-exec-19",
                    "class": "o.s.w.s.m.m.a.RequestMappingHandlerMapping",
                    "message": "Mapped to com.zbkj.front.controller.StoreOrderController#createOrder(CreateOrderRequest)" }
                    
{
                    "app": "Crmeb",
                    "timestamp":"2025-09-23 18:44:48.817",
                    "level": "DEBUG",
                    "thread": "http-nio-8081-exec-19",
                    "class": "o.s.w.s.m.m.a.RequestResponseBodyMethodProcessor",
                    "message": "Read "application/json;charset=UTF-8" to [CreateOrderRequest(preOrderNo=1701758624255d9393564eced41648cfa75479b241bd8, addressId=1, couponId=n (truncated)...]" }
                    
{
                    "app": "Crmeb",
                    "timestamp":"2025-09-23 18:44:48.821",
                    "level": "DEBUG",
                    "thread": "http-nio-8081-exec-19",
                    "class": "o.s.w.s.m.m.a.ExceptionHandlerExceptionResolver",
                    "message": "Using @ExceptionHandler com.zbkj.common.exception.GlobalExceptionHandler#defaultExceptionHandler(Exception)" }
                    
{
                    "app": "Crmeb",
                    "timestamp":"2025-09-23 18:44:48.831",
                    "level": "DEBUG",
                    "thread": "http-nio-8081-exec-19",
                    "class": "o.s.w.s.m.m.a.RequestResponseBodyMethodProcessor",
                    "message": "Using 'application/json', given [application/json, text/plain, */*] and supported [application/json, application/*+json, application/json, application/*+json]" }
                    
{
                    "app": "Crmeb",
                    "timestamp":"2025-09-23 18:44:48.832",
                    "level": "DEBUG",
                    "thread": "http-nio-8081-exec-19",
                    "class": "o.s.w.s.m.m.a.RequestResponseBodyMethodProcessor",
                    "message": "Writing [com.zbkj.common.response.CommonResult@346f9a69]" }
                    
{
                    "app": "Crmeb",
                    "timestamp":"2025-09-23 18:44:48.832",
                    "level": "DEBUG",
                    "thread": "http-nio-8081-exec-19",
                    "class": "o.s.w.s.m.m.a.ExceptionHandlerExceptionResolver",
                    "message": "Resolved [com.zbkj.common.exception.CrmebException: 此支付方式暂不支持，请刷新页面或联系管理员]" }
                    
{
                    "app": "Crmeb",
                    "timestamp":"2025-09-23 18:44:48.832",
                    "level": "DEBUG",
                    "thread": "http-nio-8081-exec-19",
                    "class": "o.s.web.servlet.DispatcherServlet",
                    "message": "Completed 200 OK" }
                    
{
                    "app": "Crmeb",
                    "timestamp":"2025-09-23 18:45:08.795",
                    "level": "DEBUG",
                    "thread": "http-nio-8081-exec-2",
                    "class": "o.s.web.servlet.DispatcherServlet",
                    "message": "GET "/api/pc/home/index", parameters={}" }
                    
{
                    "app": "Crmeb",
                    "timestamp":"2025-09-23 18:45:08.795",
                    "level": "DEBUG",
                    "thread": "http-nio-8081-exec-2",
                    "class": "o.s.w.s.m.m.a.RequestMappingHandlerMapping",
                    "message": "Mapped to com.zbkj.front.pc.controller.PcIndexController#getIndexInfo()" }
                    
{
                    "app": "Crmeb",
                    "timestamp":"2025-09-23 18:45:08.796",
                    "level": "DEBUG",
                    "thread": "http-nio-8081-exec-13",
                    "class": "o.s.web.servlet.DispatcherServlet",
                    "message": "GET "/api/front/merchant/street", parameters={}" }
                    
{
                    "app": "Crmeb",
                    "timestamp":"2025-09-23 18:45:08.796",
                    "level": "DEBUG",
                    "thread": "http-nio-8081-exec-6",
                    "class": "o.s.web.servlet.DispatcherServlet",
                    "message": "GET "/api/front/activity/index/list", parameters={}" }
                    
{
                    "app": "Crmeb",
                    "timestamp":"2025-09-23 18:45:08.796",
                    "level": "DEBUG",
                    "thread": "http-nio-8081-exec-14",
                    "class": "o.s.web.servlet.DispatcherServlet",
                    "message": "GET "/api/front/product/leaderboard", parameters={}" }
                    
{
                    "app": "Crmeb",
                    "timestamp":"2025-09-23 18:45:08.796",
                    "level": "DEBUG",
                    "thread": "http-nio-8081-exec-3",
                    "class": "o.s.web.servlet.DispatcherServlet",
                    "message": "GET "/api/front/index/product?page=1&limit=13", parameters={masked}" }
                    
{
                    "app": "Crmeb",
                    "timestamp":"2025-09-23 18:45:08.796",
                    "level": "DEBUG",
                    "thread": "http-nio-8081-exec-13",
                    "class": "o.s.w.s.m.m.a.RequestMappingHandlerMapping",
                    "message": "Mapped to com.zbkj.front.controller.MerchantController#getStreet(PageParamRequest)" }
                    
{
                    "app": "Crmeb",
                    "timestamp":"2025-09-23 18:45:08.797",
                    "level": "DEBUG",
                    "thread": "http-nio-8081-exec-3",
                    "class": "o.s.w.s.m.m.a.RequestMappingHandlerMapping",
                    "message": "Mapped to com.zbkj.front.controller.IndexController#getProductList(PageParamRequest)" }
                    
{
                    "app": "Crmeb",
                    "timestamp":"2025-09-23 18:45:08.797",
                    "level": "DEBUG",
                    "thread": "http-nio-8081-exec-6",
                    "class": "o.s.w.s.m.m.a.RequestMappingHandlerMapping",
                    "message": "Mapped to com.zbkj.front.controller.ActivityController#getIndexList()" }
                    
{
                    "app": "Crmeb",
                    "timestamp":"2025-09-23 18:45:08.797",
                    "level": "DEBUG",
                    "thread": "http-nio-8081-exec-14",
                    "class": "o.s.w.s.m.m.a.RequestMappingHandlerMapping",
                    "message": "Mapped to com.zbkj.front.controller.ProductController#getLeaderboard()" }
                    
{
                    "app": "Crmeb",
                    "timestamp":"2025-09-23 18:45:08.804",
                    "level": "DEBUG",
                    "thread": "http-nio-8081-exec-3",
                    "class": "o.s.w.s.m.m.a.RequestResponseBodyMethodProcessor",
                    "message": "Using 'application/json', given [application/json, text/plain, */*] and supported [application/json, application/*+json, application/json, application/*+json]" }
                    
{
                    "app": "Crmeb",
                    "timestamp":"2025-09-23 18:45:08.805",
                    "level": "DEBUG",
                    "thread": "http-nio-8081-exec-3",
                    "class": "o.s.w.s.m.m.a.RequestResponseBodyMethodProcessor",
                    "message": "Writing [com.zbkj.common.response.CommonResult@12e62615]" }
                    
{
                    "app": "Crmeb",
                    "timestamp":"2025-09-23 18:45:08.805",
                    "level": "DEBUG",
                    "thread": "http-nio-8081-exec-3",
                    "class": "o.s.web.servlet.DispatcherServlet",
                    "message": "Completed 200 OK" }
                    
{
                    "app": "Crmeb",
                    "timestamp":"2025-09-23 18:45:08.810",
                    "level": "DEBUG",
                    "thread": "http-nio-8081-exec-14",
                    "class": "o.s.w.s.m.m.a.RequestResponseBodyMethodProcessor",
                    "message": "Using 'application/json', given [application/json, text/plain, */*] and supported [application/json, application/*+json, application/json, application/*+json]" }
                    
{
                    "app": "Crmeb",
                    "timestamp":"2025-09-23 18:45:08.810",
                    "level": "DEBUG",
                    "thread": "http-nio-8081-exec-14",
                    "class": "o.s.w.s.m.m.a.RequestResponseBodyMethodProcessor",
                    "message": "Writing [com.zbkj.common.response.CommonResult@45c711cc]" }
                    
{
                    "app": "Crmeb",
                    "timestamp":"2025-09-23 18:45:08.811",
                    "level": "DEBUG",
                    "thread": "http-nio-8081-exec-14",
                    "class": "o.s.web.servlet.DispatcherServlet",
                    "message": "Completed 200 OK" }
                    
{
                    "app": "Crmeb",
                    "timestamp":"2025-09-23 18:45:08.811",
                    "level": "DEBUG",
                    "thread": "http-nio-8081-exec-13",
                    "class": "o.s.w.s.m.m.a.RequestResponseBodyMethodProcessor",
                    "message": "Using 'application/json', given [application/json, text/plain, */*] and supported [application/json, application/*+json, application/json, application/*+json]" }
                    
{
                    "app": "Crmeb",
                    "timestamp":"2025-09-23 18:45:08.812",
                    "level": "DEBUG",
                    "thread": "http-nio-8081-exec-13",
                    "class": "o.s.w.s.m.m.a.RequestResponseBodyMethodProcessor",
                    "message": "Writing [com.zbkj.common.response.CommonResult@71612c89]" }
                    
{
                    "app": "Crmeb",
                    "timestamp":"2025-09-23 18:45:08.813",
                    "level": "DEBUG",
                    "thread": "http-nio-8081-exec-13",
                    "class": "o.s.web.servlet.DispatcherServlet",
                    "message": "Completed 200 OK" }
                    
{
                    "app": "Crmeb",
                    "timestamp":"2025-09-23 18:45:08.826",
                    "level": "DEBUG",
                    "thread": "http-nio-8081-exec-6",
                    "class": "o.s.w.s.m.m.a.RequestResponseBodyMethodProcessor",
                    "message": "Using 'application/json', given [application/json, text/plain, */*] and supported [application/json, application/*+json, application/json, application/*+json]" }
                    
{
                    "app": "Crmeb",
                    "timestamp":"2025-09-23 18:45:08.826",
                    "level": "DEBUG",
                    "thread": "http-nio-8081-exec-6",
                    "class": "o.s.w.s.m.m.a.RequestResponseBodyMethodProcessor",
                    "message": "Writing [com.zbkj.common.response.CommonResult@5cacbef2]" }
                    
{
                    "app": "Crmeb",
                    "timestamp":"2025-09-23 18:45:08.826",
                    "level": "DEBUG",
                    "thread": "http-nio-8081-exec-6",
                    "class": "o.s.web.servlet.DispatcherServlet",
                    "message": "Completed 200 OK" }
                    
{
                    "app": "Crmeb",
                    "timestamp":"2025-09-23 18:45:08.828",
                    "level": "DEBUG",
                    "thread": "http-nio-8081-exec-2",
                    "class": "o.s.w.s.m.m.a.RequestResponseBodyMethodProcessor",
                    "message": "Using 'application/json', given [application/json, text/plain, */*] and supported [application/json, application/*+json, application/json, application/*+json]" }
                    
{
                    "app": "Crmeb",
                    "timestamp":"2025-09-23 18:45:08.829",
                    "level": "DEBUG",
                    "thread": "http-nio-8081-exec-2",
                    "class": "o.s.w.s.m.m.a.RequestResponseBodyMethodProcessor",
                    "message": "Writing [com.zbkj.common.response.CommonResult@5df20d0f]" }
                    
{
                    "app": "Crmeb",
                    "timestamp":"2025-09-23 18:45:08.829",
                    "level": "DEBUG",
                    "thread": "http-nio-8081-exec-2",
                    "class": "o.s.web.servlet.DispatcherServlet",
                    "message": "Completed 200 OK" }
                    
{
                    "app": "Crmeb",
                    "timestamp":"2025-09-23 18:45:08.830",
                    "level": "DEBUG",
                    "thread": "http-nio-8081-exec-28",
                    "class": "o.s.web.servlet.DispatcherServlet",
                    "message": "GET "/api/front/activity/index/list", parameters={}" }
                    
{
                    "app": "Crmeb",
                    "timestamp":"2025-09-23 18:45:08.830",
                    "level": "DEBUG",
                    "thread": "http-nio-8081-exec-28",
                    "class": "o.s.w.s.m.m.a.RequestMappingHandlerMapping",
                    "message": "Mapped to com.zbkj.front.controller.ActivityController#getIndexList()" }
                    
{
                    "app": "Crmeb",
                    "timestamp":"2025-09-23 18:45:08.840",
                    "level": "DEBUG",
                    "thread": "http-nio-8081-exec-28",
                    "class": "o.s.w.s.m.m.a.RequestResponseBodyMethodProcessor",
                    "message": "Using 'application/json', given [application/json, text/plain, */*] and supported [application/json, application/*+json, application/json, application/*+json]" }
                    
{
                    "app": "Crmeb",
                    "timestamp":"2025-09-23 18:45:08.840",
                    "level": "DEBUG",
                    "thread": "http-nio-8081-exec-28",
                    "class": "o.s.w.s.m.m.a.RequestResponseBodyMethodProcessor",
                    "message": "Writing [com.zbkj.common.response.CommonResult@38ffa65c]" }
                    
{
                    "app": "Crmeb",
                    "timestamp":"2025-09-23 18:45:08.840",
                    "level": "DEBUG",
                    "thread": "http-nio-8081-exec-28",
                    "class": "o.s.web.servlet.DispatcherServlet",
                    "message": "Completed 200 OK" }
                    
{
                    "app": "Crmeb",
                    "timestamp":"2025-09-23 18:45:08.851",
                    "level": "DEBUG",
                    "thread": "http-nio-8081-exec-1",
                    "class": "o.s.web.servlet.DispatcherServlet",
                    "message": "GET "/api/front/user/menu/user", parameters={}" }
                    
{
                    "app": "Crmeb",
                    "timestamp":"2025-09-23 18:45:08.851",
                    "level": "DEBUG",
                    "thread": "http-nio-8081-exec-1",
                    "class": "o.s.w.s.m.m.a.RequestMappingHandlerMapping",
                    "message": "Mapped to com.zbkj.front.controller.UserController#getMenuUser()" }
                    
{
                    "app": "Crmeb",
                    "timestamp":"2025-09-23 18:45:08.852",
                    "level": "DEBUG",
                    "thread": "http-nio-8081-exec-7",
                    "class": "o.s.web.servlet.DispatcherServlet",
                    "message": "GET "/api/front/cart/count?numType=true&type=total", parameters={masked}" }
                    
{
                    "app": "Crmeb",
                    "timestamp":"2025-09-23 18:45:08.853",
                    "level": "DEBUG",
                    "thread": "http-nio-8081-exec-7",
                    "class": "o.s.w.s.m.m.a.RequestMappingHandlerMapping",
                    "message": "Mapped to com.zbkj.front.controller.CartController#count(CartNumRequest)" }
                    
{
                    "app": "Crmeb",
                    "timestamp":"2025-09-23 18:45:08.855",
                    "level": "DEBUG",
                    "thread": "http-nio-8081-exec-7",
                    "class": "o.s.w.s.m.m.a.RequestResponseBodyMethodProcessor",
                    "message": "Using 'application/json', given [application/json, text/plain, */*] and supported [application/json, application/*+json, application/json, application/*+json]" }
                    
{
                    "app": "Crmeb",
                    "timestamp":"2025-09-23 18:45:08.856",
                    "level": "DEBUG",
                    "thread": "http-nio-8081-exec-7",
                    "class": "o.s.w.s.m.m.a.RequestResponseBodyMethodProcessor",
                    "message": "Writing [com.zbkj.common.response.CommonResult@6f4df64c]" }
                    
{
                    "app": "Crmeb",
                    "timestamp":"2025-09-23 18:45:08.856",
                    "level": "DEBUG",
                    "thread": "http-nio-8081-exec-7",
                    "class": "o.s.web.servlet.DispatcherServlet",
                    "message": "Completed 200 OK" }
                    
{
                    "app": "Crmeb",
                    "timestamp":"2025-09-23 18:45:08.860",
                    "level": "DEBUG",
                    "thread": "http-nio-8081-exec-1",
                    "class": "o.s.w.s.m.m.a.RequestResponseBodyMethodProcessor",
                    "message": "Using 'application/json', given [application/json, text/plain, */*] and supported [application/json, application/*+json, application/json, application/*+json]" }
                    
{
                    "app": "Crmeb",
                    "timestamp":"2025-09-23 18:45:08.861",
                    "level": "DEBUG",
                    "thread": "http-nio-8081-exec-1",
                    "class": "o.s.w.s.m.m.a.RequestResponseBodyMethodProcessor",
                    "message": "Writing [com.zbkj.common.response.CommonResult@45bb2ee2]" }
                    
{
                    "app": "Crmeb",
                    "timestamp":"2025-09-23 18:45:08.862",
                    "level": "DEBUG",
                    "thread": "http-nio-8081-exec-1",
                    "class": "o.s.web.servlet.DispatcherServlet",
                    "message": "Completed 200 OK" }
                    
{
                    "app": "Crmeb",
                    "timestamp":"2025-09-23 18:45:08.892",
                    "level": "DEBUG",
                    "thread": "http-nio-8081-exec-24",
                    "class": "o.s.web.servlet.DispatcherServlet",
                    "message": "GET "/api/front/index/product?page=1&limit=13", parameters={masked}" }
                    
{
                    "app": "Crmeb",
                    "timestamp":"2025-09-23 18:45:08.892",
                    "level": "DEBUG",
                    "thread": "http-nio-8081-exec-24",
                    "class": "o.s.w.s.m.m.a.RequestMappingHandlerMapping",
                    "message": "Mapped to com.zbkj.front.controller.IndexController#getProductList(PageParamRequest)" }
                    
{
                    "app": "Crmeb",
                    "timestamp":"2025-09-23 18:45:08.901",
                    "level": "DEBUG",
                    "thread": "http-nio-8081-exec-24",
                    "class": "o.s.w.s.m.m.a.RequestResponseBodyMethodProcessor",
                    "message": "Using 'application/json', given [application/json, text/plain, */*] and supported [application/json, application/*+json, application/json, application/*+json]" }
                    
{
                    "app": "Crmeb",
                    "timestamp":"2025-09-23 18:45:08.901",
                    "level": "DEBUG",
                    "thread": "http-nio-8081-exec-24",
                    "class": "o.s.w.s.m.m.a.RequestResponseBodyMethodProcessor",
                    "message": "Writing [com.zbkj.common.response.CommonResult@5ff82151]" }
                    
{
                    "app": "Crmeb",
                    "timestamp":"2025-09-23 18:45:08.902",
                    "level": "DEBUG",
                    "thread": "http-nio-8081-exec-24",
                    "class": "o.s.web.servlet.DispatcherServlet",
                    "message": "Completed 200 OK" }
                    
{
                    "app": "Crmeb",
                    "timestamp":"2025-09-23 18:45:10.003",
                    "level": "DEBUG",
                    "thread": "http-nio-8081-exec-16",
                    "class": "o.s.web.servlet.DispatcherServlet",
                    "message": "GET "/api/front/product/detail/8", parameters={}" }
                    
{
                    "app": "Crmeb",
                    "timestamp":"2025-09-23 18:45:10.004",
                    "level": "DEBUG",
                    "thread": "http-nio-8081-exec-16",
                    "class": "o.s.w.s.m.m.a.RequestMappingHandlerMapping",
                    "message": "Mapped to com.zbkj.front.controller.ProductController#getDetail(Integer)" }
                    
{
                    "app": "Crmeb",
                    "timestamp":"2025-09-23 18:45:10.021",
                    "level": "DEBUG",
                    "thread": "http-nio-8081-exec-16",
                    "class": "o.s.w.s.m.m.a.RequestResponseBodyMethodProcessor",
                    "message": "Using 'application/json', given [application/json, text/plain, */*] and supported [application/json, application/*+json, application/json, application/*+json]" }
                    
{
                    "app": "Crmeb",
                    "timestamp":"2025-09-23 18:45:10.021",
                    "level": "DEBUG",
                    "thread": "http-nio-8081-exec-16",
                    "class": "o.s.w.s.m.m.a.RequestResponseBodyMethodProcessor",
                    "message": "Writing [com.zbkj.common.response.CommonResult@12519478]" }
                    
{
                    "app": "Crmeb",
                    "timestamp":"2025-09-23 18:45:10.022",
                    "level": "DEBUG",
                    "thread": "http-nio-8081-exec-16",
                    "class": "o.s.web.servlet.DispatcherServlet",
                    "message": "Completed 200 OK" }
                    
{
                    "app": "Crmeb",
                    "timestamp":"2025-09-23 18:45:10.039",
                    "level": "DEBUG",
                    "thread": "http-nio-8081-exec-12",
                    "class": "o.s.web.servlet.DispatcherServlet",
                    "message": "GET "/api/front/cart/count?numType=true&type=total", parameters={masked}" }
                    
{
                    "app": "Crmeb",
                    "timestamp":"2025-09-23 18:45:10.039",
                    "level": "DEBUG",
                    "thread": "http-nio-8081-exec-15",
                    "class": "o.s.web.servlet.DispatcherServlet",
                    "message": "GET "/api/front/user/menu/user", parameters={}" }
                    
{
                    "app": "Crmeb",
                    "timestamp":"2025-09-23 18:45:10.041",
                    "level": "DEBUG",
                    "thread": "http-nio-8081-exec-15",
                    "class": "o.s.w.s.m.m.a.RequestMappingHandlerMapping",
                    "message": "Mapped to com.zbkj.front.controller.UserController#getMenuUser()" }
                    
{
                    "app": "Crmeb",
                    "timestamp":"2025-09-23 18:45:10.041",
                    "level": "DEBUG",
                    "thread": "http-nio-8081-exec-12",
                    "class": "o.s.w.s.m.m.a.RequestMappingHandlerMapping",
                    "message": "Mapped to com.zbkj.front.controller.CartController#count(CartNumRequest)" }
                    
{
                    "app": "Crmeb",
                    "timestamp":"2025-09-23 18:45:10.047",
                    "level": "DEBUG",
                    "thread": "http-nio-8081-exec-12",
                    "class": "o.s.w.s.m.m.a.RequestResponseBodyMethodProcessor",
                    "message": "Using 'application/json', given [application/json, text/plain, */*] and supported [application/json, application/*+json, application/json, application/*+json]" }
                    
{
                    "app": "Crmeb",
                    "timestamp":"2025-09-23 18:45:10.047",
                    "level": "DEBUG",
                    "thread": "http-nio-8081-exec-12",
                    "class": "o.s.w.s.m.m.a.RequestResponseBodyMethodProcessor",
                    "message": "Writing [com.zbkj.common.response.CommonResult@61debb39]" }
                    
{
                    "app": "Crmeb",
                    "timestamp":"2025-09-23 18:45:10.048",
                    "level": "DEBUG",
                    "thread": "http-nio-8081-exec-12",
                    "class": "o.s.web.servlet.DispatcherServlet",
                    "message": "Completed 200 OK" }
                    
{
                    "app": "Crmeb",
                    "timestamp":"2025-09-23 18:45:10.056",
                    "level": "DEBUG",
                    "thread": "http-nio-8081-exec-15",
                    "class": "o.s.w.s.m.m.a.RequestResponseBodyMethodProcessor",
                    "message": "Using 'application/json', given [application/json, text/plain, */*] and supported [application/json, application/*+json, application/json, application/*+json]" }
                    
{
                    "app": "Crmeb",
                    "timestamp":"2025-09-23 18:45:10.056",
                    "level": "DEBUG",
                    "thread": "http-nio-8081-exec-15",
                    "class": "o.s.w.s.m.m.a.RequestResponseBodyMethodProcessor",
                    "message": "Writing [com.zbkj.common.response.CommonResult@557603bc]" }
                    
{
                    "app": "Crmeb",
                    "timestamp":"2025-09-23 18:45:10.056",
                    "level": "DEBUG",
                    "thread": "http-nio-8081-exec-15",
                    "class": "o.s.web.servlet.DispatcherServlet",
                    "message": "Completed 200 OK" }
                    
{
                    "app": "Crmeb",
                    "timestamp":"2025-09-23 18:45:10.067",
                    "level": "DEBUG",
                    "thread": "http-nio-8081-exec-29",
                    "class": "o.s.web.servlet.DispatcherServlet",
                    "message": "GET "/api/front/merchant/all/type/list", parameters={}" }
                    
{
                    "app": "Crmeb",
                    "timestamp":"2025-09-23 18:45:10.068",
                    "level": "DEBUG",
                    "thread": "http-nio-8081-exec-19",
                    "class": "o.s.web.servlet.DispatcherServlet",
                    "message": "GET "/api/front/coupons?merId=2&productId=8&useType=2&page=1&limit=20", parameters={masked}" }
                    
{
                    "app": "Crmeb",
                    "timestamp":"2025-09-23 18:45:10.068",
                    "level": "DEBUG",
                    "thread": "http-nio-8081-exec-17",
                    "class": "o.s.web.servlet.DispatcherServlet",
                    "message": "GET "/api/front/product/reply/config/8", parameters={}" }
                    
{
                    "app": "Crmeb",
                    "timestamp":"2025-09-23 18:45:10.068",
                    "level": "DEBUG",
                    "thread": "http-nio-8081-exec-22",
                    "class": "o.s.web.servlet.DispatcherServlet",
                    "message": "GET "/api/front/product/reply/list/8?page=1&limit=20&type=0", parameters={masked}" }
                    
{
                    "app": "Crmeb",
                    "timestamp":"2025-09-23 18:45:10.068",
                    "level": "DEBUG",
                    "thread": "http-nio-8081-exec-29",
                    "class": "o.s.w.s.m.m.a.RequestMappingHandlerMapping",
                    "message": "Mapped to com.zbkj.front.controller.MerchantController#allTypeList()" }
                    
{
                    "app": "Crmeb",
                    "timestamp":"2025-09-23 18:45:10.068",
                    "level": "DEBUG",
                    "thread": "http-nio-8081-exec-30",
                    "class": "o.s.web.servlet.DispatcherServlet",
                    "message": "GET "/api/front/cart/count?type=total&numType=true", parameters={masked}" }
                    
{
                    "app": "Crmeb",
                    "timestamp":"2025-09-23 18:45:10.068",
                    "level": "DEBUG",
                    "thread": "http-nio-8081-exec-9",
                    "class": "o.s.web.servlet.DispatcherServlet",
                    "message": "GET "/api/front/merchant/customer/service/info/2", parameters={}" }
                    
{
                    "app": "Crmeb",
                    "timestamp":"2025-09-23 18:45:10.068",
                    "level": "DEBUG",
                    "thread": "http-nio-8081-exec-19",
                    "class": "o.s.w.s.m.m.a.RequestMappingHandlerMapping",
                    "message": "Mapped to com.zbkj.front.controller.CouponController#getList(CouponSearchRequest, PageParamRequest)" }
                    
{
                    "app": "Crmeb",
                    "timestamp":"2025-09-23 18:45:10.068",
                    "level": "DEBUG",
                    "thread": "http-nio-8081-exec-17",
                    "class": "o.s.w.s.m.m.a.RequestMappingHandlerMapping",
                    "message": "Mapped to com.zbkj.front.controller.ProductController#getReplyCount(Integer)" }
                    
{
                    "app": "Crmeb",
                    "timestamp":"2025-09-23 18:45:10.068",
                    "level": "DEBUG",
                    "thread": "http-nio-8081-exec-30",
                    "class": "o.s.w.s.m.m.a.RequestMappingHandlerMapping",
                    "message": "Mapped to com.zbkj.front.controller.CartController#count(CartNumRequest)" }
                    
{
                    "app": "Crmeb",
                    "timestamp":"2025-09-23 18:45:10.068",
                    "level": "DEBUG",
                    "thread": "http-nio-8081-exec-22",
                    "class": "o.s.w.s.m.m.a.RequestMappingHandlerMapping",
                    "message": "Mapped to com.zbkj.front.controller.ProductController#getReplyList(Integer, Integer, PageParamRequest)" }
                    
{
                    "app": "Crmeb",
                    "timestamp":"2025-09-23 18:45:10.069",
                    "level": "DEBUG",
                    "thread": "http-nio-8081-exec-9",
                    "class": "o.s.w.s.m.m.a.RequestMappingHandlerMapping",
                    "message": "Mapped to com.zbkj.front.controller.MerchantController#getCustomerServiceInfo(Integer)" }
                    
{
                    "app": "Crmeb",
                    "timestamp":"2025-09-23 18:45:10.076",
                    "level": "DEBUG",
                    "thread": "http-nio-8081-exec-30",
                    "class": "o.s.w.s.m.m.a.RequestResponseBodyMethodProcessor",
                    "message": "Using 'application/json', given [application/json, text/plain, */*] and supported [application/json, application/*+json, application/json, application/*+json]" }
                    
{
                    "app": "Crmeb",
                    "timestamp":"2025-09-23 18:45:10.077",
                    "level": "DEBUG",
                    "thread": "http-nio-8081-exec-30",
                    "class": "o.s.w.s.m.m.a.RequestResponseBodyMethodProcessor",
                    "message": "Writing [com.zbkj.common.response.CommonResult@22e802d2]" }
                    
{
                    "app": "Crmeb",
                    "timestamp":"2025-09-23 18:45:10.077",
                    "level": "DEBUG",
                    "thread": "http-nio-8081-exec-30",
                    "class": "o.s.web.servlet.DispatcherServlet",
                    "message": "Completed 200 OK" }
                    
{
                    "app": "Crmeb",
                    "timestamp":"2025-09-23 18:45:10.077",
                    "level": "DEBUG",
                    "thread": "http-nio-8081-exec-22",
                    "class": "o.s.w.s.m.m.a.RequestResponseBodyMethodProcessor",
                    "message": "Using 'application/json', given [application/json, text/plain, */*] and supported [application/json, application/*+json, application/json, application/*+json]" }
                    
{
                    "app": "Crmeb",
                    "timestamp":"2025-09-23 18:45:10.078",
                    "level": "DEBUG",
                    "thread": "http-nio-8081-exec-22",
                    "class": "o.s.w.s.m.m.a.RequestResponseBodyMethodProcessor",
                    "message": "Writing [com.zbkj.common.response.CommonResult@22ec5d8]" }
                    
{
                    "app": "Crmeb",
                    "timestamp":"2025-09-23 18:45:10.078",
                    "level": "DEBUG",
                    "thread": "http-nio-8081-exec-22",
                    "class": "o.s.web.servlet.DispatcherServlet",
                    "message": "Completed 200 OK" }
                    
{
                    "app": "Crmeb",
                    "timestamp":"2025-09-23 18:45:10.079",
                    "level": "DEBUG",
                    "thread": "http-nio-8081-exec-29",
                    "class": "o.s.w.s.m.m.a.RequestResponseBodyMethodProcessor",
                    "message": "Using 'application/json', given [application/json, text/plain, */*] and supported [application/json, application/*+json, application/json, application/*+json]" }
                    
{
                    "app": "Crmeb",
                    "timestamp":"2025-09-23 18:45:10.079",
                    "level": "DEBUG",
                    "thread": "http-nio-8081-exec-29",
                    "class": "o.s.w.s.m.m.a.RequestResponseBodyMethodProcessor",
                    "message": "Writing [com.zbkj.common.response.CommonResult@58d844ac]" }
                    
{
                    "app": "Crmeb",
                    "timestamp":"2025-09-23 18:45:10.080",
                    "level": "DEBUG",
                    "thread": "http-nio-8081-exec-29",
                    "class": "o.s.web.servlet.DispatcherServlet",
                    "message": "Completed 200 OK" }
                    
{
                    "app": "Crmeb",
                    "timestamp":"2025-09-23 18:45:10.084",
                    "level": "DEBUG",
                    "thread": "http-nio-8081-exec-9",
                    "class": "o.s.w.s.m.m.a.RequestResponseBodyMethodProcessor",
                    "message": "Using 'application/json', given [application/json, text/plain, */*] and supported [application/json, application/*+json, application/json, application/*+json]" }
                    
{
                    "app": "Crmeb",
                    "timestamp":"2025-09-23 18:45:10.085",
                    "level": "DEBUG",
                    "thread": "http-nio-8081-exec-9",
                    "class": "o.s.w.s.m.m.a.RequestResponseBodyMethodProcessor",
                    "message": "Writing [com.zbkj.common.response.CommonResult@8b37128]" }
                    
{
                    "app": "Crmeb",
                    "timestamp":"2025-09-23 18:45:10.085",
                    "level": "DEBUG",
                    "thread": "http-nio-8081-exec-9",
                    "class": "o.s.web.servlet.DispatcherServlet",
                    "message": "Completed 200 OK" }
                    
{
                    "app": "Crmeb",
                    "timestamp":"2025-09-23 18:45:10.087",
                    "level": "DEBUG",
                    "thread": "http-nio-8081-exec-19",
                    "class": "o.s.w.s.m.m.a.RequestResponseBodyMethodProcessor",
                    "message": "Using 'application/json', given [application/json, text/plain, */*] and supported [application/json, application/*+json, application/json, application/*+json]" }
                    
{
                    "app": "Crmeb",
                    "timestamp":"2025-09-23 18:45:10.087",
                    "level": "DEBUG",
                    "thread": "http-nio-8081-exec-17",
                    "class": "o.s.w.s.m.m.a.RequestResponseBodyMethodProcessor",
                    "message": "Using 'application/json', given [application/json, text/plain, */*] and supported [application/json, application/*+json, application/json, application/*+json]" }
                    
{
                    "app": "Crmeb",
                    "timestamp":"2025-09-23 18:45:10.087",
                    "level": "DEBUG",
                    "thread": "http-nio-8081-exec-19",
                    "class": "o.s.w.s.m.m.a.RequestResponseBodyMethodProcessor",
                    "message": "Writing [com.zbkj.common.response.CommonResult@6b5e2d28]" }
                    
{
                    "app": "Crmeb",
                    "timestamp":"2025-09-23 18:45:10.088",
                    "level": "DEBUG",
                    "thread": "http-nio-8081-exec-17",
                    "class": "o.s.w.s.m.m.a.RequestResponseBodyMethodProcessor",
                    "message": "Writing [com.zbkj.common.response.CommonResult@20daf8a7]" }
                    
{
                    "app": "Crmeb",
                    "timestamp":"2025-09-23 18:45:10.088",
                    "level": "DEBUG",
                    "thread": "http-nio-8081-exec-17",
                    "class": "o.s.web.servlet.DispatcherServlet",
                    "message": "Completed 200 OK" }
                    
{
                    "app": "Crmeb",
                    "timestamp":"2025-09-23 18:45:10.088",
                    "level": "DEBUG",
                    "thread": "http-nio-8081-exec-19",
                    "class": "o.s.web.servlet.DispatcherServlet",
                    "message": "Completed 200 OK" }
                    
{
                    "app": "Crmeb",
                    "timestamp":"2025-09-23 18:45:11.394",
                    "level": "DEBUG",
                    "thread": "http-nio-8081-exec-23",
                    "class": "o.s.web.servlet.DispatcherServlet",
                    "message": "POST "/api/front/order/pre/order", parameters={}" }
                    
{
                    "app": "Crmeb",
                    "timestamp":"2025-09-23 18:45:11.395",
                    "level": "DEBUG",
                    "thread": "http-nio-8081-exec-23",
                    "class": "o.s.w.s.m.m.a.RequestMappingHandlerMapping",
                    "message": "Mapped to com.zbkj.front.controller.StoreOrderController#preOrder(PreOrderRequest)" }
                    
{
                    "app": "Crmeb",
                    "timestamp":"2025-09-23 18:45:11.396",
                    "level": "DEBUG",
                    "thread": "http-nio-8081-exec-23",
                    "class": "o.s.w.s.m.m.a.RequestResponseBodyMethodProcessor",
                    "message": "Read "application/json;charset=UTF-8" to [PreOrderRequest(preOrderType=buyNow, orderDetails=[PreOrderDetailRequest(shoppingCartId=null, produc (truncated)...]" }
                    
{
                    "app": "Crmeb",
                    "timestamp":"2025-09-23 18:45:11.402",
                    "level": "DEBUG",
                    "thread": "http-nio-8081-exec-23",
                    "class": "o.s.w.s.m.m.a.RequestResponseBodyMethodProcessor",
                    "message": "Using 'application/json', given [application/json, text/plain, */*] and supported [application/json, application/*+json, application/json, application/*+json]" }
                    
{
                    "app": "Crmeb",
                    "timestamp":"2025-09-23 18:45:11.402",
                    "level": "DEBUG",
                    "thread": "http-nio-8081-exec-23",
                    "class": "o.s.w.s.m.m.a.RequestResponseBodyMethodProcessor",
                    "message": "Writing [com.zbkj.common.response.CommonResult@25c8d56]" }
                    
{
                    "app": "Crmeb",
                    "timestamp":"2025-09-23 18:45:11.403",
                    "level": "DEBUG",
                    "thread": "http-nio-8081-exec-23",
                    "class": "o.s.web.servlet.DispatcherServlet",
                    "message": "Completed 200 OK" }
                    
{
                    "app": "Crmeb",
                    "timestamp":"2025-09-23 18:45:11.407",
                    "level": "DEBUG",
                    "thread": "http-nio-8081-exec-13",
                    "class": "o.s.web.servlet.DispatcherServlet",
                    "message": "GET "/api/front/pay/method", parameters={}" }
                    
{
                    "app": "Crmeb",
                    "timestamp":"2025-09-23 18:45:11.407",
                    "level": "DEBUG",
                    "thread": "http-nio-8081-exec-14",
                    "class": "o.s.web.servlet.DispatcherServlet",
                    "message": "GET "/api/pc/address/all/list", parameters={}" }
                    
{
                    "app": "Crmeb",
                    "timestamp":"2025-09-23 18:45:11.409",
                    "level": "DEBUG",
                    "thread": "http-nio-8081-exec-13",
                    "class": "o.s.w.s.m.m.a.RequestMappingHandlerMapping",
                    "message": "Mapped to com.zbkj.front.controller.PayController#getPayMethod()" }
                    
{
                    "app": "Crmeb",
                    "timestamp":"2025-09-23 18:45:11.409",
                    "level": "DEBUG",
                    "thread": "http-nio-8081-exec-14",
                    "class": "o.s.w.s.m.m.a.RequestMappingHandlerMapping",
                    "message": "Mapped to com.zbkj.front.pc.controller.PcUserAddressController#getAllList()" }
                    
{
                    "app": "Crmeb",
                    "timestamp":"2025-09-23 18:45:11.411",
                    "level": "DEBUG",
                    "thread": "http-nio-8081-exec-14",
                    "class": "o.s.w.s.m.m.a.RequestResponseBodyMethodProcessor",
                    "message": "Using 'application/json', given [application/json, text/plain, */*] and supported [application/json, application/*+json, application/json, application/*+json]" }
                    
{
                    "app": "Crmeb",
                    "timestamp":"2025-09-23 18:45:11.411",
                    "level": "DEBUG",
                    "thread": "http-nio-8081-exec-14",
                    "class": "o.s.w.s.m.m.a.RequestResponseBodyMethodProcessor",
                    "message": "Writing [com.zbkj.common.response.CommonResult@71108a6d]" }
                    
{
                    "app": "Crmeb",
                    "timestamp":"2025-09-23 18:45:11.412",
                    "level": "DEBUG",
                    "thread": "http-nio-8081-exec-14",
                    "class": "o.s.web.servlet.DispatcherServlet",
                    "message": "Completed 200 OK" }
                    
{
                    "app": "Crmeb",
                    "timestamp":"2025-09-23 18:45:11.413",
                    "level": "DEBUG",
                    "thread": "http-nio-8081-exec-13",
                    "class": "o.s.w.s.m.m.a.RequestResponseBodyMethodProcessor",
                    "message": "Using 'application/json', given [application/json, text/plain, */*] and supported [application/json, application/*+json, application/json, application/*+json]" }
                    
{
                    "app": "Crmeb",
                    "timestamp":"2025-09-23 18:45:11.413",
                    "level": "DEBUG",
                    "thread": "http-nio-8081-exec-13",
                    "class": "o.s.w.s.m.m.a.RequestResponseBodyMethodProcessor",
                    "message": "Writing [com.zbkj.common.response.CommonResult@2fd78224]" }
                    
{
                    "app": "Crmeb",
                    "timestamp":"2025-09-23 18:45:11.413",
                    "level": "DEBUG",
                    "thread": "http-nio-8081-exec-13",
                    "class": "o.s.web.servlet.DispatcherServlet",
                    "message": "Completed 200 OK" }
                    
{
                    "app": "Crmeb",
                    "timestamp":"2025-09-23 18:45:11.420",
                    "level": "DEBUG",
                    "thread": "http-nio-8081-exec-6",
                    "class": "o.s.web.servlet.DispatcherServlet",
                    "message": "GET "/api/front/user/menu/user", parameters={}" }
                    
{
                    "app": "Crmeb",
                    "timestamp":"2025-09-23 18:45:11.420",
                    "level": "DEBUG",
                    "thread": "http-nio-8081-exec-2",
                    "class": "o.s.web.servlet.DispatcherServlet",
                    "message": "GET "/api/front/cart/count?numType=true&type=total", parameters={masked}" }
                    
{
                    "app": "Crmeb",
                    "timestamp":"2025-09-23 18:45:11.421",
                    "level": "DEBUG",
                    "thread": "http-nio-8081-exec-6",
                    "class": "o.s.w.s.m.m.a.RequestMappingHandlerMapping",
                    "message": "Mapped to com.zbkj.front.controller.UserController#getMenuUser()" }
                    
{
                    "app": "Crmeb",
                    "timestamp":"2025-09-23 18:45:11.421",
                    "level": "DEBUG",
                    "thread": "http-nio-8081-exec-2",
                    "class": "o.s.w.s.m.m.a.RequestMappingHandlerMapping",
                    "message": "Mapped to com.zbkj.front.controller.CartController#count(CartNumRequest)" }
                    
{
                    "app": "Crmeb",
                    "timestamp":"2025-09-23 18:45:11.426",
                    "level": "DEBUG",
                    "thread": "http-nio-8081-exec-2",
                    "class": "o.s.w.s.m.m.a.RequestResponseBodyMethodProcessor",
                    "message": "Using 'application/json', given [application/json, text/plain, */*] and supported [application/json, application/*+json, application/json, application/*+json]" }
                    
{
                    "app": "Crmeb",
                    "timestamp":"2025-09-23 18:45:11.426",
                    "level": "DEBUG",
                    "thread": "http-nio-8081-exec-2",
                    "class": "o.s.w.s.m.m.a.RequestResponseBodyMethodProcessor",
                    "message": "Writing [com.zbkj.common.response.CommonResult@28a1cdb8]" }
                    
{
                    "app": "Crmeb",
                    "timestamp":"2025-09-23 18:45:11.427",
                    "level": "DEBUG",
                    "thread": "http-nio-8081-exec-2",
                    "class": "o.s.web.servlet.DispatcherServlet",
                    "message": "Completed 200 OK" }
                    
{
                    "app": "Crmeb",
                    "timestamp":"2025-09-23 18:45:11.432",
                    "level": "DEBUG",
                    "thread": "http-nio-8081-exec-6",
                    "class": "o.s.w.s.m.m.a.RequestResponseBodyMethodProcessor",
                    "message": "Using 'application/json', given [application/json, text/plain, */*] and supported [application/json, application/*+json, application/json, application/*+json]" }
                    
{
                    "app": "Crmeb",
                    "timestamp":"2025-09-23 18:45:11.432",
                    "level": "DEBUG",
                    "thread": "http-nio-8081-exec-6",
                    "class": "o.s.w.s.m.m.a.RequestResponseBodyMethodProcessor",
                    "message": "Writing [com.zbkj.common.response.CommonResult@69b9f16]" }
                    
{
                    "app": "Crmeb",
                    "timestamp":"2025-09-23 18:45:11.432",
                    "level": "DEBUG",
                    "thread": "http-nio-8081-exec-6",
                    "class": "o.s.web.servlet.DispatcherServlet",
                    "message": "Completed 200 OK" }
                    
{
                    "app": "Crmeb",
                    "timestamp":"2025-09-23 18:45:11.446",
                    "level": "DEBUG",
                    "thread": "http-nio-8081-exec-5",
                    "class": "o.s.web.servlet.DispatcherServlet",
                    "message": "GET "/api/pc/address/all/list", parameters={}" }
                    
{
                    "app": "Crmeb",
                    "timestamp":"2025-09-23 18:45:11.446",
                    "level": "DEBUG",
                    "thread": "http-nio-8081-exec-5",
                    "class": "o.s.w.s.m.m.a.RequestMappingHandlerMapping",
                    "message": "Mapped to com.zbkj.front.pc.controller.PcUserAddressController#getAllList()" }
                    
{
                    "app": "Crmeb",
                    "timestamp":"2025-09-23 18:45:11.447",
                    "level": "DEBUG",
                    "thread": "http-nio-8081-exec-1",
                    "class": "o.s.web.servlet.DispatcherServlet",
                    "message": "GET "/api/front/order/load/pre/170175862431151aabc54f1d0461784d78bbe6e6ee28e", parameters={}" }
                    
{
                    "app": "Crmeb",
                    "timestamp":"2025-09-23 18:45:11.447",
                    "level": "DEBUG",
                    "thread": "http-nio-8081-exec-7",
                    "class": "o.s.web.servlet.DispatcherServlet",
                    "message": "GET "/api/front/coupons/order/170175862431151aabc54f1d0461784d78bbe6e6ee28e", parameters={}" }
                    
{
                    "app": "Crmeb",
                    "timestamp":"2025-09-23 18:45:11.448",
                    "level": "DEBUG",
                    "thread": "http-nio-8081-exec-1",
                    "class": "o.s.w.s.m.m.a.RequestMappingHandlerMapping",
                    "message": "Mapped to com.zbkj.front.controller.StoreOrderController#loadPreOrder(String)" }
                    
{
                    "app": "Crmeb",
                    "timestamp":"2025-09-23 18:45:11.448",
                    "level": "DEBUG",
                    "thread": "http-nio-8081-exec-7",
                    "class": "o.s.w.s.m.m.a.RequestMappingHandlerMapping",
                    "message": "Mapped to com.zbkj.front.controller.CouponController#getCouponsListByPreOrderNo(String)" }
                    
{
                    "app": "Crmeb",
                    "timestamp":"2025-09-23 18:45:11.449",
                    "level": "DEBUG",
                    "thread": "http-nio-8081-exec-1",
                    "class": "o.s.w.s.m.m.a.RequestResponseBodyMethodProcessor",
                    "message": "Using 'application/json', given [application/json, text/plain, */*] and supported [application/json, application/*+json, application/json, application/*+json]" }
                    
{
                    "app": "Crmeb",
                    "timestamp":"2025-09-23 18:45:11.450",
                    "level": "DEBUG",
                    "thread": "http-nio-8081-exec-1",
                    "class": "o.s.w.s.m.m.a.RequestResponseBodyMethodProcessor",
                    "message": "Writing [com.zbkj.common.response.CommonResult@5abc996d]" }
                    
{
                    "app": "Crmeb",
                    "timestamp":"2025-09-23 18:45:11.450",
                    "level": "DEBUG",
                    "thread": "http-nio-8081-exec-5",
                    "class": "o.s.w.s.m.m.a.RequestResponseBodyMethodProcessor",
                    "message": "Using 'application/json', given [application/json, text/plain, */*] and supported [application/json, application/*+json, application/json, application/*+json]" }
                    
{
                    "app": "Crmeb",
                    "timestamp":"2025-09-23 18:45:11.450",
                    "level": "DEBUG",
                    "thread": "http-nio-8081-exec-5",
                    "class": "o.s.w.s.m.m.a.RequestResponseBodyMethodProcessor",
                    "message": "Writing [com.zbkj.common.response.CommonResult@32dcf86e]" }
                    
{
                    "app": "Crmeb",
                    "timestamp":"2025-09-23 18:45:11.450",
                    "level": "DEBUG",
                    "thread": "http-nio-8081-exec-1",
                    "class": "o.s.web.servlet.DispatcherServlet",
                    "message": "Completed 200 OK" }
                    
{
                    "app": "Crmeb",
                    "timestamp":"2025-09-23 18:45:11.451",
                    "level": "DEBUG",
                    "thread": "http-nio-8081-exec-5",
                    "class": "o.s.web.servlet.DispatcherServlet",
                    "message": "Completed 200 OK" }
                    
{
                    "app": "Crmeb",
                    "timestamp":"2025-09-23 18:45:11.452",
                    "level": "DEBUG",
                    "thread": "http-nio-8081-exec-7",
                    "class": "o.s.w.s.m.m.a.RequestResponseBodyMethodProcessor",
                    "message": "Using 'application/json', given [application/json, text/plain, */*] and supported [application/json, application/*+json, application/json, application/*+json]" }
                    
{
                    "app": "Crmeb",
                    "timestamp":"2025-09-23 18:45:11.452",
                    "level": "DEBUG",
                    "thread": "http-nio-8081-exec-7",
                    "class": "o.s.w.s.m.m.a.RequestResponseBodyMethodProcessor",
                    "message": "Writing [com.zbkj.common.response.CommonResult@5d7e4e3d]" }
                    
{
                    "app": "Crmeb",
                    "timestamp":"2025-09-23 18:45:11.453",
                    "level": "DEBUG",
                    "thread": "http-nio-8081-exec-7",
                    "class": "o.s.web.servlet.DispatcherServlet",
                    "message": "Completed 200 OK" }
                    
{
                    "app": "Crmeb",
                    "timestamp":"2025-09-23 18:45:15.480",
                    "level": "DEBUG",
                    "thread": "http-nio-8081-exec-4",
                    "class": "o.s.web.servlet.DispatcherServlet",
                    "message": "POST "/api/front/order/create", parameters={}" }
                    
{
                    "app": "Crmeb",
                    "timestamp":"2025-09-23 18:45:15.480",
                    "level": "DEBUG",
                    "thread": "http-nio-8081-exec-4",
                    "class": "o.s.w.s.m.m.a.RequestMappingHandlerMapping",
                    "message": "Mapped to com.zbkj.front.controller.StoreOrderController#createOrder(CreateOrderRequest)" }
                    
{
                    "app": "Crmeb",
                    "timestamp":"2025-09-23 18:45:15.481",
                    "level": "DEBUG",
                    "thread": "http-nio-8081-exec-4",
                    "class": "o.s.w.s.m.m.a.RequestResponseBodyMethodProcessor",
                    "message": "Read "application/json;charset=UTF-8" to [CreateOrderRequest(preOrderNo=170175862431151aabc54f1d0461784d78bbe6e6ee28e, addressId=1, couponId=n (truncated)...]" }
                    
{
                    "app": "Crmeb",
                    "timestamp":"2025-09-23 18:45:15.485",
                    "level": "DEBUG",
                    "thread": "http-nio-8081-exec-4",
                    "class": "o.s.w.s.m.m.a.ExceptionHandlerExceptionResolver",
                    "message": "Using @ExceptionHandler com.zbkj.common.exception.GlobalExceptionHandler#defaultExceptionHandler(Exception)" }
                    
{
                    "app": "Crmeb",
                    "timestamp":"2025-09-23 18:45:15.496",
                    "level": "DEBUG",
                    "thread": "http-nio-8081-exec-4",
                    "class": "o.s.w.s.m.m.a.RequestResponseBodyMethodProcessor",
                    "message": "Using 'application/json', given [application/json, text/plain, */*] and supported [application/json, application/*+json, application/json, application/*+json]" }
                    
{
                    "app": "Crmeb",
                    "timestamp":"2025-09-23 18:45:15.496",
                    "level": "DEBUG",
                    "thread": "http-nio-8081-exec-4",
                    "class": "o.s.w.s.m.m.a.RequestResponseBodyMethodProcessor",
                    "message": "Writing [com.zbkj.common.response.CommonResult@6717fbcd]" }
                    
{
                    "app": "Crmeb",
                    "timestamp":"2025-09-23 18:45:15.497",
                    "level": "DEBUG",
                    "thread": "http-nio-8081-exec-4",
                    "class": "o.s.w.s.m.m.a.ExceptionHandlerExceptionResolver",
                    "message": "Resolved [com.zbkj.common.exception.CrmebException: 此支付方式暂不支持，请刷新页面或联系管理员]" }
                    
{
                    "app": "Crmeb",
                    "timestamp":"2025-09-23 18:45:15.497",
                    "level": "DEBUG",
                    "thread": "http-nio-8081-exec-4",
                    "class": "o.s.web.servlet.DispatcherServlet",
                    "message": "Completed 200 OK" }
                    
{
                    "app": "Crmeb",
                    "timestamp":"2025-09-23 18:47:07.134",
                    "level": "DEBUG",
                    "thread": "http-nio-8081-exec-10",
                    "class": "o.s.web.servlet.DispatcherServlet",
                    "message": "POST "/api/front/order/create", parameters={}" }
                    
{
                    "app": "Crmeb",
                    "timestamp":"2025-09-23 18:47:07.134",
                    "level": "DEBUG",
                    "thread": "http-nio-8081-exec-10",
                    "class": "o.s.w.s.m.m.a.RequestMappingHandlerMapping",
                    "message": "Mapped to com.zbkj.front.controller.StoreOrderController#createOrder(CreateOrderRequest)" }
                    
{
                    "app": "Crmeb",
                    "timestamp":"2025-09-23 18:47:07.136",
                    "level": "DEBUG",
                    "thread": "http-nio-8081-exec-10",
                    "class": "o.s.w.s.m.m.a.RequestResponseBodyMethodProcessor",
                    "message": "Read "application/json;charset=UTF-8" to [CreateOrderRequest(preOrderNo=170175862431151aabc54f1d0461784d78bbe6e6ee28e, addressId=1, couponId=n (truncated)...]" }
                    
{
                    "app": "Crmeb",
                    "timestamp":"2025-09-23 18:47:07.142",
                    "level": "DEBUG",
                    "thread": "http-nio-8081-exec-10",
                    "class": "o.s.w.s.m.m.a.ExceptionHandlerExceptionResolver",
                    "message": "Using @ExceptionHandler com.zbkj.common.exception.GlobalExceptionHandler#defaultExceptionHandler(Exception)" }
                    
{
                    "app": "Crmeb",
                    "timestamp":"2025-09-23 18:47:07.152",
                    "level": "DEBUG",
                    "thread": "http-nio-8081-exec-10",
                    "class": "o.s.w.s.m.m.a.RequestResponseBodyMethodProcessor",
                    "message": "Using 'application/json', given [application/json, text/plain, */*] and supported [application/json, application/*+json, application/json, application/*+json]" }
                    
{
                    "app": "Crmeb",
                    "timestamp":"2025-09-23 18:47:07.153",
                    "level": "DEBUG",
                    "thread": "http-nio-8081-exec-10",
                    "class": "o.s.w.s.m.m.a.RequestResponseBodyMethodProcessor",
                    "message": "Writing [com.zbkj.common.response.CommonResult@4e55f3e7]" }
                    
{
                    "app": "Crmeb",
                    "timestamp":"2025-09-23 18:47:07.153",
                    "level": "DEBUG",
                    "thread": "http-nio-8081-exec-10",
                    "class": "o.s.w.s.m.m.a.ExceptionHandlerExceptionResolver",
                    "message": "Resolved [com.zbkj.common.exception.CrmebException: 此支付方式暂不支持，请刷新页面或联系管理员]" }
                    
{
                    "app": "Crmeb",
                    "timestamp":"2025-09-23 18:47:07.153",
                    "level": "DEBUG",
                    "thread": "http-nio-8081-exec-10",
                    "class": "o.s.web.servlet.DispatcherServlet",
                    "message": "Completed 200 OK" }
                    
{
                    "app": "Crmeb",
                    "timestamp":"2025-09-23 18:47:20.031",
                    "level": "DEBUG",
                    "thread": "http-nio-8081-exec-30",
                    "class": "o.s.web.servlet.DispatcherServlet",
                    "message": "GET "/api/pc/home/index", parameters={}" }
                    
{
                    "app": "Crmeb",
                    "timestamp":"2025-09-23 18:47:20.032",
                    "level": "DEBUG",
                    "thread": "http-nio-8081-exec-30",
                    "class": "o.s.w.s.m.m.a.RequestMappingHandlerMapping",
                    "message": "Mapped to com.zbkj.front.pc.controller.PcIndexController#getIndexInfo()" }
                    
{
                    "app": "Crmeb",
                    "timestamp":"2025-09-23 18:47:20.034",
                    "level": "DEBUG",
                    "thread": "http-nio-8081-exec-18",
                    "class": "o.s.web.servlet.DispatcherServlet",
                    "message": "GET "/api/front/merchant/street", parameters={}" }
                    
{
                    "app": "Crmeb",
                    "timestamp":"2025-09-23 18:47:20.035",
                    "level": "DEBUG",
                    "thread": "http-nio-8081-exec-23",
                    "class": "o.s.web.servlet.DispatcherServlet",
                    "message": "GET "/api/front/activity/index/list", parameters={}" }
                    
{
                    "app": "Crmeb",
                    "timestamp":"2025-09-23 18:47:20.035",
                    "level": "DEBUG",
                    "thread": "http-nio-8081-exec-21",
                    "class": "o.s.web.servlet.DispatcherServlet",
                    "message": "GET "/api/front/index/product?page=1&limit=13", parameters={masked}" }
                    
{
                    "app": "Crmeb",
                    "timestamp":"2025-09-23 18:47:20.035",
                    "level": "DEBUG",
                    "thread": "http-nio-8081-exec-3",
                    "class": "o.s.web.servlet.DispatcherServlet",
                    "message": "GET "/api/front/product/leaderboard", parameters={}" }
                    
{
                    "app": "Crmeb",
                    "timestamp":"2025-09-23 18:47:20.035",
                    "level": "DEBUG",
                    "thread": "http-nio-8081-exec-18",
                    "class": "o.s.w.s.m.m.a.RequestMappingHandlerMapping",
                    "message": "Mapped to com.zbkj.front.controller.MerchantController#getStreet(PageParamRequest)" }
                    
{
                    "app": "Crmeb",
                    "timestamp":"2025-09-23 18:47:20.035",
                    "level": "DEBUG",
                    "thread": "http-nio-8081-exec-23",
                    "class": "o.s.w.s.m.m.a.RequestMappingHandlerMapping",
                    "message": "Mapped to com.zbkj.front.controller.ActivityController#getIndexList()" }
                    
{
                    "app": "Crmeb",
                    "timestamp":"2025-09-23 18:47:20.035",
                    "level": "DEBUG",
                    "thread": "http-nio-8081-exec-21",
                    "class": "o.s.w.s.m.m.a.RequestMappingHandlerMapping",
                    "message": "Mapped to com.zbkj.front.controller.IndexController#getProductList(PageParamRequest)" }
                    
{
                    "app": "Crmeb",
                    "timestamp":"2025-09-23 18:47:20.035",
                    "level": "DEBUG",
                    "thread": "http-nio-8081-exec-3",
                    "class": "o.s.w.s.m.m.a.RequestMappingHandlerMapping",
                    "message": "Mapped to com.zbkj.front.controller.ProductController#getLeaderboard()" }
                    
{
                    "app": "Crmeb",
                    "timestamp":"2025-09-23 18:47:20.047",
                    "level": "DEBUG",
                    "thread": "http-nio-8081-exec-3",
                    "class": "o.s.w.s.m.m.a.RequestResponseBodyMethodProcessor",
                    "message": "Using 'application/json', given [application/json, text/plain, */*] and supported [application/json, application/*+json, application/json, application/*+json]" }
                    
{
                    "app": "Crmeb",
                    "timestamp":"2025-09-23 18:47:20.047",
                    "level": "DEBUG",
                    "thread": "http-nio-8081-exec-3",
                    "class": "o.s.w.s.m.m.a.RequestResponseBodyMethodProcessor",
                    "message": "Writing [com.zbkj.common.response.CommonResult@5b4b8421]" }
                    
{
                    "app": "Crmeb",
                    "timestamp":"2025-09-23 18:47:20.048",
                    "level": "DEBUG",
                    "thread": "http-nio-8081-exec-3",
                    "class": "o.s.web.servlet.DispatcherServlet",
                    "message": "Completed 200 OK" }
                    
{
                    "app": "Crmeb",
                    "timestamp":"2025-09-23 18:47:20.049",
                    "level": "DEBUG",
                    "thread": "http-nio-8081-exec-21",
                    "class": "o.s.w.s.m.m.a.RequestResponseBodyMethodProcessor",
                    "message": "Using 'application/json', given [application/json, text/plain, */*] and supported [application/json, application/*+json, application/json, application/*+json]" }
                    
{
                    "app": "Crmeb",
                    "timestamp":"2025-09-23 18:47:20.049",
                    "level": "DEBUG",
                    "thread": "http-nio-8081-exec-21",
                    "class": "o.s.w.s.m.m.a.RequestResponseBodyMethodProcessor",
                    "message": "Writing [com.zbkj.common.response.CommonResult@42703feb]" }
                    
{
                    "app": "Crmeb",
                    "timestamp":"2025-09-23 18:47:20.050",
                    "level": "DEBUG",
                    "thread": "http-nio-8081-exec-21",
                    "class": "o.s.web.servlet.DispatcherServlet",
                    "message": "Completed 200 OK" }
                    
{
                    "app": "Crmeb",
                    "timestamp":"2025-09-23 18:47:20.050",
                    "level": "DEBUG",
                    "thread": "http-nio-8081-exec-18",
                    "class": "o.s.w.s.m.m.a.RequestResponseBodyMethodProcessor",
                    "message": "Using 'application/json', given [application/json, text/plain, */*] and supported [application/json, application/*+json, application/json, application/*+json]" }
                    
{
                    "app": "Crmeb",
                    "timestamp":"2025-09-23 18:47:20.051",
                    "level": "DEBUG",
                    "thread": "http-nio-8081-exec-18",
                    "class": "o.s.w.s.m.m.a.RequestResponseBodyMethodProcessor",
                    "message": "Writing [com.zbkj.common.response.CommonResult@29136df3]" }
                    
{
                    "app": "Crmeb",
                    "timestamp":"2025-09-23 18:47:20.052",
                    "level": "DEBUG",
                    "thread": "http-nio-8081-exec-18",
                    "class": "o.s.web.servlet.DispatcherServlet",
                    "message": "Completed 200 OK" }
                    
{
                    "app": "Crmeb",
                    "timestamp":"2025-09-23 18:47:20.065",
                    "level": "DEBUG",
                    "thread": "http-nio-8081-exec-30",
                    "class": "o.s.w.s.m.m.a.RequestResponseBodyMethodProcessor",
                    "message": "Using 'application/json', given [application/json, text/plain, */*] and supported [application/json, application/*+json, application/json, application/*+json]" }
                    
{
                    "app": "Crmeb",
                    "timestamp":"2025-09-23 18:47:20.065",
                    "level": "DEBUG",
                    "thread": "http-nio-8081-exec-30",
                    "class": "o.s.w.s.m.m.a.RequestResponseBodyMethodProcessor",
                    "message": "Writing [com.zbkj.common.response.CommonResult@53127b67]" }
                    
{
                    "app": "Crmeb",
                    "timestamp":"2025-09-23 18:47:20.066",
                    "level": "DEBUG",
                    "thread": "http-nio-8081-exec-23",
                    "class": "o.s.w.s.m.m.a.RequestResponseBodyMethodProcessor",
                    "message": "Using 'application/json', given [application/json, text/plain, */*] and supported [application/json, application/*+json, application/json, application/*+json]" }
                    
{
                    "app": "Crmeb",
                    "timestamp":"2025-09-23 18:47:20.066",
                    "level": "DEBUG",
                    "thread": "http-nio-8081-exec-30",
                    "class": "o.s.web.servlet.DispatcherServlet",
                    "message": "Completed 200 OK" }
                    
{
                    "app": "Crmeb",
                    "timestamp":"2025-09-23 18:47:20.066",
                    "level": "DEBUG",
                    "thread": "http-nio-8081-exec-23",
                    "class": "o.s.w.s.m.m.a.RequestResponseBodyMethodProcessor",
                    "message": "Writing [com.zbkj.common.response.CommonResult@4b2013b9]" }
                    
{
                    "app": "Crmeb",
                    "timestamp":"2025-09-23 18:47:20.066",
                    "level": "DEBUG",
                    "thread": "http-nio-8081-exec-23",
                    "class": "o.s.web.servlet.DispatcherServlet",
                    "message": "Completed 200 OK" }
                    
{
                    "app": "Crmeb",
                    "timestamp":"2025-09-23 18:47:20.071",
                    "level": "DEBUG",
                    "thread": "http-nio-8081-exec-14",
                    "class": "o.s.web.servlet.DispatcherServlet",
                    "message": "GET "/api/front/activity/index/list", parameters={}" }
                    
{
                    "app": "Crmeb",
                    "timestamp":"2025-09-23 18:47:20.071",
                    "level": "DEBUG",
                    "thread": "http-nio-8081-exec-14",
                    "class": "o.s.w.s.m.m.a.RequestMappingHandlerMapping",
                    "message": "Mapped to com.zbkj.front.controller.ActivityController#getIndexList()" }
                    
{
                    "app": "Crmeb",
                    "timestamp":"2025-09-23 18:47:20.082",
                    "level": "DEBUG",
                    "thread": "http-nio-8081-exec-14",
                    "class": "o.s.w.s.m.m.a.RequestResponseBodyMethodProcessor",
                    "message": "Using 'application/json', given [application/json, text/plain, */*] and supported [application/json, application/*+json, application/json, application/*+json]" }
                    
{
                    "app": "Crmeb",
                    "timestamp":"2025-09-23 18:47:20.082",
                    "level": "DEBUG",
                    "thread": "http-nio-8081-exec-14",
                    "class": "o.s.w.s.m.m.a.RequestResponseBodyMethodProcessor",
                    "message": "Writing [com.zbkj.common.response.CommonResult@274cc256]" }
                    
{
                    "app": "Crmeb",
                    "timestamp":"2025-09-23 18:47:20.082",
                    "level": "DEBUG",
                    "thread": "http-nio-8081-exec-14",
                    "class": "o.s.web.servlet.DispatcherServlet",
                    "message": "Completed 200 OK" }
                    
{
                    "app": "Crmeb",
                    "timestamp":"2025-09-23 18:47:20.093",
                    "level": "DEBUG",
                    "thread": "http-nio-8081-exec-8",
                    "class": "o.s.web.servlet.DispatcherServlet",
                    "message": "GET "/api/front/cart/count?numType=true&type=total", parameters={masked}" }
                    
{
                    "app": "Crmeb",
                    "timestamp":"2025-09-23 18:47:20.093",
                    "level": "DEBUG",
                    "thread": "http-nio-8081-exec-6",
                    "class": "o.s.web.servlet.DispatcherServlet",
                    "message": "GET "/api/front/user/menu/user", parameters={}" }
                    
{
                    "app": "Crmeb",
                    "timestamp":"2025-09-23 18:47:20.093",
                    "level": "DEBUG",
                    "thread": "http-nio-8081-exec-8",
                    "class": "o.s.w.s.m.m.a.RequestMappingHandlerMapping",
                    "message": "Mapped to com.zbkj.front.controller.CartController#count(CartNumRequest)" }
                    
{
                    "app": "Crmeb",
                    "timestamp":"2025-09-23 18:47:20.094",
                    "level": "DEBUG",
                    "thread": "http-nio-8081-exec-6",
                    "class": "o.s.w.s.m.m.a.RequestMappingHandlerMapping",
                    "message": "Mapped to com.zbkj.front.controller.UserController#getMenuUser()" }
                    
{
                    "app": "Crmeb",
                    "timestamp":"2025-09-23 18:47:20.098",
                    "level": "DEBUG",
                    "thread": "http-nio-8081-exec-8",
                    "class": "o.s.w.s.m.m.a.RequestResponseBodyMethodProcessor",
                    "message": "Using 'application/json', given [application/json, text/plain, */*] and supported [application/json, application/*+json, application/json, application/*+json]" }
                    
{
                    "app": "Crmeb",
                    "timestamp":"2025-09-23 18:47:20.098",
                    "level": "DEBUG",
                    "thread": "http-nio-8081-exec-8",
                    "class": "o.s.w.s.m.m.a.RequestResponseBodyMethodProcessor",
                    "message": "Writing [com.zbkj.common.response.CommonResult@564b0d72]" }
                    
{
                    "app": "Crmeb",
                    "timestamp":"2025-09-23 18:47:20.098",
                    "level": "DEBUG",
                    "thread": "http-nio-8081-exec-8",
                    "class": "o.s.web.servlet.DispatcherServlet",
                    "message": "Completed 200 OK" }
                    
{
                    "app": "Crmeb",
                    "timestamp":"2025-09-23 18:47:20.104",
                    "level": "DEBUG",
                    "thread": "http-nio-8081-exec-6",
                    "class": "o.s.w.s.m.m.a.RequestResponseBodyMethodProcessor",
                    "message": "Using 'application/json', given [application/json, text/plain, */*] and supported [application/json, application/*+json, application/json, application/*+json]" }
                    
{
                    "app": "Crmeb",
                    "timestamp":"2025-09-23 18:47:20.105",
                    "level": "DEBUG",
                    "thread": "http-nio-8081-exec-6",
                    "class": "o.s.w.s.m.m.a.RequestResponseBodyMethodProcessor",
                    "message": "Writing [com.zbkj.common.response.CommonResult@4d2fc3a0]" }
                    
{
                    "app": "Crmeb",
                    "timestamp":"2025-09-23 18:47:20.105",
                    "level": "DEBUG",
                    "thread": "http-nio-8081-exec-6",
                    "class": "o.s.web.servlet.DispatcherServlet",
                    "message": "Completed 200 OK" }
                    
{
                    "app": "Crmeb",
                    "timestamp":"2025-09-23 18:47:20.108",
                    "level": "DEBUG",
                    "thread": "http-nio-8081-exec-28",
                    "class": "o.s.web.servlet.DispatcherServlet",
                    "message": "GET "/api/front/index/product?page=1&limit=13", parameters={masked}" }
                    
{
                    "app": "Crmeb",
                    "timestamp":"2025-09-23 18:47:20.109",
                    "level": "DEBUG",
                    "thread": "http-nio-8081-exec-28",
                    "class": "o.s.w.s.m.m.a.RequestMappingHandlerMapping",
                    "message": "Mapped to com.zbkj.front.controller.IndexController#getProductList(PageParamRequest)" }
                    
{
                    "app": "Crmeb",
                    "timestamp":"2025-09-23 18:47:20.114",
                    "level": "DEBUG",
                    "thread": "http-nio-8081-exec-28",
                    "class": "o.s.w.s.m.m.a.RequestResponseBodyMethodProcessor",
                    "message": "Using 'application/json', given [application/json, text/plain, */*] and supported [application/json, application/*+json, application/json, application/*+json]" }
                    
{
                    "app": "Crmeb",
                    "timestamp":"2025-09-23 18:47:20.114",
                    "level": "DEBUG",
                    "thread": "http-nio-8081-exec-28",
                    "class": "o.s.w.s.m.m.a.RequestResponseBodyMethodProcessor",
                    "message": "Writing [com.zbkj.common.response.CommonResult@50562c7b]" }
                    
{
                    "app": "Crmeb",
                    "timestamp":"2025-09-23 18:47:20.115",
                    "level": "DEBUG",
                    "thread": "http-nio-8081-exec-28",
                    "class": "o.s.web.servlet.DispatcherServlet",
                    "message": "Completed 200 OK" }
                    
{
                    "app": "Crmeb",
                    "timestamp":"2025-09-23 18:47:23.806",
                    "level": "DEBUG",
                    "thread": "http-nio-8081-exec-7",
                    "class": "o.s.web.servlet.DispatcherServlet",
                    "message": "GET "/api/front/product/detail/12", parameters={}" }
                    
{
                    "app": "Crmeb",
                    "timestamp":"2025-09-23 18:47:23.807",
                    "level": "DEBUG",
                    "thread": "http-nio-8081-exec-7",
                    "class": "o.s.w.s.m.m.a.RequestMappingHandlerMapping",
                    "message": "Mapped to com.zbkj.front.controller.ProductController#getDetail(Integer)" }
                    
{
                    "app": "Crmeb",
                    "timestamp":"2025-09-23 18:47:23.828",
                    "level": "DEBUG",
                    "thread": "http-nio-8081-exec-7",
                    "class": "o.s.w.s.m.m.a.RequestResponseBodyMethodProcessor",
                    "message": "Using 'application/json', given [application/json, text/plain, */*] and supported [application/json, application/*+json, application/json, application/*+json]" }
                    
{
                    "app": "Crmeb",
                    "timestamp":"2025-09-23 18:47:23.828",
                    "level": "DEBUG",
                    "thread": "http-nio-8081-exec-7",
                    "class": "o.s.w.s.m.m.a.RequestResponseBodyMethodProcessor",
                    "message": "Writing [com.zbkj.common.response.CommonResult@10884d39]" }
                    
{
                    "app": "Crmeb",
                    "timestamp":"2025-09-23 18:47:23.829",
                    "level": "DEBUG",
                    "thread": "http-nio-8081-exec-7",
                    "class": "o.s.web.servlet.DispatcherServlet",
                    "message": "Completed 200 OK" }
                    
{
                    "app": "Crmeb",
                    "timestamp":"2025-09-23 18:47:23.844",
                    "level": "DEBUG",
                    "thread": "http-nio-8081-exec-1",
                    "class": "o.s.web.servlet.DispatcherServlet",
                    "message": "GET "/api/front/user/menu/user", parameters={}" }
                    
{
                    "app": "Crmeb",
                    "timestamp":"2025-09-23 18:47:23.844",
                    "level": "DEBUG",
                    "thread": "http-nio-8081-exec-24",
                    "class": "o.s.web.servlet.DispatcherServlet",
                    "message": "GET "/api/front/cart/count?numType=true&type=total", parameters={masked}" }
                    
{
                    "app": "Crmeb",
                    "timestamp":"2025-09-23 18:47:23.845",
                    "level": "DEBUG",
                    "thread": "http-nio-8081-exec-1",
                    "class": "o.s.w.s.m.m.a.RequestMappingHandlerMapping",
                    "message": "Mapped to com.zbkj.front.controller.UserController#getMenuUser()" }
                    
{
                    "app": "Crmeb",
                    "timestamp":"2025-09-23 18:47:23.845",
                    "level": "DEBUG",
                    "thread": "http-nio-8081-exec-24",
                    "class": "o.s.w.s.m.m.a.RequestMappingHandlerMapping",
                    "message": "Mapped to com.zbkj.front.controller.CartController#count(CartNumRequest)" }
                    
{
                    "app": "Crmeb",
                    "timestamp":"2025-09-23 18:47:23.850",
                    "level": "DEBUG",
                    "thread": "http-nio-8081-exec-24",
                    "class": "o.s.w.s.m.m.a.RequestResponseBodyMethodProcessor",
                    "message": "Using 'application/json', given [application/json, text/plain, */*] and supported [application/json, application/*+json, application/json, application/*+json]" }
                    
{
                    "app": "Crmeb",
                    "timestamp":"2025-09-23 18:47:23.850",
                    "level": "DEBUG",
                    "thread": "http-nio-8081-exec-24",
                    "class": "o.s.w.s.m.m.a.RequestResponseBodyMethodProcessor",
                    "message": "Writing [com.zbkj.common.response.CommonResult@21aa4e23]" }
                    
{
                    "app": "Crmeb",
                    "timestamp":"2025-09-23 18:47:23.850",
                    "level": "DEBUG",
                    "thread": "http-nio-8081-exec-24",
                    "class": "o.s.web.servlet.DispatcherServlet",
                    "message": "Completed 200 OK" }
                    
{
                    "app": "Crmeb",
                    "timestamp":"2025-09-23 18:47:23.854",
                    "level": "DEBUG",
                    "thread": "http-nio-8081-exec-1",
                    "class": "o.s.w.s.m.m.a.RequestResponseBodyMethodProcessor",
                    "message": "Using 'application/json', given [application/json, text/plain, */*] and supported [application/json, application/*+json, application/json, application/*+json]" }
                    
{
                    "app": "Crmeb",
                    "timestamp":"2025-09-23 18:47:23.854",
                    "level": "DEBUG",
                    "thread": "http-nio-8081-exec-1",
                    "class": "o.s.w.s.m.m.a.RequestResponseBodyMethodProcessor",
                    "message": "Writing [com.zbkj.common.response.CommonResult@7d68d9fc]" }
                    
{
                    "app": "Crmeb",
                    "timestamp":"2025-09-23 18:47:23.854",
                    "level": "DEBUG",
                    "thread": "http-nio-8081-exec-1",
                    "class": "o.s.web.servlet.DispatcherServlet",
                    "message": "Completed 200 OK" }
                    
{
                    "app": "Crmeb",
                    "timestamp":"2025-09-23 18:47:23.865",
                    "level": "DEBUG",
                    "thread": "http-nio-8081-exec-27",
                    "class": "o.s.web.servlet.DispatcherServlet",
                    "message": "GET "/api/front/product/reply/config/12", parameters={}" }
                    
{
                    "app": "Crmeb",
                    "timestamp":"2025-09-23 18:47:23.865",
                    "level": "DEBUG",
                    "thread": "http-nio-8081-exec-10",
                    "class": "o.s.web.servlet.DispatcherServlet",
                    "message": "GET "/api/front/coupons?merId=2&productId=12&useType=2&page=1&limit=20", parameters={masked}" }
                    
{
                    "app": "Crmeb",
                    "timestamp":"2025-09-23 18:47:23.865",
                    "level": "DEBUG",
                    "thread": "http-nio-8081-exec-17",
                    "class": "o.s.web.servlet.DispatcherServlet",
                    "message": "GET "/api/front/merchant/customer/service/info/2", parameters={}" }
                    
{
                    "app": "Crmeb",
                    "timestamp":"2025-09-23 18:47:23.867",
                    "level": "DEBUG",
                    "thread": "http-nio-8081-exec-10",
                    "class": "o.s.w.s.m.m.a.RequestMappingHandlerMapping",
                    "message": "Mapped to com.zbkj.front.controller.CouponController#getList(CouponSearchRequest, PageParamRequest)" }
                    
{
                    "app": "Crmeb",
                    "timestamp":"2025-09-23 18:47:23.866",
                    "level": "DEBUG",
                    "thread": "http-nio-8081-exec-9",
                    "class": "o.s.web.servlet.DispatcherServlet",
                    "message": "GET "/api/front/cart/count?type=total&numType=true", parameters={masked}" }
                    
{
                    "app": "Crmeb",
                    "timestamp":"2025-09-23 18:47:23.866",
                    "level": "DEBUG",
                    "thread": "http-nio-8081-exec-11",
                    "class": "o.s.web.servlet.DispatcherServlet",
                    "message": "GET "/api/front/product/reply/list/12?page=1&limit=20&type=0", parameters={masked}" }
                    
{
                    "app": "Crmeb",
                    "timestamp":"2025-09-23 18:47:23.868",
                    "level": "DEBUG",
                    "thread": "http-nio-8081-exec-11",
                    "class": "o.s.w.s.m.m.a.RequestMappingHandlerMapping",
                    "message": "Mapped to com.zbkj.front.controller.ProductController#getReplyList(Integer, Integer, PageParamRequest)" }
                    
{
                    "app": "Crmeb",
                    "timestamp":"2025-09-23 18:47:23.866",
                    "level": "DEBUG",
                    "thread": "http-nio-8081-exec-20",
                    "class": "o.s.web.servlet.DispatcherServlet",
                    "message": "GET "/api/front/merchant/all/type/list", parameters={}" }
                    
{
                    "app": "Crmeb",
                    "timestamp":"2025-09-23 18:47:23.869",
                    "level": "DEBUG",
                    "thread": "http-nio-8081-exec-20",
                    "class": "o.s.w.s.m.m.a.RequestMappingHandlerMapping",
                    "message": "Mapped to com.zbkj.front.controller.MerchantController#allTypeList()" }
                    
{
                    "app": "Crmeb",
                    "timestamp":"2025-09-23 18:47:23.867",
                    "level": "DEBUG",
                    "thread": "http-nio-8081-exec-27",
                    "class": "o.s.w.s.m.m.a.RequestMappingHandlerMapping",
                    "message": "Mapped to com.zbkj.front.controller.ProductController#getReplyCount(Integer)" }
                    
{
                    "app": "Crmeb",
                    "timestamp":"2025-09-23 18:47:23.867",
                    "level": "DEBUG",
                    "thread": "http-nio-8081-exec-17",
                    "class": "o.s.w.s.m.m.a.RequestMappingHandlerMapping",
                    "message": "Mapped to com.zbkj.front.controller.MerchantController#getCustomerServiceInfo(Integer)" }
                    
{
                    "app": "Crmeb",
                    "timestamp":"2025-09-23 18:47:23.867",
                    "level": "DEBUG",
                    "thread": "http-nio-8081-exec-9",
                    "class": "o.s.w.s.m.m.a.RequestMappingHandlerMapping",
                    "message": "Mapped to com.zbkj.front.controller.CartController#count(CartNumRequest)" }
                    
{
                    "app": "Crmeb",
                    "timestamp":"2025-09-23 18:47:23.877",
                    "level": "DEBUG",
                    "thread": "http-nio-8081-exec-20",
                    "class": "o.s.w.s.m.m.a.RequestResponseBodyMethodProcessor",
                    "message": "Using 'application/json', given [application/json, text/plain, */*] and supported [application/json, application/*+json, application/json, application/*+json]" }
                    
{
                    "app": "Crmeb",
                    "timestamp":"2025-09-23 18:47:23.877",
                    "level": "DEBUG",
                    "thread": "http-nio-8081-exec-11",
                    "class": "o.s.w.s.m.m.a.RequestResponseBodyMethodProcessor",
                    "message": "Using 'application/json', given [application/json, text/plain, */*] and supported [application/json, application/*+json, application/json, application/*+json]" }
                    
{
                    "app": "Crmeb",
                    "timestamp":"2025-09-23 18:47:23.877",
                    "level": "DEBUG",
                    "thread": "http-nio-8081-exec-20",
                    "class": "o.s.w.s.m.m.a.RequestResponseBodyMethodProcessor",
                    "message": "Writing [com.zbkj.common.response.CommonResult@75313477]" }
                    
{
                    "app": "Crmeb",
                    "timestamp":"2025-09-23 18:47:23.878",
                    "level": "DEBUG",
                    "thread": "http-nio-8081-exec-11",
                    "class": "o.s.w.s.m.m.a.RequestResponseBodyMethodProcessor",
                    "message": "Writing [com.zbkj.common.response.CommonResult@75264a4e]" }
                    
{
                    "app": "Crmeb",
                    "timestamp":"2025-09-23 18:47:23.880",
                    "level": "DEBUG",
                    "thread": "http-nio-8081-exec-20",
                    "class": "o.s.web.servlet.DispatcherServlet",
                    "message": "Completed 200 OK" }
                    
{
                    "app": "Crmeb",
                    "timestamp":"2025-09-23 18:47:23.880",
                    "level": "DEBUG",
                    "thread": "http-nio-8081-exec-11",
                    "class": "o.s.web.servlet.DispatcherServlet",
                    "message": "Completed 200 OK" }
                    
{
                    "app": "Crmeb",
                    "timestamp":"2025-09-23 18:47:23.881",
                    "level": "DEBUG",
                    "thread": "http-nio-8081-exec-9",
                    "class": "o.s.w.s.m.m.a.RequestResponseBodyMethodProcessor",
                    "message": "Using 'application/json', given [application/json, text/plain, */*] and supported [application/json, application/*+json, application/json, application/*+json]" }
                    
{
                    "app": "Crmeb",
                    "timestamp":"2025-09-23 18:47:23.881",
                    "level": "DEBUG",
                    "thread": "http-nio-8081-exec-9",
                    "class": "o.s.w.s.m.m.a.RequestResponseBodyMethodProcessor",
                    "message": "Writing [com.zbkj.common.response.CommonResult@5b287997]" }
                    
{
                    "app": "Crmeb",
                    "timestamp":"2025-09-23 18:47:23.882",
                    "level": "DEBUG",
                    "thread": "http-nio-8081-exec-9",
                    "class": "o.s.web.servlet.DispatcherServlet",
                    "message": "Completed 200 OK" }
                    
{
                    "app": "Crmeb",
                    "timestamp":"2025-09-23 18:47:23.882",
                    "level": "DEBUG",
                    "thread": "http-nio-8081-exec-17",
                    "class": "o.s.w.s.m.m.a.RequestResponseBodyMethodProcessor",
                    "message": "Using 'application/json', given [application/json, text/plain, */*] and supported [application/json, application/*+json, application/json, application/*+json]" }
                    
{
                    "app": "Crmeb",
                    "timestamp":"2025-09-23 18:47:23.882",
                    "level": "DEBUG",
                    "thread": "http-nio-8081-exec-17",
                    "class": "o.s.w.s.m.m.a.RequestResponseBodyMethodProcessor",
                    "message": "Writing [com.zbkj.common.response.CommonResult@4e96c940]" }
                    
{
                    "app": "Crmeb",
                    "timestamp":"2025-09-23 18:47:23.882",
                    "level": "DEBUG",
                    "thread": "http-nio-8081-exec-17",
                    "class": "o.s.web.servlet.DispatcherServlet",
                    "message": "Completed 200 OK" }
                    
{
                    "app": "Crmeb",
                    "timestamp":"2025-09-23 18:47:23.883",
                    "level": "DEBUG",
                    "thread": "http-nio-8081-exec-10",
                    "class": "o.s.w.s.m.m.a.RequestResponseBodyMethodProcessor",
                    "message": "Using 'application/json', given [application/json, text/plain, */*] and supported [application/json, application/*+json, application/json, application/*+json]" }
                    
{
                    "app": "Crmeb",
                    "timestamp":"2025-09-23 18:47:23.883",
                    "level": "DEBUG",
                    "thread": "http-nio-8081-exec-10",
                    "class": "o.s.w.s.m.m.a.RequestResponseBodyMethodProcessor",
                    "message": "Writing [com.zbkj.common.response.CommonResult@2dd2e209]" }
                    
{
                    "app": "Crmeb",
                    "timestamp":"2025-09-23 18:47:23.884",
                    "level": "DEBUG",
                    "thread": "http-nio-8081-exec-10",
                    "class": "o.s.web.servlet.DispatcherServlet",
                    "message": "Completed 200 OK" }
                    
{
                    "app": "Crmeb",
                    "timestamp":"2025-09-23 18:47:23.885",
                    "level": "DEBUG",
                    "thread": "http-nio-8081-exec-27",
                    "class": "o.s.w.s.m.m.a.RequestResponseBodyMethodProcessor",
                    "message": "Using 'application/json', given [application/json, text/plain, */*] and supported [application/json, application/*+json, application/json, application/*+json]" }
                    
{
                    "app": "Crmeb",
                    "timestamp":"2025-09-23 18:47:23.885",
                    "level": "DEBUG",
                    "thread": "http-nio-8081-exec-27",
                    "class": "o.s.w.s.m.m.a.RequestResponseBodyMethodProcessor",
                    "message": "Writing [com.zbkj.common.response.CommonResult@64302711]" }
                    
{
                    "app": "Crmeb",
                    "timestamp":"2025-09-23 18:47:23.885",
                    "level": "DEBUG",
                    "thread": "http-nio-8081-exec-27",
                    "class": "o.s.web.servlet.DispatcherServlet",
                    "message": "Completed 200 OK" }
                    
{
                    "app": "Crmeb",
                    "timestamp":"2025-09-23 18:47:26.111",
                    "level": "DEBUG",
                    "thread": "http-nio-8081-exec-22",
                    "class": "o.s.web.servlet.DispatcherServlet",
                    "message": "GET "/api/front/activity/index/list", parameters={}" }
                    
{
                    "app": "Crmeb",
                    "timestamp":"2025-09-23 18:47:26.112",
                    "level": "DEBUG",
                    "thread": "http-nio-8081-exec-23",
                    "class": "o.s.web.servlet.DispatcherServlet",
                    "message": "GET "/api/front/product/leaderboard", parameters={}" }
                    
{
                    "app": "Crmeb",
                    "timestamp":"2025-09-23 18:47:26.114",
                    "level": "DEBUG",
                    "thread": "http-nio-8081-exec-14",
                    "class": "o.s.web.servlet.DispatcherServlet",
                    "message": "GET "/api/front/merchant/street", parameters={}" }
                    
{
                    "app": "Crmeb",
                    "timestamp":"2025-09-23 18:47:26.114",
                    "level": "DEBUG",
                    "thread": "http-nio-8081-exec-30",
                    "class": "o.s.web.servlet.DispatcherServlet",
                    "message": "GET "/api/pc/home/index", parameters={}" }
                    
{
                    "app": "Crmeb",
                    "timestamp":"2025-09-23 18:47:26.115",
                    "level": "DEBUG",
                    "thread": "http-nio-8081-exec-2",
                    "class": "o.s.web.servlet.DispatcherServlet",
                    "message": "GET "/api/front/index/product?page=1&limit=13", parameters={masked}" }
                    
{
                    "app": "Crmeb",
                    "timestamp":"2025-09-23 18:47:26.115",
                    "level": "DEBUG",
                    "thread": "http-nio-8081-exec-22",
                    "class": "o.s.w.s.m.m.a.RequestMappingHandlerMapping",
                    "message": "Mapped to com.zbkj.front.controller.ActivityController#getIndexList()" }
                    
{
                    "app": "Crmeb",
                    "timestamp":"2025-09-23 18:47:26.116",
                    "level": "DEBUG",
                    "thread": "http-nio-8081-exec-23",
                    "class": "o.s.w.s.m.m.a.RequestMappingHandlerMapping",
                    "message": "Mapped to com.zbkj.front.controller.ProductController#getLeaderboard()" }
                    
{
                    "app": "Crmeb",
                    "timestamp":"2025-09-23 18:47:26.117",
                    "level": "DEBUG",
                    "thread": "http-nio-8081-exec-14",
                    "class": "o.s.w.s.m.m.a.RequestMappingHandlerMapping",
                    "message": "Mapped to com.zbkj.front.controller.MerchantController#getStreet(PageParamRequest)" }
                    
{
                    "app": "Crmeb",
                    "timestamp":"2025-09-23 18:47:26.117",
                    "level": "DEBUG",
                    "thread": "http-nio-8081-exec-30",
                    "class": "o.s.w.s.m.m.a.RequestMappingHandlerMapping",
                    "message": "Mapped to com.zbkj.front.pc.controller.PcIndexController#getIndexInfo()" }
                    
{
                    "app": "Crmeb",
                    "timestamp":"2025-09-23 18:47:26.118",
                    "level": "DEBUG",
                    "thread": "http-nio-8081-exec-2",
                    "class": "o.s.w.s.m.m.a.RequestMappingHandlerMapping",
                    "message": "Mapped to com.zbkj.front.controller.IndexController#getProductList(PageParamRequest)" }
                    
{
                    "app": "Crmeb",
                    "timestamp":"2025-09-23 18:47:26.124",
                    "level": "DEBUG",
                    "thread": "http-nio-8081-exec-23",
                    "class": "o.s.w.s.m.m.a.RequestResponseBodyMethodProcessor",
                    "message": "Using 'application/json', given [application/json, text/plain, */*] and supported [application/json, application/*+json, application/json, application/*+json]" }
                    
{
                    "app": "Crmeb",
                    "timestamp":"2025-09-23 18:47:26.124",
                    "level": "DEBUG",
                    "thread": "http-nio-8081-exec-23",
                    "class": "o.s.w.s.m.m.a.RequestResponseBodyMethodProcessor",
                    "message": "Writing [com.zbkj.common.response.CommonResult@2b4b1655]" }
                    
{
                    "app": "Crmeb",
                    "timestamp":"2025-09-23 18:47:26.125",
                    "level": "DEBUG",
                    "thread": "http-nio-8081-exec-23",
                    "class": "o.s.web.servlet.DispatcherServlet",
                    "message": "Completed 200 OK" }
                    
{
                    "app": "Crmeb",
                    "timestamp":"2025-09-23 18:47:26.126",
                    "level": "DEBUG",
                    "thread": "http-nio-8081-exec-2",
                    "class": "o.s.w.s.m.m.a.RequestResponseBodyMethodProcessor",
                    "message": "Using 'application/json', given [application/json, text/plain, */*] and supported [application/json, application/*+json, application/json, application/*+json]" }
                    
{
                    "app": "Crmeb",
                    "timestamp":"2025-09-23 18:47:26.127",
                    "level": "DEBUG",
                    "thread": "http-nio-8081-exec-2",
                    "class": "o.s.w.s.m.m.a.RequestResponseBodyMethodProcessor",
                    "message": "Writing [com.zbkj.common.response.CommonResult@5f9de717]" }
                    
{
                    "app": "Crmeb",
                    "timestamp":"2025-09-23 18:47:26.127",
                    "level": "DEBUG",
                    "thread": "http-nio-8081-exec-2",
                    "class": "o.s.web.servlet.DispatcherServlet",
                    "message": "Completed 200 OK" }
                    
{
                    "app": "Crmeb",
                    "timestamp":"2025-09-23 18:47:26.128",
                    "level": "DEBUG",
                    "thread": "http-nio-8081-exec-14",
                    "class": "o.s.w.s.m.m.a.RequestResponseBodyMethodProcessor",
                    "message": "Using 'application/json', given [application/json, text/plain, */*] and supported [application/json, application/*+json, application/json, application/*+json]" }
                    
{
                    "app": "Crmeb",
                    "timestamp":"2025-09-23 18:47:26.128",
                    "level": "DEBUG",
                    "thread": "http-nio-8081-exec-14",
                    "class": "o.s.w.s.m.m.a.RequestResponseBodyMethodProcessor",
                    "message": "Writing [com.zbkj.common.response.CommonResult@45f31c3d]" }
                    
{
                    "app": "Crmeb",
                    "timestamp":"2025-09-23 18:47:26.129",
                    "level": "DEBUG",
                    "thread": "http-nio-8081-exec-14",
                    "class": "o.s.web.servlet.DispatcherServlet",
                    "message": "Completed 200 OK" }
                    
{
                    "app": "Crmeb",
                    "timestamp":"2025-09-23 18:47:26.144",
                    "level": "DEBUG",
                    "thread": "http-nio-8081-exec-22",
                    "class": "o.s.w.s.m.m.a.RequestResponseBodyMethodProcessor",
                    "message": "Using 'application/json', given [application/json, text/plain, */*] and supported [application/json, application/*+json, application/json, application/*+json]" }
                    
{
                    "app": "Crmeb",
                    "timestamp":"2025-09-23 18:47:26.145",
                    "level": "DEBUG",
                    "thread": "http-nio-8081-exec-22",
                    "class": "o.s.w.s.m.m.a.RequestResponseBodyMethodProcessor",
                    "message": "Writing [com.zbkj.common.response.CommonResult@2da09bc9]" }
                    
{
                    "app": "Crmeb",
                    "timestamp":"2025-09-23 18:47:26.145",
                    "level": "DEBUG",
                    "thread": "http-nio-8081-exec-22",
                    "class": "o.s.web.servlet.DispatcherServlet",
                    "message": "Completed 200 OK" }
                    
{
                    "app": "Crmeb",
                    "timestamp":"2025-09-23 18:47:26.150",
                    "level": "DEBUG",
                    "thread": "http-nio-8081-exec-30",
                    "class": "o.s.w.s.m.m.a.RequestResponseBodyMethodProcessor",
                    "message": "Using 'application/json', given [application/json, text/plain, */*] and supported [application/json, application/*+json, application/json, application/*+json]" }
                    
{
                    "app": "Crmeb",
                    "timestamp":"2025-09-23 18:47:26.151",
                    "level": "DEBUG",
                    "thread": "http-nio-8081-exec-30",
                    "class": "o.s.w.s.m.m.a.RequestResponseBodyMethodProcessor",
                    "message": "Writing [com.zbkj.common.response.CommonResult@5db63ce7]" }
                    
{
                    "app": "Crmeb",
                    "timestamp":"2025-09-23 18:47:26.151",
                    "level": "DEBUG",
                    "thread": "http-nio-8081-exec-8",
                    "class": "o.s.web.servlet.DispatcherServlet",
                    "message": "GET "/api/front/activity/index/list", parameters={}" }
                    
{
                    "app": "Crmeb",
                    "timestamp":"2025-09-23 18:47:26.151",
                    "level": "DEBUG",
                    "thread": "http-nio-8081-exec-30",
                    "class": "o.s.web.servlet.DispatcherServlet",
                    "message": "Completed 200 OK" }
                    
{
                    "app": "Crmeb",
                    "timestamp":"2025-09-23 18:47:26.151",
                    "level": "DEBUG",
                    "thread": "http-nio-8081-exec-8",
                    "class": "o.s.w.s.m.m.a.RequestMappingHandlerMapping",
                    "message": "Mapped to com.zbkj.front.controller.ActivityController#getIndexList()" }
                    
{
                    "app": "Crmeb",
                    "timestamp":"2025-09-23 18:47:26.165",
                    "level": "DEBUG",
                    "thread": "http-nio-8081-exec-8",
                    "class": "o.s.w.s.m.m.a.RequestResponseBodyMethodProcessor",
                    "message": "Using 'application/json', given [application/json, text/plain, */*] and supported [application/json, application/*+json, application/json, application/*+json]" }
                    
{
                    "app": "Crmeb",
                    "timestamp":"2025-09-23 18:47:26.165",
                    "level": "DEBUG",
                    "thread": "http-nio-8081-exec-8",
                    "class": "o.s.w.s.m.m.a.RequestResponseBodyMethodProcessor",
                    "message": "Writing [com.zbkj.common.response.CommonResult@49f06223]" }
                    
{
                    "app": "Crmeb",
                    "timestamp":"2025-09-23 18:47:26.165",
                    "level": "DEBUG",
                    "thread": "http-nio-8081-exec-8",
                    "class": "o.s.web.servlet.DispatcherServlet",
                    "message": "Completed 200 OK" }
                    
{
                    "app": "Crmeb",
                    "timestamp":"2025-09-23 18:47:26.174",
                    "level": "DEBUG",
                    "thread": "http-nio-8081-exec-5",
                    "class": "o.s.web.servlet.DispatcherServlet",
                    "message": "GET "/api/front/user/menu/user", parameters={}" }
                    
{
                    "app": "Crmeb",
                    "timestamp":"2025-09-23 18:47:26.174",
                    "level": "DEBUG",
                    "thread": "http-nio-8081-exec-7",
                    "class": "o.s.web.servlet.DispatcherServlet",
                    "message": "GET "/api/front/cart/count?numType=true&type=total", parameters={masked}" }
                    
{
                    "app": "Crmeb",
                    "timestamp":"2025-09-23 18:47:26.175",
                    "level": "DEBUG",
                    "thread": "http-nio-8081-exec-7",
                    "class": "o.s.w.s.m.m.a.RequestMappingHandlerMapping",
                    "message": "Mapped to com.zbkj.front.controller.CartController#count(CartNumRequest)" }
                    
{
                    "app": "Crmeb",
                    "timestamp":"2025-09-23 18:47:26.175",
                    "level": "DEBUG",
                    "thread": "http-nio-8081-exec-5",
                    "class": "o.s.w.s.m.m.a.RequestMappingHandlerMapping",
                    "message": "Mapped to com.zbkj.front.controller.UserController#getMenuUser()" }
                    
{
                    "app": "Crmeb",
                    "timestamp":"2025-09-23 18:47:26.181",
                    "level": "DEBUG",
                    "thread": "http-nio-8081-exec-7",
                    "class": "o.s.w.s.m.m.a.RequestResponseBodyMethodProcessor",
                    "message": "Using 'application/json', given [application/json, text/plain, */*] and supported [application/json, application/*+json, application/json, application/*+json]" }
                    
{
                    "app": "Crmeb",
                    "timestamp":"2025-09-23 18:47:26.181",
                    "level": "DEBUG",
                    "thread": "http-nio-8081-exec-7",
                    "class": "o.s.w.s.m.m.a.RequestResponseBodyMethodProcessor",
                    "message": "Writing [com.zbkj.common.response.CommonResult@608a9304]" }
                    
{
                    "app": "Crmeb",
                    "timestamp":"2025-09-23 18:47:26.181",
                    "level": "DEBUG",
                    "thread": "http-nio-8081-exec-7",
                    "class": "o.s.web.servlet.DispatcherServlet",
                    "message": "Completed 200 OK" }
                    
{
                    "app": "Crmeb",
                    "timestamp":"2025-09-23 18:47:26.185",
                    "level": "DEBUG",
                    "thread": "http-nio-8081-exec-5",
                    "class": "o.s.w.s.m.m.a.RequestResponseBodyMethodProcessor",
                    "message": "Using 'application/json', given [application/json, text/plain, */*] and supported [application/json, application/*+json, application/json, application/*+json]" }
                    
{
                    "app": "Crmeb",
                    "timestamp":"2025-09-23 18:47:26.185",
                    "level": "DEBUG",
                    "thread": "http-nio-8081-exec-5",
                    "class": "o.s.w.s.m.m.a.RequestResponseBodyMethodProcessor",
                    "message": "Writing [com.zbkj.common.response.CommonResult@d9537b9]" }
                    
{
                    "app": "Crmeb",
                    "timestamp":"2025-09-23 18:47:26.185",
                    "level": "DEBUG",
                    "thread": "http-nio-8081-exec-5",
                    "class": "o.s.web.servlet.DispatcherServlet",
                    "message": "Completed 200 OK" }
                    
{
                    "app": "Crmeb",
                    "timestamp":"2025-09-23 18:47:26.207",
                    "level": "DEBUG",
                    "thread": "http-nio-8081-exec-24",
                    "class": "o.s.web.servlet.DispatcherServlet",
                    "message": "GET "/api/front/index/product?page=1&limit=13", parameters={masked}" }
                    
{
                    "app": "Crmeb",
                    "timestamp":"2025-09-23 18:47:26.208",
                    "level": "DEBUG",
                    "thread": "http-nio-8081-exec-24",
                    "class": "o.s.w.s.m.m.a.RequestMappingHandlerMapping",
                    "message": "Mapped to com.zbkj.front.controller.IndexController#getProductList(PageParamRequest)" }
                    
{
                    "app": "Crmeb",
                    "timestamp":"2025-09-23 18:47:26.215",
                    "level": "DEBUG",
                    "thread": "http-nio-8081-exec-24",
                    "class": "o.s.w.s.m.m.a.RequestResponseBodyMethodProcessor",
                    "message": "Using 'application/json', given [application/json, text/plain, */*] and supported [application/json, application/*+json, application/json, application/*+json]" }
                    
{
                    "app": "Crmeb",
                    "timestamp":"2025-09-23 18:47:26.215",
                    "level": "DEBUG",
                    "thread": "http-nio-8081-exec-24",
                    "class": "o.s.w.s.m.m.a.RequestResponseBodyMethodProcessor",
                    "message": "Writing [com.zbkj.common.response.CommonResult@46e6f366]" }
                    
{
                    "app": "Crmeb",
                    "timestamp":"2025-09-23 18:47:26.215",
                    "level": "DEBUG",
                    "thread": "http-nio-8081-exec-24",
                    "class": "o.s.web.servlet.DispatcherServlet",
                    "message": "Completed 200 OK" }
                    
{
                    "app": "Crmeb",
                    "timestamp":"2025-09-23 18:47:27.813",
                    "level": "DEBUG",
                    "thread": "http-nio-8081-exec-4",
                    "class": "o.s.web.servlet.DispatcherServlet",
                    "message": "GET "/api/front/product/detail/13", parameters={}" }
                    
{
                    "app": "Crmeb",
                    "timestamp":"2025-09-23 18:47:27.813",
                    "level": "DEBUG",
                    "thread": "http-nio-8081-exec-4",
                    "class": "o.s.w.s.m.m.a.RequestMappingHandlerMapping",
                    "message": "Mapped to com.zbkj.front.controller.ProductController#getDetail(Integer)" }
                    
{
                    "app": "Crmeb",
                    "timestamp":"2025-09-23 18:47:27.831",
                    "level": "DEBUG",
                    "thread": "http-nio-8081-exec-4",
                    "class": "o.s.w.s.m.m.a.RequestResponseBodyMethodProcessor",
                    "message": "Using 'application/json', given [application/json, text/plain, */*] and supported [application/json, application/*+json, application/json, application/*+json]" }
                    
{
                    "app": "Crmeb",
                    "timestamp":"2025-09-23 18:47:27.832",
                    "level": "DEBUG",
                    "thread": "http-nio-8081-exec-4",
                    "class": "o.s.w.s.m.m.a.RequestResponseBodyMethodProcessor",
                    "message": "Writing [com.zbkj.common.response.CommonResult@15ca8b5f]" }
                    
{
                    "app": "Crmeb",
                    "timestamp":"2025-09-23 18:47:27.833",
                    "level": "DEBUG",
                    "thread": "http-nio-8081-exec-4",
                    "class": "o.s.web.servlet.DispatcherServlet",
                    "message": "Completed 200 OK" }
                    
{
                    "app": "Crmeb",
                    "timestamp":"2025-09-23 18:47:27.847",
                    "level": "DEBUG",
                    "thread": "http-nio-8081-exec-15",
                    "class": "o.s.web.servlet.DispatcherServlet",
                    "message": "GET "/api/front/user/menu/user", parameters={}" }
                    
{
                    "app": "Crmeb",
                    "timestamp":"2025-09-23 18:47:27.847",
                    "level": "DEBUG",
                    "thread": "http-nio-8081-exec-12",
                    "class": "o.s.web.servlet.DispatcherServlet",
                    "message": "GET "/api/front/cart/count?numType=true&type=total", parameters={masked}" }
                    
{
                    "app": "Crmeb",
                    "timestamp":"2025-09-23 18:47:27.847",
                    "level": "DEBUG",
                    "thread": "http-nio-8081-exec-15",
                    "class": "o.s.w.s.m.m.a.RequestMappingHandlerMapping",
                    "message": "Mapped to com.zbkj.front.controller.UserController#getMenuUser()" }
                    
{
                    "app": "Crmeb",
                    "timestamp":"2025-09-23 18:47:27.847",
                    "level": "DEBUG",
                    "thread": "http-nio-8081-exec-12",
                    "class": "o.s.w.s.m.m.a.RequestMappingHandlerMapping",
                    "message": "Mapped to com.zbkj.front.controller.CartController#count(CartNumRequest)" }
                    
{
                    "app": "Crmeb",
                    "timestamp":"2025-09-23 18:47:27.853",
                    "level": "DEBUG",
                    "thread": "http-nio-8081-exec-12",
                    "class": "o.s.w.s.m.m.a.RequestResponseBodyMethodProcessor",
                    "message": "Using 'application/json', given [application/json, text/plain, */*] and supported [application/json, application/*+json, application/json, application/*+json]" }
                    
{
                    "app": "Crmeb",
                    "timestamp":"2025-09-23 18:47:27.854",
                    "level": "DEBUG",
                    "thread": "http-nio-8081-exec-12",
                    "class": "o.s.w.s.m.m.a.RequestResponseBodyMethodProcessor",
                    "message": "Writing [com.zbkj.common.response.CommonResult@1ab490ec]" }
                    
{
                    "app": "Crmeb",
                    "timestamp":"2025-09-23 18:47:27.855",
                    "level": "DEBUG",
                    "thread": "http-nio-8081-exec-12",
                    "class": "o.s.web.servlet.DispatcherServlet",
                    "message": "Completed 200 OK" }
                    
{
                    "app": "Crmeb",
                    "timestamp":"2025-09-23 18:47:27.859",
                    "level": "DEBUG",
                    "thread": "http-nio-8081-exec-15",
                    "class": "o.s.w.s.m.m.a.RequestResponseBodyMethodProcessor",
                    "message": "Using 'application/json', given [application/json, text/plain, */*] and supported [application/json, application/*+json, application/json, application/*+json]" }
                    
{
                    "app": "Crmeb",
                    "timestamp":"2025-09-23 18:47:27.859",
                    "level": "DEBUG",
                    "thread": "http-nio-8081-exec-15",
                    "class": "o.s.w.s.m.m.a.RequestResponseBodyMethodProcessor",
                    "message": "Writing [com.zbkj.common.response.CommonResult@e275a24]" }
                    
{
                    "app": "Crmeb",
                    "timestamp":"2025-09-23 18:47:27.860",
                    "level": "DEBUG",
                    "thread": "http-nio-8081-exec-15",
                    "class": "o.s.web.servlet.DispatcherServlet",
                    "message": "Completed 200 OK" }
                    
{
                    "app": "Crmeb",
                    "timestamp":"2025-09-23 18:47:27.873",
                    "level": "DEBUG",
                    "thread": "http-nio-8081-exec-11",
                    "class": "o.s.web.servlet.DispatcherServlet",
                    "message": "GET "/api/front/cart/count?type=total&numType=true", parameters={masked}" }
                    
{
                    "app": "Crmeb",
                    "timestamp":"2025-09-23 18:47:27.873",
                    "level": "DEBUG",
                    "thread": "http-nio-8081-exec-9",
                    "class": "o.s.web.servlet.DispatcherServlet",
                    "message": "GET "/api/front/merchant/customer/service/info/2", parameters={}" }
                    
{
                    "app": "Crmeb",
                    "timestamp":"2025-09-23 18:47:27.873",
                    "level": "DEBUG",
                    "thread": "http-nio-8081-exec-26",
                    "class": "o.s.web.servlet.DispatcherServlet",
                    "message": "GET "/api/front/merchant/all/type/list", parameters={}" }
                    
{
                    "app": "Crmeb",
                    "timestamp":"2025-09-23 18:47:27.873",
                    "level": "DEBUG",
                    "thread": "http-nio-8081-exec-11",
                    "class": "o.s.w.s.m.m.a.RequestMappingHandlerMapping",
                    "message": "Mapped to com.zbkj.front.controller.CartController#count(CartNumRequest)" }
                    
{
                    "app": "Crmeb",
                    "timestamp":"2025-09-23 18:47:27.873",
                    "level": "DEBUG",
                    "thread": "http-nio-8081-exec-26",
                    "class": "o.s.w.s.m.m.a.RequestMappingHandlerMapping",
                    "message": "Mapped to com.zbkj.front.controller.MerchantController#allTypeList()" }
                    
{
                    "app": "Crmeb",
                    "timestamp":"2025-09-23 18:47:27.874",
                    "level": "DEBUG",
                    "thread": "http-nio-8081-exec-9",
                    "class": "o.s.w.s.m.m.a.RequestMappingHandlerMapping",
                    "message": "Mapped to com.zbkj.front.controller.MerchantController#getCustomerServiceInfo(Integer)" }
                    
{
                    "app": "Crmeb",
                    "timestamp":"2025-09-23 18:47:27.874",
                    "level": "DEBUG",
                    "thread": "http-nio-8081-exec-17",
                    "class": "o.s.web.servlet.DispatcherServlet",
                    "message": "GET "/api/front/coupons?merId=2&productId=13&useType=2&page=1&limit=20", parameters={masked}" }
                    
{
                    "app": "Crmeb",
                    "timestamp":"2025-09-23 18:47:27.874",
                    "level": "DEBUG",
                    "thread": "http-nio-8081-exec-27",
                    "class": "o.s.web.servlet.DispatcherServlet",
                    "message": "GET "/api/front/product/reply/config/13", parameters={}" }
                    
{
                    "app": "Crmeb",
                    "timestamp":"2025-09-23 18:47:27.874",
                    "level": "DEBUG",
                    "thread": "http-nio-8081-exec-10",
                    "class": "o.s.web.servlet.DispatcherServlet",
                    "message": "GET "/api/front/product/reply/list/13?page=1&limit=20&type=0", parameters={masked}" }
                    
{
                    "app": "Crmeb",
                    "timestamp":"2025-09-23 18:47:27.874",
                    "level": "DEBUG",
                    "thread": "http-nio-8081-exec-17",
                    "class": "o.s.w.s.m.m.a.RequestMappingHandlerMapping",
                    "message": "Mapped to com.zbkj.front.controller.CouponController#getList(CouponSearchRequest, PageParamRequest)" }
                    
{
                    "app": "Crmeb",
                    "timestamp":"2025-09-23 18:47:27.875",
                    "level": "DEBUG",
                    "thread": "http-nio-8081-exec-27",
                    "class": "o.s.w.s.m.m.a.RequestMappingHandlerMapping",
                    "message": "Mapped to com.zbkj.front.controller.ProductController#getReplyCount(Integer)" }
                    
{
                    "app": "Crmeb",
                    "timestamp":"2025-09-23 18:47:27.876",
                    "level": "DEBUG",
                    "thread": "http-nio-8081-exec-10",
                    "class": "o.s.w.s.m.m.a.RequestMappingHandlerMapping",
                    "message": "Mapped to com.zbkj.front.controller.ProductController#getReplyList(Integer, Integer, PageParamRequest)" }
                    
{
                    "app": "Crmeb",
                    "timestamp":"2025-09-23 18:47:27.879",
                    "level": "DEBUG",
                    "thread": "http-nio-8081-exec-11",
                    "class": "o.s.w.s.m.m.a.RequestResponseBodyMethodProcessor",
                    "message": "Using 'application/json', given [application/json, text/plain, */*] and supported [application/json, application/*+json, application/json, application/*+json]" }
                    
{
                    "app": "Crmeb",
                    "timestamp":"2025-09-23 18:47:27.880",
                    "level": "DEBUG",
                    "thread": "http-nio-8081-exec-11",
                    "class": "o.s.w.s.m.m.a.RequestResponseBodyMethodProcessor",
                    "message": "Writing [com.zbkj.common.response.CommonResult@8a73732]" }
                    
{
                    "app": "Crmeb",
                    "timestamp":"2025-09-23 18:47:27.880",
                    "level": "DEBUG",
                    "thread": "http-nio-8081-exec-26",
                    "class": "o.s.w.s.m.m.a.RequestResponseBodyMethodProcessor",
                    "message": "Using 'application/json', given [application/json, text/plain, */*] and supported [application/json, application/*+json, application/json, application/*+json]" }
                    
{
                    "app": "Crmeb",
                    "timestamp":"2025-09-23 18:47:27.881",
                    "level": "DEBUG",
                    "thread": "http-nio-8081-exec-11",
                    "class": "o.s.web.servlet.DispatcherServlet",
                    "message": "Completed 200 OK" }
                    
{
                    "app": "Crmeb",
                    "timestamp":"2025-09-23 18:47:27.883",
                    "level": "DEBUG",
                    "thread": "http-nio-8081-exec-26",
                    "class": "o.s.w.s.m.m.a.RequestResponseBodyMethodProcessor",
                    "message": "Writing [com.zbkj.common.response.CommonResult@52752578]" }
                    
{
                    "app": "Crmeb",
                    "timestamp":"2025-09-23 18:47:27.884",
                    "level": "DEBUG",
                    "thread": "http-nio-8081-exec-26",
                    "class": "o.s.web.servlet.DispatcherServlet",
                    "message": "Completed 200 OK" }
                    
{
                    "app": "Crmeb",
                    "timestamp":"2025-09-23 18:47:27.885",
                    "level": "DEBUG",
                    "thread": "http-nio-8081-exec-10",
                    "class": "o.s.w.s.m.m.a.RequestResponseBodyMethodProcessor",
                    "message": "Using 'application/json', given [application/json, text/plain, */*] and supported [application/json, application/*+json, application/json, application/*+json]" }
                    
{
                    "app": "Crmeb",
                    "timestamp":"2025-09-23 18:47:27.885",
                    "level": "DEBUG",
                    "thread": "http-nio-8081-exec-10",
                    "class": "o.s.w.s.m.m.a.RequestResponseBodyMethodProcessor",
                    "message": "Writing [com.zbkj.common.response.CommonResult@4597a631]" }
                    
{
                    "app": "Crmeb",
                    "timestamp":"2025-09-23 18:47:27.886",
                    "level": "DEBUG",
                    "thread": "http-nio-8081-exec-10",
                    "class": "o.s.web.servlet.DispatcherServlet",
                    "message": "Completed 200 OK" }
                    
{
                    "app": "Crmeb",
                    "timestamp":"2025-09-23 18:47:27.886",
                    "level": "DEBUG",
                    "thread": "http-nio-8081-exec-9",
                    "class": "o.s.w.s.m.m.a.RequestResponseBodyMethodProcessor",
                    "message": "Using 'application/json', given [application/json, text/plain, */*] and supported [application/json, application/*+json, application/json, application/*+json]" }
                    
{
                    "app": "Crmeb",
                    "timestamp":"2025-09-23 18:47:27.886",
                    "level": "DEBUG",
                    "thread": "http-nio-8081-exec-9",
                    "class": "o.s.w.s.m.m.a.RequestResponseBodyMethodProcessor",
                    "message": "Writing [com.zbkj.common.response.CommonResult@29673cb9]" }
                    
{
                    "app": "Crmeb",
                    "timestamp":"2025-09-23 18:47:27.887",
                    "level": "DEBUG",
                    "thread": "http-nio-8081-exec-9",
                    "class": "o.s.web.servlet.DispatcherServlet",
                    "message": "Completed 200 OK" }
                    
{
                    "app": "Crmeb",
                    "timestamp":"2025-09-23 18:47:27.891",
                    "level": "DEBUG",
                    "thread": "http-nio-8081-exec-17",
                    "class": "o.s.w.s.m.m.a.RequestResponseBodyMethodProcessor",
                    "message": "Using 'application/json', given [application/json, text/plain, */*] and supported [application/json, application/*+json, application/json, application/*+json]" }
                    
{
                    "app": "Crmeb",
                    "timestamp":"2025-09-23 18:47:27.891",
                    "level": "DEBUG",
                    "thread": "http-nio-8081-exec-27",
                    "class": "o.s.w.s.m.m.a.RequestResponseBodyMethodProcessor",
                    "message": "Using 'application/json', given [application/json, text/plain, */*] and supported [application/json, application/*+json, application/json, application/*+json]" }
                    
{
                    "app": "Crmeb",
                    "timestamp":"2025-09-23 18:47:27.891",
                    "level": "DEBUG",
                    "thread": "http-nio-8081-exec-17",
                    "class": "o.s.w.s.m.m.a.RequestResponseBodyMethodProcessor",
                    "message": "Writing [com.zbkj.common.response.CommonResult@1f0c486e]" }
                    
{
                    "app": "Crmeb",
                    "timestamp":"2025-09-23 18:47:27.891",
                    "level": "DEBUG",
                    "thread": "http-nio-8081-exec-27",
                    "class": "o.s.w.s.m.m.a.RequestResponseBodyMethodProcessor",
                    "message": "Writing [com.zbkj.common.response.CommonResult@30a514a0]" }
                    
{
                    "app": "Crmeb",
                    "timestamp":"2025-09-23 18:47:27.891",
                    "level": "DEBUG",
                    "thread": "http-nio-8081-exec-17",
                    "class": "o.s.web.servlet.DispatcherServlet",
                    "message": "Completed 200 OK" }
                    
{
                    "app": "Crmeb",
                    "timestamp":"2025-09-23 18:47:27.891",
                    "level": "DEBUG",
                    "thread": "http-nio-8081-exec-27",
                    "class": "o.s.web.servlet.DispatcherServlet",
                    "message": "Completed 200 OK" }
                    
{
                    "app": "Crmeb",
                    "timestamp":"2025-09-23 18:47:29.829",
                    "level": "DEBUG",
                    "thread": "http-nio-8081-exec-3",
                    "class": "o.s.web.servlet.DispatcherServlet",
                    "message": "POST "/api/front/order/pre/order", parameters={}" }
                    
{
                    "app": "Crmeb",
                    "timestamp":"2025-09-23 18:47:29.830",
                    "level": "DEBUG",
                    "thread": "http-nio-8081-exec-3",
                    "class": "o.s.w.s.m.m.a.RequestMappingHandlerMapping",
                    "message": "Mapped to com.zbkj.front.controller.StoreOrderController#preOrder(PreOrderRequest)" }
                    
{
                    "app": "Crmeb",
                    "timestamp":"2025-09-23 18:47:29.831",
                    "level": "DEBUG",
                    "thread": "http-nio-8081-exec-3",
                    "class": "o.s.w.s.m.m.a.RequestResponseBodyMethodProcessor",
                    "message": "Read "application/json;charset=UTF-8" to [PreOrderRequest(preOrderType=buyNow, orderDetails=[PreOrderDetailRequest(shoppingCartId=null, produc (truncated)...]" }
                    
{
                    "app": "Crmeb",
                    "timestamp":"2025-09-23 18:47:29.844",
                    "level": "DEBUG",
                    "thread": "http-nio-8081-exec-3",
                    "class": "o.s.w.s.m.m.a.RequestResponseBodyMethodProcessor",
                    "message": "Using 'application/json', given [application/json, text/plain, */*] and supported [application/json, application/*+json, application/json, application/*+json]" }
                    
{
                    "app": "Crmeb",
                    "timestamp":"2025-09-23 18:47:29.844",
                    "level": "DEBUG",
                    "thread": "http-nio-8081-exec-3",
                    "class": "o.s.w.s.m.m.a.RequestResponseBodyMethodProcessor",
                    "message": "Writing [com.zbkj.common.response.CommonResult@5b9774fe]" }
                    
{
                    "app": "Crmeb",
                    "timestamp":"2025-09-23 18:47:29.844",
                    "level": "DEBUG",
                    "thread": "http-nio-8081-exec-3",
                    "class": "o.s.web.servlet.DispatcherServlet",
                    "message": "Completed 200 OK" }
                    
{
                    "app": "Crmeb",
                    "timestamp":"2025-09-23 18:47:29.850",
                    "level": "DEBUG",
                    "thread": "http-nio-8081-exec-29",
                    "class": "o.s.web.servlet.DispatcherServlet",
                    "message": "GET "/api/pc/address/all/list", parameters={}" }
                    
{
                    "app": "Crmeb",
                    "timestamp":"2025-09-23 18:47:29.850",
                    "level": "DEBUG",
                    "thread": "http-nio-8081-exec-13",
                    "class": "o.s.web.servlet.DispatcherServlet",
                    "message": "GET "/api/front/pay/method", parameters={}" }
                    
{
                    "app": "Crmeb",
                    "timestamp":"2025-09-23 18:47:29.850",
                    "level": "DEBUG",
                    "thread": "http-nio-8081-exec-29",
                    "class": "o.s.w.s.m.m.a.RequestMappingHandlerMapping",
                    "message": "Mapped to com.zbkj.front.pc.controller.PcUserAddressController#getAllList()" }
                    
{
                    "app": "Crmeb",
                    "timestamp":"2025-09-23 18:47:29.850",
                    "level": "DEBUG",
                    "thread": "http-nio-8081-exec-13",
                    "class": "o.s.w.s.m.m.a.RequestMappingHandlerMapping",
                    "message": "Mapped to com.zbkj.front.controller.PayController#getPayMethod()" }
                    
{
                    "app": "Crmeb",
                    "timestamp":"2025-09-23 18:47:29.854",
                    "level": "DEBUG",
                    "thread": "http-nio-8081-exec-29",
                    "class": "o.s.w.s.m.m.a.RequestResponseBodyMethodProcessor",
                    "message": "Using 'application/json', given [application/json, text/plain, */*] and supported [application/json, application/*+json, application/json, application/*+json]" }
                    
{
                    "app": "Crmeb",
                    "timestamp":"2025-09-23 18:47:29.854",
                    "level": "DEBUG",
                    "thread": "http-nio-8081-exec-29",
                    "class": "o.s.w.s.m.m.a.RequestResponseBodyMethodProcessor",
                    "message": "Writing [com.zbkj.common.response.CommonResult@6e76b1fc]" }
                    
{
                    "app": "Crmeb",
                    "timestamp":"2025-09-23 18:47:29.855",
                    "level": "DEBUG",
                    "thread": "http-nio-8081-exec-29",
                    "class": "o.s.web.servlet.DispatcherServlet",
                    "message": "Completed 200 OK" }
                    
{
                    "app": "Crmeb",
                    "timestamp":"2025-09-23 18:47:29.857",
                    "level": "DEBUG",
                    "thread": "http-nio-8081-exec-13",
                    "class": "o.s.w.s.m.m.a.RequestResponseBodyMethodProcessor",
                    "message": "Using 'application/json', given [application/json, text/plain, */*] and supported [application/json, application/*+json, application/json, application/*+json]" }
                    
{
                    "app": "Crmeb",
                    "timestamp":"2025-09-23 18:47:29.857",
                    "level": "DEBUG",
                    "thread": "http-nio-8081-exec-13",
                    "class": "o.s.w.s.m.m.a.RequestResponseBodyMethodProcessor",
                    "message": "Writing [com.zbkj.common.response.CommonResult@1d16bd3]" }
                    
{
                    "app": "Crmeb",
                    "timestamp":"2025-09-23 18:47:29.857",
                    "level": "DEBUG",
                    "thread": "http-nio-8081-exec-13",
                    "class": "o.s.web.servlet.DispatcherServlet",
                    "message": "Completed 200 OK" }
                    
{
                    "app": "Crmeb",
                    "timestamp":"2025-09-23 18:47:29.867",
                    "level": "DEBUG",
                    "thread": "http-nio-8081-exec-2",
                    "class": "o.s.web.servlet.DispatcherServlet",
                    "message": "GET "/api/front/cart/count?numType=true&type=total", parameters={masked}" }
                    
{
                    "app": "Crmeb",
                    "timestamp":"2025-09-23 18:47:29.867",
                    "level": "DEBUG",
                    "thread": "http-nio-8081-exec-23",
                    "class": "o.s.web.servlet.DispatcherServlet",
                    "message": "GET "/api/front/user/menu/user", parameters={}" }
                    
{
                    "app": "Crmeb",
                    "timestamp":"2025-09-23 18:47:29.868",
                    "level": "DEBUG",
                    "thread": "http-nio-8081-exec-2",
                    "class": "o.s.w.s.m.m.a.RequestMappingHandlerMapping",
                    "message": "Mapped to com.zbkj.front.controller.CartController#count(CartNumRequest)" }
                    
{
                    "app": "Crmeb",
                    "timestamp":"2025-09-23 18:47:29.868",
                    "level": "DEBUG",
                    "thread": "http-nio-8081-exec-23",
                    "class": "o.s.w.s.m.m.a.RequestMappingHandlerMapping",
                    "message": "Mapped to com.zbkj.front.controller.UserController#getMenuUser()" }
                    
{
                    "app": "Crmeb",
                    "timestamp":"2025-09-23 18:47:29.873",
                    "level": "DEBUG",
                    "thread": "http-nio-8081-exec-2",
                    "class": "o.s.w.s.m.m.a.RequestResponseBodyMethodProcessor",
                    "message": "Using 'application/json', given [application/json, text/plain, */*] and supported [application/json, application/*+json, application/json, application/*+json]" }
                    
{
                    "app": "Crmeb",
                    "timestamp":"2025-09-23 18:47:29.873",
                    "level": "DEBUG",
                    "thread": "http-nio-8081-exec-2",
                    "class": "o.s.w.s.m.m.a.RequestResponseBodyMethodProcessor",
                    "message": "Writing [com.zbkj.common.response.CommonResult@6b575682]" }
                    
{
                    "app": "Crmeb",
                    "timestamp":"2025-09-23 18:47:29.873",
                    "level": "DEBUG",
                    "thread": "http-nio-8081-exec-2",
                    "class": "o.s.web.servlet.DispatcherServlet",
                    "message": "Completed 200 OK" }
                    
{
                    "app": "Crmeb",
                    "timestamp":"2025-09-23 18:47:29.878",
                    "level": "DEBUG",
                    "thread": "http-nio-8081-exec-23",
                    "class": "o.s.w.s.m.m.a.RequestResponseBodyMethodProcessor",
                    "message": "Using 'application/json', given [application/json, text/plain, */*] and supported [application/json, application/*+json, application/json, application/*+json]" }
                    
{
                    "app": "Crmeb",
                    "timestamp":"2025-09-23 18:47:29.878",
                    "level": "DEBUG",
                    "thread": "http-nio-8081-exec-23",
                    "class": "o.s.w.s.m.m.a.RequestResponseBodyMethodProcessor",
                    "message": "Writing [com.zbkj.common.response.CommonResult@4c80fc9e]" }
                    
{
                    "app": "Crmeb",
                    "timestamp":"2025-09-23 18:47:29.878",
                    "level": "DEBUG",
                    "thread": "http-nio-8081-exec-23",
                    "class": "o.s.web.servlet.DispatcherServlet",
                    "message": "Completed 200 OK" }
                    
{
                    "app": "Crmeb",
                    "timestamp":"2025-09-23 18:47:29.882",
                    "level": "DEBUG",
                    "thread": "http-nio-8081-exec-30",
                    "class": "o.s.web.servlet.DispatcherServlet",
                    "message": "GET "/api/pc/address/all/list", parameters={}" }
                    
{
                    "app": "Crmeb",
                    "timestamp":"2025-09-23 18:47:29.882",
                    "level": "DEBUG",
                    "thread": "http-nio-8081-exec-30",
                    "class": "o.s.w.s.m.m.a.RequestMappingHandlerMapping",
                    "message": "Mapped to com.zbkj.front.pc.controller.PcUserAddressController#getAllList()" }
                    
{
                    "app": "Crmeb",
                    "timestamp":"2025-09-23 18:47:29.883",
                    "level": "DEBUG",
                    "thread": "http-nio-8081-exec-6",
                    "class": "o.s.web.servlet.DispatcherServlet",
                    "message": "GET "/api/front/coupons/order/1701758624449ce8fae6f68dd48c394bb00a7ac1724fb", parameters={}" }
                    
{
                    "app": "Crmeb",
                    "timestamp":"2025-09-23 18:47:29.883",
                    "level": "DEBUG",
                    "thread": "http-nio-8081-exec-8",
                    "class": "o.s.web.servlet.DispatcherServlet",
                    "message": "GET "/api/front/order/load/pre/1701758624449ce8fae6f68dd48c394bb00a7ac1724fb", parameters={}" }
                    
{
                    "app": "Crmeb",
                    "timestamp":"2025-09-23 18:47:29.883",
                    "level": "DEBUG",
                    "thread": "http-nio-8081-exec-6",
                    "class": "o.s.w.s.m.m.a.RequestMappingHandlerMapping",
                    "message": "Mapped to com.zbkj.front.controller.CouponController#getCouponsListByPreOrderNo(String)" }
                    
{
                    "app": "Crmeb",
                    "timestamp":"2025-09-23 18:47:29.884",
                    "level": "DEBUG",
                    "thread": "http-nio-8081-exec-8",
                    "class": "o.s.w.s.m.m.a.RequestMappingHandlerMapping",
                    "message": "Mapped to com.zbkj.front.controller.StoreOrderController#loadPreOrder(String)" }
                    
{
                    "app": "Crmeb",
                    "timestamp":"2025-09-23 18:47:29.888",
                    "level": "DEBUG",
                    "thread": "http-nio-8081-exec-8",
                    "class": "o.s.w.s.m.m.a.RequestResponseBodyMethodProcessor",
                    "message": "Using 'application/json', given [application/json, text/plain, */*] and supported [application/json, application/*+json, application/json, application/*+json]" }
                    
{
                    "app": "Crmeb",
                    "timestamp":"2025-09-23 18:47:29.889",
                    "level": "DEBUG",
                    "thread": "http-nio-8081-exec-8",
                    "class": "o.s.w.s.m.m.a.RequestResponseBodyMethodProcessor",
                    "message": "Writing [com.zbkj.common.response.CommonResult@2e469e6a]" }
                    
{
                    "app": "Crmeb",
                    "timestamp":"2025-09-23 18:47:29.889",
                    "level": "DEBUG",
                    "thread": "http-nio-8081-exec-8",
                    "class": "o.s.web.servlet.DispatcherServlet",
                    "message": "Completed 200 OK" }
                    
{
                    "app": "Crmeb",
                    "timestamp":"2025-09-23 18:47:29.890",
                    "level": "DEBUG",
                    "thread": "http-nio-8081-exec-30",
                    "class": "o.s.w.s.m.m.a.RequestResponseBodyMethodProcessor",
                    "message": "Using 'application/json', given [application/json, text/plain, */*] and supported [application/json, application/*+json, application/json, application/*+json]" }
                    
{
                    "app": "Crmeb",
                    "timestamp":"2025-09-23 18:47:29.890",
                    "level": "DEBUG",
                    "thread": "http-nio-8081-exec-30",
                    "class": "o.s.w.s.m.m.a.RequestResponseBodyMethodProcessor",
                    "message": "Writing [com.zbkj.common.response.CommonResult@6d185d7d]" }
                    
{
                    "app": "Crmeb",
                    "timestamp":"2025-09-23 18:47:29.890",
                    "level": "DEBUG",
                    "thread": "http-nio-8081-exec-30",
                    "class": "o.s.web.servlet.DispatcherServlet",
                    "message": "Completed 200 OK" }
                    
{
                    "app": "Crmeb",
                    "timestamp":"2025-09-23 18:47:29.891",
                    "level": "DEBUG",
                    "thread": "http-nio-8081-exec-6",
                    "class": "o.s.w.s.m.m.a.RequestResponseBodyMethodProcessor",
                    "message": "Using 'application/json', given [application/json, text/plain, */*] and supported [application/json, application/*+json, application/json, application/*+json]" }
                    
{
                    "app": "Crmeb",
                    "timestamp":"2025-09-23 18:47:29.891",
                    "level": "DEBUG",
                    "thread": "http-nio-8081-exec-6",
                    "class": "o.s.w.s.m.m.a.RequestResponseBodyMethodProcessor",
                    "message": "Writing [com.zbkj.common.response.CommonResult@6e85e010]" }
                    
{
                    "app": "Crmeb",
                    "timestamp":"2025-09-23 18:47:29.891",
                    "level": "DEBUG",
                    "thread": "http-nio-8081-exec-6",
                    "class": "o.s.web.servlet.DispatcherServlet",
                    "message": "Completed 200 OK" }
                    
{
                    "app": "Crmeb",
                    "timestamp":"2025-09-23 18:47:33.834",
                    "level": "DEBUG",
                    "thread": "http-nio-8081-exec-7",
                    "class": "o.s.web.servlet.DispatcherServlet",
                    "message": "POST "/api/front/order/create", parameters={}" }
                    
{
                    "app": "Crmeb",
                    "timestamp":"2025-09-23 18:47:33.834",
                    "level": "DEBUG",
                    "thread": "http-nio-8081-exec-7",
                    "class": "o.s.w.s.m.m.a.RequestMappingHandlerMapping",
                    "message": "Mapped to com.zbkj.front.controller.StoreOrderController#createOrder(CreateOrderRequest)" }
                    
{
                    "app": "Crmeb",
                    "timestamp":"2025-09-23 18:47:33.835",
                    "level": "DEBUG",
                    "thread": "http-nio-8081-exec-7",
                    "class": "o.s.w.s.m.m.a.RequestResponseBodyMethodProcessor",
                    "message": "Read "application/json;charset=UTF-8" to [CreateOrderRequest(preOrderNo=1701758624449ce8fae6f68dd48c394bb00a7ac1724fb, addressId=1, couponId=n (truncated)...]" }
                    
{
                    "app": "Crmeb",
                    "timestamp":"2025-09-23 18:47:33.838",
                    "level": "DEBUG",
                    "thread": "http-nio-8081-exec-7",
                    "class": "o.s.w.s.m.m.a.ExceptionHandlerExceptionResolver",
                    "message": "Using @ExceptionHandler com.zbkj.common.exception.GlobalExceptionHandler#defaultExceptionHandler(Exception)" }
                    
{
                    "app": "Crmeb",
                    "timestamp":"2025-09-23 18:47:33.849",
                    "level": "DEBUG",
                    "thread": "http-nio-8081-exec-7",
                    "class": "o.s.w.s.m.m.a.RequestResponseBodyMethodProcessor",
                    "message": "Using 'application/json', given [application/json, text/plain, */*] and supported [application/json, application/*+json, application/json, application/*+json]" }
                    
{
                    "app": "Crmeb",
                    "timestamp":"2025-09-23 18:47:33.849",
                    "level": "DEBUG",
                    "thread": "http-nio-8081-exec-7",
                    "class": "o.s.w.s.m.m.a.RequestResponseBodyMethodProcessor",
                    "message": "Writing [com.zbkj.common.response.CommonResult@4855347d]" }
                    
{
                    "app": "Crmeb",
                    "timestamp":"2025-09-23 18:47:33.849",
                    "level": "DEBUG",
                    "thread": "http-nio-8081-exec-7",
                    "class": "o.s.w.s.m.m.a.ExceptionHandlerExceptionResolver",
                    "message": "Resolved [com.zbkj.common.exception.CrmebException: 此支付方式暂不支持，请刷新页面或联系管理员]" }
                    
{
                    "app": "Crmeb",
                    "timestamp":"2025-09-23 18:47:33.849",
                    "level": "DEBUG",
                    "thread": "http-nio-8081-exec-7",
                    "class": "o.s.web.servlet.DispatcherServlet",
                    "message": "Completed 200 OK" }
                    
{
                    "app": "Crmeb",
                    "timestamp":"2025-09-23 18:48:51.410",
                    "level": "DEBUG",
                    "thread": "http-nio-8081-exec-20",
                    "class": "o.s.web.servlet.DispatcherServlet",
                    "message": "GET "/api/front/pay/method", parameters={}" }
                    
{
                    "app": "Crmeb",
                    "timestamp":"2025-09-23 18:48:51.411",
                    "level": "DEBUG",
                    "thread": "http-nio-8081-exec-11",
                    "class": "o.s.web.servlet.DispatcherServlet",
                    "message": "GET "/api/pc/address/all/list", parameters={}" }
                    
{
                    "app": "Crmeb",
                    "timestamp":"2025-09-23 18:48:51.411",
                    "level": "DEBUG",
                    "thread": "http-nio-8081-exec-20",
                    "class": "o.s.w.s.m.m.a.RequestMappingHandlerMapping",
                    "message": "Mapped to com.zbkj.front.controller.PayController#getPayMethod()" }
                    
{
                    "app": "Crmeb",
                    "timestamp":"2025-09-23 18:48:51.412",
                    "level": "DEBUG",
                    "thread": "http-nio-8081-exec-11",
                    "class": "o.s.w.s.m.m.a.RequestMappingHandlerMapping",
                    "message": "Mapped to com.zbkj.front.pc.controller.PcUserAddressController#getAllList()" }
                    
{
                    "app": "Crmeb",
                    "timestamp":"2025-09-23 18:48:51.419",
                    "level": "DEBUG",
                    "thread": "http-nio-8081-exec-11",
                    "class": "o.s.w.s.m.m.a.RequestResponseBodyMethodProcessor",
                    "message": "Using 'application/json', given [application/json, text/plain, */*] and supported [application/json, application/*+json, application/json, application/*+json]" }
                    
{
                    "app": "Crmeb",
                    "timestamp":"2025-09-23 18:48:51.419",
                    "level": "DEBUG",
                    "thread": "http-nio-8081-exec-11",
                    "class": "o.s.w.s.m.m.a.RequestResponseBodyMethodProcessor",
                    "message": "Writing [com.zbkj.common.response.CommonResult@2299da35]" }
                    
{
                    "app": "Crmeb",
                    "timestamp":"2025-09-23 18:48:51.419",
                    "level": "DEBUG",
                    "thread": "http-nio-8081-exec-11",
                    "class": "o.s.web.servlet.DispatcherServlet",
                    "message": "Completed 200 OK" }
                    
{
                    "app": "Crmeb",
                    "timestamp":"2025-09-23 18:48:51.420",
                    "level": "DEBUG",
                    "thread": "http-nio-8081-exec-20",
                    "class": "o.s.w.s.m.m.a.RequestResponseBodyMethodProcessor",
                    "message": "Using 'application/json', given [application/json, text/plain, */*] and supported [application/json, application/*+json, application/json, application/*+json]" }
                    
{
                    "app": "Crmeb",
                    "timestamp":"2025-09-23 18:48:51.420",
                    "level": "DEBUG",
                    "thread": "http-nio-8081-exec-20",
                    "class": "o.s.w.s.m.m.a.RequestResponseBodyMethodProcessor",
                    "message": "Writing [com.zbkj.common.response.CommonResult@5bb926aa]" }
                    
{
                    "app": "Crmeb",
                    "timestamp":"2025-09-23 18:48:51.421",
                    "level": "DEBUG",
                    "thread": "http-nio-8081-exec-20",
                    "class": "o.s.web.servlet.DispatcherServlet",
                    "message": "Completed 200 OK" }
                    
{
                    "app": "Crmeb",
                    "timestamp":"2025-09-23 18:49:19.452",
                    "level": "DEBUG",
                    "thread": "http-nio-8081-exec-19",
                    "class": "o.s.web.servlet.DispatcherServlet",
                    "message": "GET "/api/front/coupons/order/1701758624449ce8fae6f68dd48c394bb00a7ac1724fb", parameters={}" }
                    
{
                    "app": "Crmeb",
                    "timestamp":"2025-09-23 18:49:19.452",
                    "level": "DEBUG",
                    "thread": "http-nio-8081-exec-17",
                    "class": "o.s.web.servlet.DispatcherServlet",
                    "message": "GET "/api/front/order/load/pre/1701758624449ce8fae6f68dd48c394bb00a7ac1724fb", parameters={}" }
                    
{
                    "app": "Crmeb",
                    "timestamp":"2025-09-23 18:49:19.452",
                    "level": "DEBUG",
                    "thread": "http-nio-8081-exec-27",
                    "class": "o.s.web.servlet.DispatcherServlet",
                    "message": "GET "/api/pc/address/all/list", parameters={}" }
                    
{
                    "app": "Crmeb",
                    "timestamp":"2025-09-23 18:49:19.453",
                    "level": "DEBUG",
                    "thread": "http-nio-8081-exec-19",
                    "class": "o.s.w.s.m.m.a.RequestMappingHandlerMapping",
                    "message": "Mapped to com.zbkj.front.controller.CouponController#getCouponsListByPreOrderNo(String)" }
                    
{
                    "app": "Crmeb",
                    "timestamp":"2025-09-23 18:49:19.453",
                    "level": "DEBUG",
                    "thread": "http-nio-8081-exec-27",
                    "class": "o.s.w.s.m.m.a.RequestMappingHandlerMapping",
                    "message": "Mapped to com.zbkj.front.pc.controller.PcUserAddressController#getAllList()" }
                    
{
                    "app": "Crmeb",
                    "timestamp":"2025-09-23 18:49:19.453",
                    "level": "DEBUG",
                    "thread": "http-nio-8081-exec-17",
                    "class": "o.s.w.s.m.m.a.RequestMappingHandlerMapping",
                    "message": "Mapped to com.zbkj.front.controller.StoreOrderController#loadPreOrder(String)" }
                    
{
                    "app": "Crmeb",
                    "timestamp":"2025-09-23 18:49:19.455",
                    "level": "DEBUG",
                    "thread": "http-nio-8081-exec-17",
                    "class": "o.s.w.s.m.m.a.RequestResponseBodyMethodProcessor",
                    "message": "Using 'application/json', given [application/json, text/plain, */*] and supported [application/json, application/*+json, application/json, application/*+json]" }
                    
{
                    "app": "Crmeb",
                    "timestamp":"2025-09-23 18:49:19.455",
                    "level": "DEBUG",
                    "thread": "http-nio-8081-exec-17",
                    "class": "o.s.w.s.m.m.a.RequestResponseBodyMethodProcessor",
                    "message": "Writing [com.zbkj.common.response.CommonResult@3060a5d0]" }
                    
{
                    "app": "Crmeb",
                    "timestamp":"2025-09-23 18:49:19.455",
                    "level": "DEBUG",
                    "thread": "http-nio-8081-exec-17",
                    "class": "o.s.web.servlet.DispatcherServlet",
                    "message": "Completed 200 OK" }
                    
{
                    "app": "Crmeb",
                    "timestamp":"2025-09-23 18:49:19.456",
                    "level": "DEBUG",
                    "thread": "http-nio-8081-exec-27",
                    "class": "o.s.w.s.m.m.a.RequestResponseBodyMethodProcessor",
                    "message": "Using 'application/json', given [application/json, text/plain, */*] and supported [application/json, application/*+json, application/json, application/*+json]" }
                    
{
                    "app": "Crmeb",
                    "timestamp":"2025-09-23 18:49:19.456",
                    "level": "DEBUG",
                    "thread": "http-nio-8081-exec-27",
                    "class": "o.s.w.s.m.m.a.RequestResponseBodyMethodProcessor",
                    "message": "Writing [com.zbkj.common.response.CommonResult@4b81c5af]" }
                    
{
                    "app": "Crmeb",
                    "timestamp":"2025-09-23 18:49:19.456",
                    "level": "DEBUG",
                    "thread": "http-nio-8081-exec-19",
                    "class": "o.s.w.s.m.m.a.RequestResponseBodyMethodProcessor",
                    "message": "Using 'application/json', given [application/json, text/plain, */*] and supported [application/json, application/*+json, application/json, application/*+json]" }
                    
{
                    "app": "Crmeb",
                    "timestamp":"2025-09-23 18:49:19.457",
                    "level": "DEBUG",
                    "thread": "http-nio-8081-exec-19",
                    "class": "o.s.w.s.m.m.a.RequestResponseBodyMethodProcessor",
                    "message": "Writing [com.zbkj.common.response.CommonResult@7bd8be0c]" }
                    
{
                    "app": "Crmeb",
                    "timestamp":"2025-09-23 18:49:19.457",
                    "level": "DEBUG",
                    "thread": "http-nio-8081-exec-27",
                    "class": "o.s.web.servlet.DispatcherServlet",
                    "message": "Completed 200 OK" }
                    
{
                    "app": "Crmeb",
                    "timestamp":"2025-09-23 18:49:19.457",
                    "level": "DEBUG",
                    "thread": "http-nio-8081-exec-19",
                    "class": "o.s.web.servlet.DispatcherServlet",
                    "message": "Completed 200 OK" }
                    
{
                    "app": "Crmeb",
                    "timestamp":"2025-09-23 18:49:25.514",
                    "level": "DEBUG",
                    "thread": "http-nio-8081-exec-21",
                    "class": "o.s.web.servlet.DispatcherServlet",
                    "message": "GET "/api/front/user/info", parameters={}" }
                    
{
                    "app": "Crmeb",
                    "timestamp":"2025-09-23 18:49:25.515",
                    "level": "DEBUG",
                    "thread": "http-nio-8081-exec-21",
                    "class": "o.s.w.s.m.m.a.RequestMappingHandlerMapping",
                    "message": "Mapped to com.zbkj.front.controller.UserController#getUserCenter()" }
                    
{
                    "app": "Crmeb",
                    "timestamp":"2025-09-23 18:49:25.521",
                    "level": "DEBUG",
                    "thread": "http-nio-8081-exec-21",
                    "class": "o.s.w.s.m.m.a.RequestResponseBodyMethodProcessor",
                    "message": "Using 'application/json', given [application/json, text/plain, */*] and supported [application/json, application/*+json, application/json, application/*+json]" }
                    
{
                    "app": "Crmeb",
                    "timestamp":"2025-09-23 18:49:25.521",
                    "level": "DEBUG",
                    "thread": "http-nio-8081-exec-21",
                    "class": "o.s.w.s.m.m.a.RequestResponseBodyMethodProcessor",
                    "message": "Writing [com.zbkj.common.response.CommonResult@24858ae3]" }
                    
{
                    "app": "Crmeb",
                    "timestamp":"2025-09-23 18:49:25.522",
                    "level": "DEBUG",
                    "thread": "http-nio-8081-exec-21",
                    "class": "o.s.web.servlet.DispatcherServlet",
                    "message": "Completed 200 OK" }
                    
{
                    "app": "Crmeb",
                    "timestamp":"2025-09-23 18:49:25.538",
                    "level": "DEBUG",
                    "thread": "http-nio-8081-exec-2",
                    "class": "o.s.web.servlet.DispatcherServlet",
                    "message": "GET "/api/pc/address/all/list", parameters={}" }
                    
{
                    "app": "Crmeb",
                    "timestamp":"2025-09-23 18:49:25.538",
                    "level": "DEBUG",
                    "thread": "http-nio-8081-exec-13",
                    "class": "o.s.web.servlet.DispatcherServlet",
                    "message": "GET "/api/front/pay/method", parameters={}" }
                    
{
                    "app": "Crmeb",
                    "timestamp":"2025-09-23 18:49:25.539",
                    "level": "DEBUG",
                    "thread": "http-nio-8081-exec-2",
                    "class": "o.s.w.s.m.m.a.RequestMappingHandlerMapping",
                    "message": "Mapped to com.zbkj.front.pc.controller.PcUserAddressController#getAllList()" }
                    
{
                    "app": "Crmeb",
                    "timestamp":"2025-09-23 18:49:25.539",
                    "level": "DEBUG",
                    "thread": "http-nio-8081-exec-13",
                    "class": "o.s.w.s.m.m.a.RequestMappingHandlerMapping",
                    "message": "Mapped to com.zbkj.front.controller.PayController#getPayMethod()" }
                    
{
                    "app": "Crmeb",
                    "timestamp":"2025-09-23 18:49:25.541",
                    "level": "DEBUG",
                    "thread": "http-nio-8081-exec-2",
                    "class": "o.s.w.s.m.m.a.RequestResponseBodyMethodProcessor",
                    "message": "Using 'application/json', given [application/json, text/plain, */*] and supported [application/json, application/*+json, application/json, application/*+json]" }
                    
{
                    "app": "Crmeb",
                    "timestamp":"2025-09-23 18:49:25.541",
                    "level": "DEBUG",
                    "thread": "http-nio-8081-exec-2",
                    "class": "o.s.w.s.m.m.a.RequestResponseBodyMethodProcessor",
                    "message": "Writing [com.zbkj.common.response.CommonResult@130aa905]" }
                    
{
                    "app": "Crmeb",
                    "timestamp":"2025-09-23 18:49:25.542",
                    "level": "DEBUG",
                    "thread": "http-nio-8081-exec-2",
                    "class": "o.s.web.servlet.DispatcherServlet",
                    "message": "Completed 200 OK" }
                    
{
                    "app": "Crmeb",
                    "timestamp":"2025-09-23 18:49:25.544",
                    "level": "DEBUG",
                    "thread": "http-nio-8081-exec-13",
                    "class": "o.s.w.s.m.m.a.RequestResponseBodyMethodProcessor",
                    "message": "Using 'application/json', given [application/json, text/plain, */*] and supported [application/json, application/*+json, application/json, application/*+json]" }
                    
{
                    "app": "Crmeb",
                    "timestamp":"2025-09-23 18:49:25.544",
                    "level": "DEBUG",
                    "thread": "http-nio-8081-exec-13",
                    "class": "o.s.w.s.m.m.a.RequestResponseBodyMethodProcessor",
                    "message": "Writing [com.zbkj.common.response.CommonResult@1c10e3b]" }
                    
{
                    "app": "Crmeb",
                    "timestamp":"2025-09-23 18:49:25.545",
                    "level": "DEBUG",
                    "thread": "http-nio-8081-exec-13",
                    "class": "o.s.web.servlet.DispatcherServlet",
                    "message": "Completed 200 OK" }
                    
{
                    "app": "Crmeb",
                    "timestamp":"2025-09-23 18:49:25.574",
                    "level": "DEBUG",
                    "thread": "http-nio-8081-exec-28",
                    "class": "o.s.web.servlet.DispatcherServlet",
                    "message": "GET "/api/pc/address/all/list", parameters={}" }
                    
{
                    "app": "Crmeb",
                    "timestamp":"2025-09-23 18:49:25.574",
                    "level": "DEBUG",
                    "thread": "http-nio-8081-exec-7",
                    "class": "o.s.web.servlet.DispatcherServlet",
                    "message": "POST "/api/front/login/token/is/exist", parameters={}" }
                    
{
                    "app": "Crmeb",
                    "timestamp":"2025-09-23 18:49:25.574",
                    "level": "DEBUG",
                    "thread": "http-nio-8081-exec-1",
                    "class": "o.s.web.servlet.DispatcherServlet",
                    "message": "GET "/api/front/coupons/order/1701758624449ce8fae6f68dd48c394bb00a7ac1724fb", parameters={}" }
                    
{
                    "app": "Crmeb",
                    "timestamp":"2025-09-23 18:49:25.574",
                    "level": "DEBUG",
                    "thread": "http-nio-8081-exec-28",
                    "class": "o.s.w.s.m.m.a.RequestMappingHandlerMapping",
                    "message": "Mapped to com.zbkj.front.pc.controller.PcUserAddressController#getAllList()" }
                    
{
                    "app": "Crmeb",
                    "timestamp":"2025-09-23 18:49:25.575",
                    "level": "DEBUG",
                    "thread": "http-nio-8081-exec-7",
                    "class": "o.s.w.s.m.m.a.RequestMappingHandlerMapping",
                    "message": "Mapped to com.zbkj.front.controller.LoginController#tokenIsExist()" }
                    
{
                    "app": "Crmeb",
                    "timestamp":"2025-09-23 18:49:25.576",
                    "level": "DEBUG",
                    "thread": "http-nio-8081-exec-15",
                    "class": "o.s.web.servlet.DispatcherServlet",
                    "message": "GET "/api/front/user/menu/user", parameters={}" }
                    
{
                    "app": "Crmeb",
                    "timestamp":"2025-09-23 18:49:25.576",
                    "level": "DEBUG",
                    "thread": "http-nio-8081-exec-25",
                    "class": "o.s.web.servlet.DispatcherServlet",
                    "message": "GET "/api/front/cart/count?numType=true&type=total", parameters={masked}" }
                    
{
                    "app": "Crmeb",
                    "timestamp":"2025-09-23 18:49:25.576",
                    "level": "DEBUG",
                    "thread": "http-nio-8081-exec-4",
                    "class": "o.s.web.servlet.DispatcherServlet",
                    "message": "GET "/api/front/order/load/pre/1701758624449ce8fae6f68dd48c394bb00a7ac1724fb", parameters={}" }
                    
{
                    "app": "Crmeb",
                    "timestamp":"2025-09-23 18:49:25.576",
                    "level": "DEBUG",
                    "thread": "http-nio-8081-exec-1",
                    "class": "o.s.w.s.m.m.a.RequestMappingHandlerMapping",
                    "message": "Mapped to com.zbkj.front.controller.CouponController#getCouponsListByPreOrderNo(String)" }
                    
{
                    "app": "Crmeb",
                    "timestamp":"2025-09-23 18:49:25.577",
                    "level": "DEBUG",
                    "thread": "http-nio-8081-exec-15",
                    "class": "o.s.w.s.m.m.a.RequestMappingHandlerMapping",
                    "message": "Mapped to com.zbkj.front.controller.UserController#getMenuUser()" }
                    
{
                    "app": "Crmeb",
                    "timestamp":"2025-09-23 18:49:25.577",
                    "level": "DEBUG",
                    "thread": "http-nio-8081-exec-25",
                    "class": "o.s.w.s.m.m.a.RequestMappingHandlerMapping",
                    "message": "Mapped to com.zbkj.front.controller.CartController#count(CartNumRequest)" }
                    
{
                    "app": "Crmeb",
                    "timestamp":"2025-09-23 18:49:25.578",
                    "level": "DEBUG",
                    "thread": "http-nio-8081-exec-4",
                    "class": "o.s.w.s.m.m.a.RequestMappingHandlerMapping",
                    "message": "Mapped to com.zbkj.front.controller.StoreOrderController#loadPreOrder(String)" }
                    
{
                    "app": "Crmeb",
                    "timestamp":"2025-09-23 18:49:25.578",
                    "level": "DEBUG",
                    "thread": "http-nio-8081-exec-7",
                    "class": "o.s.w.s.m.m.a.RequestResponseBodyMethodProcessor",
                    "message": "Using 'application/json', given [application/json, text/plain, */*] and supported [application/json, application/*+json, application/json, application/*+json]" }
                    
{
                    "app": "Crmeb",
                    "timestamp":"2025-09-23 18:49:25.578",
                    "level": "DEBUG",
                    "thread": "http-nio-8081-exec-7",
                    "class": "o.s.w.s.m.m.a.RequestResponseBodyMethodProcessor",
                    "message": "Writing [com.zbkj.common.response.CommonResult@5ef40ce9]" }
                    
{
                    "app": "Crmeb",
                    "timestamp":"2025-09-23 18:49:25.579",
                    "level": "DEBUG",
                    "thread": "http-nio-8081-exec-7",
                    "class": "o.s.web.servlet.DispatcherServlet",
                    "message": "Completed 200 OK" }
                    
{
                    "app": "Crmeb",
                    "timestamp":"2025-09-23 18:49:25.581",
                    "level": "DEBUG",
                    "thread": "http-nio-8081-exec-4",
                    "class": "o.s.w.s.m.m.a.RequestResponseBodyMethodProcessor",
                    "message": "Using 'application/json', given [application/json, text/plain, */*] and supported [application/json, application/*+json, application/json, application/*+json]" }
                    
{
                    "app": "Crmeb",
                    "timestamp":"2025-09-23 18:49:25.583",
                    "level": "DEBUG",
                    "thread": "http-nio-8081-exec-7",
                    "class": "o.s.web.servlet.DispatcherServlet",
                    "message": "GET "/api/front/search/keyword", parameters={}" }
                    
{
                    "app": "Crmeb",
                    "timestamp":"2025-09-23 18:49:25.583",
                    "level": "DEBUG",
                    "thread": "http-nio-8081-exec-4",
                    "class": "o.s.w.s.m.m.a.RequestResponseBodyMethodProcessor",
                    "message": "Writing [com.zbkj.common.response.CommonResult@4d704e61]" }
                    
{
                    "app": "Crmeb",
                    "timestamp":"2025-09-23 18:49:25.583",
                    "level": "DEBUG",
                    "thread": "http-nio-8081-exec-28",
                    "class": "o.s.w.s.m.m.a.RequestResponseBodyMethodProcessor",
                    "message": "Using 'application/json', given [application/json, text/plain, */*] and supported [application/json, application/*+json, application/json, application/*+json]" }
                    
{
                    "app": "Crmeb",
                    "timestamp":"2025-09-23 18:49:25.583",
                    "level": "DEBUG",
                    "thread": "http-nio-8081-exec-7",
                    "class": "o.s.w.s.m.m.a.RequestMappingHandlerMapping",
                    "message": "Mapped to com.zbkj.front.controller.IndexController#hotKeywords()" }
                    
{
                    "app": "Crmeb",
                    "timestamp":"2025-09-23 18:49:25.584",
                    "level": "DEBUG",
                    "thread": "http-nio-8081-exec-4",
                    "class": "o.s.web.servlet.DispatcherServlet",
                    "message": "Completed 200 OK" }
                    
{
                    "app": "Crmeb",
                    "timestamp":"2025-09-23 18:49:25.584",
                    "level": "DEBUG",
                    "thread": "http-nio-8081-exec-28",
                    "class": "o.s.w.s.m.m.a.RequestResponseBodyMethodProcessor",
                    "message": "Writing [com.zbkj.common.response.CommonResult@4a0f75e9]" }
                    
{
                    "app": "Crmeb",
                    "timestamp":"2025-09-23 18:49:25.585",
                    "level": "DEBUG",
                    "thread": "http-nio-8081-exec-25",
                    "class": "o.s.w.s.m.m.a.RequestResponseBodyMethodProcessor",
                    "message": "Using 'application/json', given [application/json, text/plain, */*] and supported [application/json, application/*+json, application/json, application/*+json]" }
                    
{
                    "app": "Crmeb",
                    "timestamp":"2025-09-23 18:49:25.586",
                    "level": "DEBUG",
                    "thread": "http-nio-8081-exec-1",
                    "class": "o.s.w.s.m.m.a.RequestResponseBodyMethodProcessor",
                    "message": "Using 'application/json', given [application/json, text/plain, */*] and supported [application/json, application/*+json, application/json, application/*+json]" }
                    
{
                    "app": "Crmeb",
                    "timestamp":"2025-09-23 18:49:25.586",
                    "level": "DEBUG",
                    "thread": "http-nio-8081-exec-28",
                    "class": "o.s.web.servlet.DispatcherServlet",
                    "message": "Completed 200 OK" }
                    
{
                    "app": "Crmeb",
                    "timestamp":"2025-09-23 18:49:25.586",
                    "level": "DEBUG",
                    "thread": "http-nio-8081-exec-25",
                    "class": "o.s.w.s.m.m.a.RequestResponseBodyMethodProcessor",
                    "message": "Writing [com.zbkj.common.response.CommonResult@3b9eeee7]" }
                    
{
                    "app": "Crmeb",
                    "timestamp":"2025-09-23 18:49:25.586",
                    "level": "DEBUG",
                    "thread": "http-nio-8081-exec-1",
                    "class": "o.s.w.s.m.m.a.RequestResponseBodyMethodProcessor",
                    "message": "Writing [com.zbkj.common.response.CommonResult@29d60977]" }
                    
{
                    "app": "Crmeb",
                    "timestamp":"2025-09-23 18:49:25.587",
                    "level": "DEBUG",
                    "thread": "http-nio-8081-exec-25",
                    "class": "o.s.web.servlet.DispatcherServlet",
                    "message": "Completed 200 OK" }
                    
{
                    "app": "Crmeb",
                    "timestamp":"2025-09-23 18:49:25.587",
                    "level": "DEBUG",
                    "thread": "http-nio-8081-exec-1",
                    "class": "o.s.web.servlet.DispatcherServlet",
                    "message": "Completed 200 OK" }
                    
{
                    "app": "Crmeb",
                    "timestamp":"2025-09-23 18:49:25.587",
                    "level": "DEBUG",
                    "thread": "http-nio-8081-exec-16",
                    "class": "o.s.web.servlet.DispatcherServlet",
                    "message": "GET "/api/front/product/category", parameters={}" }
                    
{
                    "app": "Crmeb",
                    "timestamp":"2025-09-23 18:49:25.589",
                    "level": "DEBUG",
                    "thread": "http-nio-8081-exec-16",
                    "class": "o.s.w.s.m.m.a.RequestMappingHandlerMapping",
                    "message": "Mapped to com.zbkj.front.controller.ProductController#getCategory()" }
                    
{
                    "app": "Crmeb",
                    "timestamp":"2025-09-23 18:49:25.589",
                    "level": "DEBUG",
                    "thread": "http-nio-8081-exec-11",
                    "class": "o.s.web.servlet.DispatcherServlet",
                    "message": "GET "/api/front/cart/count?numType=true&type=total", parameters={masked}" }
                    
{
                    "app": "Crmeb",
                    "timestamp":"2025-09-23 18:49:25.590",
                    "level": "DEBUG",
                    "thread": "http-nio-8081-exec-11",
                    "class": "o.s.w.s.m.m.a.RequestMappingHandlerMapping",
                    "message": "Mapped to com.zbkj.front.controller.CartController#count(CartNumRequest)" }
                    
{
                    "app": "Crmeb",
                    "timestamp":"2025-09-23 18:49:25.591",
                    "level": "DEBUG",
                    "thread": "http-nio-8081-exec-16",
                    "class": "o.s.w.s.m.m.a.RequestResponseBodyMethodProcessor",
                    "message": "Using 'application/json', given [application/json, text/plain, */*] and supported [application/json, application/*+json, application/json, application/*+json]" }
                    
{
                    "app": "Crmeb",
                    "timestamp":"2025-09-23 18:49:25.593",
                    "level": "DEBUG",
                    "thread": "http-nio-8081-exec-16",
                    "class": "o.s.w.s.m.m.a.RequestResponseBodyMethodProcessor",
                    "message": "Writing [com.zbkj.common.response.CommonResult@4730cb15]" }
                    
{
                    "app": "Crmeb",
                    "timestamp":"2025-09-23 18:49:25.593",
                    "level": "DEBUG",
                    "thread": "http-nio-8081-exec-16",
                    "class": "o.s.web.servlet.DispatcherServlet",
                    "message": "Completed 200 OK" }
                    
{
                    "app": "Crmeb",
                    "timestamp":"2025-09-23 18:49:25.594",
                    "level": "DEBUG",
                    "thread": "http-nio-8081-exec-7",
                    "class": "o.s.w.s.m.m.a.RequestResponseBodyMethodProcessor",
                    "message": "Using 'application/json', given [application/json, text/plain, */*] and supported [application/json, application/*+json, application/json, application/*+json]" }
                    
{
                    "app": "Crmeb",
                    "timestamp":"2025-09-23 18:49:25.595",
                    "level": "DEBUG",
                    "thread": "http-nio-8081-exec-7",
                    "class": "o.s.w.s.m.m.a.RequestResponseBodyMethodProcessor",
                    "message": "Writing [com.zbkj.common.response.CommonResult@73700db6]" }
                    
{
                    "app": "Crmeb",
                    "timestamp":"2025-09-23 18:49:25.595",
                    "level": "DEBUG",
                    "thread": "http-nio-8081-exec-7",
                    "class": "o.s.web.servlet.DispatcherServlet",
                    "message": "Completed 200 OK" }
                    
{
                    "app": "Crmeb",
                    "timestamp":"2025-09-23 18:49:25.599",
                    "level": "DEBUG",
                    "thread": "http-nio-8081-exec-15",
                    "class": "o.s.w.s.m.m.a.RequestResponseBodyMethodProcessor",
                    "message": "Using 'application/json', given [application/json, text/plain, */*] and supported [application/json, application/*+json, application/json, application/*+json]" }
                    
{
                    "app": "Crmeb",
                    "timestamp":"2025-09-23 18:49:25.600",
                    "level": "DEBUG",
                    "thread": "http-nio-8081-exec-15",
                    "class": "o.s.w.s.m.m.a.RequestResponseBodyMethodProcessor",
                    "message": "Writing [com.zbkj.common.response.CommonResult@402f48c2]" }
                    
{
                    "app": "Crmeb",
                    "timestamp":"2025-09-23 18:49:25.601",
                    "level": "DEBUG",
                    "thread": "http-nio-8081-exec-15",
                    "class": "o.s.web.servlet.DispatcherServlet",
                    "message": "Completed 200 OK" }
                    
{
                    "app": "Crmeb",
                    "timestamp":"2025-09-23 18:49:25.602",
                    "level": "DEBUG",
                    "thread": "http-nio-8081-exec-11",
                    "class": "o.s.w.s.m.m.a.RequestResponseBodyMethodProcessor",
                    "message": "Using 'application/json', given [application/json, text/plain, */*] and supported [application/json, application/*+json, application/json, application/*+json]" }
                    
{
                    "app": "Crmeb",
                    "timestamp":"2025-09-23 18:49:25.602",
                    "level": "DEBUG",
                    "thread": "http-nio-8081-exec-11",
                    "class": "o.s.w.s.m.m.a.RequestResponseBodyMethodProcessor",
                    "message": "Writing [com.zbkj.common.response.CommonResult@21f9cf6c]" }
                    
{
                    "app": "Crmeb",
                    "timestamp":"2025-09-23 18:49:25.602",
                    "level": "DEBUG",
                    "thread": "http-nio-8081-exec-11",
                    "class": "o.s.web.servlet.DispatcherServlet",
                    "message": "Completed 200 OK" }
                    
{
                    "app": "Crmeb",
                    "timestamp":"2025-09-23 18:49:25.607",
                    "level": "DEBUG",
                    "thread": "http-nio-8081-exec-20",
                    "class": "o.s.web.servlet.DispatcherServlet",
                    "message": "GET "/api/front/user/menu/user", parameters={}" }
                    
{
                    "app": "Crmeb",
                    "timestamp":"2025-09-23 18:49:25.607",
                    "level": "DEBUG",
                    "thread": "http-nio-8081-exec-20",
                    "class": "o.s.w.s.m.m.a.RequestMappingHandlerMapping",
                    "message": "Mapped to com.zbkj.front.controller.UserController#getMenuUser()" }
                    
{
                    "app": "Crmeb",
                    "timestamp":"2025-09-23 18:49:25.618",
                    "level": "DEBUG",
                    "thread": "http-nio-8081-exec-20",
                    "class": "o.s.w.s.m.m.a.RequestResponseBodyMethodProcessor",
                    "message": "Using 'application/json', given [application/json, text/plain, */*] and supported [application/json, application/*+json, application/json, application/*+json]" }
                    
{
                    "app": "Crmeb",
                    "timestamp":"2025-09-23 18:49:25.618",
                    "level": "DEBUG",
                    "thread": "http-nio-8081-exec-20",
                    "class": "o.s.w.s.m.m.a.RequestResponseBodyMethodProcessor",
                    "message": "Writing [com.zbkj.common.response.CommonResult@2af659ec]" }
                    
{
                    "app": "Crmeb",
                    "timestamp":"2025-09-23 18:49:25.618",
                    "level": "DEBUG",
                    "thread": "http-nio-8081-exec-20",
                    "class": "o.s.web.servlet.DispatcherServlet",
                    "message": "Completed 200 OK" }
                    
{
                    "app": "Crmeb",
                    "timestamp":"2025-09-23 18:50:56.383",
                    "level": "DEBUG",
                    "thread": "main",
                    "class": "o.s.b.c.l.ClasspathLoggingApplicationListener",
                    "message": "Application started with classpath: [file:/E:/2zynt/StoreProject2kai/CRMEB-JAVA-ET-V1.2(2025.4.25)/et_java/crmeb-front/target/classes/, file:/C:/Users/admin/.m2/repository/com/zbkj/crmeb-service/0.0.1-SNAPSHOT/crmeb-service-0.0.1-SNAPSHOT.jar, file:/C:/Users/admin/.m2/repository/com/zbkj/crmeb-common/0.0.1-SNAPSHOT/crmeb-common-0.0.1-SNAPSHOT.jar, file:/C:/Users/admin/.m2/repository/javax/servlet/javax.servlet-api/4.0.1/javax.servlet-api-4.0.1.jar, file:/C:/Users/admin/.m2/repository/javax/servlet/jstl/1.2/jstl-1.2.jar, file:/C:/Users/admin/.m2/repository/org/apache/tomcat/embed/tomcat-embed-jasper/9.0.33/tomcat-embed-jasper-9.0.33.jar, file:/C:/Users/admin/.m2/repository/org/apache/tomcat/embed/tomcat-embed-core/9.0.33/tomcat-embed-core-9.0.33.jar, file:/C:/Users/admin/.m2/repository/org/apache/tomcat/tomcat-annotations-api/9.0.33/tomcat-annotations-api-9.0.33.jar, file:/C:/Users/admin/.m2/repository/org/apache/tomcat/embed/tomcat-embed-el/9.0.33/tomcat-embed-el-9.0.33.jar, file:/C:/Users/admin/.m2/repository/org/eclipse/jdt/ecj/3.18.0/ecj-3.18.0.jar, file:/C:/Users/admin/.m2/repository/org/apache/tomcat/tomcat-jsp-api/9.0.33/tomcat-jsp-api-9.0.33.jar, file:/C:/Users/admin/.m2/repository/org/apache/tomcat/tomcat-el-api/9.0.33/tomcat-el-api-9.0.33.jar, file:/C:/Users/admin/.m2/repository/org/apache/tomcat/tomcat-servlet-api/9.0.33/tomcat-servlet-api-9.0.33.jar, file:/C:/Users/admin/.m2/repository/com/alibaba/fastjson/2.0.38/fastjson-2.0.38.jar, file:/C:/Users/admin/.m2/repository/com/alibaba/fastjson2/fastjson2-extension/2.0.38/fastjson2-extension-2.0.38.jar, file:/C:/Users/admin/.m2/repository/com/alibaba/fastjson2/fastjson2/2.0.38/fastjson2-2.0.38.jar, file:/C:/Users/admin/.m2/repository/com/alibaba/druid/1.1.20/druid-1.1.20.jar, file:/C:/Users/admin/.m2/repository/com/mysql/mysql-connector-j/8.0.33/mysql-connector-j-8.0.33.jar, file:/C:/Users/admin/.m2/repository/com/google/protobuf/protobuf-java/3.21.9/protobuf-java-3.21.9.jar, file:/C:/Users/admin/.m2/repository/org/projectlombok/lombok/1.18.12/lombok-1.18.12.jar, file:/C:/Users/admin/.m2/repository/com/baomidou/mybatis-plus-boot-starter/3.3.1/mybatis-plus-boot-starter-3.3.1.jar, file:/C:/Users/admin/.m2/repository/org/springframework/boot/spring-boot-starter-jdbc/2.2.6.RELEASE/spring-boot-starter-jdbc-2.2.6.RELEASE.jar, file:/C:/Users/admin/.m2/repository/com/zaxxer/HikariCP/3.4.2/HikariCP-3.4.2.jar, file:/C:/Users/admin/.m2/repository/org/springframework/spring-jdbc/5.2.5.RELEASE/spring-jdbc-5.2.5.RELEASE.jar, file:/C:/Users/admin/.m2/repository/org/springframework/boot/spring-boot-test/2.2.6.RELEASE/spring-boot-test-2.2.6.RELEASE.jar, file:/C:/Users/admin/.m2/repository/org/springframework/boot/spring-boot/2.2.6.RELEASE/spring-boot-2.2.6.RELEASE.jar, file:/C:/Users/admin/.m2/repository/org/springframework/spring-context/5.2.5.RELEASE/spring-context-5.2.5.RELEASE.jar, file:/C:/Users/admin/.m2/repository/org/springframework/spring-test/5.2.5.RELEASE/spring-test-5.2.5.RELEASE.jar, file:/C:/Users/admin/.m2/repository/org/springframework/spring-core/5.2.5.RELEASE/spring-core-5.2.5.RELEASE.jar, file:/C:/Users/admin/.m2/repository/org/springframework/spring-jcl/5.2.5.RELEASE/spring-jcl-5.2.5.RELEASE.jar, file:/C:/Users/admin/.m2/repository/com/baomidou/mybatis-plus/3.3.1/mybatis-plus-3.3.1.jar, file:/C:/Users/admin/.m2/repository/com/baomidou/mybatis-plus-extension/3.3.1/mybatis-plus-extension-3.3.1.jar, file:/C:/Users/admin/.m2/repository/com/baomidou/mybatis-plus-core/3.3.1/mybatis-plus-core-3.3.1.jar, file:/C:/Users/admin/.m2/repository/com/baomidou/mybatis-plus-annotation/3.3.1/mybatis-plus-annotation-3.3.1.jar, file:/C:/Users/admin/.m2/repository/org/mybatis/mybatis/3.5.3/mybatis-3.5.3.jar, file:/C:/Users/admin/.m2/repository/org/mybatis/mybatis-spring/2.0.3/mybatis-spring-2.0.3.jar, file:/C:/Users/admin/.m2/repository/com/baomidou/mybatis-plus-generator/3.3.1/mybatis-plus-generator-3.3.1.jar, file:/C:/Users/admin/.m2/repository/io/swagger/swagger-annotations/1.5.21/swagger-annotations-1.5.21.jar, file:/C:/Users/admin/.m2/repository/io/springfox/springfox-swagger2/2.9.2/springfox-swagger2-2.9.2.jar, file:/C:/Users/admin/.m2/repository/io/springfox/springfox-spi/2.9.2/springfox-spi-2.9.2.jar, file:/C:/Users/admin/.m2/repository/io/springfox/springfox-core/2.9.2/springfox-core-2.9.2.jar, file:/C:/Users/admin/.m2/repository/net/bytebuddy/byte-buddy/1.10.8/byte-buddy-1.10.8.jar, file:/C:/Users/admin/.m2/repository/io/springfox/springfox-schema/2.9.2/springfox-schema-2.9.2.jar, file:/C:/Users/admin/.m2/repository/io/springfox/springfox-swagger-common/2.9.2/springfox-swagger-common-2.9.2.jar, file:/C:/Users/admin/.m2/repository/io/springfox/springfox-spring-web/2.9.2/springfox-spring-web-2.9.2.jar, file:/C:/Users/admin/.m2/repository/com/fasterxml/classmate/1.5.1/classmate-1.5.1.jar, file:/C:/Users/admin/.m2/repository/org/slf4j/slf4j-api/1.7.30/slf4j-api-1.7.30.jar, file:/C:/Users/admin/.m2/repository/org/springframework/plugin/spring-plugin-core/1.2.0.RELEASE/spring-plugin-core-1.2.0.RELEASE.jar, file:/C:/Users/admin/.m2/repository/org/springframework/plugin/spring-plugin-metadata/1.2.0.RELEASE/spring-plugin-metadata-1.2.0.RELEASE.jar, file:/C:/Users/admin/.m2/repository/org/mapstruct/mapstruct/1.2.0.Final/mapstruct-1.2.0.Final.jar, file:/C:/Users/admin/.m2/repository/io/swagger/swagger-models/1.5.22/swagger-models-1.5.22.jar, file:/C:/Users/admin/.m2/repository/com/fasterxml/jackson/core/jackson-annotations/2.10.3/jackson-annotations-2.10.3.jar, file:/C:/Users/admin/.m2/repository/com/github/xiaoymin/swagger-bootstrap-ui/1.9.3/swagger-bootstrap-ui-1.9.3.jar, file:/C:/Users/admin/.m2/repository/org/springframework/boot/spring-boot-autoconfigure/2.2.6.RELEASE/spring-boot-autoconfigure-2.2.6.RELEASE.jar, file:/C:/Users/admin/.m2/repository/ch/qos/logback/logback-classic/1.2.3/logback-classic-1.2.3.jar, file:/C:/Users/admin/.m2/repository/ch/qos/logback/logback-core/1.2.3/logback-core-1.2.3.jar, file:/C:/Users/admin/.m2/repository/net/logstash/logback/logstash-logback-encoder/5.3/logstash-logback-encoder-5.3.jar, file:/C:/Users/admin/.m2/repository/com/fasterxml/jackson/core/jackson-databind/2.10.3/jackson-databind-2.10.3.jar, file:/C:/Users/admin/.m2/repository/org/springframework/boot/spring-boot-starter-web/2.2.6.RELEASE/spring-boot-starter-web-2.2.6.RELEASE.jar, file:/C:/Users/admin/.m2/repository/org/springframework/boot/spring-boot-starter/2.2.6.RELEASE/spring-boot-starter-2.2.6.RELEASE.jar, file:/C:/Users/admin/.m2/repository/org/springframework/boot/spring-boot-starter-logging/2.2.6.RELEASE/spring-boot-starter-logging-2.2.6.RELEASE.jar, file:/C:/Users/admin/.m2/repository/org/apache/logging/log4j/log4j-to-slf4j/2.12.1/log4j-to-slf4j-2.12.1.jar, file:/C:/Users/admin/.m2/repository/org/apache/logging/log4j/log4j-api/2.12.1/log4j-api-2.12.1.jar, file:/C:/Users/admin/.m2/repository/org/slf4j/jul-to-slf4j/1.7.30/jul-to-slf4j-1.7.30.jar, file:/C:/Users/admin/.m2/repository/jakarta/annotation/jakarta.annotation-api/1.3.5/jakarta.annotation-api-1.3.5.jar, file:/C:/Users/admin/.m2/repository/org/yaml/snakeyaml/1.25/snakeyaml-1.25.jar, file:/C:/Users/admin/.m2/repository/org/springframework/boot/spring-boot-starter-json/2.2.6.RELEASE/spring-boot-starter-json-2.2.6.RELEASE.jar, file:/C:/Users/admin/.m2/repository/com/fasterxml/jackson/datatype/jackson-datatype-jdk8/2.10.3/jackson-datatype-jdk8-2.10.3.jar, file:/C:/Users/admin/.m2/repository/com/fasterxml/jackson/datatype/jackson-datatype-jsr310/2.10.3/jackson-datatype-jsr310-2.10.3.jar, file:/C:/Users/admin/.m2/repository/com/fasterxml/jackson/module/jackson-module-parameter-names/2.10.3/jackson-module-parameter-names-2.10.3.jar, file:/C:/Users/admin/.m2/repository/org/springframework/boot/spring-boot-starter-tomcat/2.2.6.RELEASE/spring-boot-starter-tomcat-2.2.6.RELEASE.jar, file:/C:/Users/admin/.m2/repository/org/apache/tomcat/embed/tomcat-embed-websocket/9.0.33/tomcat-embed-websocket-9.0.33.jar, file:/C:/Users/admin/.m2/repository/org/springframework/boot/spring-boot-starter-validation/2.2.6.RELEASE/spring-boot-starter-validation-2.2.6.RELEASE.jar, file:/C:/Users/admin/.m2/repository/jakarta/validation/jakarta.validation-api/2.0.2/jakarta.validation-api-2.0.2.jar, file:/C:/Users/admin/.m2/repository/org/hibernate/validator/hibernate-validator/6.0.18.Final/hibernate-validator-6.0.18.Final.jar, file:/C:/Users/admin/.m2/repository/org/jboss/logging/jboss-logging/3.4.1.Final/jboss-logging-3.4.1.Final.jar, file:/C:/Users/admin/.m2/repository/org/springframework/spring-web/5.2.5.RELEASE/spring-web-5.2.5.RELEASE.jar, file:/C:/Users/admin/.m2/repository/org/springframework/spring-webmvc/5.2.5.RELEASE/spring-webmvc-5.2.5.RELEASE.jar, file:/C:/Users/admin/.m2/repository/org/springframework/spring-expression/5.2.5.RELEASE/spring-expression-5.2.5.RELEASE.jar, file:/C:/Users/admin/.m2/repository/org/springframework/boot/spring-boot-starter-data-redis/2.2.0.RELEASE/spring-boot-starter-data-redis-2.2.0.RELEASE.jar, file:/C:/Users/admin/.m2/repository/org/springframework/data/spring-data-redis/2.2.6.RELEASE/spring-data-redis-2.2.6.RELEASE.jar, file:/C:/Users/admin/.m2/repository/org/springframework/data/spring-data-keyvalue/2.2.6.RELEASE/spring-data-keyvalue-2.2.6.RELEASE.jar, file:/C:/Users/admin/.m2/repository/org/springframework/spring-tx/5.2.5.RELEASE/spring-tx-5.2.5.RELEASE.jar, file:/C:/Users/admin/.m2/repository/org/springframework/spring-oxm/5.2.5.RELEASE/spring-oxm-5.2.5.RELEASE.jar, file:/C:/Users/admin/.m2/repository/io/lettuce/lettuce-core/5.2.2.RELEASE/lettuce-core-5.2.2.RELEASE.jar, file:/C:/Users/admin/.m2/repository/io/netty/netty-common/4.1.48.Final/netty-common-4.1.48.Final.jar, file:/C:/Users/admin/.m2/repository/io/netty/netty-handler/4.1.48.Final/netty-handler-4.1.48.Final.jar, file:/C:/Users/admin/.m2/repository/io/netty/netty-resolver/4.1.48.Final/netty-resolver-4.1.48.Final.jar, file:/C:/Users/admin/.m2/repository/io/netty/netty-buffer/4.1.48.Final/netty-buffer-4.1.48.Final.jar, file:/C:/Users/admin/.m2/repository/io/netty/netty-codec/4.1.48.Final/netty-codec-4.1.48.Final.jar, file:/C:/Users/admin/.m2/repository/io/netty/netty-transport/4.1.48.Final/netty-transport-4.1.48.Final.jar, file:/C:/Users/admin/.m2/repository/io/projectreactor/reactor-core/3.3.4.RELEASE/reactor-core-3.3.4.RELEASE.jar, file:/C:/Users/admin/.m2/repository/org/reactivestreams/reactive-streams/1.0.3/reactive-streams-1.0.3.jar, file:/C:/Users/admin/.m2/repository/redis/clients/jedis/3.1.0/jedis-3.1.0.jar, file:/C:/Users/admin/.m2/repository/org/apache/commons/commons-pool2/2.7.0/commons-pool2-2.7.0.jar, file:/C:/Users/admin/.m2/repository/com/github/pagehelper/pagehelper-spring-boot-starter/1.2.5/pagehelper-spring-boot-starter-1.2.5.jar, file:/C:/Users/admin/.m2/repository/org/mybatis/spring/boot/mybatis-spring-boot-starter/1.3.2/mybatis-spring-boot-starter-1.3.2.jar, file:/C:/Users/admin/.m2/repository/org/mybatis/spring/boot/mybatis-spring-boot-autoconfigure/1.3.2/mybatis-spring-boot-autoconfigure-1.3.2.jar, file:/C:/Users/admin/.m2/repository/com/github/pagehelper/pagehelper-spring-boot-autoconfigure/1.2.5/pagehelper-spring-boot-autoconfigure-1.2.5.jar, file:/C:/Users/admin/.m2/repository/com/github/pagehelper/pagehelper/5.1.4/pagehelper-5.1.4.jar, file:/C:/Users/admin/.m2/repository/com/github/jsqlparser/jsqlparser/1.0/jsqlparser-1.0.jar, file:/C:/Users/admin/.m2/repository/javax/validation/validation-api/1.1.0.Final/validation-api-1.1.0.Final.jar, file:/C:/Users/admin/.m2/repository/org/springframework/data/spring-data-commons/2.2.6.RELEASE/spring-data-commons-2.2.6.RELEASE.jar, file:/C:/Users/admin/.m2/repository/org/springframework/spring-beans/5.2.5.RELEASE/spring-beans-5.2.5.RELEASE.jar, file:/C:/Users/admin/.m2/repository/cn/hutool/hutool-all/4.5.7/hutool-all-4.5.7.jar, file:/C:/Users/admin/.m2/repository/org/springframework/boot/spring-boot-starter-actuator/2.2.6.RELEASE/spring-boot-starter-actuator-2.2.6.RELEASE.jar, file:/C:/Users/admin/.m2/repository/org/springframework/boot/spring-boot-actuator-autoconfigure/2.2.6.RELEASE/spring-boot-actuator-autoconfigure-2.2.6.RELEASE.jar, file:/C:/Users/admin/.m2/repository/org/springframework/boot/spring-boot-actuator/2.2.6.RELEASE/spring-boot-actuator-2.2.6.RELEASE.jar, file:/C:/Users/admin/.m2/repository/io/micrometer/micrometer-core/1.3.6/micrometer-core-1.3.6.jar, file:/C:/Users/admin/.m2/repository/org/hdrhistogram/HdrHistogram/2.1.11/HdrHistogram-2.1.11.jar, file:/C:/Users/admin/.m2/repository/org/latencyutils/LatencyUtils/2.0.3/LatencyUtils-2.0.3.jar, file:/C:/Users/admin/.m2/repository/org/apache/httpcomponents/httpclient/4.5.6/httpclient-4.5.6.jar, file:/C:/Users/admin/.m2/repository/org/apache/httpcomponents/httpcore/4.4.13/httpcore-4.4.13.jar, file:/C:/Users/admin/.m2/repository/commons-logging/commons-logging/1.2/commons-logging-1.2.jar, file:/C:/Users/admin/.m2/repository/commons-codec/commons-codec/1.13/commons-codec-1.13.jar, file:/C:/Users/admin/.m2/repository/org/springframework/boot/spring-boot-starter-aop/2.2.6.RELEASE/spring-boot-starter-aop-2.2.6.RELEASE.jar, file:/C:/Users/admin/.m2/repository/org/springframework/spring-aop/5.2.5.RELEASE/spring-aop-5.2.5.RELEASE.jar, file:/C:/Users/admin/.m2/repository/org/aspectj/aspectjweaver/1.9.5/aspectjweaver-1.9.5.jar, file:/C:/Users/admin/.m2/repository/org/apache/commons/commons-lang3/3.10/commons-lang3-3.10.jar, file:/C:/Users/admin/.m2/repository/org/apache/poi/poi/3.17/poi-3.17.jar, file:/C:/Users/admin/.m2/repository/org/apache/commons/commons-collections4/4.1/commons-collections4-4.1.jar, file:/C:/Users/admin/.m2/repository/org/apache/poi/poi-ooxml/3.17/poi-ooxml-3.17.jar, file:/C:/Users/admin/.m2/repository/org/apache/poi/poi-ooxml-schemas/3.17/poi-ooxml-schemas-3.17.jar, file:/C:/Users/admin/.m2/repository/org/apache/xmlbeans/xmlbeans/2.6.0/xmlbeans-2.6.0.jar, file:/C:/Users/admin/.m2/repository/com/github/virtuald/curvesapi/1.04/curvesapi-1.04.jar, file:/C:/Users/admin/.m2/repository/commons-fileupload/commons-fileupload/1.3.3/commons-fileupload-1.3.3.jar, file:/C:/Users/admin/.m2/repository/commons-io/commons-io/2.4/commons-io-2.4.jar, file:/C:/Users/admin/.m2/repository/com/aliyun/oss/aliyun-sdk-oss/3.5.0/aliyun-sdk-oss-3.5.0.jar, file:/C:/Users/admin/.m2/repository/org/jdom/jdom/1.1/jdom-1.1.jar, file:/C:/Users/admin/.m2/repository/org/codehaus/jettison/jettison/1.1/jettison-1.1.jar, file:/C:/Users/admin/.m2/repository/stax/stax-api/1.0.1/stax-api-1.0.1.jar, file:/C:/Users/admin/.m2/repository/com/aliyun/aliyun-java-sdk-core/3.4.0/aliyun-java-sdk-core-3.4.0.jar, file:/C:/Users/admin/.m2/repository/com/aliyun/aliyun-java-sdk-ram/3.0.0/aliyun-java-sdk-ram-3.0.0.jar, file:/C:/Users/admin/.m2/repository/com/aliyun/aliyun-java-sdk-sts/3.0.0/aliyun-java-sdk-sts-3.0.0.jar, file:/C:/Users/admin/.m2/repository/com/aliyun/aliyun-java-sdk-ecs/4.2.0/aliyun-java-sdk-ecs-4.2.0.jar, file:/C:/Users/admin/.m2/repository/com/qcloud/cos_api/5.6.22/cos_api-5.6.22.jar, file:/C:/Users/admin/.m2/repository/joda-time/joda-time/2.10.5/joda-time-2.10.5.jar, file:/C:/Users/admin/.m2/repository/org/bouncycastle/bcprov-jdk15on/1.64/bcprov-jdk15on-1.64.jar, file:/C:/Users/admin/.m2/repository/com/qiniu/qiniu-java-sdk/7.2.28/qiniu-java-sdk-7.2.28.jar, file:/C:/Users/admin/.m2/repository/com/squareup/okhttp3/okhttp/3.14.7/okhttp-3.14.7.jar, file:/C:/Users/admin/.m2/repository/com/squareup/okio/okio/1.17.2/okio-1.17.2.jar, file:/C:/Users/admin/.m2/repository/com/google/code/gson/gson/2.8.6/gson-2.8.6.jar, file:/C:/Users/admin/.m2/repository/dom4j/dom4j/1.6.1/dom4j-1.6.1.jar, file:/C:/Users/admin/.m2/repository/xml-apis/xml-apis/1.0.b2/xml-apis-1.0.b2.jar, file:/C:/Users/admin/.m2/repository/com/thoughtworks/xstream/xstream/1.4.10/xstream-1.4.10.jar, file:/C:/Users/admin/.m2/repository/xmlpull/xmlpull/1.1.3.1/xmlpull-1.1.3.1.jar, file:/C:/Users/admin/.m2/repository/xpp3/xpp3_min/1.1.4c/xpp3_min-1.1.4c.jar, file:/C:/Users/admin/.m2/repository/org/apache/httpcomponents/httpmime/4.5.2/httpmime-4.5.2.jar, file:/C:/Users/admin/.m2/repository/io/jsonwebtoken/jjwt/0.9.1/jjwt-0.9.1.jar, file:/C:/Users/admin/.m2/repository/com/auth0/jwks-rsa/0.9.0/jwks-rsa-0.9.0.jar, file:/C:/Users/admin/.m2/repository/org/springframework/boot/spring-boot-starter-security/2.2.6.RELEASE/spring-boot-starter-security-2.2.6.RELEASE.jar, file:/C:/Users/admin/.m2/repository/org/springframework/security/spring-security-config/5.2.2.RELEASE/spring-security-config-5.2.2.RELEASE.jar, file:/C:/Users/admin/.m2/repository/org/springframework/security/spring-security-core/5.2.2.RELEASE/spring-security-core-5.2.2.RELEASE.jar, file:/C:/Users/admin/.m2/repository/org/springframework/security/spring-security-web/5.2.2.RELEASE/spring-security-web-5.2.2.RELEASE.jar, file:/C:/Users/admin/.m2/repository/org/springframework/boot/spring-boot-starter-mail/2.2.6.RELEASE/spring-boot-starter-mail-2.2.6.RELEASE.jar, file:/C:/Users/admin/.m2/repository/org/springframework/spring-context-support/5.2.5.RELEASE/spring-context-support-5.2.5.RELEASE.jar, file:/C:/Users/admin/.m2/repository/com/sun/mail/jakarta.mail/1.6.5/jakarta.mail-1.6.5.jar, file:/C:/Users/admin/.m2/repository/com/sun/activation/jakarta.activation/1.2.2/jakarta.activation-1.2.2.jar, file:/C:/Users/admin/.m2/repository/com/paypal/sdk/checkout-sdk/1.0.4/checkout-sdk-1.0.4.jar, file:/C:/Users/admin/.m2/repository/com/paypal/paypalhttp/1.0.2/paypalhttp-1.0.2.jar, file:/C:/Users/admin/.m2/repository/com/aliyun/dysmsapi20170525/2.0.8/dysmsapi20170525-2.0.8.jar, file:/C:/Users/admin/.m2/repository/com/aliyun/tea-util/0.2.13/tea-util-0.2.13.jar, file:/C:/Users/admin/.m2/repository/com/aliyun/endpoint-util/0.0.6/endpoint-util-0.0.6.jar, file:/C:/Users/admin/.m2/repository/com/aliyun/tea/1.1.14/tea-1.1.14.jar, file:/C:/Users/admin/.m2/repository/org/jacoco/org.jacoco.agent/0.8.4/org.jacoco.agent-0.8.4-runtime.jar, file:/C:/Users/admin/.m2/repository/com/aliyun/tea-openapi/0.1.6/tea-openapi-0.1.6.jar, file:/C:/Users/admin/.m2/repository/com/aliyun/credentials-java/0.2.4/credentials-java-0.2.4.jar, file:/C:/Users/admin/.m2/repository/org/ini4j/ini4j/0.5.4/ini4j-0.5.4.jar, file:/C:/Users/admin/.m2/repository/javax/xml/bind/jaxb-api/2.3.1/jaxb-api-2.3.1.jar, file:/C:/Users/admin/.m2/repository/javax/activation/javax.activation-api/1.2.0/javax.activation-api-1.2.0.jar, file:/C:/Users/admin/.m2/repository/com/sun/xml/bind/jaxb-core/2.3.0/jaxb-core-2.3.0.jar, file:/C:/Users/admin/.m2/repository/com/sun/xml/bind/jaxb-impl/2.3.0/jaxb-impl-2.3.0.jar, file:/C:/Users/admin/.m2/repository/com/aliyun/openapiutil/0.1.13/openapiutil-0.1.13.jar, file:/C:/Users/admin/.m2/repository/com/aliyun/api/gateway/sdk-core-java/1.1.7/sdk-core-java-1.1.7.jar, file:/C:/Users/admin/.m2/repository/com/googlecode/juniversalchardet/juniversalchardet/1.0.3/juniversalchardet-1.0.3.jar, file:/C:/Users/admin/.m2/repository/org/codehaus/plexus/plexus-digest/1.0/plexus-digest-1.0.jar, file:/C:/Users/admin/.m2/repository/org/codehaus/plexus/plexus-container-default/1.0-alpha-8/plexus-container-default-1.0-alpha-8.jar, file:/C:/Users/admin/.m2/repository/org/codehaus/plexus/plexus-utils/1.0.4/plexus-utils-1.0.4.jar, file:/C:/Users/admin/.m2/repository/classworlds/classworlds/1.1-alpha-2/classworlds-1.1-alpha-2.jar, file:/C:/Users/admin/.m2/repository/com/stripe/stripe-java/20.124.0/stripe-java-20.124.0.jar, file:/C:/Users/admin/.m2/repository/com/github/binarywang/weixin-java-pay/4.5.0/weixin-java-pay-4.5.0.jar, file:/C:/Users/admin/.m2/repository/com/github/binarywang/weixin-java-common/4.5.0/weixin-java-common-4.5.0.jar, file:/C:/Users/admin/.m2/repository/org/slf4j/jcl-over-slf4j/1.7.30/jcl-over-slf4j-1.7.30.jar, file:/C:/Users/admin/.m2/repository/org/dom4j/dom4j/2.1.3/dom4j-2.1.3.jar, file:/C:/Users/admin/.m2/repository/com/github/binarywang/qrcode-utils/1.1/qrcode-utils-1.1.jar, file:/C:/Users/admin/.m2/repository/org/bouncycastle/bcpkix-jdk15on/1.68/bcpkix-jdk15on-1.68.jar, file:/C:/Users/admin/.m2/repository/org/jodd/jodd-http/6.2.1/jodd-http-6.2.1.jar, file:/C:/Users/admin/.m2/repository/org/jodd/jodd-util/6.1.0/jodd-util-6.1.0.jar, file:/C:/Users/admin/.m2/repository/com/google/zxing/javase/3.3.3/javase-3.3.3.jar, file:/C:/Users/admin/.m2/repository/com/google/zxing/core/3.3.3/core-3.3.3.jar, file:/C:/Users/admin/.m2/repository/com/beust/jcommander/1.72/jcommander-1.72.jar, file:/C:/Users/admin/.m2/repository/com/github/jai-imageio/jai-imageio-core/1.4.0/jai-imageio-core-1.4.0.jar, file:/C:/Users/admin/.m2/repository/com/google/api-client/google-api-client/1.30.10/google-api-client-1.30.10.jar, file:/C:/Users/admin/.m2/repository/com/google/oauth-client/google-oauth-client/1.31.0/google-oauth-client-1.31.0.jar, file:/C:/Users/admin/.m2/repository/com/google/http-client/google-http-client/1.35.0/google-http-client-1.35.0.jar, file:/C:/Users/admin/.m2/repository/io/opencensus/opencensus-api/0.24.0/opencensus-api-0.24.0.jar, file:/C:/Users/admin/.m2/repository/io/grpc/grpc-context/1.22.1/grpc-context-1.22.1.jar, file:/C:/Users/admin/.m2/repository/io/opencensus/opencensus-contrib-http-util/0.24.0/opencensus-contrib-http-util-0.24.0.jar, file:/C:/Users/admin/.m2/repository/com/google/code/findbugs/jsr305/3.0.2/jsr305-3.0.2.jar, file:/C:/Users/admin/.m2/repository/com/google/http-client/google-http-client-jackson2/1.36.0/google-http-client-jackson2-1.36.0.jar, file:/C:/Users/admin/.m2/repository/com/fasterxml/jackson/core/jackson-core/2.10.3/jackson-core-2.10.3.jar, file:/C:/Users/admin/.m2/repository/com/google/guava/guava/29.0-android/guava-29.0-android.jar, file:/C:/Users/admin/.m2/repository/com/google/guava/failureaccess/1.0.1/failureaccess-1.0.1.jar, file:/C:/Users/admin/.m2/repository/com/google/guava/listenablefuture/9999.0-empty-to-avoid-conflict-with-guava/listenablefuture-9999.0-empty-to-avoid-conflict-with-guava.jar, file:/C:/Users/admin/.m2/repository/org/checkerframework/checker-compat-qual/2.5.5/checker-compat-qual-2.5.5.jar, file:/C:/Users/admin/.m2/repository/com/google/errorprone/error_prone_annotations/2.3.4/error_prone_annotations-2.3.4.jar, file:/C:/Users/admin/.m2/repository/com/google/j2objc/j2objc-annotations/1.3/j2objc-annotations-1.3.jar, file:/C:/Users/admin/.m2/repository/org/twitter4j/twitter4j-core/4.0.7/twitter4j-core-4.0.7.jar]" }
                    
{
                    "app": "Crmeb",
                    "timestamp":"2025-09-23 18:50:56.427",
                    "level": "DEBUG",
                    "thread": "main",
                    "class": "o.springframework.boot.SpringApplication",
                    "message": "Loading source class com.zbkj.front.CrmebFrontApplication" }
                    
{
                    "app": "Crmeb",
                    "timestamp":"2025-09-23 18:50:56.451",
                    "level": "DEBUG",
                    "thread": "main",
                    "class": "o.s.b.c.c.ConfigFileApplicationListener",
                    "message": "Loaded config file 'file:/E:/2zynt/StoreProject2kai/CRMEB-JAVA-ET-V1.2(2025.4.25)/et_java/crmeb-front/target/classes/application.yml' (classpath:/application.yml)" }
                    
{
                    "app": "Crmeb",
                    "timestamp":"2025-09-23 18:50:56.452",
                    "level": "DEBUG",
                    "thread": "main",
                    "class": "o.s.b.w.s.c.AnnotationConfigServletWebServerApplicationContext",
                    "message": "Refreshing org.springframework.boot.web.servlet.context.AnnotationConfigServletWebServerApplicationContext@4f2b503c" }
                    
{
                    "app": "Crmeb",
                    "timestamp":"2025-09-23 18:50:57.822",
                    "level": "DEBUG",
                    "thread": "main",
                    "class": "o.s.b.w.e.t.TomcatServletWebServerFactory",
                    "message": "Code archive: C:\Users\admin\.m2\repository\org\springframework\boot\spring-boot\2.2.6.RELEASE\spring-boot-2.2.6.RELEASE.jar" }
                    
{
                    "app": "Crmeb",
                    "timestamp":"2025-09-23 18:50:57.822",
                    "level": "DEBUG",
                    "thread": "main",
                    "class": "o.s.b.w.e.t.TomcatServletWebServerFactory",
                    "message": "Code archive: C:\Users\admin\.m2\repository\org\springframework\boot\spring-boot\2.2.6.RELEASE\spring-boot-2.2.6.RELEASE.jar" }
                    
{
                    "app": "Crmeb",
                    "timestamp":"2025-09-23 18:50:57.823",
                    "level": "DEBUG",
                    "thread": "main",
                    "class": "o.s.b.w.e.t.TomcatServletWebServerFactory",
                    "message": "None of the document roots [src/main/webapp, public, static] point to a directory and will be ignored." }
                    
{
                    "app": "Crmeb",
                    "timestamp":"2025-09-23 18:50:58.038",
                    "level": "DEBUG",
                    "thread": "main",
                    "class": "o.s.web.context.ContextLoader",
                    "message": "Published root WebApplicationContext as ServletContext attribute with name [org.springframework.web.context.WebApplicationContext.ROOT]" }
                    
{
                    "app": "Crmeb",
                    "timestamp":"2025-09-23 18:50:58.278",
                    "level": "DEBUG",
                    "thread": "main",
                    "class": "o.s.b.w.s.ServletContextInitializerBeans",
                    "message": "Mapping filters: filterRegistrationBean urls=[/*] order=-2147483647, springSecurityFilterChain urls=[/*] order=-100, filterRegistrationBean urls=[/*] order=2147483647, filterRegistrationBean urls=[/*] order=2147483647, characterEncodingFilter urls=[/*] order=-2147483648, formContentFilter urls=[/*] order=-9900, requestContextFilter urls=[/*] order=-105, corsFilter urls=[/*] order=2147483647" }
                    
{
                    "app": "Crmeb",
                    "timestamp":"2025-09-23 18:50:58.279",
                    "level": "DEBUG",
                    "thread": "main",
                    "class": "o.s.b.w.s.ServletContextInitializerBeans",
                    "message": "Mapping servlets: statViewServlet urls=[/druid/*], dispatcherServlet urls=[/]" }
                    
{
                    "app": "Crmeb",
                    "timestamp":"2025-09-23 18:50:58.293",
                    "level": "DEBUG",
                    "thread": "main",
                    "class": "o.s.b.a.m.w.servlet.WebMvcMetricsFilter",
                    "message": "Filter 'webMvcMetricsFilter' configured for use" }
                    
{
                    "app": "Crmeb",
                    "timestamp":"2025-09-23 18:50:58.293",
                    "level": "DEBUG",
                    "thread": "main",
                    "class": "o.s.b.w.s.f.OrderedRequestContextFilter",
                    "message": "Filter 'requestContextFilter' configured for use" }
                    
{
                    "app": "Crmeb",
                    "timestamp":"2025-09-23 18:50:58.293",
                    "level": "DEBUG",
                    "thread": "main",
                    "class": "o.springframework.web.filter.CorsFilter",
                    "message": "Filter 'corsFilter' configured for use" }
                    
{
                    "app": "Crmeb",
                    "timestamp":"2025-09-23 18:50:58.293",
                    "level": "DEBUG",
                    "thread": "main",
                    "class": "o.s.b.w.s.f.OrderedCharacterEncodingFilter",
                    "message": "Filter 'characterEncodingFilter' configured for use" }
                    
{
                    "app": "Crmeb",
                    "timestamp":"2025-09-23 18:50:58.294",
                    "level": "DEBUG",
                    "thread": "main",
                    "class": "o.s.b.w.s.DelegatingFilterProxyRegistrationBean$1",
                    "message": "Filter 'springSecurityFilterChain' configured for use" }
                    
{
                    "app": "Crmeb",
                    "timestamp":"2025-09-23 18:50:58.294",
                    "level": "DEBUG",
                    "thread": "main",
                    "class": "o.s.b.w.s.f.OrderedFormContentFilter",
                    "message": "Filter 'formContentFilter' configured for use" }
                    
{
                    "app": "Crmeb",
                    "timestamp":"2025-09-23 18:51:02.040",
                    "level": "DEBUG",
                    "thread": "main",
                    "class": "o.s.w.s.m.m.a.RequestMappingHandlerMapping",
                    "message": "151 mappings in 'requestMappingHandlerMapping'" }
                    
{
                    "app": "Crmeb",
                    "timestamp":"2025-09-23 18:51:02.303",
                    "level": "DEBUG",
                    "thread": "main",
                    "class": "o.s.w.s.m.m.a.RequestMappingHandlerAdapter",
                    "message": "ControllerAdvice beans: 0 @ModelAttribute, 0 @InitBinder, 1 RequestBodyAdvice, 1 ResponseBodyAdvice" }
                    
{
                    "app": "Crmeb",
                    "timestamp":"2025-09-23 18:51:02.334",
                    "level": "DEBUG",
                    "thread": "main",
                    "class": "o.s.w.s.handler.SimpleUrlHandlerMapping",
                    "message": "Patterns [/webjars/**, /**, /doc.html, /crmebimage/**, /uploadf/**] in 'resourceHandlerMapping'" }
                    
{
                    "app": "Crmeb",
                    "timestamp":"2025-09-23 18:51:02.343",
                    "level": "DEBUG",
                    "thread": "main",
                    "class": "o.s.w.s.m.m.a.ExceptionHandlerExceptionResolver",
                    "message": "ControllerAdvice beans: 1 @ExceptionHandler, 1 ResponseBodyAdvice" }
                    
{
                    "app": "Crmeb",
                    "timestamp":"2025-09-23 18:51:10.950",
                    "level": "DEBUG",
                    "thread": "http-nio-8081-exec-1",
                    "class": "o.s.web.servlet.DispatcherServlet",
                    "message": "Detected StandardServletMultipartResolver" }
                    
{
                    "app": "Crmeb",
                    "timestamp":"2025-09-23 18:51:10.950",
                    "level": "DEBUG",
                    "thread": "http-nio-8081-exec-1",
                    "class": "o.s.web.servlet.DispatcherServlet",
                    "message": "Detected I18nLocaleResolver" }
                    
{
                    "app": "Crmeb",
                    "timestamp":"2025-09-23 18:51:10.957",
                    "level": "DEBUG",
                    "thread": "http-nio-8081-exec-1",
                    "class": "o.s.web.servlet.DispatcherServlet",
                    "message": "enableLoggingRequestDetails='false': request parameters and headers will be masked to prevent unsafe logging of potentially sensitive data" }
                    
{
                    "app": "Crmeb",
                    "timestamp":"2025-09-23 18:51:10.984",
                    "level": "DEBUG",
                    "thread": "http-nio-8081-exec-1",
                    "class": "o.s.web.servlet.DispatcherServlet",
                    "message": "GET "/api/front/user/info", parameters={}" }
                    
{
                    "app": "Crmeb",
                    "timestamp":"2025-09-23 18:51:10.987",
                    "level": "DEBUG",
                    "thread": "http-nio-8081-exec-1",
                    "class": "o.s.w.s.m.m.a.RequestMappingHandlerMapping",
                    "message": "Mapped to com.zbkj.front.controller.UserController#getUserCenter()" }
                    
{
                    "app": "Crmeb",
                    "timestamp":"2025-09-23 18:51:11.224",
                    "level": "DEBUG",
                    "thread": "http-nio-8081-exec-1",
                    "class": "o.s.w.s.m.m.a.RequestResponseBodyMethodProcessor",
                    "message": "Using 'application/json', given [application/json, text/plain, */*] and supported [application/json, application/*+json, application/json, application/*+json]" }
                    
{
                    "app": "Crmeb",
                    "timestamp":"2025-09-23 18:51:11.225",
                    "level": "DEBUG",
                    "thread": "http-nio-8081-exec-1",
                    "class": "o.s.w.s.m.m.a.RequestResponseBodyMethodProcessor",
                    "message": "Writing [com.zbkj.common.response.CommonResult@7b39847e]" }
                    
{
                    "app": "Crmeb",
                    "timestamp":"2025-09-23 18:51:11.228",
                    "level": "DEBUG",
                    "thread": "http-nio-8081-exec-1",
                    "class": "o.s.web.servlet.DispatcherServlet",
                    "message": "Completed 200 OK" }
                    
{
                    "app": "Crmeb",
                    "timestamp":"2025-09-23 18:51:11.258",
                    "level": "DEBUG",
                    "thread": "http-nio-8081-exec-2",
                    "class": "o.s.web.servlet.DispatcherServlet",
                    "message": "GET "/api/pc/address/all/list", parameters={}" }
                    
{
                    "app": "Crmeb",
                    "timestamp":"2025-09-23 18:51:11.258",
                    "level": "DEBUG",
                    "thread": "http-nio-8081-exec-10",
                    "class": "o.s.web.servlet.DispatcherServlet",
                    "message": "GET "/api/front/pay/method", parameters={}" }
                    
{
                    "app": "Crmeb",
                    "timestamp":"2025-09-23 18:51:11.258",
                    "level": "DEBUG",
                    "thread": "http-nio-8081-exec-2",
                    "class": "o.s.w.s.m.m.a.RequestMappingHandlerMapping",
                    "message": "Mapped to com.zbkj.front.pc.controller.PcUserAddressController#getAllList()" }
                    
{
                    "app": "Crmeb",
                    "timestamp":"2025-09-23 18:51:11.258",
                    "level": "DEBUG",
                    "thread": "http-nio-8081-exec-10",
                    "class": "o.s.w.s.m.m.a.RequestMappingHandlerMapping",
                    "message": "Mapped to com.zbkj.front.controller.PayController#getPayMethod()" }
                    
{
                    "app": "Crmeb",
                    "timestamp":"2025-09-23 18:51:11.277",
                    "level": "DEBUG",
                    "thread": "http-nio-8081-exec-2",
                    "class": "o.s.w.s.m.m.a.RequestResponseBodyMethodProcessor",
                    "message": "Using 'application/json', given [application/json, text/plain, */*] and supported [application/json, application/*+json, application/json, application/*+json]" }
                    
{
                    "app": "Crmeb",
                    "timestamp":"2025-09-23 18:51:11.277",
                    "level": "DEBUG",
                    "thread": "http-nio-8081-exec-2",
                    "class": "o.s.w.s.m.m.a.RequestResponseBodyMethodProcessor",
                    "message": "Writing [com.zbkj.common.response.CommonResult@5d9d4a]" }
                    
{
                    "app": "Crmeb",
                    "timestamp":"2025-09-23 18:51:11.280",
                    "level": "DEBUG",
                    "thread": "http-nio-8081-exec-10",
                    "class": "o.s.w.s.m.m.a.RequestResponseBodyMethodProcessor",
                    "message": "Using 'application/json', given [application/json, text/plain, */*] and supported [application/json, application/*+json, application/json, application/*+json]" }
                    
{
                    "app": "Crmeb",
                    "timestamp":"2025-09-23 18:51:11.280",
                    "level": "DEBUG",
                    "thread": "http-nio-8081-exec-10",
                    "class": "o.s.w.s.m.m.a.RequestResponseBodyMethodProcessor",
                    "message": "Writing [com.zbkj.common.response.CommonResult@23a9bb65]" }
                    
{
                    "app": "Crmeb",
                    "timestamp":"2025-09-23 18:51:11.281",
                    "level": "DEBUG",
                    "thread": "http-nio-8081-exec-2",
                    "class": "o.s.web.servlet.DispatcherServlet",
                    "message": "Completed 200 OK" }
                    
{
                    "app": "Crmeb",
                    "timestamp":"2025-09-23 18:51:11.282",
                    "level": "DEBUG",
                    "thread": "http-nio-8081-exec-10",
                    "class": "o.s.web.servlet.DispatcherServlet",
                    "message": "Completed 200 OK" }
                    
{
                    "app": "Crmeb",
                    "timestamp":"2025-09-23 18:51:11.307",
                    "level": "DEBUG",
                    "thread": "http-nio-8081-exec-15",
                    "class": "o.s.web.servlet.DispatcherServlet",
                    "message": "GET "/api/pc/address/all/list", parameters={}" }
                    
{
                    "app": "Crmeb",
                    "timestamp":"2025-09-23 18:51:11.310",
                    "level": "DEBUG",
                    "thread": "http-nio-8081-exec-15",
                    "class": "o.s.w.s.m.m.a.RequestMappingHandlerMapping",
                    "message": "Mapped to com.zbkj.front.pc.controller.PcUserAddressController#getAllList()" }
                    
{
                    "app": "Crmeb",
                    "timestamp":"2025-09-23 18:51:11.311",
                    "level": "DEBUG",
                    "thread": "http-nio-8081-exec-16",
                    "class": "o.s.web.servlet.DispatcherServlet",
                    "message": "GET "/api/front/user/menu/user", parameters={}" }
                    
{
                    "app": "Crmeb",
                    "timestamp":"2025-09-23 18:51:11.312",
                    "level": "DEBUG",
                    "thread": "http-nio-8081-exec-17",
                    "class": "o.s.web.servlet.DispatcherServlet",
                    "message": "GET "/api/front/order/load/pre/1701758624449ce8fae6f68dd48c394bb00a7ac1724fb", parameters={}" }
                    
{
                    "app": "Crmeb",
                    "timestamp":"2025-09-23 18:51:11.313",
                    "level": "DEBUG",
                    "thread": "http-nio-8081-exec-18",
                    "class": "o.s.web.servlet.DispatcherServlet",
                    "message": "GET "/api/front/coupons/order/1701758624449ce8fae6f68dd48c394bb00a7ac1724fb", parameters={}" }
                    
{
                    "app": "Crmeb",
                    "timestamp":"2025-09-23 18:51:11.313",
                    "level": "DEBUG",
                    "thread": "http-nio-8081-exec-24",
                    "class": "o.s.web.servlet.DispatcherServlet",
                    "message": "POST "/api/front/login/token/is/exist", parameters={}" }
                    
{
                    "app": "Crmeb",
                    "timestamp":"2025-09-23 18:51:11.313",
                    "level": "DEBUG",
                    "thread": "http-nio-8081-exec-16",
                    "class": "o.s.w.s.m.m.a.RequestMappingHandlerMapping",
                    "message": "Mapped to com.zbkj.front.controller.UserController#getMenuUser()" }
                    
{
                    "app": "Crmeb",
                    "timestamp":"2025-09-23 18:51:11.313",
                    "level": "DEBUG",
                    "thread": "http-nio-8081-exec-19",
                    "class": "o.s.web.servlet.DispatcherServlet",
                    "message": "GET "/api/front/search/keyword", parameters={}" }
                    
{
                    "app": "Crmeb",
                    "timestamp":"2025-09-23 18:51:11.315",
                    "level": "DEBUG",
                    "thread": "http-nio-8081-exec-17",
                    "class": "o.s.w.s.m.m.a.RequestMappingHandlerMapping",
                    "message": "Mapped to com.zbkj.front.controller.StoreOrderController#loadPreOrder(String)" }
                    
{
                    "app": "Crmeb",
                    "timestamp":"2025-09-23 18:51:11.316",
                    "level": "DEBUG",
                    "thread": "http-nio-8081-exec-24",
                    "class": "o.s.w.s.m.m.a.RequestMappingHandlerMapping",
                    "message": "Mapped to com.zbkj.front.controller.LoginController#tokenIsExist()" }
                    
{
                    "app": "Crmeb",
                    "timestamp":"2025-09-23 18:51:11.316",
                    "level": "DEBUG",
                    "thread": "http-nio-8081-exec-18",
                    "class": "o.s.w.s.m.m.a.RequestMappingHandlerMapping",
                    "message": "Mapped to com.zbkj.front.controller.CouponController#getCouponsListByPreOrderNo(String)" }
                    
{
                    "app": "Crmeb",
                    "timestamp":"2025-09-23 18:51:11.317",
                    "level": "DEBUG",
                    "thread": "http-nio-8081-exec-19",
                    "class": "o.s.w.s.m.m.a.RequestMappingHandlerMapping",
                    "message": "Mapped to com.zbkj.front.controller.IndexController#hotKeywords()" }
                    
{
                    "app": "Crmeb",
                    "timestamp":"2025-09-23 18:51:11.322",
                    "level": "DEBUG",
                    "thread": "http-nio-8081-exec-15",
                    "class": "o.s.w.s.m.m.a.RequestResponseBodyMethodProcessor",
                    "message": "Using 'application/json', given [application/json, text/plain, */*] and supported [application/json, application/*+json, application/json, application/*+json]" }
                    
{
                    "app": "Crmeb",
                    "timestamp":"2025-09-23 18:51:11.322",
                    "level": "DEBUG",
                    "thread": "http-nio-8081-exec-24",
                    "class": "o.s.w.s.m.m.a.RequestResponseBodyMethodProcessor",
                    "message": "Using 'application/json', given [application/json, text/plain, */*] and supported [application/json, application/*+json, application/json, application/*+json]" }
                    
{
                    "app": "Crmeb",
                    "timestamp":"2025-09-23 18:51:11.322",
                    "level": "DEBUG",
                    "thread": "http-nio-8081-exec-15",
                    "class": "o.s.w.s.m.m.a.RequestResponseBodyMethodProcessor",
                    "message": "Writing [com.zbkj.common.response.CommonResult@60c459b7]" }
                    
{
                    "app": "Crmeb",
                    "timestamp":"2025-09-23 18:51:11.322",
                    "level": "DEBUG",
                    "thread": "http-nio-8081-exec-24",
                    "class": "o.s.w.s.m.m.a.RequestResponseBodyMethodProcessor",
                    "message": "Writing [com.zbkj.common.response.CommonResult@66c55235]" }
                    
{
                    "app": "Crmeb",
                    "timestamp":"2025-09-23 18:51:11.323",
                    "level": "DEBUG",
                    "thread": "http-nio-8081-exec-15",
                    "class": "o.s.web.servlet.DispatcherServlet",
                    "message": "Completed 200 OK" }
                    
{
                    "app": "Crmeb",
                    "timestamp":"2025-09-23 18:51:11.323",
                    "level": "DEBUG",
                    "thread": "http-nio-8081-exec-24",
                    "class": "o.s.web.servlet.DispatcherServlet",
                    "message": "Completed 200 OK" }
                    
{
                    "app": "Crmeb",
                    "timestamp":"2025-09-23 18:51:11.326",
                    "level": "DEBUG",
                    "thread": "http-nio-8081-exec-21",
                    "class": "o.s.web.servlet.DispatcherServlet",
                    "message": "GET "/api/front/product/category", parameters={}" }
                    
{
                    "app": "Crmeb",
                    "timestamp":"2025-09-23 18:51:11.326",
                    "level": "DEBUG",
                    "thread": "http-nio-8081-exec-13",
                    "class": "o.s.web.servlet.DispatcherServlet",
                    "message": "GET "/api/front/cart/count?numType=true&type=total", parameters={masked}" }
                    
{
                    "app": "Crmeb",
                    "timestamp":"2025-09-23 18:51:11.327",
                    "level": "DEBUG",
                    "thread": "http-nio-8081-exec-21",
                    "class": "o.s.w.s.m.m.a.RequestMappingHandlerMapping",
                    "message": "Mapped to com.zbkj.front.controller.ProductController#getCategory()" }
                    
{
                    "app": "Crmeb",
                    "timestamp":"2025-09-23 18:51:11.327",
                    "level": "DEBUG",
                    "thread": "http-nio-8081-exec-13",
                    "class": "o.s.w.s.m.m.a.RequestMappingHandlerMapping",
                    "message": "Mapped to com.zbkj.front.controller.CartController#count(CartNumRequest)" }
                    
{
                    "app": "Crmeb",
                    "timestamp":"2025-09-23 18:51:11.362",
                    "level": "DEBUG",
                    "thread": "http-nio-8081-exec-21",
                    "class": "o.s.w.s.m.m.a.RequestResponseBodyMethodProcessor",
                    "message": "Using 'application/json', given [application/json, text/plain, */*] and supported [application/json, application/*+json, application/json, application/*+json]" }
                    
{
                    "app": "Crmeb",
                    "timestamp":"2025-09-23 18:51:11.363",
                    "level": "DEBUG",
                    "thread": "http-nio-8081-exec-21",
                    "class": "o.s.w.s.m.m.a.RequestResponseBodyMethodProcessor",
                    "message": "Writing [com.zbkj.common.response.CommonResult@3bb78012]" }
                    
{
                    "app": "Crmeb",
                    "timestamp":"2025-09-23 18:51:11.367",
                    "level": "DEBUG",
                    "thread": "http-nio-8081-exec-21",
                    "class": "o.s.web.servlet.DispatcherServlet",
                    "message": "Completed 200 OK" }
                    
{
                    "app": "Crmeb",
                    "timestamp":"2025-09-23 18:51:11.393",
                    "level": "DEBUG",
                    "thread": "http-nio-8081-exec-13",
                    "class": "o.s.w.s.m.m.a.RequestResponseBodyMethodProcessor",
                    "message": "Using 'application/json', given [application/json, text/plain, */*] and supported [application/json, application/*+json, application/json, application/*+json]" }
                    
{
                    "app": "Crmeb",
                    "timestamp":"2025-09-23 18:51:11.393",
                    "level": "DEBUG",
                    "thread": "http-nio-8081-exec-13",
                    "class": "o.s.w.s.m.m.a.RequestResponseBodyMethodProcessor",
                    "message": "Writing [com.zbkj.common.response.CommonResult@2a165b6a]" }
                    
{
                    "app": "Crmeb",
                    "timestamp":"2025-09-23 18:51:11.397",
                    "level": "DEBUG",
                    "thread": "http-nio-8081-exec-13",
                    "class": "o.s.web.servlet.DispatcherServlet",
                    "message": "Completed 200 OK" }
                    
{
                    "app": "Crmeb",
                    "timestamp":"2025-09-23 18:51:11.399",
                    "level": "DEBUG",
                    "thread": "http-nio-8081-exec-22",
                    "class": "o.s.web.servlet.DispatcherServlet",
                    "message": "GET "/api/front/cart/count?numType=true&type=total", parameters={masked}" }
                    
{
                    "app": "Crmeb",
                    "timestamp":"2025-09-23 18:51:11.400",
                    "level": "DEBUG",
                    "thread": "http-nio-8081-exec-22",
                    "class": "o.s.w.s.m.m.a.RequestMappingHandlerMapping",
                    "message": "Mapped to com.zbkj.front.controller.CartController#count(CartNumRequest)" }
                    
{
                    "app": "Crmeb",
                    "timestamp":"2025-09-23 18:51:11.408",
                    "level": "DEBUG",
                    "thread": "http-nio-8081-exec-19",
                    "class": "o.s.w.s.m.m.a.RequestResponseBodyMethodProcessor",
                    "message": "Using 'application/json', given [application/json, text/plain, */*] and supported [application/json, application/*+json, application/json, application/*+json]" }
                    
{
                    "app": "Crmeb",
                    "timestamp":"2025-09-23 18:51:11.409",
                    "level": "DEBUG",
                    "thread": "http-nio-8081-exec-19",
                    "class": "o.s.w.s.m.m.a.RequestResponseBodyMethodProcessor",
                    "message": "Writing [com.zbkj.common.response.CommonResult@50a3f1e5]" }
                    
{
                    "app": "Crmeb",
                    "timestamp":"2025-09-23 18:51:11.410",
                    "level": "DEBUG",
                    "thread": "http-nio-8081-exec-19",
                    "class": "o.s.web.servlet.DispatcherServlet",
                    "message": "Completed 200 OK" }
                    
{
                    "app": "Crmeb",
                    "timestamp":"2025-09-23 18:51:11.411",
                    "level": "DEBUG",
                    "thread": "http-nio-8081-exec-22",
                    "class": "o.s.w.s.m.m.a.RequestResponseBodyMethodProcessor",
                    "message": "Using 'application/json', given [application/json, text/plain, */*] and supported [application/json, application/*+json, application/json, application/*+json]" }
                    
{
                    "app": "Crmeb",
                    "timestamp":"2025-09-23 18:51:11.412",
                    "level": "DEBUG",
                    "thread": "http-nio-8081-exec-22",
                    "class": "o.s.w.s.m.m.a.RequestResponseBodyMethodProcessor",
                    "message": "Writing [com.zbkj.common.response.CommonResult@3a975d9c]" }
                    
{
                    "app": "Crmeb",
                    "timestamp":"2025-09-23 18:51:11.412",
                    "level": "DEBUG",
                    "thread": "http-nio-8081-exec-17",
                    "class": "o.s.w.s.m.m.a.RequestResponseBodyMethodProcessor",
                    "message": "Using 'application/json', given [application/json, text/plain, */*] and supported [application/json, application/*+json, application/json, application/*+json]" }
                    
{
                    "app": "Crmeb",
                    "timestamp":"2025-09-23 18:51:11.413",
                    "level": "DEBUG",
                    "thread": "http-nio-8081-exec-22",
                    "class": "o.s.web.servlet.DispatcherServlet",
                    "message": "Completed 200 OK" }
                    
{
                    "app": "Crmeb",
                    "timestamp":"2025-09-23 18:51:11.413",
                    "level": "DEBUG",
                    "thread": "http-nio-8081-exec-17",
                    "class": "o.s.w.s.m.m.a.RequestResponseBodyMethodProcessor",
                    "message": "Writing [com.zbkj.common.response.CommonResult@5cbbea48]" }
                    
{
                    "app": "Crmeb",
                    "timestamp":"2025-09-23 18:51:11.417",
                    "level": "DEBUG",
                    "thread": "http-nio-8081-exec-17",
                    "class": "o.s.web.servlet.DispatcherServlet",
                    "message": "Completed 200 OK" }
                    
{
                    "app": "Crmeb",
                    "timestamp":"2025-09-23 18:51:11.421",
                    "level": "DEBUG",
                    "thread": "http-nio-8081-exec-16",
                    "class": "o.s.w.s.m.m.a.RequestResponseBodyMethodProcessor",
                    "message": "Using 'application/json', given [application/json, text/plain, */*] and supported [application/json, application/*+json, application/json, application/*+json]" }
                    
{
                    "app": "Crmeb",
                    "timestamp":"2025-09-23 18:51:11.421",
                    "level": "DEBUG",
                    "thread": "http-nio-8081-exec-16",
                    "class": "o.s.w.s.m.m.a.RequestResponseBodyMethodProcessor",
                    "message": "Writing [com.zbkj.common.response.CommonResult@4dcad324]" }
                    
{
                    "app": "Crmeb",
                    "timestamp":"2025-09-23 18:51:11.424",
                    "level": "DEBUG",
                    "thread": "http-nio-8081-exec-16",
                    "class": "o.s.web.servlet.DispatcherServlet",
                    "message": "Completed 200 OK" }
                    
{
                    "app": "Crmeb",
                    "timestamp":"2025-09-23 18:51:11.429",
                    "level": "DEBUG",
                    "thread": "http-nio-8081-exec-18",
                    "class": "o.s.w.s.m.m.a.RequestResponseBodyMethodProcessor",
                    "message": "Using 'application/json', given [application/json, text/plain, */*] and supported [application/json, application/*+json, application/json, application/*+json]" }
                    
{
                    "app": "Crmeb",
                    "timestamp":"2025-09-23 18:51:11.430",
                    "level": "DEBUG",
                    "thread": "http-nio-8081-exec-18",
                    "class": "o.s.w.s.m.m.a.RequestResponseBodyMethodProcessor",
                    "message": "Writing [com.zbkj.common.response.CommonResult@1de5eb0b]" }
                    
{
                    "app": "Crmeb",
                    "timestamp":"2025-09-23 18:51:11.431",
                    "level": "DEBUG",
                    "thread": "http-nio-8081-exec-18",
                    "class": "o.s.web.servlet.DispatcherServlet",
                    "message": "Completed 200 OK" }
                    
{
                    "app": "Crmeb",
                    "timestamp":"2025-09-23 18:51:11.435",
                    "level": "DEBUG",
                    "thread": "http-nio-8081-exec-23",
                    "class": "o.s.web.servlet.DispatcherServlet",
                    "message": "GET "/api/front/user/menu/user", parameters={}" }
                    
{
                    "app": "Crmeb",
                    "timestamp":"2025-09-23 18:51:11.435",
                    "level": "DEBUG",
                    "thread": "http-nio-8081-exec-23",
                    "class": "o.s.w.s.m.m.a.RequestMappingHandlerMapping",
                    "message": "Mapped to com.zbkj.front.controller.UserController#getMenuUser()" }
                    
{
                    "app": "Crmeb",
                    "timestamp":"2025-09-23 18:51:11.451",
                    "level": "DEBUG",
                    "thread": "http-nio-8081-exec-23",
                    "class": "o.s.w.s.m.m.a.RequestResponseBodyMethodProcessor",
                    "message": "Using 'application/json', given [application/json, text/plain, */*] and supported [application/json, application/*+json, application/json, application/*+json]" }
                    
{
                    "app": "Crmeb",
                    "timestamp":"2025-09-23 18:51:11.451",
                    "level": "DEBUG",
                    "thread": "http-nio-8081-exec-23",
                    "class": "o.s.w.s.m.m.a.RequestResponseBodyMethodProcessor",
                    "message": "Writing [com.zbkj.common.response.CommonResult@11ed69f8]" }
                    
{
                    "app": "Crmeb",
                    "timestamp":"2025-09-23 18:51:11.452",
                    "level": "DEBUG",
                    "thread": "http-nio-8081-exec-23",
                    "class": "o.s.web.servlet.DispatcherServlet",
                    "message": "Completed 200 OK" }
                    
{
                    "app": "Crmeb",
                    "timestamp":"2025-09-23 18:51:17.270",
                    "level": "DEBUG",
                    "thread": "http-nio-8081-exec-25",
                    "class": "o.s.web.servlet.DispatcherServlet",
                    "message": "POST "/api/front/order/create", parameters={}" }
                    
{
                    "app": "Crmeb",
                    "timestamp":"2025-09-23 18:51:17.271",
                    "level": "DEBUG",
                    "thread": "http-nio-8081-exec-25",
                    "class": "o.s.w.s.m.m.a.RequestMappingHandlerMapping",
                    "message": "Mapped to com.zbkj.front.controller.StoreOrderController#createOrder(CreateOrderRequest)" }
                    
{
                    "app": "Crmeb",
                    "timestamp":"2025-09-23 18:51:17.274",
                    "level": "DEBUG",
                    "thread": "http-nio-8081-exec-25",
                    "class": "o.s.w.s.m.m.a.RequestResponseBodyMethodProcessor",
                    "message": "Read "application/json;charset=UTF-8" to [CreateOrderRequest(preOrderNo=1701758624449ce8fae6f68dd48c394bb00a7ac1724fb, addressId=1, couponId=n (truncated)...]" }
                    
{
                    "app": "Crmeb",
                    "timestamp":"2025-09-23 18:51:17.292",
                    "level": "DEBUG",
                    "thread": "http-nio-8081-exec-25",
                    "class": "o.s.w.s.m.m.a.ExceptionHandlerExceptionResolver",
                    "message": "Using @ExceptionHandler com.zbkj.common.exception.GlobalExceptionHandler#defaultExceptionHandler(Exception)" }
                    
{
                    "app": "Crmeb",
                    "timestamp":"2025-09-23 18:51:17.319",
                    "level": "DEBUG",
                    "thread": "http-nio-8081-exec-25",
                    "class": "o.s.w.s.m.m.a.RequestResponseBodyMethodProcessor",
                    "message": "Using 'application/json', given [application/json, text/plain, */*] and supported [application/json, application/*+json, application/json, application/*+json]" }
                    
{
                    "app": "Crmeb",
                    "timestamp":"2025-09-23 18:51:17.320",
                    "level": "DEBUG",
                    "thread": "http-nio-8081-exec-25",
                    "class": "o.s.w.s.m.m.a.RequestResponseBodyMethodProcessor",
                    "message": "Writing [com.zbkj.common.response.CommonResult@c5035ad]" }
                    
{
                    "app": "Crmeb",
                    "timestamp":"2025-09-23 18:51:17.320",
                    "level": "DEBUG",
                    "thread": "http-nio-8081-exec-25",
                    "class": "o.s.w.s.m.m.a.ExceptionHandlerExceptionResolver",
                    "message": "Resolved [com.zbkj.common.exception.CrmebException: 此支付方式暂不支持，请刷新页面或联系管理员]" }
                    
{
                    "app": "Crmeb",
                    "timestamp":"2025-09-23 18:51:17.320",
                    "level": "DEBUG",
                    "thread": "http-nio-8081-exec-25",
                    "class": "o.s.web.servlet.DispatcherServlet",
                    "message": "Completed 200 OK" }
                    
{
                    "app": "Crmeb",
                    "timestamp":"2025-09-23 18:51:29.662",
                    "level": "DEBUG",
                    "thread": "http-nio-8081-exec-4",
                    "class": "o.s.web.servlet.DispatcherServlet",
                    "message": "GET "/api/pc/home/index", parameters={}" }
                    
{
                    "app": "Crmeb",
                    "timestamp":"2025-09-23 18:51:29.663",
                    "level": "DEBUG",
                    "thread": "http-nio-8081-exec-2",
                    "class": "o.s.web.servlet.DispatcherServlet",
                    "message": "GET "/api/front/index/product?page=1&limit=13", parameters={masked}" }
                    
{
                    "app": "Crmeb",
                    "timestamp":"2025-09-23 18:51:29.664",
                    "level": "DEBUG",
                    "thread": "http-nio-8081-exec-3",
                    "class": "o.s.web.servlet.DispatcherServlet",
                    "message": "GET "/api/front/merchant/street", parameters={}" }
                    
{
                    "app": "Crmeb",
                    "timestamp":"2025-09-23 18:51:29.664",
                    "level": "DEBUG",
                    "thread": "http-nio-8081-exec-10",
                    "class": "o.s.web.servlet.DispatcherServlet",
                    "message": "GET "/api/front/product/leaderboard", parameters={}" }
                    
{
                    "app": "Crmeb",
                    "timestamp":"2025-09-23 18:51:29.664",
                    "level": "DEBUG",
                    "thread": "http-nio-8081-exec-5",
                    "class": "o.s.web.servlet.DispatcherServlet",
                    "message": "GET "/api/front/activity/index/list", parameters={}" }
                    
{
                    "app": "Crmeb",
                    "timestamp":"2025-09-23 18:51:29.665",
                    "level": "DEBUG",
                    "thread": "http-nio-8081-exec-4",
                    "class": "o.s.w.s.m.m.a.RequestMappingHandlerMapping",
                    "message": "Mapped to com.zbkj.front.pc.controller.PcIndexController#getIndexInfo()" }
                    
{
                    "app": "Crmeb",
                    "timestamp":"2025-09-23 18:51:29.669",
                    "level": "DEBUG",
                    "thread": "http-nio-8081-exec-2",
                    "class": "o.s.w.s.m.m.a.RequestMappingHandlerMapping",
                    "message": "Mapped to com.zbkj.front.controller.IndexController#getProductList(PageParamRequest)" }
                    
{
                    "app": "Crmeb",
                    "timestamp":"2025-09-23 18:51:29.669",
                    "level": "DEBUG",
                    "thread": "http-nio-8081-exec-3",
                    "class": "o.s.w.s.m.m.a.RequestMappingHandlerMapping",
                    "message": "Mapped to com.zbkj.front.controller.MerchantController#getStreet(PageParamRequest)" }
                    
{
                    "app": "Crmeb",
                    "timestamp":"2025-09-23 18:51:29.670",
                    "level": "DEBUG",
                    "thread": "http-nio-8081-exec-10",
                    "class": "o.s.w.s.m.m.a.RequestMappingHandlerMapping",
                    "message": "Mapped to com.zbkj.front.controller.ProductController#getLeaderboard()" }
                    
{
                    "app": "Crmeb",
                    "timestamp":"2025-09-23 18:51:29.670",
                    "level": "DEBUG",
                    "thread": "http-nio-8081-exec-5",
                    "class": "o.s.w.s.m.m.a.RequestMappingHandlerMapping",
                    "message": "Mapped to com.zbkj.front.controller.ActivityController#getIndexList()" }
                    
{
                    "app": "Crmeb",
                    "timestamp":"2025-09-23 18:51:29.699",
                    "level": "DEBUG",
                    "thread": "http-nio-8081-exec-10",
                    "class": "o.s.w.s.m.m.a.RequestResponseBodyMethodProcessor",
                    "message": "Using 'application/json', given [application/json, text/plain, */*] and supported [application/json, application/*+json, application/json, application/*+json]" }
                    
{
                    "app": "Crmeb",
                    "timestamp":"2025-09-23 18:51:29.701",
                    "level": "DEBUG",
                    "thread": "http-nio-8081-exec-10",
                    "class": "o.s.w.s.m.m.a.RequestResponseBodyMethodProcessor",
                    "message": "Writing [com.zbkj.common.response.CommonResult@4780e6fc]" }
                    
{
                    "app": "Crmeb",
                    "timestamp":"2025-09-23 18:51:29.703",
                    "level": "DEBUG",
                    "thread": "http-nio-8081-exec-10",
                    "class": "o.s.web.servlet.DispatcherServlet",
                    "message": "Completed 200 OK" }
                    
{
                    "app": "Crmeb",
                    "timestamp":"2025-09-23 18:51:29.719",
                    "level": "DEBUG",
                    "thread": "http-nio-8081-exec-2",
                    "class": "o.s.w.s.m.m.a.RequestResponseBodyMethodProcessor",
                    "message": "Using 'application/json', given [application/json, text/plain, */*] and supported [application/json, application/*+json, application/json, application/*+json]" }
                    
{
                    "app": "Crmeb",
                    "timestamp":"2025-09-23 18:51:29.721",
                    "level": "DEBUG",
                    "thread": "http-nio-8081-exec-2",
                    "class": "o.s.w.s.m.m.a.RequestResponseBodyMethodProcessor",
                    "message": "Writing [com.zbkj.common.response.CommonResult@1ad05ded]" }
                    
{
                    "app": "Crmeb",
                    "timestamp":"2025-09-23 18:51:29.727",
                    "level": "DEBUG",
                    "thread": "http-nio-8081-exec-2",
                    "class": "o.s.web.servlet.DispatcherServlet",
                    "message": "Completed 200 OK" }
                    
{
                    "app": "Crmeb",
                    "timestamp":"2025-09-23 18:51:29.727",
                    "level": "DEBUG",
                    "thread": "http-nio-8081-exec-3",
                    "class": "o.s.w.s.m.m.a.RequestResponseBodyMethodProcessor",
                    "message": "Using 'application/json', given [application/json, text/plain, */*] and supported [application/json, application/*+json, application/json, application/*+json]" }
                    
{
                    "app": "Crmeb",
                    "timestamp":"2025-09-23 18:51:29.728",
                    "level": "DEBUG",
                    "thread": "http-nio-8081-exec-3",
                    "class": "o.s.w.s.m.m.a.RequestResponseBodyMethodProcessor",
                    "message": "Writing [com.zbkj.common.response.CommonResult@56afb943]" }
                    
{
                    "app": "Crmeb",
                    "timestamp":"2025-09-23 18:51:29.730",
                    "level": "DEBUG",
                    "thread": "http-nio-8081-exec-3",
                    "class": "o.s.web.servlet.DispatcherServlet",
                    "message": "Completed 200 OK" }
                    
{
                    "app": "Crmeb",
                    "timestamp":"2025-09-23 18:51:29.774",
                    "level": "DEBUG",
                    "thread": "http-nio-8081-exec-4",
                    "class": "o.s.w.s.m.m.a.RequestResponseBodyMethodProcessor",
                    "message": "Using 'application/json', given [application/json, text/plain, */*] and supported [application/json, application/*+json, application/json, application/*+json]" }
                    
{
                    "app": "Crmeb",
                    "timestamp":"2025-09-23 18:51:29.774",
                    "level": "DEBUG",
                    "thread": "http-nio-8081-exec-4",
                    "class": "o.s.w.s.m.m.a.RequestResponseBodyMethodProcessor",
                    "message": "Writing [com.zbkj.common.response.CommonResult@83e331e]" }
                    
{
                    "app": "Crmeb",
                    "timestamp":"2025-09-23 18:51:29.775",
                    "level": "DEBUG",
                    "thread": "http-nio-8081-exec-5",
                    "class": "o.s.w.s.m.m.a.RequestResponseBodyMethodProcessor",
                    "message": "Using 'application/json', given [application/json, text/plain, */*] and supported [application/json, application/*+json, application/json, application/*+json]" }
                    
{
                    "app": "Crmeb",
                    "timestamp":"2025-09-23 18:51:29.775",
                    "level": "DEBUG",
                    "thread": "http-nio-8081-exec-5",
                    "class": "o.s.w.s.m.m.a.RequestResponseBodyMethodProcessor",
                    "message": "Writing [com.zbkj.common.response.CommonResult@8efcaf6]" }
                    
{
                    "app": "Crmeb",
                    "timestamp":"2025-09-23 18:51:29.776",
                    "level": "DEBUG",
                    "thread": "http-nio-8081-exec-4",
                    "class": "o.s.web.servlet.DispatcherServlet",
                    "message": "Completed 200 OK" }
                    
{
                    "app": "Crmeb",
                    "timestamp":"2025-09-23 18:51:29.779",
                    "level": "DEBUG",
                    "thread": "http-nio-8081-exec-5",
                    "class": "o.s.web.servlet.DispatcherServlet",
                    "message": "Completed 200 OK" }
                    
{
                    "app": "Crmeb",
                    "timestamp":"2025-09-23 18:51:29.788",
                    "level": "DEBUG",
                    "thread": "http-nio-8081-exec-6",
                    "class": "o.s.web.servlet.DispatcherServlet",
                    "message": "GET "/api/front/activity/index/list", parameters={}" }
                    
{
                    "app": "Crmeb",
                    "timestamp":"2025-09-23 18:51:29.788",
                    "level": "DEBUG",
                    "thread": "http-nio-8081-exec-6",
                    "class": "o.s.w.s.m.m.a.RequestMappingHandlerMapping",
                    "message": "Mapped to com.zbkj.front.controller.ActivityController#getIndexList()" }
                    
{
                    "app": "Crmeb",
                    "timestamp":"2025-09-23 18:51:29.816",
                    "level": "DEBUG",
                    "thread": "http-nio-8081-exec-6",
                    "class": "o.s.w.s.m.m.a.RequestResponseBodyMethodProcessor",
                    "message": "Using 'application/json', given [application/json, text/plain, */*] and supported [application/json, application/*+json, application/json, application/*+json]" }
                    
{
                    "app": "Crmeb",
                    "timestamp":"2025-09-23 18:51:29.816",
                    "level": "DEBUG",
                    "thread": "http-nio-8081-exec-6",
                    "class": "o.s.w.s.m.m.a.RequestResponseBodyMethodProcessor",
                    "message": "Writing [com.zbkj.common.response.CommonResult@42e34210]" }
                    
{
                    "app": "Crmeb",
                    "timestamp":"2025-09-23 18:51:29.817",
                    "level": "DEBUG",
                    "thread": "http-nio-8081-exec-6",
                    "class": "o.s.web.servlet.DispatcherServlet",
                    "message": "Completed 200 OK" }
                    
{
                    "app": "Crmeb",
                    "timestamp":"2025-09-23 18:51:29.833",
                    "level": "DEBUG",
                    "thread": "http-nio-8081-exec-11",
                    "class": "o.s.web.servlet.DispatcherServlet",
                    "message": "GET "/api/front/user/menu/user", parameters={}" }
                    
{
                    "app": "Crmeb",
                    "timestamp":"2025-09-23 18:51:29.833",
                    "level": "DEBUG",
                    "thread": "http-nio-8081-exec-7",
                    "class": "o.s.web.servlet.DispatcherServlet",
                    "message": "GET "/api/front/cart/count?numType=true&type=total", parameters={masked}" }
                    
{
                    "app": "Crmeb",
                    "timestamp":"2025-09-23 18:51:29.834",
                    "level": "DEBUG",
                    "thread": "http-nio-8081-exec-11",
                    "class": "o.s.w.s.m.m.a.RequestMappingHandlerMapping",
                    "message": "Mapped to com.zbkj.front.controller.UserController#getMenuUser()" }
                    
{
                    "app": "Crmeb",
                    "timestamp":"2025-09-23 18:51:29.834",
                    "level": "DEBUG",
                    "thread": "http-nio-8081-exec-7",
                    "class": "o.s.w.s.m.m.a.RequestMappingHandlerMapping",
                    "message": "Mapped to com.zbkj.front.controller.CartController#count(CartNumRequest)" }
                    
{
                    "app": "Crmeb",
                    "timestamp":"2025-09-23 18:51:29.845",
                    "level": "DEBUG",
                    "thread": "http-nio-8081-exec-7",
                    "class": "o.s.w.s.m.m.a.RequestResponseBodyMethodProcessor",
                    "message": "Using 'application/json', given [application/json, text/plain, */*] and supported [application/json, application/*+json, application/json, application/*+json]" }
                    
{
                    "app": "Crmeb",
                    "timestamp":"2025-09-23 18:51:29.847",
                    "level": "DEBUG",
                    "thread": "http-nio-8081-exec-7",
                    "class": "o.s.w.s.m.m.a.RequestResponseBodyMethodProcessor",
                    "message": "Writing [com.zbkj.common.response.CommonResult@10d38559]" }
                    
{
                    "app": "Crmeb",
                    "timestamp":"2025-09-23 18:51:29.848",
                    "level": "DEBUG",
                    "thread": "http-nio-8081-exec-7",
                    "class": "o.s.web.servlet.DispatcherServlet",
                    "message": "Completed 200 OK" }
                    
{
                    "app": "Crmeb",
                    "timestamp":"2025-09-23 18:51:29.865",
                    "level": "DEBUG",
                    "thread": "http-nio-8081-exec-11",
                    "class": "o.s.w.s.m.m.a.RequestResponseBodyMethodProcessor",
                    "message": "Using 'application/json', given [application/json, text/plain, */*] and supported [application/json, application/*+json, application/json, application/*+json]" }
                    
{
                    "app": "Crmeb",
                    "timestamp":"2025-09-23 18:51:29.865",
                    "level": "DEBUG",
                    "thread": "http-nio-8081-exec-11",
                    "class": "o.s.w.s.m.m.a.RequestResponseBodyMethodProcessor",
                    "message": "Writing [com.zbkj.common.response.CommonResult@16fd1f5e]" }
                    
{
                    "app": "Crmeb",
                    "timestamp":"2025-09-23 18:51:29.866",
                    "level": "DEBUG",
                    "thread": "http-nio-8081-exec-11",
                    "class": "o.s.web.servlet.DispatcherServlet",
                    "message": "Completed 200 OK" }
                    
{
                    "app": "Crmeb",
                    "timestamp":"2025-09-23 18:51:29.881",
                    "level": "DEBUG",
                    "thread": "http-nio-8081-exec-14",
                    "class": "o.s.web.servlet.DispatcherServlet",
                    "message": "GET "/api/front/index/product?page=1&limit=13", parameters={masked}" }
                    
{
                    "app": "Crmeb",
                    "timestamp":"2025-09-23 18:51:29.882",
                    "level": "DEBUG",
                    "thread": "http-nio-8081-exec-14",
                    "class": "o.s.w.s.m.m.a.RequestMappingHandlerMapping",
                    "message": "Mapped to com.zbkj.front.controller.IndexController#getProductList(PageParamRequest)" }
                    
{
                    "app": "Crmeb",
                    "timestamp":"2025-09-23 18:51:29.893",
                    "level": "DEBUG",
                    "thread": "http-nio-8081-exec-14",
                    "class": "o.s.w.s.m.m.a.RequestResponseBodyMethodProcessor",
                    "message": "Using 'application/json', given [application/json, text/plain, */*] and supported [application/json, application/*+json, application/json, application/*+json]" }
                    
{
                    "app": "Crmeb",
                    "timestamp":"2025-09-23 18:51:29.893",
                    "level": "DEBUG",
                    "thread": "http-nio-8081-exec-14",
                    "class": "o.s.w.s.m.m.a.RequestResponseBodyMethodProcessor",
                    "message": "Writing [com.zbkj.common.response.CommonResult@f73f97c]" }
                    
{
                    "app": "Crmeb",
                    "timestamp":"2025-09-23 18:51:29.894",
                    "level": "DEBUG",
                    "thread": "http-nio-8081-exec-14",
                    "class": "o.s.web.servlet.DispatcherServlet",
                    "message": "Completed 200 OK" }
                    
